[10.10.2026 18:16:21,42] START APIShared
[10.10.2026 18:16:21,42] PowerShell checks / build step
[Build] APIShared: checking toolchain and installed game references...
[Build] Validating runtime, XAML, native hooks and real interop contracts...
PASS: generic dependency declarations, arbitrary GUIDs, constants, presence-only and optional dependencies; 6 malformed fixtures rejected.
PASS: APIShared has no executable-memory toggles or published transaction teardown.
PASS: documentation links (133 local targets/anchors); no external workspace references.
GameUnit.r_AliveState type=SHCDESE.Interop.Enums.AliveState offset=0x88 width=2 stride=1168
GameUnit.r_IsKilledByProjectile type=System.UInt16 offset=0x29C width=2 stride=1168
GameUnit computedSize=1168 declaredSize=1168 pack=1
GameTribe.r_AliveState type=SHCDESE.Interop.Enums.AliveState offset=0x16 width=2 stride=1672
GameTribe computedSize=1672 declaredSize=1672 pack=1
GameCursorManager computedSize=1152 declaredSize=0 pack=1
Installed interop fields, widths and sequential offsets audited.
Public installed HUD contract: CrusaderDE.MainViewModel CrusaderDE.MainViewModel::get_Instance()
Public installed HUD contract: System.Boolean CrusaderDE.MainViewModel::get_Show_HUD_Extras()
Public installed HUD contract: System.Boolean CrusaderDE.MainViewModel::get_Show_HUD_Extras_Button_Objectves()
Public installed HUD contract: System.Boolean CrusaderDE.MainViewModel::get_Show_HUD_Extras_Button_Freebuild()
Public installed HUD contract: System.Void CrusaderDE.MainViewModel::add_PropertyChanged(System.ComponentModel.PropertyChangedEventHandler)
Public installed HUD contract: System.Void CrusaderDE.MainViewModel::remove_PropertyChanged(System.ComponentModel.PropertyChangedEventHandler)
Public installed HUD contract: System.Void CrusaderDE.PropEx::SetSprite1(Noesis.UIElement,System.Object)
Public installed HUD contract: System.Void CrusaderDE.PropEx::SetSprite2(Noesis.UIElement,System.Object)
Public installed HUD contract: System.Void CrusaderDE.PropEx::SetSprite3(Noesis.UIElement,System.Object)
Public installed HUD contract: System.Void CrusaderDE.PropEx::SetSprite4(Noesis.UIElement,System.Object)
Public installed HUD contract: Noesis.FrameworkElement SHCDESE.API.GameXAMLManagerAPI::FindGlobalElement(System.String)
Public installed HUD contract: SHCDESE.API.GameXAMLManagerAPI SHCDESE.API.GameXAMLManagerAPI::get_Instance()
PASS: side-HUD accesses use installed public managed members; no native or publicized contract is required.
Installed interception: System.Int32 EngineInterface::GameAction(Enums/GameActionCommand,System.Int32,System.Int32,System.Int32); public=True
Installed interception: System.Void FatControler::NoesisGUIUpdateChecksInGame(); public=True
Installed interception: System.Void FatControler::ExitApp(); public=True
Installed interception: System.Void CrusaderDE.HUD_Main::UpdateRollover(); public=True
Installed interception: System.Void CrusaderDE.MainViewModel::ButtonEnterCreateTroop(System.Object); public=True
Installed interception: System.Void CrusaderDE.MainViewModel::ButtonLeaveCreateTroop(System.Object); public=False
Installed interception: System.Void CrusaderDE.MainViewModel::ButtonTroopPanelMouseEnter(System.Object); public=False
Installed interception: System.Void CrusaderDE.MainViewModel::ButtonTroopPanelMouseLeave(System.Object); public=False
Installed interception: System.Void CrusaderDE.MainViewModel::ButtonUnitRechargeRock(System.Object); public=False
PASS: all 9 managed interception signatures match the real installed game assembly.
PASS public method: Platform_Multiplayer Platform_Multiplayer::get_Instance()
PASS public field: Platform_Multiplayer.activeLobby : Platform_Multiplayer/MPLobby
PASS public field: Platform_Multiplayer/MPLobby.members : System.Collections.Generic.List`1<Platform_Multiplayer/MPLobbyMember>
PASS public field: Platform_Multiplayer/MPData.packetType : System.Int16
PASS public field: Platform_Multiplayer/MPData.dataLength : System.Int32
PASS public field: Platform_Multiplayer/MPData.dataOffset : System.Int32
PASS public field: Platform_Multiplayer/MPData.data : System.Byte[]
PASS public method: System.Byte[] Platform_Multiplayer/MPData::ToBytes()
PASS public method: System.Void Platform_Multiplayer/MPData::.ctor()
PASS public field: Platform_Multiplayer/MPLobbyMember.id : Steamworks.CSteamID
PASS public field: Platform_Multiplayer/MPLobbyMember.SkirmishMember : System.Boolean
PASS public field: Platform_Multiplayer/MPLobbyMember.dummyToBeKicked : System.Boolean
PASS public method: System.Boolean Platform_Multiplayer/MPLobbyMember::IsSelf()
PASS public method: System.Void SHCDESE.API.GameNetworkAPI::SendPacketToAllEx2(T,System.Int16,System.Boolean,System.Boolean)
PASS public method: System.Void SHCDESE.API.GameNetworkAPI::SendPacketToAllEx(Platform_Multiplayer/MPData,System.Boolean)
PASS public method: System.Void SHCDESE.API.GameNetworkAPI::SendPacketToPlayerIdEx(System.Int32,Platform_Multiplayer/MPData)
PASS public method: System.Byte[] SHCDESE.API.GameNetworkAPI::Serialize(T)
PASS public method: T SHCDESE.API.GameNetworkAPI::Deserialize(System.Byte[])
PASS public method: SHCDESE.EventAPI.R3PacketEventHook`1<T> SHCDESE.API.GameNetworkAPI::GetPacketEventFor()
PASS public method: System.Boolean SHCDESE.API.GameNetworkAPI::IsNetworkedEnvironment()
PASS public field: SHCDESE.GameGlobals.GameGlobalsManager.ChoreManagerVA : System.UInt64
PASS: networking accesses checked against real installed game/Extender visibility and signatures.
PASS: standalone APIShared boundaries (64 links), runtime JSON/lifecycle/scheduling and XAML; installed interop is checked in the local full run.
[Build] Running dotnet: test
  Wiederherzustellende Projekte werden ermittelt...
  Alle Projekte sind für die Wiederherstellung auf dem neuesten Stand.
  Core.Tests -> D:\CDesktopLink\Unterlagen\Mods\Stronghold Crusader DE\Meine Mods\APIShared\tests\Core.Tests\bin\Release\net10.0\Core.Tests.dll
Testlauf für "D:\CDesktopLink\Unterlagen\Mods\Stronghold Crusader DE\Meine Mods\APIShared\tests\Core.Tests\bin\Release\net10.0\Core.Tests.dll" (.NETCoreApp,Version=v10.0)
Insgesamt 1 Testdateien stimmten mit dem angegebenen Muster überein.
Ergebnisdatei: D:\CDesktopLink\Unterlagen\Mods\Stronghold Crusader DE\Meine Mods\APIShared\.local\test-results\Serpens66_PC-SERPW11_2026-10-10_18_16_24_net10.0.trx

Bestanden!   : Fehler:     0, erfolgreich:   102, übersprungen:     0, gesamt:   102, Dauer: 122 ms - Core.Tests.dll (net10.0)
[Build] Running dotnet: test
  Wiederherzustellende Projekte werden ermittelt...
  Alle Projekte sind für die Wiederherstellung auf dem neuesten Stand.
C:\Program Files\dotnet\sdk\10.0.303\Microsoft.Common.CurrentVersion.targets(2453,5): warning MSB3277: Es wurden Konflikte zwischen verschiedenen Versionen von "Mono.Cecil" gefunden, die nicht aufgelöst werden konnten. [D:\CDesktopLink\Unterlagen\Mods\Stronghold Crusader DE\Meine Mods\APIShared\APIShared.csproj]
C:\Program Files\dotnet\sdk\10.0.303\Microsoft.Common.CurrentVersion.targets(2453,5): warning MSB3277: Konflikt zwischen Mono.Cecil, Version=0.10.4.0, Culture=neutral, PublicKeyToken=50cebf1cceb9d05e und Mono.Cecil, Version=0.11.4.0, Culture=neutral, PublicKeyToken=50cebf1cceb9d05e. [D:\CDesktopLink\Unterlagen\Mods\Stronghold Crusader DE\Meine Mods\APIShared\APIShared.csproj]
C:\Program Files\dotnet\sdk\10.0.303\Microsoft.Common.CurrentVersion.targets(2453,5): warning MSB3277:     Mono.Cecil, Version=0.10.4.0, Culture=neutral, PublicKeyToken=50cebf1cceb9d05e wurde aufgrund der primären Eigenschaft Mono.Cecil, Version=0.11.4.0, Culture=neutral, PublicKeyToken=50cebf1cceb9d05e vorgezogen. [D:\CDesktopLink\Unterlagen\Mods\Stronghold Crusader DE\Meine Mods\APIShared\APIShared.csproj]
C:\Program Files\dotnet\sdk\10.0.303\Microsoft.Common.CurrentVersion.targets(2453,5): warning MSB3277:     Verweise, die von "Mono.Cecil, Version=0.10.4.0, Culture=neutral, PublicKeyToken=50cebf1cceb9d05e" abhängig sind [E:\ProgrammeE\Steam\steamapps\common\Stronghold Crusader Definitive Edition\BepInEx\core\Mono.Cecil.dll]. [D:\CDesktopLink\Unterlagen\Mods\Stronghold Crusader DE\Meine Mods\APIShared\APIShared.csproj]
C:\Program Files\dotnet\sdk\10.0.303\Microsoft.Common.CurrentVersion.targets(2453,5): warning MSB3277:         E:\ProgrammeE\Steam\steamapps\common\Stronghold Crusader Definitive Edition\BepInEx\core\Mono.Cecil.dll [D:\CDesktopLink\Unterlagen\Mods\Stronghold Crusader DE\Meine Mods\APIShared\APIShared.csproj]
C:\Program Files\dotnet\sdk\10.0.303\Microsoft.Common.CurrentVersion.targets(2453,5): warning MSB3277:           Elementincludes einer Projektdatei, die den Verweis "E:\ProgrammeE\Steam\steamapps\common\Stronghold Crusader Definitive Edition\BepInEx\core\Mono.Cecil.dll" verursacht haben. [D:\CDesktopLink\Unterlagen\Mods\Stronghold Crusader DE\Meine Mods\APIShared\APIShared.csproj]
C:\Program Files\dotnet\sdk\10.0.303\Microsoft.Common.CurrentVersion.targets(2453,5): warning MSB3277:             Mono.Cecil [D:\CDesktopLink\Unterlagen\Mods\Stronghold Crusader DE\Meine Mods\APIShared\APIShared.csproj]
C:\Program Files\dotnet\sdk\10.0.303\Microsoft.Common.CurrentVersion.targets(2453,5): warning MSB3277:     Verweise, die von „Mono.Cecil, Version=0.11.4.0, Culture=neutral, PublicKeyToken=50cebf1cceb9d05e“ [] abhängen oder damit vereint wurden. [D:\CDesktopLink\Unterlagen\Mods\Stronghold Crusader DE\Meine Mods\APIShared\APIShared.csproj]
C:\Program Files\dotnet\sdk\10.0.303\Microsoft.Common.CurrentVersion.targets(2453,5): warning MSB3277:         E:\ProgrammeE\Steam\steamapps\common\Stronghold Crusader Definitive Edition\BepInEx\core\BepInEx.dll [D:\CDesktopLink\Unterlagen\Mods\Stronghold Crusader DE\Meine Mods\APIShared\APIShared.csproj]
C:\Program Files\dotnet\sdk\10.0.303\Microsoft.Common.CurrentVersion.targets(2453,5): warning MSB3277:           Elementincludes einer Projektdatei, die den Verweis "E:\ProgrammeE\Steam\steamapps\common\Stronghold Crusader Definitive Edition\BepInEx\core\BepInEx.dll" verursacht haben. [D:\CDesktopLink\Unterlagen\Mods\Stronghold Crusader DE\Meine Mods\APIShared\APIShared.csproj]
C:\Program Files\dotnet\sdk\10.0.303\Microsoft.Common.CurrentVersion.targets(2453,5): warning MSB3277:             BepInEx [D:\CDesktopLink\Unterlagen\Mods\Stronghold Crusader DE\Meine Mods\APIShared\APIShared.csproj]
C:\Program Files\dotnet\sdk\10.0.303\Microsoft.Common.CurrentVersion.targets(2453,5): warning MSB3277:         E:\ProgrammeE\Steam\steamapps\common\Stronghold Crusader Definitive Edition\BepInEx\core\0Harmony.dll [D:\CDesktopLink\Unterlagen\Mods\Stronghold Crusader DE\Meine Mods\APIShared\APIShared.csproj]
C:\Program Files\dotnet\sdk\10.0.303\Microsoft.Common.CurrentVersion.targets(2453,5): warning MSB3277:           Elementincludes einer Projektdatei, die den Verweis "E:\ProgrammeE\Steam\steamapps\common\Stronghold Crusader Definitive Edition\BepInEx\core\0Harmony.dll" verursacht haben. [D:\CDesktopLink\Unterlagen\Mods\Stronghold Crusader DE\Meine Mods\APIShared\APIShared.csproj]
C:\Program Files\dotnet\sdk\10.0.303\Microsoft.Common.CurrentVersion.targets(2453,5): warning MSB3277:             0Harmony [D:\CDesktopLink\Unterlagen\Mods\Stronghold Crusader DE\Meine Mods\APIShared\APIShared.csproj]
C:\Program Files\dotnet\sdk\10.0.303\Microsoft.Common.CurrentVersion.targets(2453,5): warning MSB3277:             BepInEx [D:\CDesktopLink\Unterlagen\Mods\Stronghold Crusader DE\Meine Mods\APIShared\APIShared.csproj]
C:\Program Files\dotnet\sdk\10.0.303\Microsoft.Common.CurrentVersion.targets(2453,5): warning MSB3277:         E:\ProgrammeE\Steam\steamapps\common\Stronghold Crusader Definitive Edition\BepInEx\core\MonoMod.Utils.dll [D:\CDesktopLink\Unterlagen\Mods\Stronghold Crusader DE\Meine Mods\APIShared\APIShared.csproj]
C:\Program Files\dotnet\sdk\10.0.303\Microsoft.Common.CurrentVersion.targets(2453,5): warning MSB3277:           Elementincludes einer Projektdatei, die den Verweis "E:\ProgrammeE\Steam\steamapps\common\Stronghold Crusader Definitive Edition\BepInEx\core\MonoMod.Utils.dll" verursacht haben. [D:\CDesktopLink\Unterlagen\Mods\Stronghold Crusader DE\Meine Mods\APIShared\APIShared.csproj]
C:\Program Files\dotnet\sdk\10.0.303\Microsoft.Common.CurrentVersion.targets(2453,5): warning MSB3277:             MonoMod.Utils [D:\CDesktopLink\Unterlagen\Mods\Stronghold Crusader DE\Meine Mods\APIShared\APIShared.csproj]
C:\Program Files\dotnet\sdk\10.0.303\Microsoft.Common.CurrentVersion.targets(2453,5): warning MSB3277:             BepInEx [D:\CDesktopLink\Unterlagen\Mods\Stronghold Crusader DE\Meine Mods\APIShared\APIShared.csproj]
C:\Program Files\dotnet\sdk\10.0.303\Microsoft.Common.CurrentVersion.targets(2453,5): warning MSB3277:             0Harmony [D:\CDesktopLink\Unterlagen\Mods\Stronghold Crusader DE\Meine Mods\APIShared\APIShared.csproj]
C:\Program Files\dotnet\sdk\10.0.303\Microsoft.Common.CurrentVersion.targets(2453,5): warning MSB3277:             MonoMod.RuntimeDetour [D:\CDesktopLink\Unterlagen\Mods\Stronghold Crusader DE\Meine Mods\APIShared\APIShared.csproj]
C:\Program Files\dotnet\sdk\10.0.303\Microsoft.Common.CurrentVersion.targets(2453,5): warning MSB3277:         E:\ProgrammeE\Steam\steamapps\common\Stronghold Crusader Definitive Edition\BepInEx\core\MonoMod.RuntimeDetour.dll [D:\CDesktopLink\Unterlagen\Mods\Stronghold Crusader DE\Meine Mods\APIShared\APIShared.csproj]
C:\Program Files\dotnet\sdk\10.0.303\Microsoft.Common.CurrentVersion.targets(2453,5): warning MSB3277:           Elementincludes einer Projektdatei, die den Verweis "E:\ProgrammeE\Steam\steamapps\common\Stronghold Crusader Definitive Edition\BepInEx\core\MonoMod.RuntimeDetour.dll" verursacht haben. [D:\CDesktopLink\Unterlagen\Mods\Stronghold Crusader DE\Meine Mods\APIShared\APIShared.csproj]
C:\Program Files\dotnet\sdk\10.0.303\Microsoft.Common.CurrentVersion.targets(2453,5): warning MSB3277:             MonoMod.RuntimeDetour [D:\CDesktopLink\Unterlagen\Mods\Stronghold Crusader DE\Meine Mods\APIShared\APIShared.csproj]
C:\Program Files\dotnet\sdk\10.0.303\Microsoft.Common.CurrentVersion.targets(2453,5): warning MSB3277:             0Harmony [D:\CDesktopLink\Unterlagen\Mods\Stronghold Crusader DE\Meine Mods\APIShared\APIShared.csproj]
C:\Program Files\dotnet\sdk\10.0.303\Microsoft.Common.CurrentVersion.targets(2453,5): warning MSB3277:             BepInEx [D:\CDesktopLink\Unterlagen\Mods\Stronghold Crusader DE\Meine Mods\APIShared\APIShared.csproj]
C:\Program Files\dotnet\sdk\10.0.303\Microsoft.Common.CurrentVersion.targets(2453,5): warning MSB3277:         E:\ProgrammeE\Steam\steamapps\common\Stronghold Crusader Definitive Edition\BepInEx\plugins\000shcdese\SHCDESE.dll [D:\CDesktopLink\Unterlagen\Mods\Stronghold Crusader DE\Meine Mods\APIShared\APIShared.csproj]
C:\Program Files\dotnet\sdk\10.0.303\Microsoft.Common.CurrentVersion.targets(2453,5): warning MSB3277:           Elementincludes einer Projektdatei, die den Verweis "E:\ProgrammeE\Steam\steamapps\common\Stronghold Crusader Definitive Edition\BepInEx\plugins\000shcdese\SHCDESE.dll" verursacht haben. [D:\CDesktopLink\Unterlagen\Mods\Stronghold Crusader DE\Meine Mods\APIShared\APIShared.csproj]
C:\Program Files\dotnet\sdk\10.0.303\Microsoft.Common.CurrentVersion.targets(2453,5): warning MSB3277:             SHCDESE [D:\CDesktopLink\Unterlagen\Mods\Stronghold Crusader DE\Meine Mods\APIShared\APIShared.csproj]
  APIShared -> D:\CDesktopLink\Unterlagen\Mods\Stronghold Crusader DE\Meine Mods\APIShared\BepInEx\plugins\APIShared_Serp\APIShared.dll
C:\Program Files\dotnet\sdk\10.0.303\Microsoft.Common.CurrentVersion.targets(2453,5): warning MSB3277: Es wurden Konflikte zwischen verschiedenen Versionen von "Mono.Cecil" gefunden, die nicht aufgelöst werden konnten. [D:\CDesktopLink\Unterlagen\Mods\Stronghold Crusader DE\Meine Mods\APIShared\tests\APISharedTests\APISharedTests.csproj]
C:\Program Files\dotnet\sdk\10.0.303\Microsoft.Common.CurrentVersion.targets(2453,5): warning MSB3277: Konflikt zwischen Mono.Cecil, Version=0.10.4.0, Culture=neutral, PublicKeyToken=50cebf1cceb9d05e und Mono.Cecil, Version=0.11.4.0, Culture=neutral, PublicKeyToken=50cebf1cceb9d05e. [D:\CDesktopLink\Unterlagen\Mods\Stronghold Crusader DE\Meine Mods\APIShared\tests\APISharedTests\APISharedTests.csproj]
C:\Program Files\dotnet\sdk\10.0.303\Microsoft.Common.CurrentVersion.targets(2453,5): warning MSB3277:     Mono.Cecil, Version=0.10.4.0, Culture=neutral, PublicKeyToken=50cebf1cceb9d05e wurde aufgrund der primären Eigenschaft Mono.Cecil, Version=0.11.4.0, Culture=neutral, PublicKeyToken=50cebf1cceb9d05e vorgezogen. [D:\CDesktopLink\Unterlagen\Mods\Stronghold Crusader DE\Meine Mods\APIShared\tests\APISharedTests\APISharedTests.csproj]
C:\Program Files\dotnet\sdk\10.0.303\Microsoft.Common.CurrentVersion.targets(2453,5): warning MSB3277:     Verweise, die von "Mono.Cecil, Version=0.10.4.0, Culture=neutral, PublicKeyToken=50cebf1cceb9d05e" abhängig sind [E:\ProgrammeE\Steam\steamapps\common\Stronghold Crusader Definitive Edition\BepInEx\core\Mono.Cecil.dll]. [D:\CDesktopLink\Unterlagen\Mods\Stronghold Crusader DE\Meine Mods\APIShared\tests\APISharedTests\APISharedTests.csproj]
C:\Program Files\dotnet\sdk\10.0.303\Microsoft.Common.CurrentVersion.targets(2453,5): warning MSB3277:         E:\ProgrammeE\Steam\steamapps\common\Stronghold Crusader Definitive Edition\BepInEx\core\Mono.Cecil.dll [D:\CDesktopLink\Unterlagen\Mods\Stronghold Crusader DE\Meine Mods\APIShared\tests\APISharedTests\APISharedTests.csproj]
C:\Program Files\dotnet\sdk\10.0.303\Microsoft.Common.CurrentVersion.targets(2453,5): warning MSB3277:           Elementincludes einer Projektdatei, die den Verweis "E:\ProgrammeE\Steam\steamapps\common\Stronghold Crusader Definitive Edition\BepInEx\core\Mono.Cecil.dll" verursacht haben. [D:\CDesktopLink\Unterlagen\Mods\Stronghold Crusader DE\Meine Mods\APIShared\tests\APISharedTests\APISharedTests.csproj]
C:\Program Files\dotnet\sdk\10.0.303\Microsoft.Common.CurrentVersion.targets(2453,5): warning MSB3277:             Mono.Cecil [D:\CDesktopLink\Unterlagen\Mods\Stronghold Crusader DE\Meine Mods\APIShared\tests\APISharedTests\APISharedTests.csproj]
C:\Program Files\dotnet\sdk\10.0.303\Microsoft.Common.CurrentVersion.targets(2453,5): warning MSB3277:     Verweise, die von „Mono.Cecil, Version=0.11.4.0, Culture=neutral, PublicKeyToken=50cebf1cceb9d05e“ [] abhängen oder damit vereint wurden. [D:\CDesktopLink\Unterlagen\Mods\Stronghold Crusader DE\Meine Mods\APIShared\tests\APISharedTests\APISharedTests.csproj]
C:\Program Files\dotnet\sdk\10.0.303\Microsoft.Common.CurrentVersion.targets(2453,5): warning MSB3277:         D:\CDesktopLink\Unterlagen\Mods\Stronghold Crusader DE\Meine Mods\APIShared\BepInEx\plugins\APIShared_Serp\APIShared.dll [D:\CDesktopLink\Unterlagen\Mods\Stronghold Crusader DE\Meine Mods\APIShared\tests\APISharedTests\APISharedTests.csproj]
C:\Program Files\dotnet\sdk\10.0.303\Microsoft.Common.CurrentVersion.targets(2453,5): warning MSB3277:           Elementincludes einer Projektdatei, die den Verweis "D:\CDesktopLink\Unterlagen\Mods\Stronghold Crusader DE\Meine Mods\APIShared\BepInEx\plugins\APIShared_Serp\APIShared.dll" verursacht haben. [D:\CDesktopLink\Unterlagen\Mods\Stronghold Crusader DE\Meine Mods\APIShared\tests\APISharedTests\APISharedTests.csproj]
C:\Program Files\dotnet\sdk\10.0.303\Microsoft.Common.CurrentVersion.targets(2453,5): warning MSB3277:             D:\CDesktopLink\Unterlagen\Mods\Stronghold Crusader DE\Meine Mods\APIShared\BepInEx\plugins\APIShared_Serp\APIShared.dll [D:\CDesktopLink\Unterlagen\Mods\Stronghold Crusader DE\Meine Mods\APIShared\tests\APISharedTests\APISharedTests.csproj]
C:\Program Files\dotnet\sdk\10.0.303\Microsoft.Common.CurrentVersion.targets(2453,5): warning MSB3277:         E:\ProgrammeE\Steam\steamapps\common\Stronghold Crusader Definitive Edition\BepInEx\core\BepInEx.dll [D:\CDesktopLink\Unterlagen\Mods\Stronghold Crusader DE\Meine Mods\APIShared\tests\APISharedTests\APISharedTests.csproj]
C:\Program Files\dotnet\sdk\10.0.303\Microsoft.Common.CurrentVersion.targets(2453,5): warning MSB3277:           Elementincludes einer Projektdatei, die den Verweis "E:\ProgrammeE\Steam\steamapps\common\Stronghold Crusader Definitive Edition\BepInEx\core\BepInEx.dll" verursacht haben. [D:\CDesktopLink\Unterlagen\Mods\Stronghold Crusader DE\Meine Mods\APIShared\tests\APISharedTests\APISharedTests.csproj]
C:\Program Files\dotnet\sdk\10.0.303\Microsoft.Common.CurrentVersion.targets(2453,5): warning MSB3277:             BepInEx [D:\CDesktopLink\Unterlagen\Mods\Stronghold Crusader DE\Meine Mods\APIShared\tests\APISharedTests\APISharedTests.csproj]
C:\Program Files\dotnet\sdk\10.0.303\Microsoft.Common.CurrentVersion.targets(2453,5): warning MSB3277:             D:\CDesktopLink\Unterlagen\Mods\Stronghold Crusader DE\Meine Mods\APIShared\BepInEx\plugins\APIShared_Serp\APIShared.dll [D:\CDesktopLink\Unterlagen\Mods\Stronghold Crusader DE\Meine Mods\APIShared\tests\APISharedTests\APISharedTests.csproj]
C:\Program Files\dotnet\sdk\10.0.303\Microsoft.Common.CurrentVersion.targets(2453,5): warning MSB3277:         E:\ProgrammeE\Steam\steamapps\common\Stronghold Crusader Definitive Edition\BepInEx\core\0Harmony.dll [D:\CDesktopLink\Unterlagen\Mods\Stronghold Crusader DE\Meine Mods\APIShared\tests\APISharedTests\APISharedTests.csproj]
C:\Program Files\dotnet\sdk\10.0.303\Microsoft.Common.CurrentVersion.targets(2453,5): warning MSB3277:           Elementincludes einer Projektdatei, die den Verweis "E:\ProgrammeE\Steam\steamapps\common\Stronghold Crusader Definitive Edition\BepInEx\core\0Harmony.dll" verursacht haben. [D:\CDesktopLink\Unterlagen\Mods\Stronghold Crusader DE\Meine Mods\APIShared\tests\APISharedTests\APISharedTests.csproj]
C:\Program Files\dotnet\sdk\10.0.303\Microsoft.Common.CurrentVersion.targets(2453,5): warning MSB3277:             0Harmony [D:\CDesktopLink\Unterlagen\Mods\Stronghold Crusader DE\Meine Mods\APIShared\tests\APISharedTests\APISharedTests.csproj]
C:\Program Files\dotnet\sdk\10.0.303\Microsoft.Common.CurrentVersion.targets(2453,5): warning MSB3277:             D:\CDesktopLink\Unterlagen\Mods\Stronghold Crusader DE\Meine Mods\APIShared\BepInEx\plugins\APIShared_Serp\APIShared.dll [D:\CDesktopLink\Unterlagen\Mods\Stronghold Crusader DE\Meine Mods\APIShared\tests\APISharedTests\APISharedTests.csproj]
C:\Program Files\dotnet\sdk\10.0.303\Microsoft.Common.CurrentVersion.targets(2453,5): warning MSB3277:             BepInEx [D:\CDesktopLink\Unterlagen\Mods\Stronghold Crusader DE\Meine Mods\APIShared\tests\APISharedTests\APISharedTests.csproj]
C:\Program Files\dotnet\sdk\10.0.303\Microsoft.Common.CurrentVersion.targets(2453,5): warning MSB3277:         E:\ProgrammeE\Steam\steamapps\common\Stronghold Crusader Definitive Edition\BepInEx\core\MonoMod.RuntimeDetour.dll [D:\CDesktopLink\Unterlagen\Mods\Stronghold Crusader DE\Meine Mods\APIShared\tests\APISharedTests\APISharedTests.csproj]
C:\Program Files\dotnet\sdk\10.0.303\Microsoft.Common.CurrentVersion.targets(2453,5): warning MSB3277:           Elementincludes einer Projektdatei, die den Verweis "E:\ProgrammeE\Steam\steamapps\common\Stronghold Crusader Definitive Edition\BepInEx\core\MonoMod.RuntimeDetour.dll" verursacht haben. [D:\CDesktopLink\Unterlagen\Mods\Stronghold Crusader DE\Meine Mods\APIShared\tests\APISharedTests\APISharedTests.csproj]
C:\Program Files\dotnet\sdk\10.0.303\Microsoft.Common.CurrentVersion.targets(2453,5): warning MSB3277:             MonoMod.RuntimeDetour [D:\CDesktopLink\Unterlagen\Mods\Stronghold Crusader DE\Meine Mods\APIShared\tests\APISharedTests\APISharedTests.csproj]
C:\Program Files\dotnet\sdk\10.0.303\Microsoft.Common.CurrentVersion.targets(2453,5): warning MSB3277:             D:\CDesktopLink\Unterlagen\Mods\Stronghold Crusader DE\Meine Mods\APIShared\BepInEx\plugins\APIShared_Serp\APIShared.dll [D:\CDesktopLink\Unterlagen\Mods\Stronghold Crusader DE\Meine Mods\APIShared\tests\APISharedTests\APISharedTests.csproj]
C:\Program Files\dotnet\sdk\10.0.303\Microsoft.Common.CurrentVersion.targets(2453,5): warning MSB3277:             0Harmony [D:\CDesktopLink\Unterlagen\Mods\Stronghold Crusader DE\Meine Mods\APIShared\tests\APISharedTests\APISharedTests.csproj]
C:\Program Files\dotnet\sdk\10.0.303\Microsoft.Common.CurrentVersion.targets(2453,5): warning MSB3277:             BepInEx [D:\CDesktopLink\Unterlagen\Mods\Stronghold Crusader DE\Meine Mods\APIShared\tests\APISharedTests\APISharedTests.csproj]
C:\Program Files\dotnet\sdk\10.0.303\Microsoft.Common.CurrentVersion.targets(2453,5): warning MSB3277:         E:\ProgrammeE\Steam\steamapps\common\Stronghold Crusader Definitive Edition\BepInEx\core\MonoMod.Utils.dll [D:\CDesktopLink\Unterlagen\Mods\Stronghold Crusader DE\Meine Mods\APIShared\tests\APISharedTests\APISharedTests.csproj]
C:\Program Files\dotnet\sdk\10.0.303\Microsoft.Common.CurrentVersion.targets(2453,5): warning MSB3277:           Elementincludes einer Projektdatei, die den Verweis "E:\ProgrammeE\Steam\steamapps\common\Stronghold Crusader Definitive Edition\BepInEx\core\MonoMod.Utils.dll" verursacht haben. [D:\CDesktopLink\Unterlagen\Mods\Stronghold Crusader DE\Meine Mods\APIShared\tests\APISharedTests\APISharedTests.csproj]
C:\Program Files\dotnet\sdk\10.0.303\Microsoft.Common.CurrentVersion.targets(2453,5): warning MSB3277:             MonoMod.Utils [D:\CDesktopLink\Unterlagen\Mods\Stronghold Crusader DE\Meine Mods\APIShared\tests\APISharedTests\APISharedTests.csproj]
C:\Program Files\dotnet\sdk\10.0.303\Microsoft.Common.CurrentVersion.targets(2453,5): warning MSB3277:             D:\CDesktopLink\Unterlagen\Mods\Stronghold Crusader DE\Meine Mods\APIShared\BepInEx\plugins\APIShared_Serp\APIShared.dll [D:\CDesktopLink\Unterlagen\Mods\Stronghold Crusader DE\Meine Mods\APIShared\tests\APISharedTests\APISharedTests.csproj]
C:\Program Files\dotnet\sdk\10.0.303\Microsoft.Common.CurrentVersion.targets(2453,5): warning MSB3277:             BepInEx [D:\CDesktopLink\Unterlagen\Mods\Stronghold Crusader DE\Meine Mods\APIShared\tests\APISharedTests\APISharedTests.csproj]
C:\Program Files\dotnet\sdk\10.0.303\Microsoft.Common.CurrentVersion.targets(2453,5): warning MSB3277:             0Harmony [D:\CDesktopLink\Unterlagen\Mods\Stronghold Crusader DE\Meine Mods\APIShared\tests\APISharedTests\APISharedTests.csproj]
C:\Program Files\dotnet\sdk\10.0.303\Microsoft.Common.CurrentVersion.targets(2453,5): warning MSB3277:             MonoMod.RuntimeDetour [D:\CDesktopLink\Unterlagen\Mods\Stronghold Crusader DE\Meine Mods\APIShared\tests\APISharedTests\APISharedTests.csproj]
C:\Program Files\dotnet\sdk\10.0.303\Microsoft.Common.CurrentVersion.targets(2453,5): warning MSB3277:         E:\ProgrammeE\Steam\steamapps\common\Stronghold Crusader Definitive Edition\BepInEx\plugins\000shcdese\SHCDESE.dll [D:\CDesktopLink\Unterlagen\Mods\Stronghold Crusader DE\Meine Mods\APIShared\tests\APISharedTests\APISharedTests.csproj]
C:\Program Files\dotnet\sdk\10.0.303\Microsoft.Common.CurrentVersion.targets(2453,5): warning MSB3277:           Elementincludes einer Projektdatei, die den Verweis "E:\ProgrammeE\Steam\steamapps\common\Stronghold Crusader Definitive Edition\BepInEx\plugins\000shcdese\SHCDESE.dll" verursacht haben. [D:\CDesktopLink\Unterlagen\Mods\Stronghold Crusader DE\Meine Mods\APIShared\tests\APISharedTests\APISharedTests.csproj]
C:\Program Files\dotnet\sdk\10.0.303\Microsoft.Common.CurrentVersion.targets(2453,5): warning MSB3277:             SHCDESE [D:\CDesktopLink\Unterlagen\Mods\Stronghold Crusader DE\Meine Mods\APIShared\tests\APISharedTests\APISharedTests.csproj]
C:\Program Files\dotnet\sdk\10.0.303\Microsoft.Common.CurrentVersion.targets(2453,5): warning MSB3277:             D:\CDesktopLink\Unterlagen\Mods\Stronghold Crusader DE\Meine Mods\APIShared\BepInEx\plugins\APIShared_Serp\APIShared.dll [D:\CDesktopLink\Unterlagen\Mods\Stronghold Crusader DE\Meine Mods\APIShared\tests\APISharedTests\APISharedTests.csproj]
C:\Program Files\dotnet\sdk\10.0.303\Microsoft.Common.CurrentVersion.targets(2453,5): warning MSB3277: Es wurden Konflikte zwischen verschiedenen Versionen von "System.Threading.Tasks.Extensions" gefunden, die nicht aufgelöst werden konnten. [D:\CDesktopLink\Unterlagen\Mods\Stronghold Crusader DE\Meine Mods\APIShared\tests\APISharedTests\APISharedTests.csproj]
C:\Program Files\dotnet\sdk\10.0.303\Microsoft.Common.CurrentVersion.targets(2453,5): warning MSB3277: Konflikt zwischen System.Threading.Tasks.Extensions, Version=4.2.0.1, Culture=neutral, PublicKeyToken=cc7b13ffcd2ddd51 und System.Threading.Tasks.Extensions, Version=4.2.4.0, Culture=neutral, PublicKeyToken=cc7b13ffcd2ddd51. [D:\CDesktopLink\Unterlagen\Mods\Stronghold Crusader DE\Meine Mods\APIShared\tests\APISharedTests\APISharedTests.csproj]
C:\Program Files\dotnet\sdk\10.0.303\Microsoft.Common.CurrentVersion.targets(2453,5): warning MSB3277:     System.Threading.Tasks.Extensions, Version=4.2.0.1, Culture=neutral, PublicKeyToken=cc7b13ffcd2ddd51 wurde aufgrund der primären Eigenschaft System.Threading.Tasks.Extensions, Version=4.2.4.0, Culture=neutral, PublicKeyToken=cc7b13ffcd2ddd51 vorgezogen. [D:\CDesktopLink\Unterlagen\Mods\Stronghold Crusader DE\Meine Mods\APIShared\tests\APISharedTests\APISharedTests.csproj]
C:\Program Files\dotnet\sdk\10.0.303\Microsoft.Common.CurrentVersion.targets(2453,5): warning MSB3277:     Verweise, die von "System.Threading.Tasks.Extensions, Version=4.2.0.1, Culture=neutral, PublicKeyToken=cc7b13ffcd2ddd51" abhängig sind [C:\Users\Serpens66\.nuget\packages\system.threading.tasks.extensions\4.5.4\lib\net461\System.Threading.Tasks.Extensions.dll]. [D:\CDesktopLink\Unterlagen\Mods\Stronghold Crusader DE\Meine Mods\APIShared\tests\APISharedTests\APISharedTests.csproj]
C:\Program Files\dotnet\sdk\10.0.303\Microsoft.Common.CurrentVersion.targets(2453,5): warning MSB3277:         C:\Users\Serpens66\.nuget\packages\system.threading.tasks.extensions\4.5.4\lib\net461\System.Threading.Tasks.Extensions.dll [D:\CDesktopLink\Unterlagen\Mods\Stronghold Crusader DE\Meine Mods\APIShared\tests\APISharedTests\APISharedTests.csproj]
C:\Program Files\dotnet\sdk\10.0.303\Microsoft.Common.CurrentVersion.targets(2453,5): warning MSB3277:           Elementincludes einer Projektdatei, die den Verweis "C:\Users\Serpens66\.nuget\packages\system.threading.tasks.extensions\4.5.4\lib\net461\System.Threading.Tasks.Extensions.dll" verursacht haben. [D:\CDesktopLink\Unterlagen\Mods\Stronghold Crusader DE\Meine Mods\APIShared\tests\APISharedTests\APISharedTests.csproj]
C:\Program Files\dotnet\sdk\10.0.303\Microsoft.Common.CurrentVersion.targets(2453,5): warning MSB3277:             C:\Users\Serpens66\.nuget\packages\system.threading.tasks.extensions\4.5.4\lib\net461\System.Threading.Tasks.Extensions.dll [D:\CDesktopLink\Unterlagen\Mods\Stronghold Crusader DE\Meine Mods\APIShared\tests\APISharedTests\APISharedTests.csproj]
C:\Program Files\dotnet\sdk\10.0.303\Microsoft.Common.CurrentVersion.targets(2453,5): warning MSB3277:     Verweise, die von „System.Threading.Tasks.Extensions, Version=4.2.4.0, Culture=neutral, PublicKeyToken=cc7b13ffcd2ddd51“ [] abhängen oder damit vereint wurden. [D:\CDesktopLink\Unterlagen\Mods\Stronghold Crusader DE\Meine Mods\APIShared\tests\APISharedTests\APISharedTests.csproj]
C:\Program Files\dotnet\sdk\10.0.303\Microsoft.Common.CurrentVersion.targets(2453,5): warning MSB3277:         E:\ProgrammeE\Steam\steamapps\common\Stronghold Crusader Definitive Edition\BepInEx\plugins\000shcdese\R3.dll [D:\CDesktopLink\Unterlagen\Mods\Stronghold Crusader DE\Meine Mods\APIShared\tests\APISharedTests\APISharedTests.csproj]
C:\Program Files\dotnet\sdk\10.0.303\Microsoft.Common.CurrentVersion.targets(2453,5): warning MSB3277:           Elementincludes einer Projektdatei, die den Verweis "E:\ProgrammeE\Steam\steamapps\common\Stronghold Crusader Definitive Edition\BepInEx\plugins\000shcdese\R3.dll" verursacht haben. [D:\CDesktopLink\Unterlagen\Mods\Stronghold Crusader DE\Meine Mods\APIShared\tests\APISharedTests\APISharedTests.csproj]
C:\Program Files\dotnet\sdk\10.0.303\Microsoft.Common.CurrentVersion.targets(2453,5): warning MSB3277:             R3 [D:\CDesktopLink\Unterlagen\Mods\Stronghold Crusader DE\Meine Mods\APIShared\tests\APISharedTests\APISharedTests.csproj]
C:\Program Files\dotnet\sdk\10.0.303\Microsoft.Common.CurrentVersion.targets(2453,5): warning MSB3277:             D:\CDesktopLink\Unterlagen\Mods\Stronghold Crusader DE\Meine Mods\APIShared\BepInEx\plugins\APIShared_Serp\APIShared.dll [D:\CDesktopLink\Unterlagen\Mods\Stronghold Crusader DE\Meine Mods\APIShared\tests\APISharedTests\APISharedTests.csproj]
C:\Program Files\dotnet\sdk\10.0.303\Microsoft.Common.CurrentVersion.targets(2453,5): warning MSB3277:             SHCDESE [D:\CDesktopLink\Unterlagen\Mods\Stronghold Crusader DE\Meine Mods\APIShared\tests\APISharedTests\APISharedTests.csproj]
C:\Program Files\dotnet\sdk\10.0.303\Microsoft.Common.CurrentVersion.targets(2453,5): warning MSB3277:         E:\ProgrammeE\Steam\steamapps\common\Stronghold Crusader Definitive Edition\BepInEx\plugins\000shcdese\MessagePack.dll [D:\CDesktopLink\Unterlagen\Mods\Stronghold Crusader DE\Meine Mods\APIShared\tests\APISharedTests\APISharedTests.csproj]
C:\Program Files\dotnet\sdk\10.0.303\Microsoft.Common.CurrentVersion.targets(2453,5): warning MSB3277:           Elementincludes einer Projektdatei, die den Verweis "E:\ProgrammeE\Steam\steamapps\common\Stronghold Crusader Definitive Edition\BepInEx\plugins\000shcdese\MessagePack.dll" verursacht haben. [D:\CDesktopLink\Unterlagen\Mods\Stronghold Crusader DE\Meine Mods\APIShared\tests\APISharedTests\APISharedTests.csproj]
C:\Program Files\dotnet\sdk\10.0.303\Microsoft.Common.CurrentVersion.targets(2453,5): warning MSB3277:             MessagePack [D:\CDesktopLink\Unterlagen\Mods\Stronghold Crusader DE\Meine Mods\APIShared\tests\APISharedTests\APISharedTests.csproj]
C:\Program Files\dotnet\sdk\10.0.303\Microsoft.Common.CurrentVersion.targets(2453,5): warning MSB3277:             D:\CDesktopLink\Unterlagen\Mods\Stronghold Crusader DE\Meine Mods\APIShared\BepInEx\plugins\APIShared_Serp\APIShared.dll [D:\CDesktopLink\Unterlagen\Mods\Stronghold Crusader DE\Meine Mods\APIShared\tests\APISharedTests\APISharedTests.csproj]
C:\Program Files\dotnet\sdk\10.0.303\Microsoft.Common.CurrentVersion.targets(2453,5): warning MSB3277:             SHCDESE [D:\CDesktopLink\Unterlagen\Mods\Stronghold Crusader DE\Meine Mods\APIShared\tests\APISharedTests\APISharedTests.csproj]
C:\Program Files\dotnet\sdk\10.0.303\Microsoft.Common.CurrentVersion.targets(2453,5): warning MSB3277:         C:\Users\Serpens66\.nuget\packages\mstest.testadapter\4.5.1\buildTransitive\net462\MSTestAdapter.PlatformServices.dll [D:\CDesktopLink\Unterlagen\Mods\Stronghold Crusader DE\Meine Mods\APIShared\tests\APISharedTests\APISharedTests.csproj]
C:\Program Files\dotnet\sdk\10.0.303\Microsoft.Common.CurrentVersion.targets(2453,5): warning MSB3277:           Elementincludes einer Projektdatei, die den Verweis "C:\Users\Serpens66\.nuget\packages\mstest.testadapter\4.5.1\buildTransitive\net462\MSTestAdapter.PlatformServices.dll" verursacht haben. [D:\CDesktopLink\Unterlagen\Mods\Stronghold Crusader DE\Meine Mods\APIShared\tests\APISharedTests\APISharedTests.csproj]
C:\Program Files\dotnet\sdk\10.0.303\Microsoft.Common.CurrentVersion.targets(2453,5): warning MSB3277:             MSTestAdapter.PlatformServices [D:\CDesktopLink\Unterlagen\Mods\Stronghold Crusader DE\Meine Mods\APIShared\tests\APISharedTests\APISharedTests.csproj]
C:\Program Files\dotnet\sdk\10.0.303\Microsoft.Common.CurrentVersion.targets(2453,5): warning MSB3277:             MSTest.TestAdapter [D:\CDesktopLink\Unterlagen\Mods\Stronghold Crusader DE\Meine Mods\APIShared\tests\APISharedTests\APISharedTests.csproj]
C:\Program Files\dotnet\sdk\10.0.303\Microsoft.Common.CurrentVersion.targets(2453,5): warning MSB3277:         E:\ProgrammeE\Steam\steamapps\common\Stronghold Crusader Definitive Edition\BepInEx\plugins\000shcdese\System.Threading.Channels.dll [D:\CDesktopLink\Unterlagen\Mods\Stronghold Crusader DE\Meine Mods\APIShared\tests\APISharedTests\APISharedTests.csproj]
C:\Program Files\dotnet\sdk\10.0.303\Microsoft.Common.CurrentVersion.targets(2453,5): warning MSB3277:           Elementincludes einer Projektdatei, die den Verweis "E:\ProgrammeE\Steam\steamapps\common\Stronghold Crusader Definitive Edition\BepInEx\plugins\000shcdese\System.Threading.Channels.dll" verursacht haben. [D:\CDesktopLink\Unterlagen\Mods\Stronghold Crusader DE\Meine Mods\APIShared\tests\APISharedTests\APISharedTests.csproj]
C:\Program Files\dotnet\sdk\10.0.303\Microsoft.Common.CurrentVersion.targets(2453,5): warning MSB3277:             R3 [D:\CDesktopLink\Unterlagen\Mods\Stronghold Crusader DE\Meine Mods\APIShared\tests\APISharedTests\APISharedTests.csproj]
C:\Program Files\dotnet\sdk\10.0.303\Microsoft.Common.CurrentVersion.targets(2453,5): warning MSB3277:             D:\CDesktopLink\Unterlagen\Mods\Stronghold Crusader DE\Meine Mods\APIShared\BepInEx\plugins\APIShared_Serp\APIShared.dll [D:\CDesktopLink\Unterlagen\Mods\Stronghold Crusader DE\Meine Mods\APIShared\tests\APISharedTests\APISharedTests.csproj]
C:\Program Files\dotnet\sdk\10.0.303\Microsoft.Common.CurrentVersion.targets(2453,5): warning MSB3277:             SHCDESE [D:\CDesktopLink\Unterlagen\Mods\Stronghold Crusader DE\Meine Mods\APIShared\tests\APISharedTests\APISharedTests.csproj]
C:\Program Files\dotnet\sdk\10.0.303\Microsoft.Common.CurrentVersion.targets(2453,5): warning MSB3277:         E:\ProgrammeE\Steam\steamapps\common\Stronghold Crusader Definitive Edition\BepInEx\plugins\000shcdese\Microsoft.Bcl.TimeProvider.dll [D:\CDesktopLink\Unterlagen\Mods\Stronghold Crusader DE\Meine Mods\APIShared\tests\APISharedTests\APISharedTests.csproj]
C:\Program Files\dotnet\sdk\10.0.303\Microsoft.Common.CurrentVersion.targets(2453,5): warning MSB3277:           Elementincludes einer Projektdatei, die den Verweis "E:\ProgrammeE\Steam\steamapps\common\Stronghold Crusader Definitive Edition\BepInEx\plugins\000shcdese\Microsoft.Bcl.TimeProvider.dll" verursacht haben. [D:\CDesktopLink\Unterlagen\Mods\Stronghold Crusader DE\Meine Mods\APIShared\tests\APISharedTests\APISharedTests.csproj]
C:\Program Files\dotnet\sdk\10.0.303\Microsoft.Common.CurrentVersion.targets(2453,5): warning MSB3277:             R3 [D:\CDesktopLink\Unterlagen\Mods\Stronghold Crusader DE\Meine Mods\APIShared\tests\APISharedTests\APISharedTests.csproj]
C:\Program Files\dotnet\sdk\10.0.303\Microsoft.Common.CurrentVersion.targets(2453,5): warning MSB3277:             D:\CDesktopLink\Unterlagen\Mods\Stronghold Crusader DE\Meine Mods\APIShared\BepInEx\plugins\APIShared_Serp\APIShared.dll [D:\CDesktopLink\Unterlagen\Mods\Stronghold Crusader DE\Meine Mods\APIShared\tests\APISharedTests\APISharedTests.csproj]
C:\Program Files\dotnet\sdk\10.0.303\Microsoft.Common.CurrentVersion.targets(2453,5): warning MSB3277:             SHCDESE [D:\CDesktopLink\Unterlagen\Mods\Stronghold Crusader DE\Meine Mods\APIShared\tests\APISharedTests\APISharedTests.csproj]
C:\Program Files\dotnet\sdk\10.0.303\Microsoft.Common.CurrentVersion.targets(2453,5): warning MSB3277:         E:\ProgrammeE\Steam\steamapps\common\Stronghold Crusader Definitive Edition\BepInEx\plugins\000shcdese\Microsoft.Bcl.AsyncInterfaces.dll [D:\CDesktopLink\Unterlagen\Mods\Stronghold Crusader DE\Meine Mods\APIShared\tests\APISharedTests\APISharedTests.csproj]
C:\Program Files\dotnet\sdk\10.0.303\Microsoft.Common.CurrentVersion.targets(2453,5): warning MSB3277:           Elementincludes einer Projektdatei, die den Verweis "E:\ProgrammeE\Steam\steamapps\common\Stronghold Crusader Definitive Edition\BepInEx\plugins\000shcdese\Microsoft.Bcl.AsyncInterfaces.dll" verursacht haben. [D:\CDesktopLink\Unterlagen\Mods\Stronghold Crusader DE\Meine Mods\APIShared\tests\APISharedTests\APISharedTests.csproj]
C:\Program Files\dotnet\sdk\10.0.303\Microsoft.Common.CurrentVersion.targets(2453,5): warning MSB3277:             R3 [D:\CDesktopLink\Unterlagen\Mods\Stronghold Crusader DE\Meine Mods\APIShared\tests\APISharedTests\APISharedTests.csproj]
C:\Program Files\dotnet\sdk\10.0.303\Microsoft.Common.CurrentVersion.targets(2453,5): warning MSB3277:             D:\CDesktopLink\Unterlagen\Mods\Stronghold Crusader DE\Meine Mods\APIShared\BepInEx\plugins\APIShared_Serp\APIShared.dll [D:\CDesktopLink\Unterlagen\Mods\Stronghold Crusader DE\Meine Mods\APIShared\tests\APISharedTests\APISharedTests.csproj]
C:\Program Files\dotnet\sdk\10.0.303\Microsoft.Common.CurrentVersion.targets(2453,5): warning MSB3277:             SHCDESE [D:\CDesktopLink\Unterlagen\Mods\Stronghold Crusader DE\Meine Mods\APIShared\tests\APISharedTests\APISharedTests.csproj]
C:\Program Files\dotnet\sdk\10.0.303\Microsoft.Common.CurrentVersion.targets(2453,5): warning MSB3277:             MessagePack [D:\CDesktopLink\Unterlagen\Mods\Stronghold Crusader DE\Meine Mods\APIShared\tests\APISharedTests\APISharedTests.csproj]
C:\Program Files\dotnet\sdk\10.0.303\Microsoft.Common.CurrentVersion.targets(2453,5): warning MSB3277:             RedBird.Core [D:\CDesktopLink\Unterlagen\Mods\Stronghold Crusader DE\Meine Mods\APIShared\tests\APISharedTests\APISharedTests.csproj]
C:\Program Files\dotnet\sdk\10.0.303\Microsoft.Common.CurrentVersion.targets(2453,5): warning MSB3277:             RedBird.Backends.NativeX64 [D:\CDesktopLink\Unterlagen\Mods\Stronghold Crusader DE\Meine Mods\APIShared\tests\APISharedTests\APISharedTests.csproj]
C:\Program Files\dotnet\sdk\10.0.303\Microsoft.Common.CurrentVersion.targets(2453,5): warning MSB3277:             RedBird.X64 [D:\CDesktopLink\Unterlagen\Mods\Stronghold Crusader DE\Meine Mods\APIShared\tests\APISharedTests\APISharedTests.csproj]
C:\Program Files\dotnet\sdk\10.0.303\Microsoft.Common.CurrentVersion.targets(2453,5): warning MSB3277:             Microsoft.Extensions.Logging.Abstractions [D:\CDesktopLink\Unterlagen\Mods\Stronghold Crusader DE\Meine Mods\APIShared\tests\APISharedTests\APISharedTests.csproj]
C:\Program Files\dotnet\sdk\10.0.303\Microsoft.Common.CurrentVersion.targets(2453,5): warning MSB3277:             RedBird.Abstractions [D:\CDesktopLink\Unterlagen\Mods\Stronghold Crusader DE\Meine Mods\APIShared\tests\APISharedTests\APISharedTests.csproj]
C:\Program Files\dotnet\sdk\10.0.303\Microsoft.Common.CurrentVersion.targets(2453,5): warning MSB3277:         E:\ProgrammeE\Steam\steamapps\common\Stronghold Crusader Definitive Edition\BepInEx\plugins\000shcdese\System.Text.Json.dll [D:\CDesktopLink\Unterlagen\Mods\Stronghold Crusader DE\Meine Mods\APIShared\tests\APISharedTests\APISharedTests.csproj]
C:\Program Files\dotnet\sdk\10.0.303\Microsoft.Common.CurrentVersion.targets(2453,5): warning MSB3277:           Elementincludes einer Projektdatei, die den Verweis "E:\ProgrammeE\Steam\steamapps\common\Stronghold Crusader Definitive Edition\BepInEx\plugins\000shcdese\System.Text.Json.dll" verursacht haben. [D:\CDesktopLink\Unterlagen\Mods\Stronghold Crusader DE\Meine Mods\APIShared\tests\APISharedTests\APISharedTests.csproj]
C:\Program Files\dotnet\sdk\10.0.303\Microsoft.Common.CurrentVersion.targets(2453,5): warning MSB3277:             SHCDESE [D:\CDesktopLink\Unterlagen\Mods\Stronghold Crusader DE\Meine Mods\APIShared\tests\APISharedTests\APISharedTests.csproj]
C:\Program Files\dotnet\sdk\10.0.303\Microsoft.Common.CurrentVersion.targets(2453,5): warning MSB3277:             D:\CDesktopLink\Unterlagen\Mods\Stronghold Crusader DE\Meine Mods\APIShared\BepInEx\plugins\APIShared_Serp\APIShared.dll [D:\CDesktopLink\Unterlagen\Mods\Stronghold Crusader DE\Meine Mods\APIShared\tests\APISharedTests\APISharedTests.csproj]
C:\Program Files\dotnet\sdk\10.0.303\Microsoft.Common.CurrentVersion.targets(2453,5): warning MSB3277:             RedBird.Core [D:\CDesktopLink\Unterlagen\Mods\Stronghold Crusader DE\Meine Mods\APIShared\tests\APISharedTests\APISharedTests.csproj]
C:\Program Files\dotnet\sdk\10.0.303\Microsoft.Common.CurrentVersion.targets(2453,5): warning MSB3277:             RedBird.Backends.NativeX64 [D:\CDesktopLink\Unterlagen\Mods\Stronghold Crusader DE\Meine Mods\APIShared\tests\APISharedTests\APISharedTests.csproj]
C:\Program Files\dotnet\sdk\10.0.303\Microsoft.Common.CurrentVersion.targets(2453,5): warning MSB3277:             RedBird.X64 [D:\CDesktopLink\Unterlagen\Mods\Stronghold Crusader DE\Meine Mods\APIShared\tests\APISharedTests\APISharedTests.csproj]
C:\Program Files\dotnet\sdk\10.0.303\Microsoft.Common.CurrentVersion.targets(2453,5): warning MSB3277:         E:\ProgrammeE\Steam\steamapps\common\Stronghold Crusader Definitive Edition\BepInEx\plugins\000shcdese\ICSharpCode.SharpZipLib.dll [D:\CDesktopLink\Unterlagen\Mods\Stronghold Crusader DE\Meine Mods\APIShared\tests\APISharedTests\APISharedTests.csproj]
C:\Program Files\dotnet\sdk\10.0.303\Microsoft.Common.CurrentVersion.targets(2453,5): warning MSB3277:           Elementincludes einer Projektdatei, die den Verweis "E:\ProgrammeE\Steam\steamapps\common\Stronghold Crusader Definitive Edition\BepInEx\plugins\000shcdese\ICSharpCode.SharpZipLib.dll" verursacht haben. [D:\CDesktopLink\Unterlagen\Mods\Stronghold Crusader DE\Meine Mods\APIShared\tests\APISharedTests\APISharedTests.csproj]
C:\Program Files\dotnet\sdk\10.0.303\Microsoft.Common.CurrentVersion.targets(2453,5): warning MSB3277:             SHCDESE [D:\CDesktopLink\Unterlagen\Mods\Stronghold Crusader DE\Meine Mods\APIShared\tests\APISharedTests\APISharedTests.csproj]
C:\Program Files\dotnet\sdk\10.0.303\Microsoft.Common.CurrentVersion.targets(2453,5): warning MSB3277:             D:\CDesktopLink\Unterlagen\Mods\Stronghold Crusader DE\Meine Mods\APIShared\BepInEx\plugins\APIShared_Serp\APIShared.dll [D:\CDesktopLink\Unterlagen\Mods\Stronghold Crusader DE\Meine Mods\APIShared\tests\APISharedTests\APISharedTests.csproj]
C:\Program Files\dotnet\sdk\10.0.303\Microsoft.Common.CurrentVersion.targets(2453,5): warning MSB3277:         E:\ProgrammeE\Steam\steamapps\common\Stronghold Crusader Definitive Edition\BepInEx\plugins\000shcdese\Serilog.dll [D:\CDesktopLink\Unterlagen\Mods\Stronghold Crusader DE\Meine Mods\APIShared\tests\APISharedTests\APISharedTests.csproj]
C:\Program Files\dotnet\sdk\10.0.303\Microsoft.Common.CurrentVersion.targets(2453,5): warning MSB3277:           Elementincludes einer Projektdatei, die den Verweis "E:\ProgrammeE\Steam\steamapps\common\Stronghold Crusader Definitive Edition\BepInEx\plugins\000shcdese\Serilog.dll" verursacht haben. [D:\CDesktopLink\Unterlagen\Mods\Stronghold Crusader DE\Meine Mods\APIShared\tests\APISharedTests\APISharedTests.csproj]
C:\Program Files\dotnet\sdk\10.0.303\Microsoft.Common.CurrentVersion.targets(2453,5): warning MSB3277:             SHCDESE [D:\CDesktopLink\Unterlagen\Mods\Stronghold Crusader DE\Meine Mods\APIShared\tests\APISharedTests\APISharedTests.csproj]
C:\Program Files\dotnet\sdk\10.0.303\Microsoft.Common.CurrentVersion.targets(2453,5): warning MSB3277:             D:\CDesktopLink\Unterlagen\Mods\Stronghold Crusader DE\Meine Mods\APIShared\BepInEx\plugins\APIShared_Serp\APIShared.dll [D:\CDesktopLink\Unterlagen\Mods\Stronghold Crusader DE\Meine Mods\APIShared\tests\APISharedTests\APISharedTests.csproj]
C:\Program Files\dotnet\sdk\10.0.303\Microsoft.Common.CurrentVersion.targets(2453,5): warning MSB3277:         E:\ProgrammeE\Steam\steamapps\common\Stronghold Crusader Definitive Edition\BepInEx\plugins\000shcdese\Microsoft.Extensions.DependencyInjection.Abstractions.dll [D:\CDesktopLink\Unterlagen\Mods\Stronghold Crusader DE\Meine Mods\APIShared\tests\APISharedTests\APISharedTests.csproj]
C:\Program Files\dotnet\sdk\10.0.303\Microsoft.Common.CurrentVersion.targets(2453,5): warning MSB3277:           Elementincludes einer Projektdatei, die den Verweis "E:\ProgrammeE\Steam\steamapps\common\Stronghold Crusader Definitive Edition\BepInEx\plugins\000shcdese\Microsoft.Extensions.DependencyInjection.Abstractions.dll" verursacht haben. [D:\CDesktopLink\Unterlagen\Mods\Stronghold Crusader DE\Meine Mods\APIShared\tests\APISharedTests\APISharedTests.csproj]
C:\Program Files\dotnet\sdk\10.0.303\Microsoft.Common.CurrentVersion.targets(2453,5): warning MSB3277:             Microsoft.Extensions.Logging.Abstractions [D:\CDesktopLink\Unterlagen\Mods\Stronghold Crusader DE\Meine Mods\APIShared\tests\APISharedTests\APISharedTests.csproj]
C:\Program Files\dotnet\sdk\10.0.303\Microsoft.Common.CurrentVersion.targets(2453,5): warning MSB3277:             D:\CDesktopLink\Unterlagen\Mods\Stronghold Crusader DE\Meine Mods\APIShared\BepInEx\plugins\APIShared_Serp\APIShared.dll [D:\CDesktopLink\Unterlagen\Mods\Stronghold Crusader DE\Meine Mods\APIShared\tests\APISharedTests\APISharedTests.csproj]
C:\Program Files\dotnet\sdk\10.0.303\Microsoft.Common.CurrentVersion.targets(2453,5): warning MSB3277:             SHCDESE [D:\CDesktopLink\Unterlagen\Mods\Stronghold Crusader DE\Meine Mods\APIShared\tests\APISharedTests\APISharedTests.csproj]
C:\Program Files\dotnet\sdk\10.0.303\Microsoft.Common.CurrentVersion.targets(2453,5): warning MSB3277:             RedBird.Abstractions [D:\CDesktopLink\Unterlagen\Mods\Stronghold Crusader DE\Meine Mods\APIShared\tests\APISharedTests\APISharedTests.csproj]
C:\Program Files\dotnet\sdk\10.0.303\Microsoft.Common.CurrentVersion.targets(2453,5): warning MSB3277:             RedBird.Backends.NativeX64 [D:\CDesktopLink\Unterlagen\Mods\Stronghold Crusader DE\Meine Mods\APIShared\tests\APISharedTests\APISharedTests.csproj]
C:\Program Files\dotnet\sdk\10.0.303\Microsoft.Common.CurrentVersion.targets(2453,5): warning MSB3277:             RedBird.Core [D:\CDesktopLink\Unterlagen\Mods\Stronghold Crusader DE\Meine Mods\APIShared\tests\APISharedTests\APISharedTests.csproj]
C:\Program Files\dotnet\sdk\10.0.303\Microsoft.Common.CurrentVersion.targets(2453,5): warning MSB3277:             RedBird.X64 [D:\CDesktopLink\Unterlagen\Mods\Stronghold Crusader DE\Meine Mods\APIShared\tests\APISharedTests\APISharedTests.csproj]
C:\Program Files\dotnet\sdk\10.0.303\Microsoft.Common.CurrentVersion.targets(2453,5): warning MSB3277:         E:\ProgrammeE\Steam\steamapps\common\Stronghold Crusader Definitive Edition\BepInEx\plugins\000shcdese\System.IO.Pipelines.dll [D:\CDesktopLink\Unterlagen\Mods\Stronghold Crusader DE\Meine Mods\APIShared\tests\APISharedTests\APISharedTests.csproj]
C:\Program Files\dotnet\sdk\10.0.303\Microsoft.Common.CurrentVersion.targets(2453,5): warning MSB3277:           Elementincludes einer Projektdatei, die den Verweis "E:\ProgrammeE\Steam\steamapps\common\Stronghold Crusader Definitive Edition\BepInEx\plugins\000shcdese\System.IO.Pipelines.dll" verursacht haben. [D:\CDesktopLink\Unterlagen\Mods\Stronghold Crusader DE\Meine Mods\APIShared\tests\APISharedTests\APISharedTests.csproj]
C:\Program Files\dotnet\sdk\10.0.303\Microsoft.Common.CurrentVersion.targets(2453,5): warning MSB3277:             SHCDESE [D:\CDesktopLink\Unterlagen\Mods\Stronghold Crusader DE\Meine Mods\APIShared\tests\APISharedTests\APISharedTests.csproj]
C:\Program Files\dotnet\sdk\10.0.303\Microsoft.Common.CurrentVersion.targets(2453,5): warning MSB3277:             D:\CDesktopLink\Unterlagen\Mods\Stronghold Crusader DE\Meine Mods\APIShared\BepInEx\plugins\APIShared_Serp\APIShared.dll [D:\CDesktopLink\Unterlagen\Mods\Stronghold Crusader DE\Meine Mods\APIShared\tests\APISharedTests\APISharedTests.csproj]
C:\Program Files\dotnet\sdk\10.0.303\Microsoft.Common.CurrentVersion.targets(2453,5): warning MSB3277:             RedBird.Core [D:\CDesktopLink\Unterlagen\Mods\Stronghold Crusader DE\Meine Mods\APIShared\tests\APISharedTests\APISharedTests.csproj]
C:\Program Files\dotnet\sdk\10.0.303\Microsoft.Common.CurrentVersion.targets(2453,5): warning MSB3277:             RedBird.Backends.NativeX64 [D:\CDesktopLink\Unterlagen\Mods\Stronghold Crusader DE\Meine Mods\APIShared\tests\APISharedTests\APISharedTests.csproj]
C:\Program Files\dotnet\sdk\10.0.303\Microsoft.Common.CurrentVersion.targets(2453,5): warning MSB3277:             RedBird.X64 [D:\CDesktopLink\Unterlagen\Mods\Stronghold Crusader DE\Meine Mods\APIShared\tests\APISharedTests\APISharedTests.csproj]
C:\Program Files\dotnet\sdk\10.0.303\Microsoft.Common.CurrentVersion.targets(2453,5): warning MSB3277:         E:\ProgrammeE\Steam\steamapps\common\Stronghold Crusader Definitive Edition\BepInEx\plugins\000shcdese\Microsoft.Extensions.DependencyInjection.dll [D:\CDesktopLink\Unterlagen\Mods\Stronghold Crusader DE\Meine Mods\APIShared\tests\APISharedTests\APISharedTests.csproj]
C:\Program Files\dotnet\sdk\10.0.303\Microsoft.Common.CurrentVersion.targets(2453,5): warning MSB3277:           Elementincludes einer Projektdatei, die den Verweis "E:\ProgrammeE\Steam\steamapps\common\Stronghold Crusader Definitive Edition\BepInEx\plugins\000shcdese\Microsoft.Extensions.DependencyInjection.dll" verursacht haben. [D:\CDesktopLink\Unterlagen\Mods\Stronghold Crusader DE\Meine Mods\APIShared\tests\APISharedTests\APISharedTests.csproj]
C:\Program Files\dotnet\sdk\10.0.303\Microsoft.Common.CurrentVersion.targets(2453,5): warning MSB3277:             SHCDESE [D:\CDesktopLink\Unterlagen\Mods\Stronghold Crusader DE\Meine Mods\APIShared\tests\APISharedTests\APISharedTests.csproj]
C:\Program Files\dotnet\sdk\10.0.303\Microsoft.Common.CurrentVersion.targets(2453,5): warning MSB3277:             D:\CDesktopLink\Unterlagen\Mods\Stronghold Crusader DE\Meine Mods\APIShared\BepInEx\plugins\APIShared_Serp\APIShared.dll [D:\CDesktopLink\Unterlagen\Mods\Stronghold Crusader DE\Meine Mods\APIShared\tests\APISharedTests\APISharedTests.csproj]
C:\Program Files\dotnet\sdk\10.0.303\Microsoft.Common.CurrentVersion.targets(2453,5): warning MSB3277: Es wurden Konflikte zwischen verschiedenen Versionen von "System.Diagnostics.DiagnosticSource" gefunden, die nicht aufgelöst werden konnten. [D:\CDesktopLink\Unterlagen\Mods\Stronghold Crusader DE\Meine Mods\APIShared\tests\APISharedTests\APISharedTests.csproj]
C:\Program Files\dotnet\sdk\10.0.303\Microsoft.Common.CurrentVersion.targets(2453,5): warning MSB3277: Konflikt zwischen System.Diagnostics.DiagnosticSource, Version=6.0.0.0, Culture=neutral, PublicKeyToken=cc7b13ffcd2ddd51 und System.Diagnostics.DiagnosticSource, Version=10.0.0.12, Culture=neutral, PublicKeyToken=cc7b13ffcd2ddd51. [D:\CDesktopLink\Unterlagen\Mods\Stronghold Crusader DE\Meine Mods\APIShared\tests\APISharedTests\APISharedTests.csproj]
C:\Program Files\dotnet\sdk\10.0.303\Microsoft.Common.CurrentVersion.targets(2453,5): warning MSB3277:     System.Diagnostics.DiagnosticSource, Version=6.0.0.0, Culture=neutral, PublicKeyToken=cc7b13ffcd2ddd51 wurde aufgrund der primären Eigenschaft System.Diagnostics.DiagnosticSource, Version=10.0.0.12, Culture=neutral, PublicKeyToken=cc7b13ffcd2ddd51 vorgezogen. [D:\CDesktopLink\Unterlagen\Mods\Stronghold Crusader DE\Meine Mods\APIShared\tests\APISharedTests\APISharedTests.csproj]
C:\Program Files\dotnet\sdk\10.0.303\Microsoft.Common.CurrentVersion.targets(2453,5): warning MSB3277:     Verweise, die von "System.Diagnostics.DiagnosticSource, Version=6.0.0.0, Culture=neutral, PublicKeyToken=cc7b13ffcd2ddd51" abhängig sind [C:\Users\Serpens66\.nuget\packages\system.diagnostics.diagnosticsource\6.0.0\lib\net461\System.Diagnostics.DiagnosticSource.dll]. [D:\CDesktopLink\Unterlagen\Mods\Stronghold Crusader DE\Meine Mods\APIShared\tests\APISharedTests\APISharedTests.csproj]
C:\Program Files\dotnet\sdk\10.0.303\Microsoft.Common.CurrentVersion.targets(2453,5): warning MSB3277:         C:\Users\Serpens66\.nuget\packages\system.diagnostics.diagnosticsource\6.0.0\lib\net461\System.Diagnostics.DiagnosticSource.dll [D:\CDesktopLink\Unterlagen\Mods\Stronghold Crusader DE\Meine Mods\APIShared\tests\APISharedTests\APISharedTests.csproj]
C:\Program Files\dotnet\sdk\10.0.303\Microsoft.Common.CurrentVersion.targets(2453,5): warning MSB3277:           Elementincludes einer Projektdatei, die den Verweis "C:\Users\Serpens66\.nuget\packages\system.diagnostics.diagnosticsource\6.0.0\lib\net461\System.Diagnostics.DiagnosticSource.dll" verursacht haben. [D:\CDesktopLink\Unterlagen\Mods\Stronghold Crusader DE\Meine Mods\APIShared\tests\APISharedTests\APISharedTests.csproj]
C:\Program Files\dotnet\sdk\10.0.303\Microsoft.Common.CurrentVersion.targets(2453,5): warning MSB3277:             C:\Users\Serpens66\.nuget\packages\system.diagnostics.diagnosticsource\6.0.0\lib\net461\System.Diagnostics.DiagnosticSource.dll [D:\CDesktopLink\Unterlagen\Mods\Stronghold Crusader DE\Meine Mods\APIShared\tests\APISharedTests\APISharedTests.csproj]
C:\Program Files\dotnet\sdk\10.0.303\Microsoft.Common.CurrentVersion.targets(2453,5): warning MSB3277:     Verweise, die von „System.Diagnostics.DiagnosticSource, Version=10.0.0.12, Culture=neutral, PublicKeyToken=cc7b13ffcd2ddd51“ [] abhängen oder damit vereint wurden. [D:\CDesktopLink\Unterlagen\Mods\Stronghold Crusader DE\Meine Mods\APIShared\tests\APISharedTests\APISharedTests.csproj]
C:\Program Files\dotnet\sdk\10.0.303\Microsoft.Common.CurrentVersion.targets(2453,5): warning MSB3277:         E:\ProgrammeE\Steam\steamapps\common\Stronghold Crusader Definitive Edition\BepInEx\plugins\000shcdese\Microsoft.Extensions.Logging.Abstractions.dll [D:\CDesktopLink\Unterlagen\Mods\Stronghold Crusader DE\Meine Mods\APIShared\tests\APISharedTests\APISharedTests.csproj]
C:\Program Files\dotnet\sdk\10.0.303\Microsoft.Common.CurrentVersion.targets(2453,5): warning MSB3277:           Elementincludes einer Projektdatei, die den Verweis "E:\ProgrammeE\Steam\steamapps\common\Stronghold Crusader Definitive Edition\BepInEx\plugins\000shcdese\Microsoft.Extensions.Logging.Abstractions.dll" verursacht haben. [D:\CDesktopLink\Unterlagen\Mods\Stronghold Crusader DE\Meine Mods\APIShared\tests\APISharedTests\APISharedTests.csproj]
C:\Program Files\dotnet\sdk\10.0.303\Microsoft.Common.CurrentVersion.targets(2453,5): warning MSB3277:             Microsoft.Extensions.Logging.Abstractions [D:\CDesktopLink\Unterlagen\Mods\Stronghold Crusader DE\Meine Mods\APIShared\tests\APISharedTests\APISharedTests.csproj]
C:\Program Files\dotnet\sdk\10.0.303\Microsoft.Common.CurrentVersion.targets(2453,5): warning MSB3277:             D:\CDesktopLink\Unterlagen\Mods\Stronghold Crusader DE\Meine Mods\APIShared\BepInEx\plugins\APIShared_Serp\APIShared.dll [D:\CDesktopLink\Unterlagen\Mods\Stronghold Crusader DE\Meine Mods\APIShared\tests\APISharedTests\APISharedTests.csproj]
C:\Program Files\dotnet\sdk\10.0.303\Microsoft.Common.CurrentVersion.targets(2453,5): warning MSB3277:             SHCDESE [D:\CDesktopLink\Unterlagen\Mods\Stronghold Crusader DE\Meine Mods\APIShared\tests\APISharedTests\APISharedTests.csproj]
C:\Program Files\dotnet\sdk\10.0.303\Microsoft.Common.CurrentVersion.targets(2453,5): warning MSB3277:             RedBird.Abstractions [D:\CDesktopLink\Unterlagen\Mods\Stronghold Crusader DE\Meine Mods\APIShared\tests\APISharedTests\APISharedTests.csproj]
C:\Program Files\dotnet\sdk\10.0.303\Microsoft.Common.CurrentVersion.targets(2453,5): warning MSB3277:             RedBird.Backends.NativeX64 [D:\CDesktopLink\Unterlagen\Mods\Stronghold Crusader DE\Meine Mods\APIShared\tests\APISharedTests\APISharedTests.csproj]
C:\Program Files\dotnet\sdk\10.0.303\Microsoft.Common.CurrentVersion.targets(2453,5): warning MSB3277:             RedBird.Core [D:\CDesktopLink\Unterlagen\Mods\Stronghold Crusader DE\Meine Mods\APIShared\tests\APISharedTests\APISharedTests.csproj]
C:\Program Files\dotnet\sdk\10.0.303\Microsoft.Common.CurrentVersion.targets(2453,5): warning MSB3277:             RedBird.X64 [D:\CDesktopLink\Unterlagen\Mods\Stronghold Crusader DE\Meine Mods\APIShared\tests\APISharedTests\APISharedTests.csproj]
C:\Program Files\dotnet\sdk\10.0.303\Microsoft.Common.CurrentVersion.targets(2453,5): warning MSB3277:         C:\Users\Serpens66\.nuget\packages\microsoft.applicationinsights\2.23.0\lib\net46\Microsoft.ApplicationInsights.dll [D:\CDesktopLink\Unterlagen\Mods\Stronghold Crusader DE\Meine Mods\APIShared\tests\APISharedTests\APISharedTests.csproj]
C:\Program Files\dotnet\sdk\10.0.303\Microsoft.Common.CurrentVersion.targets(2453,5): warning MSB3277:           Elementincludes einer Projektdatei, die den Verweis "C:\Users\Serpens66\.nuget\packages\microsoft.applicationinsights\2.23.0\lib\net46\Microsoft.ApplicationInsights.dll" verursacht haben. [D:\CDesktopLink\Unterlagen\Mods\Stronghold Crusader DE\Meine Mods\APIShared\tests\APISharedTests\APISharedTests.csproj]
C:\Program Files\dotnet\sdk\10.0.303\Microsoft.Common.CurrentVersion.targets(2453,5): warning MSB3277:             C:\Users\Serpens66\.nuget\packages\microsoft.applicationinsights\2.23.0\lib\net46\Microsoft.ApplicationInsights.dll [D:\CDesktopLink\Unterlagen\Mods\Stronghold Crusader DE\Meine Mods\APIShared\tests\APISharedTests\APISharedTests.csproj]
C:\Program Files\dotnet\sdk\10.0.303\Microsoft.Common.CurrentVersion.targets(2453,5): warning MSB3277:             C:\Users\Serpens66\.nuget\packages\microsoft.testing.extensions.telemetry\2.5.1\lib\netstandard2.0\Microsoft.Testing.Extensions.Telemetry.dll [D:\CDesktopLink\Unterlagen\Mods\Stronghold Crusader DE\Meine Mods\APIShared\tests\APISharedTests\APISharedTests.csproj]
C:\Program Files\dotnet\sdk\10.0.303\Microsoft.Common.CurrentVersion.targets(2453,5): warning MSB3277:         E:\ProgrammeE\Steam\steamapps\common\Stronghold Crusader Definitive Edition\BepInEx\plugins\000shcdese\Serilog.dll [D:\CDesktopLink\Unterlagen\Mods\Stronghold Crusader DE\Meine Mods\APIShared\tests\APISharedTests\APISharedTests.csproj]
C:\Program Files\dotnet\sdk\10.0.303\Microsoft.Common.CurrentVersion.targets(2453,5): warning MSB3277:           Elementincludes einer Projektdatei, die den Verweis "E:\ProgrammeE\Steam\steamapps\common\Stronghold Crusader Definitive Edition\BepInEx\plugins\000shcdese\Serilog.dll" verursacht haben. [D:\CDesktopLink\Unterlagen\Mods\Stronghold Crusader DE\Meine Mods\APIShared\tests\APISharedTests\APISharedTests.csproj]
C:\Program Files\dotnet\sdk\10.0.303\Microsoft.Common.CurrentVersion.targets(2453,5): warning MSB3277:             SHCDESE [D:\CDesktopLink\Unterlagen\Mods\Stronghold Crusader DE\Meine Mods\APIShared\tests\APISharedTests\APISharedTests.csproj]
C:\Program Files\dotnet\sdk\10.0.303\Microsoft.Common.CurrentVersion.targets(2453,5): warning MSB3277:             D:\CDesktopLink\Unterlagen\Mods\Stronghold Crusader DE\Meine Mods\APIShared\BepInEx\plugins\APIShared_Serp\APIShared.dll [D:\CDesktopLink\Unterlagen\Mods\Stronghold Crusader DE\Meine Mods\APIShared\tests\APISharedTests\APISharedTests.csproj]
C:\Program Files\dotnet\sdk\10.0.303\Microsoft.Common.CurrentVersion.targets(2453,5): warning MSB3277:         E:\ProgrammeE\Steam\steamapps\common\Stronghold Crusader Definitive Edition\BepInEx\plugins\000shcdese\Serilog.Extensions.Logging.dll [D:\CDesktopLink\Unterlagen\Mods\Stronghold Crusader DE\Meine Mods\APIShared\tests\APISharedTests\APISharedTests.csproj]
C:\Program Files\dotnet\sdk\10.0.303\Microsoft.Common.CurrentVersion.targets(2453,5): warning MSB3277:           Elementincludes einer Projektdatei, die den Verweis "E:\ProgrammeE\Steam\steamapps\common\Stronghold Crusader Definitive Edition\BepInEx\plugins\000shcdese\Serilog.Extensions.Logging.dll" verursacht haben. [D:\CDesktopLink\Unterlagen\Mods\Stronghold Crusader DE\Meine Mods\APIShared\tests\APISharedTests\APISharedTests.csproj]
C:\Program Files\dotnet\sdk\10.0.303\Microsoft.Common.CurrentVersion.targets(2453,5): warning MSB3277:             SHCDESE [D:\CDesktopLink\Unterlagen\Mods\Stronghold Crusader DE\Meine Mods\APIShared\tests\APISharedTests\APISharedTests.csproj]
C:\Program Files\dotnet\sdk\10.0.303\Microsoft.Common.CurrentVersion.targets(2453,5): warning MSB3277:             D:\CDesktopLink\Unterlagen\Mods\Stronghold Crusader DE\Meine Mods\APIShared\BepInEx\plugins\APIShared_Serp\APIShared.dll [D:\CDesktopLink\Unterlagen\Mods\Stronghold Crusader DE\Meine Mods\APIShared\tests\APISharedTests\APISharedTests.csproj]
C:\Program Files\dotnet\sdk\10.0.303\Microsoft.Common.CurrentVersion.targets(2453,5): warning MSB3277:         E:\ProgrammeE\Steam\steamapps\common\Stronghold Crusader Definitive Edition\BepInEx\plugins\000shcdese\Microsoft.Extensions.Logging.dll [D:\CDesktopLink\Unterlagen\Mods\Stronghold Crusader DE\Meine Mods\APIShared\tests\APISharedTests\APISharedTests.csproj]
C:\Program Files\dotnet\sdk\10.0.303\Microsoft.Common.CurrentVersion.targets(2453,5): warning MSB3277:           Elementincludes einer Projektdatei, die den Verweis "E:\ProgrammeE\Steam\steamapps\common\Stronghold Crusader Definitive Edition\BepInEx\plugins\000shcdese\Microsoft.Extensions.Logging.dll" verursacht haben. [D:\CDesktopLink\Unterlagen\Mods\Stronghold Crusader DE\Meine Mods\APIShared\tests\APISharedTests\APISharedTests.csproj]
C:\Program Files\dotnet\sdk\10.0.303\Microsoft.Common.CurrentVersion.targets(2453,5): warning MSB3277:             SHCDESE [D:\CDesktopLink\Unterlagen\Mods\Stronghold Crusader DE\Meine Mods\APIShared\tests\APISharedTests\APISharedTests.csproj]
C:\Program Files\dotnet\sdk\10.0.303\Microsoft.Common.CurrentVersion.targets(2453,5): warning MSB3277:             D:\CDesktopLink\Unterlagen\Mods\Stronghold Crusader DE\Meine Mods\APIShared\BepInEx\plugins\APIShared_Serp\APIShared.dll [D:\CDesktopLink\Unterlagen\Mods\Stronghold Crusader DE\Meine Mods\APIShared\tests\APISharedTests\APISharedTests.csproj]
C:\Program Files\dotnet\sdk\10.0.303\Microsoft.Common.CurrentVersion.targets(2453,5): warning MSB3277: Es wurden Konflikte zwischen verschiedenen Versionen von "System.ValueTuple" gefunden, die nicht aufgelöst werden konnten. [D:\CDesktopLink\Unterlagen\Mods\Stronghold Crusader DE\Meine Mods\APIShared\tests\APISharedTests\APISharedTests.csproj]
C:\Program Files\dotnet\sdk\10.0.303\Microsoft.Common.CurrentVersion.targets(2453,5): warning MSB3277: Konflikt zwischen System.ValueTuple, Version=4.0.3.0, Culture=neutral, PublicKeyToken=cc7b13ffcd2ddd51 und System.ValueTuple, Version=4.0.5.0, Culture=neutral, PublicKeyToken=cc7b13ffcd2ddd51. [D:\CDesktopLink\Unterlagen\Mods\Stronghold Crusader DE\Meine Mods\APIShared\tests\APISharedTests\APISharedTests.csproj]
C:\Program Files\dotnet\sdk\10.0.303\Microsoft.Common.CurrentVersion.targets(2453,5): warning MSB3277:     System.ValueTuple, Version=4.0.3.0, Culture=neutral, PublicKeyToken=cc7b13ffcd2ddd51 wurde aufgrund der primären Eigenschaft System.ValueTuple, Version=4.0.5.0, Culture=neutral, PublicKeyToken=cc7b13ffcd2ddd51 vorgezogen. [D:\CDesktopLink\Unterlagen\Mods\Stronghold Crusader DE\Meine Mods\APIShared\tests\APISharedTests\APISharedTests.csproj]
C:\Program Files\dotnet\sdk\10.0.303\Microsoft.Common.CurrentVersion.targets(2453,5): warning MSB3277:     Verweise, die von "System.ValueTuple, Version=4.0.3.0, Culture=neutral, PublicKeyToken=cc7b13ffcd2ddd51" abhängig sind [C:\Users\Serpens66\.nuget\packages\system.valuetuple\4.5.0\ref\net47\System.ValueTuple.dll]. [D:\CDesktopLink\Unterlagen\Mods\Stronghold Crusader DE\Meine Mods\APIShared\tests\APISharedTests\APISharedTests.csproj]
C:\Program Files\dotnet\sdk\10.0.303\Microsoft.Common.CurrentVersion.targets(2453,5): warning MSB3277:         C:\Users\Serpens66\.nuget\packages\system.valuetuple\4.5.0\ref\net47\System.ValueTuple.dll [D:\CDesktopLink\Unterlagen\Mods\Stronghold Crusader DE\Meine Mods\APIShared\tests\APISharedTests\APISharedTests.csproj]
C:\Program Files\dotnet\sdk\10.0.303\Microsoft.Common.CurrentVersion.targets(2453,5): warning MSB3277:           Elementincludes einer Projektdatei, die den Verweis "C:\Users\Serpens66\.nuget\packages\system.valuetuple\4.5.0\ref\net47\System.ValueTuple.dll" verursacht haben. [D:\CDesktopLink\Unterlagen\Mods\Stronghold Crusader DE\Meine Mods\APIShared\tests\APISharedTests\APISharedTests.csproj]
C:\Program Files\dotnet\sdk\10.0.303\Microsoft.Common.CurrentVersion.targets(2453,5): warning MSB3277:             C:\Users\Serpens66\.nuget\packages\system.valuetuple\4.5.0\ref\net47\System.ValueTuple.dll [D:\CDesktopLink\Unterlagen\Mods\Stronghold Crusader DE\Meine Mods\APIShared\tests\APISharedTests\APISharedTests.csproj]
C:\Program Files\dotnet\sdk\10.0.303\Microsoft.Common.CurrentVersion.targets(2453,5): warning MSB3277:     Verweise, die von „System.ValueTuple, Version=4.0.5.0, Culture=neutral, PublicKeyToken=cc7b13ffcd2ddd51“ [] abhängen oder damit vereint wurden. [D:\CDesktopLink\Unterlagen\Mods\Stronghold Crusader DE\Meine Mods\APIShared\tests\APISharedTests\APISharedTests.csproj]
C:\Program Files\dotnet\sdk\10.0.303\Microsoft.Common.CurrentVersion.targets(2453,5): warning MSB3277:         C:\Users\Serpens66\.nuget\packages\mstest.testadapter\4.5.1\buildTransitive\net462\MSTest.TestAdapter.dll [D:\CDesktopLink\Unterlagen\Mods\Stronghold Crusader DE\Meine Mods\APIShared\tests\APISharedTests\APISharedTests.csproj]
C:\Program Files\dotnet\sdk\10.0.303\Microsoft.Common.CurrentVersion.targets(2453,5): warning MSB3277:           Elementincludes einer Projektdatei, die den Verweis "C:\Users\Serpens66\.nuget\packages\mstest.testadapter\4.5.1\buildTransitive\net462\MSTest.TestAdapter.dll" verursacht haben. [D:\CDesktopLink\Unterlagen\Mods\Stronghold Crusader DE\Meine Mods\APIShared\tests\APISharedTests\APISharedTests.csproj]
C:\Program Files\dotnet\sdk\10.0.303\Microsoft.Common.CurrentVersion.targets(2453,5): warning MSB3277:             MSTest.TestAdapter [D:\CDesktopLink\Unterlagen\Mods\Stronghold Crusader DE\Meine Mods\APIShared\tests\APISharedTests\APISharedTests.csproj]
C:\Program Files\dotnet\sdk\10.0.303\Microsoft.Common.CurrentVersion.targets(2453,5): warning MSB3277:         E:\ProgrammeE\Steam\steamapps\common\Stronghold Crusader Definitive Edition\BepInEx\plugins\000shcdese\System.Text.Json.dll [D:\CDesktopLink\Unterlagen\Mods\Stronghold Crusader DE\Meine Mods\APIShared\tests\APISharedTests\APISharedTests.csproj]
C:\Program Files\dotnet\sdk\10.0.303\Microsoft.Common.CurrentVersion.targets(2453,5): warning MSB3277:           Elementincludes einer Projektdatei, die den Verweis "E:\ProgrammeE\Steam\steamapps\common\Stronghold Crusader Definitive Edition\BepInEx\plugins\000shcdese\System.Text.Json.dll" verursacht haben. [D:\CDesktopLink\Unterlagen\Mods\Stronghold Crusader DE\Meine Mods\APIShared\tests\APISharedTests\APISharedTests.csproj]
C:\Program Files\dotnet\sdk\10.0.303\Microsoft.Common.CurrentVersion.targets(2453,5): warning MSB3277:             SHCDESE [D:\CDesktopLink\Unterlagen\Mods\Stronghold Crusader DE\Meine Mods\APIShared\tests\APISharedTests\APISharedTests.csproj]
C:\Program Files\dotnet\sdk\10.0.303\Microsoft.Common.CurrentVersion.targets(2453,5): warning MSB3277:             D:\CDesktopLink\Unterlagen\Mods\Stronghold Crusader DE\Meine Mods\APIShared\BepInEx\plugins\APIShared_Serp\APIShared.dll [D:\CDesktopLink\Unterlagen\Mods\Stronghold Crusader DE\Meine Mods\APIShared\tests\APISharedTests\APISharedTests.csproj]
C:\Program Files\dotnet\sdk\10.0.303\Microsoft.Common.CurrentVersion.targets(2453,5): warning MSB3277:             RedBird.Core [D:\CDesktopLink\Unterlagen\Mods\Stronghold Crusader DE\Meine Mods\APIShared\tests\APISharedTests\APISharedTests.csproj]
C:\Program Files\dotnet\sdk\10.0.303\Microsoft.Common.CurrentVersion.targets(2453,5): warning MSB3277:             RedBird.Backends.NativeX64 [D:\CDesktopLink\Unterlagen\Mods\Stronghold Crusader DE\Meine Mods\APIShared\tests\APISharedTests\APISharedTests.csproj]
C:\Program Files\dotnet\sdk\10.0.303\Microsoft.Common.CurrentVersion.targets(2453,5): warning MSB3277:             RedBird.X64 [D:\CDesktopLink\Unterlagen\Mods\Stronghold Crusader DE\Meine Mods\APIShared\tests\APISharedTests\APISharedTests.csproj]
C:\Program Files\dotnet\sdk\10.0.303\Microsoft.Common.CurrentVersion.targets(2453,5): warning MSB3277:         E:\ProgrammeE\Steam\steamapps\common\Stronghold Crusader Definitive Edition\BepInEx\plugins\000shcdese\NVorbis.dll [D:\CDesktopLink\Unterlagen\Mods\Stronghold Crusader DE\Meine Mods\APIShared\tests\APISharedTests\APISharedTests.csproj]
C:\Program Files\dotnet\sdk\10.0.303\Microsoft.Common.CurrentVersion.targets(2453,5): warning MSB3277:           Elementincludes einer Projektdatei, die den Verweis "E:\ProgrammeE\Steam\steamapps\common\Stronghold Crusader Definitive Edition\BepInEx\plugins\000shcdese\NVorbis.dll" verursacht haben. [D:\CDesktopLink\Unterlagen\Mods\Stronghold Crusader DE\Meine Mods\APIShared\tests\APISharedTests\APISharedTests.csproj]
C:\Program Files\dotnet\sdk\10.0.303\Microsoft.Common.CurrentVersion.targets(2453,5): warning MSB3277:             SHCDESE [D:\CDesktopLink\Unterlagen\Mods\Stronghold Crusader DE\Meine Mods\APIShared\tests\APISharedTests\APISharedTests.csproj]
C:\Program Files\dotnet\sdk\10.0.303\Microsoft.Common.CurrentVersion.targets(2453,5): warning MSB3277:             D:\CDesktopLink\Unterlagen\Mods\Stronghold Crusader DE\Meine Mods\APIShared\BepInEx\plugins\APIShared_Serp\APIShared.dll [D:\CDesktopLink\Unterlagen\Mods\Stronghold Crusader DE\Meine Mods\APIShared\tests\APISharedTests\APISharedTests.csproj]
C:\Program Files\dotnet\sdk\10.0.303\Microsoft.Common.CurrentVersion.targets(2453,5): warning MSB3277:         E:\ProgrammeE\Steam\steamapps\common\Stronghold Crusader Definitive Edition\BepInEx\plugins\000shcdese\Serilog.Extensions.Logging.dll [D:\CDesktopLink\Unterlagen\Mods\Stronghold Crusader DE\Meine Mods\APIShared\tests\APISharedTests\APISharedTests.csproj]
C:\Program Files\dotnet\sdk\10.0.303\Microsoft.Common.CurrentVersion.targets(2453,5): warning MSB3277:           Elementincludes einer Projektdatei, die den Verweis "E:\ProgrammeE\Steam\steamapps\common\Stronghold Crusader Definitive Edition\BepInEx\plugins\000shcdese\Serilog.Extensions.Logging.dll" verursacht haben. [D:\CDesktopLink\Unterlagen\Mods\Stronghold Crusader DE\Meine Mods\APIShared\tests\APISharedTests\APISharedTests.csproj]
C:\Program Files\dotnet\sdk\10.0.303\Microsoft.Common.CurrentVersion.targets(2453,5): warning MSB3277:             SHCDESE [D:\CDesktopLink\Unterlagen\Mods\Stronghold Crusader DE\Meine Mods\APIShared\tests\APISharedTests\APISharedTests.csproj]
C:\Program Files\dotnet\sdk\10.0.303\Microsoft.Common.CurrentVersion.targets(2453,5): warning MSB3277:             D:\CDesktopLink\Unterlagen\Mods\Stronghold Crusader DE\Meine Mods\APIShared\BepInEx\plugins\APIShared_Serp\APIShared.dll [D:\CDesktopLink\Unterlagen\Mods\Stronghold Crusader DE\Meine Mods\APIShared\tests\APISharedTests\APISharedTests.csproj]
C:\Program Files\dotnet\sdk\10.0.303\Microsoft.Common.CurrentVersion.targets(2453,5): warning MSB3277:         E:\ProgrammeE\Steam\steamapps\common\Stronghold Crusader Definitive Edition\BepInEx\plugins\000shcdese\Microsoft.Extensions.Logging.dll [D:\CDesktopLink\Unterlagen\Mods\Stronghold Crusader DE\Meine Mods\APIShared\tests\APISharedTests\APISharedTests.csproj]
C:\Program Files\dotnet\sdk\10.0.303\Microsoft.Common.CurrentVersion.targets(2453,5): warning MSB3277:           Elementincludes einer Projektdatei, die den Verweis "E:\ProgrammeE\Steam\steamapps\common\Stronghold Crusader Definitive Edition\BepInEx\plugins\000shcdese\Microsoft.Extensions.Logging.dll" verursacht haben. [D:\CDesktopLink\Unterlagen\Mods\Stronghold Crusader DE\Meine Mods\APIShared\tests\APISharedTests\APISharedTests.csproj]
C:\Program Files\dotnet\sdk\10.0.303\Microsoft.Common.CurrentVersion.targets(2453,5): warning MSB3277:             SHCDESE [D:\CDesktopLink\Unterlagen\Mods\Stronghold Crusader DE\Meine Mods\APIShared\tests\APISharedTests\APISharedTests.csproj]
C:\Program Files\dotnet\sdk\10.0.303\Microsoft.Common.CurrentVersion.targets(2453,5): warning MSB3277:             D:\CDesktopLink\Unterlagen\Mods\Stronghold Crusader DE\Meine Mods\APIShared\BepInEx\plugins\APIShared_Serp\APIShared.dll [D:\CDesktopLink\Unterlagen\Mods\Stronghold Crusader DE\Meine Mods\APIShared\tests\APISharedTests\APISharedTests.csproj]
C:\Program Files\dotnet\sdk\10.0.303\Microsoft.Common.CurrentVersion.targets(2453,5): warning MSB3277:         E:\ProgrammeE\Steam\steamapps\common\Stronghold Crusader Definitive Edition\BepInEx\plugins\000shcdese\Microsoft.Extensions.Options.dll [D:\CDesktopLink\Unterlagen\Mods\Stronghold Crusader DE\Meine Mods\APIShared\tests\APISharedTests\APISharedTests.csproj]
C:\Program Files\dotnet\sdk\10.0.303\Microsoft.Common.CurrentVersion.targets(2453,5): warning MSB3277:           Elementincludes einer Projektdatei, die den Verweis "E:\ProgrammeE\Steam\steamapps\common\Stronghold Crusader Definitive Edition\BepInEx\plugins\000shcdese\Microsoft.Extensions.Options.dll" verursacht haben. [D:\CDesktopLink\Unterlagen\Mods\Stronghold Crusader DE\Meine Mods\APIShared\tests\APISharedTests\APISharedTests.csproj]
C:\Program Files\dotnet\sdk\10.0.303\Microsoft.Common.CurrentVersion.targets(2453,5): warning MSB3277:             SHCDESE [D:\CDesktopLink\Unterlagen\Mods\Stronghold Crusader DE\Meine Mods\APIShared\tests\APISharedTests\APISharedTests.csproj]
C:\Program Files\dotnet\sdk\10.0.303\Microsoft.Common.CurrentVersion.targets(2453,5): warning MSB3277:             D:\CDesktopLink\Unterlagen\Mods\Stronghold Crusader DE\Meine Mods\APIShared\BepInEx\plugins\APIShared_Serp\APIShared.dll [D:\CDesktopLink\Unterlagen\Mods\Stronghold Crusader DE\Meine Mods\APIShared\tests\APISharedTests\APISharedTests.csproj]
  APISharedTests -> D:\CDesktopLink\Unterlagen\Mods\Stronghold Crusader DE\Meine Mods\APIShared\tests\APISharedTests\bin\Release\net481\APISharedTests.dll
Testlauf für "D:\CDesktopLink\Unterlagen\Mods\Stronghold Crusader DE\Meine Mods\APIShared\tests\APISharedTests\bin\Release\net481\APISharedTests.dll" (.NETFramework,Version=v4.8.1)
Insgesamt 1 Testdateien stimmten mit dem angegebenen Muster überein.
Ergebnisdatei: D:\CDesktopLink\Unterlagen\Mods\Stronghold Crusader DE\Meine Mods\APIShared\.local\test-results\Serpens66_PC-SERPW11_2026-10-10_18_16_26_net481.trx

Bestanden!   : Fehler:     0, erfolgreich:    75, übersprungen:     0, gesamt:    75, Dauer: 2 s - APISharedTests.dll (net481)
[Build] Running dotnet: test
  Wiederherzustellende Projekte werden ermittelt...
  Alle Projekte sind für die Wiederherstellung auf dem neuesten Stand.
C:\Program Files\dotnet\sdk\10.0.303\Microsoft.Common.CurrentVersion.targets(2453,5): warning MSB3277: Es wurden Konflikte zwischen verschiedenen Versionen von "System.Threading.Tasks.Extensions" gefunden, die nicht aufgelöst werden konnten. [D:\CDesktopLink\Unterlagen\Mods\Stronghold Crusader DE\Meine Mods\APIShared\tests\LobbyModSettingsPresetTests\LobbyModSettingsPresetTests.csproj]
C:\Program Files\dotnet\sdk\10.0.303\Microsoft.Common.CurrentVersion.targets(2453,5): warning MSB3277: Konflikt zwischen System.Threading.Tasks.Extensions, Version=4.2.0.1, Culture=neutral, PublicKeyToken=cc7b13ffcd2ddd51 und System.Threading.Tasks.Extensions, Version=4.2.4.0, Culture=neutral, PublicKeyToken=cc7b13ffcd2ddd51. [D:\CDesktopLink\Unterlagen\Mods\Stronghold Crusader DE\Meine Mods\APIShared\tests\LobbyModSettingsPresetTests\LobbyModSettingsPresetTests.csproj]
C:\Program Files\dotnet\sdk\10.0.303\Microsoft.Common.CurrentVersion.targets(2453,5): warning MSB3277:     System.Threading.Tasks.Extensions, Version=4.2.0.1, Culture=neutral, PublicKeyToken=cc7b13ffcd2ddd51 wurde aufgrund der primären Eigenschaft System.Threading.Tasks.Extensions, Version=4.2.4.0, Culture=neutral, PublicKeyToken=cc7b13ffcd2ddd51 vorgezogen. [D:\CDesktopLink\Unterlagen\Mods\Stronghold Crusader DE\Meine Mods\APIShared\tests\LobbyModSettingsPresetTests\LobbyModSettingsPresetTests.csproj]
C:\Program Files\dotnet\sdk\10.0.303\Microsoft.Common.CurrentVersion.targets(2453,5): warning MSB3277:     Verweise, die von "System.Threading.Tasks.Extensions, Version=4.2.0.1, Culture=neutral, PublicKeyToken=cc7b13ffcd2ddd51" abhängig sind [C:\Users\Serpens66\.nuget\packages\system.threading.tasks.extensions\4.5.4\lib\net461\System.Threading.Tasks.Extensions.dll]. [D:\CDesktopLink\Unterlagen\Mods\Stronghold Crusader DE\Meine Mods\APIShared\tests\LobbyModSettingsPresetTests\LobbyModSettingsPresetTests.csproj]
C:\Program Files\dotnet\sdk\10.0.303\Microsoft.Common.CurrentVersion.targets(2453,5): warning MSB3277:         C:\Users\Serpens66\.nuget\packages\system.threading.tasks.extensions\4.5.4\lib\net461\System.Threading.Tasks.Extensions.dll [D:\CDesktopLink\Unterlagen\Mods\Stronghold Crusader DE\Meine Mods\APIShared\tests\LobbyModSettingsPresetTests\LobbyModSettingsPresetTests.csproj]
C:\Program Files\dotnet\sdk\10.0.303\Microsoft.Common.CurrentVersion.targets(2453,5): warning MSB3277:           Elementincludes einer Projektdatei, die den Verweis "C:\Users\Serpens66\.nuget\packages\system.threading.tasks.extensions\4.5.4\lib\net461\System.Threading.Tasks.Extensions.dll" verursacht haben. [D:\CDesktopLink\Unterlagen\Mods\Stronghold Crusader DE\Meine Mods\APIShared\tests\LobbyModSettingsPresetTests\LobbyModSettingsPresetTests.csproj]
C:\Program Files\dotnet\sdk\10.0.303\Microsoft.Common.CurrentVersion.targets(2453,5): warning MSB3277:             C:\Users\Serpens66\.nuget\packages\system.threading.tasks.extensions\4.5.4\lib\net461\System.Threading.Tasks.Extensions.dll [D:\CDesktopLink\Unterlagen\Mods\Stronghold Crusader DE\Meine Mods\APIShared\tests\LobbyModSettingsPresetTests\LobbyModSettingsPresetTests.csproj]
C:\Program Files\dotnet\sdk\10.0.303\Microsoft.Common.CurrentVersion.targets(2453,5): warning MSB3277:     Verweise, die von „System.Threading.Tasks.Extensions, Version=4.2.4.0, Culture=neutral, PublicKeyToken=cc7b13ffcd2ddd51“ [] abhängen oder damit vereint wurden. [D:\CDesktopLink\Unterlagen\Mods\Stronghold Crusader DE\Meine Mods\APIShared\tests\LobbyModSettingsPresetTests\LobbyModSettingsPresetTests.csproj]
C:\Program Files\dotnet\sdk\10.0.303\Microsoft.Common.CurrentVersion.targets(2453,5): warning MSB3277:         E:\ProgrammeE\Steam\steamapps\common\Stronghold Crusader Definitive Edition\BepInEx\plugins\000shcdese\R3.dll [D:\CDesktopLink\Unterlagen\Mods\Stronghold Crusader DE\Meine Mods\APIShared\tests\LobbyModSettingsPresetTests\LobbyModSettingsPresetTests.csproj]
C:\Program Files\dotnet\sdk\10.0.303\Microsoft.Common.CurrentVersion.targets(2453,5): warning MSB3277:           Elementincludes einer Projektdatei, die den Verweis "E:\ProgrammeE\Steam\steamapps\common\Stronghold Crusader Definitive Edition\BepInEx\plugins\000shcdese\R3.dll" verursacht haben. [D:\CDesktopLink\Unterlagen\Mods\Stronghold Crusader DE\Meine Mods\APIShared\tests\LobbyModSettingsPresetTests\LobbyModSettingsPresetTests.csproj]
C:\Program Files\dotnet\sdk\10.0.303\Microsoft.Common.CurrentVersion.targets(2453,5): warning MSB3277:             R3 [D:\CDesktopLink\Unterlagen\Mods\Stronghold Crusader DE\Meine Mods\APIShared\tests\LobbyModSettingsPresetTests\LobbyModSettingsPresetTests.csproj]
C:\Program Files\dotnet\sdk\10.0.303\Microsoft.Common.CurrentVersion.targets(2453,5): warning MSB3277:             SHCDESE [D:\CDesktopLink\Unterlagen\Mods\Stronghold Crusader DE\Meine Mods\APIShared\tests\LobbyModSettingsPresetTests\LobbyModSettingsPresetTests.csproj]
C:\Program Files\dotnet\sdk\10.0.303\Microsoft.Common.CurrentVersion.targets(2453,5): warning MSB3277:         E:\ProgrammeE\Steam\steamapps\common\Stronghold Crusader Definitive Edition\BepInEx\plugins\000shcdese\MessagePack.dll [D:\CDesktopLink\Unterlagen\Mods\Stronghold Crusader DE\Meine Mods\APIShared\tests\LobbyModSettingsPresetTests\LobbyModSettingsPresetTests.csproj]
C:\Program Files\dotnet\sdk\10.0.303\Microsoft.Common.CurrentVersion.targets(2453,5): warning MSB3277:           Elementincludes einer Projektdatei, die den Verweis "E:\ProgrammeE\Steam\steamapps\common\Stronghold Crusader Definitive Edition\BepInEx\plugins\000shcdese\MessagePack.dll" verursacht haben. [D:\CDesktopLink\Unterlagen\Mods\Stronghold Crusader DE\Meine Mods\APIShared\tests\LobbyModSettingsPresetTests\LobbyModSettingsPresetTests.csproj]
C:\Program Files\dotnet\sdk\10.0.303\Microsoft.Common.CurrentVersion.targets(2453,5): warning MSB3277:             MessagePack [D:\CDesktopLink\Unterlagen\Mods\Stronghold Crusader DE\Meine Mods\APIShared\tests\LobbyModSettingsPresetTests\LobbyModSettingsPresetTests.csproj]
C:\Program Files\dotnet\sdk\10.0.303\Microsoft.Common.CurrentVersion.targets(2453,5): warning MSB3277:             SHCDESE [D:\CDesktopLink\Unterlagen\Mods\Stronghold Crusader DE\Meine Mods\APIShared\tests\LobbyModSettingsPresetTests\LobbyModSettingsPresetTests.csproj]
C:\Program Files\dotnet\sdk\10.0.303\Microsoft.Common.CurrentVersion.targets(2453,5): warning MSB3277:         C:\Users\Serpens66\.nuget\packages\mstest.testadapter\4.5.1\buildTransitive\net462\MSTestAdapter.PlatformServices.dll [D:\CDesktopLink\Unterlagen\Mods\Stronghold Crusader DE\Meine Mods\APIShared\tests\LobbyModSettingsPresetTests\LobbyModSettingsPresetTests.csproj]
C:\Program Files\dotnet\sdk\10.0.303\Microsoft.Common.CurrentVersion.targets(2453,5): warning MSB3277:           Elementincludes einer Projektdatei, die den Verweis "C:\Users\Serpens66\.nuget\packages\mstest.testadapter\4.5.1\buildTransitive\net462\MSTestAdapter.PlatformServices.dll" verursacht haben. [D:\CDesktopLink\Unterlagen\Mods\Stronghold Crusader DE\Meine Mods\APIShared\tests\LobbyModSettingsPresetTests\LobbyModSettingsPresetTests.csproj]
C:\Program Files\dotnet\sdk\10.0.303\Microsoft.Common.CurrentVersion.targets(2453,5): warning MSB3277:             MSTestAdapter.PlatformServices [D:\CDesktopLink\Unterlagen\Mods\Stronghold Crusader DE\Meine Mods\APIShared\tests\LobbyModSettingsPresetTests\LobbyModSettingsPresetTests.csproj]
C:\Program Files\dotnet\sdk\10.0.303\Microsoft.Common.CurrentVersion.targets(2453,5): warning MSB3277:             MSTest.TestAdapter [D:\CDesktopLink\Unterlagen\Mods\Stronghold Crusader DE\Meine Mods\APIShared\tests\LobbyModSettingsPresetTests\LobbyModSettingsPresetTests.csproj]
C:\Program Files\dotnet\sdk\10.0.303\Microsoft.Common.CurrentVersion.targets(2453,5): warning MSB3277:         E:\ProgrammeE\Steam\steamapps\common\Stronghold Crusader Definitive Edition\BepInEx\plugins\000shcdese\System.Threading.Channels.dll [D:\CDesktopLink\Unterlagen\Mods\Stronghold Crusader DE\Meine Mods\APIShared\tests\LobbyModSettingsPresetTests\LobbyModSettingsPresetTests.csproj]
C:\Program Files\dotnet\sdk\10.0.303\Microsoft.Common.CurrentVersion.targets(2453,5): warning MSB3277:           Elementincludes einer Projektdatei, die den Verweis "E:\ProgrammeE\Steam\steamapps\common\Stronghold Crusader Definitive Edition\BepInEx\plugins\000shcdese\System.Threading.Channels.dll" verursacht haben. [D:\CDesktopLink\Unterlagen\Mods\Stronghold Crusader DE\Meine Mods\APIShared\tests\LobbyModSettingsPresetTests\LobbyModSettingsPresetTests.csproj]
C:\Program Files\dotnet\sdk\10.0.303\Microsoft.Common.CurrentVersion.targets(2453,5): warning MSB3277:             R3 [D:\CDesktopLink\Unterlagen\Mods\Stronghold Crusader DE\Meine Mods\APIShared\tests\LobbyModSettingsPresetTests\LobbyModSettingsPresetTests.csproj]
C:\Program Files\dotnet\sdk\10.0.303\Microsoft.Common.CurrentVersion.targets(2453,5): warning MSB3277:             SHCDESE [D:\CDesktopLink\Unterlagen\Mods\Stronghold Crusader DE\Meine Mods\APIShared\tests\LobbyModSettingsPresetTests\LobbyModSettingsPresetTests.csproj]
C:\Program Files\dotnet\sdk\10.0.303\Microsoft.Common.CurrentVersion.targets(2453,5): warning MSB3277:         E:\ProgrammeE\Steam\steamapps\common\Stronghold Crusader Definitive Edition\BepInEx\plugins\000shcdese\Microsoft.Bcl.TimeProvider.dll [D:\CDesktopLink\Unterlagen\Mods\Stronghold Crusader DE\Meine Mods\APIShared\tests\LobbyModSettingsPresetTests\LobbyModSettingsPresetTests.csproj]
C:\Program Files\dotnet\sdk\10.0.303\Microsoft.Common.CurrentVersion.targets(2453,5): warning MSB3277:           Elementincludes einer Projektdatei, die den Verweis "E:\ProgrammeE\Steam\steamapps\common\Stronghold Crusader Definitive Edition\BepInEx\plugins\000shcdese\Microsoft.Bcl.TimeProvider.dll" verursacht haben. [D:\CDesktopLink\Unterlagen\Mods\Stronghold Crusader DE\Meine Mods\APIShared\tests\LobbyModSettingsPresetTests\LobbyModSettingsPresetTests.csproj]
C:\Program Files\dotnet\sdk\10.0.303\Microsoft.Common.CurrentVersion.targets(2453,5): warning MSB3277:             R3 [D:\CDesktopLink\Unterlagen\Mods\Stronghold Crusader DE\Meine Mods\APIShared\tests\LobbyModSettingsPresetTests\LobbyModSettingsPresetTests.csproj]
C:\Program Files\dotnet\sdk\10.0.303\Microsoft.Common.CurrentVersion.targets(2453,5): warning MSB3277:             SHCDESE [D:\CDesktopLink\Unterlagen\Mods\Stronghold Crusader DE\Meine Mods\APIShared\tests\LobbyModSettingsPresetTests\LobbyModSettingsPresetTests.csproj]
C:\Program Files\dotnet\sdk\10.0.303\Microsoft.Common.CurrentVersion.targets(2453,5): warning MSB3277:         E:\ProgrammeE\Steam\steamapps\common\Stronghold Crusader Definitive Edition\BepInEx\plugins\000shcdese\Microsoft.Bcl.AsyncInterfaces.dll [D:\CDesktopLink\Unterlagen\Mods\Stronghold Crusader DE\Meine Mods\APIShared\tests\LobbyModSettingsPresetTests\LobbyModSettingsPresetTests.csproj]
C:\Program Files\dotnet\sdk\10.0.303\Microsoft.Common.CurrentVersion.targets(2453,5): warning MSB3277:           Elementincludes einer Projektdatei, die den Verweis "E:\ProgrammeE\Steam\steamapps\common\Stronghold Crusader Definitive Edition\BepInEx\plugins\000shcdese\Microsoft.Bcl.AsyncInterfaces.dll" verursacht haben. [D:\CDesktopLink\Unterlagen\Mods\Stronghold Crusader DE\Meine Mods\APIShared\tests\LobbyModSettingsPresetTests\LobbyModSettingsPresetTests.csproj]
C:\Program Files\dotnet\sdk\10.0.303\Microsoft.Common.CurrentVersion.targets(2453,5): warning MSB3277:             R3 [D:\CDesktopLink\Unterlagen\Mods\Stronghold Crusader DE\Meine Mods\APIShared\tests\LobbyModSettingsPresetTests\LobbyModSettingsPresetTests.csproj]
C:\Program Files\dotnet\sdk\10.0.303\Microsoft.Common.CurrentVersion.targets(2453,5): warning MSB3277:             SHCDESE [D:\CDesktopLink\Unterlagen\Mods\Stronghold Crusader DE\Meine Mods\APIShared\tests\LobbyModSettingsPresetTests\LobbyModSettingsPresetTests.csproj]
C:\Program Files\dotnet\sdk\10.0.303\Microsoft.Common.CurrentVersion.targets(2453,5): warning MSB3277:             MessagePack [D:\CDesktopLink\Unterlagen\Mods\Stronghold Crusader DE\Meine Mods\APIShared\tests\LobbyModSettingsPresetTests\LobbyModSettingsPresetTests.csproj]
C:\Program Files\dotnet\sdk\10.0.303\Microsoft.Common.CurrentVersion.targets(2453,5): warning MSB3277:         E:\ProgrammeE\Steam\steamapps\common\Stronghold Crusader Definitive Edition\BepInEx\plugins\000shcdese\System.Text.Json.dll [D:\CDesktopLink\Unterlagen\Mods\Stronghold Crusader DE\Meine Mods\APIShared\tests\LobbyModSettingsPresetTests\LobbyModSettingsPresetTests.csproj]
C:\Program Files\dotnet\sdk\10.0.303\Microsoft.Common.CurrentVersion.targets(2453,5): warning MSB3277:           Elementincludes einer Projektdatei, die den Verweis "E:\ProgrammeE\Steam\steamapps\common\Stronghold Crusader Definitive Edition\BepInEx\plugins\000shcdese\System.Text.Json.dll" verursacht haben. [D:\CDesktopLink\Unterlagen\Mods\Stronghold Crusader DE\Meine Mods\APIShared\tests\LobbyModSettingsPresetTests\LobbyModSettingsPresetTests.csproj]
C:\Program Files\dotnet\sdk\10.0.303\Microsoft.Common.CurrentVersion.targets(2453,5): warning MSB3277:             SHCDESE [D:\CDesktopLink\Unterlagen\Mods\Stronghold Crusader DE\Meine Mods\APIShared\tests\LobbyModSettingsPresetTests\LobbyModSettingsPresetTests.csproj]
C:\Program Files\dotnet\sdk\10.0.303\Microsoft.Common.CurrentVersion.targets(2453,5): warning MSB3277:         E:\ProgrammeE\Steam\steamapps\common\Stronghold Crusader Definitive Edition\BepInEx\plugins\000shcdese\ICSharpCode.SharpZipLib.dll [D:\CDesktopLink\Unterlagen\Mods\Stronghold Crusader DE\Meine Mods\APIShared\tests\LobbyModSettingsPresetTests\LobbyModSettingsPresetTests.csproj]
C:\Program Files\dotnet\sdk\10.0.303\Microsoft.Common.CurrentVersion.targets(2453,5): warning MSB3277:           Elementincludes einer Projektdatei, die den Verweis "E:\ProgrammeE\Steam\steamapps\common\Stronghold Crusader Definitive Edition\BepInEx\plugins\000shcdese\ICSharpCode.SharpZipLib.dll" verursacht haben. [D:\CDesktopLink\Unterlagen\Mods\Stronghold Crusader DE\Meine Mods\APIShared\tests\LobbyModSettingsPresetTests\LobbyModSettingsPresetTests.csproj]
C:\Program Files\dotnet\sdk\10.0.303\Microsoft.Common.CurrentVersion.targets(2453,5): warning MSB3277:             SHCDESE [D:\CDesktopLink\Unterlagen\Mods\Stronghold Crusader DE\Meine Mods\APIShared\tests\LobbyModSettingsPresetTests\LobbyModSettingsPresetTests.csproj]
C:\Program Files\dotnet\sdk\10.0.303\Microsoft.Common.CurrentVersion.targets(2453,5): warning MSB3277:         E:\ProgrammeE\Steam\steamapps\common\Stronghold Crusader Definitive Edition\BepInEx\plugins\000shcdese\Serilog.dll [D:\CDesktopLink\Unterlagen\Mods\Stronghold Crusader DE\Meine Mods\APIShared\tests\LobbyModSettingsPresetTests\LobbyModSettingsPresetTests.csproj]
C:\Program Files\dotnet\sdk\10.0.303\Microsoft.Common.CurrentVersion.targets(2453,5): warning MSB3277:           Elementincludes einer Projektdatei, die den Verweis "E:\ProgrammeE\Steam\steamapps\common\Stronghold Crusader Definitive Edition\BepInEx\plugins\000shcdese\Serilog.dll" verursacht haben. [D:\CDesktopLink\Unterlagen\Mods\Stronghold Crusader DE\Meine Mods\APIShared\tests\LobbyModSettingsPresetTests\LobbyModSettingsPresetTests.csproj]
C:\Program Files\dotnet\sdk\10.0.303\Microsoft.Common.CurrentVersion.targets(2453,5): warning MSB3277:             SHCDESE [D:\CDesktopLink\Unterlagen\Mods\Stronghold Crusader DE\Meine Mods\APIShared\tests\LobbyModSettingsPresetTests\LobbyModSettingsPresetTests.csproj]
C:\Program Files\dotnet\sdk\10.0.303\Microsoft.Common.CurrentVersion.targets(2453,5): warning MSB3277:         E:\ProgrammeE\Steam\steamapps\common\Stronghold Crusader Definitive Edition\BepInEx\plugins\000shcdese\System.IO.Pipelines.dll [D:\CDesktopLink\Unterlagen\Mods\Stronghold Crusader DE\Meine Mods\APIShared\tests\LobbyModSettingsPresetTests\LobbyModSettingsPresetTests.csproj]
C:\Program Files\dotnet\sdk\10.0.303\Microsoft.Common.CurrentVersion.targets(2453,5): warning MSB3277:           Elementincludes einer Projektdatei, die den Verweis "E:\ProgrammeE\Steam\steamapps\common\Stronghold Crusader Definitive Edition\BepInEx\plugins\000shcdese\System.IO.Pipelines.dll" verursacht haben. [D:\CDesktopLink\Unterlagen\Mods\Stronghold Crusader DE\Meine Mods\APIShared\tests\LobbyModSettingsPresetTests\LobbyModSettingsPresetTests.csproj]
C:\Program Files\dotnet\sdk\10.0.303\Microsoft.Common.CurrentVersion.targets(2453,5): warning MSB3277:             SHCDESE [D:\CDesktopLink\Unterlagen\Mods\Stronghold Crusader DE\Meine Mods\APIShared\tests\LobbyModSettingsPresetTests\LobbyModSettingsPresetTests.csproj]
C:\Program Files\dotnet\sdk\10.0.303\Microsoft.Common.CurrentVersion.targets(2453,5): warning MSB3277:         E:\ProgrammeE\Steam\steamapps\common\Stronghold Crusader Definitive Edition\BepInEx\plugins\000shcdese\Microsoft.Extensions.DependencyInjection.Abstractions.dll [D:\CDesktopLink\Unterlagen\Mods\Stronghold Crusader DE\Meine Mods\APIShared\tests\LobbyModSettingsPresetTests\LobbyModSettingsPresetTests.csproj]
C:\Program Files\dotnet\sdk\10.0.303\Microsoft.Common.CurrentVersion.targets(2453,5): warning MSB3277:           Elementincludes einer Projektdatei, die den Verweis "E:\ProgrammeE\Steam\steamapps\common\Stronghold Crusader Definitive Edition\BepInEx\plugins\000shcdese\Microsoft.Extensions.DependencyInjection.Abstractions.dll" verursacht haben. [D:\CDesktopLink\Unterlagen\Mods\Stronghold Crusader DE\Meine Mods\APIShared\tests\LobbyModSettingsPresetTests\LobbyModSettingsPresetTests.csproj]
C:\Program Files\dotnet\sdk\10.0.303\Microsoft.Common.CurrentVersion.targets(2453,5): warning MSB3277:             SHCDESE [D:\CDesktopLink\Unterlagen\Mods\Stronghold Crusader DE\Meine Mods\APIShared\tests\LobbyModSettingsPresetTests\LobbyModSettingsPresetTests.csproj]
C:\Program Files\dotnet\sdk\10.0.303\Microsoft.Common.CurrentVersion.targets(2453,5): warning MSB3277:         E:\ProgrammeE\Steam\steamapps\common\Stronghold Crusader Definitive Edition\BepInEx\plugins\000shcdese\Microsoft.Extensions.DependencyInjection.dll [D:\CDesktopLink\Unterlagen\Mods\Stronghold Crusader DE\Meine Mods\APIShared\tests\LobbyModSettingsPresetTests\LobbyModSettingsPresetTests.csproj]
C:\Program Files\dotnet\sdk\10.0.303\Microsoft.Common.CurrentVersion.targets(2453,5): warning MSB3277:           Elementincludes einer Projektdatei, die den Verweis "E:\ProgrammeE\Steam\steamapps\common\Stronghold Crusader Definitive Edition\BepInEx\plugins\000shcdese\Microsoft.Extensions.DependencyInjection.dll" verursacht haben. [D:\CDesktopLink\Unterlagen\Mods\Stronghold Crusader DE\Meine Mods\APIShared\tests\LobbyModSettingsPresetTests\LobbyModSettingsPresetTests.csproj]
C:\Program Files\dotnet\sdk\10.0.303\Microsoft.Common.CurrentVersion.targets(2453,5): warning MSB3277:             SHCDESE [D:\CDesktopLink\Unterlagen\Mods\Stronghold Crusader DE\Meine Mods\APIShared\tests\LobbyModSettingsPresetTests\LobbyModSettingsPresetTests.csproj]
C:\Program Files\dotnet\sdk\10.0.303\Microsoft.Common.CurrentVersion.targets(2453,5): warning MSB3277: Es wurden Konflikte zwischen verschiedenen Versionen von "System.ValueTuple" gefunden, die nicht aufgelöst werden konnten. [D:\CDesktopLink\Unterlagen\Mods\Stronghold Crusader DE\Meine Mods\APIShared\tests\LobbyModSettingsPresetTests\LobbyModSettingsPresetTests.csproj]
C:\Program Files\dotnet\sdk\10.0.303\Microsoft.Common.CurrentVersion.targets(2453,5): warning MSB3277: Konflikt zwischen System.ValueTuple, Version=4.0.3.0, Culture=neutral, PublicKeyToken=cc7b13ffcd2ddd51 und System.ValueTuple, Version=4.0.5.0, Culture=neutral, PublicKeyToken=cc7b13ffcd2ddd51. [D:\CDesktopLink\Unterlagen\Mods\Stronghold Crusader DE\Meine Mods\APIShared\tests\LobbyModSettingsPresetTests\LobbyModSettingsPresetTests.csproj]
C:\Program Files\dotnet\sdk\10.0.303\Microsoft.Common.CurrentVersion.targets(2453,5): warning MSB3277:     System.ValueTuple, Version=4.0.3.0, Culture=neutral, PublicKeyToken=cc7b13ffcd2ddd51 wurde aufgrund der primären Eigenschaft System.ValueTuple, Version=4.0.5.0, Culture=neutral, PublicKeyToken=cc7b13ffcd2ddd51 vorgezogen. [D:\CDesktopLink\Unterlagen\Mods\Stronghold Crusader DE\Meine Mods\APIShared\tests\LobbyModSettingsPresetTests\LobbyModSettingsPresetTests.csproj]
C:\Program Files\dotnet\sdk\10.0.303\Microsoft.Common.CurrentVersion.targets(2453,5): warning MSB3277:     Verweise, die von "System.ValueTuple, Version=4.0.3.0, Culture=neutral, PublicKeyToken=cc7b13ffcd2ddd51" abhängig sind [C:\Users\Serpens66\.nuget\packages\system.valuetuple\4.5.0\ref\net47\System.ValueTuple.dll]. [D:\CDesktopLink\Unterlagen\Mods\Stronghold Crusader DE\Meine Mods\APIShared\tests\LobbyModSettingsPresetTests\LobbyModSettingsPresetTests.csproj]
C:\Program Files\dotnet\sdk\10.0.303\Microsoft.Common.CurrentVersion.targets(2453,5): warning MSB3277:         C:\Users\Serpens66\.nuget\packages\system.valuetuple\4.5.0\ref\net47\System.ValueTuple.dll [D:\CDesktopLink\Unterlagen\Mods\Stronghold Crusader DE\Meine Mods\APIShared\tests\LobbyModSettingsPresetTests\LobbyModSettingsPresetTests.csproj]
C:\Program Files\dotnet\sdk\10.0.303\Microsoft.Common.CurrentVersion.targets(2453,5): warning MSB3277:           Elementincludes einer Projektdatei, die den Verweis "C:\Users\Serpens66\.nuget\packages\system.valuetuple\4.5.0\ref\net47\System.ValueTuple.dll" verursacht haben. [D:\CDesktopLink\Unterlagen\Mods\Stronghold Crusader DE\Meine Mods\APIShared\tests\LobbyModSettingsPresetTests\LobbyModSettingsPresetTests.csproj]
C:\Program Files\dotnet\sdk\10.0.303\Microsoft.Common.CurrentVersion.targets(2453,5): warning MSB3277:             C:\Users\Serpens66\.nuget\packages\system.valuetuple\4.5.0\ref\net47\System.ValueTuple.dll [D:\CDesktopLink\Unterlagen\Mods\Stronghold Crusader DE\Meine Mods\APIShared\tests\LobbyModSettingsPresetTests\LobbyModSettingsPresetTests.csproj]
C:\Program Files\dotnet\sdk\10.0.303\Microsoft.Common.CurrentVersion.targets(2453,5): warning MSB3277:     Verweise, die von „System.ValueTuple, Version=4.0.5.0, Culture=neutral, PublicKeyToken=cc7b13ffcd2ddd51“ [] abhängen oder damit vereint wurden. [D:\CDesktopLink\Unterlagen\Mods\Stronghold Crusader DE\Meine Mods\APIShared\tests\LobbyModSettingsPresetTests\LobbyModSettingsPresetTests.csproj]
C:\Program Files\dotnet\sdk\10.0.303\Microsoft.Common.CurrentVersion.targets(2453,5): warning MSB3277:         C:\Users\Serpens66\.nuget\packages\mstest.testadapter\4.5.1\buildTransitive\net462\MSTest.TestAdapter.dll [D:\CDesktopLink\Unterlagen\Mods\Stronghold Crusader DE\Meine Mods\APIShared\tests\LobbyModSettingsPresetTests\LobbyModSettingsPresetTests.csproj]
C:\Program Files\dotnet\sdk\10.0.303\Microsoft.Common.CurrentVersion.targets(2453,5): warning MSB3277:           Elementincludes einer Projektdatei, die den Verweis "C:\Users\Serpens66\.nuget\packages\mstest.testadapter\4.5.1\buildTransitive\net462\MSTest.TestAdapter.dll" verursacht haben. [D:\CDesktopLink\Unterlagen\Mods\Stronghold Crusader DE\Meine Mods\APIShared\tests\LobbyModSettingsPresetTests\LobbyModSettingsPresetTests.csproj]
C:\Program Files\dotnet\sdk\10.0.303\Microsoft.Common.CurrentVersion.targets(2453,5): warning MSB3277:             MSTest.TestAdapter [D:\CDesktopLink\Unterlagen\Mods\Stronghold Crusader DE\Meine Mods\APIShared\tests\LobbyModSettingsPresetTests\LobbyModSettingsPresetTests.csproj]
C:\Program Files\dotnet\sdk\10.0.303\Microsoft.Common.CurrentVersion.targets(2453,5): warning MSB3277:         E:\ProgrammeE\Steam\steamapps\common\Stronghold Crusader Definitive Edition\BepInEx\plugins\000shcdese\System.Text.Json.dll [D:\CDesktopLink\Unterlagen\Mods\Stronghold Crusader DE\Meine Mods\APIShared\tests\LobbyModSettingsPresetTests\LobbyModSettingsPresetTests.csproj]
C:\Program Files\dotnet\sdk\10.0.303\Microsoft.Common.CurrentVersion.targets(2453,5): warning MSB3277:           Elementincludes einer Projektdatei, die den Verweis "E:\ProgrammeE\Steam\steamapps\common\Stronghold Crusader Definitive Edition\BepInEx\plugins\000shcdese\System.Text.Json.dll" verursacht haben. [D:\CDesktopLink\Unterlagen\Mods\Stronghold Crusader DE\Meine Mods\APIShared\tests\LobbyModSettingsPresetTests\LobbyModSettingsPresetTests.csproj]
C:\Program Files\dotnet\sdk\10.0.303\Microsoft.Common.CurrentVersion.targets(2453,5): warning MSB3277:             SHCDESE [D:\CDesktopLink\Unterlagen\Mods\Stronghold Crusader DE\Meine Mods\APIShared\tests\LobbyModSettingsPresetTests\LobbyModSettingsPresetTests.csproj]
C:\Program Files\dotnet\sdk\10.0.303\Microsoft.Common.CurrentVersion.targets(2453,5): warning MSB3277:         E:\ProgrammeE\Steam\steamapps\common\Stronghold Crusader Definitive Edition\BepInEx\plugins\000shcdese\NVorbis.dll [D:\CDesktopLink\Unterlagen\Mods\Stronghold Crusader DE\Meine Mods\APIShared\tests\LobbyModSettingsPresetTests\LobbyModSettingsPresetTests.csproj]
C:\Program Files\dotnet\sdk\10.0.303\Microsoft.Common.CurrentVersion.targets(2453,5): warning MSB3277:           Elementincludes einer Projektdatei, die den Verweis "E:\ProgrammeE\Steam\steamapps\common\Stronghold Crusader Definitive Edition\BepInEx\plugins\000shcdese\NVorbis.dll" verursacht haben. [D:\CDesktopLink\Unterlagen\Mods\Stronghold Crusader DE\Meine Mods\APIShared\tests\LobbyModSettingsPresetTests\LobbyModSettingsPresetTests.csproj]
C:\Program Files\dotnet\sdk\10.0.303\Microsoft.Common.CurrentVersion.targets(2453,5): warning MSB3277:             SHCDESE [D:\CDesktopLink\Unterlagen\Mods\Stronghold Crusader DE\Meine Mods\APIShared\tests\LobbyModSettingsPresetTests\LobbyModSettingsPresetTests.csproj]
C:\Program Files\dotnet\sdk\10.0.303\Microsoft.Common.CurrentVersion.targets(2453,5): warning MSB3277:         E:\ProgrammeE\Steam\steamapps\common\Stronghold Crusader Definitive Edition\BepInEx\plugins\000shcdese\Serilog.Extensions.Logging.dll [D:\CDesktopLink\Unterlagen\Mods\Stronghold Crusader DE\Meine Mods\APIShared\tests\LobbyModSettingsPresetTests\LobbyModSettingsPresetTests.csproj]
C:\Program Files\dotnet\sdk\10.0.303\Microsoft.Common.CurrentVersion.targets(2453,5): warning MSB3277:           Elementincludes einer Projektdatei, die den Verweis "E:\ProgrammeE\Steam\steamapps\common\Stronghold Crusader Definitive Edition\BepInEx\plugins\000shcdese\Serilog.Extensions.Logging.dll" verursacht haben. [D:\CDesktopLink\Unterlagen\Mods\Stronghold Crusader DE\Meine Mods\APIShared\tests\LobbyModSettingsPresetTests\LobbyModSettingsPresetTests.csproj]
C:\Program Files\dotnet\sdk\10.0.303\Microsoft.Common.CurrentVersion.targets(2453,5): warning MSB3277:             SHCDESE [D:\CDesktopLink\Unterlagen\Mods\Stronghold Crusader DE\Meine Mods\APIShared\tests\LobbyModSettingsPresetTests\LobbyModSettingsPresetTests.csproj]
C:\Program Files\dotnet\sdk\10.0.303\Microsoft.Common.CurrentVersion.targets(2453,5): warning MSB3277:         E:\ProgrammeE\Steam\steamapps\common\Stronghold Crusader Definitive Edition\BepInEx\plugins\000shcdese\Microsoft.Extensions.Logging.dll [D:\CDesktopLink\Unterlagen\Mods\Stronghold Crusader DE\Meine Mods\APIShared\tests\LobbyModSettingsPresetTests\LobbyModSettingsPresetTests.csproj]
C:\Program Files\dotnet\sdk\10.0.303\Microsoft.Common.CurrentVersion.targets(2453,5): warning MSB3277:           Elementincludes einer Projektdatei, die den Verweis "E:\ProgrammeE\Steam\steamapps\common\Stronghold Crusader Definitive Edition\BepInEx\plugins\000shcdese\Microsoft.Extensions.Logging.dll" verursacht haben. [D:\CDesktopLink\Unterlagen\Mods\Stronghold Crusader DE\Meine Mods\APIShared\tests\LobbyModSettingsPresetTests\LobbyModSettingsPresetTests.csproj]
C:\Program Files\dotnet\sdk\10.0.303\Microsoft.Common.CurrentVersion.targets(2453,5): warning MSB3277:             SHCDESE [D:\CDesktopLink\Unterlagen\Mods\Stronghold Crusader DE\Meine Mods\APIShared\tests\LobbyModSettingsPresetTests\LobbyModSettingsPresetTests.csproj]
C:\Program Files\dotnet\sdk\10.0.303\Microsoft.Common.CurrentVersion.targets(2453,5): warning MSB3277:         E:\ProgrammeE\Steam\steamapps\common\Stronghold Crusader Definitive Edition\BepInEx\plugins\000shcdese\Microsoft.Extensions.Options.dll [D:\CDesktopLink\Unterlagen\Mods\Stronghold Crusader DE\Meine Mods\APIShared\tests\LobbyModSettingsPresetTests\LobbyModSettingsPresetTests.csproj]
C:\Program Files\dotnet\sdk\10.0.303\Microsoft.Common.CurrentVersion.targets(2453,5): warning MSB3277:           Elementincludes einer Projektdatei, die den Verweis "E:\ProgrammeE\Steam\steamapps\common\Stronghold Crusader Definitive Edition\BepInEx\plugins\000shcdese\Microsoft.Extensions.Options.dll" verursacht haben. [D:\CDesktopLink\Unterlagen\Mods\Stronghold Crusader DE\Meine Mods\APIShared\tests\LobbyModSettingsPresetTests\LobbyModSettingsPresetTests.csproj]
C:\Program Files\dotnet\sdk\10.0.303\Microsoft.Common.CurrentVersion.targets(2453,5): warning MSB3277:             SHCDESE [D:\CDesktopLink\Unterlagen\Mods\Stronghold Crusader DE\Meine Mods\APIShared\tests\LobbyModSettingsPresetTests\LobbyModSettingsPresetTests.csproj]
C:\Program Files\dotnet\sdk\10.0.303\Microsoft.Common.CurrentVersion.targets(2453,5): warning MSB3277: Es wurden Konflikte zwischen verschiedenen Versionen von "System.Diagnostics.DiagnosticSource" gefunden, die nicht aufgelöst werden konnten. [D:\CDesktopLink\Unterlagen\Mods\Stronghold Crusader DE\Meine Mods\APIShared\tests\LobbyModSettingsPresetTests\LobbyModSettingsPresetTests.csproj]
C:\Program Files\dotnet\sdk\10.0.303\Microsoft.Common.CurrentVersion.targets(2453,5): warning MSB3277: Konflikt zwischen System.Diagnostics.DiagnosticSource, Version=6.0.0.0, Culture=neutral, PublicKeyToken=cc7b13ffcd2ddd51 und System.Diagnostics.DiagnosticSource, Version=10.0.0.12, Culture=neutral, PublicKeyToken=cc7b13ffcd2ddd51. [D:\CDesktopLink\Unterlagen\Mods\Stronghold Crusader DE\Meine Mods\APIShared\tests\LobbyModSettingsPresetTests\LobbyModSettingsPresetTests.csproj]
C:\Program Files\dotnet\sdk\10.0.303\Microsoft.Common.CurrentVersion.targets(2453,5): warning MSB3277:     System.Diagnostics.DiagnosticSource, Version=6.0.0.0, Culture=neutral, PublicKeyToken=cc7b13ffcd2ddd51 wurde aufgrund der primären Eigenschaft System.Diagnostics.DiagnosticSource, Version=10.0.0.12, Culture=neutral, PublicKeyToken=cc7b13ffcd2ddd51 vorgezogen. [D:\CDesktopLink\Unterlagen\Mods\Stronghold Crusader DE\Meine Mods\APIShared\tests\LobbyModSettingsPresetTests\LobbyModSettingsPresetTests.csproj]
C:\Program Files\dotnet\sdk\10.0.303\Microsoft.Common.CurrentVersion.targets(2453,5): warning MSB3277:     Verweise, die von "System.Diagnostics.DiagnosticSource, Version=6.0.0.0, Culture=neutral, PublicKeyToken=cc7b13ffcd2ddd51" abhängig sind [C:\Users\Serpens66\.nuget\packages\system.diagnostics.diagnosticsource\6.0.0\lib\net461\System.Diagnostics.DiagnosticSource.dll]. [D:\CDesktopLink\Unterlagen\Mods\Stronghold Crusader DE\Meine Mods\APIShared\tests\LobbyModSettingsPresetTests\LobbyModSettingsPresetTests.csproj]
C:\Program Files\dotnet\sdk\10.0.303\Microsoft.Common.CurrentVersion.targets(2453,5): warning MSB3277:         C:\Users\Serpens66\.nuget\packages\system.diagnostics.diagnosticsource\6.0.0\lib\net461\System.Diagnostics.DiagnosticSource.dll [D:\CDesktopLink\Unterlagen\Mods\Stronghold Crusader DE\Meine Mods\APIShared\tests\LobbyModSettingsPresetTests\LobbyModSettingsPresetTests.csproj]
C:\Program Files\dotnet\sdk\10.0.303\Microsoft.Common.CurrentVersion.targets(2453,5): warning MSB3277:           Elementincludes einer Projektdatei, die den Verweis "C:\Users\Serpens66\.nuget\packages\system.diagnostics.diagnosticsource\6.0.0\lib\net461\System.Diagnostics.DiagnosticSource.dll" verursacht haben. [D:\CDesktopLink\Unterlagen\Mods\Stronghold Crusader DE\Meine Mods\APIShared\tests\LobbyModSettingsPresetTests\LobbyModSettingsPresetTests.csproj]
C:\Program Files\dotnet\sdk\10.0.303\Microsoft.Common.CurrentVersion.targets(2453,5): warning MSB3277:             C:\Users\Serpens66\.nuget\packages\system.diagnostics.diagnosticsource\6.0.0\lib\net461\System.Diagnostics.DiagnosticSource.dll [D:\CDesktopLink\Unterlagen\Mods\Stronghold Crusader DE\Meine Mods\APIShared\tests\LobbyModSettingsPresetTests\LobbyModSettingsPresetTests.csproj]
C:\Program Files\dotnet\sdk\10.0.303\Microsoft.Common.CurrentVersion.targets(2453,5): warning MSB3277:     Verweise, die von „System.Diagnostics.DiagnosticSource, Version=10.0.0.12, Culture=neutral, PublicKeyToken=cc7b13ffcd2ddd51“ [] abhängen oder damit vereint wurden. [D:\CDesktopLink\Unterlagen\Mods\Stronghold Crusader DE\Meine Mods\APIShared\tests\LobbyModSettingsPresetTests\LobbyModSettingsPresetTests.csproj]
C:\Program Files\dotnet\sdk\10.0.303\Microsoft.Common.CurrentVersion.targets(2453,5): warning MSB3277:         C:\Users\Serpens66\.nuget\packages\microsoft.applicationinsights\2.23.0\lib\net46\Microsoft.ApplicationInsights.dll [D:\CDesktopLink\Unterlagen\Mods\Stronghold Crusader DE\Meine Mods\APIShared\tests\LobbyModSettingsPresetTests\LobbyModSettingsPresetTests.csproj]
C:\Program Files\dotnet\sdk\10.0.303\Microsoft.Common.CurrentVersion.targets(2453,5): warning MSB3277:           Elementincludes einer Projektdatei, die den Verweis "C:\Users\Serpens66\.nuget\packages\microsoft.applicationinsights\2.23.0\lib\net46\Microsoft.ApplicationInsights.dll" verursacht haben. [D:\CDesktopLink\Unterlagen\Mods\Stronghold Crusader DE\Meine Mods\APIShared\tests\LobbyModSettingsPresetTests\LobbyModSettingsPresetTests.csproj]
C:\Program Files\dotnet\sdk\10.0.303\Microsoft.Common.CurrentVersion.targets(2453,5): warning MSB3277:             C:\Users\Serpens66\.nuget\packages\microsoft.applicationinsights\2.23.0\lib\net46\Microsoft.ApplicationInsights.dll [D:\CDesktopLink\Unterlagen\Mods\Stronghold Crusader DE\Meine Mods\APIShared\tests\LobbyModSettingsPresetTests\LobbyModSettingsPresetTests.csproj]
C:\Program Files\dotnet\sdk\10.0.303\Microsoft.Common.CurrentVersion.targets(2453,5): warning MSB3277:             C:\Users\Serpens66\.nuget\packages\microsoft.testing.extensions.telemetry\2.5.1\lib\netstandard2.0\Microsoft.Testing.Extensions.Telemetry.dll [D:\CDesktopLink\Unterlagen\Mods\Stronghold Crusader DE\Meine Mods\APIShared\tests\LobbyModSettingsPresetTests\LobbyModSettingsPresetTests.csproj]
C:\Program Files\dotnet\sdk\10.0.303\Microsoft.Common.CurrentVersion.targets(2453,5): warning MSB3277:         E:\ProgrammeE\Steam\steamapps\common\Stronghold Crusader Definitive Edition\BepInEx\plugins\000shcdese\Microsoft.Extensions.Logging.Abstractions.dll [D:\CDesktopLink\Unterlagen\Mods\Stronghold Crusader DE\Meine Mods\APIShared\tests\LobbyModSettingsPresetTests\LobbyModSettingsPresetTests.csproj]
C:\Program Files\dotnet\sdk\10.0.303\Microsoft.Common.CurrentVersion.targets(2453,5): warning MSB3277:           Elementincludes einer Projektdatei, die den Verweis "E:\ProgrammeE\Steam\steamapps\common\Stronghold Crusader Definitive Edition\BepInEx\plugins\000shcdese\Microsoft.Extensions.Logging.Abstractions.dll" verursacht haben. [D:\CDesktopLink\Unterlagen\Mods\Stronghold Crusader DE\Meine Mods\APIShared\tests\LobbyModSettingsPresetTests\LobbyModSettingsPresetTests.csproj]
C:\Program Files\dotnet\sdk\10.0.303\Microsoft.Common.CurrentVersion.targets(2453,5): warning MSB3277:             SHCDESE [D:\CDesktopLink\Unterlagen\Mods\Stronghold Crusader DE\Meine Mods\APIShared\tests\LobbyModSettingsPresetTests\LobbyModSettingsPresetTests.csproj]
C:\Program Files\dotnet\sdk\10.0.303\Microsoft.Common.CurrentVersion.targets(2453,5): warning MSB3277:         E:\ProgrammeE\Steam\steamapps\common\Stronghold Crusader Definitive Edition\BepInEx\plugins\000shcdese\Serilog.dll [D:\CDesktopLink\Unterlagen\Mods\Stronghold Crusader DE\Meine Mods\APIShared\tests\LobbyModSettingsPresetTests\LobbyModSettingsPresetTests.csproj]
C:\Program Files\dotnet\sdk\10.0.303\Microsoft.Common.CurrentVersion.targets(2453,5): warning MSB3277:           Elementincludes einer Projektdatei, die den Verweis "E:\ProgrammeE\Steam\steamapps\common\Stronghold Crusader Definitive Edition\BepInEx\plugins\000shcdese\Serilog.dll" verursacht haben. [D:\CDesktopLink\Unterlagen\Mods\Stronghold Crusader DE\Meine Mods\APIShared\tests\LobbyModSettingsPresetTests\LobbyModSettingsPresetTests.csproj]
C:\Program Files\dotnet\sdk\10.0.303\Microsoft.Common.CurrentVersion.targets(2453,5): warning MSB3277:             SHCDESE [D:\CDesktopLink\Unterlagen\Mods\Stronghold Crusader DE\Meine Mods\APIShared\tests\LobbyModSettingsPresetTests\LobbyModSettingsPresetTests.csproj]
C:\Program Files\dotnet\sdk\10.0.303\Microsoft.Common.CurrentVersion.targets(2453,5): warning MSB3277:         E:\ProgrammeE\Steam\steamapps\common\Stronghold Crusader Definitive Edition\BepInEx\plugins\000shcdese\Serilog.Extensions.Logging.dll [D:\CDesktopLink\Unterlagen\Mods\Stronghold Crusader DE\Meine Mods\APIShared\tests\LobbyModSettingsPresetTests\LobbyModSettingsPresetTests.csproj]
C:\Program Files\dotnet\sdk\10.0.303\Microsoft.Common.CurrentVersion.targets(2453,5): warning MSB3277:           Elementincludes einer Projektdatei, die den Verweis "E:\ProgrammeE\Steam\steamapps\common\Stronghold Crusader Definitive Edition\BepInEx\plugins\000shcdese\Serilog.Extensions.Logging.dll" verursacht haben. [D:\CDesktopLink\Unterlagen\Mods\Stronghold Crusader DE\Meine Mods\APIShared\tests\LobbyModSettingsPresetTests\LobbyModSettingsPresetTests.csproj]
C:\Program Files\dotnet\sdk\10.0.303\Microsoft.Common.CurrentVersion.targets(2453,5): warning MSB3277:             SHCDESE [D:\CDesktopLink\Unterlagen\Mods\Stronghold Crusader DE\Meine Mods\APIShared\tests\LobbyModSettingsPresetTests\LobbyModSettingsPresetTests.csproj]
C:\Program Files\dotnet\sdk\10.0.303\Microsoft.Common.CurrentVersion.targets(2453,5): warning MSB3277:         E:\ProgrammeE\Steam\steamapps\common\Stronghold Crusader Definitive Edition\BepInEx\plugins\000shcdese\Microsoft.Extensions.Logging.dll [D:\CDesktopLink\Unterlagen\Mods\Stronghold Crusader DE\Meine Mods\APIShared\tests\LobbyModSettingsPresetTests\LobbyModSettingsPresetTests.csproj]
C:\Program Files\dotnet\sdk\10.0.303\Microsoft.Common.CurrentVersion.targets(2453,5): warning MSB3277:           Elementincludes einer Projektdatei, die den Verweis "E:\ProgrammeE\Steam\steamapps\common\Stronghold Crusader Definitive Edition\BepInEx\plugins\000shcdese\Microsoft.Extensions.Logging.dll" verursacht haben. [D:\CDesktopLink\Unterlagen\Mods\Stronghold Crusader DE\Meine Mods\APIShared\tests\LobbyModSettingsPresetTests\LobbyModSettingsPresetTests.csproj]
C:\Program Files\dotnet\sdk\10.0.303\Microsoft.Common.CurrentVersion.targets(2453,5): warning MSB3277:             SHCDESE [D:\CDesktopLink\Unterlagen\Mods\Stronghold Crusader DE\Meine Mods\APIShared\tests\LobbyModSettingsPresetTests\LobbyModSettingsPresetTests.csproj]
  LobbyModSettingsPresetTests -> D:\CDesktopLink\Unterlagen\Mods\Stronghold Crusader DE\Meine Mods\APIShared\tests\LobbyModSettingsPresetTests\bin\Release\net481\LobbyModSettingsPresetTests.dll
Testlauf für "D:\CDesktopLink\Unterlagen\Mods\Stronghold Crusader DE\Meine Mods\APIShared\tests\LobbyModSettingsPresetTests\bin\Release\net481\LobbyModSettingsPresetTests.dll" (.NETFramework,Version=v4.8.1)
Insgesamt 1 Testdateien stimmten mit dem angegebenen Muster überein.
Ergebnisdatei: D:\CDesktopLink\Unterlagen\Mods\Stronghold Crusader DE\Meine Mods\APIShared\.local\test-results\Serpens66_PC-SERPW11_2026-10-10_18_16_31_net481.trx

Bestanden!   : Fehler:     0, erfolgreich:    21, übersprungen:     0, gesamt:    21, Dauer: 958 ms - LobbyModSettingsPresetTests.dll (net481)
[Build] Running MSBuild.exe: D:\CDesktopLink\Unterlagen\Mods\Stronghold Crusader DE\Meine Mods\APIShared\APIShared.csproj
MSBuild-Version 17.11.9+a69bbaaf5 für .NET Framework
Der Buildvorgang wurde am 10.10.2026 18:16:31 gestartet.

Projekt "D:\CDesktopLink\Unterlagen\Mods\Stronghold Crusader DE\Meine Mods\APIShared\APIShared.csproj" auf Knoten "1", Rebuild Ziel(e).
CoreClean:
  Die Datei "D:\CDesktopLink\Unterlagen\Mods\Stronghold Crusader DE\Meine Mods\APIShared\BepInEx\plugins\APIShared_Serp\Patches\Assets\GUI\XAMLResources\HUD_Buildings.xaml" wird gelöscht.
  Die Datei "D:\CDesktopLink\Unterlagen\Mods\Stronghold Crusader DE\Meine Mods\APIShared\BepInEx\plugins\APIShared_Serp\Patches\Assets\GUI\XAMLResources\HUD_Troops.xaml" wird gelöscht.
  Die Datei "D:\CDesktopLink\Unterlagen\Mods\Stronghold Crusader DE\Meine Mods\APIShared\BepInEx\plugins\APIShared_Serp\Patches\Assets\GUI\XAML\MainHUD.xaml" wird gelöscht.
  Die Datei "D:\CDesktopLink\Unterlagen\Mods\Stronghold Crusader DE\Meine Mods\APIShared\BepInEx\plugins\APIShared_Serp\info.json" wird gelöscht.
  Die Datei "D:\CDesktopLink\Unterlagen\Mods\Stronghold Crusader DE\Meine Mods\APIShared\BepInEx\plugins\APIShared_Serp\APIShared.xml" wird gelöscht.
  Die Datei "D:\CDesktopLink\Unterlagen\Mods\Stronghold Crusader DE\Meine Mods\APIShared\BepInEx\plugins\APIShared_Serp\APIShared.dll" wird gelöscht.
  Die Datei "D:\CDesktopLink\Unterlagen\Mods\Stronghold Crusader DE\Meine Mods\APIShared\BepInEx\plugins\APIShared_Serp\APIShared.pdb" wird gelöscht.
  Die Datei "D:\CDesktopLink\Unterlagen\Mods\Stronghold Crusader DE\Meine Mods\APIShared\BepInEx\plugins\APIShared_Serp\Patches\Assets\GUI\XAML\IngameUIScreens.xaml" wird gelöscht.
  Die Datei "D:\CDesktopLink\Unterlagen\Mods\Stronghold Crusader DE\Meine Mods\APIShared\obj\Release\APIShared.csproj.AssemblyReference.cache" wird gelöscht.
  Die Datei "D:\CDesktopLink\Unterlagen\Mods\Stronghold Crusader DE\Meine Mods\APIShared\obj\Release\APIShared.csproj.CoreCompileInputs.cache" wird gelöscht.
  Die Datei "D:\CDesktopLink\Unterlagen\Mods\Stronghold Crusader DE\Meine Mods\APIShared\obj\Release\APIShared.dll" wird gelöscht.
  Die Datei "D:\CDesktopLink\Unterlagen\Mods\Stronghold Crusader DE\Meine Mods\APIShared\obj\Release\APIShared.pdb" wird gelöscht.
C:\Program Files (x86)\Microsoft Visual Studio\2022\BuildTools\MSBuild\Current\Bin\Microsoft.Common.CurrentVersion.targets(2412,5): warning MSB3277: Es wurden Konflikte zwischen verschiedenen Versionen von "Mono.Cecil" gefunden, die nicht aufgelöst werden konnten. [D:\CDesktopLink\Unterlagen\Mods\Stronghold Crusader DE\Meine Mods\APIShared\APIShared.csproj]
C:\Program Files (x86)\Microsoft Visual Studio\2022\BuildTools\MSBuild\Current\Bin\Microsoft.Common.CurrentVersion.targets(2412,5): warning MSB3277: Konflikt zwischen Mono.Cecil, Version=0.10.4.0, Culture=neutral, PublicKeyToken=50cebf1cceb9d05e und Mono.Cecil, Version=0.11.4.0, Culture=neutral, PublicKeyToken=50cebf1cceb9d05e. [D:\CDesktopLink\Unterlagen\Mods\Stronghold Crusader DE\Meine Mods\APIShared\APIShared.csproj]
C:\Program Files (x86)\Microsoft Visual Studio\2022\BuildTools\MSBuild\Current\Bin\Microsoft.Common.CurrentVersion.targets(2412,5): warning MSB3277:     Mono.Cecil, Version=0.10.4.0, Culture=neutral, PublicKeyToken=50cebf1cceb9d05e wurde aufgrund der primären Eigenschaft Mono.Cecil, Version=0.11.4.0, Culture=neutral, PublicKeyToken=50cebf1cceb9d05e vorgezogen. [D:\CDesktopLink\Unterlagen\Mods\Stronghold Crusader DE\Meine Mods\APIShared\APIShared.csproj]
C:\Program Files (x86)\Microsoft Visual Studio\2022\BuildTools\MSBuild\Current\Bin\Microsoft.Common.CurrentVersion.targets(2412,5): warning MSB3277:     Verweise, die von "Mono.Cecil, Version=0.10.4.0, Culture=neutral, PublicKeyToken=50cebf1cceb9d05e" abhängig sind [E:\ProgrammeE\Steam\steamapps\common\Stronghold Crusader Definitive Edition\BepInEx\core\Mono.Cecil.dll]. [D:\CDesktopLink\Unterlagen\Mods\Stronghold Crusader DE\Meine Mods\APIShared\APIShared.csproj]
C:\Program Files (x86)\Microsoft Visual Studio\2022\BuildTools\MSBuild\Current\Bin\Microsoft.Common.CurrentVersion.targets(2412,5): warning MSB3277:         E:\ProgrammeE\Steam\steamapps\common\Stronghold Crusader Definitive Edition\BepInEx\core\Mono.Cecil.dll [D:\CDesktopLink\Unterlagen\Mods\Stronghold Crusader DE\Meine Mods\APIShared\APIShared.csproj]
C:\Program Files (x86)\Microsoft Visual Studio\2022\BuildTools\MSBuild\Current\Bin\Microsoft.Common.CurrentVersion.targets(2412,5): warning MSB3277:           Elementincludes einer Projektdatei, die den Verweis "E:\ProgrammeE\Steam\steamapps\common\Stronghold Crusader Definitive Edition\BepInEx\core\Mono.Cecil.dll" verursacht haben. [D:\CDesktopLink\Unterlagen\Mods\Stronghold Crusader DE\Meine Mods\APIShared\APIShared.csproj]
C:\Program Files (x86)\Microsoft Visual Studio\2022\BuildTools\MSBuild\Current\Bin\Microsoft.Common.CurrentVersion.targets(2412,5): warning MSB3277:             Mono.Cecil [D:\CDesktopLink\Unterlagen\Mods\Stronghold Crusader DE\Meine Mods\APIShared\APIShared.csproj]
C:\Program Files (x86)\Microsoft Visual Studio\2022\BuildTools\MSBuild\Current\Bin\Microsoft.Common.CurrentVersion.targets(2412,5): warning MSB3277:     Verweise, die von „Mono.Cecil, Version=0.11.4.0, Culture=neutral, PublicKeyToken=50cebf1cceb9d05e“ [] abhängen oder damit vereint wurden. [D:\CDesktopLink\Unterlagen\Mods\Stronghold Crusader DE\Meine Mods\APIShared\APIShared.csproj]
C:\Program Files (x86)\Microsoft Visual Studio\2022\BuildTools\MSBuild\Current\Bin\Microsoft.Common.CurrentVersion.targets(2412,5): warning MSB3277:         E:\ProgrammeE\Steam\steamapps\common\Stronghold Crusader Definitive Edition\BepInEx\core\BepInEx.dll [D:\CDesktopLink\Unterlagen\Mods\Stronghold Crusader DE\Meine Mods\APIShared\APIShared.csproj]
C:\Program Files (x86)\Microsoft Visual Studio\2022\BuildTools\MSBuild\Current\Bin\Microsoft.Common.CurrentVersion.targets(2412,5): warning MSB3277:           Elementincludes einer Projektdatei, die den Verweis "E:\ProgrammeE\Steam\steamapps\common\Stronghold Crusader Definitive Edition\BepInEx\core\BepInEx.dll" verursacht haben. [D:\CDesktopLink\Unterlagen\Mods\Stronghold Crusader DE\Meine Mods\APIShared\APIShared.csproj]
C:\Program Files (x86)\Microsoft Visual Studio\2022\BuildTools\MSBuild\Current\Bin\Microsoft.Common.CurrentVersion.targets(2412,5): warning MSB3277:             BepInEx [D:\CDesktopLink\Unterlagen\Mods\Stronghold Crusader DE\Meine Mods\APIShared\APIShared.csproj]
C:\Program Files (x86)\Microsoft Visual Studio\2022\BuildTools\MSBuild\Current\Bin\Microsoft.Common.CurrentVersion.targets(2412,5): warning MSB3277:         E:\ProgrammeE\Steam\steamapps\common\Stronghold Crusader Definitive Edition\BepInEx\core\0Harmony.dll [D:\CDesktopLink\Unterlagen\Mods\Stronghold Crusader DE\Meine Mods\APIShared\APIShared.csproj]
C:\Program Files (x86)\Microsoft Visual Studio\2022\BuildTools\MSBuild\Current\Bin\Microsoft.Common.CurrentVersion.targets(2412,5): warning MSB3277:           Elementincludes einer Projektdatei, die den Verweis "E:\ProgrammeE\Steam\steamapps\common\Stronghold Crusader Definitive Edition\BepInEx\core\0Harmony.dll" verursacht haben. [D:\CDesktopLink\Unterlagen\Mods\Stronghold Crusader DE\Meine Mods\APIShared\APIShared.csproj]
C:\Program Files (x86)\Microsoft Visual Studio\2022\BuildTools\MSBuild\Current\Bin\Microsoft.Common.CurrentVersion.targets(2412,5): warning MSB3277:             0Harmony [D:\CDesktopLink\Unterlagen\Mods\Stronghold Crusader DE\Meine Mods\APIShared\APIShared.csproj]
C:\Program Files (x86)\Microsoft Visual Studio\2022\BuildTools\MSBuild\Current\Bin\Microsoft.Common.CurrentVersion.targets(2412,5): warning MSB3277:             BepInEx [D:\CDesktopLink\Unterlagen\Mods\Stronghold Crusader DE\Meine Mods\APIShared\APIShared.csproj]
C:\Program Files (x86)\Microsoft Visual Studio\2022\BuildTools\MSBuild\Current\Bin\Microsoft.Common.CurrentVersion.targets(2412,5): warning MSB3277:         E:\ProgrammeE\Steam\steamapps\common\Stronghold Crusader Definitive Edition\BepInEx\core\MonoMod.Utils.dll [D:\CDesktopLink\Unterlagen\Mods\Stronghold Crusader DE\Meine Mods\APIShared\APIShared.csproj]
C:\Program Files (x86)\Microsoft Visual Studio\2022\BuildTools\MSBuild\Current\Bin\Microsoft.Common.CurrentVersion.targets(2412,5): warning MSB3277:           Elementincludes einer Projektdatei, die den Verweis "E:\ProgrammeE\Steam\steamapps\common\Stronghold Crusader Definitive Edition\BepInEx\core\MonoMod.Utils.dll" verursacht haben. [D:\CDesktopLink\Unterlagen\Mods\Stronghold Crusader DE\Meine Mods\APIShared\APIShared.csproj]
C:\Program Files (x86)\Microsoft Visual Studio\2022\BuildTools\MSBuild\Current\Bin\Microsoft.Common.CurrentVersion.targets(2412,5): warning MSB3277:             MonoMod.Utils [D:\CDesktopLink\Unterlagen\Mods\Stronghold Crusader DE\Meine Mods\APIShared\APIShared.csproj]
C:\Program Files (x86)\Microsoft Visual Studio\2022\BuildTools\MSBuild\Current\Bin\Microsoft.Common.CurrentVersion.targets(2412,5): warning MSB3277:             BepInEx [D:\CDesktopLink\Unterlagen\Mods\Stronghold Crusader DE\Meine Mods\APIShared\APIShared.csproj]
C:\Program Files (x86)\Microsoft Visual Studio\2022\BuildTools\MSBuild\Current\Bin\Microsoft.Common.CurrentVersion.targets(2412,5): warning MSB3277:             0Harmony [D:\CDesktopLink\Unterlagen\Mods\Stronghold Crusader DE\Meine Mods\APIShared\APIShared.csproj]
C:\Program Files (x86)\Microsoft Visual Studio\2022\BuildTools\MSBuild\Current\Bin\Microsoft.Common.CurrentVersion.targets(2412,5): warning MSB3277:             MonoMod.RuntimeDetour [D:\CDesktopLink\Unterlagen\Mods\Stronghold Crusader DE\Meine Mods\APIShared\APIShared.csproj]
C:\Program Files (x86)\Microsoft Visual Studio\2022\BuildTools\MSBuild\Current\Bin\Microsoft.Common.CurrentVersion.targets(2412,5): warning MSB3277:         E:\ProgrammeE\Steam\steamapps\common\Stronghold Crusader Definitive Edition\BepInEx\core\MonoMod.RuntimeDetour.dll [D:\CDesktopLink\Unterlagen\Mods\Stronghold Crusader DE\Meine Mods\APIShared\APIShared.csproj]
C:\Program Files (x86)\Microsoft Visual Studio\2022\BuildTools\MSBuild\Current\Bin\Microsoft.Common.CurrentVersion.targets(2412,5): warning MSB3277:           Elementincludes einer Projektdatei, die den Verweis "E:\ProgrammeE\Steam\steamapps\common\Stronghold Crusader Definitive Edition\BepInEx\core\MonoMod.RuntimeDetour.dll" verursacht haben. [D:\CDesktopLink\Unterlagen\Mods\Stronghold Crusader DE\Meine Mods\APIShared\APIShared.csproj]
C:\Program Files (x86)\Microsoft Visual Studio\2022\BuildTools\MSBuild\Current\Bin\Microsoft.Common.CurrentVersion.targets(2412,5): warning MSB3277:             MonoMod.RuntimeDetour [D:\CDesktopLink\Unterlagen\Mods\Stronghold Crusader DE\Meine Mods\APIShared\APIShared.csproj]
C:\Program Files (x86)\Microsoft Visual Studio\2022\BuildTools\MSBuild\Current\Bin\Microsoft.Common.CurrentVersion.targets(2412,5): warning MSB3277:             0Harmony [D:\CDesktopLink\Unterlagen\Mods\Stronghold Crusader DE\Meine Mods\APIShared\APIShared.csproj]
C:\Program Files (x86)\Microsoft Visual Studio\2022\BuildTools\MSBuild\Current\Bin\Microsoft.Common.CurrentVersion.targets(2412,5): warning MSB3277:             BepInEx [D:\CDesktopLink\Unterlagen\Mods\Stronghold Crusader DE\Meine Mods\APIShared\APIShared.csproj]
C:\Program Files (x86)\Microsoft Visual Studio\2022\BuildTools\MSBuild\Current\Bin\Microsoft.Common.CurrentVersion.targets(2412,5): warning MSB3277:         E:\ProgrammeE\Steam\steamapps\common\Stronghold Crusader Definitive Edition\BepInEx\plugins\000shcdese\SHCDESE.dll [D:\CDesktopLink\Unterlagen\Mods\Stronghold Crusader DE\Meine Mods\APIShared\APIShared.csproj]
C:\Program Files (x86)\Microsoft Visual Studio\2022\BuildTools\MSBuild\Current\Bin\Microsoft.Common.CurrentVersion.targets(2412,5): warning MSB3277:           Elementincludes einer Projektdatei, die den Verweis "E:\ProgrammeE\Steam\steamapps\common\Stronghold Crusader Definitive Edition\BepInEx\plugins\000shcdese\SHCDESE.dll" verursacht haben. [D:\CDesktopLink\Unterlagen\Mods\Stronghold Crusader DE\Meine Mods\APIShared\APIShared.csproj]
C:\Program Files (x86)\Microsoft Visual Studio\2022\BuildTools\MSBuild\Current\Bin\Microsoft.Common.CurrentVersion.targets(2412,5): warning MSB3277:             SHCDESE [D:\CDesktopLink\Unterlagen\Mods\Stronghold Crusader DE\Meine Mods\APIShared\APIShared.csproj]
GenerateTargetFrameworkMonikerAttribute:
Das Ziel "GenerateTargetFrameworkMonikerAttribute" wird übersprungen, da alle Ausgabedateien hinsichtlich der Eingabedateien aktuell sind.
CoreCompile:
  C:\Program Files (x86)\Microsoft Visual Studio\2022\BuildTools\MSBuild\Current\Bin\Roslyn\csc.exe /noconfig /unsafe+ /nowarn:1701,1702 /fullpaths /nostdlib+ /warn:4 /doc:BepInEx\plugins\APIShared_Serp\APIShared.xml /define:API_SHARED_LOBBY_OBSERVER;API_SHARED_INTERNAL_JSON;API_SHARED_INTERNAL_TOOLTIP /highentropyva+ /reference:"E:\ProgrammeE\Steam\steamapps\common\Stronghold Crusader Definitive Edition\BepInEx\core\0Harmony.dll" /reference:"E:\ProgrammeE\Steam\steamapps\common\Stronghold Crusader Definitive Edition\Stronghold Crusader Definitive Edition_Data\Managed\Assembly-CSharp.dll" /reference:"E:\ProgrammeE\Steam\steamapps\common\Stronghold Crusader Definitive Edition\BepInEx\core\BepInEx.dll" /reference:"E:\ProgrammeE\Steam\steamapps\common\Stronghold Crusader Definitive Edition\Stronghold Crusader Definitive Edition_Data\Managed\com.rlabrecque.steamworks.net.dll" /reference:"E:\ProgrammeE\Steam\steamapps\common\Stronghold Crusader Definitive Edition\BepInEx\plugins\000shcdese\Iced.dll" /reference:"E:\ProgrammeE\Steam\steamapps\common\Stronghold Crusader Definitive Edition\BepInEx\plugins\000shcdese\MessagePack.Annotations.dll" /reference:"E:\ProgrammeE\Steam\steamapps\common\Stronghold Crusader Definitive Edition\BepInEx\plugins\000shcdese\MessagePack.dll" /reference:"E:\ProgrammeE\Steam\steamapps\common\Stronghold Crusader Definitive Edition\BepInEx\plugins\000shcdese\Microsoft.Extensions.Logging.Abstractions.dll" /reference:"E:\ProgrammeE\Steam\steamapps\common\Stronghold Crusader Definitive Edition\BepInEx\core\Mono.Cecil.dll" /reference:"E:\ProgrammeE\Steam\steamapps\common\Stronghold Crusader Definitive Edition\BepInEx\core\MonoMod.RuntimeDetour.dll" /reference:"E:\ProgrammeE\Steam\steamapps\common\Stronghold Crusader Definitive Edition\BepInEx\core\MonoMod.Utils.dll" /reference:"C:\Program Files (x86)\Reference Assemblies\Microsoft\Framework\.NETFramework\v4.8.1\mscorlib.dll" /reference:"E:\ProgrammeE\Steam\steamapps\common\Stronghold Crusader Definitive Edition\Stronghold Crusader Definitive Edition_Data\Managed\Noesis.NoesisGUI.dll" /reference:"E:\ProgrammeE\Steam\steamapps\common\Stronghold Crusader Definitive Edition\BepInEx\plugins\000shcdese\R3.dll" /reference:"E:\ProgrammeE\Steam\steamapps\common\Stronghold Crusader Definitive Edition\BepInEx\plugins\000shcdese\RedBird.Abstractions.dll" /reference:"E:\ProgrammeE\Steam\steamapps\common\Stronghold Crusader Definitive Edition\BepInEx\plugins\000shcdese\RedBird.Backends.NativeX64.dll" /reference:"E:\ProgrammeE\Steam\steamapps\common\Stronghold Crusader Definitive Edition\BepInEx\plugins\000shcdese\RedBird.Core.dll" /reference:"E:\ProgrammeE\Steam\steamapps\common\Stronghold Crusader Definitive Edition\BepInEx\plugins\000shcdese\RedBird.X64.dll" /reference:"E:\ProgrammeE\Steam\steamapps\common\Stronghold Crusader Definitive Edition\BepInEx\plugins\000shcdese\SHCDESE.dll" /reference:"C:\Program Files (x86)\Reference Assemblies\Microsoft\Framework\.NETFramework\v4.8.1\System.Core.dll" /reference:"C:\Program Files (x86)\Reference Assemblies\Microsoft\Framework\.NETFramework\v4.8.1\System.dll" /reference:"E:\ProgrammeE\Steam\steamapps\common\Stronghold Crusader Definitive Edition\BepInEx\plugins\000shcdese\System.Memory.dll" /reference:"C:\Program Files (x86)\Reference Assemblies\Microsoft\Framework\.NETFramework\v4.8.1\System.Numerics.dll" /reference:"C:\Program Files (x86)\Reference Assemblies\Microsoft\Framework\.NETFramework\v4.8.1\System.Xml.dll" /reference:"C:\Program Files (x86)\Reference Assemblies\Microsoft\Framework\.NETFramework\v4.8.1\System.Xml.Linq.dll" /reference:"E:\ProgrammeE\Steam\steamapps\common\Stronghold Crusader Definitive Edition\Stronghold Crusader Definitive Edition_Data\Managed\UnityEngine.CoreModule.dll" /reference:"E:\ProgrammeE\Steam\steamapps\common\Stronghold Crusader Definitive Edition\Stronghold Crusader Definitive Edition_Data\Managed\UnityEngine.dll" /reference:"E:\ProgrammeE\Steam\steamapps\common\Stronghold Crusader Definitive Edition\Stronghold Crusader Definitive Edition_Data\Managed\UnityEngine.InputLegacyModule.dll" /reference:"C:\Program Files (x86)\Reference Assemblies\Microsoft\Framework\.NETFramework\v4.8.1\Facades\Microsoft.Win32.Primitives.dll" /reference:"C:\Program Files (x86)\Reference Assemblies\Microsoft\Framework\.NETFramework\v4.8.1\Facades\netstandard.dll" /reference:"C:\Program Files (x86)\Reference Assemblies\Microsoft\Framework\.NETFramework\v4.8.1\Facades\System.AppContext.dll" /reference:"C:\Program Files (x86)\Reference Assemblies\Microsoft\Framework\.NETFramework\v4.8.1\Facades\System.Collections.Concurrent.dll" /reference:"C:\Program Files (x86)\Reference Assemblies\Microsoft\Framework\.NETFramework\v4.8.1\Facades\System.Collections.dll" /reference:"C:\Program Files (x86)\Reference Assemblies\Microsoft\Framework\.NETFramework\v4.8.1\Facades\System.Collections.NonGeneric.dll" /reference:"C:\Program Files (x86)\Reference Assemblies\Microsoft\Framework\.NETFramework\v4.8.1\Facades\System.Collections.Specialized.dll" /reference:"C:\Program Files (x86)\Reference Assemblies\Microsoft\Framework\.NETFramework\v4.8.1\Facades\System.ComponentModel.Annotations.dll" /reference:"C:\Program Files (x86)\Reference Assemblies\Microsoft\Framework\.NETFramework\v4.8.1\Facades\System.ComponentModel.dll" /reference:"C:\Program Files (x86)\Reference Assemblies\Microsoft\Framework\.NETFramework\v4.8.1\Facades\System.ComponentModel.EventBasedAsync.dll" /reference:"C:\Program Files (x86)\Reference Assemblies\Microsoft\Framework\.NETFramework\v4.8.1\Facades\System.ComponentModel.Primitives.dll" /reference:"C:\Program Files (x86)\Reference Assemblies\Microsoft\Framework\.NETFramework\v4.8.1\Facades\System.ComponentModel.TypeConverter.dll" /reference:"C:\Program Files (x86)\Reference Assemblies\Microsoft\Framework\.NETFramework\v4.8.1\Facades\System.Console.dll" /reference:"C:\Program Files (x86)\Reference Assemblies\Microsoft\Framework\.NETFramework\v4.8.1\Facades\System.Data.Common.dll" /reference:"C:\Program Files (x86)\Reference Assemblies\Microsoft\Framework\.NETFramework\v4.8.1\Facades\System.Diagnostics.Contracts.dll" /reference:"C:\Program Files (x86)\Reference Assemblies\Microsoft\Framework\.NETFramework\v4.8.1\Facades\System.Diagnostics.Debug.dll" /reference:"C:\Program Files (x86)\Reference Assemblies\Microsoft\Framework\.NETFramework\v4.8.1\Facades\System.Diagnostics.FileVersionInfo.dll" /reference:"C:\Program Files (x86)\Reference Assemblies\Microsoft\Framework\.NETFramework\v4.8.1\Facades\System.Diagnostics.Process.dll" /reference:"C:\Program Files (x86)\Reference Assemblies\Microsoft\Framework\.NETFramework\v4.8.1\Facades\System.Diagnostics.StackTrace.dll" /reference:"C:\Program Files (x86)\Reference Assemblies\Microsoft\Framework\.NETFramework\v4.8.1\Facades\System.Diagnostics.TextWriterTraceListener.dll" /reference:"C:\Program Files (x86)\Reference Assemblies\Microsoft\Framework\.NETFramework\v4.8.1\Facades\System.Diagnostics.Tools.dll" /reference:"C:\Program Files (x86)\Reference Assemblies\Microsoft\Framework\.NETFramework\v4.8.1\Facades\System.Diagnostics.TraceSource.dll" /reference:"C:\Program Files (x86)\Reference Assemblies\Microsoft\Framework\.NETFramework\v4.8.1\Facades\System.Drawing.Primitives.dll" /reference:"C:\Program Files (x86)\Reference Assemblies\Microsoft\Framework\.NETFramework\v4.8.1\Facades\System.Dynamic.Runtime.dll" /reference:"C:\Program Files (x86)\Reference Assemblies\Microsoft\Framework\.NETFramework\v4.8.1\Facades\System.Globalization.Calendars.dll" /reference:"C:\Program Files (x86)\Reference Assemblies\Microsoft\Framework\.NETFramework\v4.8.1\Facades\System.Globalization.dll" /reference:"C:\Program Files (x86)\Reference Assemblies\Microsoft\Framework\.NETFramework\v4.8.1\Facades\System.Globalization.Extensions.dll" /reference:"C:\Program Files (x86)\Reference Assemblies\Microsoft\Framework\.NETFramework\v4.8.1\Facades\System.IO.Compression.ZipFile.dll" /reference:"C:\Program Files (x86)\Reference Assemblies\Microsoft\Framework\.NETFramework\v4.8.1\Facades\System.IO.dll" /reference:"C:\Program Files (x86)\Reference Assemblies\Microsoft\Framework\.NETFramework\v4.8.1\Facades\System.IO.FileSystem.dll" /reference:"C:\Program Files (x86)\Reference Assemblies\Microsoft\Framework\.NETFramework\v4.8.1\Facades\System.IO.FileSystem.DriveInfo.dll" /reference:"C:\Program Files (x86)\Reference Assemblies\Microsoft\Framework\.NETFramework\v4.8.1\Facades\System.IO.FileSystem.Primitives.dll" /reference:"C:\Program Files (x86)\Reference Assemblies\Microsoft\Framework\.NETFramework\v4.8.1\Facades\System.IO.FileSystem.Watcher.dll" /reference:"C:\Program Files (x86)\Reference Assemblies\Microsoft\Framework\.NETFramework\v4.8.1\Facades\System.IO.IsolatedStorage.dll" /reference:"C:\Program Files (x86)\Reference Assemblies\Microsoft\Framework\.NETFramework\v4.8.1\Facades\System.IO.MemoryMappedFiles.dll" /reference:"C:\Program Files (x86)\Reference Assemblies\Microsoft\Framework\.NETFramework\v4.8.1\Facades\System.IO.Pipes.dll" /reference:"C:\Program Files (x86)\Reference Assemblies\Microsoft\Framework\.NETFramework\v4.8.1\Facades\System.IO.UnmanagedMemoryStream.dll" /reference:"C:\Program Files (x86)\Reference Assemblies\Microsoft\Framework\.NETFramework\v4.8.1\Facades\System.Linq.dll" /reference:"C:\Program Files (x86)\Reference Assemblies\Microsoft\Framework\.NETFramework\v4.8.1\Facades\System.Linq.Expressions.dll" /reference:"C:\Program Files (x86)\Reference Assemblies\Microsoft\Framework\.NETFramework\v4.8.1\Facades\System.Linq.Parallel.dll" /reference:"C:\Program Files (x86)\Reference Assemblies\Microsoft\Framework\.NETFramework\v4.8.1\Facades\System.Linq.Queryable.dll" /reference:"C:\Program Files (x86)\Reference Assemblies\Microsoft\Framework\.NETFramework\v4.8.1\Facades\System.Net.Http.Rtc.dll" /reference:"C:\Program Files (x86)\Reference Assemblies\Microsoft\Framework\.NETFramework\v4.8.1\Facades\System.Net.NameResolution.dll" /reference:"C:\Program Files (x86)\Reference Assemblies\Microsoft\Framework\.NETFramework\v4.8.1\Facades\System.Net.NetworkInformation.dll" /reference:"C:\Program Files (x86)\Reference Assemblies\Microsoft\Framework\.NETFramework\v4.8.1\Facades\System.Net.Ping.dll" /reference:"C:\Program Files (x86)\Reference Assemblies\Microsoft\Framework\.NETFramework\v4.8.1\Facades\System.Net.Primitives.dll" /reference:"C:\Program Files (x86)\Reference Assemblies\Microsoft\Framework\.NETFramework\v4.8.1\Facades\System.Net.Requests.dll" /reference:"C:\Program Files (x86)\Reference Assemblies\Microsoft\Framework\.NETFramework\v4.8.1\Facades\System.Net.Security.dll" /reference:"C:\Program Files (x86)\Reference Assemblies\Microsoft\Framework\.NETFramework\v4.8.1\Facades\System.Net.Sockets.dll" /reference:"C:\Program Files (x86)\Reference Assemblies\Microsoft\Framework\.NETFramework\v4.8.1\Facades\System.Net.WebHeaderCollection.dll" /reference:"C:\Program Files (x86)\Reference Assemblies\Microsoft\Framework\.NETFramework\v4.8.1\Facades\System.Net.WebSockets.Client.dll" /reference:"C:\Program Files (x86)\Reference Assemblies\Microsoft\Framework\.NETFramework\v4.8.1\Facades\System.Net.WebSockets.dll" /reference:"C:\Program Files (x86)\Reference Assemblies\Microsoft\Framework\.NETFramework\v4.8.1\Facades\System.ObjectModel.dll" /reference:"C:\Program Files (x86)\Reference Assemblies\Microsoft\Framework\.NETFramework\v4.8.1\Facades\System.Reflection.dll" /reference:"C:\Program Files (x86)\Reference Assemblies\Microsoft\Framework\.NETFramework\v4.8.1\Facades\System.Reflection.Emit.dll" /reference:"C:\Program Files (x86)\Reference Assemblies\Microsoft\Framework\.NETFramework\v4.8.1\Facades\System.Reflection.Emit.ILGeneration.dll" /reference:"C:\Program Files (x86)\Reference Assemblies\Microsoft\Framework\.NETFramework\v4.8.1\Facades\System.Reflection.Emit.Lightweight.dll" /reference:"C:\Program Files (x86)\Reference Assemblies\Microsoft\Framework\.NETFramework\v4.8.1\Facades\System.Reflection.Extensions.dll" /reference:"C:\Program Files (x86)\Reference Assemblies\Microsoft\Framework\.NETFramework\v4.8.1\Facades\System.Reflection.Primitives.dll" /reference:"C:\Program Files (x86)\Reference Assemblies\Microsoft\Framework\.NETFramework\v4.8.1\Facades\System.Resources.Reader.dll" /reference:"C:\Program Files (x86)\Reference Assemblies\Microsoft\Framework\.NETFramework\v4.8.1\Facades\System.Resources.ResourceManager.dll" /reference:"C:\Program Files (x86)\Reference Assemblies\Microsoft\Framework\.NETFramework\v4.8.1\Facades\System.Resources.Writer.dll" /reference:"C:\Program Files (x86)\Reference Assemblies\Microsoft\Framework\.NETFramework\v4.8.1\Facades\System.Runtime.CompilerServices.VisualC.dll" /reference:"C:\Program Files (x86)\Reference Assemblies\Microsoft\Framework\.NETFramework\v4.8.1\Facades\System.Runtime.dll" /reference:"C:\Program Files (x86)\Reference Assemblies\Microsoft\Framework\.NETFramework\v4.8.1\Facades\System.Runtime.Extensions.dll" /reference:"C:\Program Files (x86)\Reference Assemblies\Microsoft\Framework\.NETFramework\v4.8.1\Facades\System.Runtime.Handles.dll" /reference:"C:\Program Files (x86)\Reference Assemblies\Microsoft\Framework\.NETFramework\v4.8.1\Facades\System.Runtime.InteropServices.dll" /reference:"C:\Program Files (x86)\Reference Assemblies\Microsoft\Framework\.NETFramework\v4.8.1\Facades\System.Runtime.InteropServices.RuntimeInformation.dll" /reference:"C:\Program Files (x86)\Reference Assemblies\Microsoft\Framework\.NETFramework\v4.8.1\Facades\System.Runtime.InteropServices.WindowsRuntime.dll" /reference:"C:\Program Files (x86)\Reference Assemblies\Microsoft\Framework\.NETFramework\v4.8.1\Facades\System.Runtime.Numerics.dll" /reference:"C:\Program Files (x86)\Reference Assemblies\Microsoft\Framework\.NETFramework\v4.8.1\Facades\System.Runtime.Serialization.Formatters.dll" /reference:"C:\Program Files (x86)\Reference Assemblies\Microsoft\Framework\.NETFramework\v4.8.1\Facades\System.Runtime.Serialization.Json.dll" /reference:"C:\Program Files (x86)\Reference Assemblies\Microsoft\Framework\.NETFramework\v4.8.1\Facades\System.Runtime.Serialization.Primitives.dll" /reference:"C:\Program Files (x86)\Reference Assemblies\Microsoft\Framework\.NETFramework\v4.8.1\Facades\System.Runtime.Serialization.Xml.dll" /reference:"C:\Program Files (x86)\Reference Assemblies\Microsoft\Framework\.NETFramework\v4.8.1\Facades\System.Security.Claims.dll" /reference:"C:\Program Files (x86)\Reference Assemblies\Microsoft\Framework\.NETFramework\v4.8.1\Facades\System.Security.Cryptography.Algorithms.dll" /reference:"C:\Program Files (x86)\Reference Assemblies\Microsoft\Framework\.NETFramework\v4.8.1\Facades\System.Security.Cryptography.Csp.dll" /reference:"C:\Program Files (x86)\Reference Assemblies\Microsoft\Framework\.NETFramework\v4.8.1\Facades\System.Security.Cryptography.Encoding.dll" /reference:"C:\Program Files (x86)\Reference Assemblies\Microsoft\Framework\.NETFramework\v4.8.1\Facades\System.Security.Cryptography.Primitives.dll" /reference:"C:\Program Files (x86)\Reference Assemblies\Microsoft\Framework\.NETFramework\v4.8.1\Facades\System.Security.Cryptography.X509Certificates.dll" /reference:"C:\Program Files (x86)\Reference Assemblies\Microsoft\Framework\.NETFramework\v4.8.1\Facades\System.Security.Principal.dll" /reference:"C:\Program Files (x86)\Reference Assemblies\Microsoft\Framework\.NETFramework\v4.8.1\Facades\System.Security.SecureString.dll" /reference:"C:\Program Files (x86)\Reference Assemblies\Microsoft\Framework\.NETFramework\v4.8.1\Facades\System.ServiceModel.Duplex.dll" /reference:"C:\Program Files (x86)\Reference Assemblies\Microsoft\Framework\.NETFramework\v4.8.1\Facades\System.ServiceModel.Http.dll" /reference:"C:\Program Files (x86)\Reference Assemblies\Microsoft\Framework\.NETFramework\v4.8.1\Facades\System.ServiceModel.NetTcp.dll" /reference:"C:\Program Files (x86)\Reference Assemblies\Microsoft\Framework\.NETFramework\v4.8.1\Facades\System.ServiceModel.Primitives.dll" /reference:"C:\Program Files (x86)\Reference Assemblies\Microsoft\Framework\.NETFramework\v4.8.1\Facades\System.ServiceModel.Security.dll" /reference:"C:\Program Files (x86)\Reference Assemblies\Microsoft\Framework\.NETFramework\v4.8.1\Facades\System.Text.Encoding.dll" /reference:"C:\Program Files (x86)\Reference Assemblies\Microsoft\Framework\.NETFramework\v4.8.1\Facades\System.Text.Encoding.Extensions.dll" /reference:"C:\Program Files (x86)\Reference Assemblies\Microsoft\Framework\.NETFramework\v4.8.1\Facades\System.Text.RegularExpressions.dll" /reference:"C:\Program Files (x86)\Reference Assemblies\Microsoft\Framework\.NETFramework\v4.8.1\Facades\System.Threading.dll" /reference:"C:\Program Files (x86)\Reference Assemblies\Microsoft\Framework\.NETFramework\v4.8.1\Facades\System.Threading.Overlapped.dll" /reference:"C:\Program Files (x86)\Reference Assemblies\Microsoft\Framework\.NETFramework\v4.8.1\Facades\System.Threading.Tasks.dll" /reference:"C:\Program Files (x86)\Reference Assemblies\Microsoft\Framework\.NETFramework\v4.8.1\Facades\System.Threading.Tasks.Parallel.dll" /reference:"C:\Program Files (x86)\Reference Assemblies\Microsoft\Framework\.NETFramework\v4.8.1\Facades\System.Threading.Thread.dll" /reference:"C:\Program Files (x86)\Reference Assemblies\Microsoft\Framework\.NETFramework\v4.8.1\Facades\System.Threading.ThreadPool.dll" /reference:"C:\Program Files (x86)\Reference Assemblies\Microsoft\Framework\.NETFramework\v4.8.1\Facades\System.Threading.Timer.dll" /reference:"C:\Program Files (x86)\Reference Assemblies\Microsoft\Framework\.NETFramework\v4.8.1\Facades\System.ValueTuple.dll" /reference:"C:\Program Files (x86)\Reference Assemblies\Microsoft\Framework\.NETFramework\v4.8.1\Facades\System.Xml.ReaderWriter.dll" /reference:"C:\Program Files (x86)\Reference Assemblies\Microsoft\Framework\.NETFramework\v4.8.1\Facades\System.Xml.XDocument.dll" /reference:"C:\Program Files (x86)\Reference Assemblies\Microsoft\Framework\.NETFramework\v4.8.1\Facades\System.Xml.XmlDocument.dll" /reference:"C:\Program Files (x86)\Reference Assemblies\Microsoft\Framework\.NETFramework\v4.8.1\Facades\System.Xml.XmlSerializer.dll" /reference:"C:\Program Files (x86)\Reference Assemblies\Microsoft\Framework\.NETFramework\v4.8.1\Facades\System.Xml.XPath.dll" /reference:"C:\Program Files (x86)\Reference Assemblies\Microsoft\Framework\.NETFramework\v4.8.1\Facades\System.Xml.XPath.XDocument.dll" /debug+ /debug:portable /out:obj\Release\APIShared.dll /subsystemversion:6.00 /target:library /utf8output /langversion:latest /analyzerconfig:"D:\CDesktopLink\Unterlagen\Mods\Stronghold Crusader DE\Meine Mods\APIShared\.editorconfig" Properties\AssemblyInfo.cs src\Buildings\Gatehouse\GatehouseAutomationNativeState.cs src\Buildings\Gatehouse\GatehouseDistanceOriginCapability.cs src\Buildings\Gatehouse\GatehouseDrawbridgeCoupling.cs src\Buildings\Gatehouse\GatehousePermanentRuntimeState.cs src\Buildings\Gatehouse\GatehouseTimingCapability.cs src\Buildings\Internal\GameBuildingFootprint.cs src\Buildings\Repair\BuildingRepairCapability.cs src\Buildings\Repair\BuildingRepairContracts.cs src\Core\APISharedPlugin.cs src\Core\ApiSharedRuntime.cs src\Core\Contracts.cs src\Core\Events\InterceptionEvent.cs src\Core\Events\ManagedInterceptionHook.cs src\Core\Internal\DebugLogHelper.cs src\Core\Internal\Native\INativeMemory.cs src\Core\Internal\Native\NativeApiLog.cs src\Core\Internal\Native\NativeOwnershipRegistry.cs src\Core\Internal\Native\NativePatternResolver.cs src\Core\Internal\Native\NativePeImage.cs src\Core\Internal\Native\NativeResolutionException.cs src\Core\Internal\Native\ProcessNativeMemory.cs src\Core\Internal\Native\UniquePatternSearch.cs src\Core\Internal\UnityMainThreadDispatch.cs src\Core\ModApiClient.cs src\Diagnostics\AivBuildStepCapability.cs src\Diagnostics\AivBuildStepContracts.cs src\Economy\MarketPriceEvents.cs src\Economy\MarketPriceNativeRuntime.cs src\GameModes\CustomizedLaunchOrigins.cs src\GameModes\GameplayModeGate.cs src\GameModes\GameplayModModePolicy.cs src\GameModes\Internal\PlayerIdentityHelper.cs src\GameModes\MissionModePolicy.cs src\Lobby\LobbyPreparationOverride.cs src\Lobby\LobbyStateCapability.cs src\Lobby\LobbyStateContracts.cs src\Missions\Internal\MissionEventRelay.cs src\Missions\MissionLifecycleCapability.cs src\Missions\MissionLifecycleContracts.cs src\Missions\MissionLifecycleState.cs src\ModSettings\ExcludeFromSavegameModSettingsAttribute.cs src\ModSettings\Internal\AtomicFileReplacement.cs src\ModSettings\Internal\DependencyFreeJson.cs src\ModSettings\Lobby\PerPlayerLobbySettings.cs src\ModSettings\ModSettingsApplication.cs src\ModSettings\Presets\DynamicPresetSettings.cs src\ModSettings\Presets\ILobbyPresetHost.cs src\ModSettings\Presets\LobbyModSettingsPresetRegistration.cs src\ModSettings\Presets\LobbyPresetController.Catalog.cs src\ModSettings\Presets\LobbyPresetController.cs src\ModSettings\Presets\LobbyPresetController.Mission.cs src\ModSettings\Presets\LobbyPresetController.Persistence.cs src\ModSettings\Presets\LobbyPresetController.Snapshots.cs src\ModSettings\Presets\LobbyPresetStorage.cs src\ModSettings\Presets\ModSettingsPresetCatalog.cs src\ModSettings\Presets\ModSettingsPresetContracts.cs src\ModSettings\Presets\ModSettingsPresetJson.cs src\ModSettings\Presets\ModSettingsWorkingSources.cs src\ModSettings\Presets\PresetAtomicFilePublisher.cs src\ModSettings\Presets\PresetDialogModels.cs src\ModSettings\Presets\PresetLobbyModSettingsViewModel.cs src\ModSettings\Presets\PresetLobbyModSettingsViewModel.ModeAvailability.cs src\ModSettings\Presets\PresetLobbyModSettingsViewModel.PresetIntegration.cs src\ModSettings\Presets\PresetLobbyModSettingsViewModel.Sources.cs src\ModSettings\UI\Internal\ToolTipPresentation.cs src\ModSettings\UI\ModSettingsHorizontalFocusScrollGuard.cs src\ModSettings\UI\ModSettingsMode.cs src\ModSettings\UI\ModSettingsModeAvailability.cs src\ModSettings\UI\ModSettingsSearch.cs src\ModSettings\UI\ToolTipPresentation.cs src\Networking\ChoreChannel.cs src\Networking\ChoreSendPolicy.cs src\Networking\ChoreTransport.cs src\Networking\MessageChannel.cs src\Networking\ModNetworkClient.cs src\Networking\NetworkPacketContracts.cs src\Networking\PacketDiagnostics.cs src\Networking\PacketReceivePolicy.cs src\Pathfinding\Assassin\AssassinAttackControlAPI.cs src\Pathfinding\Assassin\AssassinAttackNativeContract.cs src\Pathfinding\Assassin\AssassinEndpointEmitter.cs src\Pathfinding\Assassin\AssassinGateTransitionPolicy.cs src\Pathfinding\Assassin\AssassinPathAPI.cs src\Pathfinding\Assassin\AssassinPathNativeDefinition.cs src\Pathfinding\Assassin\AssassinRouteHandoff.cs src\Pathfinding\GateRoutes\EnemyBridgeDiagnosticBridge.cs src\Pathfinding\GateRoutes\EnemyGatePathPolicyBridge.cs src\Pathfinding\GateRoutes\TemporaryGateRouteAcceptanceBridge.cs src\Pathfinding\Moat\ElevatedMoatAiState.cs src\Pathfinding\Routes\RouteSearchContracts.cs src\Pathfinding\Routes\RouteSearchEvents.cs src\Players\PlayerDefeatCapability.cs src\Players\PlayerDefeatContracts.cs src\Players\PlayerDefeatState.cs src\Players\PlayerPerspectiveAPI.cs src\Presentation\BriefingGold\BriefingGoldContracts.cs src\Presentation\BriefingGold\BriefingGoldPresentationCapability.cs src\Presentation\Events\PresentationEvents.cs src\Presentation\HudExtras\HudExtrasButtonContracts.cs src\Presentation\HudExtras\HudExtrasButtonLayout.cs src\Presentation\HudExtras\HudExtrasButtonsService.cs src\Presentation\UnitHud\UnitHudActionButtonContracts.cs src\Presentation\UnitHud\UnitHudActionButtonLayout.cs src\Presentation\UnitHud\UnitHudContracts.cs src\Presentation\UnitHud\UnitHudHoverTextPresenter.cs src\Presentation\UnitHud\UnitHudPresentationService.ActionButtons.cs src\Presentation\UnitHud\UnitHudPresentationService.Categories.cs src\Presentation\UnitHud\UnitHudPresentationService.cs src\Presentation\UnitHud\UnitHudPresentationService.DetailsAndArmy.cs src\Presentation\UnitHud\UnitHudPresentationService.Hooks.cs src\Presentation\UnitHud\UnitHudPresentationService.Images.cs src\Presentation\UnitHud\UnitHudPresentationService.Recruitment.cs src\Presentation\UnitHud\UnitHudPresentationService.Registrations.cs src\Presentation\UnitHud\UnitHudSelectionPolicy.cs src\Savegames\SavegameMissionPresetLease.cs src\Savegames\SavegameModSettings.cs src\Savegames\SavegameModSettingsContracts.cs src\Savegames\SavegameModSettingsRecordFormatter.cs src\ScriptExtenderFixes\ImGuiShutdownCompiler.cs src\ScriptExtenderFixes\ImGuiShutdownIl.cs src\ScriptExtenderFixes\ImGuiShutdownState.cs src\ScriptExtenderFixes\ScriptExtenderFixesRuntime.cs src\Units\Commands\GameActionEvents.cs src\Units\LocalSelectionAPI.cs src\Units\MarkedUnitSelectionAPI.cs src\Units\Recruitment\RecruitmentMaterialUi.cs src\Units\Recruitment\RecruitmentMaterialUiIlContract.cs src\Units\Recruitment\RecruitmentRequestPolicy.cs src\Units\UnitAccess.cs "obj\Release\.NETFramework,Version=v4.8.1.AssemblyAttributes.cs" /warnaserror+:1591,2002
  CompilerServer: server - server processed compilation - APIShared
_CopyOutOfDateSourceItemsToOutputDirectory:
  Die Datei wird von "D:\CDesktopLink\Unterlagen\Mods\Stronghold Crusader DE\Meine Mods\APIShared\info.json" in "D:\CDesktopLink\Unterlagen\Mods\Stronghold Crusader DE\Meine Mods\APIShared\BepInEx\plugins\APIShared_Serp\info.json" kopiert.
  Die Datei wird von "D:\CDesktopLink\Unterlagen\Mods\Stronghold Crusader DE\Meine Mods\APIShared\Patches\Assets\GUI\XAMLResources\HUD_Buildings.xaml" in "D:\CDesktopLink\Unterlagen\Mods\Stronghold Crusader DE\Meine Mods\APIShared\BepInEx\plugins\APIShared_Serp\Patches\Assets\GUI\XAMLResources\HUD_Buildings.xaml" kopiert.
  Die Datei wird von "D:\CDesktopLink\Unterlagen\Mods\Stronghold Crusader DE\Meine Mods\APIShared\Patches\Assets\GUI\XAML\IngameUIScreens.xaml" in "D:\CDesktopLink\Unterlagen\Mods\Stronghold Crusader DE\Meine Mods\APIShared\BepInEx\plugins\APIShared_Serp\Patches\Assets\GUI\XAML\IngameUIScreens.xaml" kopiert.
  Die Datei wird von "D:\CDesktopLink\Unterlagen\Mods\Stronghold Crusader DE\Meine Mods\APIShared\Patches\Assets\GUI\XAML\MainHUD.xaml" in "D:\CDesktopLink\Unterlagen\Mods\Stronghold Crusader DE\Meine Mods\APIShared\BepInEx\plugins\APIShared_Serp\Patches\Assets\GUI\XAML\MainHUD.xaml" kopiert.
  Die Datei wird von "D:\CDesktopLink\Unterlagen\Mods\Stronghold Crusader DE\Meine Mods\APIShared\Patches\Assets\GUI\XAMLResources\HUD_Troops.xaml" in "D:\CDesktopLink\Unterlagen\Mods\Stronghold Crusader DE\Meine Mods\APIShared\BepInEx\plugins\APIShared_Serp\Patches\Assets\GUI\XAMLResources\HUD_Troops.xaml" kopiert.
CopyFilesToOutputDirectory:
  Die Datei wird von "D:\CDesktopLink\Unterlagen\Mods\Stronghold Crusader DE\Meine Mods\APIShared\obj\Release\APIShared.dll" in "D:\CDesktopLink\Unterlagen\Mods\Stronghold Crusader DE\Meine Mods\APIShared\BepInEx\plugins\APIShared_Serp\APIShared.dll" kopiert.
  APIShared -> D:\CDesktopLink\Unterlagen\Mods\Stronghold Crusader DE\Meine Mods\APIShared\BepInEx\plugins\APIShared_Serp\APIShared.dll
  Die Datei wird von "D:\CDesktopLink\Unterlagen\Mods\Stronghold Crusader DE\Meine Mods\APIShared\obj\Release\APIShared.pdb" in "D:\CDesktopLink\Unterlagen\Mods\Stronghold Crusader DE\Meine Mods\APIShared\BepInEx\plugins\APIShared_Serp\APIShared.pdb" kopiert.
Die Erstellung von Projekt "D:\CDesktopLink\Unterlagen\Mods\Stronghold Crusader DE\Meine Mods\APIShared\APIShared.csproj" ist abgeschlossen (Rebuild Ziel(e)).

Der Buildvorgang wurde erfolgreich ausgeführt.

"D:\CDesktopLink\Unterlagen\Mods\Stronghold Crusader DE\Meine Mods\APIShared\APIShared.csproj" (Rebuild Ziel) (1) ->
(ResolveAssemblyReferences Ziel) -> 
  C:\Program Files (x86)\Microsoft Visual Studio\2022\BuildTools\MSBuild\Current\Bin\Microsoft.Common.CurrentVersion.targets(2412,5): warning MSB3277: Es wurden Konflikte zwischen verschiedenen Versionen von "Mono.Cecil" gefunden, die nicht aufgelöst werden konnten. [D:\CDesktopLink\Unterlagen\Mods\Stronghold Crusader DE\Meine Mods\APIShared\APIShared.csproj]
C:\Program Files (x86)\Microsoft Visual Studio\2022\BuildTools\MSBuild\Current\Bin\Microsoft.Common.CurrentVersion.targets(2412,5): warning MSB3277: Konflikt zwischen Mono.Cecil, Version=0.10.4.0, Culture=neutral, PublicKeyToken=50cebf1cceb9d05e und Mono.Cecil, Version=0.11.4.0, Culture=neutral, PublicKeyToken=50cebf1cceb9d05e. [D:\CDesktopLink\Unterlagen\Mods\Stronghold Crusader DE\Meine Mods\APIShared\APIShared.csproj]
C:\Program Files (x86)\Microsoft Visual Studio\2022\BuildTools\MSBuild\Current\Bin\Microsoft.Common.CurrentVersion.targets(2412,5): warning MSB3277:     Mono.Cecil, Version=0.10.4.0, Culture=neutral, PublicKeyToken=50cebf1cceb9d05e wurde aufgrund der primären Eigenschaft Mono.Cecil, Version=0.11.4.0, Culture=neutral, PublicKeyToken=50cebf1cceb9d05e vorgezogen. [D:\CDesktopLink\Unterlagen\Mods\Stronghold Crusader DE\Meine Mods\APIShared\APIShared.csproj]
C:\Program Files (x86)\Microsoft Visual Studio\2022\BuildTools\MSBuild\Current\Bin\Microsoft.Common.CurrentVersion.targets(2412,5): warning MSB3277:     Verweise, die von "Mono.Cecil, Version=0.10.4.0, Culture=neutral, PublicKeyToken=50cebf1cceb9d05e" abhängig sind [E:\ProgrammeE\Steam\steamapps\common\Stronghold Crusader Definitive Edition\BepInEx\core\Mono.Cecil.dll]. [D:\CDesktopLink\Unterlagen\Mods\Stronghold Crusader DE\Meine Mods\APIShared\APIShared.csproj]
C:\Program Files (x86)\Microsoft Visual Studio\2022\BuildTools\MSBuild\Current\Bin\Microsoft.Common.CurrentVersion.targets(2412,5): warning MSB3277:         E:\ProgrammeE\Steam\steamapps\common\Stronghold Crusader Definitive Edition\BepInEx\core\Mono.Cecil.dll [D:\CDesktopLink\Unterlagen\Mods\Stronghold Crusader DE\Meine Mods\APIShared\APIShared.csproj]
C:\Program Files (x86)\Microsoft Visual Studio\2022\BuildTools\MSBuild\Current\Bin\Microsoft.Common.CurrentVersion.targets(2412,5): warning MSB3277:           Elementincludes einer Projektdatei, die den Verweis "E:\ProgrammeE\Steam\steamapps\common\Stronghold Crusader Definitive Edition\BepInEx\core\Mono.Cecil.dll" verursacht haben. [D:\CDesktopLink\Unterlagen\Mods\Stronghold Crusader DE\Meine Mods\APIShared\APIShared.csproj]
C:\Program Files (x86)\Microsoft Visual Studio\2022\BuildTools\MSBuild\Current\Bin\Microsoft.Common.CurrentVersion.targets(2412,5): warning MSB3277:             Mono.Cecil [D:\CDesktopLink\Unterlagen\Mods\Stronghold Crusader DE\Meine Mods\APIShared\APIShared.csproj]
C:\Program Files (x86)\Microsoft Visual Studio\2022\BuildTools\MSBuild\Current\Bin\Microsoft.Common.CurrentVersion.targets(2412,5): warning MSB3277:     Verweise, die von „Mono.Cecil, Version=0.11.4.0, Culture=neutral, PublicKeyToken=50cebf1cceb9d05e“ [] abhängen oder damit vereint wurden. [D:\CDesktopLink\Unterlagen\Mods\Stronghold Crusader DE\Meine Mods\APIShared\APIShared.csproj]
C:\Program Files (x86)\Microsoft Visual Studio\2022\BuildTools\MSBuild\Current\Bin\Microsoft.Common.CurrentVersion.targets(2412,5): warning MSB3277:         E:\ProgrammeE\Steam\steamapps\common\Stronghold Crusader Definitive Edition\BepInEx\core\BepInEx.dll [D:\CDesktopLink\Unterlagen\Mods\Stronghold Crusader DE\Meine Mods\APIShared\APIShared.csproj]
C:\Program Files (x86)\Microsoft Visual Studio\2022\BuildTools\MSBuild\Current\Bin\Microsoft.Common.CurrentVersion.targets(2412,5): warning MSB3277:           Elementincludes einer Projektdatei, die den Verweis "E:\ProgrammeE\Steam\steamapps\common\Stronghold Crusader Definitive Edition\BepInEx\core\BepInEx.dll" verursacht haben. [D:\CDesktopLink\Unterlagen\Mods\Stronghold Crusader DE\Meine Mods\APIShared\APIShared.csproj]
C:\Program Files (x86)\Microsoft Visual Studio\2022\BuildTools\MSBuild\Current\Bin\Microsoft.Common.CurrentVersion.targets(2412,5): warning MSB3277:             BepInEx [D:\CDesktopLink\Unterlagen\Mods\Stronghold Crusader DE\Meine Mods\APIShared\APIShared.csproj]
C:\Program Files (x86)\Microsoft Visual Studio\2022\BuildTools\MSBuild\Current\Bin\Microsoft.Common.CurrentVersion.targets(2412,5): warning MSB3277:         E:\ProgrammeE\Steam\steamapps\common\Stronghold Crusader Definitive Edition\BepInEx\core\0Harmony.dll [D:\CDesktopLink\Unterlagen\Mods\Stronghold Crusader DE\Meine Mods\APIShared\APIShared.csproj]
C:\Program Files (x86)\Microsoft Visual Studio\2022\BuildTools\MSBuild\Current\Bin\Microsoft.Common.CurrentVersion.targets(2412,5): warning MSB3277:           Elementincludes einer Projektdatei, die den Verweis "E:\ProgrammeE\Steam\steamapps\common\Stronghold Crusader Definitive Edition\BepInEx\core\0Harmony.dll" verursacht haben. [D:\CDesktopLink\Unterlagen\Mods\Stronghold Crusader DE\Meine Mods\APIShared\APIShared.csproj]
C:\Program Files (x86)\Microsoft Visual Studio\2022\BuildTools\MSBuild\Current\Bin\Microsoft.Common.CurrentVersion.targets(2412,5): warning MSB3277:             0Harmony [D:\CDesktopLink\Unterlagen\Mods\Stronghold Crusader DE\Meine Mods\APIShared\APIShared.csproj]
C:\Program Files (x86)\Microsoft Visual Studio\2022\BuildTools\MSBuild\Current\Bin\Microsoft.Common.CurrentVersion.targets(2412,5): warning MSB3277:             BepInEx [D:\CDesktopLink\Unterlagen\Mods\Stronghold Crusader DE\Meine Mods\APIShared\APIShared.csproj]
C:\Program Files (x86)\Microsoft Visual Studio\2022\BuildTools\MSBuild\Current\Bin\Microsoft.Common.CurrentVersion.targets(2412,5): warning MSB3277:         E:\ProgrammeE\Steam\steamapps\common\Stronghold Crusader Definitive Edition\BepInEx\core\MonoMod.Utils.dll [D:\CDesktopLink\Unterlagen\Mods\Stronghold Crusader DE\Meine Mods\APIShared\APIShared.csproj]
C:\Program Files (x86)\Microsoft Visual Studio\2022\BuildTools\MSBuild\Current\Bin\Microsoft.Common.CurrentVersion.targets(2412,5): warning MSB3277:           Elementincludes einer Projektdatei, die den Verweis "E:\ProgrammeE\Steam\steamapps\common\Stronghold Crusader Definitive Edition\BepInEx\core\MonoMod.Utils.dll" verursacht haben. [D:\CDesktopLink\Unterlagen\Mods\Stronghold Crusader DE\Meine Mods\APIShared\APIShared.csproj]
C:\Program Files (x86)\Microsoft Visual Studio\2022\BuildTools\MSBuild\Current\Bin\Microsoft.Common.CurrentVersion.targets(2412,5): warning MSB3277:             MonoMod.Utils [D:\CDesktopLink\Unterlagen\Mods\Stronghold Crusader DE\Meine Mods\APIShared\APIShared.csproj]
C:\Program Files (x86)\Microsoft Visual Studio\2022\BuildTools\MSBuild\Current\Bin\Microsoft.Common.CurrentVersion.targets(2412,5): warning MSB3277:             BepInEx [D:\CDesktopLink\Unterlagen\Mods\Stronghold Crusader DE\Meine Mods\APIShared\APIShared.csproj]
C:\Program Files (x86)\Microsoft Visual Studio\2022\BuildTools\MSBuild\Current\Bin\Microsoft.Common.CurrentVersion.targets(2412,5): warning MSB3277:             0Harmony [D:\CDesktopLink\Unterlagen\Mods\Stronghold Crusader DE\Meine Mods\APIShared\APIShared.csproj]
C:\Program Files (x86)\Microsoft Visual Studio\2022\BuildTools\MSBuild\Current\Bin\Microsoft.Common.CurrentVersion.targets(2412,5): warning MSB3277:             MonoMod.RuntimeDetour [D:\CDesktopLink\Unterlagen\Mods\Stronghold Crusader DE\Meine Mods\APIShared\APIShared.csproj]
C:\Program Files (x86)\Microsoft Visual Studio\2022\BuildTools\MSBuild\Current\Bin\Microsoft.Common.CurrentVersion.targets(2412,5): warning MSB3277:         E:\ProgrammeE\Steam\steamapps\common\Stronghold Crusader Definitive Edition\BepInEx\core\MonoMod.RuntimeDetour.dll [D:\CDesktopLink\Unterlagen\Mods\Stronghold Crusader DE\Meine Mods\APIShared\APIShared.csproj]
C:\Program Files (x86)\Microsoft Visual Studio\2022\BuildTools\MSBuild\Current\Bin\Microsoft.Common.CurrentVersion.targets(2412,5): warning MSB3277:           Elementincludes einer Projektdatei, die den Verweis "E:\ProgrammeE\Steam\steamapps\common\Stronghold Crusader Definitive Edition\BepInEx\core\MonoMod.RuntimeDetour.dll" verursacht haben. [D:\CDesktopLink\Unterlagen\Mods\Stronghold Crusader DE\Meine Mods\APIShared\APIShared.csproj]
C:\Program Files (x86)\Microsoft Visual Studio\2022\BuildTools\MSBuild\Current\Bin\Microsoft.Common.CurrentVersion.targets(2412,5): warning MSB3277:             MonoMod.RuntimeDetour [D:\CDesktopLink\Unterlagen\Mods\Stronghold Crusader DE\Meine Mods\APIShared\APIShared.csproj]
C:\Program Files (x86)\Microsoft Visual Studio\2022\BuildTools\MSBuild\Current\Bin\Microsoft.Common.CurrentVersion.targets(2412,5): warning MSB3277:             0Harmony [D:\CDesktopLink\Unterlagen\Mods\Stronghold Crusader DE\Meine Mods\APIShared\APIShared.csproj]
C:\Program Files (x86)\Microsoft Visual Studio\2022\BuildTools\MSBuild\Current\Bin\Microsoft.Common.CurrentVersion.targets(2412,5): warning MSB3277:             BepInEx [D:\CDesktopLink\Unterlagen\Mods\Stronghold Crusader DE\Meine Mods\APIShared\APIShared.csproj]
C:\Program Files (x86)\Microsoft Visual Studio\2022\BuildTools\MSBuild\Current\Bin\Microsoft.Common.CurrentVersion.targets(2412,5): warning MSB3277:         E:\ProgrammeE\Steam\steamapps\common\Stronghold Crusader Definitive Edition\BepInEx\plugins\000shcdese\SHCDESE.dll [D:\CDesktopLink\Unterlagen\Mods\Stronghold Crusader DE\Meine Mods\APIShared\APIShared.csproj]
C:\Program Files (x86)\Microsoft Visual Studio\2022\BuildTools\MSBuild\Current\Bin\Microsoft.Common.CurrentVersion.targets(2412,5): warning MSB3277:           Elementincludes einer Projektdatei, die den Verweis "E:\ProgrammeE\Steam\steamapps\common\Stronghold Crusader Definitive Edition\BepInEx\plugins\000shcdese\SHCDESE.dll" verursacht haben. [D:\CDesktopLink\Unterlagen\Mods\Stronghold Crusader DE\Meine Mods\APIShared\APIShared.csproj]
C:\Program Files (x86)\Microsoft Visual Studio\2022\BuildTools\MSBuild\Current\Bin\Microsoft.Common.CurrentVersion.targets(2412,5): warning MSB3277:             SHCDESE [D:\CDesktopLink\Unterlagen\Mods\Stronghold Crusader DE\Meine Mods\APIShared\APIShared.csproj]

    1 Warnung(en)
    0 Fehler

Verstrichene Zeit 00:00:00.49
[Build] Running MSBuild.exe: D:\CDesktopLink\Unterlagen\Mods\Stronghold Crusader DE\Meine Mods\APIShared\tests\PublicPresetConsumer\APISharedPresetConsumerTests.csproj
MSBuild-Version 17.11.9+a69bbaaf5 für .NET Framework
Der Buildvorgang wurde am 10.10.2026 18:16:32 gestartet.

Projekt "D:\CDesktopLink\Unterlagen\Mods\Stronghold Crusader DE\Meine Mods\APIShared\tests\PublicPresetConsumer\APISharedPresetConsumerTests.csproj" auf Knoten "1", Rebuild Ziel(e).
CoreClean:
  Die Datei "D:\CDesktopLink\Unterlagen\Mods\Stronghold Crusader DE\Meine Mods\APIShared\tests\PublicPresetConsumer\bin\APISharedPresetConsumerTests.dll" wird gelöscht.
  Die Datei "D:\CDesktopLink\Unterlagen\Mods\Stronghold Crusader DE\Meine Mods\APIShared\tests\PublicPresetConsumer\obj\Release\APISharedPresetConsumerTests.csproj.AssemblyReference.cache" wird gelöscht.
  Die Datei "D:\CDesktopLink\Unterlagen\Mods\Stronghold Crusader DE\Meine Mods\APIShared\tests\PublicPresetConsumer\obj\Release\APISharedPresetConsumerTests.csproj.CoreCompileInputs.cache" wird gelöscht.
  Die Datei "D:\CDesktopLink\Unterlagen\Mods\Stronghold Crusader DE\Meine Mods\APIShared\tests\PublicPresetConsumer\obj\Release\APISharedPresetConsumerTests.dll" wird gelöscht.
GenerateTargetFrameworkMonikerAttribute:
Das Ziel "GenerateTargetFrameworkMonikerAttribute" wird übersprungen, da alle Ausgabedateien hinsichtlich der Eingabedateien aktuell sind.
CoreCompile:
  C:\Program Files (x86)\Microsoft Visual Studio\2022\BuildTools\MSBuild\Current\Bin\Roslyn\csc.exe /noconfig /nowarn:1701,1702 /fullpaths /nostdlib+ /highentropyva+ /reference:"D:\CDesktopLink\Unterlagen\Mods\Stronghold Crusader DE\Meine Mods\APIShared\BepInEx\plugins\APIShared_Serp\APIShared.dll" /reference:"E:\ProgrammeE\Steam\steamapps\common\Stronghold Crusader Definitive Edition\BepInEx\core\BepInEx.dll" /reference:"C:\Program Files (x86)\Reference Assemblies\Microsoft\Framework\.NETFramework\v4.8.1\mscorlib.dll" /reference:"E:\ProgrammeE\Steam\steamapps\common\Stronghold Crusader Definitive Edition\Stronghold Crusader Definitive Edition_Data\Managed\Noesis.NoesisGUI.dll" /reference:"E:\ProgrammeE\Steam\steamapps\common\Stronghold Crusader Definitive Edition\BepInEx\plugins\000shcdese\SHCDESE.dll" /reference:"C:\Program Files (x86)\Reference Assemblies\Microsoft\Framework\.NETFramework\v4.8.1\System.Core.dll" /reference:"C:\Program Files (x86)\Reference Assemblies\Microsoft\Framework\.NETFramework\v4.8.1\System.dll" /reference:"C:\Program Files (x86)\Reference Assemblies\Microsoft\Framework\.NETFramework\v4.8.1\Facades\Microsoft.Win32.Primitives.dll" /reference:"C:\Program Files (x86)\Reference Assemblies\Microsoft\Framework\.NETFramework\v4.8.1\Facades\netstandard.dll" /reference:"C:\Program Files (x86)\Reference Assemblies\Microsoft\Framework\.NETFramework\v4.8.1\Facades\System.AppContext.dll" /reference:"C:\Program Files (x86)\Reference Assemblies\Microsoft\Framework\.NETFramework\v4.8.1\Facades\System.Collections.Concurrent.dll" /reference:"C:\Program Files (x86)\Reference Assemblies\Microsoft\Framework\.NETFramework\v4.8.1\Facades\System.Collections.dll" /reference:"C:\Program Files (x86)\Reference Assemblies\Microsoft\Framework\.NETFramework\v4.8.1\Facades\System.Collections.NonGeneric.dll" /reference:"C:\Program Files (x86)\Reference Assemblies\Microsoft\Framework\.NETFramework\v4.8.1\Facades\System.Collections.Specialized.dll" /reference:"C:\Program Files (x86)\Reference Assemblies\Microsoft\Framework\.NETFramework\v4.8.1\Facades\System.ComponentModel.Annotations.dll" /reference:"C:\Program Files (x86)\Reference Assemblies\Microsoft\Framework\.NETFramework\v4.8.1\Facades\System.ComponentModel.dll" /reference:"C:\Program Files (x86)\Reference Assemblies\Microsoft\Framework\.NETFramework\v4.8.1\Facades\System.ComponentModel.EventBasedAsync.dll" /reference:"C:\Program Files (x86)\Reference Assemblies\Microsoft\Framework\.NETFramework\v4.8.1\Facades\System.ComponentModel.Primitives.dll" /reference:"C:\Program Files (x86)\Reference Assemblies\Microsoft\Framework\.NETFramework\v4.8.1\Facades\System.ComponentModel.TypeConverter.dll" /reference:"C:\Program Files (x86)\Reference Assemblies\Microsoft\Framework\.NETFramework\v4.8.1\Facades\System.Console.dll" /reference:"C:\Program Files (x86)\Reference Assemblies\Microsoft\Framework\.NETFramework\v4.8.1\Facades\System.Data.Common.dll" /reference:"C:\Program Files (x86)\Reference Assemblies\Microsoft\Framework\.NETFramework\v4.8.1\Facades\System.Diagnostics.Contracts.dll" /reference:"C:\Program Files (x86)\Reference Assemblies\Microsoft\Framework\.NETFramework\v4.8.1\Facades\System.Diagnostics.Debug.dll" /reference:"C:\Program Files (x86)\Reference Assemblies\Microsoft\Framework\.NETFramework\v4.8.1\Facades\System.Diagnostics.FileVersionInfo.dll" /reference:"C:\Program Files (x86)\Reference Assemblies\Microsoft\Framework\.NETFramework\v4.8.1\Facades\System.Diagnostics.Process.dll" /reference:"C:\Program Files (x86)\Reference Assemblies\Microsoft\Framework\.NETFramework\v4.8.1\Facades\System.Diagnostics.StackTrace.dll" /reference:"C:\Program Files (x86)\Reference Assemblies\Microsoft\Framework\.NETFramework\v4.8.1\Facades\System.Diagnostics.TextWriterTraceListener.dll" /reference:"C:\Program Files (x86)\Reference Assemblies\Microsoft\Framework\.NETFramework\v4.8.1\Facades\System.Diagnostics.Tools.dll" /reference:"C:\Program Files (x86)\Reference Assemblies\Microsoft\Framework\.NETFramework\v4.8.1\Facades\System.Diagnostics.TraceSource.dll" /reference:"C:\Program Files (x86)\Reference Assemblies\Microsoft\Framework\.NETFramework\v4.8.1\Facades\System.Drawing.Primitives.dll" /reference:"C:\Program Files (x86)\Reference Assemblies\Microsoft\Framework\.NETFramework\v4.8.1\Facades\System.Dynamic.Runtime.dll" /reference:"C:\Program Files (x86)\Reference Assemblies\Microsoft\Framework\.NETFramework\v4.8.1\Facades\System.Globalization.Calendars.dll" /reference:"C:\Program Files (x86)\Reference Assemblies\Microsoft\Framework\.NETFramework\v4.8.1\Facades\System.Globalization.dll" /reference:"C:\Program Files (x86)\Reference Assemblies\Microsoft\Framework\.NETFramework\v4.8.1\Facades\System.Globalization.Extensions.dll" /reference:"C:\Program Files (x86)\Reference Assemblies\Microsoft\Framework\.NETFramework\v4.8.1\Facades\System.IO.Compression.ZipFile.dll" /reference:"C:\Program Files (x86)\Reference Assemblies\Microsoft\Framework\.NETFramework\v4.8.1\Facades\System.IO.dll" /reference:"C:\Program Files (x86)\Reference Assemblies\Microsoft\Framework\.NETFramework\v4.8.1\Facades\System.IO.FileSystem.dll" /reference:"C:\Program Files (x86)\Reference Assemblies\Microsoft\Framework\.NETFramework\v4.8.1\Facades\System.IO.FileSystem.DriveInfo.dll" /reference:"C:\Program Files (x86)\Reference Assemblies\Microsoft\Framework\.NETFramework\v4.8.1\Facades\System.IO.FileSystem.Primitives.dll" /reference:"C:\Program Files (x86)\Reference Assemblies\Microsoft\Framework\.NETFramework\v4.8.1\Facades\System.IO.FileSystem.Watcher.dll" /reference:"C:\Program Files (x86)\Reference Assemblies\Microsoft\Framework\.NETFramework\v4.8.1\Facades\System.IO.IsolatedStorage.dll" /reference:"C:\Program Files (x86)\Reference Assemblies\Microsoft\Framework\.NETFramework\v4.8.1\Facades\System.IO.MemoryMappedFiles.dll" /reference:"C:\Program Files (x86)\Reference Assemblies\Microsoft\Framework\.NETFramework\v4.8.1\Facades\System.IO.Pipes.dll" /reference:"C:\Program Files (x86)\Reference Assemblies\Microsoft\Framework\.NETFramework\v4.8.1\Facades\System.IO.UnmanagedMemoryStream.dll" /reference:"C:\Program Files (x86)\Reference Assemblies\Microsoft\Framework\.NETFramework\v4.8.1\Facades\System.Linq.dll" /reference:"C:\Program Files (x86)\Reference Assemblies\Microsoft\Framework\.NETFramework\v4.8.1\Facades\System.Linq.Expressions.dll" /reference:"C:\Program Files (x86)\Reference Assemblies\Microsoft\Framework\.NETFramework\v4.8.1\Facades\System.Linq.Parallel.dll" /reference:"C:\Program Files (x86)\Reference Assemblies\Microsoft\Framework\.NETFramework\v4.8.1\Facades\System.Linq.Queryable.dll" /reference:"C:\Program Files (x86)\Reference Assemblies\Microsoft\Framework\.NETFramework\v4.8.1\Facades\System.Net.Http.Rtc.dll" /reference:"C:\Program Files (x86)\Reference Assemblies\Microsoft\Framework\.NETFramework\v4.8.1\Facades\System.Net.NameResolution.dll" /reference:"C:\Program Files (x86)\Reference Assemblies\Microsoft\Framework\.NETFramework\v4.8.1\Facades\System.Net.NetworkInformation.dll" /reference:"C:\Program Files (x86)\Reference Assemblies\Microsoft\Framework\.NETFramework\v4.8.1\Facades\System.Net.Ping.dll" /reference:"C:\Program Files (x86)\Reference Assemblies\Microsoft\Framework\.NETFramework\v4.8.1\Facades\System.Net.Primitives.dll" /reference:"C:\Program Files (x86)\Reference Assemblies\Microsoft\Framework\.NETFramework\v4.8.1\Facades\System.Net.Requests.dll" /reference:"C:\Program Files (x86)\Reference Assemblies\Microsoft\Framework\.NETFramework\v4.8.1\Facades\System.Net.Security.dll" /reference:"C:\Program Files (x86)\Reference Assemblies\Microsoft\Framework\.NETFramework\v4.8.1\Facades\System.Net.Sockets.dll" /reference:"C:\Program Files (x86)\Reference Assemblies\Microsoft\Framework\.NETFramework\v4.8.1\Facades\System.Net.WebHeaderCollection.dll" /reference:"C:\Program Files (x86)\Reference Assemblies\Microsoft\Framework\.NETFramework\v4.8.1\Facades\System.Net.WebSockets.Client.dll" /reference:"C:\Program Files (x86)\Reference Assemblies\Microsoft\Framework\.NETFramework\v4.8.1\Facades\System.Net.WebSockets.dll" /reference:"C:\Program Files (x86)\Reference Assemblies\Microsoft\Framework\.NETFramework\v4.8.1\Facades\System.ObjectModel.dll" /reference:"C:\Program Files (x86)\Reference Assemblies\Microsoft\Framework\.NETFramework\v4.8.1\Facades\System.Reflection.dll" /reference:"C:\Program Files (x86)\Reference Assemblies\Microsoft\Framework\.NETFramework\v4.8.1\Facades\System.Reflection.Emit.dll" /reference:"C:\Program Files (x86)\Reference Assemblies\Microsoft\Framework\.NETFramework\v4.8.1\Facades\System.Reflection.Emit.ILGeneration.dll" /reference:"C:\Program Files (x86)\Reference Assemblies\Microsoft\Framework\.NETFramework\v4.8.1\Facades\System.Reflection.Emit.Lightweight.dll" /reference:"C:\Program Files (x86)\Reference Assemblies\Microsoft\Framework\.NETFramework\v4.8.1\Facades\System.Reflection.Extensions.dll" /reference:"C:\Program Files (x86)\Reference Assemblies\Microsoft\Framework\.NETFramework\v4.8.1\Facades\System.Reflection.Primitives.dll" /reference:"C:\Program Files (x86)\Reference Assemblies\Microsoft\Framework\.NETFramework\v4.8.1\Facades\System.Resources.Reader.dll" /reference:"C:\Program Files (x86)\Reference Assemblies\Microsoft\Framework\.NETFramework\v4.8.1\Facades\System.Resources.ResourceManager.dll" /reference:"C:\Program Files (x86)\Reference Assemblies\Microsoft\Framework\.NETFramework\v4.8.1\Facades\System.Resources.Writer.dll" /reference:"C:\Program Files (x86)\Reference Assemblies\Microsoft\Framework\.NETFramework\v4.8.1\Facades\System.Runtime.CompilerServices.VisualC.dll" /reference:"C:\Program Files (x86)\Reference Assemblies\Microsoft\Framework\.NETFramework\v4.8.1\Facades\System.Runtime.dll" /reference:"C:\Program Files (x86)\Reference Assemblies\Microsoft\Framework\.NETFramework\v4.8.1\Facades\System.Runtime.Extensions.dll" /reference:"C:\Program Files (x86)\Reference Assemblies\Microsoft\Framework\.NETFramework\v4.8.1\Facades\System.Runtime.Handles.dll" /reference:"C:\Program Files (x86)\Reference Assemblies\Microsoft\Framework\.NETFramework\v4.8.1\Facades\System.Runtime.InteropServices.dll" /reference:"C:\Program Files (x86)\Reference Assemblies\Microsoft\Framework\.NETFramework\v4.8.1\Facades\System.Runtime.InteropServices.RuntimeInformation.dll" /reference:"C:\Program Files (x86)\Reference Assemblies\Microsoft\Framework\.NETFramework\v4.8.1\Facades\System.Runtime.InteropServices.WindowsRuntime.dll" /reference:"C:\Program Files (x86)\Reference Assemblies\Microsoft\Framework\.NETFramework\v4.8.1\Facades\System.Runtime.Numerics.dll" /reference:"C:\Program Files (x86)\Reference Assemblies\Microsoft\Framework\.NETFramework\v4.8.1\Facades\System.Runtime.Serialization.Formatters.dll" /reference:"C:\Program Files (x86)\Reference Assemblies\Microsoft\Framework\.NETFramework\v4.8.1\Facades\System.Runtime.Serialization.Json.dll" /reference:"C:\Program Files (x86)\Reference Assemblies\Microsoft\Framework\.NETFramework\v4.8.1\Facades\System.Runtime.Serialization.Primitives.dll" /reference:"C:\Program Files (x86)\Reference Assemblies\Microsoft\Framework\.NETFramework\v4.8.1\Facades\System.Runtime.Serialization.Xml.dll" /reference:"C:\Program Files (x86)\Reference Assemblies\Microsoft\Framework\.NETFramework\v4.8.1\Facades\System.Security.Claims.dll" /reference:"C:\Program Files (x86)\Reference Assemblies\Microsoft\Framework\.NETFramework\v4.8.1\Facades\System.Security.Cryptography.Algorithms.dll" /reference:"C:\Program Files (x86)\Reference Assemblies\Microsoft\Framework\.NETFramework\v4.8.1\Facades\System.Security.Cryptography.Csp.dll" /reference:"C:\Program Files (x86)\Reference Assemblies\Microsoft\Framework\.NETFramework\v4.8.1\Facades\System.Security.Cryptography.Encoding.dll" /reference:"C:\Program Files (x86)\Reference Assemblies\Microsoft\Framework\.NETFramework\v4.8.1\Facades\System.Security.Cryptography.Primitives.dll" /reference:"C:\Program Files (x86)\Reference Assemblies\Microsoft\Framework\.NETFramework\v4.8.1\Facades\System.Security.Cryptography.X509Certificates.dll" /reference:"C:\Program Files (x86)\Reference Assemblies\Microsoft\Framework\.NETFramework\v4.8.1\Facades\System.Security.Principal.dll" /reference:"C:\Program Files (x86)\Reference Assemblies\Microsoft\Framework\.NETFramework\v4.8.1\Facades\System.Security.SecureString.dll" /reference:"C:\Program Files (x86)\Reference Assemblies\Microsoft\Framework\.NETFramework\v4.8.1\Facades\System.ServiceModel.Duplex.dll" /reference:"C:\Program Files (x86)\Reference Assemblies\Microsoft\Framework\.NETFramework\v4.8.1\Facades\System.ServiceModel.Http.dll" /reference:"C:\Program Files (x86)\Reference Assemblies\Microsoft\Framework\.NETFramework\v4.8.1\Facades\System.ServiceModel.NetTcp.dll" /reference:"C:\Program Files (x86)\Reference Assemblies\Microsoft\Framework\.NETFramework\v4.8.1\Facades\System.ServiceModel.Primitives.dll" /reference:"C:\Program Files (x86)\Reference Assemblies\Microsoft\Framework\.NETFramework\v4.8.1\Facades\System.ServiceModel.Security.dll" /reference:"C:\Program Files (x86)\Reference Assemblies\Microsoft\Framework\.NETFramework\v4.8.1\Facades\System.Text.Encoding.dll" /reference:"C:\Program Files (x86)\Reference Assemblies\Microsoft\Framework\.NETFramework\v4.8.1\Facades\System.Text.Encoding.Extensions.dll" /reference:"C:\Program Files (x86)\Reference Assemblies\Microsoft\Framework\.NETFramework\v4.8.1\Facades\System.Text.RegularExpressions.dll" /reference:"C:\Program Files (x86)\Reference Assemblies\Microsoft\Framework\.NETFramework\v4.8.1\Facades\System.Threading.dll" /reference:"C:\Program Files (x86)\Reference Assemblies\Microsoft\Framework\.NETFramework\v4.8.1\Facades\System.Threading.Overlapped.dll" /reference:"C:\Program Files (x86)\Reference Assemblies\Microsoft\Framework\.NETFramework\v4.8.1\Facades\System.Threading.Tasks.dll" /reference:"C:\Program Files (x86)\Reference Assemblies\Microsoft\Framework\.NETFramework\v4.8.1\Facades\System.Threading.Tasks.Parallel.dll" /reference:"C:\Program Files (x86)\Reference Assemblies\Microsoft\Framework\.NETFramework\v4.8.1\Facades\System.Threading.Thread.dll" /reference:"C:\Program Files (x86)\Reference Assemblies\Microsoft\Framework\.NETFramework\v4.8.1\Facades\System.Threading.ThreadPool.dll" /reference:"C:\Program Files (x86)\Reference Assemblies\Microsoft\Framework\.NETFramework\v4.8.1\Facades\System.Threading.Timer.dll" /reference:"C:\Program Files (x86)\Reference Assemblies\Microsoft\Framework\.NETFramework\v4.8.1\Facades\System.ValueTuple.dll" /reference:"C:\Program Files (x86)\Reference Assemblies\Microsoft\Framework\.NETFramework\v4.8.1\Facades\System.Xml.ReaderWriter.dll" /reference:"C:\Program Files (x86)\Reference Assemblies\Microsoft\Framework\.NETFramework\v4.8.1\Facades\System.Xml.XDocument.dll" /reference:"C:\Program Files (x86)\Reference Assemblies\Microsoft\Framework\.NETFramework\v4.8.1\Facades\System.Xml.XmlDocument.dll" /reference:"C:\Program Files (x86)\Reference Assemblies\Microsoft\Framework\.NETFramework\v4.8.1\Facades\System.Xml.XmlSerializer.dll" /reference:"C:\Program Files (x86)\Reference Assemblies\Microsoft\Framework\.NETFramework\v4.8.1\Facades\System.Xml.XPath.dll" /reference:"C:\Program Files (x86)\Reference Assemblies\Microsoft\Framework\.NETFramework\v4.8.1\Facades\System.Xml.XPath.XDocument.dll" /out:obj\Release\APISharedPresetConsumerTests.dll /subsystemversion:6.00 /target:library /utf8output /langversion:latest /analyzerconfig:"D:\CDesktopLink\Unterlagen\Mods\Stronghold Crusader DE\Meine Mods\APIShared\.editorconfig" ConsumerSettings.cs "obj\Release\.NETFramework,Version=v4.8.1.AssemblyAttributes.cs"
  CompilerServer: server - server processed compilation - APISharedPresetConsumerTests
CopyFilesToOutputDirectory:
  Die Datei wird von "D:\CDesktopLink\Unterlagen\Mods\Stronghold Crusader DE\Meine Mods\APIShared\tests\PublicPresetConsumer\obj\Release\APISharedPresetConsumerTests.dll" in "D:\CDesktopLink\Unterlagen\Mods\Stronghold Crusader DE\Meine Mods\APIShared\tests\PublicPresetConsumer\bin\APISharedPresetConsumerTests.dll" kopiert.
  APISharedPresetConsumerTests -> D:\CDesktopLink\Unterlagen\Mods\Stronghold Crusader DE\Meine Mods\APIShared\tests\PublicPresetConsumer\bin\APISharedPresetConsumerTests.dll
Die Erstellung von Projekt "D:\CDesktopLink\Unterlagen\Mods\Stronghold Crusader DE\Meine Mods\APIShared\tests\PublicPresetConsumer\APISharedPresetConsumerTests.csproj" ist abgeschlossen (Rebuild Ziel(e)).

Der Buildvorgang wurde erfolgreich ausgeführt.
    0 Warnung(en)
    0 Fehler

Verstrichene Zeit 00:00:00.30
[Build] Running MSBuild.exe: D:\CDesktopLink\Unterlagen\Mods\Stronghold Crusader DE\Meine Mods\APIShared\examples\ThirdPartyMod\ThirdPartyMod.csproj
MSBuild-Version 17.11.9+a69bbaaf5 für .NET Framework
Der Buildvorgang wurde am 10.10.2026 18:16:32 gestartet.

Projekt "D:\CDesktopLink\Unterlagen\Mods\Stronghold Crusader DE\Meine Mods\APIShared\examples\ThirdPartyMod\ThirdPartyMod.csproj" auf Knoten "1", Rebuild Ziel(e).
CoreClean:
  Die Datei "D:\CDesktopLink\Unterlagen\Mods\Stronghold Crusader DE\Meine Mods\APIShared\examples\ThirdPartyMod\bin\ThirdPartyMod.Examples.dll" wird gelöscht.
  Die Datei "D:\CDesktopLink\Unterlagen\Mods\Stronghold Crusader DE\Meine Mods\APIShared\examples\ThirdPartyMod\obj\Release\ThirdPartyMod.csproj.AssemblyReference.cache" wird gelöscht.
  Die Datei "D:\CDesktopLink\Unterlagen\Mods\Stronghold Crusader DE\Meine Mods\APIShared\examples\ThirdPartyMod\obj\Release\ThirdPartyMod.csproj.CoreCompileInputs.cache" wird gelöscht.
  Die Datei "D:\CDesktopLink\Unterlagen\Mods\Stronghold Crusader DE\Meine Mods\APIShared\examples\ThirdPartyMod\obj\Release\ThirdPartyMod.Examples.dll" wird gelöscht.
GenerateTargetFrameworkMonikerAttribute:
Das Ziel "GenerateTargetFrameworkMonikerAttribute" wird übersprungen, da alle Ausgabedateien hinsichtlich der Eingabedateien aktuell sind.
CoreCompile:
  C:\Program Files (x86)\Microsoft Visual Studio\2022\BuildTools\MSBuild\Current\Bin\Roslyn\csc.exe /noconfig /nowarn:1701,1702 /fullpaths /nostdlib+ /highentropyva+ /reference:"D:\CDesktopLink\Unterlagen\Mods\Stronghold Crusader DE\Meine Mods\APIShared\BepInEx\plugins\APIShared_Serp\APIShared.dll" /reference:"E:\ProgrammeE\Steam\steamapps\common\Stronghold Crusader Definitive Edition\Stronghold Crusader Definitive Edition_Data\Managed\Assembly-CSharp.dll" /reference:"E:\ProgrammeE\Steam\steamapps\common\Stronghold Crusader Definitive Edition\BepInEx\core\BepInEx.dll" /reference:"E:\ProgrammeE\Steam\steamapps\common\Stronghold Crusader Definitive Edition\BepInEx\plugins\000shcdese\MessagePack.Annotations.dll" /reference:"E:\ProgrammeE\Steam\steamapps\common\Stronghold Crusader Definitive Edition\BepInEx\plugins\000shcdese\MessagePack.dll" /reference:"C:\Program Files (x86)\Reference Assemblies\Microsoft\Framework\.NETFramework\v4.8.1\mscorlib.dll" /reference:"E:\ProgrammeE\Steam\steamapps\common\Stronghold Crusader Definitive Edition\Stronghold Crusader Definitive Edition_Data\Managed\Noesis.NoesisGUI.dll" /reference:"E:\ProgrammeE\Steam\steamapps\common\Stronghold Crusader Definitive Edition\BepInEx\plugins\000shcdese\SHCDESE.dll" /reference:"C:\Program Files (x86)\Reference Assemblies\Microsoft\Framework\.NETFramework\v4.8.1\System.Core.dll" /reference:"C:\Program Files (x86)\Reference Assemblies\Microsoft\Framework\.NETFramework\v4.8.1\System.dll" /reference:"E:\ProgrammeE\Steam\steamapps\common\Stronghold Crusader Definitive Edition\BepInEx\plugins\000shcdese\System.Memory.dll" /reference:"E:\ProgrammeE\Steam\steamapps\common\Stronghold Crusader Definitive Edition\Stronghold Crusader Definitive Edition_Data\Managed\UnityEngine.CoreModule.dll" /reference:"E:\ProgrammeE\Steam\steamapps\common\Stronghold Crusader Definitive Edition\Stronghold Crusader Definitive Edition_Data\Managed\UnityEngine.dll" /reference:"C:\Program Files (x86)\Reference Assemblies\Microsoft\Framework\.NETFramework\v4.8.1\Facades\Microsoft.Win32.Primitives.dll" /reference:"C:\Program Files (x86)\Reference Assemblies\Microsoft\Framework\.NETFramework\v4.8.1\Facades\netstandard.dll" /reference:"C:\Program Files (x86)\Reference Assemblies\Microsoft\Framework\.NETFramework\v4.8.1\Facades\System.AppContext.dll" /reference:"C:\Program Files (x86)\Reference Assemblies\Microsoft\Framework\.NETFramework\v4.8.1\Facades\System.Collections.Concurrent.dll" /reference:"C:\Program Files (x86)\Reference Assemblies\Microsoft\Framework\.NETFramework\v4.8.1\Facades\System.Collections.dll" /reference:"C:\Program Files (x86)\Reference Assemblies\Microsoft\Framework\.NETFramework\v4.8.1\Facades\System.Collections.NonGeneric.dll" /reference:"C:\Program Files (x86)\Reference Assemblies\Microsoft\Framework\.NETFramework\v4.8.1\Facades\System.Collections.Specialized.dll" /reference:"C:\Program Files (x86)\Reference Assemblies\Microsoft\Framework\.NETFramework\v4.8.1\Facades\System.ComponentModel.Annotations.dll" /reference:"C:\Program Files (x86)\Reference Assemblies\Microsoft\Framework\.NETFramework\v4.8.1\Facades\System.ComponentModel.dll" /reference:"C:\Program Files (x86)\Reference Assemblies\Microsoft\Framework\.NETFramework\v4.8.1\Facades\System.ComponentModel.EventBasedAsync.dll" /reference:"C:\Program Files (x86)\Reference Assemblies\Microsoft\Framework\.NETFramework\v4.8.1\Facades\System.ComponentModel.Primitives.dll" /reference:"C:\Program Files (x86)\Reference Assemblies\Microsoft\Framework\.NETFramework\v4.8.1\Facades\System.ComponentModel.TypeConverter.dll" /reference:"C:\Program Files (x86)\Reference Assemblies\Microsoft\Framework\.NETFramework\v4.8.1\Facades\System.Console.dll" /reference:"C:\Program Files (x86)\Reference Assemblies\Microsoft\Framework\.NETFramework\v4.8.1\Facades\System.Data.Common.dll" /reference:"C:\Program Files (x86)\Reference Assemblies\Microsoft\Framework\.NETFramework\v4.8.1\Facades\System.Diagnostics.Contracts.dll" /reference:"C:\Program Files (x86)\Reference Assemblies\Microsoft\Framework\.NETFramework\v4.8.1\Facades\System.Diagnostics.Debug.dll" /reference:"C:\Program Files (x86)\Reference Assemblies\Microsoft\Framework\.NETFramework\v4.8.1\Facades\System.Diagnostics.FileVersionInfo.dll" /reference:"C:\Program Files (x86)\Reference Assemblies\Microsoft\Framework\.NETFramework\v4.8.1\Facades\System.Diagnostics.Process.dll" /reference:"C:\Program Files (x86)\Reference Assemblies\Microsoft\Framework\.NETFramework\v4.8.1\Facades\System.Diagnostics.StackTrace.dll" /reference:"C:\Program Files (x86)\Reference Assemblies\Microsoft\Framework\.NETFramework\v4.8.1\Facades\System.Diagnostics.TextWriterTraceListener.dll" /reference:"C:\Program Files (x86)\Reference Assemblies\Microsoft\Framework\.NETFramework\v4.8.1\Facades\System.Diagnostics.Tools.dll" /reference:"C:\Program Files (x86)\Reference Assemblies\Microsoft\Framework\.NETFramework\v4.8.1\Facades\System.Diagnostics.TraceSource.dll" /reference:"C:\Program Files (x86)\Reference Assemblies\Microsoft\Framework\.NETFramework\v4.8.1\Facades\System.Drawing.Primitives.dll" /reference:"C:\Program Files (x86)\Reference Assemblies\Microsoft\Framework\.NETFramework\v4.8.1\Facades\System.Dynamic.Runtime.dll" /reference:"C:\Program Files (x86)\Reference Assemblies\Microsoft\Framework\.NETFramework\v4.8.1\Facades\System.Globalization.Calendars.dll" /reference:"C:\Program Files (x86)\Reference Assemblies\Microsoft\Framework\.NETFramework\v4.8.1\Facades\System.Globalization.dll" /reference:"C:\Program Files (x86)\Reference Assemblies\Microsoft\Framework\.NETFramework\v4.8.1\Facades\System.Globalization.Extensions.dll" /reference:"C:\Program Files (x86)\Reference Assemblies\Microsoft\Framework\.NETFramework\v4.8.1\Facades\System.IO.Compression.ZipFile.dll" /reference:"C:\Program Files (x86)\Reference Assemblies\Microsoft\Framework\.NETFramework\v4.8.1\Facades\System.IO.dll" /reference:"C:\Program Files (x86)\Reference Assemblies\Microsoft\Framework\.NETFramework\v4.8.1\Facades\System.IO.FileSystem.dll" /reference:"C:\Program Files (x86)\Reference Assemblies\Microsoft\Framework\.NETFramework\v4.8.1\Facades\System.IO.FileSystem.DriveInfo.dll" /reference:"C:\Program Files (x86)\Reference Assemblies\Microsoft\Framework\.NETFramework\v4.8.1\Facades\System.IO.FileSystem.Primitives.dll" /reference:"C:\Program Files (x86)\Reference Assemblies\Microsoft\Framework\.NETFramework\v4.8.1\Facades\System.IO.FileSystem.Watcher.dll" /reference:"C:\Program Files (x86)\Reference Assemblies\Microsoft\Framework\.NETFramework\v4.8.1\Facades\System.IO.IsolatedStorage.dll" /reference:"C:\Program Files (x86)\Reference Assemblies\Microsoft\Framework\.NETFramework\v4.8.1\Facades\System.IO.MemoryMappedFiles.dll" /reference:"C:\Program Files (x86)\Reference Assemblies\Microsoft\Framework\.NETFramework\v4.8.1\Facades\System.IO.Pipes.dll" /reference:"C:\Program Files (x86)\Reference Assemblies\Microsoft\Framework\.NETFramework\v4.8.1\Facades\System.IO.UnmanagedMemoryStream.dll" /reference:"C:\Program Files (x86)\Reference Assemblies\Microsoft\Framework\.NETFramework\v4.8.1\Facades\System.Linq.dll" /reference:"C:\Program Files (x86)\Reference Assemblies\Microsoft\Framework\.NETFramework\v4.8.1\Facades\System.Linq.Expressions.dll" /reference:"C:\Program Files (x86)\Reference Assemblies\Microsoft\Framework\.NETFramework\v4.8.1\Facades\System.Linq.Parallel.dll" /reference:"C:\Program Files (x86)\Reference Assemblies\Microsoft\Framework\.NETFramework\v4.8.1\Facades\System.Linq.Queryable.dll" /reference:"C:\Program Files (x86)\Reference Assemblies\Microsoft\Framework\.NETFramework\v4.8.1\Facades\System.Net.Http.Rtc.dll" /reference:"C:\Program Files (x86)\Reference Assemblies\Microsoft\Framework\.NETFramework\v4.8.1\Facades\System.Net.NameResolution.dll" /reference:"C:\Program Files (x86)\Reference Assemblies\Microsoft\Framework\.NETFramework\v4.8.1\Facades\System.Net.NetworkInformation.dll" /reference:"C:\Program Files (x86)\Reference Assemblies\Microsoft\Framework\.NETFramework\v4.8.1\Facades\System.Net.Ping.dll" /reference:"C:\Program Files (x86)\Reference Assemblies\Microsoft\Framework\.NETFramework\v4.8.1\Facades\System.Net.Primitives.dll" /reference:"C:\Program Files (x86)\Reference Assemblies\Microsoft\Framework\.NETFramework\v4.8.1\Facades\System.Net.Requests.dll" /reference:"C:\Program Files (x86)\Reference Assemblies\Microsoft\Framework\.NETFramework\v4.8.1\Facades\System.Net.Security.dll" /reference:"C:\Program Files (x86)\Reference Assemblies\Microsoft\Framework\.NETFramework\v4.8.1\Facades\System.Net.Sockets.dll" /reference:"C:\Program Files (x86)\Reference Assemblies\Microsoft\Framework\.NETFramework\v4.8.1\Facades\System.Net.WebHeaderCollection.dll" /reference:"C:\Program Files (x86)\Reference Assemblies\Microsoft\Framework\.NETFramework\v4.8.1\Facades\System.Net.WebSockets.Client.dll" /reference:"C:\Program Files (x86)\Reference Assemblies\Microsoft\Framework\.NETFramework\v4.8.1\Facades\System.Net.WebSockets.dll" /reference:"C:\Program Files (x86)\Reference Assemblies\Microsoft\Framework\.NETFramework\v4.8.1\Facades\System.ObjectModel.dll" /reference:"C:\Program Files (x86)\Reference Assemblies\Microsoft\Framework\.NETFramework\v4.8.1\Facades\System.Reflection.dll" /reference:"C:\Program Files (x86)\Reference Assemblies\Microsoft\Framework\.NETFramework\v4.8.1\Facades\System.Reflection.Emit.dll" /reference:"C:\Program Files (x86)\Reference Assemblies\Microsoft\Framework\.NETFramework\v4.8.1\Facades\System.Reflection.Emit.ILGeneration.dll" /reference:"C:\Program Files (x86)\Reference Assemblies\Microsoft\Framework\.NETFramework\v4.8.1\Facades\System.Reflection.Emit.Lightweight.dll" /reference:"C:\Program Files (x86)\Reference Assemblies\Microsoft\Framework\.NETFramework\v4.8.1\Facades\System.Reflection.Extensions.dll" /reference:"C:\Program Files (x86)\Reference Assemblies\Microsoft\Framework\.NETFramework\v4.8.1\Facades\System.Reflection.Primitives.dll" /reference:"C:\Program Files (x86)\Reference Assemblies\Microsoft\Framework\.NETFramework\v4.8.1\Facades\System.Resources.Reader.dll" /reference:"C:\Program Files (x86)\Reference Assemblies\Microsoft\Framework\.NETFramework\v4.8.1\Facades\System.Resources.ResourceManager.dll" /reference:"C:\Program Files (x86)\Reference Assemblies\Microsoft\Framework\.NETFramework\v4.8.1\Facades\System.Resources.Writer.dll" /reference:"C:\Program Files (x86)\Reference Assemblies\Microsoft\Framework\.NETFramework\v4.8.1\Facades\System.Runtime.CompilerServices.VisualC.dll" /reference:"C:\Program Files (x86)\Reference Assemblies\Microsoft\Framework\.NETFramework\v4.8.1\Facades\System.Runtime.dll" /reference:"C:\Program Files (x86)\Reference Assemblies\Microsoft\Framework\.NETFramework\v4.8.1\Facades\System.Runtime.Extensions.dll" /reference:"C:\Program Files (x86)\Reference Assemblies\Microsoft\Framework\.NETFramework\v4.8.1\Facades\System.Runtime.Handles.dll" /reference:"C:\Program Files (x86)\Reference Assemblies\Microsoft\Framework\.NETFramework\v4.8.1\Facades\System.Runtime.InteropServices.dll" /reference:"C:\Program Files (x86)\Reference Assemblies\Microsoft\Framework\.NETFramework\v4.8.1\Facades\System.Runtime.InteropServices.RuntimeInformation.dll" /reference:"C:\Program Files (x86)\Reference Assemblies\Microsoft\Framework\.NETFramework\v4.8.1\Facades\System.Runtime.InteropServices.WindowsRuntime.dll" /reference:"C:\Program Files (x86)\Reference Assemblies\Microsoft\Framework\.NETFramework\v4.8.1\Facades\System.Runtime.Numerics.dll" /reference:"C:\Program Files (x86)\Reference Assemblies\Microsoft\Framework\.NETFramework\v4.8.1\Facades\System.Runtime.Serialization.Formatters.dll" /reference:"C:\Program Files (x86)\Reference Assemblies\Microsoft\Framework\.NETFramework\v4.8.1\Facades\System.Runtime.Serialization.Json.dll" /reference:"C:\Program Files (x86)\Reference Assemblies\Microsoft\Framework\.NETFramework\v4.8.1\Facades\System.Runtime.Serialization.Primitives.dll" /reference:"C:\Program Files (x86)\Reference Assemblies\Microsoft\Framework\.NETFramework\v4.8.1\Facades\System.Runtime.Serialization.Xml.dll" /reference:"C:\Program Files (x86)\Reference Assemblies\Microsoft\Framework\.NETFramework\v4.8.1\Facades\System.Security.Claims.dll" /reference:"C:\Program Files (x86)\Reference Assemblies\Microsoft\Framework\.NETFramework\v4.8.1\Facades\System.Security.Cryptography.Algorithms.dll" /reference:"C:\Program Files (x86)\Reference Assemblies\Microsoft\Framework\.NETFramework\v4.8.1\Facades\System.Security.Cryptography.Csp.dll" /reference:"C:\Program Files (x86)\Reference Assemblies\Microsoft\Framework\.NETFramework\v4.8.1\Facades\System.Security.Cryptography.Encoding.dll" /reference:"C:\Program Files (x86)\Reference Assemblies\Microsoft\Framework\.NETFramework\v4.8.1\Facades\System.Security.Cryptography.Primitives.dll" /reference:"C:\Program Files (x86)\Reference Assemblies\Microsoft\Framework\.NETFramework\v4.8.1\Facades\System.Security.Cryptography.X509Certificates.dll" /reference:"C:\Program Files (x86)\Reference Assemblies\Microsoft\Framework\.NETFramework\v4.8.1\Facades\System.Security.Principal.dll" /reference:"C:\Program Files (x86)\Reference Assemblies\Microsoft\Framework\.NETFramework\v4.8.1\Facades\System.Security.SecureString.dll" /reference:"C:\Program Files (x86)\Reference Assemblies\Microsoft\Framework\.NETFramework\v4.8.1\Facades\System.ServiceModel.Duplex.dll" /reference:"C:\Program Files (x86)\Reference Assemblies\Microsoft\Framework\.NETFramework\v4.8.1\Facades\System.ServiceModel.Http.dll" /reference:"C:\Program Files (x86)\Reference Assemblies\Microsoft\Framework\.NETFramework\v4.8.1\Facades\System.ServiceModel.NetTcp.dll" /reference:"C:\Program Files (x86)\Reference Assemblies\Microsoft\Framework\.NETFramework\v4.8.1\Facades\System.ServiceModel.Primitives.dll" /reference:"C:\Program Files (x86)\Reference Assemblies\Microsoft\Framework\.NETFramework\v4.8.1\Facades\System.ServiceModel.Security.dll" /reference:"C:\Program Files (x86)\Reference Assemblies\Microsoft\Framework\.NETFramework\v4.8.1\Facades\System.Text.Encoding.dll" /reference:"C:\Program Files (x86)\Reference Assemblies\Microsoft\Framework\.NETFramework\v4.8.1\Facades\System.Text.Encoding.Extensions.dll" /reference:"C:\Program Files (x86)\Reference Assemblies\Microsoft\Framework\.NETFramework\v4.8.1\Facades\System.Text.RegularExpressions.dll" /reference:"C:\Program Files (x86)\Reference Assemblies\Microsoft\Framework\.NETFramework\v4.8.1\Facades\System.Threading.dll" /reference:"C:\Program Files (x86)\Reference Assemblies\Microsoft\Framework\.NETFramework\v4.8.1\Facades\System.Threading.Overlapped.dll" /reference:"C:\Program Files (x86)\Reference Assemblies\Microsoft\Framework\.NETFramework\v4.8.1\Facades\System.Threading.Tasks.dll" /reference:"C:\Program Files (x86)\Reference Assemblies\Microsoft\Framework\.NETFramework\v4.8.1\Facades\System.Threading.Tasks.Parallel.dll" /reference:"C:\Program Files (x86)\Reference Assemblies\Microsoft\Framework\.NETFramework\v4.8.1\Facades\System.Threading.Thread.dll" /reference:"C:\Program Files (x86)\Reference Assemblies\Microsoft\Framework\.NETFramework\v4.8.1\Facades\System.Threading.ThreadPool.dll" /reference:"C:\Program Files (x86)\Reference Assemblies\Microsoft\Framework\.NETFramework\v4.8.1\Facades\System.Threading.Timer.dll" /reference:"C:\Program Files (x86)\Reference Assemblies\Microsoft\Framework\.NETFramework\v4.8.1\Facades\System.ValueTuple.dll" /reference:"C:\Program Files (x86)\Reference Assemblies\Microsoft\Framework\.NETFramework\v4.8.1\Facades\System.Xml.ReaderWriter.dll" /reference:"C:\Program Files (x86)\Reference Assemblies\Microsoft\Framework\.NETFramework\v4.8.1\Facades\System.Xml.XDocument.dll" /reference:"C:\Program Files (x86)\Reference Assemblies\Microsoft\Framework\.NETFramework\v4.8.1\Facades\System.Xml.XmlDocument.dll" /reference:"C:\Program Files (x86)\Reference Assemblies\Microsoft\Framework\.NETFramework\v4.8.1\Facades\System.Xml.XmlSerializer.dll" /reference:"C:\Program Files (x86)\Reference Assemblies\Microsoft\Framework\.NETFramework\v4.8.1\Facades\System.Xml.XPath.dll" /reference:"C:\Program Files (x86)\Reference Assemblies\Microsoft\Framework\.NETFramework\v4.8.1\Facades\System.Xml.XPath.XDocument.dll" /out:obj\Release\ThirdPartyMod.Examples.dll /subsystemversion:6.00 /target:library /utf8output /langversion:latest /analyzerconfig:"D:\CDesktopLink\Unterlagen\Mods\Stronghold Crusader DE\Meine Mods\APIShared\.editorconfig" ExamplePlugin.cs InterceptionExample.cs MissionExample.cs ExampleSettings.cs HudExample.cs CustomizedLaunchExample.cs RouteSearchExample.cs NetworkingExample.cs "obj\Release\.NETFramework,Version=v4.8.1.AssemblyAttributes.cs"
D:\CDesktopLink\Unterlagen\Mods\Stronghold Crusader DE\Meine Mods\APIShared\examples\ThirdPartyMod\HudExample.cs(12,37): warning CS0649: Dem Feld "HudExample.Icon" wird nie etwas zugewiesen, und es hat immer seinen Standardwert von "null". [D:\CDesktopLink\Unterlagen\Mods\Stronghold Crusader DE\Meine Mods\APIShared\examples\ThirdPartyMod\ThirdPartyMod.csproj]
  CompilerServer: server - server processed compilation - ThirdPartyMod
CopyFilesToOutputDirectory:
  Die Datei wird von "D:\CDesktopLink\Unterlagen\Mods\Stronghold Crusader DE\Meine Mods\APIShared\examples\ThirdPartyMod\obj\Release\ThirdPartyMod.Examples.dll" in "D:\CDesktopLink\Unterlagen\Mods\Stronghold Crusader DE\Meine Mods\APIShared\examples\ThirdPartyMod\bin\ThirdPartyMod.Examples.dll" kopiert.
  ThirdPartyMod -> D:\CDesktopLink\Unterlagen\Mods\Stronghold Crusader DE\Meine Mods\APIShared\examples\ThirdPartyMod\bin\ThirdPartyMod.Examples.dll
Die Erstellung von Projekt "D:\CDesktopLink\Unterlagen\Mods\Stronghold Crusader DE\Meine Mods\APIShared\examples\ThirdPartyMod\ThirdPartyMod.csproj" ist abgeschlossen (Rebuild Ziel(e)).

Der Buildvorgang wurde erfolgreich ausgeführt.

"D:\CDesktopLink\Unterlagen\Mods\Stronghold Crusader DE\Meine Mods\APIShared\examples\ThirdPartyMod\ThirdPartyMod.csproj" (Rebuild Ziel) (1) ->
(CoreCompile Ziel) -> 
  D:\CDesktopLink\Unterlagen\Mods\Stronghold Crusader DE\Meine Mods\APIShared\examples\ThirdPartyMod\HudExample.cs(12,37): warning CS0649: Dem Feld "HudExample.Icon" wird nie etwas zugewiesen, und es hat immer seinen Standardwert von "null". [D:\CDesktopLink\Unterlagen\Mods\Stronghold Crusader DE\Meine Mods\APIShared\examples\ThirdPartyMod\ThirdPartyMod.csproj]

    1 Warnung(en)
    0 Fehler

Verstrichene Zeit 00:00:00.31
[Build] Preparing package and build provenance...
APIShared built, tested and installed successfully in 11,8s.
[10.10.2026 18:16:33,33] END: exit code 0
