[Message:   BepInEx] BepInEx 5.4.23.5 - Stronghold Crusader Definitive Edition (07.09.2026 11:07:12)
[Info   :   BepInEx] Running under Unity v2021.3.45.8976527
[Info   :   BepInEx] CLR runtime version: 4.0.30319.42000
[Info   :   BepInEx] Supports SRE: True
[Info   :   BepInEx] System platform: Bits64, Windows
[Message:   BepInEx] Preloader started
[Info   :   BepInEx] Loaded 1 patcher method from [BepInEx.Preloader 5.4.23.5]
[Info   :   BepInEx] 1 patcher plugin loaded
[Info   :   BepInEx] Patching [UnityEngine.CoreModule] with [BepInEx.Chainloader]
[Message:   BepInEx] Preloader finished
[Message:   BepInEx] Chainloader ready
[Message:   BepInEx] Chainloader started
[Debug  :   BepInEx] Skipping loading E:\ProgrammeE\Steam\steamapps\common\Stronghold Crusader Definitive Edition\BepInEx\plugins\000shcdese\lua54.dll because it's not a valid .NET assembly. Full error: Format of the executable (.exe) or library (.dll) is invalid.
[Debug  :   BepInEx] Skipping loading E:\ProgrammeE\Steam\steamapps\common\Stronghold Crusader Definitive Edition\BepInEx\plugins\000shcdese\msvcp140.dll because it's not a valid .NET assembly. Full error: Format of the executable (.exe) or library (.dll) is invalid.
[Debug  :   BepInEx] Skipping loading E:\ProgrammeE\Steam\steamapps\common\Stronghold Crusader Definitive Edition\BepInEx\plugins\000shcdese\SHCDESE.NativeCrashHandler.dll because it's not a valid .NET assembly. Full error: Format of the executable (.exe) or library (.dll) is invalid.
[Debug  :   BepInEx] Skipping loading E:\ProgrammeE\Steam\steamapps\common\Stronghold Crusader Definitive Edition\BepInEx\plugins\000shcdese\ARM64\lua54.dll because it's not a valid .NET assembly. Full error: Format of the executable (.exe) or library (.dll) is invalid.
[Debug  :   BepInEx] Skipping loading E:\ProgrammeE\Steam\steamapps\common\Stronghold Crusader Definitive Edition\BepInEx\plugins\000shcdese\x64\lua54.dll because it's not a valid .NET assembly. Full error: Format of the executable (.exe) or library (.dll) is invalid.
[Debug  :   BepInEx] Skipping loading E:\ProgrammeE\Steam\steamapps\common\Stronghold Crusader Definitive Edition\BepInEx\plugins\000shcdese\x86\lua54.dll because it's not a valid .NET assembly. Full error: Format of the executable (.exe) or library (.dll) is invalid.
[Debug  :   BepInEx] Skipping loading E:\ProgrammeE\Steam\steamapps\common\Stronghold Crusader Definitive Edition\BepInEx\plugins\000shcdese\x86_64\asmjit.dll because it's not a valid .NET assembly. Full error: Format of the executable (.exe) or library (.dll) is invalid.
[Debug  :   BepInEx] Skipping loading E:\ProgrammeE\Steam\steamapps\common\Stronghold Crusader Definitive Edition\BepInEx\plugins\000shcdese\x86_64\asmtk.dll because it's not a valid .NET assembly. Full error: Format of the executable (.exe) or library (.dll) is invalid.
[Debug  :   BepInEx] Skipping loading E:\ProgrammeE\Steam\steamapps\common\Stronghold Crusader Definitive Edition\BepInEx\plugins\000shcdese\x86_64\cimguiaio.dll because it's not a valid .NET assembly. Full error: Format of the executable (.exe) or library (.dll) is invalid.
[Debug  :   BepInEx] Skipping loading E:\ProgrammeE\Steam\steamapps\common\Stronghold Crusader Definitive Edition\BepInEx\plugins\000shcdese\x86_64\cpolyhook2.dll because it's not a valid .NET assembly. Full error: Format of the executable (.exe) or library (.dll) is invalid.
[Debug  :   BepInEx] Skipping loading E:\ProgrammeE\Steam\steamapps\common\Stronghold Crusader Definitive Edition\BepInEx\plugins\000shcdese\x86_64\PolyHook_2.dll because it's not a valid .NET assembly. Full error: Format of the executable (.exe) or library (.dll) is invalid.
[Debug  :   BepInEx] Skipping loading E:\ProgrammeE\Steam\steamapps\common\Stronghold Crusader Definitive Edition\BepInEx\plugins\000shcdese\x86_64\Zydis.dll because it's not a valid .NET assembly. Full error: Format of the executable (.exe) or library (.dll) is invalid.
[Debug  :   BepInEx] Skipping loading E:\ProgrammeE\Steam\steamapps\common\Stronghold Crusader Definitive Edition\BepInEx\plugins\000shcdese\runtimes\win-x64\native\asmjit.dll because it's not a valid .NET assembly. Full error: Format of the executable (.exe) or library (.dll) is invalid.
[Debug  :   BepInEx] Skipping loading E:\ProgrammeE\Steam\steamapps\common\Stronghold Crusader Definitive Edition\BepInEx\plugins\000shcdese\runtimes\win-x64\native\asmtk.dll because it's not a valid .NET assembly. Full error: Format of the executable (.exe) or library (.dll) is invalid.
[Debug  :   BepInEx] Skipping loading E:\ProgrammeE\Steam\steamapps\common\Stronghold Crusader Definitive Edition\BepInEx\plugins\000shcdese\runtimes\win-x64\native\cpolyhook2.dll because it's not a valid .NET assembly. Full error: Format of the executable (.exe) or library (.dll) is invalid.
[Debug  :   BepInEx] Skipping loading E:\ProgrammeE\Steam\steamapps\common\Stronghold Crusader Definitive Edition\BepInEx\plugins\000shcdese\runtimes\win-x64\native\PolyHook_2.dll because it's not a valid .NET assembly. Full error: Format of the executable (.exe) or library (.dll) is invalid.
[Debug  :   BepInEx] Skipping loading E:\ProgrammeE\Steam\steamapps\common\Stronghold Crusader Definitive Edition\BepInEx\plugins\000shcdese\runtimes\win-x64\native\Zydis.dll because it's not a valid .NET assembly. Full error: Format of the executable (.exe) or library (.dll) is invalid.
[Debug  :   BepInEx] Skipping loading E:\ProgrammeE\Steam\steamapps\common\Stronghold Crusader Definitive Edition\BepInEx\plugins\000shcdese\runtimes\win-x86\native\asmjit.dll because it's not a valid .NET assembly. Full error: Format of the executable (.exe) or library (.dll) is invalid.
[Debug  :   BepInEx] Skipping loading E:\ProgrammeE\Steam\steamapps\common\Stronghold Crusader Definitive Edition\BepInEx\plugins\000shcdese\runtimes\win-x86\native\asmtk.dll because it's not a valid .NET assembly. Full error: Format of the executable (.exe) or library (.dll) is invalid.
[Debug  :   BepInEx] Skipping loading E:\ProgrammeE\Steam\steamapps\common\Stronghold Crusader Definitive Edition\BepInEx\plugins\000shcdese\runtimes\win-x86\native\cpolyhook2.dll because it's not a valid .NET assembly. Full error: Format of the executable (.exe) or library (.dll) is invalid.
[Debug  :   BepInEx] Skipping loading E:\ProgrammeE\Steam\steamapps\common\Stronghold Crusader Definitive Edition\BepInEx\plugins\000shcdese\runtimes\win-x86\native\PolyHook_2.dll because it's not a valid .NET assembly. Full error: Format of the executable (.exe) or library (.dll) is invalid.
[Debug  :   BepInEx] Skipping loading E:\ProgrammeE\Steam\steamapps\common\Stronghold Crusader Definitive Edition\BepInEx\plugins\000shcdese\runtimes\win-x86\native\Zydis.dll because it's not a valid .NET assembly. Full error: Format of the executable (.exe) or library (.dll) is invalid.
[Info   :   BepInEx] 19 plugins to load
[Info   :   BepInEx] Loading [UU-ImGUI API 1.6.7]
[Info   :UU-ImGUI API] Plugin UU-ImGUI API is loading!
[Info   :UU-ImGUI API] Adding to PATH: E:\ProgrammeE\Steam\steamapps\common\Stronghold Crusader Definitive Edition\BepInEx\plugins\000shcdese\x86_64
[Info   :UU-ImGUI API] Initializing...
[Info   :UU-ImGUI API] Trying locale-path: E:\ProgrammeE\Steam\steamapps\common\Stronghold Crusader Definitive Edition\BepInEx\plugins\000shcdese\data\localization
[Debug  :UU-ImGUI API] Found localization folder: E:\ProgrammeE\Steam\steamapps\common\Stronghold Crusader Definitive Edition\BepInEx\plugins\000shcdese\data\localization
[Info   :UU-ImGUI API] hModule base image addr:		0x7FF6B4A30000
[Info   :UU-ImGUI API] hModule size of image:		0xDF000
[Info   :UU-ImGUI API] GAME PROCESS ID: 14060
[Info   :UU-ImGUI API] GAME WINDOW HWND: 4329568
[Debug  :UU-ImGUI API] TryCreateSwapChain
[Debug  :UU-ImGUI API] IDXGISwapChain self=258A863BB00
[Info   :UU-ImGUI API] D3D11 SWAPCHAIN VTABLE.PRESENT ADDR: 7FFBDBD39530
[Warning:UU-ImGUI API] GetProcAddressProxy: 7FFB00250000::ImGuiFreeType_GetBuilderForFreeType -> returned null
[Warning:UU-ImGUI API] GetProcAddressProxy: 7FFB00250000::TextEditor_GetTextLines -> returned null
[Info   :UU-ImGUI API] LibD3D11: Initialize
[Info   :UU-ImGUI API] Plugin UU-ImGUI API is loaded!
[Info   :   BepInEx] Loading [SHCDE-SE 2.10.1.0]
[Info   :  SHCDE-SE] [T1-22:56:09.445] [Plugin] [Awake] Plugin SHCDE-SE is loading!
[Info   :  SHCDE-SE] [T1-22:56:09.488] [GameAssetModManager] [PrepareAllAndCheckCompatibility] Mod compatibility check completed (18 active mod(s), 0 issue(s)).
[Info   :  SHCDE-SE] [T1-22:56:09.576] [Plugin] [InitLanguageProviderEarly] Set language provider to [en-US]
[Info   :  SHCDE-SE] [T1-22:56:09.581] [Plugin] [Awake] Added to library search path: E:\ProgrammeE\Steam\steamapps\common\Stronghold Crusader Definitive Edition\BepInEx\plugins\000shcdese
[Info   :  SHCDE-SE] [T1-22:56:09.586] [Plugin] [Awake] Deleted 2 old native crash-handler file(s)
[Info   :  SHCDE-SE] [T1-22:56:09.589] [Plugin] [Awake] Native crash handler installed; dumps will be written to E:\ProgrammeE\Steam\steamapps\common\Stronghold Crusader Definitive Edition\BepInEx\crashdumps
[Info   :  SHCDE-SE] [T1-22:56:09.615] [ILHooksManager] [ApplyEarly] Applying Managed Early IL Detours
[Info   :  SHCDE-SE] [T1-22:56:09.615] [ManagedHookManager] [ApplyEarly] Applying Managed Early Detours
[Info   :  SHCDE-SE] [T1-22:56:09.624] [ManagedDetour] [.ctor] Created detour [LoadXaml]->[NoesisXamlProvider_LoadXaml]
[Info   :  SHCDE-SE] [T1-22:56:09.629] [ManagedDetour] [.ctor] Created detour [GetTextureInfo]->[NoesisTextureProvider_GetTextureInfo]
[Info   :  SHCDE-SE] [T1-22:56:09.630] [ManagedDetour] [.ctor] Created detour [LoadComponent]->[NoesisGUI_LoadComponent_Hook]
[Info   :  SHCDE-SE] [T1-22:56:09.631] [GameXAMLManagerAPI] [RegisterBinding] Registering auto-binding: [SEMainMenuContainer]
[Info   :  SHCDE-SE] [T1-22:56:09.639] [GameXAMLManagerAPI] [RegisterBinding] Registering auto-binding: [SE_ModOptionsToggle]
[Info   :  SHCDE-SE] [T1-22:56:09.639] [GameXAMLManagerAPI] [RegisterBinding] Registering auto-binding: [SE_ModOptionsModal]
[Info   :  SHCDE-SE] [T1-22:56:09.643] [GameAssetModManager] [RegisterAll] Loading Asset Mod: [E:\ProgrammeE\Steam\steamapps\common\Stronghold Crusader Definitive Edition\BepInEx\plugins\000shcdese]
[Info   :  SHCDE-SE] [T1-22:56:09.647] [GameAssetManagerAPI] [RegisterModProvider] Indexed 235 files for [000shcdese] in [Global] asset mode from [E:\ProgrammeE\Steam\steamapps\common\Stronghold Crusader Definitive Edition\BepInEx\plugins\000shcdese] in 3 ms.
[Info   :  SHCDE-SE] [T1-22:56:09.654] [GameTranslateAPI] [LoadModLocalizations] Loaded 0 localization files from E:\ProgrammeE\Steam\steamapps\common\Stronghold Crusader Definitive Edition\BepInEx\plugins\000shcdese
[Info   :  SHCDE-SE] [T1-22:56:09.654] [GameAssetModManager] [RegisterAssetModCore] Mod [Script Extender] has no Lua scripts (Scripts/init.lua not found) - This is fine.
[Info   :  SHCDE-SE] [T1-22:56:09.654] [GameAssetModManager] [RegisterAll] Loading Asset Mod: [E:\ProgrammeE\Steam\steamapps\common\Stronghold Crusader Definitive Edition\BepInEx\plugins\APIShared_Serp]
[Info   :  SHCDE-SE] [T1-22:56:09.654] [GameAssetManagerAPI] [RegisterModProvider] Indexed 6 files for [APIShared_Serp] in [Global] asset mode from [E:\ProgrammeE\Steam\steamapps\common\Stronghold Crusader Definitive Edition\BepInEx\plugins\APIShared_Serp] in 0 ms.
[Warning:  SHCDE-SE] [T1-22:56:09.654] [GameAssetModManager] [RegisterAssetModCore] Mod has no sprite logo at [Override/Assets/GUI/Sprites/APIShared_Serp.png] in [E:\ProgrammeE\Steam\steamapps\common\Stronghold Crusader Definitive Edition\BepInEx\plugins\APIShared_Serp] - This may be ignored.
[Info   :  SHCDE-SE] [T1-22:56:09.654] [GameTranslateAPI] [LoadModLocalizations] Loaded 0 localization files from E:\ProgrammeE\Steam\steamapps\common\Stronghold Crusader Definitive Edition\BepInEx\plugins\APIShared_Serp
[Info   :  SHCDE-SE] [T1-22:56:09.654] [GameAssetModManager] [RegisterAssetModCore] Mod [APIShared] has no Lua scripts (Scripts/init.lua not found) - This is fine.
[Info   :  SHCDE-SE] [T1-22:56:09.654] [GameAssetModManager] [RegisterAll] Loading Asset Mod: [E:\ProgrammeE\Steam\steamapps\common\Stronghold Crusader Definitive Edition\BepInEx\plugins\ActiveAIVDetector_Serp]
[Info   :  SHCDE-SE] [T1-22:56:09.655] [GameAssetManagerAPI] [RegisterModProvider] Indexed 409 files for [ActiveAIVDetector_Serp] in [Global] asset mode from [E:\ProgrammeE\Steam\steamapps\common\Stronghold Crusader Definitive Edition\BepInEx\plugins\ActiveAIVDetector_Serp] in 0 ms.
[Warning:  SHCDE-SE] [T1-22:56:09.655] [GameAssetModManager] [RegisterAssetModCore] Mod has no sprite logo at [Override/Assets/GUI/Sprites/ActiveAIVDetector_Serp.png] in [E:\ProgrammeE\Steam\steamapps\common\Stronghold Crusader Definitive Edition\BepInEx\plugins\ActiveAIVDetector_Serp] - This may be ignored.
[Info   :  SHCDE-SE] [T1-22:56:09.655] [GameTranslateAPI] [LoadModLocalizations] Loaded 0 localization files from E:\ProgrammeE\Steam\steamapps\common\Stronghold Crusader Definitive Edition\BepInEx\plugins\ActiveAIVDetector_Serp
[Info   :  SHCDE-SE] [T1-22:56:09.655] [GameAssetModManager] [RegisterAssetModCore] Mod [Active AIV Detector] has no Lua scripts (Scripts/init.lua not found) - This is fine.
[Info   :  SHCDE-SE] [T1-22:56:09.656] [GameAssetModManager] [RegisterAll] Loading Asset Mod: [E:\ProgrammeE\Steam\steamapps\common\Stronghold Crusader Definitive Edition\BepInEx\plugins\AivLobbyPresetTest_Serp]
[Info   :  SHCDE-SE] [T1-22:56:09.656] [GameAssetManagerAPI] [RegisterModProvider] Indexed 4 files for [AivLobbyPresetTest_Serp] in [Global] asset mode from [E:\ProgrammeE\Steam\steamapps\common\Stronghold Crusader Definitive Edition\BepInEx\plugins\AivLobbyPresetTest_Serp] in 0 ms.
[Warning:  SHCDE-SE] [T1-22:56:09.656] [GameAssetModManager] [RegisterAssetModCore] Mod has no sprite logo at [Override/Assets/GUI/Sprites/AivLobbyPresetTest_Serp.png] in [E:\ProgrammeE\Steam\steamapps\common\Stronghold Crusader Definitive Edition\BepInEx\plugins\AivLobbyPresetTest_Serp] - This may be ignored.
[Info   :  SHCDE-SE] [T1-22:56:09.656] [GameTranslateAPI] [LoadModLocalizations] Loaded 0 localization files from E:\ProgrammeE\Steam\steamapps\common\Stronghold Crusader Definitive Edition\BepInEx\plugins\AivLobbyPresetTest_Serp
[Info   :  SHCDE-SE] [T1-22:56:09.656] [GameAssetModManager] [RegisterAssetModCore] Mod [AIV Lobby Preset Test] has no Lua scripts (Scripts/init.lua not found) - This is fine.
[Info   :  SHCDE-SE] [T1-22:56:09.656] [GameAssetModManager] [RegisterAll] Loading Asset Mod: [E:\ProgrammeE\Steam\steamapps\common\Stronghold Crusader Definitive Edition\BepInEx\plugins\BugfixesAndQoL_Serp]
[Info   :  SHCDE-SE] [T1-22:56:09.656] [GameAssetManagerAPI] [RegisterModProvider] Indexed 47 files for [BugfixesAndQoL_Serp] in [Global] asset mode from [E:\ProgrammeE\Steam\steamapps\common\Stronghold Crusader Definitive Edition\BepInEx\plugins\BugfixesAndQoL_Serp] in 0 ms.
[Warning:  SHCDE-SE] [T1-22:56:09.656] [GameAssetModManager] [RegisterAssetModCore] Mod has no sprite logo at [Override/Assets/GUI/Sprites/BugfixesAndQoL_Serp.png] in [E:\ProgrammeE\Steam\steamapps\common\Stronghold Crusader Definitive Edition\BepInEx\plugins\BugfixesAndQoL_Serp] - This may be ignored.
[Info   :  SHCDE-SE] [T1-22:56:09.657] [GameTranslateAPI] [LoadModLocalizations] Loaded 0 localization files from E:\ProgrammeE\Steam\steamapps\common\Stronghold Crusader Definitive Edition\BepInEx\plugins\BugfixesAndQoL_Serp
[Info   :  SHCDE-SE] [T1-22:56:09.657] [GameAssetModManager] [RegisterAssetModCore] Mod [Bugfixes and QoL] has no Lua scripts (Scripts/init.lua not found) - This is fine.
[Info   :  SHCDE-SE] [T1-22:56:09.657] [GameAssetModManager] [RegisterAll] Loading Asset Mod: [E:\ProgrammeE\Steam\steamapps\common\Stronghold Crusader Definitive Edition\BepInEx\plugins\BuildingCosts_Serp]
[Info   :  SHCDE-SE] [T1-22:56:09.657] [GameAssetManagerAPI] [RegisterModProvider] Indexed 27 files for [BuildingCosts_Serp] in [Global] asset mode from [E:\ProgrammeE\Steam\steamapps\common\Stronghold Crusader Definitive Edition\BepInEx\plugins\BuildingCosts_Serp] in 0 ms.
[Warning:  SHCDE-SE] [T1-22:56:09.657] [GameAssetModManager] [RegisterAssetModCore] Mod has no sprite logo at [Override/Assets/GUI/Sprites/BuildingCosts_Serp.png] in [E:\ProgrammeE\Steam\steamapps\common\Stronghold Crusader Definitive Edition\BepInEx\plugins\BuildingCosts_Serp] - This may be ignored.
[Info   :  SHCDE-SE] [T1-22:56:09.657] [GameTranslateAPI] [LoadModLocalizations] Loaded 0 localization files from E:\ProgrammeE\Steam\steamapps\common\Stronghold Crusader Definitive Edition\BepInEx\plugins\BuildingCosts_Serp
[Info   :  SHCDE-SE] [T1-22:56:09.657] [GameAssetModManager] [RegisterAssetModCore] Mod [Building Costs] has no Lua scripts (Scripts/init.lua not found) - This is fine.
[Info   :  SHCDE-SE] [T1-22:56:09.657] [GameAssetModManager] [RegisterAll] Loading Asset Mod: [E:\ProgrammeE\Steam\steamapps\common\Stronghold Crusader Definitive Edition\BepInEx\plugins\BuildingLimit_Serp]
[Info   :  SHCDE-SE] [T1-22:56:09.657] [GameAssetManagerAPI] [RegisterModProvider] Indexed 27 files for [BuildingLimit_Serp] in [Global] asset mode from [E:\ProgrammeE\Steam\steamapps\common\Stronghold Crusader Definitive Edition\BepInEx\plugins\BuildingLimit_Serp] in 0 ms.
[Warning:  SHCDE-SE] [T1-22:56:09.657] [GameAssetModManager] [RegisterAssetModCore] Mod has no sprite logo at [Override/Assets/GUI/Sprites/BuildingLimit_Serp.png] in [E:\ProgrammeE\Steam\steamapps\common\Stronghold Crusader Definitive Edition\BepInEx\plugins\BuildingLimit_Serp] - This may be ignored.
[Info   :  SHCDE-SE] [T1-22:56:09.657] [GameTranslateAPI] [LoadModLocalizations] Loaded 0 localization files from E:\ProgrammeE\Steam\steamapps\common\Stronghold Crusader Definitive Edition\BepInEx\plugins\BuildingLimit_Serp
[Info   :  SHCDE-SE] [T1-22:56:09.657] [GameAssetModManager] [RegisterAssetModCore] Mod [Building Limit] has no Lua scripts (Scripts/init.lua not found) - This is fine.
[Info   :  SHCDE-SE] [T1-22:56:09.657] [GameAssetModManager] [RegisterAll] Loading Asset Mod: [E:\ProgrammeE\Steam\steamapps\common\Stronghold Crusader Definitive Edition\BepInEx\plugins\CastlePlanner_Serp]
[Info   :  SHCDE-SE] [T1-22:56:09.659] [GameAssetManagerAPI] [RegisterModProvider] Indexed 576 files for [CastlePlanner_Serp] in [Global] asset mode from [E:\ProgrammeE\Steam\steamapps\common\Stronghold Crusader Definitive Edition\BepInEx\plugins\CastlePlanner_Serp] in 2 ms.
[Warning:  SHCDE-SE] [T1-22:56:09.659] [GameAssetModManager] [RegisterAssetModCore] Mod has no sprite logo at [Override/Assets/GUI/Sprites/CastlePlanner_Serp.png] in [E:\ProgrammeE\Steam\steamapps\common\Stronghold Crusader Definitive Edition\BepInEx\plugins\CastlePlanner_Serp] - This may be ignored.
[Info   :  SHCDE-SE] [T1-22:56:09.659] [GameTranslateAPI] [LoadModLocalizations] Loaded 0 localization files from E:\ProgrammeE\Steam\steamapps\common\Stronghold Crusader Definitive Edition\BepInEx\plugins\CastlePlanner_Serp
[Info   :  SHCDE-SE] [T1-22:56:09.659] [GameAssetModManager] [RegisterAssetModCore] Mod [CastlePlanner] has no Lua scripts (Scripts/init.lua not found) - This is fine.
[Info   :  SHCDE-SE] [T1-22:56:09.659] [GameAssetModManager] [RegisterAll] Loading Asset Mod: [E:\ProgrammeE\Steam\steamapps\common\Stronghold Crusader Definitive Edition\BepInEx\plugins\CheatMod_Serp]
[Info   :  SHCDE-SE] [T1-22:56:09.660] [GameAssetManagerAPI] [RegisterModProvider] Indexed 26 files for [CheatMod_Serp] in [Global] asset mode from [E:\ProgrammeE\Steam\steamapps\common\Stronghold Crusader Definitive Edition\BepInEx\plugins\CheatMod_Serp] in 0 ms.
[Warning:  SHCDE-SE] [T1-22:56:09.660] [GameAssetModManager] [RegisterAssetModCore] Mod has no sprite logo at [Override/Assets/GUI/Sprites/CheatMod_Serp.png] in [E:\ProgrammeE\Steam\steamapps\common\Stronghold Crusader Definitive Edition\BepInEx\plugins\CheatMod_Serp] - This may be ignored.
[Info   :  SHCDE-SE] [T1-22:56:09.660] [GameTranslateAPI] [LoadModLocalizations] Loaded 0 localization files from E:\ProgrammeE\Steam\steamapps\common\Stronghold Crusader Definitive Edition\BepInEx\plugins\CheatMod_Serp
[Info   :  SHCDE-SE] [T1-22:56:09.660] [GameAssetModManager] [RegisterAssetModCore] Mod [Cheat Mod] has no Lua scripts (Scripts/init.lua not found) - This is fine.
[Info   :  SHCDE-SE] [T1-22:56:09.660] [GameAssetModManager] [RegisterAll] Loading Asset Mod: [E:\ProgrammeE\Steam\steamapps\common\Stronghold Crusader Definitive Edition\BepInEx\plugins\ExtendedData_Serp]
[Info   :  SHCDE-SE] [T1-22:56:09.660] [GameAssetManagerAPI] [RegisterModProvider] Indexed 35 files for [ExtendedData_Serp] in [Global] asset mode from [E:\ProgrammeE\Steam\steamapps\common\Stronghold Crusader Definitive Edition\BepInEx\plugins\ExtendedData_Serp] in 0 ms.
[Warning:  SHCDE-SE] [T1-22:56:09.660] [GameAssetModManager] [RegisterAssetModCore] Mod has no sprite logo at [Override/Assets/GUI/Sprites/ExtendedData_Serp.png] in [E:\ProgrammeE\Steam\steamapps\common\Stronghold Crusader Definitive Edition\BepInEx\plugins\ExtendedData_Serp] - This may be ignored.
[Info   :  SHCDE-SE] [T1-22:56:09.660] [GameTranslateAPI] [LoadModLocalizations] Loaded 0 localization files from E:\ProgrammeE\Steam\steamapps\common\Stronghold Crusader Definitive Edition\BepInEx\plugins\ExtendedData_Serp
[Info   :  SHCDE-SE] [T1-22:56:09.660] [GameAssetModManager] [RegisterAssetModCore] Mod [Extended Data] has no Lua scripts (Scripts/init.lua not found) - This is fine.
[Info   :  SHCDE-SE] [T1-22:56:09.660] [GameAssetModManager] [RegisterAll] Loading Asset Mod: [E:\ProgrammeE\Steam\steamapps\common\Stronghold Crusader Definitive Edition\BepInEx\plugins\ExtraFeatures_Serp]
[Info   :  SHCDE-SE] [T1-22:56:09.660] [GameAssetManagerAPI] [RegisterModProvider] Indexed 29 files for [ExtraFeatures_Serp] in [Global] asset mode from [E:\ProgrammeE\Steam\steamapps\common\Stronghold Crusader Definitive Edition\BepInEx\plugins\ExtraFeatures_Serp] in 0 ms.
[Warning:  SHCDE-SE] [T1-22:56:09.660] [GameAssetModManager] [RegisterAssetModCore] Mod has no sprite logo at [Override/Assets/GUI/Sprites/ExtraFeatures_Serp.png] in [E:\ProgrammeE\Steam\steamapps\common\Stronghold Crusader Definitive Edition\BepInEx\plugins\ExtraFeatures_Serp] - This may be ignored.
[Info   :  SHCDE-SE] [T1-22:56:09.660] [GameTranslateAPI] [LoadModLocalizations] Loaded 0 localization files from E:\ProgrammeE\Steam\steamapps\common\Stronghold Crusader Definitive Edition\BepInEx\plugins\ExtraFeatures_Serp
[Info   :  SHCDE-SE] [T1-22:56:09.660] [GameAssetModManager] [RegisterAssetModCore] Mod [Extra Features] has no Lua scripts (Scripts/init.lua not found) - This is fine.
[Info   :  SHCDE-SE] [T1-22:56:09.660] [GameAssetModManager] [RegisterAll] Loading Asset Mod: [E:\ProgrammeE\Steam\steamapps\common\Stronghold Crusader Definitive Edition\BepInEx\plugins\ExtremePowers_Serp]
[Info   :  SHCDE-SE] [T1-22:56:09.661] [GameAssetManagerAPI] [RegisterModProvider] Indexed 29 files for [ExtremePowers_Serp] in [Global] asset mode from [E:\ProgrammeE\Steam\steamapps\common\Stronghold Crusader Definitive Edition\BepInEx\plugins\ExtremePowers_Serp] in 0 ms.
[Warning:  SHCDE-SE] [T1-22:56:09.661] [GameAssetModManager] [RegisterAssetModCore] Mod has no sprite logo at [Override/Assets/GUI/Sprites/ExtremePowers_Serp.png] in [E:\ProgrammeE\Steam\steamapps\common\Stronghold Crusader Definitive Edition\BepInEx\plugins\ExtremePowers_Serp] - This may be ignored.
[Info   :  SHCDE-SE] [T1-22:56:09.661] [GameTranslateAPI] [LoadModLocalizations] Loaded 0 localization files from E:\ProgrammeE\Steam\steamapps\common\Stronghold Crusader Definitive Edition\BepInEx\plugins\ExtremePowers_Serp
[Info   :  SHCDE-SE] [T1-22:56:09.661] [GameAssetModManager] [RegisterAssetModCore] Mod [Extreme Powers] has no Lua scripts (Scripts/init.lua not found) - This is fine.
[Info   :  SHCDE-SE] [T1-22:56:09.661] [GameAssetModManager] [RegisterAll] Loading Asset Mod: [E:\ProgrammeE\Steam\steamapps\common\Stronghold Crusader Definitive Edition\BepInEx\plugins\RandomEvents_Serp]
[Info   :  SHCDE-SE] [T1-22:56:09.661] [GameAssetManagerAPI] [RegisterModProvider] Indexed 26 files for [RandomEvents_Serp] in [Global] asset mode from [E:\ProgrammeE\Steam\steamapps\common\Stronghold Crusader Definitive Edition\BepInEx\plugins\RandomEvents_Serp] in 0 ms.
[Warning:  SHCDE-SE] [T1-22:56:09.661] [GameAssetModManager] [RegisterAssetModCore] Mod has no sprite logo at [Override/Assets/GUI/Sprites/RandomEvents_Serp.png] in [E:\ProgrammeE\Steam\steamapps\common\Stronghold Crusader Definitive Edition\BepInEx\plugins\RandomEvents_Serp] - This may be ignored.
[Info   :  SHCDE-SE] [T1-22:56:09.661] [GameTranslateAPI] [LoadModLocalizations] Loaded 0 localization files from E:\ProgrammeE\Steam\steamapps\common\Stronghold Crusader Definitive Edition\BepInEx\plugins\RandomEvents_Serp
[Info   :  SHCDE-SE] [T1-22:56:09.661] [GameAssetModManager] [RegisterAssetModCore] Mod [Random Events] has no Lua scripts (Scripts/init.lua not found) - This is fine.
[Info   :  SHCDE-SE] [T1-22:56:09.661] [GameAssetModManager] [RegisterAll] Loading Asset Mod: [E:\ProgrammeE\Steam\steamapps\common\Stronghold Crusader Definitive Edition\BepInEx\plugins\SerpsMods_Serp]
[Info   :  SHCDE-SE] [T1-22:56:09.661] [GameAssetManagerAPI] [RegisterModProvider] Indexed 27 files for [SerpsMods_Serp] in [Global] asset mode from [E:\ProgrammeE\Steam\steamapps\common\Stronghold Crusader Definitive Edition\BepInEx\plugins\SerpsMods_Serp] in 0 ms.
[Info   :  SHCDE-SE] [T1-22:56:09.661] [GameTranslateAPI] [LoadModLocalizations] Loaded 0 localization files from E:\ProgrammeE\Steam\steamapps\common\Stronghold Crusader Definitive Edition\BepInEx\plugins\SerpsMods_Serp
[Info   :  SHCDE-SE] [T1-22:56:09.661] [GameAssetModManager] [RegisterAssetModCore] Mod [Serps Mods - Fully Customizable Collection] has no Lua scripts (Scripts/init.lua not found) - This is fine.
[Info   :  SHCDE-SE] [T1-22:56:09.661] [GameAssetModManager] [RegisterAll] Loading Asset Mod: [E:\ProgrammeE\Steam\steamapps\common\Stronghold Crusader Definitive Edition\BepInEx\plugins\StartConditions_Serp]
[Info   :  SHCDE-SE] [T1-22:56:09.661] [GameAssetManagerAPI] [RegisterModProvider] Indexed 26 files for [StartConditions_Serp] in [Global] asset mode from [E:\ProgrammeE\Steam\steamapps\common\Stronghold Crusader Definitive Edition\BepInEx\plugins\StartConditions_Serp] in 0 ms.
[Warning:  SHCDE-SE] [T1-22:56:09.661] [GameAssetModManager] [RegisterAssetModCore] Mod has no sprite logo at [Override/Assets/GUI/Sprites/StartConditions_Serp.png] in [E:\ProgrammeE\Steam\steamapps\common\Stronghold Crusader Definitive Edition\BepInEx\plugins\StartConditions_Serp] - This may be ignored.
[Info   :  SHCDE-SE] [T1-22:56:09.661] [GameTranslateAPI] [LoadModLocalizations] Loaded 0 localization files from E:\ProgrammeE\Steam\steamapps\common\Stronghold Crusader Definitive Edition\BepInEx\plugins\StartConditions_Serp
[Info   :  SHCDE-SE] [T1-22:56:09.661] [GameAssetModManager] [RegisterAssetModCore] Mod [Start Conditions] has no Lua scripts (Scripts/init.lua not found) - This is fine.
[Info   :  SHCDE-SE] [T1-22:56:09.661] [GameAssetModManager] [RegisterAll] Loading Asset Mod: [E:\ProgrammeE\Steam\steamapps\common\Stronghold Crusader Definitive Edition\BepInEx\plugins\UnitCosts_Serp]
[Info   :  SHCDE-SE] [T1-22:56:09.662] [GameAssetManagerAPI] [RegisterModProvider] Indexed 28 files for [UnitCosts_Serp] in [Global] asset mode from [E:\ProgrammeE\Steam\steamapps\common\Stronghold Crusader Definitive Edition\BepInEx\plugins\UnitCosts_Serp] in 0 ms.
[Warning:  SHCDE-SE] [T1-22:56:09.662] [GameAssetModManager] [RegisterAssetModCore] Mod has no sprite logo at [Override/Assets/GUI/Sprites/UnitCosts_Serp.png] in [E:\ProgrammeE\Steam\steamapps\common\Stronghold Crusader Definitive Edition\BepInEx\plugins\UnitCosts_Serp] - This may be ignored.
[Info   :  SHCDE-SE] [T1-22:56:09.662] [GameTranslateAPI] [LoadModLocalizations] Loaded 0 localization files from E:\ProgrammeE\Steam\steamapps\common\Stronghold Crusader Definitive Edition\BepInEx\plugins\UnitCosts_Serp
[Info   :  SHCDE-SE] [T1-22:56:09.662] [GameAssetModManager] [RegisterAssetModCore] Mod [Unit Costs] has no Lua scripts (Scripts/init.lua not found) - This is fine.
[Info   :  SHCDE-SE] [T1-22:56:09.662] [GameAssetModManager] [RegisterAll] Loading Asset Mod: [E:\ProgrammeE\Steam\steamapps\common\Stronghold Crusader Definitive Edition\BepInEx\plugins\UnitLimit_Serp]
[Info   :  SHCDE-SE] [T1-22:56:09.662] [GameAssetManagerAPI] [RegisterModProvider] Indexed 29 files for [UnitLimit_Serp] in [Global] asset mode from [E:\ProgrammeE\Steam\steamapps\common\Stronghold Crusader Definitive Edition\BepInEx\plugins\UnitLimit_Serp] in 0 ms.
[Warning:  SHCDE-SE] [T1-22:56:09.662] [GameAssetModManager] [RegisterAssetModCore] Mod has no sprite logo at [Override/Assets/GUI/Sprites/UnitLimit_Serp.png] in [E:\ProgrammeE\Steam\steamapps\common\Stronghold Crusader Definitive Edition\BepInEx\plugins\UnitLimit_Serp] - This may be ignored.
[Info   :  SHCDE-SE] [T1-22:56:09.662] [GameTranslateAPI] [LoadModLocalizations] Loaded 0 localization files from E:\ProgrammeE\Steam\steamapps\common\Stronghold Crusader Definitive Edition\BepInEx\plugins\UnitLimit_Serp
[Info   :  SHCDE-SE] [T1-22:56:09.662] [GameAssetModManager] [RegisterAssetModCore] Mod [Unit Limit] has no Lua scripts (Scripts/init.lua not found) - This is fine.
[Info   :  SHCDE-SE] [T1-22:56:09.662] [GameAssetModManager] [RegisterAll] Loading Asset Mod: [E:\ProgrammeE\Steam\steamapps\common\Stronghold Crusader Definitive Edition\BepInEx\plugins\fixes]
[Info   :  SHCDE-SE] [T1-22:56:09.662] [GameAssetManagerAPI] [RegisterModProvider] Indexed 13 files for [fixes] in [Global] asset mode from [E:\ProgrammeE\Steam\steamapps\common\Stronghold Crusader Definitive Edition\BepInEx\plugins\fixes] in 0 ms.
[Info   :  SHCDE-SE] [T1-22:56:09.662] [GameTranslateAPI] [LoadModLocalizations] Loaded 0 localization files from E:\ProgrammeE\Steam\steamapps\common\Stronghold Crusader Definitive Edition\BepInEx\plugins\fixes
[Info   :  SHCDE-SE] [T1-22:56:09.662] [GameAssetModManager] [RegisterAssetModCore] Mod [Fixes] has no Lua scripts (Scripts/init.lua not found) - This is fine.
[Info   :  SHCDE-SE] [T1-22:56:09.662] [GameAssetModManager] [RegisterAll] Asset mod registration and indexing completed in 19 ms (18 mod(s)).
[Info   :  SHCDE-SE] [T1-22:56:09.663] [ILHooksManager] [Apply] Applying Managed IL Detours
[Info   :  SHCDE-SE] [T1-22:56:10.718] [ManagedHookManager] [Apply] Applying Managed Detours
[Info   :  SHCDE-SE] [T1-22:56:10.720] [ManagedDetour] [.ctor] Created detour [getChimpGoldCost]->[GameData_getChimpGoldCosts_Hook]
[Info   :  SHCDE-SE] [T1-22:56:10.721] [ManagedDetour] [.ctor] Created detour [TroopSelection]->[EngineInterface_TroopSelection_Hook]
[Info   :  SHCDE-SE] [T1-22:56:10.724] [ManagedDetour] [.ctor] Created detour [GetRadarFromFile]->[MapFileManager_GetRadarFromFile_Hook]
[Info   :  SHCDE-SE] [T1-22:56:11.030] [ManagedDetour] [.ctor] Created detour [lookUpText]->[Translate_lookUpText_Hook]
[Info   :  SHCDE-SE] [T1-22:56:11.031] [ManagedDetour] [.ctor] Created detour [lookUpText]->[Translate_lookUpText2_Hook]
[Info   :  SHCDE-SE] [T1-22:56:11.032] [ManagedDetour] [.ctor] Created detour [lookUpText]->[Translate_lookUpTextEx_Hook]
[Info   :  SHCDE-SE] [T1-22:56:11.051] [ManagedDetour] [.ctor] Created detour [recieveIngameChat]->[HUD_MPChatMessages_ReceiveIngameChat_Hook]
[Info   :  SHCDE-SE] [T1-22:56:11.052] [ManagedDetour] [.ctor] Created detour [ChatHandle]->[Platform_Multiplayer_ChatHandle_Hook]
[Info   :  SHCDE-SE] [T1-22:56:11.053] [ManagedDetour] [.ctor] Created detour [SendLobbyChatMessage]->[Platform_Multiplayer_SendLobbyChatMessage_Hook]
[Info   :  SHCDE-SE] [T1-22:56:11.054] [ManagedDetour] [.ctor] Created detour [SendIngameChat]->[Platform_Multiplayer_SendIngameChat_Hook]
[Info   :  SHCDE-SE] [T1-22:56:11.061] [ManagedDetour] [.ctor] Created detour [receiveLobbyMessages]->[Platform_Multiplayer_ReceiveLobbyMessages_Hook]
[Info   :  SHCDE-SE] [T1-22:56:11.062] [ManagedDetour] [.ctor] Created detour [SendCustomInfoToMember]->[Platform_Multiplayer_SendCustomInfoToMember_Hook]
[Info   :  SHCDE-SE] [T1-22:56:11.518] [ManagedDetour] [.ctor] Created detour [NoesisGUIUpdateChecksInGame]->[FatControler_NoesisGUIUpdateChecksInGame_Hook]
[Info   :  SHCDE-SE] [T1-22:56:11.544] [ManagedDetour] [.ctor] Created detour [.ctor]->[HUD_Buildings_CTOR_Hook]
[Info   :  SHCDE-SE] [T1-22:56:11.546] [ManagedDetour] [.ctor] Created detour [interpChimp]->[GameMap_InterpChimpHook]
[Info   :  SHCDE-SE] [T1-22:56:11.549] [ManagedDetour] [.ctor] Created detour [deleteChimp]->[GameMap_DeleteChimpHook]
[Info   :  SHCDE-SE] [T1-22:56:11.550] [ManagedDetour] [.ctor] Created detour [playSFX]->[MyAudioManager_PlaySFX_Hook]
[Info   :  SHCDE-SE] [T1-22:56:11.551] [ManagedDetour] [.ctor] Created detour [LoadClip]->[MyAudioManager_LoadClip_Hook]
[Info   :  SHCDE-SE] [T1-22:56:11.553] [ManagedDetour] [.ctor] Created detour [UpdateWorkshopMap]->[MapFileManager_UpdateWorkshopMap_Hook]
[Info   :  SHCDE-SE] [T1-22:56:11.554] [ManagedDetour] [.ctor] Created detour [SetBodySprite]->[SpriteMapping_SetBodySprite_Hook]
[Info   :  SHCDE-SE] [T1-22:56:11.561] [ManagedDetour] [.ctor] Created detour [SetVisibleState]->[MainViewModel_SetVisibleState_Hook]
[Info   :  SHCDE-SE] [T1-22:56:11.564] [ManagedDetour] [.ctor] Created detour [Update]->[KeyManager_Update_Hook_Impl]
[Info   :  SHCDE-SE] [T1-22:56:11.571] [ManagedDetour] [.ctor] Created detour [ProcessExtendedLordFile]->[CustomisationFileManager_ProcessExtendedLordFile_Hook]
[Info   :  SHCDE-SE] [T1-22:56:11.571] [ManagedDetour] [.ctor] Created detour [GetCustomLordText]->[CustomisationFileManager_GetCustomLordText_Hook]
[Info   :  SHCDE-SE] [T1-22:56:11.576] [ManagedDetour] [.ctor] Created detour [SkirmishAIAddClick]->[FRONT_Multiplayer_SkirmishAIAddClick_Hook]
[Info   :  SHCDE-SE] [T1-22:56:11.577] [ManagedDetour] [.ctor] Created detour [AILordLeave]->[FRONT_Multiplayer_AILordLeave_Hook]
[Info   :  SHCDE-SE] [T1-22:56:11.582] [ManagedDetour] [.ctor] Created detour [getAIFace]->[MainViewModel_GetAIFace_Hook]
[Info   :  SHCDE-SE] [T1-22:56:11.597] [ManagedDetour] [.ctor] Created detour [set_Source]->[NoesisMediaElement_Setter_Hook]
[Info   :  SHCDE-SE] [T1-22:56:11.599] [ManagedDetour] [.ctor] Created detour [playSpeech]->[SFXManager_PlaySpeech_Hook]
[Info   :  SHCDE-SE] [T1-22:56:11.604] [ManagedDetour] [.ctor] Created detour [getComputerName]->[OnScreenText_GetComputerName_Hook]
[Info   :  SHCDE-SE] [T1-22:56:11.612] [ManagedDetour] [.ctor] Created detour [getAIVData]->[AIVLoader_GetAIVData_Hook]
[Info   :  SHCDE-SE] [T1-22:56:11.615] [ManagedDetour] [.ctor] Created detour [GetListOfSubscribedItemsPaths]->[Platform_Workshop_GetListOfSubscribedItemsPaths_Hook]
[Info   :  SHCDE-SE] [T1-22:56:11.705] [ManagedDetour] [.ctor] Created detour [ClearUIPanels]->[FrontendMenus_ClearUIPanels_Hook]
[Info   :  SHCDE-SE] [T1-22:56:11.705] [ManagedDetour] [.ctor] Created detour [OpenFrontEndMenus]->[FrontendMenus_OpenFrontEndMenus_Hook]
[Info   :  SHCDE-SE] [T1-22:56:11.710] [ManagedDetour] [.ctor] Created detour [setTileColour]->[GameTile_SetTileColor_Hook]
[Info   :  SHCDE-SE] [T1-22:56:11.712] [ManagedDetour] [.ctor] Created detour [Awake]->[SteamManager_Awake_Hook]
[Info   :  SHCDE-SE] [T1-22:56:11.713] [ManagedDetour] [.ctor] Created detour [Awake]->[Director_Awake_Hook]
[Info   :  SHCDE-SE] [T1-22:56:11.716] [ManagedDetour] [.ctor] Created detour [postLoading]->[EditorDirector_PostLoading_Hook]
[Info   :  SHCDE-SE] [T1-22:56:11.737] [Plugin] [LoadNativeLibrary] CrusaderDE: 00007FFAB7F30000
[Info   :  SHCDE-SE] [T1-22:56:11.738] [Unknown] Base address: 0x00007FFAB7F30000
[Info   :  SHCDE-SE] [T1-22:56:11.739] [Unknown] Module size: 0x0000000008903000 bytes
[Info   :  SHCDE-SE] [T1-22:56:11.791] [Plugin] [CrusaderLibrary_LibraryLoaded] Initializing native-side...
[Info   :  SHCDE-SE] [T1-22:56:11.807] [GameGlobalsManager] [FindGameGlobals] Finding Game Globals...
[Info   :  SHCDE-SE] [T1-22:56:11.831] [GameGlobalsManager] [FindGameGlobals] GameUnitManager found at VA: 00007FFABE718400
[Info   :  SHCDE-SE] [T1-22:56:11.831] [GameGlobalsManager] [FindGameGlobals] gRangedBoltDamageTableRVA found at RVA: 0000000000322C70
[Info   :  SHCDE-SE] [T1-22:56:11.831] [GameGlobalsManager] [FindGameGlobals] gRangedJavelinDamageTableRVA found at RVA: 0000000000322DE0
[Info   :  SHCDE-SE] [T1-22:56:11.831] [GameGlobalsManager] [FindGameGlobals] gRangedArrowDamageTableRVA found at RVA: 0000000000322990
[Info   :  SHCDE-SE] [T1-22:56:11.831] [GameGlobalsManager] [FindGameGlobals] gProjectileAttackRangeTilesTable found at RVA: 00000000002DA8F0
[Info   :  SHCDE-SE] [T1-22:56:11.831] [GameGlobalsManager] [FindGameGlobals] gProjectileTrajectoryModeTableRVA found at RVA: 00007FFAB820AD00
[Info   :  SHCDE-SE] [T1-22:56:11.831] [GameGlobalsManager] [FindGameGlobals] gProjectileDefaultSpeedOrAngleByTypeTableRVA found at RVA: 00000000002DADD0
[Info   :  SHCDE-SE] [T1-22:56:11.831] [GameGlobalsManager] [FindGameGlobals] gProjectileMotionStepTableRVA found at RVA: 00000000002DAEA0
[Info   :  SHCDE-SE] [T1-22:56:11.831] [GameGlobalsManager] [FindGameGlobals] gRangedSlingerDamageTableRVA found at RVA: 0000000000322B00
[Info   :  SHCDE-SE] [T1-22:56:11.831] [GameGlobalsManager] [FindGameGlobals] gMeleeDamageTableRVA found at RVA: 0000000000323230
[Info   :  SHCDE-SE] [T1-22:56:11.831] [GameGlobalsManager] [FindGameGlobals] gMeleeEunuchAOEDamageTableRVA found at RVA: 0000000000322F50
[Info   :  SHCDE-SE] [T1-22:56:11.832] [GameGlobalsManager] [FindGameGlobals] gBallistaDamageDefault: 10000
[Info   :  SHCDE-SE] [T1-22:56:11.832] [GameGlobalsManager] [FindGameGlobals] gBallistaDamageToPortableShields: 500
[Info   :  SHCDE-SE] [T1-22:56:11.832] [GameGlobalsManager] [FindGameGlobals] gBallistaDamageToBallista: 2000
[Info   :  SHCDE-SE] [T1-22:56:11.832] [GameGlobalsManager] [FindGameGlobals] gBallistaDamageToMangonel: 2000
[Info   :  SHCDE-SE] [T1-22:56:11.832] [GameGlobalsManager] [FindGameGlobals] gBallistaDamageToArabBallista: 2000
[Info   :  SHCDE-SE] [T1-22:56:11.832] [GameGlobalsManager] [FindGameGlobals] gBallistaDamageToCatapult: 2500
[Info   :  SHCDE-SE] [T1-22:56:11.832] [GameGlobalsManager] [FindGameGlobals] gBallistaDamageToTrebutchet: 4000
[Info   :  SHCDE-SE] [T1-22:56:11.832] [GameGlobalsManager] [FindGameGlobals] gBallistaDamageToBatteringRam: 20000
[Info   :  SHCDE-SE] [T1-22:56:11.833] [GameGlobalsManager] [FindGameGlobals] gMaxMana: 7000
[Info   :  SHCDE-SE] [T1-22:56:11.834] [GameGlobalsManager] [FindGameGlobals] gManaRegenAmount: 1
[Info   :  SHCDE-SE] [T1-22:56:11.834] [GameGlobalsManager] [FindGameGlobals] gMacemanMinDistanceToEnemyToRun: 192
[Info   :  SHCDE-SE] [T1-22:56:11.834] [GameGlobalsManager] [FindGameGlobals] gUnitHealthTable found at RVA: 0000000000322820
[Info   :  SHCDE-SE] [T1-22:56:11.834] [GameGlobalsManager] [FindGameGlobals] gBuildingHealthTable found at RVA: 00000000002E7510
[Info   :  SHCDE-SE] [T1-22:56:11.834] [GameGlobalsManager] [FindGameGlobals] gBuildingHousingPopulatonSpaceTable found at RVA: 00000000002E7740
[Info   :  SHCDE-SE] [T1-22:56:11.834] [GameGlobalsManager] [FindGameGlobals] gSpeedTable found at RVA: 00000000003230C0
[Info   :  SHCDE-SE] [T1-22:56:11.834] [GameGlobalsManager] [FindGameGlobals] gMapRowLookupTable found at RVA: 000000000402FF2C
[Info   :  SHCDE-SE] [T1-22:56:11.834] [GameGlobalsManager] [FindGameGlobals] gMapColumnLookupTableRVA found at RVA: 0000000003AAE2A4
[Info   :  SHCDE-SE] [T1-22:56:11.834] [GameGlobalsManager] [FindGameGlobals] gMapBuildingManager found at RVA: 00007FFABE3FCBB0
[Info   :  SHCDE-SE] [T1-22:56:11.835] [GameGlobalsManager] [FindGameGlobals] gMaxRandomLions found at VA: 00007FFAB804E29D
[Info   :  SHCDE-SE] [T1-22:56:11.835] [GameGlobalsManager] [FindGameGlobals] gMaxRandomLions: 3
[Info   :  SHCDE-SE] [T1-22:56:11.835] [GameGlobalsManager] [FindGameGlobals] gGameTribeManagerVA found at RVA: 00007FFABFBF6720
[Info   :  SHCDE-SE] [T1-22:56:11.835] [GameGlobalsManager] [FindGameGlobals] gPlayerManager found at RVA: 00007FFABB59C210
[Info   :  SHCDE-SE] [T1-22:56:11.835] [GameGlobalsManager] [FindGameGlobals] gBuildingCostDefaults found at VA: 00007FFAB820E244
[Info   :  SHCDE-SE] [T1-22:56:11.835] [GameGlobalsManager] [FindGameGlobals] gBuildingCostDefaultsEnd found at VA: 00007FFAB820EADC
[Info   :  SHCDE-SE] [T1-22:56:11.835] [GameGlobalsManager] [FindGameGlobals] gBuildingStoneCostsTable found at RVA: 00000000067E5B90
[Info   :  SHCDE-SE] [T1-22:56:11.835] [GameGlobalsManager] [FindGameGlobals] gBuildingRawPitchCostsTable found at RVA: 00000000067E5B98
[Info   :  SHCDE-SE] [T1-22:56:11.835] [GameGlobalsManager] [FindGameGlobals] gBuildingGoldCostsTable found at RVA: 00000000067E5B9C
[Info   :  SHCDE-SE] [T1-22:56:11.835] [GameGlobalsManager] [FindGameGlobals] gBuildingWoodCostsTable found at RVA: 00000000067E5B8C
[Info   :  SHCDE-SE] [T1-22:56:11.835] [GameGlobalsManager] [FindGameGlobals] gBuildingIronIngotsCostsTable found at RVA: 00000000067E5B94
[Info   :  SHCDE-SE] [T1-22:56:11.835] [GameGlobalsManager] [FindGameGlobals] gMaxGoodYards found at VA: 00007FFAB7FA89B4
[Info   :  SHCDE-SE] [T1-22:56:11.835] [GameGlobalsManager] [FindGameGlobals] gMaxGoodYards: 32
[Info   :  SHCDE-SE] [T1-22:56:11.835] [GameGlobalsManager] [FindGameGlobals] gMaxArmories found at VA: 00007FFAB7FA8AB4
[Info   :  SHCDE-SE] [T1-22:56:11.835] [GameGlobalsManager] [FindGameGlobals] gMaxArmories: 8
[Info   :  SHCDE-SE] [T1-22:56:11.835] [GameGlobalsManager] [FindGameGlobals] gMaxGranaries found at VA: 00007FFAB7FA8A34
[Info   :  SHCDE-SE] [T1-22:56:11.835] [GameGlobalsManager] [FindGameGlobals] gMaxGranaries: 8
[Info   :  SHCDE-SE] [T1-22:56:11.835] [GameGlobalsManager] [FindGameGlobals] gGateHouseCloseDistance found at VA: 00007FFAB7FE7BC0
[Info   :  SHCDE-SE] [T1-22:56:11.835] [GameGlobalsManager] [FindGameGlobals] gGateHouseCloseDistance: 200
[Info   :  SHCDE-SE] [T1-22:56:11.835] [GameGlobalsManager] [FindGameGlobals] gGateHouseReOpenDistance found at VA: 00007FFAB7FE7BC9
[Info   :  SHCDE-SE] [T1-22:56:11.835] [GameGlobalsManager] [FindGameGlobals] gGateHouseReOpenDistance: 1200
[Info   :  SHCDE-SE] [T1-22:56:11.835] [GameGlobalsManager] [FindGameGlobals] gGateHouseUnkDistance found at VA: 00007FFAB7FE7BD0
[Info   :  SHCDE-SE] [T1-22:56:11.835] [GameGlobalsManager] [FindGameGlobals] gGateHouseUnkDistance: 1200
[Info   :  SHCDE-SE] [T1-22:56:11.836] [GameGlobalsManager] [FindGameGlobals] Peasant Respawn Tick Target Value: 4000
[Info   :  SHCDE-SE] [T1-22:56:11.836] [GameGlobalsManager] [FindGameGlobals] Peasant Respawn Tick Reset Value: 2000
[Info   :  SHCDE-SE] [T1-22:56:11.836] [GameGlobalsManager] [FindGameGlobals] gLocalPlayerId found at VA: 00007FFAC0813D70
[Info   :  SHCDE-SE] [T1-22:56:11.836] [GameGlobalsManager] [FindGameGlobals] gCurrentGameTick found at VA: 00007FFABB595F58
[Info   :  SHCDE-SE] [T1-22:56:11.836] [GameGlobalsManager] [FindGameGlobals] gCurrentlySelectedBuildingId found at VA: 00007FFABE718394
[Info   :  SHCDE-SE] [T1-22:56:11.836] [GameGlobalsManager] [FindGameGlobals] gp_PathfindingContextVA found at VA: 00007FFABDFDD660
[Info   :  SHCDE-SE] [T1-22:56:11.836] [GameGlobalsManager] [FindGameGlobals] gAIVDataTableVA found at VA: 00007FFAB87F4640
[Info   :  SHCDE-SE] [T1-22:56:11.836] [GameGlobalsManager] [FindGameGlobals] gSkirmishSpawnGoldTable found at RVA: 00000000002D4D90
[Info   :  SHCDE-SE] [T1-22:56:11.836] [GameGlobalsManager] [FindGameGlobals] gMonkAvailable found at RVA: 00007FFAC071E3F8
[Info   :  SHCDE-SE] [T1-22:56:11.836] [GameGlobalsManager] [FindGameGlobals] gEngineerAvailableVA found at RVA: 00007FFAC071E3E0
[Info   :  SHCDE-SE] [T1-22:56:11.836] [GameGlobalsManager] [FindGameGlobals] gLaddermanAvailableVA found at RVA: 00007FFAC071E3DC
[Info   :  SHCDE-SE] [T1-22:56:11.836] [GameGlobalsManager] [FindGameGlobals] gPlayerDefaultSkirmishResourcesVA found at VA: 00007FFAB8204E40
[Info   :  SHCDE-SE] [T1-22:56:11.836] [GameGlobalsManager] [FindGameGlobals] gAIVSystem found at VA: 00007FFABB3D9F70
[Info   :  SHCDE-SE] [T1-22:56:11.836] [GameGlobalsManager] [FindGameGlobals] gGameVegetationManager found at VA: 00007FFABB20E440
[Info   :  SHCDE-SE] [T1-22:56:11.836] [GameGlobalsManager] [FindGameGlobals] gAILordManager found at RVA: 000000000404C950 / VA: 00007FFABBF7C950
[Info   :  SHCDE-SE] [T1-22:56:11.836] [GameGlobalsManager] [FindGameGlobals] gActivePlayerListVA found at VA: 00007FFAC04A4BCC
[Info   :  SHCDE-SE] [T1-22:56:11.836] [GameGlobalsManager] [FindGameGlobals] gAILineUpVA found at VA: 00007FFAC04A4C44
[Info   :  SHCDE-SE] [T1-22:56:11.836] [GameGlobalsManager] [FindGameGlobals] gGameStateChoreHandlersVA found at VA: 00007FFAB81F7A30
[Info   :  SHCDE-SE] [T1-22:56:11.836] [GameGlobalsManager] [FindGameGlobals] gGamePaused found at VA: 00007FFABB59A0F8
[Info   :  SHCDE-SE] [T1-22:56:11.836] [GameGlobalsManager] [FindGameGlobals] gCurrentMapName found at VA: 00007FFABB597FE0
[Info   :  SHCDE-SE] [T1-22:56:11.836] [GameGlobalsManager] [FindGameGlobals] gCurrentMapNameLength found at VA: 00007FFABB5981D4
[Info   :  SHCDE-SE] [T1-22:56:11.836] [GameGlobalsManager] [FindGameGlobals] gIsInMapEditorVA found at VA: 00007FFAC04A4B98
[Info   :  SHCDE-SE] [T1-22:56:11.836] [GameGlobalsManager] [FindGameGlobals] gTeamsListRVA found at VA: 00000000037EDF3C
[Info   :  SHCDE-SE] [T1-22:56:11.836] [GameGlobalsManager] [FindGameGlobals] gTreeGrowthProgressionTableRVA found at VA: 000000000031E224
[Info   :  SHCDE-SE] [T1-22:56:11.836] [GameGlobalsManager] [FindGameGlobals] gGameTileManagerVA found at VA: 00007FFABBF8EDB0
[Info   :  SHCDE-SE] [T1-22:56:11.838] [GameGlobalsManager] [FindGameGlobals] GameGatehouseManagerRVA found at RVA: 00000000060AF690 / VA 00007FFABDFDF690
[Info   :  SHCDE-SE] [T1-22:56:11.838] [GameGlobalsManager] [FindGameGlobals] gGameGatehouseFunctionsVA found at VA: 00007FFAB82425D0
[Info   :  SHCDE-SE] [T1-22:56:11.838] [GameGlobalsManager] [FindGameGlobals] GameUnitFunctionsVTable found at VA: 00007FFAB8251CB0
[Info   :  SHCDE-SE] [T1-22:56:11.838] [GameGlobalsManager] [FindGameGlobals] GameBuildingFunctionsVTable found at VA: 00007FFAB820EAE0
[Info   :  SHCDE-SE] [T1-22:56:11.838] [GameGlobalsManager] [FindGameGlobals] gLocalPlayerUnitLimitVA found at VA: 00007FFABB598E34
[Info   :  SHCDE-SE] [T1-22:56:11.838] [GameGlobalsManager] [FindGameGlobals] gBuildingTypeAccessTileConnectivityBypassVA found at VA: 00007FFAB8214FE0
[Info   :  SHCDE-SE] [T1-22:56:11.838] [GameGlobalsManager] [FindGameGlobals] gAxisDistanceMetricsVA found at VA: 00007FFABB3D9F50
[Info   :  SHCDE-SE] [T1-22:56:11.838] [GameGlobalsManager] [FindGameGlobals] gLocalPlayerArmyCounts found at VA: 00007FFAB89C86A0
[Info   :  SHCDE-SE] [T1-22:56:11.838] [GameGlobalsManager] [FindGameGlobals] gPeasantSpawnRateIncrementsHighPopRVA found at RVA: 0000000000311D90
[Info   :  SHCDE-SE] [T1-22:56:11.838] [GameGlobalsManager] [FindGameGlobals] gPeasantSpawnRateIncrementsLowPopRVA found at RVA: 0000000000311DF0
[Info   :  SHCDE-SE] [T1-22:56:11.838] [GameGlobalsManager] [FindGameGlobals] gPeasantSpawnRateIncrementsDefaultsRVA found at RVA: 0000000000311E50
[Info   :  SHCDE-SE] [T1-22:56:11.838] [GameGlobalsManager] [FindGameGlobals] BuildingAvailabilityManagerVA found at VA: 00007FFABB1F7730
[Info   :  SHCDE-SE] [T1-22:56:11.838] [GameGlobalsManager] [FindGameGlobals] gMapRulesInfo_AllowedTradingGoodsRVA found: 00000000037EDB58
[Info   :  SHCDE-SE] [T1-22:56:11.838] [GameGlobalsManager] [FindGameGlobals] gMapRulesInfo_AllowedEuroUnitsVA found at VA: 00007FFABB71DEFC
[Info   :  SHCDE-SE] [T1-22:56:11.838] [GameGlobalsManager] [FindGameGlobals] gMapRulesInfo_AllowedArabUnitsVA found at VA: 00007FFABB71FA7C
[Info   :  SHCDE-SE] [T1-22:56:11.839] [Unknown] gMapRulesInfo_AllowedBedouinUnitsVA found at VA: 00007FFABB7CA0F8
[Info   :  SHCDE-SE] [T1-22:56:11.839] [Unknown] gCurrentSkirmishGameModeVA found at VA: 00007FFABB599040
[Info   :  SHCDE-SE] [T1-22:56:11.839] [Unknown] gCurrentTrailTypeVA found at VA: 00007FFABB599048
[Info   :  SHCDE-SE] [T1-22:56:11.839] [Unknown] gCurrentGameSkirmishModeVA found at VA: 00007FFAC071CA04
[Info   :  SHCDE-SE] [T1-22:56:11.839] [Unknown] gCurrentGameTypeModeVA found at VA: 00007FFABB595F28
[Info   :  SHCDE-SE] [T1-22:56:11.839] [Unknown] gAIAdvantage found at VA: 00007FFAC071CAD0
[Info   :  SHCDE-SE] [T1-22:56:11.839] [Unknown] gCoopTrailIdVA found at VA: 00007FFABB59A090
[Info   :  SHCDE-SE] [T1-22:56:11.839] [Unknown] gCoopMissionIdVA found at VA: 00007FFABB59A094
[Info   :  SHCDE-SE] [T1-22:56:11.839] [GameGlobalsManager] [FindGameGlobals] gMapRulesInfo_AllowedProductionGoodsVA found at VA: 00007FFABB596030
[Info   :  SHCDE-SE] [T1-22:56:11.839] [Unknown] gGameCursorManagerVA found at VA: 00007FFABB941DC0
[Info   :  SHCDE-SE] [T1-22:56:11.839] [GameGlobalsManager] [FindGameGlobals] gFriendlyWallToEnemyWallProximityDistAllowance found at VA: 00007FFAB7FAA77C
[Info   :  SHCDE-SE] [T1-22:56:11.839] [GameGlobalsManager] [FindGameGlobals] gFriendlyWallToEnemyWallProximityDistAllowance: 7
[Info   :  SHCDE-SE] [T1-22:56:11.839] [GameGlobalsManager] [FindGameGlobals] gCurrentMapSize found at VA: 00007FFABDFDD594
[Info   :  SHCDE-SE] [T1-22:56:11.839] [GameGlobalsManager] [FindGameGlobals] gPlayerKeepIsEnclosedVA found at VA: 00007FFAB826936C
[Info   :  SHCDE-SE] [T1-22:56:11.839] [GameGlobalsManager] [FindGameGlobals] gPlayerExtremePowersEnabledVA found at VA: 00007FFABB71F968
[Info   :  SHCDE-SE] [T1-22:56:11.839] [GameGlobalsManager] [FindGameGlobals] gSoundManagerVA found at VA: 00007FFAC08172D0
[Info   :  SHCDE-SE] [T1-22:56:11.839] [GameGlobalsManager] [FindGameGlobals] gProjectilesManagerVA found at VA: 00007FFABAEAA680
[Info   :  SHCDE-SE] [T1-22:56:11.839] [GameGlobalsManager] [FindGameGlobals] gUnitEUGoldCostTableRVA found at RVA: 0000000000311C98
[Info   :  SHCDE-SE] [T1-22:56:11.839] [GameGlobalsManager] [FindGameGlobals] gUnitEUGoodTypeCostsTableRVA found at RVA: 00000000003219F0
[Info   :  SHCDE-SE] [T1-22:56:11.839] [GameGlobalsManager] [FindGameGlobals] gTreeProximityAreaLevelTableRVA found at RVA: 00000000002D1C38
[Info   :  SHCDE-SE] [T1-22:56:11.840] [GameGlobalsManager] [FindGameGlobals] gDateTimeCurrentYearRVA: 000000000018129C
[Info   :  SHCDE-SE] [T1-22:56:11.840] [GameGlobalsManager] [FindGameGlobals] gBedouinDemolisherShieldHealth: 40000
[Info   :  SHCDE-SE] [T1-22:56:11.840] [GameGlobalsManager] [FindGameGlobals] gCatapultRestockStoneCost: 10
[Info   :  SHCDE-SE] [T1-22:56:11.840] [GameGlobalsManager] [FindGameGlobals] gCatapultRestockStoneAmount: 20
[Info   :  SHCDE-SE] [T1-22:56:11.841] [GameGlobalsManager] [FindGameGlobals] gCatapultInitialStoneAmount: 20
[Info   :  SHCDE-SE] [T1-22:56:11.841] [GameGlobalsManager] [FindGameGlobals] gAssassinDetectionRange: 160
[Info   :  SHCDE-SE] [T1-22:56:11.841] [GameGlobalsManager] [FindGameGlobals] gAssassinTransparencyThreshold: 120
[Info   :  SHCDE-SE] [T1-22:56:11.841] [GameGlobalsManager] [FindGameGlobals] gAIMaxOxTethers: 10
[Info   :  SHCDE-SE] [T1-22:56:11.841] [GameGlobalsManager] [FindGameGlobals] gAIStoneToOxenRatio: 20
[Info   :  SHCDE-SE] [T1-22:56:11.841] [GameGlobalsManager] [FindGameGlobals] gAIHighGoldThresholdForSiege: 10000
[Info   :  SHCDE-SE] [T1-22:56:11.841] [GameGlobalsManager] [FindGameGlobals] gAIGoldThresholdForHarassmentSiegeEngines: 500
[Info   :  SHCDE-SE] [T1-22:56:11.841] [GameGlobalsManager] [FindGameGlobals] gKnightRunSpeedBonus found at VA: 00007FFAB80796B5
[Info   :  SHCDE-SE] [T1-22:56:11.841] [GameGlobalsManager] [FindGameGlobals] gArabHorsemanRunSpeedBonus found at VA: 00007FFAB809E7E1
[Info   :  SHCDE-SE] [T1-22:56:11.841] [GameGlobalsManager] [FindGameGlobals] gBedouinCamelLancerRunSpeedBonus found at VA: 00007FFAB80A34B1
[Info   :  SHCDE-SE] [T1-22:56:11.841] [GameGlobalsManager] [FindGameGlobals] gBedouinHeavyCamelRunSpeedBonus found at VA: 00007FFAB80AA8A4
[Info   :  SHCDE-SE] [T1-22:56:11.841] [GameGlobalsManager] [FindGameGlobals] gCurrentContextMapperValueVA found at VA: 00007FFABDFDD45C
[Info   :  SHCDE-SE] [T1-22:56:11.841] [GameGlobalsManager] [FindGameGlobals] gCurrentContextUnitValueVA found at VA: 00007FFAB88602C4
[Info   :  SHCDE-SE] [T1-22:56:11.841] [GameGlobalsManager] [FindGameGlobals] gCurrentContextBuildingValueVA found at VA: 00007FFAB8829BE4
[Info   :  SHCDE-SE] [T1-22:56:11.841] [GameGlobalsManager] [FindGameGlobals] gBuildingRepairProximityCheckRange found at VA: 00007FFAB80051D2
[Info   :  SHCDE-SE] [T1-22:56:11.841] [GameGlobalsManager] [FindGameGlobals] gBuildingRepairProximityCheckExRange found at VA: 00007FFAB80051CD
[Info   :  SHCDE-SE] [T1-22:56:11.841] [GameGlobalsManager] [FindGameGlobals] ChoreManager found at VA: 00007FFAC04A4320
[Info   :  SHCDE-SE] [T1-22:56:11.841] [GameGlobalsManager] [FindGameGlobals] ChoreSendPhase found at VA: 00007FFAC0528FEC
[Info   :  SHCDE-SE] [T1-22:56:11.841] [GameGlobalsManager] [FindGameGlobals] MessageManager found at VA: 00007FFAB9A92EE0
[Info   :  SHCDE-SE] [T1-22:56:11.841] [GameGlobalsManager] [FindGameGlobals] EngineMemoryLastCallDescriptorVA found at VA: 00007FFABDFDD648
[Info   :  SHCDE-SE] [T1-22:56:11.841] [GameGlobalsManager] [FindGameGlobals] PathfindingProfilesUnitTableRVA found at RVA: 0000000000322540
[Info   :  SHCDE-SE] [T1-22:56:11.841] [GameGlobalsManager] [FindGameGlobals] PathfindingConnectionClassesUnitTableVA found at VA: 00007FFAB825BDB0
[Info   :  SHCDE-SE] [T1-22:56:11.841] [GameGlobalsManager] [FindGameGlobals] TilePCLTableRVA found at RVA: 00000000050EC690
[Info   :  SHCDE-SE] [T1-22:56:11.841] [GameGlobalsManager] [FindGameGlobals] gNoKnockdownWalls found at VA: 00007FFABB71D4C4
[Info   :  SHCDE-SE] [T1-22:56:11.841] [GameGlobalsManager] [FindGameGlobals] gGlobalImprovedSiegingBehaviourVA found at VA: 00007FFABB595FB8
[Info   :  SHCDE-SE] [T1-22:56:11.841] [GameGlobalsManager] [FindGameGlobals] gGlobalMoreAggressiveAISiegingBehaviourVA found at VA: 00007FFABB595FBC
[Info   :  SHCDE-SE] [T1-22:56:11.841] [GameGlobalsManager] [FindGameGlobals] gGlobalAdvancedOptions found at VA: 00007FFAC071E2F0
[Info   :  SHCDE-SE] [T1-22:56:11.841] [GameGlobalsManager] [FindGameGlobals] gStablesHorseRegenTickTarget: 550
[Info   :  SHCDE-SE] [T1-22:56:11.842] [GameGlobalsManager] [FindGameGlobals] gStablesHorsesCap: 4
[Info   :  SHCDE-SE] [T1-22:56:11.843] [GameGlobalsManager] [FindGameGlobals] gDiseaseDamage1: 150
[Info   :  SHCDE-SE] [T1-22:56:11.843] [GameGlobalsManager] [FindGameGlobals] gDiseaseDamage2: 200
[Info   :  SHCDE-SE] [T1-22:56:11.843] [GameGlobalsManager] [FindGameGlobals] gDiseaseDamage3: 400
[Info   :  SHCDE-SE] [T1-22:56:11.843] [GameGlobalsManager] [FindGameGlobals] gGlobalIdsUsedVA found at VA: 00007FFABB595F84
[Info   :  SHCDE-SE] [T1-22:56:11.843] [GameGlobalsManager] [FindGameGlobals] AIResourceSellCategoryTableVA found at VA: 00007FFAB81FEC94
[Info   :  SHCDE-SE] [T1-22:56:11.843] [GameGlobalsManager] [FindGameGlobals] AIResourceSellCategoryTableEndVA found at VA: 00007FFAB81FED34
[Info   :  SHCDE-SE] [T1-22:56:11.843] [GameGlobalsManager] [FindGameGlobals] gDefaultTradePriceTable found at VA: 0000000000310EB0
[Info   :  SHCDE-SE] [T1-22:56:11.843] [GameGlobalsManager] [FindGameGlobals] gRabbitDespawnTickTime: 32
[Info   :  SHCDE-SE] [T1-22:56:11.843] [GameGlobalsManager] [FindGameGlobals] gCurrentContextUnitIdVA found at VA: 00007FFAB88602C4
[Info   :  SHCDE-SE] [T1-22:56:11.843] [GameGlobalsManager] [FindGameGlobals] gCampPeasantsCap: 24
[Info   :  SHCDE-SE] [T1-22:56:11.843] [GameGlobalsManager] [FindGameGlobals] gAIVBuildDelayGoldCeiling: 5000
[Info   :  SHCDE-SE] [T1-22:56:11.843] [GameGlobalsManager] [FindGameGlobals] gAIVAcceleratedBuildGoldThreshold: 16000
[Info   :  SHCDE-SE] [T1-22:56:11.843] [GameGlobalsManager] [FindGameGlobals] gAIMinimumAttackerGoldForPositiveAttackVariance : 1000
[Info   :  SHCDE-SE] [T1-22:56:11.843] [GameGlobalsManager] [FindGameGlobals] gAIAttackerGoldThresholdForDoubledAttackVariance : 5000
[Info   :  SHCDE-SE] [T1-22:56:11.843] [GameGlobalsManager] [FindGameGlobals] gAITargetGoldThresholdForNegativeAttackModifier : 500
[Info   :  SHCDE-SE] [T1-22:56:11.843] [GameGlobalsManager] [FindGameGlobals] gPathfindingMaxTilesConstraint: 2000
[Info   :  SHCDE-SE] [T1-22:56:11.844] [GameVegetationManagerAPI] [.ctor] _vegetationManager: 00007FFABB20E440
[Info   :  SHCDE-SE] [T1-22:56:11.844] [GameVegetationManagerAPI] [.ctor] _vegArray: 00007FFABB20E458
[Info   :  SHCDE-SE] [T1-22:56:11.844] [GameVegetationManagerAPI] [.ctor] _treeGrowthStageTable: 00007FFAB824E224
[Info   :  SHCDE-SE] [T1-22:56:11.844] [GameVegetationManagerAPI] [.ctor] _treeAreaProximityLevelTable: 00007FFAB8201C38
[Info   :  SHCDE-SE] [T1-22:56:11.844] [GameGlobalsManager] [FindGameGlobals] Tree Growth of Oak Stage0: 24
[Info   :  SHCDE-SE] [T1-22:56:11.845] [GamePlayerManagerAPI] [.ctor] _playerManager: 00007FFABB59C210
[Info   :  SHCDE-SE] [T1-22:56:11.845] [GamePlayerManagerAPI] [.ctor] _playerResources: 00007FFABB6D060C
[Info   :  SHCDE-SE] [T1-22:56:11.845] [GamePlayerManagerAPI] [.ctor] _defaultSkirmishGold: 00007FFAB8204D90
[Info   :  SHCDE-SE] [T1-22:56:11.845] [GamePlayerManagerAPI] [.ctor] _defaultSkirmishResources: 00007FFAB8204E40
[Info   :  SHCDE-SE] [T1-22:56:11.845] [GamePlayerManagerAPI] [.ctor] _defaultSkirmishSettingsTable: 00007FFABB3D9F70
[Info   :  SHCDE-SE] [T1-22:56:11.845] [GamePlayerManagerAPI] [.ctor] _peasantSpawnRateIncrementsHighPop: 00007FFAB8241D90
[Info   :  SHCDE-SE] [T1-22:56:11.845] [GamePlayerManagerAPI] [.ctor] _peasantSpawnRateIncrementsLowPop: 00007FFAB8241DF0
[Info   :  SHCDE-SE] [T1-22:56:11.845] [GamePlayerManagerAPI] [.ctor] _peasantSpawnRateIncrementsDefault: 00007FFAB8241E50
[Info   :  SHCDE-SE] [T1-22:56:11.845] [GamePlayerManagerAPI] [.ctor] CursorManager: 00007FFABB941DC0
[Info   :  SHCDE-SE] [T1-22:56:11.845] [GamePlayerManagerAPI] [.ctor] _activePlayerList: 00007FFAC04A4BCC
[Info   :  SHCDE-SE] [T1-22:56:11.845] [GamePlayerManagerAPI] [.ctor] _aiLineUp: 00007FFAC04A4C44
[Info   :  SHCDE-SE] [T1-22:56:11.845] [GamePlayerManagerAPI] [.ctor] _teamList: 00007FFABB71DF3C
[Info   :  SHCDE-SE] [T1-22:56:11.845] [GamePlayerManagerAPI] [.ctor] _localPause: 00007FFABB59A0F8
[Info   :  SHCDE-SE] [T1-22:56:11.845] [GamePlayerManagerAPI] [.ctor] _currentMapName: 00007FFABB597FE0
[Info   :  SHCDE-SE] [T1-22:56:11.845] [GamePlayerManagerAPI] [.ctor] _currentMapNameLength: 00007FFABB5981D4
[Info   :  SHCDE-SE] [T1-22:56:11.845] [GamePlayerManagerAPI] [.ctor] _isInMapEditor: 00007FFAC04A4B98
[Info   :  SHCDE-SE] [T1-22:56:11.845] [GamePlayerManagerAPI] [.ctor] _mapRulesManager: 00007FFABB1F7730
[Info   :  SHCDE-SE] [T1-22:56:11.845] [GamePlayerManagerAPI] [.ctor] _allowedTradingGoods: 00007FFABB71DB58
[Info   :  SHCDE-SE] [T1-22:56:11.845] [GamePlayerManagerAPI] [.ctor] _cursorManager: 00007FFABB941DC0
[Info   :  SHCDE-SE] [T1-22:56:11.845] [GamePlayerManagerAPI] [.ctor] _noKnockdownWalls: 00007FFABB71D4C4
[Info   :  SHCDE-SE] [T1-22:56:11.845] [GamePlayerManagerAPI] [.ctor] _globalImprovedSiegeBehaviour: 00007FFABB595FB8
[Info   :  SHCDE-SE] [T1-22:56:11.845] [GamePlayerManagerAPI] [.ctor] _globalMoreAggressiveSiegeBehaviour: 00007FFABB595FBC
[Info   :  SHCDE-SE] [T1-22:56:11.845] [GamePlayerManagerAPI] [.ctor] _choreManagerOptionsInternal: 00007FFAC04A4320
[Info   :  SHCDE-SE] [T1-22:56:11.845] [GameGlobalsManager] [FindGameGlobals] Default Wood for Skirmish: 100
[Info   :  SHCDE-SE] [T1-22:56:11.848] [GameUnitManagerAPI] [.ctor] _gameManager: 00007FFABE718400
[Info   :  SHCDE-SE] [T1-22:56:11.848] [GameUnitManagerAPI] [.ctor] _unitArray: 00007FFABE718EEC
[Info   :  SHCDE-SE] [T1-22:56:11.848] [GameUnitManagerAPI] [.ctor] _meleeEunuchAOEDamageArray: 00007FFAB8252F50
[Info   :  SHCDE-SE] [T1-22:56:11.848] [GameUnitManagerAPI] [.ctor] _rangedArrowDamageArray: 00007FFAB8252990
[Info   :  SHCDE-SE] [T1-22:56:11.848] [GameUnitManagerAPI] [.ctor] _rangedBoltDamageArray: 00007FFAB8252C70
[Info   :  SHCDE-SE] [T1-22:56:11.848] [GameUnitManagerAPI] [.ctor] _rangedSlingerDamageArray: 00007FFAB8252B00
[Info   :  SHCDE-SE] [T1-22:56:11.848] [GameUnitManagerAPI] [.ctor] _rangedJavelinDamageArray: 00007FFAB8252DE0
[Info   :  SHCDE-SE] [T1-22:56:11.848] [GameUnitManagerAPI] [.ctor] _healthDefaultsArray: 00007FFAB8252820
[Info   :  SHCDE-SE] [T1-22:56:11.848] [GameUnitManagerAPI] [.ctor] _speedDefaultsArray: 00007FFAB82530C0
[Info   :  SHCDE-SE] [T1-22:56:11.848] [GameUnitManagerAPI] [.ctor] _localPlayerArmyCountsArray: 00007FFAB89C86A0
[Info   :  SHCDE-SE] [T1-22:56:11.848] [GameUnitManagerAPI] [.ctor] _euUnitsGoldCostsArray: 00007FFAB8241C98
[Info   :  SHCDE-SE] [T1-22:56:11.848] [GameUnitManagerAPI] [.ctor] _euUnitsGoodTypeCostArray: 00007FFAB82519F0
[Info   :  SHCDE-SE] [T1-22:56:11.848] [GameUnitManagerAPI] [.ctor] SizeOf(GameUnitManager)=2796, SizeOf(GameUnit)=1168
[Info   :  SHCDE-SE] [T1-22:56:11.848] [GameGlobalsManager] [FindGameGlobals] Knight Damage: 50
[Info   :  SHCDE-SE] [T1-22:56:11.848] [GameGlobalsManager] [FindGameGlobals] Knight Health: 20000
[Info   :  SHCDE-SE] [T1-22:56:11.848] [GameGlobalsManager] [FindGameGlobals] Knight Speed: 1
[Info   :  SHCDE-SE] [T1-22:56:11.853] [GameBuildingManagerAPI] [.ctor] _buildingManager: 00007FFABE3FCBB0
[Info   :  SHCDE-SE] [T1-22:56:11.853] [GameBuildingManagerAPI] [.ctor] _buildingArray: 00007FFABE3FCF38
[Info   :  SHCDE-SE] [T1-22:56:11.853] [GameBuildingManagerAPI] [.ctor] _buildingDefaultCostsArray: 00007FFAB820E244
[Info   :  SHCDE-SE] [T1-22:56:11.853] [GameBuildingManagerAPI] [.ctor] _buildingDefaultCostsArrayEnd: 00007FFAB820EADC
[Info   :  SHCDE-SE] [T1-22:56:11.853] [GameBuildingManagerAPI] [.ctor] _buildingStoneCostsArray: 00007FFABE715B90
[Info   :  SHCDE-SE] [T1-22:56:11.853] [GameBuildingManagerAPI] [.ctor] _buildingRawPitchCostsArray: 00007FFABE715B98
[Info   :  SHCDE-SE] [T1-22:56:11.853] [GameBuildingManagerAPI] [.ctor] _buildingGoldCostsArray: 00007FFABE715B9C
[Info   :  SHCDE-SE] [T1-22:56:11.853] [GameBuildingManagerAPI] [.ctor] _buildingWoodCostsArray: 00007FFABE715B8C
[Info   :  SHCDE-SE] [T1-22:56:11.853] [GameBuildingManagerAPI] [.ctor] _buildingIronIngotsCostsArray: 00007FFABE715B94
[Info   :  SHCDE-SE] [T1-22:56:11.853] [GameBuildingManagerAPI] [.ctor] _buildingTypeAccessTileConnectivityBypassArray: 00007FFAB8214FE0
[Info   :  SHCDE-SE] [T1-22:56:11.853] [GameGlobalsManager] [FindGameGlobals] NULL DEFAULT Wood Cost: Wood=0, Stone=0, Iron=0, Pitch=0, Gold=0
[Info   :  SHCDE-SE] [T1-22:56:11.853] [GameGlobalsManager] [FindGameGlobals] HOVEL DEFAULT Wood Cost: Wood=6, Stone=0, Iron=0, Pitch=0, Gold=0
[Info   :  SHCDE-SE] [T1-22:56:11.853] [GameGlobalsManager] [FindGameGlobals] Woodcutters Hut DEFAULT Wood Cost: Wood=3, Stone=0, Iron=0, Pitch=0, Gold=0
[Info   :  SHCDE-SE] [T1-22:56:11.853] [GameGlobalsManager] [FindGameGlobals] Lion->Spearman Damage: 100
[Info   :  SHCDE-SE] [T1-22:56:11.855] [BulkMonoDetours] [.ctor] Applying, region=00007FFACFB30000, size=0000000000A54000
[Warning:  SHCDE-SE] [T1-22:56:11.874] [BulkMonoDetours] [.ctor] NUKING 1MB VALUE TYPE SIZE LIMIT FROM ORBIT
[Info   :  SHCDE-SE] [T1-22:56:11.885] [BulkTribeDetours] [.ctor] Applying
[Info   :  SHCDE-SE] [T1-22:56:11.891] [BulkUnitDetours] [.ctor] Applying
[Info   :  SHCDE-SE] [T1-22:56:11.892] [BulkUnitDetours] [.ctor] c_game_unit_hunter_query_for_target found at 00007FFAB80BAF50
[Info   :  SHCDE-SE] [T1-22:56:11.892] [BulkUnitDetours] [.ctor] Anchor point found: 00007FFAB80BAFE6
[Info   :  SHCDE-SE] [T1-22:56:11.895] [Unknown] Hooking unit update function at address: 0x7FFAB806F540 chimp: CHIMP_TYPE_ARCHER
[Info   :  SHCDE-SE] [T1-22:56:11.895] [Unknown] Installing dynamic inline hook at: 0x00007FFAB806FAA1 for Dynamic Unit Range Support
[Info   :  SHCDE-SE] [T1-22:56:11.896] [Unknown] Installing dynamic inline hook at: 0x00007FFAB806FAD1 for Dynamic Unit Range Support
[Info   :  SHCDE-SE] [T1-22:56:11.896] [Unknown] Hooking unit update function at address: 0x7FFAB80A1C50 chimp: CHIMP_TYPE_ARAB_BALLISTA
[Info   :  SHCDE-SE] [T1-22:56:11.896] [Unknown] Installing dynamic inline hook at: 0x00007FFAB80A1DBD for Dynamic Unit Range Support
[Info   :  SHCDE-SE] [T1-22:56:11.896] [Unknown] Installing dynamic inline hook at: 0x00007FFAB80A1EDD for Dynamic Unit Range Support
[Info   :  SHCDE-SE] [T1-22:56:11.896] [Unknown] Hooking unit update function at address: 0x7FFAB8097D40 chimp: CHIMP_TYPE_ARAB_BOW
[Info   :  SHCDE-SE] [T1-22:56:11.896] [Unknown] Installing dynamic inline hook at: 0x00007FFAB8097F93 for Dynamic Unit Range Support
[Info   :  SHCDE-SE] [T1-22:56:11.896] [Unknown] Installing dynamic inline hook at: 0x00007FFAB8097FC3 for Dynamic Unit Range Support
[Info   :  SHCDE-SE] [T1-22:56:11.896] [Unknown] Hooking unit update function at address: 0x7FFAB8091CB0 chimp: CHIMP_TYPE_BALLISTA
[Info   :  SHCDE-SE] [T1-22:56:11.896] [Unknown] Installing dynamic inline hook at: 0x00007FFAB8091E3D for Dynamic Unit Range Support
[Info   :  SHCDE-SE] [T1-22:56:11.896] [Unknown] Hooking unit update function at address: 0x7FFAB80835F0 chimp: CHIMP_TYPE_TREBUCHET
[Info   :  SHCDE-SE] [T1-22:56:11.897] [Unknown] Hooking unit update function at address: 0x7FFAB80820D0 chimp: CHIMP_TYPE_CATAPULT
[Info   :  SHCDE-SE] [T1-22:56:11.897] [Unknown] Hooking unit update function at address: 0x7FFAB80847F0 chimp: CHIMP_TYPE_MANGONEL
[Info   :  SHCDE-SE] [T1-22:56:11.897] [Unknown] Hooking unit update function at address: 0x7FFAB809B220 chimp: CHIMP_TYPE_ARAB_SLINGER
[Info   :  SHCDE-SE] [T1-22:56:11.897] [Unknown] Installing dynamic inline hook at: 0x00007FFAB809B3DE for Dynamic Unit Range Support
[Info   :  SHCDE-SE] [T1-22:56:11.897] [Unknown] Hooking unit update function at address: 0x7FFAB80AA590 chimp: CHIMP_TYPE_BEDOUIN_HEAVY_CAMEL
[Info   :  SHCDE-SE] [T1-22:56:11.897] [Unknown] Installing dynamic inline hook at: 0x00007FFAB80AA6F3 for Dynamic Unit Range Support
[Info   :  SHCDE-SE] [T1-22:56:11.897] [Unknown] Installing dynamic inline hook at: 0x00007FFAB80AA801 for Dynamic Unit Range Support
[Info   :  SHCDE-SE] [T1-22:56:11.897] [Unknown] Hooking unit update function at address: 0x7FFAB80A8350 chimp: CHIMP_TYPE_BEDOUIN_SKIRMISHER
[Info   :  SHCDE-SE] [T1-22:56:11.897] [Unknown] Installing dynamic inline hook at: 0x00007FFAB80A8856 for Dynamic Unit Range Support
[Info   :  SHCDE-SE] [T1-22:56:11.897] [Unknown] Installing dynamic inline hook at: 0x00007FFAB80A8886 for Dynamic Unit Range Support
[Info   :  SHCDE-SE] [T1-22:56:11.897] [Unknown] Hooking unit update function at address: 0x7FFAB8071DA0 chimp: CHIMP_TYPE_XBOWMAN
[Info   :  SHCDE-SE] [T1-22:56:11.897] [Unknown] Installing dynamic inline hook at: 0x00007FFAB8071F47 for Dynamic Unit Range Support
[Info   :  SHCDE-SE] [T1-22:56:11.897] [Unknown] Installing dynamic inline hook at: 0x00007FFAB807203F for Dynamic Unit Range Support
[Info   :  SHCDE-SE] [T1-22:56:11.897] [Unknown] Hooking unit update function at address: 0x7FFAB80A0570 chimp: CHIMP_TYPE_ARAB_GRENADIER
[Info   :  SHCDE-SE] [T1-22:56:11.897] [Unknown] Installing dynamic inline hook at: 0x00007FFAB80A0733 for Dynamic Unit Range Support
[Info   :  SHCDE-SE] [T1-22:56:11.897] [Unknown] Hooking unit update function at address: 0x7FFAB809E440 chimp: CHIMP_TYPE_ARAB_HORSEMAN
[Info   :  SHCDE-SE] [T1-22:56:11.897] [Unknown] Installing dynamic inline hook at: 0x00007FFAB809E62C for Dynamic Unit Range Support
[Info   :  SHCDE-SE] [T1-22:56:11.897] [Unknown] Installing dynamic inline hook at: 0x00007FFAB809E73F for Dynamic Unit Range Support
[Info   :  SHCDE-SE] [T1-22:56:11.899] [BulkBuildingDetours] [.ctor] Applying
[Info   :  SHCDE-SE] [T1-22:56:11.899] [BulkVegetationDetours] [.ctor] Applying
[Info   :  SHCDE-SE] [T1-22:56:11.900] [BulkMapLoaderDetours] [.ctor] Applying
[Info   :  SHCDE-SE] [T1-22:56:11.900] [BulkMapLoaderDetours] [.ctor] c_game_save_file_write found at 00007FFAB810DB94
[Info   :  SHCDE-SE] [T1-22:56:11.904] [BulkProjectileDetours] [.ctor] Applying
[Info   :  SHCDE-SE] [T1-22:56:11.905] [BulkPlayerDetours] [.ctor] Applying
[Info   :  SHCDE-SE] [T1-22:56:11.906] [BulkSoundDetours] [.ctor] Applying
[Info   :  SHCDE-SE] [T1-22:56:11.906] [BulkTileDetours] [.ctor] Applying
[Info   :  SHCDE-SE] [T1-22:56:11.906] [BulkTimeDetours] [.ctor] Applying
[Info   :  SHCDE-SE] [T1-22:56:11.907] [BulkMapEditorDetours] [.ctor] Applying
[Info   :  SHCDE-SE] [T1-22:56:11.907] [BulkMapEditorDetours] [.ctor] c_game_tile_refresh_visual found at 00007FFAB8013B90
[Info   :  SHCDE-SE] [T1-22:56:11.908] [BulkAIDetours] [.ctor] Applying
[Info   :  SHCDE-SE] [T1-22:56:11.908] [BulkChoreDetours] [.ctor] Applying
[Info   :  SHCDE-SE] [T1-22:56:11.908] [BulkPathingDetours] [.ctor] Applying
[Info   :  SHCDE-SE] [T1-22:56:11.908] [BulkEngineDetours] [.ctor] Applying
[Info   :  SHCDE-SE] [T1-22:56:11.909] [BulkVEHDetours] [.ctor] Applying
[Info   :  SHCDE-SE] [T1-22:56:11.915] [HookTransaction[ApplyNative]] Loaded 166 of 166 AOB results from cache.
[Info   :  SHCDE-SE] [T1-22:56:11.925] [Detour:c_game_unit_assign_tribe_hook] ["c_game_unit_assign_tribe_hook"] prepared at 0x00007FFAB804D370 using Indirect: 6 bytes displaced, trampoline 0x00007FFA48050000.
[Info   :  SHCDE-SE] [T1-22:56:11.925] [Detour:c_game_create_new_tribe_hook] ["c_game_create_new_tribe_hook"] prepared at 0x00007FFAB8049C00 using Indirect: 10 bytes displaced, trampoline 0x00007FFA48050040.
[Info   :  SHCDE-SE] [T1-22:56:11.925] [Detour:c_game_tribe_issueorder_movehere_hook] ["c_game_tribe_issueorder_movehere_hook"] prepared at 0x00007FFAB804B520 using Indirect: 9 bytes displaced, trampoline 0x00007FFA48050080.
[Info   :  SHCDE-SE] [T1-22:56:11.926] [Detour:c_game_tribe_issueorder_withtarget_hook] ["c_game_tribe_issueorder_withtarget_hook"] prepared at 0x00007FFAB804E960 using Indirect: 10 bytes displaced, trampoline 0x00007FFA480500C0.
[Info   :  SHCDE-SE] [T1-22:56:11.926] [Detour:c_game_tribe_delete] ["c_game_tribe_delete"] prepared at 0x00007FFAB8048C70 using Indirect: 7 bytes displaced, trampoline 0x00007FFA48050100.
[Info   :  SHCDE-SE] [T1-22:56:11.926] [Detour:c_game_spawn_unit_group_eu_and_arab] ["c_game_spawn_unit_group_eu_and_arab"] prepared at 0x00007FFAB8047D20 using Indirect: 10 bytes displaced, trampoline 0x00007FFA48050140.
[Info   :  SHCDE-SE] [T1-22:56:11.926] [Detour:c_game_tribe_remove_unit] ["c_game_tribe_remove_unit"] prepared at 0x00007FFAB8053EA0 using Indirect: 10 bytes displaced, trampoline 0x00007FFA48060000.
[Info   :  SHCDE-SE] [T1-22:56:11.932] [X64InlineHook] ["c_game_tribe_get_next_waypoint"] compiled stub at 0x00007FFA48060040, size: 183 bytes (target: 0x00007FFAB804ACE6).
[Info   :  SHCDE-SE] [T1-22:56:11.933] [Detour:c_game_unit_takedamage_melee_hook] ["c_game_unit_takedamage_melee_hook"] prepared at 0x00007FFAB80C9110 using Indirect: 6 bytes displaced, trampoline 0x00007FFA480D0000.
[Info   :  SHCDE-SE] [T1-22:56:11.933] [Detour:c_game_unit_takedamage_projectile_hook] ["c_game_unit_takedamage_projectile_hook"] prepared at 0x00007FFAB80C2750 using Indirect: 10 bytes displaced, trampoline 0x00007FFA480D0040.
[Info   :  SHCDE-SE] [T1-22:56:11.933] [Detour:c_game_unit_spawn_ex_hook] ["c_game_unit_spawn_ex_hook"] prepared at 0x00007FFAB80AFEF0 using Indirect: 8 bytes displaced, trampoline 0x00007FFA480D0080.
[Info   :  SHCDE-SE] [T1-22:56:11.933] [Detour:c_game_unit_handle_movement_hook] ["c_game_unit_handle_movement_hook"] prepared at 0x00007FFAB80B0230 using Indirect: 10 bytes displaced, trampoline 0x00007FFA480D00C0.
[Info   :  SHCDE-SE] [T1-22:56:11.934] [Detour:c_game_unit_delete_hook] ["c_game_unit_delete_hook"] prepared at 0x00007FFAB80B69C0 using Indirect: 10 bytes displaced, trampoline 0x00007FFA480D0100.
[Info   :  SHCDE-SE] [T1-22:56:11.934] [Detour:c_game_unit_issueorder_movehere_hook] ["c_game_unit_issueorder_movehere_hook"] prepared at 0x00007FFAB80C6280 using Indirect: 6 bytes displaced, trampoline 0x00007FFA480D0140.
[Info   :  SHCDE-SE] [T1-22:56:11.934] [Detour:c_game_unit_calculate_worker_good_yield_hook] ["c_game_unit_calculate_worker_good_yield_hook"] prepared at 0x00007FFAB80BD940 using Indirect: 10 bytes displaced, trampoline 0x00007FFA480D0180.
[Info   :  SHCDE-SE] [T1-22:56:11.934] [Detour:c_game_dll_troopselection_hook] ["c_game_dll_troopselection_hook"] prepared at 0x00007FFAB7FB79A0 using Indirect: 10 bytes displaced, trampoline 0x00007FFA480D01C0.
[Info   :  SHCDE-SE] [T1-22:56:11.935] [X64InlineHook] ["c_game_unit_killed_by_projectile_hook"] compiled stub at 0x00007FFA480D0200, size: 271 bytes (target: 0x00007FFAB80C3363).
[Info   :  SHCDE-SE] [T1-22:56:11.935] [X64InlineHook] ["c_game_unit_killed_by_melee_hook"] compiled stub at 0x00007FFA480D0580, size: 273 bytes (target: 0x00007FFAB80C9444).
[Info   :  SHCDE-SE] [T1-22:56:11.935] [X64InlineHook] ["c_game_unit_damaged_by_projectile_hook"] compiled stub at 0x00007FFA480D0900, size: 179 bytes (target: 0x00007FFAB80C307E).
[Info   :  SHCDE-SE] [T1-22:56:11.935] [X64InlineHook] ["c_game_player_buy_mercenary_hook"] compiled stub at 0x00007FFA480D0B50, size: 176 bytes (target: 0x00007FFAB80B1B6E).
[Info   :  SHCDE-SE] [T1-22:56:11.935] [X64InlineHook] ["c_game_unit_take_fire_damage"] compiled stub at 0x00007FFA480D0D90, size: 270 bytes (target: 0x00007FFAB80C24B0).
[Info   :  SHCDE-SE] [T1-22:56:11.936] [X64InlineHook] ["c_game_unit_bedouin_healer_heal_hook"] compiled stub at 0x00007FFA480D1140, size: 162 bytes (target: 0x00007FFAB80A491A).
[Info   :  SHCDE-SE] [T1-22:56:11.936] [X64InlineHook] ["c_game_unit_woodcutter_update_pickup_planks_hook"] compiled stub at 0x00007FFA480D1360, size: 271 bytes (target: 0x00007FFAB805C8D6).
[Info   :  SHCDE-SE] [T1-22:56:11.936] [X64InlineHook] ["c_game_unit_woodcutter_update_dropoff_planks_hook"] compiled stub at 0x00007FFA480D16E0, size: 271 bytes (target: 0x00007FFAB805CA3B).
[Info   :  SHCDE-SE] [T1-22:56:11.936] [X64InlineHook] ["c_game_unit_farmer_cattle_update_pickup_cheese_hook"] compiled stub at 0x00007FFA480D1A60, size: 271 bytes (target: 0x00007FFAB8067255).
[Info   :  SHCDE-SE] [T1-22:56:11.936] [X64InlineHook] ["c_game_unit_farmer_cattle_update_dropoff_cheese_hook"] compiled stub at 0x00007FFA480D1DE0, size: 271 bytes (target: 0x00007FFAB80673D6).
[Info   :  SHCDE-SE] [T1-22:56:11.936] [X64InlineHook] ["c_game_unit_farmer_apple_update_pickup_apple_hook"] compiled stub at 0x00007FFA480D2160, size: 270 bytes (target: 0x00007FFAB806640E).
[Info   :  SHCDE-SE] [T1-22:56:11.936] [X64InlineHook] ["c_game_unit_farmer_apple_update_dropoff_apple_hook"] compiled stub at 0x00007FFA480D24F0, size: 269 bytes (target: 0x00007FFAB8066901).
[Info   :  SHCDE-SE] [T1-22:56:11.936] [X64InlineHook] ["c_game_unit_farmer_hemp_update_pickup_hemp_hook"] compiled stub at 0x00007FFA480D2870, size: 277 bytes (target: 0x00007FFAB8065846).
[Info   :  SHCDE-SE] [T1-22:56:11.937] [X64InlineHook] ["c_game_unit_farmer_hemp_update_dropoff_hemp_hook"] compiled stub at 0x00007FFA480D2C00, size: 271 bytes (target: 0x00007FFAB80659AF).
[Info   :  SHCDE-SE] [T1-22:56:11.937] [X64InlineHook] ["c_game_unit_baker_update_pickup_flour_hook"] compiled stub at 0x00007FFA480D2F80, size: 272 bytes (target: 0x00007FFAB8068DD1).
[Info   :  SHCDE-SE] [T1-22:56:11.937] [X64InlineHook] ["c_game_unit_baker_update_pickup_bread_hook"] compiled stub at 0x00007FFA480D3310, size: 175 bytes (target: 0x00007FFAB80690C0).
[Info   :  SHCDE-SE] [T1-22:56:11.937] [X64InlineHook] ["c_game_unit_baker_update_dropoff_bread_hook"] compiled stub at 0x00007FFA480D3560, size: 269 bytes (target: 0x00007FFAB80693D3).
[Info   :  SHCDE-SE] [T1-22:56:11.937] [X64InlineHook] ["c_game_unit_farmer_wheat_update_pickup_wheat_hook"] compiled stub at 0x00007FFA480D38E0, size: 269 bytes (target: 0x00007FFAB80648B5).
[Info   :  SHCDE-SE] [T1-22:56:11.937] [X64InlineHook] ["c_game_unit_farmer_wheat_update_dropoff_wheat_hook"] compiled stub at 0x00007FFA480D3C70, size: 271 bytes (target: 0x00007FFAB8064A4C).
[Info   :  SHCDE-SE] [T1-22:56:11.937] [X64InlineHook] ["c_game_unit_miller_update_pickup_wheat_hook"] compiled stub at 0x00007FFA480D3FF0, size: 269 bytes (target: 0x00007FFAB8067CF6).
[Info   :  SHCDE-SE] [T1-22:56:11.937] [X64InlineHook] ["c_game_unit_miller_update_dropoff_flour_hook"] compiled stub at 0x00007FFA480D4370, size: 271 bytes (target: 0x00007FFAB806824F).
[Info   :  SHCDE-SE] [T1-22:56:11.937] [X64InlineHook] ["c_game_unit_miller_update_pickup_flour_hook"] compiled stub at 0x00007FFA480D4700, size: 270 bytes (target: 0x00007FFAB8068134).
[Info   :  SHCDE-SE] [T1-22:56:11.938] [X64InlineHook] ["c_game_unit_brewer_update_pickup_hemp_hook"] compiled stub at 0x00007FFA480D4A80, size: 272 bytes (target: 0x00007FFAB8069D0D).
[Info   :  SHCDE-SE] [T1-22:56:11.938] [X64InlineHook] ["c_game_unit_brewer_update_dropoff_hemp_hook"] compiled stub at 0x00007FFA480D4E10, size: 271 bytes (target: 0x00007FFAB8069F61).
[Info   :  SHCDE-SE] [T1-22:56:11.938] [X64InlineHook] ["c_game_unit_brewer_update_pickup_ale_hook"] compiled stub at 0x00007FFA480D5190, size: 176 bytes (target: 0x00007FFAB806A286).
[Info   :  SHCDE-SE] [T1-22:56:11.938] [X64InlineHook] ["c_game_unit_brewer_update_dropoff_ale_hook"] compiled stub at 0x00007FFA480D53F0, size: 177 bytes (target: 0x00007FFAB806A52B).
[Info   :  SHCDE-SE] [T1-22:56:11.938] [X64InlineHook] ["c_game_unit_brewer_update_produced_ale_hook"] compiled stub at 0x00007FFA480D5630, size: 273 bytes (target: 0x00007FFAB806A115).
[Info   :  SHCDE-SE] [T1-22:56:11.938] [X64InlineHook] ["c_game_unit_innkeeper_update_pickup_ale_hook"] compiled stub at 0x00007FFA480D59C0, size: 271 bytes (target: 0x00007FFAB8080931).
[Info   :  SHCDE-SE] [T1-22:56:11.938] [X64InlineHook] ["c_game_unit_innkeeper_update_dropoff_ale_hook"] compiled stub at 0x00007FFA480D5D50, size: 273 bytes (target: 0x00007FFAB8080B90).
[Info   :  SHCDE-SE] [T1-22:56:11.938] [X64InlineHook] ["c_game_unit_fletcher_update_pickup_wood_hook"] compiled stub at 0x00007FFA480D60D0, size: 274 bytes (target: 0x00007FFAB805D4E6).
[Info   :  SHCDE-SE] [T1-22:56:11.938] [X64InlineHook] ["c_game_unit_fletcher_update_dropoff_wood_hook"] compiled stub at 0x00007FFA480D6460, size: 271 bytes (target: 0x00007FFAB805D70B).
[Info   :  SHCDE-SE] [T1-22:56:11.938] [X64InlineHook] ["c_game_unit_fletcher_update_dropoff_produce_hook"] compiled stub at 0x00007FFA480D67E0, size: 269 bytes (target: 0x00007FFAB805DD2D).
[Info   :  SHCDE-SE] [T1-22:56:11.938] [X64InlineHook] ["c_game_unit_poleturner_update_pickup_wood_hook"] compiled stub at 0x00007FFA480D6B60, size: 272 bytes (target: 0x00007FFAB806AE95).
[Info   :  SHCDE-SE] [T1-22:56:11.938] [X64InlineHook] ["c_game_unit_poleturner_update_dropoff_wood_hook"] compiled stub at 0x00007FFA480D6EF0, size: 271 bytes (target: 0x00007FFAB806B0CB).
[Info   :  SHCDE-SE] [T1-22:56:11.939] [X64InlineHook] ["c_game_unit_poleturner_update_dropoff_produce_hook"] compiled stub at 0x00007FFA480D7270, size: 275 bytes (target: 0x00007FFAB806B6C4).
[Info   :  SHCDE-SE] [T1-22:56:11.939] [X64InlineHook] ["c_game_unit_blacksmith_update_pickup_iron_hook"] compiled stub at 0x00007FFA480D7600, size: 271 bytes (target: 0x00007FFAB806C07D).
[Info   :  SHCDE-SE] [T1-22:56:11.939] [X64InlineHook] ["c_game_unit_blacksmith_update_dropoff_iron_hook"] compiled stub at 0x00007FFA480D7990, size: 271 bytes (target: 0x00007FFAB806C2EF).
[Info   :  SHCDE-SE] [T1-22:56:11.939] [X64InlineHook] ["c_game_unit_blacksmith_update_produce_hook"] compiled stub at 0x00007FFA480D7D10, size: 276 bytes (target: 0x00007FFAB806C52B).
[Info   :  SHCDE-SE] [T1-22:56:11.939] [X64InlineHook] ["c_game_unit_blacksmith_update_dropoff_produce_hook"] compiled stub at 0x00007FFA480D80A0, size: 274 bytes (target: 0x00007FFAB806C854).
[Info   :  SHCDE-SE] [T1-22:56:11.939] [X64InlineHook] ["c_game_unit_tanner_update_store_cowhides_hook"] compiled stub at 0x00007FFA480D8430, size: 274 bytes (target: 0x00007FFAB806EA53).
[Info   :  SHCDE-SE] [T1-22:56:11.939] [X64InlineHook] ["c_game_unit_tanner_update_produce_hook"] compiled stub at 0x00007FFA480D87B0, size: 273 bytes (target: 0x00007FFAB806ECEE).
[Info   :  SHCDE-SE] [T1-22:56:11.939] [X64InlineHook] ["c_game_unit_tanner_update_dropoff_cowhides_hook"] compiled stub at 0x00007FFA480D8B40, size: 177 bytes (target: 0x00007FFAB806EF88).
[Info   :  SHCDE-SE] [T1-22:56:11.939] [X64InlineHook] ["c_game_unit_armourer_update_pickup_iron_hook"] compiled stub at 0x00007FFA480D8D80, size: 271 bytes (target: 0x00007FFAB806D1D5).
[Info   :  SHCDE-SE] [T1-22:56:11.939] [X64InlineHook] ["c_game_unit_armourer_update_dropoff_iron_hook"] compiled stub at 0x00007FFA480D9110, size: 271 bytes (target: 0x00007FFAB806D457).
[Info   :  SHCDE-SE] [T1-22:56:11.939] [X64InlineHook] ["c_game_unit_armourer_update_store_produce_hook"] compiled stub at 0x00007FFA480D9490, size: 277 bytes (target: 0x00007FFAB806D619).
[Info   :  SHCDE-SE] [T1-22:56:11.939] [X64InlineHook] ["c_game_unit_armourer_update_produce_hook"] compiled stub at 0x00007FFA480D9820, size: 274 bytes (target: 0x00007FFAB806D6D3).
[Info   :  SHCDE-SE] [T1-22:56:11.940] [X64InlineHook] ["c_game_unit_armourer_update_dropoff_produce_hook"] compiled stub at 0x00007FFA480D9BB0, size: 274 bytes (target: 0x00007FFAB806DA1E).
[Info   :  SHCDE-SE] [T1-22:56:11.940] [X64InlineHook] ["c_game_unit_armourer_update_pickup_produce_hook"] compiled stub at 0x00007FFA480D9F40, size: 274 bytes (target: 0x00007FFAB806D72C).
[Info   :  SHCDE-SE] [T1-22:56:11.940] [X64InlineHook] ["c_game_unit_hunter_update_pickup_meat_hook"] compiled stub at 0x00007FFA480DA2D0, size: 273 bytes (target: 0x00007FFAB805FD7C).
[Info   :  SHCDE-SE] [T1-22:56:11.940] [X64InlineHook] ["c_game_unit_hunter_update_dropoff_meat_hook"] compiled stub at 0x00007FFA480DA660, size: 176 bytes (target: 0x00007FFAB8060B54).
[Info   :  SHCDE-SE] [T1-22:56:11.940] [X64InlineHook] ["c_game_unit_quarry_grunt_update_pickup_stone_hook"] compiled stub at 0x00007FFA480DA8A0, size: 183 bytes (target: 0x00007FFAB8061F28).
[Info   :  SHCDE-SE] [T1-22:56:11.940] [X64InlineHook] ["c_game_unit_quarry_grunt_update_dropoff_stone_hook"] compiled stub at 0x00007FFA480DAAF0, size: 275 bytes (target: 0x00007FFAB806250E).
[Info   :  SHCDE-SE] [T1-22:56:11.940] [X64InlineHook] ["c_game_unit_quarry_ox_update_depart_hook"] compiled stub at 0x00007FFA480DAE80, size: 270 bytes (target: 0x00007FFAB8062A4C).
[Info   :  SHCDE-SE] [T1-22:56:11.940] [X64InlineHook] ["c_game_unit_quarry_ox_update_dropoff_stone_hook"] compiled stub at 0x00007FFA480DB210, size: 269 bytes (target: 0x00007FFAB8062E57).
[Info   :  SHCDE-SE] [T1-22:56:11.941] [X64InlineHook] ["c_game_unit_miner2_update_pickup_iron_hook"] compiled stub at 0x00007FFA480DB590, size: 175 bytes (target: 0x00007FFAB807E028).
[Info   :  SHCDE-SE] [T1-22:56:11.941] [X64InlineHook] ["c_game_unit_miner2_update_dropoff_iron_hook"] compiled stub at 0x00007FFA480DB7D0, size: 274 bytes (target: 0x00007FFAB807DEB3).
[Info   :  SHCDE-SE] [T1-22:56:11.941] [X64InlineHook] ["c_game_unit_pitcher_update_pickup_rawpitch_hook"] compiled stub at 0x00007FFA480DBB60, size: 273 bytes (target: 0x00007FFAB80637A0).
[Info   :  SHCDE-SE] [T1-22:56:11.941] [X64InlineHook] ["c_game_unit_pitcher_update_dropoff_rawpitch_hook"] compiled stub at 0x00007FFA480DBEF0, size: 175 bytes (target: 0x00007FFAB80638EC).
[Info   :  SHCDE-SE] [T1-22:56:11.942] [X64InlineHook] ["c_game_unit_is_over_killingpit_update_hook"] compiled stub at 0x00007FFA480DC130, size: 91 bytes (target: 0x00007FFAB7FF71C5).
[Info   :  SHCDE-SE] [T1-22:56:11.942] [X64InlineHook] ["c_game_unit_transition_hook1_c_game_player_buy_mercenary"] compiled stub at 0x00007FFA480DC300, size: 198 bytes (target: 0x00007FFAB80B1CE0).
[Info   :  SHCDE-SE] [T1-22:56:11.943] [X64InlineHook] ["c_game_unit_transition_hook2_c_game_player_buy_eu_mercenary"] compiled stub at 0x00007FFA480DC590, size: 186 bytes (target: 0x00007FFAB80C0EBB).
[Info   :  SHCDE-SE] [T1-22:56:11.943] [X64InlineHook] ["c_game_unit_transition_hook3_c_game_building_assign_worker"] compiled stub at 0x00007FFA480DC810, size: 187 bytes (target: 0x00007FFAB80C0C12).
[Info   :  SHCDE-SE] [T1-22:56:11.943] [X64InlineHook] ["c_game_unit_transition_hook4_c_game_unit_disband"] compiled stub at 0x00007FFA480DCA90, size: 188 bytes (target: 0x00007FFAB80B6E7A).
[Info   :  SHCDE-SE] [T1-22:56:11.943] [X64InlineHook] ["c_game_unit_hunter_query_for_target_hook"] compiled stub at 0x00007FFA480DCCF0, size: 86 bytes (target: 0x00007FFAB80BAFE6).
[Info   :  SHCDE-SE] [T1-22:56:11.943] [X64InlineHook] ["c_game_unit_control_capability_unknown"] compiled stub at 0x00007FFA480DCEB0, size: 190 bytes (target: 0x00007FFAB7FBEA60).
[Info   :  SHCDE-SE] [T1-22:56:11.943] [X64InlineHook] ["c_game_unit_fsm_arabslave_attack_capability_wall"] compiled stub at 0x00007FFA480DD120, size: 178 bytes (target: 0x00007FFAB809A439).
[Info   :  SHCDE-SE] [T1-22:56:11.944] [X64InlineHook] ["c_game_unit_fsm_arabslave_attack_capability_wall2"] compiled stub at 0x00007FFA480DD360, size: 106 bytes (target: 0x00007FFAB809A490).
[Info   :  SHCDE-SE] [T1-22:56:11.944] [X64InlineHook] ["c_game_unit_fsm_arabslave_attack_capability_wall3"] compiled stub at 0x00007FFA480DD580, size: 103 bytes (target: 0x00007FFAB809A4AD).
[Info   :  SHCDE-SE] [T1-22:56:11.948] [X64InlineHook] ["UnitUpdateEngageRange_7FFAB806F540_7FFAB806FAA1"] compiled stub at 0x00007FFA480DD7C0, size: 173 bytes (target: 0x00007FFAB806FAA1).
[Info   :  SHCDE-SE] [T1-22:56:11.949] [X64InlineHook] ["UnitUpdateEngageRange_7FFAB806F540_7FFAB806FAD1"] compiled stub at 0x00007FFA480DDA20, size: 172 bytes (target: 0x00007FFAB806FAD1).
[Info   :  SHCDE-SE] [T1-22:56:11.949] [X64InlineHook] ["UnitUpdateEngageRange_7FFAB80A1C50_7FFAB80A1DBD"] compiled stub at 0x00007FFA480DDC80, size: 170 bytes (target: 0x00007FFAB80A1DBD).
[Info   :  SHCDE-SE] [T1-22:56:11.949] [X64InlineHook] ["UnitUpdateEngageRange_7FFAB80A1C50_7FFAB80A1EDD"] compiled stub at 0x00007FFA480DDEF0, size: 171 bytes (target: 0x00007FFAB80A1EDD).
[Info   :  SHCDE-SE] [T1-22:56:11.949] [X64InlineHook] ["UnitUpdateEngageRange_7FFAB8097D40_7FFAB8097F93"] compiled stub at 0x00007FFA480DE150, size: 173 bytes (target: 0x00007FFAB8097F93).
[Info   :  SHCDE-SE] [T1-22:56:11.949] [X64InlineHook] ["UnitUpdateEngageRange_7FFAB8097D40_7FFAB8097FC3"] compiled stub at 0x00007FFA480DE3B0, size: 172 bytes (target: 0x00007FFAB8097FC3).
[Info   :  SHCDE-SE] [T1-22:56:11.949] [X64InlineHook] ["UnitUpdateEngageRange_7FFAB8091CB0_7FFAB8091E3D"] compiled stub at 0x00007FFA480DE610, size: 171 bytes (target: 0x00007FFAB8091E3D).
[Info   :  SHCDE-SE] [T1-22:56:11.949] [X64InlineHook] ["UnitUpdateEngageRange_7FFAB809B220_7FFAB809B3DE"] compiled stub at 0x00007FFA480DE870, size: 172 bytes (target: 0x00007FFAB809B3DE).
[Info   :  SHCDE-SE] [T1-22:56:11.949] [X64InlineHook] ["UnitUpdateEngageRange_7FFAB80AA590_7FFAB80AA6F3"] compiled stub at 0x00007FFA480DEAD0, size: 170 bytes (target: 0x00007FFAB80AA6F3).
[Info   :  SHCDE-SE] [T1-22:56:11.949] [X64InlineHook] ["UnitUpdateEngageRange_7FFAB80AA590_7FFAB80AA801"] compiled stub at 0x00007FFA480DED40, size: 170 bytes (target: 0x00007FFAB80AA801).
[Info   :  SHCDE-SE] [T1-22:56:11.949] [X64InlineHook] ["UnitUpdateEngageRange_7FFAB80A8350_7FFAB80A8856"] compiled stub at 0x00007FFA480DEFB0, size: 173 bytes (target: 0x00007FFAB80A8856).
[Info   :  SHCDE-SE] [T1-22:56:11.949] [X64InlineHook] ["UnitUpdateEngageRange_7FFAB80A8350_7FFAB80A8886"] compiled stub at 0x00007FFA480DF210, size: 172 bytes (target: 0x00007FFAB80A8886).
[Info   :  SHCDE-SE] [T1-22:56:11.949] [X64InlineHook] ["UnitUpdateEngageRange_7FFAB8071DA0_7FFAB8071F47"] compiled stub at 0x00007FFA480DF470, size: 170 bytes (target: 0x00007FFAB8071F47).
[Info   :  SHCDE-SE] [T1-22:56:11.949] [X64InlineHook] ["UnitUpdateEngageRange_7FFAB8071DA0_7FFAB807203F"] compiled stub at 0x00007FFA480DF6D0, size: 170 bytes (target: 0x00007FFAB807203F).
[Info   :  SHCDE-SE] [T1-22:56:11.949] [X64InlineHook] ["UnitUpdateEngageRange_7FFAB80A0570_7FFAB80A0733"] compiled stub at 0x00007FFA480DF940, size: 170 bytes (target: 0x00007FFAB80A0733).
[Info   :  SHCDE-SE] [T1-22:56:11.949] [X64InlineHook] ["UnitUpdateEngageRange_7FFAB809E440_7FFAB809E62C"] compiled stub at 0x00007FFA480DFBA0, size: 170 bytes (target: 0x00007FFAB809E62C).
[Info   :  SHCDE-SE] [T1-22:56:11.949] [X64InlineHook] ["UnitUpdateEngageRange_7FFAB809E440_7FFAB809E73F"] compiled stub at 0x00007FFA480A0000, size: 168 bytes (target: 0x00007FFAB809E73F).
[Info   :  SHCDE-SE] [T1-22:56:11.949] [X64InlineHook] ["c_game_unit_control_capability_interactrange_hook"] compiled stub at 0x00007FFA480A0270, size: 120 bytes (target: 0x00007FFAB7FBD769).
[Info   :  SHCDE-SE] [T1-22:56:11.950] [Detour:c_game_build_wall_hook] ["c_game_build_wall_hook"] prepared at 0x00007FFAB7F9F230 using Indirect: 10 bytes displaced, trampoline 0x00007FFA480A0410.
[Info   :  SHCDE-SE] [T1-22:56:11.950] [Detour:c_game_buildingtile_take_melee_damage_hook] ["c_game_buildingtile_take_melee_damage_hook"] prepared at 0x00007FFAB7FAEB00 using Indirect: 10 bytes displaced, trampoline 0x00007FFA480A0450.
[Info   :  SHCDE-SE] [T1-22:56:11.950] [Detour:c_game_building_spawn_hook] ["c_game_building_spawn_hook"] prepared at 0x00007FFAB7FE47E0 using Indirect: 10 bytes displaced, trampoline 0x00007FFA480A0490.
[Info   :  SHCDE-SE] [T1-22:56:11.950] [Detour:c_game_is_player_building_within_range_to_same_type_hook] ["c_game_is_player_building_within_range_to_same_type_hook"] prepared at 0x00007FFAB7FF72C0 using Indirect: 10 bytes displaced, trampoline 0x00007FFA480A04D0.
[Info   :  SHCDE-SE] [T1-22:56:11.950] [Detour:c_game_player_build_structure_hook] ["c_game_player_build_structure_hook"] prepared at 0x00007FFAB7F9D580 using Indirect: 6 bytes displaced, trampoline 0x00007FFA480A0510.
[Info   :  SHCDE-SE] [T1-22:56:11.950] [Detour:c_game_building_bulldoze_hook] ["c_game_building_bulldoze_hook"] prepared at 0x00007FFAB7FE8310 using Indirect: 10 bytes displaced, trampoline 0x00007FFA480A0550.
[Info   :  SHCDE-SE] [T1-22:56:11.951] [Detour:c_game_building_delete_hook] ["c_game_building_delete_hook"] prepared at 0x00007FFAB7FF4290 using Indirect: 10 bytes displaced, trampoline 0x00007FFA480A0590.
[Info   :  SHCDE-SE] [T1-22:56:11.951] [Detour:c_game_add_good_to_goodsyard_hook] ["c_game_add_good_to_goodsyard_hook"] prepared at 0x00007FFAB7FE6100 using Indirect: 10 bytes displaced, trampoline 0x00007FFA480A05D0.
[Info   :  SHCDE-SE] [T1-22:56:11.951] [Detour:c_game_building_set_production_good_hook] ["c_game_building_set_production_good_hook"] prepared at 0x00007FFAB8005870 using Indirect: 6 bytes displaced, trampoline 0x00007FFA480A0610.
[Info   :  SHCDE-SE] [T1-22:56:11.952] [Detour:c_game_player_build_placement_validator_hook] ["c_game_player_build_placement_validator_hook"] prepared at 0x00007FFAB7FA7E60 using Indirect: 6 bytes displaced, trampoline 0x00007FFA480A0650.
[Info   :  SHCDE-SE] [T1-22:56:11.953] [Detour:c_game_bulldoze_wall_hook] ["c_game_bulldoze_wall_hook"] prepared at 0x00007FFAB7F93700 using Indirect: 10 bytes displaced, trampoline 0x00007FFA480A0690.
[Info   :  SHCDE-SE] [T1-22:56:11.953] [Detour:c_game_building_repair_hook] ["c_game_building_repair_hook"] prepared at 0x00007FFAB8005030 using Indirect: 10 bytes displaced, trampoline 0x00007FFA480A06D0.
[Info   :  SHCDE-SE] [T1-22:56:11.953] [Detour:c_game_building_refund_hook] ["c_game_building_refund_hook"] prepared at 0x00007FFAB7FF4480 using Indirect: 9 bytes displaced, trampoline 0x00007FFA480A0710.
[Info   :  SHCDE-SE] [T1-22:56:11.953] [Detour:c_game_allow_repair_for_building_proximity_hook] ["c_game_allow_repair_for_building_proximity_hook"] prepared at 0x00007FFAB801E640 using Indirect: 10 bytes displaced, trampoline 0x00007FFA480A0750.
[Info   :  SHCDE-SE] [T1-22:56:11.954] [Detour:c_game_player_build_pitch_ditch_hook] ["c_game_player_build_pitch_ditch_hook"] prepared at 0x00007FFAB7F89380 using Indirect: 10 bytes displaced, trampoline 0x00007FFA480A0790.
[Info   :  SHCDE-SE] [T1-22:56:11.954] [Detour:c_game_player_remove_pitch_ditch_hook] ["c_game_player_remove_pitch_ditch_hook"] prepared at 0x00007FFAB7F92EB0 using Indirect: 6 bytes displaced, trampoline 0x00007FFA480A07D0.
[Info   :  SHCDE-SE] [T1-22:56:11.954] [Detour:c_game_get_buildable_range_for_skirmish] ["c_game_get_buildable_range_for_skirmish"] prepared at 0x00007FFAB7F9AF00 using Indirect: 6 bytes displaced, trampoline 0x00007FFA480A0810.
[Info   :  SHCDE-SE] [T1-22:56:11.955] [X64InlineHook] ["c_game_building_keep_spawn_peasant_hook"] compiled stub at 0x00007FFA480A0850, size: 48 bytes (target: 0x00007FFAB8002E31).
[Info   :  SHCDE-SE] [T1-22:56:11.955] [X64InlineHook] ["c_game_building_granary_spawn_chicken_hook"] compiled stub at 0x00007FFA480A0900, size: 167 bytes (target: 0x00007FFAB8002B4C).
[Info   :  SHCDE-SE] [T1-22:56:11.955] [X64InlineHook] ["c_game_building_calculate_wall_cost_hook"] compiled stub at 0x00007FFA480A0B50, size: 166 bytes (target: 0x00007FFAB7FF8D1C).
[Info   :  SHCDE-SE] [T1-22:56:11.956] [X64InlineHook] ["c_game_building_calculate_wall_cost_placement_hook"] compiled stub at 0x00007FFA480A0EF0, size: 205 bytes (target: 0x00007FFAB7FC41AB).
[Info   :  SHCDE-SE] [T1-22:56:11.956] [X64InlineHook] ["c_game_building_take_fire_damage_hook"] compiled stub at 0x00007FFA480A1330, size: 99 bytes (target: 0x00007FFAB7FF6599).
[Info   :  SHCDE-SE] [T1-22:56:11.956] [X64InlineHook] ["c_game_building_toggle_pause_hook"] compiled stub at 0x00007FFA480A1530, size: 166 bytes (target: 0x00007FFAB7FF7F13).
[Info   :  SHCDE-SE] [T1-22:56:11.956] [X64InlineHook] ["c_game_building_refund_intercept_hook"] compiled stub at 0x00007FFA480A1750, size: 201 bytes (target: 0x00007FFAB7FF487A).
[Info   :  SHCDE-SE] [T1-22:56:11.957] [X64InlineHook] ["c_game_building_set_repair_costs_stone_hook"] compiled stub at 0x00007FFA480A19F0, size: 100 bytes (target: 0x00007FFAB7FE7031).
[Info   :  SHCDE-SE] [T1-22:56:11.957] [X64InlineHook] ["c_game_building_set_repair_costs_wood_hook"] compiled stub at 0x00007FFA480A1C30, size: 98 bytes (target: 0x00007FFAB7FE6FFD).
[Info   :  SHCDE-SE] [T1-22:56:11.957] [X64InlineHook] ["c_game_building_gatehouse_query_hook"] compiled stub at 0x00007FFA480A1E40, size: 81 bytes (target: 0x00007FFAB7FE7B4B).
[Info   :  SHCDE-SE] [T1-22:56:11.957] [Detour:c_game_spawn_vegetation] ["c_game_spawn_vegetation"] prepared at 0x00007FFAB8037390 using Indirect: 6 bytes displaced, trampoline 0x00007FFA480A2030.
[Info   :  SHCDE-SE] [T1-22:56:11.958] [Detour:c_game_vegetation_delete] ["c_game_vegetation_delete"] prepared at 0x00007FFAB8037970 using Indirect: 6 bytes displaced, trampoline 0x00007FFA480A2070.
[Info   :  SHCDE-SE] [T1-22:56:11.958] [Detour:c_game_vegetation_tree_take_damage] ["c_game_vegetation_tree_take_damage"] prepared at 0x00007FFAB8037C90 using Indirect: 7 bytes displaced, trampoline 0x00007FFA480A20B0.
[Info   :  SHCDE-SE] [T1-22:56:11.958] [Detour:c_game_vegetation_subtract_resource] ["c_game_vegetation_subtract_resource"] prepared at 0x00007FFAB8038E40 using Indirect: 10 bytes displaced, trampoline 0x00007FFA480A20F0.
[Info   :  SHCDE-SE] [T1-22:56:11.958] [Detour:c_game_vegetation_tick_handler] ["c_game_vegetation_tick_handler"] prepared at 0x00007FFAB8038800 using Indirect: 6 bytes displaced, trampoline 0x00007FFA480A2130.
[Info   :  SHCDE-SE] [T1-22:56:11.959] [Detour:c_game_vegetation_growth_handler] ["c_game_vegetation_growth_handler"] prepared at 0x00007FFAB8038320 using Indirect: 6 bytes displaced, trampoline 0x00007FFA480A2170.
[Info   :  SHCDE-SE] [T1-22:56:11.959] [X64InlineHook] ["c_game_vegetation_growth_hook"] compiled stub at 0x00007FFA480A21B0, size: 176 bytes (target: 0x00007FFAB8038518).
[Info   :  SHCDE-SE] [T1-22:56:11.959] [X64InlineHook] ["c_game_vegetation_tree_fell_hook"] compiled stub at 0x00007FFA480A2400, size: 165 bytes (target: 0x00007FFAB8037CC9).
[Info   :  SHCDE-SE] [T1-22:56:11.961] [Detour:c_game_dll_loadmaptoplay_hook] ["c_game_dll_loadmaptoplay_hook"] prepared at 0x00007FFAB7FB4AC0 using Indirect: 7 bytes displaced, trampoline 0x00007FFA480A2620.
[Info   :  SHCDE-SE] [T1-22:56:11.961] [Detour:c_game_unload_map_hook] ["c_game_unload_map_hook"] prepared at 0x00007FFAB7F8BC70 using Indirect: 10 bytes displaced, trampoline 0x00007FFA480A2660.
[Info   :  SHCDE-SE] [T1-22:56:11.961] [Detour:c_game_start_skirmish_game_handler] ["c_game_start_skirmish_game_handler"] prepared at 0x00007FFAB7FC4350 using Indirect: 7 bytes displaced, trampoline 0x00007FFA480A26A0.
[Info   :  SHCDE-SE] [T1-22:56:11.961] [Detour:c_game_start_non_skirmish_game_handler] ["c_game_start_non_skirmish_game_handler"] prepared at 0x00007FFAB7FBAE80 using Indirect: 6 bytes displaced, trampoline 0x00007FFA480A26E0.
[Info   :  SHCDE-SE] [T1-22:56:11.961] [Detour:c_game_start_campaign_game_handler] ["c_game_start_campaign_game_handler"] prepared at 0x00007FFAB7FB7C40 using Indirect: 10 bytes displaced, trampoline 0x00007FFA480A2720.
[Info   :  SHCDE-SE] [T1-22:56:11.961] [Detour:c_game_dll_loadsavegame_hook] ["c_game_dll_loadsavegame_hook"] prepared at 0x00007FFAB7FB53F0 using Indirect: 7 bytes displaced, trampoline 0x00007FFA480A2760.
[Info   :  SHCDE-SE] [T1-22:56:11.962] [Detour:c_game_dll_savesavegame_hook] ["c_game_dll_savesavegame_hook"] prepared at 0x00007FFAB7FB6F80 using Indirect: 6 bytes displaced, trampoline 0x00007FFA480A27A0.
[Info   :  SHCDE-SE] [T1-22:56:11.962] [X64InlineHook] ["c_game_save_game_file"] compiled stub at 0x00007FFA480A27E0, size: 177 bytes (target: 0x00007FFAB7F35A4C).
[Info   :  SHCDE-SE] [T1-22:56:11.962] [Detour:c_game_projectile_spawn_hook] ["c_game_projectile_spawn_hook"] prepared at 0x00007FFAB7FCB2B0 using Indirect: 10 bytes displaced, trampoline 0x00007FFA480A2A40.
[Info   :  SHCDE-SE] [T1-22:56:11.962] [Detour:c_game_projectile_delete_hook] ["c_game_projectile_delete_hook"] prepared at 0x00007FFAB7FCF2D0 using Indirect: 6 bytes displaced, trampoline 0x00007FFA480A2A80.
[Info   :  SHCDE-SE] [T1-22:56:11.962] [Detour:c_game_spawn_fire_internal_hook] ["c_game_spawn_fire_internal_hook"] prepared at 0x00007FFAB7FCC120 using Indirect: 6 bytes displaced, trampoline 0x00007FFA480A2AC0.
[Info   :  SHCDE-SE] [T1-22:56:11.962] [X64InlineHook] ["c_game_unit_try_select_and_prepare_ranged_attack_target_hook"] compiled stub at 0x00007FFA480DFE10, size: 104 bytes (target: 0x00007FFAB80BEB20).
[Info   :  SHCDE-SE] [T1-22:56:11.963] [X64InlineHook] ["c_game_unit_has_ammo_and_target_within_ranged_attack_distance_hook2"] compiled stub at 0x00007FFA480E0000, size: 35 bytes (target: 0x00007FFAB80CB64E).
[Info   :  SHCDE-SE] [T1-22:56:11.963] [X64InlineHook] ["c_game_unit_has_ammo_and_target_within_ranged_attack_distance_hook"] compiled stub at 0x00007FFA480E0090, size: 79 bytes (target: 0x00007FFAB80CB786).
[Info   :  SHCDE-SE] [T1-22:56:11.963] [X64InlineHook] ["c_game_projectile_init_hook"] compiled stub at 0x00007FFA480E01D0, size: 208 bytes (target: 0x00007FFAB7FD1E0C).
[Info   :  SHCDE-SE] [T1-22:56:11.964] [Detour:c_game_player_subtract_resources_hook] ["c_game_player_subtract_resources_hook"] prepared at 0x00007FFAB7FE7D80 using Indirect: 9 bytes displaced, trampoline 0x00007FFA480E04D0.
[Info   :  SHCDE-SE] [T1-22:56:11.964] [Detour:c_game_player_add_resources_hook] ["c_game_player_add_resources_hook"] prepared at 0x00007FFAB7FE58B0 using Indirect: 9 bytes displaced, trampoline 0x00007FFA480E0510.
[Info   :  SHCDE-SE] [T1-22:56:11.964] [Detour:c_game_player_market_buy_hook] ["c_game_player_market_buy_hook"] prepared at 0x00007FFAB8005A00 using Indirect: 10 bytes displaced, trampoline 0x00007FFA480E0550.
[Info   :  SHCDE-SE] [T1-22:56:11.964] [Detour:c_game_player_calculate_drunk_percentage_hook] ["c_game_player_calculate_drunk_percentage_hook"] prepared at 0x00007FFAB7FFEA90 using Indirect: 10 bytes displaced, trampoline 0x00007FFA480E0590.
[Info   :  SHCDE-SE] [T1-22:56:11.964] [Detour:c_game_ai_request_eval_defend_order_hook] ["c_game_ai_request_eval_defend_order_hook"] prepared at 0x00007FFAB7F5A500 using Indirect: 7 bytes displaced, trampoline 0x00007FFA480E05D0.
[Info   :  SHCDE-SE] [T1-22:56:11.964] [Detour:c_game_ai_request_eval_attack_order_hook] ["c_game_ai_request_eval_attack_order_hook"] prepared at 0x00007FFAB7F71500 using Indirect: 7 bytes displaced, trampoline 0x00007FFA480E0610.
[Info   :  SHCDE-SE] [T1-22:56:11.964] [Detour:c_game_ai_can_spare_resource_amount_hook] ["c_game_ai_can_spare_resource_amount_hook"] prepared at 0x00007FFAB7F60290 using Indirect: 10 bytes displaced, trampoline 0x00007FFA480E0650.
[Info   :  SHCDE-SE] [T1-22:56:11.965] [Detour:c_game_player_ai_request_good_hook] ["c_game_player_ai_request_good_hook"] prepared at 0x00007FFAB80078C0 using Indirect: 10 bytes displaced, trampoline 0x00007FFA480E0690.
[Info   :  SHCDE-SE] [T1-22:56:11.965] [Detour:c_game_player_ai_send_good_hook] ["c_game_player_ai_send_good_hook"] prepared at 0x00007FFAB8007AD0 using Indirect: 9 bytes displaced, trampoline 0x00007FFA480E06D0.
[Info   :  SHCDE-SE] [T1-22:56:11.965] [Detour:c_game_calculate_tax_income_hook] ["c_game_calculate_tax_income_hook"] prepared at 0x00007FFAB7FFBCD0 using Indirect: 8 bytes displaced, trampoline 0x00007FFA480E0710.
[Info   :  SHCDE-SE] [T1-22:56:11.965] [Detour:c_game_calculate_donation_expense_hook] ["c_game_calculate_donation_expense_hook"] prepared at 0x00007FFAB7FFB9A0 using Indirect: 10 bytes displaced, trampoline 0x00007FFA480E0750.
[Info   :  SHCDE-SE] [T1-22:56:11.965] [X64InlineHook] ["c_game_player_food_consumption_update_baseconsumptionrate"] compiled stub at 0x00007FFA480E0790, size: 167 bytes (target: 0x00007FFAB7FFEC8E).
[Info   :  SHCDE-SE] [T1-22:56:11.965] [X64InlineHook] ["c_game_add_tax_money_addgold"] compiled stub at 0x00007FFA480E09C0, size: 176 bytes (target: 0x00007FFAB7FFCC82).
[Info   :  SHCDE-SE] [T1-22:56:11.965] [X64InlineHook] ["c_game_add_tax_money_removegold"] compiled stub at 0x00007FFA480E0C10, size: 179 bytes (target: 0x00007FFAB7FFCC91).
[Info   :  SHCDE-SE] [T1-22:56:11.965] [X64InlineHook] ["c_game_update_player_popularity"] compiled stub at 0x00007FFA480E0E60, size: 171 bytes (target: 0x00007FFAB7FFB16E).
[Info   :  SHCDE-SE] [T1-22:56:11.966] [Detour:c_game_soundmanager_play_speech_sound_hook] ["c_game_soundmanager_play_speech_sound_hook"] prepared at 0x00007FFAB7F339A0 using Indirect: 6 bytes displaced, trampoline 0x00007FFA480E10A0.
[Info   :  SHCDE-SE] [T1-22:56:11.966] [Detour:c_game_update_datetime_hook] ["c_game_update_datetime_hook"] prepared at 0x00007FFAB7FFE330 using Indirect: 6 bytes displaced, trampoline 0x00007FFA480E10E0.
[Info   :  SHCDE-SE] [T1-22:56:11.966] [X64InlineHook] ["c_game_handle_time_stuff"] compiled stub at 0x00007FFA480E1120, size: 169 bytes (target: 0x00007FFAB8001D4F).
[Info   :  SHCDE-SE] [T1-22:56:11.966] [Detour:c_game_editor_brush_set_tiletype_hook] ["c_game_editor_brush_set_tiletype_hook"] prepared at 0x00007FFAB7F9FE90 using Indirect: 10 bytes displaced, trampoline 0x00007FFA480E1350.
[Info   :  SHCDE-SE] [T1-22:56:11.966] [Detour:c_game_editor_brush_set_tiletype_to_none_hook] ["c_game_editor_brush_set_tiletype_to_none_hook"] prepared at 0x00007FFAB7FAAE50 using Indirect: 7 bytes displaced, trampoline 0x00007FFA480E1390.
[Info   :  SHCDE-SE] [T1-22:56:11.966] [Detour:c_game_editor_brush_set_height_to_preset_hook] ["c_game_editor_brush_set_height_to_preset_hook"] prepared at 0x00007FFAB7F9FA10 using Indirect: 7 bytes displaced, trampoline 0x00007FFA480E13D0.
[Info   :  SHCDE-SE] [T1-22:56:11.966] [Detour:c_game_editor_brush_set_height_to_number_hook] ["c_game_editor_brush_set_height_to_number_hook"] prepared at 0x00007FFAB7FA0DF0 using Indirect: 7 bytes displaced, trampoline 0x00007FFA480E1410.
[Info   :  SHCDE-SE] [T1-22:56:11.967] [Detour:c_game_editor_brush_even_height_hook] ["c_game_editor_brush_even_height_hook"] prepared at 0x00007FFAB7F94700 using Indirect: 7 bytes displaced, trampoline 0x00007FFA480E1450.
[Info   :  SHCDE-SE] [T1-22:56:11.967] [Detour:c_game_editor_brush_raise_tileheight_hook] ["c_game_editor_brush_raise_tileheight_hook"] prepared at 0x00007FFAB7F9C0F0 using Indirect: 7 bytes displaced, trampoline 0x00007FFA480E1490.
[Info   :  SHCDE-SE] [T1-22:56:11.967] [Detour:c_game_editor_spawn_unit_hook] ["c_game_editor_spawn_unit_hook"] prepared at 0x00007FFAB8048CA0 using Indirect: 10 bytes displaced, trampoline 0x00007FFA480E14D0.
[Info   :  SHCDE-SE] [T1-22:56:11.967] [Detour:c_game_editor_place_vegetation_hook] ["c_game_editor_place_vegetation_hook"] prepared at 0x00007FFAB7F9E2C0 using Indirect: 7 bytes displaced, trampoline 0x00007FFA480E1510.
[Info   :  SHCDE-SE] [T1-22:56:11.967] [Detour:c_game_editor_place_animal_hook] ["c_game_editor_place_animal_hook"] prepared at 0x00007FFAB804E150 using Indirect: 10 bytes displaced, trampoline 0x00007FFA480E1550.
[Info   :  SHCDE-SE] [T1-22:56:11.967] [Detour:c_game_editor_brush_delete_hook] ["c_game_editor_brush_delete_hook"] prepared at 0x00007FFAB7F92AB0 using Indirect: 7 bytes displaced, trampoline 0x00007FFA480E1590.
[Info   :  SHCDE-SE] [T1-22:56:11.968] [Detour:c_game_ai_enqueue_message_hook] ["c_game_ai_enqueue_message_hook"] prepared at 0x00007FFAB8033290 using Indirect: 9 bytes displaced, trampoline 0x00007FFA480E15D0.
[Info   :  SHCDE-SE] [T1-22:56:11.968] [Detour:c_game_ai_enqueue_message_wrapper_hook] ["c_game_ai_enqueue_message_wrapper_hook"] prepared at 0x00007FFAB8033AA0 using Indirect: 7 bytes displaced, trampoline 0x00007FFA480E1610.
[Info   :  SHCDE-SE] [T1-22:56:11.968] [Detour:c_game_dll_importaiv_hook] ["c_game_dll_importaiv_hook"] prepared at 0x00007FFAB7FB4850 using Indirect: 10 bytes displaced, trampoline 0x00007FFA480E1650.
[Info   :  SHCDE-SE] [T1-22:56:11.968] [Detour:c_game_ai_build_wall_hook] ["c_game_ai_build_wall_hook"] prepared at 0x00007FFAB7F9CB20 using Indirect: 10 bytes displaced, trampoline 0x00007FFA480E1690.
[Info   :  SHCDE-SE] [T1-22:56:11.968] [X64InlineHook] ["c_game_ai_setup_siege_pathing_stuff_hook"] compiled stub at 0x00007FFA480E16D0, size: 166 bytes (target: 0x00007FFAB7F5D345).
[Info   :  SHCDE-SE] [T1-22:56:11.968] [Detour:c_game_ai_should_not_build_hovel_hook_impl] ["c_game_ai_should_not_build_hovel_hook_impl"] prepared at 0x00007FFAB7F714A0 using Indirect: 6 bytes displaced, trampoline 0x00007FFA480E1900.
[Info   :  SHCDE-SE] [T1-22:56:11.969] [Detour:c_game_unit_validate_next_tile_surface_for_type_hook] ["c_game_unit_validate_next_tile_surface_for_type_hook"] prepared at 0x00007FFAB800CD60 using Indirect: 10 bytes displaced, trampoline 0x00007FFA480E1940.
[Info   :  SHCDE-SE] [T1-22:56:11.969] [Detour:c_game_unit_selection_contains_only_assassins_hook] ["c_game_unit_selection_contains_only_assassins_hook"] prepared at 0x00007FFAB80C6870 using Indirect: 7 bytes displaced, trampoline 0x00007FFA480E1980.
[Info   :  SHCDE-SE] [T1-22:56:11.969] [X64InlineHook] ["c_game_veh_handler_for_access_violations"] compiled stub at 0x00007FFA480E19C0, size: 17 bytes (target: 0x00007FFAB80D49F0).
[Info   :  SHCDE-SE] [T1-22:56:11.971] [X64InlineHook] ["c_game_tribe_get_next_waypoint"] hook enabled at 0x00007FFAB804ACE6, stub 0x00007FFA48060040.
[Info   :  SHCDE-SE] [T1-22:56:11.971] [X64InlineHook] ["c_game_unit_killed_by_projectile_hook"] hook enabled at 0x00007FFAB80C3363, stub 0x00007FFA480D0200.
[Info   :  SHCDE-SE] [T1-22:56:11.971] [X64InlineHook] ["c_game_unit_killed_by_melee_hook"] hook enabled at 0x00007FFAB80C9444, stub 0x00007FFA480D0580.
[Info   :  SHCDE-SE] [T1-22:56:11.971] [X64InlineHook] ["c_game_unit_damaged_by_projectile_hook"] hook enabled at 0x00007FFAB80C307E, stub 0x00007FFA480D0900.
[Info   :  SHCDE-SE] [T1-22:56:11.971] [X64InlineHook] ["c_game_player_buy_mercenary_hook"] hook enabled at 0x00007FFAB80B1B6E, stub 0x00007FFA480D0B50.
[Info   :  SHCDE-SE] [T1-22:56:11.971] [X64InlineHook] ["c_game_unit_take_fire_damage"] hook enabled at 0x00007FFAB80C24B0, stub 0x00007FFA480D0D90.
[Info   :  SHCDE-SE] [T1-22:56:11.971] [X64InlineHook] ["c_game_unit_bedouin_healer_heal_hook"] hook enabled at 0x00007FFAB80A491A, stub 0x00007FFA480D1140.
[Info   :  SHCDE-SE] [T1-22:56:11.971] [X64InlineHook] ["c_game_unit_woodcutter_update_pickup_planks_hook"] hook enabled at 0x00007FFAB805C8D6, stub 0x00007FFA480D1360.
[Info   :  SHCDE-SE] [T1-22:56:11.971] [X64InlineHook] ["c_game_unit_woodcutter_update_dropoff_planks_hook"] hook enabled at 0x00007FFAB805CA3B, stub 0x00007FFA480D16E0.
[Info   :  SHCDE-SE] [T1-22:56:11.971] [X64InlineHook] ["c_game_unit_farmer_cattle_update_pickup_cheese_hook"] hook enabled at 0x00007FFAB8067255, stub 0x00007FFA480D1A60.
[Info   :  SHCDE-SE] [T1-22:56:11.971] [X64InlineHook] ["c_game_unit_farmer_cattle_update_dropoff_cheese_hook"] hook enabled at 0x00007FFAB80673D6, stub 0x00007FFA480D1DE0.
[Info   :  SHCDE-SE] [T1-22:56:11.971] [X64InlineHook] ["c_game_unit_farmer_apple_update_pickup_apple_hook"] hook enabled at 0x00007FFAB806640E, stub 0x00007FFA480D2160.
[Info   :  SHCDE-SE] [T1-22:56:11.971] [X64InlineHook] ["c_game_unit_farmer_apple_update_dropoff_apple_hook"] hook enabled at 0x00007FFAB8066901, stub 0x00007FFA480D24F0.
[Info   :  SHCDE-SE] [T1-22:56:11.971] [X64InlineHook] ["c_game_unit_farmer_hemp_update_pickup_hemp_hook"] hook enabled at 0x00007FFAB8065846, stub 0x00007FFA480D2870.
[Info   :  SHCDE-SE] [T1-22:56:11.971] [X64InlineHook] ["c_game_unit_farmer_hemp_update_dropoff_hemp_hook"] hook enabled at 0x00007FFAB80659AF, stub 0x00007FFA480D2C00.
[Info   :  SHCDE-SE] [T1-22:56:11.971] [X64InlineHook] ["c_game_unit_baker_update_pickup_flour_hook"] hook enabled at 0x00007FFAB8068DD1, stub 0x00007FFA480D2F80.
[Info   :  SHCDE-SE] [T1-22:56:11.971] [X64InlineHook] ["c_game_unit_baker_update_pickup_bread_hook"] hook enabled at 0x00007FFAB80690C0, stub 0x00007FFA480D3310.
[Info   :  SHCDE-SE] [T1-22:56:11.971] [X64InlineHook] ["c_game_unit_baker_update_dropoff_bread_hook"] hook enabled at 0x00007FFAB80693D3, stub 0x00007FFA480D3560.
[Info   :  SHCDE-SE] [T1-22:56:11.971] [X64InlineHook] ["c_game_unit_farmer_wheat_update_pickup_wheat_hook"] hook enabled at 0x00007FFAB80648B5, stub 0x00007FFA480D38E0.
[Info   :  SHCDE-SE] [T1-22:56:11.971] [X64InlineHook] ["c_game_unit_farmer_wheat_update_dropoff_wheat_hook"] hook enabled at 0x00007FFAB8064A4C, stub 0x00007FFA480D3C70.
[Info   :  SHCDE-SE] [T1-22:56:11.971] [X64InlineHook] ["c_game_unit_miller_update_pickup_wheat_hook"] hook enabled at 0x00007FFAB8067CF6, stub 0x00007FFA480D3FF0.
[Info   :  SHCDE-SE] [T1-22:56:11.971] [X64InlineHook] ["c_game_unit_miller_update_dropoff_flour_hook"] hook enabled at 0x00007FFAB806824F, stub 0x00007FFA480D4370.
[Info   :  SHCDE-SE] [T1-22:56:11.971] [X64InlineHook] ["c_game_unit_miller_update_pickup_flour_hook"] hook enabled at 0x00007FFAB8068134, stub 0x00007FFA480D4700.
[Info   :  SHCDE-SE] [T1-22:56:11.971] [X64InlineHook] ["c_game_unit_brewer_update_pickup_hemp_hook"] hook enabled at 0x00007FFAB8069D0D, stub 0x00007FFA480D4A80.
[Info   :  SHCDE-SE] [T1-22:56:11.971] [X64InlineHook] ["c_game_unit_brewer_update_dropoff_hemp_hook"] hook enabled at 0x00007FFAB8069F61, stub 0x00007FFA480D4E10.
[Info   :  SHCDE-SE] [T1-22:56:11.971] [X64InlineHook] ["c_game_unit_brewer_update_pickup_ale_hook"] hook enabled at 0x00007FFAB806A286, stub 0x00007FFA480D5190.
[Info   :  SHCDE-SE] [T1-22:56:11.971] [X64InlineHook] ["c_game_unit_brewer_update_dropoff_ale_hook"] hook enabled at 0x00007FFAB806A52B, stub 0x00007FFA480D53F0.
[Info   :  SHCDE-SE] [T1-22:56:11.971] [X64InlineHook] ["c_game_unit_brewer_update_produced_ale_hook"] hook enabled at 0x00007FFAB806A115, stub 0x00007FFA480D5630.
[Info   :  SHCDE-SE] [T1-22:56:11.971] [X64InlineHook] ["c_game_unit_innkeeper_update_pickup_ale_hook"] hook enabled at 0x00007FFAB8080931, stub 0x00007FFA480D59C0.
[Info   :  SHCDE-SE] [T1-22:56:11.972] [X64InlineHook] ["c_game_unit_innkeeper_update_dropoff_ale_hook"] hook enabled at 0x00007FFAB8080B90, stub 0x00007FFA480D5D50.
[Info   :  SHCDE-SE] [T1-22:56:11.972] [X64InlineHook] ["c_game_unit_fletcher_update_pickup_wood_hook"] hook enabled at 0x00007FFAB805D4E6, stub 0x00007FFA480D60D0.
[Info   :  SHCDE-SE] [T1-22:56:11.972] [X64InlineHook] ["c_game_unit_fletcher_update_dropoff_wood_hook"] hook enabled at 0x00007FFAB805D70B, stub 0x00007FFA480D6460.
[Info   :  SHCDE-SE] [T1-22:56:11.972] [X64InlineHook] ["c_game_unit_fletcher_update_dropoff_produce_hook"] hook enabled at 0x00007FFAB805DD2D, stub 0x00007FFA480D67E0.
[Info   :  SHCDE-SE] [T1-22:56:11.972] [X64InlineHook] ["c_game_unit_poleturner_update_pickup_wood_hook"] hook enabled at 0x00007FFAB806AE95, stub 0x00007FFA480D6B60.
[Info   :  SHCDE-SE] [T1-22:56:11.972] [X64InlineHook] ["c_game_unit_poleturner_update_dropoff_wood_hook"] hook enabled at 0x00007FFAB806B0CB, stub 0x00007FFA480D6EF0.
[Info   :  SHCDE-SE] [T1-22:56:11.972] [X64InlineHook] ["c_game_unit_poleturner_update_dropoff_produce_hook"] hook enabled at 0x00007FFAB806B6C4, stub 0x00007FFA480D7270.
[Info   :  SHCDE-SE] [T1-22:56:11.972] [X64InlineHook] ["c_game_unit_blacksmith_update_pickup_iron_hook"] hook enabled at 0x00007FFAB806C07D, stub 0x00007FFA480D7600.
[Info   :  SHCDE-SE] [T1-22:56:11.972] [X64InlineHook] ["c_game_unit_blacksmith_update_dropoff_iron_hook"] hook enabled at 0x00007FFAB806C2EF, stub 0x00007FFA480D7990.
[Info   :  SHCDE-SE] [T1-22:56:11.972] [X64InlineHook] ["c_game_unit_blacksmith_update_produce_hook"] hook enabled at 0x00007FFAB806C52B, stub 0x00007FFA480D7D10.
[Info   :  SHCDE-SE] [T1-22:56:11.972] [X64InlineHook] ["c_game_unit_blacksmith_update_dropoff_produce_hook"] hook enabled at 0x00007FFAB806C854, stub 0x00007FFA480D80A0.
[Info   :  SHCDE-SE] [T1-22:56:11.972] [X64InlineHook] ["c_game_unit_tanner_update_store_cowhides_hook"] hook enabled at 0x00007FFAB806EA53, stub 0x00007FFA480D8430.
[Info   :  SHCDE-SE] [T1-22:56:11.972] [X64InlineHook] ["c_game_unit_tanner_update_produce_hook"] hook enabled at 0x00007FFAB806ECEE, stub 0x00007FFA480D87B0.
[Info   :  SHCDE-SE] [T1-22:56:11.972] [X64InlineHook] ["c_game_unit_tanner_update_dropoff_cowhides_hook"] hook enabled at 0x00007FFAB806EF88, stub 0x00007FFA480D8B40.
[Info   :  SHCDE-SE] [T1-22:56:11.972] [X64InlineHook] ["c_game_unit_armourer_update_pickup_iron_hook"] hook enabled at 0x00007FFAB806D1D5, stub 0x00007FFA480D8D80.
[Info   :  SHCDE-SE] [T1-22:56:11.972] [X64InlineHook] ["c_game_unit_armourer_update_dropoff_iron_hook"] hook enabled at 0x00007FFAB806D457, stub 0x00007FFA480D9110.
[Info   :  SHCDE-SE] [T1-22:56:11.972] [X64InlineHook] ["c_game_unit_armourer_update_store_produce_hook"] hook enabled at 0x00007FFAB806D619, stub 0x00007FFA480D9490.
[Info   :  SHCDE-SE] [T1-22:56:11.972] [X64InlineHook] ["c_game_unit_armourer_update_produce_hook"] hook enabled at 0x00007FFAB806D6D3, stub 0x00007FFA480D9820.
[Info   :  SHCDE-SE] [T1-22:56:11.972] [X64InlineHook] ["c_game_unit_armourer_update_dropoff_produce_hook"] hook enabled at 0x00007FFAB806DA1E, stub 0x00007FFA480D9BB0.
[Info   :  SHCDE-SE] [T1-22:56:11.972] [X64InlineHook] ["c_game_unit_armourer_update_pickup_produce_hook"] hook enabled at 0x00007FFAB806D72C, stub 0x00007FFA480D9F40.
[Info   :  SHCDE-SE] [T1-22:56:11.972] [X64InlineHook] ["c_game_unit_hunter_update_pickup_meat_hook"] hook enabled at 0x00007FFAB805FD7C, stub 0x00007FFA480DA2D0.
[Info   :  SHCDE-SE] [T1-22:56:11.972] [X64InlineHook] ["c_game_unit_hunter_update_dropoff_meat_hook"] hook enabled at 0x00007FFAB8060B54, stub 0x00007FFA480DA660.
[Info   :  SHCDE-SE] [T1-22:56:11.972] [X64InlineHook] ["c_game_unit_quarry_grunt_update_pickup_stone_hook"] hook enabled at 0x00007FFAB8061F28, stub 0x00007FFA480DA8A0.
[Info   :  SHCDE-SE] [T1-22:56:11.972] [X64InlineHook] ["c_game_unit_quarry_grunt_update_dropoff_stone_hook"] hook enabled at 0x00007FFAB806250E, stub 0x00007FFA480DAAF0.
[Info   :  SHCDE-SE] [T1-22:56:11.972] [X64InlineHook] ["c_game_unit_quarry_ox_update_depart_hook"] hook enabled at 0x00007FFAB8062A4C, stub 0x00007FFA480DAE80.
[Info   :  SHCDE-SE] [T1-22:56:11.972] [X64InlineHook] ["c_game_unit_quarry_ox_update_dropoff_stone_hook"] hook enabled at 0x00007FFAB8062E57, stub 0x00007FFA480DB210.
[Info   :  SHCDE-SE] [T1-22:56:11.972] [X64InlineHook] ["c_game_unit_miner2_update_pickup_iron_hook"] hook enabled at 0x00007FFAB807E028, stub 0x00007FFA480DB590.
[Info   :  SHCDE-SE] [T1-22:56:11.972] [X64InlineHook] ["c_game_unit_miner2_update_dropoff_iron_hook"] hook enabled at 0x00007FFAB807DEB3, stub 0x00007FFA480DB7D0.
[Info   :  SHCDE-SE] [T1-22:56:11.972] [X64InlineHook] ["c_game_unit_pitcher_update_pickup_rawpitch_hook"] hook enabled at 0x00007FFAB80637A0, stub 0x00007FFA480DBB60.
[Info   :  SHCDE-SE] [T1-22:56:11.972] [X64InlineHook] ["c_game_unit_pitcher_update_dropoff_rawpitch_hook"] hook enabled at 0x00007FFAB80638EC, stub 0x00007FFA480DBEF0.
[Info   :  SHCDE-SE] [T1-22:56:11.972] [X64InlineHook] ["c_game_unit_is_over_killingpit_update_hook"] hook enabled at 0x00007FFAB7FF71C5, stub 0x00007FFA480DC130.
[Info   :  SHCDE-SE] [T1-22:56:11.972] [X64InlineHook] ["c_game_unit_transition_hook1_c_game_player_buy_mercenary"] hook enabled at 0x00007FFAB80B1CE0, stub 0x00007FFA480DC300.
[Info   :  SHCDE-SE] [T1-22:56:11.973] [X64InlineHook] ["c_game_unit_transition_hook2_c_game_player_buy_eu_mercenary"] hook enabled at 0x00007FFAB80C0EBB, stub 0x00007FFA480DC590.
[Info   :  SHCDE-SE] [T1-22:56:11.973] [X64InlineHook] ["c_game_unit_transition_hook3_c_game_building_assign_worker"] hook enabled at 0x00007FFAB80C0C12, stub 0x00007FFA480DC810.
[Info   :  SHCDE-SE] [T1-22:56:11.973] [X64InlineHook] ["c_game_unit_transition_hook4_c_game_unit_disband"] hook enabled at 0x00007FFAB80B6E7A, stub 0x00007FFA480DCA90.
[Info   :  SHCDE-SE] [T1-22:56:11.973] [X64InlineHook] ["c_game_unit_hunter_query_for_target_hook"] hook enabled at 0x00007FFAB80BAFE6, stub 0x00007FFA480DCCF0.
[Info   :  SHCDE-SE] [T1-22:56:11.973] [X64InlineHook] ["c_game_unit_control_capability_unknown"] hook enabled at 0x00007FFAB7FBEA60, stub 0x00007FFA480DCEB0.
[Info   :  SHCDE-SE] [T1-22:56:11.973] [X64InlineHook] ["c_game_unit_fsm_arabslave_attack_capability_wall"] hook enabled at 0x00007FFAB809A439, stub 0x00007FFA480DD120.
[Info   :  SHCDE-SE] [T1-22:56:11.973] [X64InlineHook] ["c_game_unit_fsm_arabslave_attack_capability_wall2"] hook enabled at 0x00007FFAB809A490, stub 0x00007FFA480DD360.
[Info   :  SHCDE-SE] [T1-22:56:11.973] [X64InlineHook] ["c_game_unit_fsm_arabslave_attack_capability_wall3"] hook enabled at 0x00007FFAB809A4AD, stub 0x00007FFA480DD580.
[Info   :  SHCDE-SE] [T1-22:56:11.973] [X64InlineHook] ["UnitUpdateEngageRange_7FFAB806F540_7FFAB806FAA1"] hook enabled at 0x00007FFAB806FAA1, stub 0x00007FFA480DD7C0.
[Info   :  SHCDE-SE] [T1-22:56:11.973] [X64InlineHook] ["UnitUpdateEngageRange_7FFAB806F540_7FFAB806FAD1"] hook enabled at 0x00007FFAB806FAD1, stub 0x00007FFA480DDA20.
[Info   :  SHCDE-SE] [T1-22:56:11.973] [X64InlineHook] ["UnitUpdateEngageRange_7FFAB80A1C50_7FFAB80A1DBD"] hook enabled at 0x00007FFAB80A1DBD, stub 0x00007FFA480DDC80.
[Info   :  SHCDE-SE] [T1-22:56:11.973] [X64InlineHook] ["UnitUpdateEngageRange_7FFAB80A1C50_7FFAB80A1EDD"] hook enabled at 0x00007FFAB80A1EDD, stub 0x00007FFA480DDEF0.
[Info   :  SHCDE-SE] [T1-22:56:11.973] [X64InlineHook] ["UnitUpdateEngageRange_7FFAB8097D40_7FFAB8097F93"] hook enabled at 0x00007FFAB8097F93, stub 0x00007FFA480DE150.
[Info   :  SHCDE-SE] [T1-22:56:11.973] [X64InlineHook] ["UnitUpdateEngageRange_7FFAB8097D40_7FFAB8097FC3"] hook enabled at 0x00007FFAB8097FC3, stub 0x00007FFA480DE3B0.
[Info   :  SHCDE-SE] [T1-22:56:11.973] [X64InlineHook] ["UnitUpdateEngageRange_7FFAB8091CB0_7FFAB8091E3D"] hook enabled at 0x00007FFAB8091E3D, stub 0x00007FFA480DE610.
[Info   :  SHCDE-SE] [T1-22:56:11.973] [X64InlineHook] ["UnitUpdateEngageRange_7FFAB809B220_7FFAB809B3DE"] hook enabled at 0x00007FFAB809B3DE, stub 0x00007FFA480DE870.
[Info   :  SHCDE-SE] [T1-22:56:11.973] [X64InlineHook] ["UnitUpdateEngageRange_7FFAB80AA590_7FFAB80AA6F3"] hook enabled at 0x00007FFAB80AA6F3, stub 0x00007FFA480DEAD0.
[Info   :  SHCDE-SE] [T1-22:56:11.973] [X64InlineHook] ["UnitUpdateEngageRange_7FFAB80AA590_7FFAB80AA801"] hook enabled at 0x00007FFAB80AA801, stub 0x00007FFA480DED40.
[Info   :  SHCDE-SE] [T1-22:56:11.973] [X64InlineHook] ["UnitUpdateEngageRange_7FFAB80A8350_7FFAB80A8856"] hook enabled at 0x00007FFAB80A8856, stub 0x00007FFA480DEFB0.
[Info   :  SHCDE-SE] [T1-22:56:11.973] [X64InlineHook] ["UnitUpdateEngageRange_7FFAB80A8350_7FFAB80A8886"] hook enabled at 0x00007FFAB80A8886, stub 0x00007FFA480DF210.
[Info   :  SHCDE-SE] [T1-22:56:11.973] [X64InlineHook] ["UnitUpdateEngageRange_7FFAB8071DA0_7FFAB8071F47"] hook enabled at 0x00007FFAB8071F47, stub 0x00007FFA480DF470.
[Info   :  SHCDE-SE] [T1-22:56:11.973] [X64InlineHook] ["UnitUpdateEngageRange_7FFAB8071DA0_7FFAB807203F"] hook enabled at 0x00007FFAB807203F, stub 0x00007FFA480DF6D0.
[Info   :  SHCDE-SE] [T1-22:56:11.973] [X64InlineHook] ["UnitUpdateEngageRange_7FFAB80A0570_7FFAB80A0733"] hook enabled at 0x00007FFAB80A0733, stub 0x00007FFA480DF940.
[Info   :  SHCDE-SE] [T1-22:56:11.973] [X64InlineHook] ["UnitUpdateEngageRange_7FFAB809E440_7FFAB809E62C"] hook enabled at 0x00007FFAB809E62C, stub 0x00007FFA480DFBA0.
[Info   :  SHCDE-SE] [T1-22:56:11.973] [X64InlineHook] ["UnitUpdateEngageRange_7FFAB809E440_7FFAB809E73F"] hook enabled at 0x00007FFAB809E73F, stub 0x00007FFA480A0000.
[Info   :  SHCDE-SE] [T1-22:56:11.973] [X64InlineHook] ["c_game_unit_control_capability_interactrange_hook"] hook enabled at 0x00007FFAB7FBD769, stub 0x00007FFA480A0270.
[Info   :  SHCDE-SE] [T1-22:56:11.973] [X64InlineHook] ["c_game_building_keep_spawn_peasant_hook"] hook enabled at 0x00007FFAB8002E31, stub 0x00007FFA480A0850.
[Info   :  SHCDE-SE] [T1-22:56:11.973] [X64InlineHook] ["c_game_building_granary_spawn_chicken_hook"] hook enabled at 0x00007FFAB8002B4C, stub 0x00007FFA480A0900.
[Info   :  SHCDE-SE] [T1-22:56:11.973] [X64InlineHook] ["c_game_building_calculate_wall_cost_hook"] hook enabled at 0x00007FFAB7FF8D1C, stub 0x00007FFA480A0B50.
[Info   :  SHCDE-SE] [T1-22:56:11.973] [X64InlineHook] ["c_game_building_calculate_wall_cost_placement_hook"] hook enabled at 0x00007FFAB7FC41AB, stub 0x00007FFA480A0EF0.
[Info   :  SHCDE-SE] [T1-22:56:11.973] [X64InlineHook] ["c_game_building_take_fire_damage_hook"] hook enabled at 0x00007FFAB7FF6599, stub 0x00007FFA480A1330.
[Info   :  SHCDE-SE] [T1-22:56:11.973] [X64InlineHook] ["c_game_building_toggle_pause_hook"] hook enabled at 0x00007FFAB7FF7F13, stub 0x00007FFA480A1530.
[Info   :  SHCDE-SE] [T1-22:56:11.973] [X64InlineHook] ["c_game_building_refund_intercept_hook"] hook enabled at 0x00007FFAB7FF487A, stub 0x00007FFA480A1750.
[Info   :  SHCDE-SE] [T1-22:56:11.973] [X64InlineHook] ["c_game_building_set_repair_costs_stone_hook"] hook enabled at 0x00007FFAB7FE7031, stub 0x00007FFA480A19F0.
[Info   :  SHCDE-SE] [T1-22:56:11.973] [X64InlineHook] ["c_game_building_set_repair_costs_wood_hook"] hook enabled at 0x00007FFAB7FE6FFD, stub 0x00007FFA480A1C30.
[Info   :  SHCDE-SE] [T1-22:56:11.973] [X64InlineHook] ["c_game_building_gatehouse_query_hook"] hook enabled at 0x00007FFAB7FE7B4B, stub 0x00007FFA480A1E40.
[Info   :  SHCDE-SE] [T1-22:56:11.973] [X64InlineHook] ["c_game_vegetation_growth_hook"] hook enabled at 0x00007FFAB8038518, stub 0x00007FFA480A21B0.
[Info   :  SHCDE-SE] [T1-22:56:11.973] [X64InlineHook] ["c_game_vegetation_tree_fell_hook"] hook enabled at 0x00007FFAB8037CC9, stub 0x00007FFA480A2400.
[Info   :  SHCDE-SE] [T1-22:56:11.974] [X64InlineHook] ["c_game_save_game_file"] hook enabled at 0x00007FFAB7F35A4C, stub 0x00007FFA480A27E0.
[Info   :  SHCDE-SE] [T1-22:56:11.974] [X64InlineHook] ["c_game_unit_try_select_and_prepare_ranged_attack_target_hook"] hook enabled at 0x00007FFAB80BEB20, stub 0x00007FFA480DFE10.
[Info   :  SHCDE-SE] [T1-22:56:11.974] [X64InlineHook] ["c_game_unit_has_ammo_and_target_within_ranged_attack_distance_hook2"] hook enabled at 0x00007FFAB80CB64E, stub 0x00007FFA480E0000.
[Info   :  SHCDE-SE] [T1-22:56:11.974] [X64InlineHook] ["c_game_unit_has_ammo_and_target_within_ranged_attack_distance_hook"] hook enabled at 0x00007FFAB80CB786, stub 0x00007FFA480E0090.
[Info   :  SHCDE-SE] [T1-22:56:11.974] [X64InlineHook] ["c_game_projectile_init_hook"] hook enabled at 0x00007FFAB7FD1E0C, stub 0x00007FFA480E01D0.
[Info   :  SHCDE-SE] [T1-22:56:11.974] [X64InlineHook] ["c_game_player_food_consumption_update_baseconsumptionrate"] hook enabled at 0x00007FFAB7FFEC8E, stub 0x00007FFA480E0790.
[Info   :  SHCDE-SE] [T1-22:56:11.974] [X64InlineHook] ["c_game_add_tax_money_addgold"] hook enabled at 0x00007FFAB7FFCC82, stub 0x00007FFA480E09C0.
[Info   :  SHCDE-SE] [T1-22:56:11.974] [X64InlineHook] ["c_game_add_tax_money_removegold"] hook enabled at 0x00007FFAB7FFCC91, stub 0x00007FFA480E0C10.
[Info   :  SHCDE-SE] [T1-22:56:11.974] [X64InlineHook] ["c_game_update_player_popularity"] hook enabled at 0x00007FFAB7FFB16E, stub 0x00007FFA480E0E60.
[Info   :  SHCDE-SE] [T1-22:56:11.974] [X64InlineHook] ["c_game_handle_time_stuff"] hook enabled at 0x00007FFAB8001D4F, stub 0x00007FFA480E1120.
[Info   :  SHCDE-SE] [T1-22:56:11.974] [X64InlineHook] ["c_game_ai_setup_siege_pathing_stuff_hook"] hook enabled at 0x00007FFAB7F5D345, stub 0x00007FFA480E16D0.
[Info   :  SHCDE-SE] [T1-22:56:11.974] [X64InlineHook] ["c_game_veh_handler_for_access_violations"] hook enabled at 0x00007FFAB80D49F0, stub 0x00007FFA480E19C0.
[Info   :  SHCDE-SE] [T1-22:56:11.976] [HookTransaction[ApplyNative]] Commit: "189/189 installed, 0 failed, 64ms (0ms scanning)"
[Info   :  SHCDE-SE] [T1-22:56:11.976] [DetourManager] [ApplyNative] Hook setup completed in 64ms
[Info   :  SHCDE-SE] [T1-22:56:11.976] [GameMapArchiveManagerAPI] [InitializeSubscribers] Setting up subscribers
[Info   :  SHCDE-SE] [T1-22:56:11.977] [LuaManager] [InitializeSubscribers] Setting up subscribers
[Info   :  SHCDE-SE] [T1-22:56:11.978] [GameNetworkAPI] [InitializeSubscribers] Setting up subscribers
[Info   :  SHCDE-SE] [T1-22:56:11.978] [DeterministicRandom] [InitializeSubscribers] Setting up subscribers
[Info   :  SHCDE-SE] [T1-22:56:11.979] [GameNetworkAPI] [GetPacketEventFor] Created R3 event stream for packet ID 1003 [SeedSyncNetworkPacket]
[Info   :  SHCDE-SE] [T1-22:56:11.979] [ModSaveDataAPI] [RegisterModDataHandler] Registered handler for [se-deterministicrandom-state]
[Info   :  SHCDE-SE] [T1-22:56:11.980] [GameNetworkAPI] [GetPacketEventFor] Dynamically registered packet type 'LobbyModSettingSyncPacket' with ID: 1100
[Info   :  SHCDE-SE] [T1-22:56:11.980] [GameNetworkAPI] [GetPacketEventFor] Created R3 event stream for packet ID 1100 [LobbyModSettingSyncPacket]
[Info   :  SHCDE-SE] [T1-22:56:11.980] [GameXAMLManagerAPI] [SetupNetworking] Mod-settings sync packet registered with ID=1100
[Info   :  SHCDE-SE] [T1-22:56:11.980] [GamePlayerManagerAPI] [InitializeSubscribers] Setting up subscribers
[Info   :  SHCDE-SE] [T1-22:56:11.982] [GameUnitManagerAPI] [InitializeSubscribers] Setting up subscribers
[Info   :  SHCDE-SE] [T1-22:56:11.982] [GameBuildingManagerAPI] [InitializeSubscribers] Setting up subscribers
[Info   :  SHCDE-SE] [T1-22:56:11.982] [GameMetadataManagerAPI] [InitializeSubscribers] Setting up subscribers
[Info   :  SHCDE-SE] [T1-22:56:11.983] [GameSoundManagerAPI] [.ctor] _soundManager: 00007FFAC08172D0
[Info   :  SHCDE-SE] [T1-22:56:11.983] [GameSoundManagerAPI] [InitializeSubscribers] Setting up GameSoundManagerAPI event subscribers
[Info   :  SHCDE-SE] [T1-22:56:11.983] [GameTranslateAPI] [InitializeSubscribers] Setting up GameTranslateAPI subscribers
[Info   :  SHCDE-SE] [T1-22:56:11.984] [GameTriggerManager] [InitializeSubscribers] Setting up subscribers
[Info   :  SHCDE-SE] [T1-22:56:11.985] [GameTimeManagerAPI] [InitializeSubscribers] Setting up subscribers
[Info   :  SHCDE-SE] [T1-22:56:11.985] [GameAfterImageManager] [InitializeSubscribers] Setting up subscribers
[Info   :  SHCDE-SE] [T1-22:56:11.985] [GameBundleManager] [InitializeSubscribers] Setting up subscribers
[Info   :  SHCDE-SE] [T1-22:56:11.986] [MapModManager] [InitializeSubscribers] Setting up subscribers
[Info   :  SHCDE-SE] [T1-22:56:11.986] [Plugin] [InitLanguageProviderLate] Set language provider to en-US
[Info   :  SHCDE-SE] [T1-22:56:11.986] [Plugin] [CrusaderLibrary_LibraryLoaded] Native-side initialization done
[Info   :  SHCDE-SE] [T1-22:56:11.986] [Plugin] [Awake] Plugin SHCDE-SE is loaded!
[Info   :   BepInEx] Loading [APIShared 0.4.1]
[Info   : APIShared] [2026-09-24 22:56:12.055] Process-wide mission lifecycle installed.
[Info   : APIShared] [2026-09-24 22:56:12.136] Process-wide briefing-gold presentation installed.
[Info   : APIShared] [2026-09-24 22:56:12.147] Process-wide lobby-state observer installed.
[Info   : APIShared] [2026-09-24 22:56:12.147] APIShared 0.4.1 loaded; awaiting CrusaderLibrary.LibraryLoaded.
[Info   : APIShared] [2026-09-24 22:56:12.909] Unit HUD presentation installed; controlGroups=True, build=FBCB93195FC7EFCA9BDAC5204852EFDD76F9818F59A6711750D77C9CEF2831E2.
[Info   :  SHCDE-SE] [T1-22:56:12.912] [X64InlineHook] ["distanceHook"] compiled stub at 0x00007FFA480E1A40, size: 183 bytes (target: 0x00007FFAB7FE7B70).
[Info   :  SHCDE-SE] [T1-22:56:12.913] [X64InlineHook] ["decisionHook"] compiled stub at 0x00007FFA480E1D80, size: 104 bytes (target: 0x00007FFAB7FE7BBB).
[Info   :  SHCDE-SE] [T1-22:56:12.913] [X64InlineHook] ["distanceHook"] hook enabled at 0x00007FFAB7FE7B70, stub 0x00007FFA480E1A40.
[Info   :  SHCDE-SE] [T1-22:56:12.913] [X64InlineHook] ["decisionHook"] hook enabled at 0x00007FFAB7FE7BBB, stub 0x00007FFA480E1D80.
[Info   :  SHCDE-SE] [T1-22:56:12.913] [HookTransaction[.ctor]] Commit: "2/2 installed, 0 failed, 1ms (0ms scanning)"
[Info   :  SHCDE-SE] [T1-22:56:12.985] [Detour:candidate.hook] ["candidate.hook"] prepared at 0x00007FFAB7F81790 using Indirect: 7 bytes displaced, trampoline 0x00007FFA480E1EF0.
[Info   :  SHCDE-SE] [T1-22:56:13.033] [HookTransaction[TryCreate]] Commit: "1/1 installed, 0 failed, 48ms (0ms scanning)"
[Info   : APIShared] [2026-09-24 22:56:13.033] capability=aiv-build-step, build=FBCB93195FC7EFCA9BDAC5204852EFDD76F9818F59A6711750D77C9CEF2831E2, rva=0x51790, status=installed
[Info   : APIShared] [2026-09-24 22:56:13.033] APIShared initialized: state=Ready, build=FBCB93195FC7EFCA9BDAC5204852EFDD76F9818F59A6711750D77C9CEF2831E2, lobbyState=Available, playerDefeat=Available, briefingGold=Available, gatehouseDistanceOrigin=Available, gatehouseTiming=Available, unitHudPresentation=Available, aivBuildStep=Available.
[Info   :   BepInEx] Loading [Active AIV Detector 0.10.1]
[Info   :Active AIV Detector] [2026-09-24 22:56:13.081] Bundled vanilla AIC verification: matchesInstalledGame=False, directory=E:\ProgrammeE\Steam\steamapps\common\Stronghold Crusader Definitive Edition\BepInEx\plugins\ActiveAIVDetector_Serp\VanillaAIC.
[Info   :Active AIV Detector] [2026-09-24 22:56:13.081] Bundled vanilla AIV inventory: files=376, directory=E:\ProgrammeE\Steam\steamapps\common\Stronghold Crusader Definitive Edition\BepInEx\plugins\ActiveAIVDetector_Serp\VanillaAIV.
[Info   :Active AIV Detector] [2026-09-24 22:56:13.081] Oracle cell trace configuration: enabled=True, playerId=-1, candidateId=-1, orientation=-1, keep=(-1,-1), maximumCaptures=2048.
[Info   :Active AIV Detector] [2026-09-24 22:56:13.081] Oracle prebuild trace configuration: enabled=True, playerId=-1, maximumCaptures=8.
[Info   :Active AIV Detector] [2026-09-24 22:56:13.107] Active AIV Detector verified the installed CrusaderDE.dll: sha256=FBCB93195FC7EFCA9BDAC5204852EFDD76F9818F59A6711750D77C9CEF2831E2, size=3451392, path=E:\ProgrammeE\Steam\steamapps\common\Stronghold Crusader Definitive Edition\Stronghold Crusader Definitive Edition_Data\Plugins\x86_64\CrusaderDE.dll.
[Debug  :Active AIV Detector] [2026-09-24 22:56:13.109] Native address resolved: name=prepare AIV layout, method=reference-rva, rva=0x53D00.
[Debug  :Active AIV Detector] [2026-09-24 22:56:13.113] Native address resolved: name=select best fit, method=reference-rva, rva=0x54F60.
[Debug  :Active AIV Detector] [2026-09-24 22:56:13.113] Native address resolved: name=test specific candidate, method=reference-rva, rva=0x54DE0.
[Debug  :Active AIV Detector] [2026-09-24 22:56:13.113] Native address resolved: name=load candidate, method=reference-rva, rva=0x55320.
[Debug  :Active AIV Detector] [2026-09-24 22:56:13.113] Native address resolved: name=apply rotation, method=reference-rva, rva=0x56670.
[Debug  :Active AIV Detector] [2026-09-24 22:56:13.113] Native address resolved: name=evaluate candidate fit, method=reference-rva, rva=0x57080.
[Debug  :Active AIV Detector] [2026-09-24 22:56:13.113] Native address resolved: name=building placement validator interior, method=reference-rva, rva=0x7B078.
[Debug  :Active AIV Detector] [2026-09-24 22:56:13.113] Native address resolved: name=organism record table, method=reference-rva, rva=0x15A27.
[Debug  :Active AIV Detector] [2026-09-24 22:56:13.113] Native address resolved: name=active AIV layout index table, method=reference-rva, rva=0x55F64.
[Info   :Active AIV Detector] [2026-09-24 22:56:13.113] Active AIV native globals resolved from unique RIP-relative signatures: organismRecordTable=0x7FFABB20E464, activeLayoutIndexBase=0x7FFABB6CD0CC.
[Info   :  SHCDE-SE] [T1-22:56:13.114] [Detour:prepareLayoutHook] ["prepareLayoutHook"] prepared at 0x00007FFAB7F83D00 using Indirect: 6 bytes displaced, trampoline 0x00007FFA480E1F30.
[Info   :  SHCDE-SE] [T1-22:56:13.114] [Detour:selectBestFitHook] ["selectBestFitHook"] prepared at 0x00007FFAB7F84F60 using Indirect: 9 bytes displaced, trampoline 0x00007FFA480E1F70.
[Info   :  SHCDE-SE] [T1-22:56:13.114] [Detour:testSpecificCandidateHook] ["testSpecificCandidateHook"] prepared at 0x00007FFAB7F84DE0 using Indirect: 10 bytes displaced, trampoline 0x00007FFA480E1FB0.
[Info   :  SHCDE-SE] [T1-22:56:13.115] [Detour:loadCandidateHook] ["loadCandidateHook"] prepared at 0x00007FFAB7F85320 using Indirect: 6 bytes displaced, trampoline 0x00007FFA480E1FF0.
[Info   :  SHCDE-SE] [T1-22:56:13.115] [Detour:applyRotationHook] ["applyRotationHook"] prepared at 0x00007FFAB7F86670 using Indirect: 8 bytes displaced, trampoline 0x00007FFA480E2030.
[Info   :  SHCDE-SE] [T1-22:56:13.115] [Detour:evaluateCandidateFitHook] ["evaluateCandidateFitHook"] prepared at 0x00007FFAB7F87080 using Indirect: 6 bytes displaced, trampoline 0x00007FFA480E2070.
[Info   :  SHCDE-SE] [T1-22:56:13.115] [Detour:buildingPlacementValidatorHook] ["buildingPlacementValidatorHook"] prepared at 0x00007FFAB7FAB060 using Indirect: 7 bytes displaced, trampoline 0x00007FFA480E20B0.
[Info   :  SHCDE-SE] [T1-22:56:13.435] [HookTransaction[Install]] Commit: "7/7 installed, 0 failed, 320ms (0ms scanning)"
[Info   :Active AIV Detector] [2026-09-24 22:56:13.436] Oracle prebuild trace registered through APIShared; no local ExecuteBuildStep detour was installed.
[Info   :Active AIV Detector] [2026-09-24 22:56:13.439] Native active-AIV detector and passive placement oracle installed at Info level; Vanilla candidate tests will be joined with lobby metadata after OnStartMap(Post).
[Info   :Active AIV Detector] [2026-09-24 22:56:13.439] Active AIV Detector 0.10.1 loaded.
[Info   :   BepInEx] Loading [Serps Mods 1.0.15]
[Info   :Serp Localization] [2026-09-24 22:56:13.447] Locale selected: locale=en-US, source=Steam runtime, rawLanguage=english, configuredProvider=detect, scriptExtenderLanguage=en-US, pluginDirectory=E:\ProgrammeE\Steam\steamapps\common\Stronghold Crusader Definitive Edition\BepInEx\plugins\SerpsMods_Serp, englishFileExists=True, localeFileExists=True.
[Debug  :Serps Mods] [2026-09-24 22:56:13.457] [Serps Mods] Script Extender 2.10.1 satisfies all 1 runtime component requirements; selected 2.10.1 from info.json='2.10.1', BepInEx metadata='2.10.1.0', assembly version='2.10.1.0', file version='2.10.1.0', product version='2.10.1'; ignored: none.
[Debug  :Serps Mods] [2026-09-24 22:56:13.457] [Serps Mods] pack=1.0.15, expected=0, validated=0, registered=0.
[Info   :  SHCDE-SE] [T1-22:56:13.460] [ManagedDetour] [.ctor] Created detour [JoinLobby]->[JoinLobbyHook]
[Info   :Serps Mods] [2026-09-24 22:56:13.460] Shared lobby-join lifecycle hook installed.
[Info   :  SHCDE-SE] [T1-22:56:13.481] [GameXAMLManagerAPI] [RegisterLobbyModSettingsCore] Registered mod [SerpsMods_Serp]
[Info   :Serps Mods] [2026-09-24 22:56:13.484] [SerpsMods_Serp] Preset storage skipped because the ViewModel has no persistent settings.
[Info   :   BepInEx] Loading [Fixes 1.19.1.0]
[Info   :     Fixes] [T1-22:56:13.610] [Plugin] [Awake] Plugin Fixes is loading!
[Info   :     Fixes] [T1-22:56:13.614] [BuildingDetours] [.ctor] Applying
[Info   :     Fixes] [T1-22:56:13.617] [Fixes-BuildingDetours] Creating with target 00007FFA480E20F0, length=128
[Info   :     Fixes] [T1-22:56:13.617] [Fixes-BuildingDetours] Creating with target 00007FFAB7F43880, length=2
[Info   :     Fixes] [T1-22:56:13.619] [AIDetours] [.ctor] Applying
[Info   :     Fixes] [T1-22:56:13.619] [Fixes-AIDetours] Found anchor c_game_ai_train_economy_protection_troops_hook2 at 00007FFAB7F70569
[Info   :     Fixes] [T1-22:56:13.620] [Fixes-AIDetours] Found anchor c_game_ai_train_bodyguard_troops_hook2 at 00007FFAB7F70379
[Info   :     Fixes] [T1-22:56:13.620] [AIDetours] [.ctor] _newOrderedMapTileIdsAddress: 0x00000258B99C0000
[Info   :  SHCDE-SE] [T1-22:56:13.620] [ModSaveDataAPI] [RegisterModDataHandler] Registered handler for [extendedaivbuffer-savedata]
[Info   :     Fixes] [T1-22:56:13.620] [AIDetours] [.ctor] c_game_ai_build_wall_internal_va=00007FFAB7FA7D43
[Info   :     Fixes] [T1-22:56:13.621] [UnitDetours] [.ctor] Applying FixesUnitDetours
[Info   :     Fixes] [T1-22:56:13.621] [UnitDetours] [.ctor] Hooking unit update function at address: 0x7FFAB8086130 chimp: CHIMP_TYPE_DEER
[Info   :     Fixes] [T1-22:56:13.621] [UnitDetours] [.ctor] Hooking unit update function at address: 0x7FFAB8086DC0 chimp: CHIMP_TYPE_LION
[Info   :     Fixes] [T1-22:56:13.621] [UnitDetours] [.ctor] Hooking unit update function at address: 0x7FFAB8087810 chimp: CHIMP_TYPE_RABBIT
[Info   :     Fixes] [T1-22:56:13.621] [UnitDetours] [.ctor] Hooking unit update function at address: 0x7FFAB8088020 chimp: CHIMP_TYPE_CAMEL
[Info   :     Fixes] [T1-22:56:13.621] [UnitDetours] [.ctor] Hooking unit update function at address: 0x7FFAB80AF2F0 chimp: CHIMP_TYPE_CROCODILE
[Info   :     Fixes] [T1-22:56:13.622] [PathingDetours] [.ctor] Applying
[Info   :     Fixes] [T1-22:56:13.622] [PathingDetours] [.ctor] _oldNativeComponentTileCountAddress: 0x00007FFABDFDD740
[Info   :     Fixes] [T1-22:56:13.622] [PathingDetours] [.ctor] _oldComponentVisitGenerationAddress: 0x00007FFABDFDE6E4
[Info   :     Fixes] [T1-22:56:13.622] [PathingDetours] [.ctor] _newNativeComponentTileCountAddress: 0x00000258B97A0000
[Info   :     Fixes] [T1-22:56:13.622] [PathingDetours] [.ctor] _newComponentVisitGenerationAddress: 0x00000258B97B0000
[Info   :     Fixes] [T1-22:56:13.622] [PathingDetours] [.ctor] Installing dynamic inline hook at: 0x00007FFAB7FFE7FA for Extended PCL support
[Info   :     Fixes] [T1-22:56:13.622] [PathingDetours] [.ctor] Installing dynamic inline hook at: 0x00007FFAB7FFE839 for Extended PCL support
[Info   :     Fixes] [T1-22:56:13.622] [PathingDetours] [.ctor] Installing dynamic inline hook at: 0x00007FFAB7FFE879 for Extended PCL support
[Info   :     Fixes] [T1-22:56:13.622] [PathingDetours] [.ctor] Installing dynamic inline hook at: 0x00007FFAB7FFE8B9 for Extended PCL support
[Info   :     Fixes] [T1-22:56:13.622] [PathingDetours] [.ctor] Installing dynamic inline hook at: 0x00007FFAB7FFE8F9 for Extended PCL support
[Info   :     Fixes] [T1-22:56:13.623] [PathingDetours] [.ctor] Installing dynamic inline hook at: 0x00007FFAB7FFE939 for Extended PCL support
[Info   :     Fixes] [T1-22:56:13.623] [PathingDetours] [.ctor] Installing dynamic inline hook at: 0x00007FFAB7FFE979 for Extended PCL support
[Info   :     Fixes] [T1-22:56:13.623] [PathingDetours] [.ctor] Installing dynamic inline hook at: 0x00007FFAB7FFE9B9 for Extended PCL support
[Info   :     Fixes] [T1-22:56:13.623] [PathingDetours] [.ctor] Installing dynamic inline hook at: 0x00007FFAB7FFEA32 for Extended PCL support
[Info   :     Fixes] [T1-22:56:13.623] [GameMapManagedDetours] [.ctor] Applying
[Info   :  SHCDE-SE] [T1-22:56:13.626] [ManagedDetour] [.ctor] Created detour [getPivotOffset]->[GameMap_getPivotOffset_Hook]
[Info   :     Fixes] [T1-22:56:13.626] [HookTransaction[ApplyNative]] Loaded 70 of 70 AOB results from cache.
[Info   :     Fixes] [T1-22:56:13.627] [X64InlineHook] ["c_game_build_wall_hook"] compiled stub at 0x00007FFA480E2170, size: 38 bytes (target: 0x00007FFAB7F9F2C2).
[Info   :     Fixes] [T1-22:56:13.627] [X64InlineHook] ["c_game_player_queue_build_wall_hook"] compiled stub at 0x00007FFA480E2230, size: 49 bytes (target: 0x00007FFAB7F41D4A).
[Info   :     Fixes] [T1-22:56:13.627] [X64InlineHook] ["c_game_player_placing_walls_hook"] compiled stub at 0x00007FFA480E2320, size: 105 bytes (target: 0x00007FFAB7F9136F).
[Info   :     Fixes] [T1-22:56:13.627] [X64InlineHook] ["c_game_gatehouse_query_farmerstuck_fix_hook"] compiled stub at 0x00007FFA480E2580, size: 88 bytes (target: 0x00007FFAB7FE7C39).
[Info   :     Fixes] [T1-22:56:13.628] [X64InlineHook] ["c_game_building_toggle_pause_hook"] compiled stub at 0x00007FFA480E2750, size: 329 bytes (target: 0x00007FFAB7FF7F3E).
[Info   :     Fixes] [T1-22:56:13.629] [Detour:c_game_player_spawn_keep_hook] ["c_game_player_spawn_keep_hook"] prepared at 0x00007FFAB7FA4DA0 using Indirect: 9 bytes displaced, trampoline 0x00007FFA480E2D10.
[Info   :     Fixes] [T1-22:56:13.629] [Detour:c_game_ai_siege_master_handler_hook] ["c_game_ai_siege_master_handler_hook"] prepared at 0x00007FFAB7F5AE40 using Indirect: 10 bytes displaced, trampoline 0x00007FFA480E2D50.
[Info   :     Fixes] [T1-22:56:13.629] [X64InlineHook] ["c_game_ai_deploy_harassing_siege_engine_tents_hook"] compiled stub at 0x00007FFA480E2D90, size: 106 bytes (target: 0x00007FFAB7F5EFCB).
[Info   :     Fixes] [T1-22:56:13.629] [X64InlineHook] ["c_game_ai_find_valid_siege_tent_site_hook"] compiled stub at 0x00007FFA480E2FA0, size: 108 bytes (target: 0x00007FFAB801A9F7).
[Info   :     Fixes] [T1-22:56:13.630] [X64InlineHook] ["c_game_ai_count_active_farms_hook"] compiled stub at 0x00007FFA480E3180, size: 112 bytes (target: 0x00007FFAB7FE81E2).
[Info   :     Fixes] [T1-22:56:13.630] [X64InlineHook] ["c_game_aiv_prepare_layout_hook"] compiled stub at 0x00007FFA480E33E0, size: 22 bytes (target: 0x00007FFAB7F84C80).
[Info   :     Fixes] [T1-22:56:13.630] [X64InlineHook] ["c_game_attempt_recruit_required_troops_hook"] compiled stub at 0x00007FFA480E3460, size: 49 bytes (target: 0x00007FFAB7F70C02).
[Info   :     Fixes] [T1-22:56:13.630] [X64InlineHook] ["c_game_attempt_recruit_required_troops_hook2"] compiled stub at 0x00007FFA480E3540, size: 50 bytes (target: 0x00007FFAB7F70C66).
[Info   :     Fixes] [T1-22:56:13.630] [X64InlineHook] ["c_game_attempt_recruit_required_troops_hook3"] compiled stub at 0x00007FFA480E3630, size: 68 bytes (target: 0x00007FFAB7F70D0D).
[Info   :     Fixes] [T1-22:56:13.630] [X64InlineHook] ["c_game_ai_train_economy_protection_troops_hook"] compiled stub at 0x00007FFA480E3770, size: 52 bytes (target: 0x00007FFAB7F70522).
[Info   :     Fixes] [T1-22:56:13.631] [X64InlineHook] ["c_game_ai_train_economy_protection_troops_hook2"] compiled stub at 0x00007FFA480E3850, size: 57 bytes (target: 0x00007FFAB7F70569).
[Info   :     Fixes] [T1-22:56:13.631] [X64InlineHook] ["c_game_ai_train_bodyguard_troops_hook"] compiled stub at 0x00007FFA480E3980, size: 51 bytes (target: 0x00007FFAB7F70313).
[Info   :     Fixes] [T1-22:56:13.631] [X64InlineHook] ["c_game_ai_train_bodyguard_troops_hook2"] compiled stub at 0x00007FFA480E3A60, size: 57 bytes (target: 0x00007FFAB7F70379).
[Info   :     Fixes] [T1-22:56:13.631] [X64InlineHook] ["c_game_ai_move_tribe_to_keep_entrance_hook"] compiled stub at 0x00007FFA480E3B90, size: 215 bytes (target: 0x00007FFAB7F6E9BA).
[Info   :     Fixes] [T1-22:56:13.631] [X64InlineHook] ["c_game_ai_recruitmentmode_handler_hook"] compiled stub at 0x00007FFA480E3F90, size: 99 bytes (target: 0x00007FFAB7F5F2C5).
[Info   :     Fixes] [T1-22:56:13.633] [X64InlineHook] ["c_game_aiv_validate_building_tile_hook"] compiled stub at 0x00007FFA480E41B0, size: 205 bytes (target: 0x00007FFAB7FAB219).
[Info   :     Fixes] [T1-22:56:13.633] [X64InlineHook] ["c_game_ai_tribe_siege_behaviour_handler_hook"] compiled stub at 0x00007FFA480E4560, size: 140 bytes (target: 0x00007FFAB7F6B5C5).
[Info   :     Fixes] [T1-22:56:13.634] [X64InlineHook] ["c_game_ai_tribe_siege_behaviour_handler_hook"] compiled stub at 0x00007FFA480E47D0, size: 150 bytes (target: 0x00007FFAB7F5F8DA).
[Info   :     Fixes] [T1-22:56:13.634] [X64InlineHook] ["c_game_ai_tribe_siege_behaviour_handler_hook2"] compiled stub at 0x00007FFA480E4A00, size: 49 bytes (target: 0x00007FFAB7F5F7C5).
[Info   :     Fixes] [T1-22:56:13.635] [X64InlineHook] ["c_game_aiv_orderedmaptileids_hook1"] compiled stub at 0x00007FFA480E4AD0, size: 43 bytes (target: 0x00007FFAB7F81B4A).
[Info   :     Fixes] [T1-22:56:13.635] [X64InlineHook] ["c_game_aiv_orderedmaptileids_hook2"] compiled stub at 0x00007FFA480E4B80, size: 42 bytes (target: 0x00007FFAB7F81A02).
[Info   :     Fixes] [T1-22:56:13.635] [X64InlineHook] ["c_game_aiv_orderedmaptileids_hook3"] compiled stub at 0x00007FFA480E4C30, size: 45 bytes (target: 0x00007FFAB7F81914).
[Info   :     Fixes] [T1-22:56:13.635] [X64InlineHook] ["c_game_aiv_orderedmaptileids_hook4"] compiled stub at 0x00007FFA480E4CF0, size: 39 bytes (target: 0x00007FFAB7F8450A).
[Info   :     Fixes] [T1-22:56:13.635] [X64InlineHook] ["c_game_aiv_orderedmaptileids_hook5"] compiled stub at 0x00007FFA480E4DA0, size: 39 bytes (target: 0x00007FFAB7F8464A).
[Info   :     Fixes] [T1-22:56:13.636] [X64InlineHook] ["c_game_aiv_orderedmaptileids_hook11"] compiled stub at 0x00007FFA480E4E50, size: 68 bytes (target: 0x00007FFAB7F86647).
[Info   :     Fixes] [T1-22:56:13.639] [X64InlineHook] ["c_game_ai_sell_item_handler_hook"] compiled stub at 0x00007FFA480E4F80, size: 75 bytes (target: 0x00007FFAB7F6F0C9).
[Info   :     Fixes] [T1-22:56:13.639] [X64InlineHook] ["c_game_ai_deploy_harassing_siege_engine_tents_hook2"] compiled stub at 0x00007FFA480E50D0, size: 90 bytes (target: 0x00007FFAB7F5ED16).
[Info   :     Fixes] [T1-22:56:13.640] [X64InlineHook] ["c_game_ai_build_wall_hook"] compiled stub at 0x00007FFA480E5240, size: 51 bytes (target: 0x00007FFAB7F9CCC8).
[Info   :     Fixes] [T1-22:56:13.640] [X64InlineHook] ["c_game_ai_build_wall_internal_hook"] compiled stub at 0x00007FFA480E5310, size: 80 bytes (target: 0x00007FFAB7FA7D43).
[Info   :     Fixes] [T1-22:56:13.640] [X64InlineHook] ["c_game_ai_need_more_ox_bases_hook"] compiled stub at 0x00007FFA480E5430, size: 89 bytes (target: 0x00007FFAB7F5DEBA).
[Info   :     Fixes] [T1-22:56:13.640] [X64InlineHook] ["c_game_ai_need_more_ox_bases_hook2"] compiled stub at 0x00007FFA480E55D0, size: 88 bytes (target: 0x00007FFAB7F5DD86).
[Info   :     Fixes] [T1-22:56:13.641] [X64InlineHook] ["UnitUpdate_140714806108464"] compiled stub at 0x00007FFA480E5740, size: 155 bytes (target: 0x00007FFAB8086130).
[Info   :     Fixes] [T1-22:56:13.641] [X64InlineHook] ["UnitUpdate_140714806111680"] compiled stub at 0x00007FFA480E5A30, size: 155 bytes (target: 0x00007FFAB8086DC0).
[Info   :     Fixes] [T1-22:56:13.641] [X64InlineHook] ["UnitUpdate_140714806114320"] compiled stub at 0x00007FFA480E5D20, size: 155 bytes (target: 0x00007FFAB8087810).
[Info   :     Fixes] [T1-22:56:13.641] [X64InlineHook] ["UnitUpdate_140714806116384"] compiled stub at 0x00007FFA480E6010, size: 155 bytes (target: 0x00007FFAB8088020).
[Info   :     Fixes] [T1-22:56:13.641] [X64InlineHook] ["UnitUpdate_140714806276848"] compiled stub at 0x00007FFA480E6300, size: 154 bytes (target: 0x00007FFAB80AF2F0).
[Info   :     Fixes] [T1-22:56:13.642] [Detour:c_game_tribe_remove_unit_type_hook] ["c_game_tribe_remove_unit_type_hook"] prepared at 0x00007FFAB8054110 using Indirect: 9 bytes displaced, trampoline 0x00007FFA480E6610.
[Info   :     Fixes] [T1-22:56:13.642] [X64InlineHook] ["c_game_unit_tunneler_collapse_tunnel_path_hook"] compiled stub at 0x00007FFA480E6650, size: 236 bytes (target: 0x00007FFAB80B5306).
[Info   :     Fixes] [T1-22:56:13.642] [X64InlineHook] ["c_game_pathfinding_rebuild_hook1"] compiled stub at 0x00007FFA480E6990, size: 42 bytes (target: 0x00007FFAB8014B61).
[Info   :     Fixes] [T1-22:56:13.642] [X64InlineHook] ["c_game_pathfinding_rebuild_hook2"] compiled stub at 0x00007FFA480E6A80, size: 49 bytes (target: 0x00007FFAB8014AA3).
[Info   :     Fixes] [T1-22:56:13.643] [X64InlineHook] ["c_game_pathfinding_rebuild_hook3"] compiled stub at 0x00007FFA480E6B30, size: 35 bytes (target: 0x00007FFAB8014DF4).
[Info   :     Fixes] [T1-22:56:13.643] [X64InlineHook] ["c_game_pathfinding_rebuild_hook4"] compiled stub at 0x00007FFA480E6BC0, size: 48 bytes (target: 0x00007FFAB8017CE6).
[Info   :     Fixes] [T1-22:56:13.643] [X64InlineHook] ["c_game_pathfinding_rebuild_hook5"] compiled stub at 0x00007FFA480E6C70, size: 68 bytes (target: 0x00007FFAB8017E92).
[Info   :     Fixes] [T1-22:56:13.643] [X64InlineHook] ["c_game_ai_is_keep_siegeable_hook1"] compiled stub at 0x00007FFA480E6D90, size: 37 bytes (target: 0x00007FFAB7FFF4D9).
[Info   :     Fixes] [T1-22:56:13.643] [X64InlineHook] ["newInlineHook"] compiled stub at 0x00007FFA480E6E40, size: 42 bytes (target: 0x00007FFAB7FFE7FA).
[Info   :     Fixes] [T1-22:56:13.643] [X64InlineHook] ["newInlineHook"] compiled stub at 0x00007FFA480E6EF0, size: 42 bytes (target: 0x00007FFAB7FFE839).
[Info   :     Fixes] [T1-22:56:13.643] [X64InlineHook] ["newInlineHook"] compiled stub at 0x00007FFA480E6FA0, size: 42 bytes (target: 0x00007FFAB7FFE879).
[Info   :     Fixes] [T1-22:56:13.643] [X64InlineHook] ["newInlineHook"] compiled stub at 0x00007FFA480E7050, size: 42 bytes (target: 0x00007FFAB7FFE8B9).
[Info   :     Fixes] [T1-22:56:13.643] [X64InlineHook] ["newInlineHook"] compiled stub at 0x00007FFA480E7100, size: 42 bytes (target: 0x00007FFAB7FFE8F9).
[Info   :     Fixes] [T1-22:56:13.643] [X64InlineHook] ["newInlineHook"] compiled stub at 0x00007FFA480E71B0, size: 42 bytes (target: 0x00007FFAB7FFE939).
[Info   :     Fixes] [T1-22:56:13.643] [X64InlineHook] ["newInlineHook"] compiled stub at 0x00007FFA480E7260, size: 42 bytes (target: 0x00007FFAB7FFE979).
[Info   :     Fixes] [T1-22:56:13.643] [X64InlineHook] ["newInlineHook"] compiled stub at 0x00007FFA480E7310, size: 42 bytes (target: 0x00007FFAB7FFE9B9).
[Info   :     Fixes] [T1-22:56:13.643] [X64InlineHook] ["newInlineHook"] compiled stub at 0x00007FFA480E73C0, size: 42 bytes (target: 0x00007FFAB7FFEA32).
[Info   :     Fixes] [T1-22:56:13.643] [X64InlineHook] ["sub_18002C5A0_hook"] compiled stub at 0x00007FFA480E7470, size: 33 bytes (target: 0x00007FFAB7F5C5E1).
[Info   :     Fixes] [T1-22:56:13.643] [X64InlineHook] ["sub_18010DCB0_hook"] compiled stub at 0x00007FFA480E7500, size: 43 bytes (target: 0x00007FFAB803DD50).
[Info   :     Fixes] [T1-22:56:13.643] [X64InlineHook] ["sub_18010F150_hook"] compiled stub at 0x00007FFA480E75D0, size: 40 bytes (target: 0x00007FFAB803F1B3).
[Info   :     Fixes] [T1-22:56:13.643] [X64InlineHook] ["sub_180114760_hook"] compiled stub at 0x00007FFA480E7670, size: 37 bytes (target: 0x00007FFAB804488A).
[Info   :     Fixes] [T1-22:56:13.644] [X64InlineHook] ["c_game_building_select_worker_approach_tile_hook1"] compiled stub at 0x00007FFA480E7710, size: 266 bytes (target: 0x00007FFAB7FEB44D).
[Info   :     Fixes] [T1-22:56:13.645] [X64InlineHook] ["c_game_building_select_worker_approach_tile_hook2"] compiled stub at 0x00007FFA480E7BB0, size: 218 bytes (target: 0x00007FFAB7FEB9A7).
[Info   :     Fixes] [T1-22:56:13.645] [X64InlineHook] ["c_game_build_wall_hook"] hook enabled at 0x00007FFAB7F9F2C2, stub 0x00007FFA480E2170.
[Info   :     Fixes] [T1-22:56:13.645] [X64InlineHook] ["c_game_player_queue_build_wall_hook"] hook enabled at 0x00007FFAB7F41D4A, stub 0x00007FFA480E2230.
[Info   :     Fixes] [T1-22:56:13.645] [X64InlineHook] ["c_game_player_placing_walls_hook"] hook enabled at 0x00007FFAB7F9136F, stub 0x00007FFA480E2320.
[Info   :     Fixes] [T1-22:56:13.645] [X64InlineHook] ["c_game_gatehouse_query_farmerstuck_fix_hook"] hook enabled at 0x00007FFAB7FE7C39, stub 0x00007FFA480E2580.
[Info   :     Fixes] [T1-22:56:13.645] [X64InlineHook] ["c_game_building_toggle_pause_hook"] hook enabled at 0x00007FFAB7FF7F3E, stub 0x00007FFA480E2750.
[Info   :     Fixes] [T1-22:56:13.645] [X64InlineHook] ["c_game_ai_deploy_harassing_siege_engine_tents_hook"] hook enabled at 0x00007FFAB7F5EFCB, stub 0x00007FFA480E2D90.
[Info   :     Fixes] [T1-22:56:13.645] [X64InlineHook] ["c_game_ai_find_valid_siege_tent_site_hook"] hook enabled at 0x00007FFAB801A9F7, stub 0x00007FFA480E2FA0.
[Info   :     Fixes] [T1-22:56:13.645] [X64InlineHook] ["c_game_ai_count_active_farms_hook"] hook enabled at 0x00007FFAB7FE81E2, stub 0x00007FFA480E3180.
[Info   :     Fixes] [T1-22:56:13.645] [X64InlineHook] ["c_game_aiv_prepare_layout_hook"] hook enabled at 0x00007FFAB7F84C80, stub 0x00007FFA480E33E0.
[Info   :     Fixes] [T1-22:56:13.645] [X64InlineHook] ["c_game_attempt_recruit_required_troops_hook"] hook enabled at 0x00007FFAB7F70C02, stub 0x00007FFA480E3460.
[Info   :     Fixes] [T1-22:56:13.645] [X64InlineHook] ["c_game_attempt_recruit_required_troops_hook2"] hook enabled at 0x00007FFAB7F70C66, stub 0x00007FFA480E3540.
[Info   :     Fixes] [T1-22:56:13.645] [X64InlineHook] ["c_game_attempt_recruit_required_troops_hook3"] hook enabled at 0x00007FFAB7F70D0D, stub 0x00007FFA480E3630.
[Info   :     Fixes] [T1-22:56:13.645] [X64InlineHook] ["c_game_ai_train_economy_protection_troops_hook"] hook enabled at 0x00007FFAB7F70522, stub 0x00007FFA480E3770.
[Info   :     Fixes] [T1-22:56:13.645] [X64InlineHook] ["c_game_ai_train_economy_protection_troops_hook2"] hook enabled at 0x00007FFAB7F70569, stub 0x00007FFA480E3850.
[Info   :     Fixes] [T1-22:56:13.645] [X64InlineHook] ["c_game_ai_train_bodyguard_troops_hook"] hook enabled at 0x00007FFAB7F70313, stub 0x00007FFA480E3980.
[Info   :     Fixes] [T1-22:56:13.645] [X64InlineHook] ["c_game_ai_train_bodyguard_troops_hook2"] hook enabled at 0x00007FFAB7F70379, stub 0x00007FFA480E3A60.
[Info   :     Fixes] [T1-22:56:13.645] [X64InlineHook] ["c_game_ai_move_tribe_to_keep_entrance_hook"] hook enabled at 0x00007FFAB7F6E9BA, stub 0x00007FFA480E3B90.
[Info   :     Fixes] [T1-22:56:13.645] [X64InlineHook] ["c_game_ai_recruitmentmode_handler_hook"] hook enabled at 0x00007FFAB7F5F2C5, stub 0x00007FFA480E3F90.
[Info   :     Fixes] [T1-22:56:13.645] [X64InlineHook] ["c_game_aiv_validate_building_tile_hook"] hook enabled at 0x00007FFAB7FAB219, stub 0x00007FFA480E41B0.
[Info   :     Fixes] [T1-22:56:13.645] [X64InlineHook] ["c_game_ai_tribe_siege_behaviour_handler_hook"] hook enabled at 0x00007FFAB7F6B5C5, stub 0x00007FFA480E4560.
[Info   :     Fixes] [T1-22:56:13.645] [X64InlineHook] ["c_game_ai_tribe_siege_behaviour_handler_hook"] hook enabled at 0x00007FFAB7F5F8DA, stub 0x00007FFA480E47D0.
[Info   :     Fixes] [T1-22:56:13.645] [X64InlineHook] ["c_game_ai_tribe_siege_behaviour_handler_hook2"] hook enabled at 0x00007FFAB7F5F7C5, stub 0x00007FFA480E4A00.
[Info   :     Fixes] [T1-22:56:13.645] [X64InlineHook] ["c_game_aiv_orderedmaptileids_hook1"] hook enabled at 0x00007FFAB7F81B4A, stub 0x00007FFA480E4AD0.
[Info   :     Fixes] [T1-22:56:13.645] [X64InlineHook] ["c_game_aiv_orderedmaptileids_hook2"] hook enabled at 0x00007FFAB7F81A02, stub 0x00007FFA480E4B80.
[Info   :     Fixes] [T1-22:56:13.645] [X64InlineHook] ["c_game_aiv_orderedmaptileids_hook3"] hook enabled at 0x00007FFAB7F81914, stub 0x00007FFA480E4C30.
[Info   :     Fixes] [T1-22:56:13.645] [X64InlineHook] ["c_game_aiv_orderedmaptileids_hook4"] hook enabled at 0x00007FFAB7F8450A, stub 0x00007FFA480E4CF0.
[Info   :     Fixes] [T1-22:56:13.645] [X64InlineHook] ["c_game_aiv_orderedmaptileids_hook5"] hook enabled at 0x00007FFAB7F8464A, stub 0x00007FFA480E4DA0.
[Info   :     Fixes] [T1-22:56:13.645] [X64InlineHook] ["c_game_aiv_orderedmaptileids_hook11"] hook enabled at 0x00007FFAB7F86647, stub 0x00007FFA480E4E50.
[Info   :     Fixes] [T1-22:56:13.645] [X64InlineHook] ["c_game_ai_sell_item_handler_hook"] hook enabled at 0x00007FFAB7F6F0C9, stub 0x00007FFA480E4F80.
[Info   :     Fixes] [T1-22:56:13.645] [X64InlineHook] ["c_game_ai_deploy_harassing_siege_engine_tents_hook2"] hook enabled at 0x00007FFAB7F5ED16, stub 0x00007FFA480E50D0.
[Info   :     Fixes] [T1-22:56:13.645] [X64InlineHook] ["c_game_ai_build_wall_hook"] hook enabled at 0x00007FFAB7F9CCC8, stub 0x00007FFA480E5240.
[Info   :     Fixes] [T1-22:56:13.645] [X64InlineHook] ["c_game_ai_build_wall_internal_hook"] hook enabled at 0x00007FFAB7FA7D43, stub 0x00007FFA480E5310.
[Info   :     Fixes] [T1-22:56:13.645] [X64InlineHook] ["c_game_ai_need_more_ox_bases_hook"] hook enabled at 0x00007FFAB7F5DEBA, stub 0x00007FFA480E5430.
[Info   :     Fixes] [T1-22:56:13.645] [X64InlineHook] ["c_game_ai_need_more_ox_bases_hook2"] hook enabled at 0x00007FFAB7F5DD86, stub 0x00007FFA480E55D0.
[Info   :     Fixes] [T1-22:56:13.645] [X64InlineHook] ["UnitUpdate_140714806108464"] hook enabled at 0x00007FFAB8086130, stub 0x00007FFA480E5740.
[Info   :     Fixes] [T1-22:56:13.645] [X64InlineHook] ["UnitUpdate_140714806111680"] hook enabled at 0x00007FFAB8086DC0, stub 0x00007FFA480E5A30.
[Info   :     Fixes] [T1-22:56:13.646] [X64InlineHook] ["UnitUpdate_140714806114320"] hook enabled at 0x00007FFAB8087810, stub 0x00007FFA480E5D20.
[Info   :     Fixes] [T1-22:56:13.646] [X64InlineHook] ["UnitUpdate_140714806116384"] hook enabled at 0x00007FFAB8088020, stub 0x00007FFA480E6010.
[Info   :     Fixes] [T1-22:56:13.646] [X64InlineHook] ["UnitUpdate_140714806276848"] hook enabled at 0x00007FFAB80AF2F0, stub 0x00007FFA480E6300.
[Info   :     Fixes] [T1-22:56:13.646] [X64InlineHook] ["c_game_unit_tunneler_collapse_tunnel_path_hook"] hook enabled at 0x00007FFAB80B5306, stub 0x00007FFA480E6650.
[Info   :     Fixes] [T1-22:56:13.646] [X64InlineHook] ["c_game_pathfinding_rebuild_hook1"] hook enabled at 0x00007FFAB8014B61, stub 0x00007FFA480E6990.
[Info   :     Fixes] [T1-22:56:13.646] [X64InlineHook] ["c_game_pathfinding_rebuild_hook2"] hook enabled at 0x00007FFAB8014AA3, stub 0x00007FFA480E6A80.
[Info   :     Fixes] [T1-22:56:13.646] [X64InlineHook] ["c_game_pathfinding_rebuild_hook3"] hook enabled at 0x00007FFAB8014DF4, stub 0x00007FFA480E6B30.
[Info   :     Fixes] [T1-22:56:13.646] [X64InlineHook] ["c_game_pathfinding_rebuild_hook4"] hook enabled at 0x00007FFAB8017CE6, stub 0x00007FFA480E6BC0.
[Info   :     Fixes] [T1-22:56:13.646] [X64InlineHook] ["c_game_pathfinding_rebuild_hook5"] hook enabled at 0x00007FFAB8017E92, stub 0x00007FFA480E6C70.
[Info   :     Fixes] [T1-22:56:13.646] [X64InlineHook] ["c_game_ai_is_keep_siegeable_hook1"] hook enabled at 0x00007FFAB7FFF4D9, stub 0x00007FFA480E6D90.
[Info   :     Fixes] [T1-22:56:13.646] [X64InlineHook] ["newInlineHook"] hook enabled at 0x00007FFAB7FFE7FA, stub 0x00007FFA480E6E40.
[Info   :     Fixes] [T1-22:56:13.647] [X64InlineHook] ["newInlineHook"] hook enabled at 0x00007FFAB7FFE839, stub 0x00007FFA480E6EF0.
[Info   :     Fixes] [T1-22:56:13.647] [X64InlineHook] ["newInlineHook"] hook enabled at 0x00007FFAB7FFE879, stub 0x00007FFA480E6FA0.
[Info   :     Fixes] [T1-22:56:13.647] [X64InlineHook] ["newInlineHook"] hook enabled at 0x00007FFAB7FFE8B9, stub 0x00007FFA480E7050.
[Info   :     Fixes] [T1-22:56:13.647] [X64InlineHook] ["newInlineHook"] hook enabled at 0x00007FFAB7FFE8F9, stub 0x00007FFA480E7100.
[Info   :     Fixes] [T1-22:56:13.647] [X64InlineHook] ["newInlineHook"] hook enabled at 0x00007FFAB7FFE939, stub 0x00007FFA480E71B0.
[Info   :     Fixes] [T1-22:56:13.647] [X64InlineHook] ["newInlineHook"] hook enabled at 0x00007FFAB7FFE979, stub 0x00007FFA480E7260.
[Info   :     Fixes] [T1-22:56:13.647] [X64InlineHook] ["newInlineHook"] hook enabled at 0x00007FFAB7FFE9B9, stub 0x00007FFA480E7310.
[Info   :     Fixes] [T1-22:56:13.647] [X64InlineHook] ["newInlineHook"] hook enabled at 0x00007FFAB7FFEA32, stub 0x00007FFA480E73C0.
[Info   :     Fixes] [T1-22:56:13.647] [X64InlineHook] ["sub_18002C5A0_hook"] hook enabled at 0x00007FFAB7F5C5E1, stub 0x00007FFA480E7470.
[Info   :     Fixes] [T1-22:56:13.647] [X64InlineHook] ["sub_18010DCB0_hook"] hook enabled at 0x00007FFAB803DD50, stub 0x00007FFA480E7500.
[Info   :     Fixes] [T1-22:56:13.647] [X64InlineHook] ["sub_18010F150_hook"] hook enabled at 0x00007FFAB803F1B3, stub 0x00007FFA480E75D0.
[Info   :     Fixes] [T1-22:56:13.647] [X64InlineHook] ["sub_180114760_hook"] hook enabled at 0x00007FFAB804488A, stub 0x00007FFA480E7670.
[Info   :     Fixes] [T1-22:56:13.647] [X64InlineHook] ["c_game_building_select_worker_approach_tile_hook1"] hook enabled at 0x00007FFAB7FEB44D, stub 0x00007FFA480E7710.
[Info   :     Fixes] [T1-22:56:13.647] [X64InlineHook] ["c_game_building_select_worker_approach_tile_hook2"] hook enabled at 0x00007FFAB7FEB9A7, stub 0x00007FFA480E7BB0.
[Info   :     Fixes] [T1-22:56:13.647] [HookTransaction[ApplyNative]] Commit: "88/88 installed, 0 failed, 21ms (0ms scanning)"
[Info   :  SHCDE-SE] [T1-22:56:13.660] [DetourManager] [ApplyNative] Hook setup completed in 21ms
[Info   :  SHCDE-SE] [T1-22:56:13.725] [LobbyModSettingsStorage] [Load] [Fixes]: Settings restored from [E:\ProgrammeE\Steam\steamapps\common\Stronghold Crusader Definitive Edition\BepInEx\plugins\fixes\LobbyModSettings\Fixes.msgpack]
[Info   :  SHCDE-SE] [T1-22:56:13.729] [GameXAMLManagerAPI] [RegisterLobbyModSettingsCore] Registered mod [Fixes]
[Info   :     Fixes] [T1-22:56:13.729] [Plugin] [LoadExternalConfigs] Loading external configuration...
[Info   :     Fixes] [T1-22:56:13.734] [Plugin] [OverrideGlobals] Overriding globals...
[Info   :   BepInEx] Loading [Unit Limit 1.0.100]
[Info   :     Fixes] [T1-22:56:13.734] [Plugin] [Awake] Plugin Fixes is loaded!
[Debug  :Unit Limit] [2026-09-24 22:56:13.740] Crash breadcrumb diagnostics enabled: plugin=UnitLimit_Serp, ringCapacity=256, snapshotIntervalSeconds=1, retainedSessions=3.
[Debug  :Unit Limit] [2026-09-24 22:56:13.740] Unit Limit 1.0.100 loaded.
[Debug  :Unit Limit] [2026-09-24 22:56:13.744] [Unit Limit] gameplay-mod gate: modGuid=UnitLimit_Serp, source=initialization, kind=Unknown, launchVariant=Standard, customized=False, customizedOrigin=0, modeAllowed=False, configuredEnabled=True, effectiveEnabled=False, action=disabled-by-mode, reason=unknown-fail-closed.
[Info   :Unit Limit] [2026-09-24 22:56:13.745] [UnitLimit_Serp] gameplay-feature gate: feature=UnitLimitEnforcement, source=initialization, kind=Unknown, launchVariant=Standard, realMultiplayer=False, modeAllowed=False, action=disabled-by-feature-mode, reason=unknown-fail-closed.
[Info   :Unit Limit] [2026-09-24 22:56:13.772] Unit Limit verified the installed CrusaderDE.dll: sha256=FBCB93195FC7EFCA9BDAC5204852EFDD76F9818F59A6711750D77C9CEF2831E2, size=3451392, path=E:\ProgrammeE\Steam\steamapps\common\Stronghold Crusader Definitive Edition\Stronghold Crusader Definitive Edition_Data\Plugins\x86_64\CrusaderDE.dll.
[Info   :Serp Localization] [2026-09-24 22:56:13.784] Locale selected: locale=en-US, source=Steam runtime, rawLanguage=english, configuredProvider=detect, scriptExtenderLanguage=en-US, pluginDirectory=E:\ProgrammeE\Steam\steamapps\common\Stronghold Crusader Definitive Edition\BepInEx\plugins\UnitLimit_Serp, englishFileExists=True, localeFileExists=True.
[Info   :  SHCDE-SE] [T1-22:56:13.786] [LobbyModSettingsStorage] [Load] [UnitLimit_Serp]: Settings restored from [E:\ProgrammeE\Steam\steamapps\common\Stronghold Crusader Definitive Edition\BepInEx\plugins\UnitLimit_Serp\LobbyModSettings\UnitLimit_Serp.msgpack]
[Info   :  SHCDE-SE] [T1-22:56:13.790] [GameXAMLManagerAPI] [RegisterLobbyModSettingsCore] Registered mod [UnitLimit_Serp]
[Info   :Unit Limit] [2026-09-24 22:56:13.791] [UnitLimit_Serp] Loaded editable lobby-settings working state; basedOn=, modified=False.
[Info   :  SHCDE-SE] [T1-22:56:13.791] [GameXAMLManagerAPI] [RegisterBinding] Registering auto-binding: [UnitLimitNotificationOverlay]
[Info   :  SHCDE-SE] [T1-22:56:13.791] [GameXAMLManagerAPI] [RegisterBinding] Registering auto-binding: [UnitLimitSiegeNotificationInlineHost]
[Info   :  SHCDE-SE] [T1-22:56:13.791] [GameXAMLManagerAPI] [RegisterBinding] Registering auto-binding: [UnitLimitTroopLimitInlineHost]
[Info   :  SHCDE-SE] [T1-22:56:13.791] [GameXAMLManagerAPI] [RegisterBinding] Registering auto-binding: [UnitLimitArabTroopLimitInlineHost]
[Info   :  SHCDE-SE] [T1-22:56:13.791] [GameXAMLManagerAPI] [RegisterBinding] Registering auto-binding: [UnitLimitBedouinTroopLimitInlineHost]
[Info   :  SHCDE-SE] [T1-22:56:13.791] [GameXAMLManagerAPI] [RegisterBinding] Registering auto-binding: [UnitLimitEngineersLimitInlineHost]
[Info   :  SHCDE-SE] [T1-22:56:13.791] [GameXAMLManagerAPI] [RegisterBinding] Registering auto-binding: [UnitLimitTunellersLimitInlineHost]
[Info   :  SHCDE-SE] [T1-22:56:13.791] [GameXAMLManagerAPI] [RegisterBinding] Registering auto-binding: [UnitLimitMonkLimitInlineHost]
[Info   :  SHCDE-SE] [T1-22:56:13.791] [GameXAMLManagerAPI] [RegisterBinding] Registering auto-binding: [UnitLimitSiegeLimitInlineHost]
[Debug  :Unit Limit] [2026-09-24 22:56:13.791] Unit limit disabled; runtime hooks not subscribed
[Debug  :Unit Limit] [2026-09-24 22:56:13.791] Crusader library loaded; UnitLimit runtime initialized.
[Info   :   BepInEx] Loading [Extra Features 1.0.101]
[Debug  :Extra Features] [2026-09-24 22:56:13.796] Crash breadcrumb diagnostics enabled: plugin=ExtraFeatures_Serp, ringCapacity=256, snapshotIntervalSeconds=1, retainedSessions=3.
[Debug  :Extra Features] [2026-09-24 22:56:13.796] Extra Features 1.0.101 loaded.
[Debug  :Extra Features] [2026-09-24 22:56:13.798] [Extra Features] gameplay-mod gate: modGuid=ExtraFeatures_Serp, source=initialization, kind=Unknown, launchVariant=Standard, customized=False, customizedOrigin=0, modeAllowed=False, configuredEnabled=True, effectiveEnabled=False, action=disabled-by-mode, reason=unknown-fail-closed.
[Info   :Extra Features] [2026-09-24 22:56:13.798] [ExtraFeatures_Serp] gameplay-feature gate: feature=LordHealthMultipliers, source=initialization, kind=Unknown, launchVariant=Standard, realMultiplayer=False, modeAllowed=False, action=disabled-by-feature-mode, reason=unknown-fail-closed.
[Debug  :Extra Features] [2026-09-24 22:56:13.798] Extra Features connected to UnitLimit capacity integration.
[Info   :  SHCDE-SE] [T1-22:56:13.803] [GameNetworkAPI] [GetPacketEventFor] Dynamically registered packet type 'KnightTransformationPacket' with ID: 1101
[Info   :  SHCDE-SE] [T1-22:56:13.803] [GameNetworkAPI] [GetPacketEventFor] Created R3 event stream for packet ID 1101 [KnightTransformationPacket]
[Debug  :Extra Features] [2026-09-24 22:56:13.805] Extra Features Knight transformation persistent Stop/Save/movement/visual infrastructure installed.
[Debug  :Extra Features] [2026-09-24 22:56:13.805] Extra Features Knight transformation synchronization registered: protocolVersion=2.
[Info   :  SHCDE-SE] [T1-22:56:13.806] [GameNetworkAPI] [GetPacketEventFor] Dynamically registered packet type 'GatehouseAutomationPacket' with ID: 1102
[Info   :  SHCDE-SE] [T1-22:56:13.806] [GameNetworkAPI] [GetPacketEventFor] Created R3 event stream for packet ID 1102 [GatehouseAutomationPacket]
[Info   :Extra Features] [2026-09-24 22:56:13.806] Extra Features gatehouse Chore packet registered eagerly: packetId=1102, protocolVersion=1.
[Info   :  SHCDE-SE] [T1-22:56:13.806] [ModSaveDataAPI] [RegisterModDataHandler] Registered handler for [serp-extrafeatures-gatehouse-automation-v1]
[Info   :Extra Features] [2026-09-24 22:56:13.807] Extra Features gatehouse timing is owned by APIShared; no local native timing patch is installed.
[Info   :Extra Features] [2026-09-24 22:56:13.807] Extra Features gatehouse automation initialized; savegames use global building IDs and editor maps use stable locators in save schema v2.
[Debug  :Extra Features] [2026-09-24 22:56:13.808] AI defense repair and rebuild runtime initialized.
[Info   :  SHCDE-SE] [T1-22:56:13.808] [ModSaveDataAPI] [RegisterModDataHandler] Registered handler for [ExtraFeatures.LordHealth.v1]
[Info   :Serp Localization] [2026-09-24 22:56:13.823] Locale selected: locale=en-US, source=Steam runtime, rawLanguage=english, configuredProvider=detect, scriptExtenderLanguage=en-US, pluginDirectory=E:\ProgrammeE\Steam\steamapps\common\Stronghold Crusader Definitive Edition\BepInEx\plugins\ExtraFeatures_Serp, englishFileExists=True, localeFileExists=True.
[Info   :  SHCDE-SE] [T1-22:56:13.827] [LobbyModSettingsStorage] [Load] [ExtraFeatures_Serp]: Settings restored from [E:\ProgrammeE\Steam\steamapps\common\Stronghold Crusader Definitive Edition\BepInEx\plugins\ExtraFeatures_Serp\LobbyModSettings\ExtraFeatures_Serp.msgpack]
[Info   :  SHCDE-SE] [T1-22:56:13.836] [GameXAMLManagerAPI] [RegisterLobbyModSettingsCore] Registered mod [ExtraFeatures_Serp]
[Info   :Extra Features] [2026-09-24 22:56:13.836] [ExtraFeatures_Serp] Loaded editable lobby-settings working state; basedOn=, modified=False.
[Info   :  SHCDE-SE] [T1-22:56:13.836] [GameXAMLManagerAPI] [RegisterBinding] Registering auto-binding: [SerpTroopAction_0100_ExtraFeaturesKnightTransform]
[Info   :  SHCDE-SE] [T1-22:56:13.836] [GameXAMLManagerAPI] [RegisterBinding] Registering auto-binding: [ExtraFeaturesGatehouseAutomationButtonHost]
[Debug  :Extra Features] [2026-09-24 22:56:13.862] Native address resolved: name=default worker-count table, method=reference-rva, rva=0x2E5E58.
[Info   :Extra Features] [2026-09-24 22:56:13.863] Extra Features church worker table found at 00007FFAB8215DE0.
[Debug  :Extra Features] [2026-09-24 22:56:13.863] Native address resolved: name=plague lifetime instruction, method=reference-rva, rva=0x9A164.
[Info   :  SHCDE-SE] [T1-22:56:13.863] [X64InlineHook] ["handle"] compiled stub at 0x00007FFA480E7ED0, size: 182 bytes (target: 0x00007FFAB7FCA176).
[Info   :  SHCDE-SE] [T1-22:56:13.864] [X64InlineHook] ["handle"] hook enabled at 0x00007FFAB7FCA176, stub 0x00007FFA480E7ED0.
[Info   :  SHCDE-SE] [T1-22:56:13.864] [HookTransaction[CreateOwnedTransaction]] Commit: "1/1 installed, 0 failed, 0ms (0ms scanning)"
[Debug  :Extra Features] [2026-09-24 22:56:13.865] Native address resolved: name=AI flag projectile routine, method=reference-rva, rva=0x504F0.
[Info   :  SHCDE-SE] [T1-22:56:13.865] [ModSaveDataAPI] [RegisterModDataHandler] Registered handler for [ExtraFeatures.AiFlagDisease.v1]
[Info   :  SHCDE-SE] [T1-22:56:13.865] [Detour:aiFlagRoutineHook] ["aiFlagRoutineHook"] prepared at 0x00007FFAB7F804F0 using Indirect: 6 bytes displaced, trampoline 0x00007FFA480E8120.
[Debug  :Extra Features] [2026-09-24 22:56:13.911] Extra Features AI flag disease tracking initialized: routineRva=0x504F0.
[Info   :  SHCDE-SE] [T1-22:56:13.911] [HookTransaction[CreateOwnedTransaction]] Commit: "1/1 installed, 0 failed, 46ms (0ms scanning)"
[Debug  :Extra Features] [2026-09-24 22:56:13.911] Extra Features AI flag and Cesspit Disease lifetime exceptions initialized: comparisonRva=0x9A176, vanilla=800.
[Debug  :Extra Features] [2026-09-24 22:56:13.912] Native address resolved: name=apothecary plague-search range block, method=reference-rva, rva=0x9F85F.
[Info   :  SHCDE-SE] [T1-22:56:13.913] [X64InlineHook] ["distanceComparisonHook"] compiled stub at 0x00007FFA480E8160, size: 53 bytes (target: 0x00007FFAB7FCF866).
[Info   :  SHCDE-SE] [T1-22:56:13.913] [X64InlineHook] ["distanceComparisonHook"] hook enabled at 0x00007FFAB7FCF866, stub 0x00007FFA480E8160.
[Info   :  SHCDE-SE] [T1-22:56:13.913] [HookTransaction[CreateOwnedTransaction]] Commit: "1/1 installed, 0 failed, 0ms (0ms scanning)"
[Info   :Extra Features] [2026-09-24 22:56:13.913] Extra Features apothecary plague-search hook installed disabled: startRva=0x9F866, displaced=14, returnRva=0x9F874, rejectRva=0x9F8CD, incomingInteriorTargets=0.
[Debug  :Extra Features] [2026-09-24 22:56:13.914] Native address resolved: name=Monk movement decision, method=reference-rva, rva=0x151436.
[Info   :  SHCDE-SE] [T1-22:56:13.928] [X64InlineHook] ["movementDecisionHook"] compiled stub at 0x00007FFA480E8260, size: 143 bytes (target: 0x00007FFAB8081436).
[Info   :  SHCDE-SE] [T1-22:56:13.928] [X64InlineHook] ["movementDecisionHook"] hook enabled at 0x00007FFAB8081436, stub 0x00007FFA480E8260.
[Info   :  SHCDE-SE] [T1-22:56:13.928] [HookTransaction[CreateOwnedTransaction]] Commit: "1/1 installed, 0 failed, 0ms (0ms scanning)"
[Info   :Extra Features] [2026-09-24 22:56:13.928] Extra Features Monk movement hook installed disabled: startRva=0x151436, endRva=0x15144A, instructionLengths=9,2,9, nextRva=0x15144A, incomingInteriorTargets=0, skins=FightingMonk/TempleGuard.
[Debug  :Extra Features] [2026-09-24 22:56:13.929] Native address resolved: name=fear-factor damage helper, method=reference-rva, rva=0x180560.
[Debug  :Extra Features] [2026-09-24 22:56:13.929] Native address resolved: name=fear-factor selected-unit overlay, method=reference-rva, rva=0x1A19F2.
[Info   :Extra Features] [2026-09-24 22:56:13.933] FEAR_FACTOR_VALIDATED: sha256=FBCB93195FC7EFCA9BDAC5204852EFDD76F9818F59A6711750D77C9CEF2831E2, uiStart=0x1A19F2, uiEnd=0x1A1A00, instructionLengths=7,7, next=TEST_EAX_EAX.
[Info   :  SHCDE-SE] [T1-22:56:13.933] [Detour:damageHook] ["damageHook"] prepared at 0x00007FFAB80B0560 using Indirect: 10 bytes displaced, trampoline 0x00007FFA480E8440.
[Info   :  SHCDE-SE] [T1-22:56:13.933] [X64InlineHook] ["unitOverlayHook"] compiled stub at 0x00007FFA480E8480, size: 269 bytes (target: 0x00007FFAB80D19F2).
[Info   :  SHCDE-SE] [T1-22:56:13.979] [X64InlineHook] ["unitOverlayHook"] hook enabled at 0x00007FFAB80D19F2, stub 0x00007FFA480E8480.
[Info   :Extra Features] [2026-09-24 22:56:13.980] FEAR_FACTOR_NEUTRALIZATION_READY: damageRva=0x180560, damageDetourLength=10, uiHookRva=0x1A19F2, actualUiHookLength=14, scope=allPlayersAndAI, initiallyEnabled=false, registers=All, editorEnabled=true, fearStateMutation=false, hooksInstalledAtomically=true.
[Info   :  SHCDE-SE] [T1-22:56:13.980] [HookTransaction[Apply]] Commit: "2/2 installed, 0 failed, 46ms (0ms scanning)"
[Debug  :Extra Features] [2026-09-24 22:56:13.983] Extra Features gatehouse diagnostic: button visibility state: hidden: mod-disabled.
[Info   :Extra Features] [2026-09-24 22:56:13.985] Extra Features church priest counts applied: enabled=False, church2=1, church3=1.
[Debug  :Extra Features] [2026-09-24 22:56:13.986] Native address resolved: name=AI market buy-price helper, method=reference-rva, rva=0xCEB10.
[Debug  :Extra Features] [2026-09-24 22:56:13.986] Native address resolved: name=AI market sell-price helper, method=reference-rva, rva=0xCEB90.
[Info   :Extra Features] [2026-09-24 22:56:14.006] Extra Features AI market hook spans validated before installation: buy=0xCEB10-0xCEB1A (3+7 bytes), sell=0xCEB90-0xCEB9A (3+7 bytes), nextInstructionLength=5, minimumDetourBytes=6, ripRelative=false, incomingInteriorTargets=0, overlap=false.
[Info   :  SHCDE-SE] [T1-22:56:14.006] [Detour:buyPriceHook] ["buyPriceHook"] prepared at 0x00007FFAB7FFEB10 using Indirect: 10 bytes displaced, trampoline 0x00007FFA480E8800.
[Info   :  SHCDE-SE] [T1-22:56:14.006] [Detour:sellPriceHook] ["sellPriceHook"] prepared at 0x00007FFAB7FFEB90 using Indirect: 10 bytes displaced, trampoline 0x00007FFA480E8840.
[Info   :Extra Features] [2026-09-24 22:56:14.098] Extra Features AI Vanilla market-price hooks installed atomically: buyMethod=reference-rva, buyRva=0xCEB10, buySpan=0xCEB10-0xCEB1A; sellMethod=reference-rva, sellRva=0xCEB90, sellSpan=0xCEB90-0xCEB9A; minimumDetourBytes=6.
[Info   :  SHCDE-SE] [T1-22:56:14.098] [HookTransaction[CreateOwnedTransaction]] Commit: "2/2 installed, 0 failed, 91ms (0ms scanning)"
[Debug  :Extra Features] [2026-09-24 22:56:14.098] Crusader library loaded; Extra Features initialization stages completed.
[Info   :   BepInEx] Loading [Bugfixes and QoL 1.0.163]
[Debug  :Bugfixes and QoL] [2026-09-24 22:56:14.103] Crash breadcrumb diagnostics enabled: plugin=BugfixesAndQoL_Serp, ringCapacity=256, snapshotIntervalSeconds=1, retainedSessions=3.
[Debug  :Bugfixes and QoL] [2026-09-24 22:56:14.103] Bugfixes and QoL 1.0.163 loaded.
[Debug  :Bugfixes and QoL] [2026-09-24 22:56:14.129] Bugfixes and QoL Vanilla startup UI-readiness guard installed for the process lifetime.
[Debug  :Bugfixes and QoL] [2026-09-24 22:56:14.140] Bugfixes and QoL resolution-aware extended zoom hooks installed for the process lifetime.
[Info   :Bugfixes and QoL] [2026-09-24 22:56:14.209] Controlled Lord registered with APIShared unit-HUD presentation.
[Info   : APIShared] [2026-09-24 22:56:14.209] capability=gatehouse-distance-origin, build=FBCB93195FC7EFCA9BDAC5204852EFDD76F9818F59A6711750D77C9CEF2831E2, owner=BugfixesAndQoL_Serp, origin=BuildingBoundsCenter, status=applied
[Info   :Bugfixes and QoL] [2026-09-24 22:56:14.209] Gatehouse distance-origin correction is owned by APIShared; no local native patch is installed.
[Info   :Bugfixes and QoL] [2026-09-24 22:56:14.211] Briefing No Starting Gold correction registered with APIShared.
[Info   :Bugfixes and QoL] [2026-09-24 22:56:14.302] Bugfixes and QoL Coop custom-lord selection initialized.
[Info   :  SHCDE-SE] [T1-22:56:14.302] [GameXAMLManagerAPI] [RegisterBinding] Registering auto-binding: [CoopCustomLordSelectionHost]
[Info   :  SHCDE-SE] [T1-22:56:14.303] [ModSaveDataAPI] [RegisterModDataHandler] Registered handler for [BugfixesAndQoL-TrailCustomizationOrigin]
[Info   :  SHCDE-SE] [T1-22:56:14.303] [GameNetworkAPI] [GetPacketEventFor] Dynamically registered packet type 'TrailCustomizationPacket' with ID: 1103
[Info   :  SHCDE-SE] [T1-22:56:14.303] [GameNetworkAPI] [GetPacketEventFor] Created R3 event stream for packet ID 1103 [TrailCustomizationPacket]
[Info   :Bugfixes and QoL] [2026-09-24 22:56:14.369] Trail Customize button feature initialized.
[Info   :  SHCDE-SE] [T1-22:56:14.370] [GameNetworkAPI] [GetPacketEventFor] Dynamically registered packet type 'QuarryPileRelocationPacket' with ID: 1104
[Info   :  SHCDE-SE] [T1-22:56:14.370] [GameNetworkAPI] [GetPacketEventFor] Created R3 event stream for packet ID 1104 [QuarryPileRelocationPacket]
[Info   :  SHCDE-SE] [T1-22:56:14.371] [GameNetworkAPI] [GetPacketEventFor] Dynamically registered packet type 'SingleBuildingPausePacket' with ID: 1105
[Info   :  SHCDE-SE] [T1-22:56:14.371] [GameNetworkAPI] [GetPacketEventFor] Created R3 event stream for packet ID 1105 [SingleBuildingPausePacket]
[Info   :Bugfixes and QoL] [2026-09-24 22:56:14.371] Bugfixes and QoL Chore packet registered eagerly: packetId=1105, protocolVersion=2.
[Info   :  SHCDE-SE] [T1-22:56:14.371] [GameNetworkAPI] [GetPacketEventFor] Dynamically registered packet type 'AssassinClimbStatePacket' with ID: 1106
[Info   :  SHCDE-SE] [T1-22:56:14.371] [GameNetworkAPI] [GetPacketEventFor] Created R3 event stream for packet ID 1106 [AssassinClimbStatePacket]
[Debug  :Bugfixes and QoL] [2026-09-24 22:56:14.371] Bugfixes and QoL Assassin climb-state synchronization registered: protocolVersion=1.
[Debug  :Bugfixes and QoL] [2026-09-24 22:56:14.371] Bugfixes and QoL Assassin climb cancellation subscribed to the Script Extender selected-unit Pre event.
[Info   :  SHCDE-SE] [T1-22:56:14.372] [GameNetworkAPI] [GetPacketEventFor] Dynamically registered packet type 'MultiplayerAivSyncPacket' with ID: 1107
[Info   :  SHCDE-SE] [T1-22:56:14.372] [GameNetworkAPI] [GetPacketEventFor] Created R3 event stream for packet ID 1107 [MultiplayerAivSyncPacket]
[Debug  :Bugfixes and QoL] [2026-09-24 22:56:14.375] Bugfixes and QoL multiplayer AIV sync initialized: packetId=1107, protocol=1.
[Info   :  SHCDE-SE] [T1-22:56:14.375] [GameNetworkAPI] [GetPacketEventFor] Dynamically registered packet type 'MultiplayerGameSpeedChangePacket' with ID: 1108
[Info   :  SHCDE-SE] [T1-22:56:14.375] [GameNetworkAPI] [GetPacketEventFor] Created R3 event stream for packet ID 1108 [MultiplayerGameSpeedChangePacket]
[Info   :Bugfixes and QoL] [2026-09-24 22:56:14.375] Bugfixes and QoL multiplayer game speed: Chore packet registered eagerly: packetId=1108, protocolVersion=2.
[Info   :Bugfixes and QoL] [2026-09-24 22:56:14.410] Bugfixes and QoL multiplayer game speed: managed keybind and in-game options hooks installed.
[Info   :  SHCDE-SE] [T1-22:56:14.411] [GameNetworkAPI] [GetPacketEventFor] Dynamically registered packet type 'SiegeAmmoRestockPacket' with ID: 1109
[Info   :  SHCDE-SE] [T1-22:56:14.411] [GameNetworkAPI] [GetPacketEventFor] Created R3 event stream for packet ID 1109 [SiegeAmmoRestockPacket]
[Info   :Bugfixes and QoL] [2026-09-24 22:56:14.426] fair siege-ammunition hook initialized: packetId=1109, protocol=1.
[Info   :Bugfixes and QoL] [2026-09-24 22:56:14.427] Bugfixes and QoL hostile placement-clearance validation subscribed.
[Debug  :Bugfixes and QoL] [2026-09-24 22:56:14.431] Bugfixes and QoL abrupt host-migration hook installed.
[Info   :  SHCDE-SE] [T1-22:56:14.435] [GameXAMLManagerAPI] [RegisterBinding] Registering auto-binding: [BugfixesAndQoLAivSyncStatusHost]
[Debug  :Bugfixes and QoL] [2026-09-24 22:56:14.437] Bugfixes and QoL deferred market-goods visuals until the game UI resources are ready: mainViewModelReady=False, gameSprites=0, icons=0/20, localizedNames=0/20.
[Info   :Serp Localization] [2026-09-24 22:56:14.450] Locale selected: locale=en-US, source=Steam runtime, rawLanguage=english, configuredProvider=detect, scriptExtenderLanguage=en-US, pluginDirectory=E:\ProgrammeE\Steam\steamapps\common\Stronghold Crusader Definitive Edition\BepInEx\plugins\BugfixesAndQoL_Serp, englishFileExists=True, localeFileExists=True.
[Info   :  SHCDE-SE] [T1-22:56:14.458] [GameNetworkAPI] [GetPacketEventFor] Dynamically registered packet type 'SurrenderRequestPacket' with ID: 1110
[Info   :  SHCDE-SE] [T1-22:56:14.458] [GameNetworkAPI] [GetPacketEventFor] Created R3 event stream for packet ID 1110 [SurrenderRequestPacket]
[Info   :  SHCDE-SE] [T1-22:56:14.458] [GameNetworkAPI] [GetPacketEventFor] Dynamically registered packet type 'SurrenderExecutionPacket' with ID: 1111
[Info   :  SHCDE-SE] [T1-22:56:14.458] [GameNetworkAPI] [GetPacketEventFor] Created R3 event stream for packet ID 1111 [SurrenderExecutionPacket]
[Info   :  SHCDE-SE] [T1-22:56:14.458] [GameNetworkAPI] [GetPacketEventFor] Dynamically registered packet type 'EliminatedPlayerSpectatorPacket' with ID: 1112
[Info   :  SHCDE-SE] [T1-22:56:14.458] [GameNetworkAPI] [GetPacketEventFor] Created R3 event stream for packet ID 1112 [EliminatedPlayerSpectatorPacket]
[Info   :Bugfixes and QoL] [2026-09-24 22:56:14.492] Bugfixes and QoL surrender/statistics initialized: requestPacketId=1110, executionPacketId=1111, spectatorPacketId=1112, requestProtocolVersion=1, statisticsReady=True, statisticsTeamBadgesReady=True.
[Debug  :Bugfixes and QoL] [2026-09-24 22:56:14.514] Bugfixes and QoL resync host-kick hooks installed.
[Debug  :Bugfixes and QoL] [2026-09-24 22:56:14.518] Bugfixes and QoL loaded 9 shared AI AIV/AIC selections from E:\ProgrammeE\Steam\steamapps\common\Stronghold Crusader Definitive Edition\BepInEx\plugins\BugfixesAndQoL_Serp\LobbyModSettings\AiAivSelectionMemory.json.
[Info   :  SHCDE-SE] [T1-22:56:14.518] [GameXAMLManagerAPI] [RegisterBinding] Registering auto-binding: [RandomLordFiltersSimple]
[Info   :  SHCDE-SE] [T1-22:56:14.518] [GameXAMLManagerAPI] [RegisterBinding] Registering auto-binding: [RandomLordFiltersAdvanced]
[Debug  :Bugfixes and QoL] [2026-09-24 22:56:14.535] Bugfixes and QoL AI selection memory hooks installed. memoryEnabled=True, storePath=E:\ProgrammeE\Steam\steamapps\common\Stronghold Crusader Definitive Edition\BepInEx\plugins\BugfixesAndQoL_Serp\LobbyModSettings\AiAivSelectionMemory.json
[Debug  :Bugfixes and QoL] [2026-09-24 22:56:14.557] Bugfixes and QoL Workshop upload Lord-selection hook installed.
[Info   :  SHCDE-SE] [T1-22:56:14.557] [GameXAMLManagerAPI] [RegisterBinding] Registering auto-binding: [CustomLordSearchPanel]
[Info   :  SHCDE-SE] [T1-22:56:14.557] [GameXAMLManagerAPI] [RegisterBinding] Registering auto-binding: [CustomLordHeaderPanel]
[Info   :  SHCDE-SE] [T1-22:56:14.557] [GameXAMLManagerAPI] [RegisterBinding] Registering auto-binding: [CustomLordTypeHeader]
[Info   :  SHCDE-SE] [T1-22:56:14.557] [GameXAMLManagerAPI] [RegisterBinding] Registering auto-binding: [CustomLordNameHeader]
[Info   :  SHCDE-SE] [T1-22:56:14.557] [GameXAMLManagerAPI] [RegisterBinding] Registering auto-binding: [CustomLordPowerHeader]
[Info   :  SHCDE-SE] [T1-22:56:14.557] [GameXAMLManagerAPI] [RegisterBinding] Registering auto-binding: [CustomLordSortHelpPanel]
[Debug  :Bugfixes and QoL] [2026-09-24 22:56:14.559] Bugfixes and QoL custom-lord list hook installed.
[Info   :  SHCDE-SE] [T1-22:56:14.569] [GameXAMLManagerAPI] [RegisterBinding] Registering auto-binding: [BugfixesAndQoLAivHeaderPanel]
[Info   :  SHCDE-SE] [T1-22:56:14.569] [GameXAMLManagerAPI] [RegisterBinding] Registering auto-binding: [BugfixesAndQoLAivSearchPanel]
[Info   :  SHCDE-SE] [T1-22:56:14.569] [GameXAMLManagerAPI] [RegisterBinding] Registering auto-binding: [BugfixesAndQoLAicHeaderPanel]
[Info   :  SHCDE-SE] [T1-22:56:14.569] [GameXAMLManagerAPI] [RegisterBinding] Registering auto-binding: [BugfixesAndQoLAicSearchPanel]
[Info   :  SHCDE-SE] [T1-22:56:14.569] [GameXAMLManagerAPI] [RegisterBinding] Registering auto-binding: [BugfixesAndQoLAicDropdownHost]
[Info   :  SHCDE-SE] [T1-22:56:14.569] [GameXAMLManagerAPI] [RegisterBinding] Registering auto-binding: [BugfixesAndQoLAivPresetButtonHost]
[Info   :  SHCDE-SE] [T1-22:56:14.569] [GameXAMLManagerAPI] [RegisterBinding] Registering auto-binding: [BugfixesAndQoLAivPresetDialog]
[Info   :  SHCDE-SE] [T1-22:56:14.569] [GameXAMLManagerAPI] [RegisterBinding] Registering auto-binding: [BugfixesAndQoLAivSelectionListHost]
[Debug  :Bugfixes and QoL] [2026-09-24 22:56:14.571] Bugfixes and QoL AI castle/settings list hook installed.
[Debug  :Bugfixes and QoL] [2026-09-24 22:56:14.586] Bugfixes and QoL loaded lobby map-selection memory: column=2, ascending=True, map=user:test AI overbuild eachother.
[Debug  :Bugfixes and QoL] [2026-09-24 22:56:14.586] Bugfixes and QoL map-origin sorting hooks installed.
[Info   :  SHCDE-SE] [T1-22:56:14.595] [GameXAMLManagerAPI] [RegisterBinding] Registering auto-binding: [BugfixesAndQoLShowVanillaMapsHost]
[Info   :  SHCDE-SE] [T1-22:56:14.595] [GameXAMLManagerAPI] [RegisterBinding] Registering auto-binding: [BugfixesAndQoLDeleteMapHost]
[Debug  :Bugfixes and QoL] [2026-09-24 22:56:14.600] Bugfixes and QoL auto-trade sell zero hook installed.
[Debug  :Bugfixes and QoL] [2026-09-24 22:56:14.602] Bugfixes and QoL HD market view hooks installed.
[Debug  :Bugfixes and QoL] [2026-09-24 22:56:14.604] Bugfixes and QoL camera movement modifier hooks installed.
[Debug  :Bugfixes and QoL] [2026-09-24 22:56:14.606] Bugfixes and QoL Custom Trail starting-gold fix hooks installed.
[Debug  :Bugfixes and QoL] [2026-09-24 22:56:14.606] Bugfixes and QoL feature hooks reconciled.
[Info   :  SHCDE-SE] [T1-22:56:14.608] [LobbyModSettingsStorage] [Load] [BugfixesAndQoL_Serp]: Settings restored from [E:\ProgrammeE\Steam\steamapps\common\Stronghold Crusader Definitive Edition\BepInEx\plugins\BugfixesAndQoL_Serp\LobbyModSettings\BugfixesAndQoL_Serp.msgpack]
[Info   :  SHCDE-SE] [T1-22:56:14.619] [GameXAMLManagerAPI] [RegisterLobbyModSettingsCore] Registered mod [BugfixesAndQoL_Serp]
[Info   :Bugfixes and QoL] [2026-09-24 22:56:14.619] [BugfixesAndQoL_Serp] Loaded editable lobby-settings working state; basedOn=, modified=False.
[Info   :Bugfixes and QoL] [2026-09-24 22:56:14.622] [BugfixesAndQoL_Serp] Shared per-player lobby convergence activated: settings=[EnableMinimapCursorFollowFix,EnableCompleteNotificationSkipOnClick,EnableMarketKeyMainMenuFix,EnableAutoTradeSellZeroFix,EnableEnemyProximityBulldozeCursorFix,EnableIngameSteamInvitePrompt,ShowSelectedUnitHealth,ImproveYellowLobbyContrast,EnableBriefingNoStartingGoldFix,StatisticsTeamBadgeMode,EnableTroopHudMiddleClickCameraJump,EnableClientFeatures,AllowMinimapWhilePlacingBuilding,PreventMoveOrderOnPlacementCancel,AllowCameraMovementWithModifiers,EnableResolutionAwareExtendedZoom,HdMarketView,MarketGoodsOrder,MultiplayerSafetyCompatibilityReport], required=[MultiplayerSafetyCompatibilityReport].
[Info   :  SHCDE-SE] [T1-22:56:14.622] [GameXAMLManagerAPI] [RegisterBinding] Registering auto-binding: [BugfixesAndQoLSkirmishGameOptionsButtonHost]
[Debug  :Bugfixes and QoL] [2026-09-24 22:56:14.669] BUGFIXES_AND_QOL_SKIRMISH_GAME_OPTIONS_MANAGED_READY: lobby, cow and auto-trading hooks installed.
[Info   :  SHCDE-SE] [T1-22:56:14.669] [GameXAMLManagerAPI] [RegisterBinding] Registering auto-binding: [SerpTroopAction_0200_BugfixesAndQoLAssassinClimb]
[Info   :  SHCDE-SE] [T1-22:56:14.669] [GameXAMLManagerAPI] [RegisterBinding] Registering auto-binding: [BugfixesAndQoLQuarryPileRelocationButtonHost]
[Info   :  SHCDE-SE] [T1-22:56:14.669] [GameXAMLManagerAPI] [RegisterBinding] Registering auto-binding: [BugfixesAndQoLSurrenderButtonHost]
[Info   :  SHCDE-SE] [T1-22:56:14.669] [GameXAMLManagerAPI] [RegisterBinding] Registering auto-binding: [BugfixesAndQoLSpectatorStatisticsRefreshHost]
[Info   :  SHCDE-SE] [T1-22:56:14.669] [GameXAMLManagerAPI] [RegisterBinding] Registering auto-binding: [BugfixesAndQoLSelectedUnitHealthHost]
[Debug  :Bugfixes and QoL] [2026-09-24 22:56:14.696] Keep-flag rotation fix installed; scanDelayTicks=3, modeFilter=new-map-only.
[Info   :  SHCDE-SE] [T1-22:56:14.766] [Detour:handle] ["handle"] prepared at 0x00007FFAB7FE10D0 using Indirect: 7 bytes displaced, trampoline 0x00007FFA480E8880.
[Info   :  SHCDE-SE] [T1-22:56:14.814] [HookTransaction[.ctor]] Commit: "1/1 installed, 0 failed, 48ms (0ms scanning)"
[Info   :Bugfixes and QoL] [2026-09-24T22:56:14.814+02:00] TANNER_FADE_FIX NATIVE_FIX_READY rva=0xB10D0 scheme=Indirect span=7 fade_updates=64
[Info   :  SHCDE-SE] [T1-22:56:14.846] [Detour:notificationUpdateHook] ["notificationUpdateHook"] prepared at 0x00007FFAB802E570 using Indirect: 6 bytes displaced, trampoline 0x00007FFA480E88C0.
[Info   :  SHCDE-SE] [T1-22:56:14.893] [HookTransaction[CreateOwnedTransaction]] Commit: "1/1 installed, 0 failed, 46ms (0ms scanning)"
[Debug  :Bugfixes and QoL] [2026-09-24 22:56:14.894] Bugfixes and QoL complete notification-skip hooks installed for the process lifetime.
[Debug  :Bugfixes and QoL] [2026-09-24 22:56:14.896] Native address resolved: name=Assassin path-cost builder, method=reference-rva, rva=0xD9C40.
[Debug  :Bugfixes and QoL] [2026-09-24 22:56:14.897] Native address resolved: name=Assassin path reconstruction endpoint-building guards, method=reference-rva, rva=0xE19D4.
[Info   :  SHCDE-SE] [T1-22:56:14.898] [X64InlineHook] ["handle"] compiled stub at 0x00007FFA480E8900, size: 68 bytes (target: 0x00007FFAB80119D8).
[Info   :  SHCDE-SE] [T1-22:56:14.898] [X64InlineHook] ["handle"] compiled stub at 0x00007FFA480E8A50, size: 86 bytes (target: 0x00007FFAB80119F9).
[Info   :  SHCDE-SE] [T1-22:56:14.898] [X64InlineHook] ["handle"] hook enabled at 0x00007FFAB80119D8, stub 0x00007FFA480E8900.
[Info   :  SHCDE-SE] [T1-22:56:14.898] [X64InlineHook] ["handle"] hook enabled at 0x00007FFAB80119F9, stub 0x00007FFA480E8A50.
[Info   :  SHCDE-SE] [T1-22:56:14.898] [HookTransaction[CreateOwnedTransaction]] Commit: "2/2 installed, 0 failed, 0ms (0ms scanning)"
[Debug  :Bugfixes and QoL] [2026-09-24 22:56:14.898] Assassin path reconstruction permanent hooks installed: currentRva=0xE19D8, currentDisplaced=18, neighborRva=0xE19F9, neighborDisplaced=23.
[Info   :  SHCDE-SE] [T1-22:56:14.899] [Detour:detour] ["detour"] prepared at 0x00007FFAB8009C40 using Indirect: 10 bytes displaced, trampoline 0x00007FFA480E8BC0.
[Info   :  SHCDE-SE] [T1-22:56:14.944] [HookTransaction[CreateOwnedTransaction]] Commit: "1/1 installed, 0 failed, 46ms (0ms scanning)"
[Debug  :Bugfixes and QoL] [2026-09-24 22:56:14.945] Bugfixes and QoL weighted Assassin pathfinding installed at RVA 0xD9C40; climb costs=80/240/400 ticks.
[Info   :  SHCDE-SE] [T1-22:56:14.946] [X64InlineHook] ["handle"] compiled stub at 0x00007FFA480E8C00, size: 269 bytes (target: 0x00007FFAB80C7716).
[Info   :  SHCDE-SE] [T1-22:56:14.946] [X64InlineHook] ["handle"] hook enabled at 0x00007FFAB80C7716, stub 0x00007FFA480E8C00.
[Info   :  SHCDE-SE] [T1-22:56:14.946] [HookTransaction[CreateOwnedTransaction]] Commit: "1/1 installed, 0 failed, 0ms (0ms scanning)"
[Info   :Bugfixes and QoL] [2026-09-24 22:56:14.946] installed Assassin post-combat path-context hook at RVA 0x197716.
[Debug  :Bugfixes and QoL] [2026-09-24 22:56:14.947] Native address resolved: name=pre-terrain movement-speed adjustment, method=reference-rva, rva=0x19B506.
[Debug  :Bugfixes and QoL] [2026-09-24 22:56:14.947] Native address resolved: name=unit-type update dispatch, method=reference-rva, rva=0x18410C.
[Debug  :Bugfixes and QoL] [2026-09-24 22:56:14.947] Native address resolved: name=movement cadence, method=reference-rva, rva=0x184203.
[Debug  :Bugfixes and QoL] [2026-09-24 22:56:14.948] Native address resolved: name=Spearman movement decision for rally cadence, method=reference-rva, rva=0x143BD9.
[Info   :  SHCDE-SE] [T1-22:56:14.990] [X64InlineHook] ["movementSpeedAdjustmentHook"] compiled stub at 0x00007FFA480E8F90, size: 173 bytes (target: 0x00007FFAB80CB506).
[Info   :  SHCDE-SE] [T1-22:56:14.991] [X64InlineHook] ["movementCadenceHook"] compiled stub at 0x00007FFA480E9240, size: 2722 bytes (target: 0x00007FFAB80B4203).
[Info   :  SHCDE-SE] [T1-22:56:14.992] [X64InlineHook] ["movementSpeedAdjustmentHook"] hook enabled at 0x00007FFAB80CB506, stub 0x00007FFA480E8F90.
[Info   :  SHCDE-SE] [T1-22:56:14.992] [X64InlineHook] ["movementCadenceHook"] hook enabled at 0x00007FFAB80B4203, stub 0x00007FFA480E9240.
[Info   :  SHCDE-SE] [T1-22:56:14.992] [HookTransaction[CreateOwnedTransaction]] Commit: "2/2 installed, 0 failed, 3ms (0ms scanning)"
[Debug  :Bugfixes and QoL] [2026-09-24 22:56:14.992] Native address resolved: name=Spearman movement decision, method=reference-rva, rva=0x143BD9.
[Info   :  SHCDE-SE] [T1-22:56:14.993] [X64InlineHook] ["movementDecisionHook"] compiled stub at 0x00007FFA480EB250, size: 144 bytes (target: 0x00007FFAB8073BD9).
[Info   :  SHCDE-SE] [T1-22:56:14.993] [X64InlineHook] ["movementDecisionHook"] hook enabled at 0x00007FFAB8073BD9, stub 0x00007FFA480EB250.
[Info   :  SHCDE-SE] [T1-22:56:14.993] [HookTransaction[CreateOwnedTransaction]] Commit: "1/1 installed, 0 failed, 0ms (0ms scanning)"
[Debug  :Bugfixes and QoL] [2026-09-24 22:56:14.993] Movement features: sameSpeed=True, rally=False, nativeFastpaths=True.
[Debug  :Bugfixes and QoL] [2026-09-24 22:56:14.994] Bugfixes and QoL quarry-pile runtime: validated Vanilla GameBuilding structure-group layout: size=0x32C, pileIdOffset=0x192, structureGroupOffset=0x2A8.
[Debug  :Bugfixes and QoL] [2026-09-24 22:56:14.994] Native address resolved: name=quarry-pile Vanilla candidate helper, method=reference-rva, rva=0xC0270.
[Debug  :Bugfixes and QoL] [2026-09-24 22:56:14.995] Native address resolved: name=building sleep-state synchronization function, method=reference-rva, rva=0xC7D50.
[Debug  :Bugfixes and QoL] [2026-09-24 22:56:14.995] Native address resolved: name=building sleep-state comparison, method=reference-rva, rva=0xC7DCB.
[Debug  :Bugfixes and QoL] [2026-09-24 22:56:14.995] Native address resolved: name=AI resource-shortage sleep planner, method=reference-rva, rva=0x2AA20.
[Debug  :Bugfixes and QoL] [2026-09-24 22:56:14.995] Native address resolved: name=AI emergency-demolition comparison, method=reference-rva, rva=0x2F454.
[Debug  :Bugfixes and QoL] [2026-09-24 22:56:14.995] Native address resolved: name=AI hovel-demolition function, method=reference-rva, rva=0x3B1D0.
[Debug  :Bugfixes and QoL] [2026-09-24 22:56:14.995] Native address resolved: name=general AI inaccessible-building decision, method=reference-rva, rva=0xC8FD7.
[Info   :  SHCDE-SE] [T1-22:56:14.997] [X64InlineHook] ["handle"] compiled stub at 0x00007FFA480EB3F0, size: 171 bytes (target: 0x00007FFAB7FF7DCB).
[Info   :  SHCDE-SE] [T1-22:56:14.997] [X64InlineHook] ["handle"] compiled stub at 0x00007FFA480EB630, size: 165 bytes (target: 0x00007FFAB7F5F454).
[Info   :  SHCDE-SE] [T1-22:56:14.997] [X64InlineHook] ["handle"] compiled stub at 0x00007FFA480EB850, size: 213 bytes (target: 0x00007FFAB7FF8FD7).
[Info   :  SHCDE-SE] [T1-22:56:14.997] [Detour:aiHovelDemolitionHook] ["aiHovelDemolitionHook"] prepared at 0x00007FFAB7F6B1D0 using Indirect: 6 bytes displaced, trampoline 0x00007FFA480EBB30.
[Info   :  SHCDE-SE] [T1-22:56:14.997] [Detour:aiResourceShortageSleepHook] ["aiResourceShortageSleepHook"] prepared at 0x00007FFAB7F5AA20 using Indirect: 7 bytes displaced, trampoline 0x00007FFA480EBB70.
[Info   :  SHCDE-SE] [T1-22:56:14.997] [X64InlineHook] ["handle"] hook enabled at 0x00007FFAB7FF7DCB, stub 0x00007FFA480EB3F0.
[Info   :  SHCDE-SE] [T1-22:56:14.997] [X64InlineHook] ["handle"] hook enabled at 0x00007FFAB7F5F454, stub 0x00007FFA480EB630.
[Info   :  SHCDE-SE] [T1-22:56:14.997] [X64InlineHook] ["handle"] hook enabled at 0x00007FFAB7FF8FD7, stub 0x00007FFA480EB850.
[Info   :  SHCDE-SE] [T1-22:56:15.090] [HookTransaction[CreateOwnedTransaction]] Commit: "5/5 installed, 0 failed, 92ms (0ms scanning)"
[Debug  :Bugfixes and QoL] [2026-09-24 22:56:15.099] Native address resolved: name=unit-type update dispatch for movement cadence, method=reference-rva, rva=0x18410C.
[Info   :Bugfixes and QoL] [2026-09-24 22:56:15.117] Bugfixes and QoL stage=friendly-moat-movement-weighted-cadence-resolver dispatchRva=0x18410C tableRva=0x321CB0 handlers=86 resolvedTypes=24/89 mode=read-only-no-audited-type-table.
[Info   :  SHCDE-SE] [T1-22:56:15.118] [Detour:detour.Handle] ["detour.Handle"] prepared at 0x00007FFAB80BE1E0 using Indirect: 7 bytes displaced, trampoline 0x00007FFA480EBBB0.
[Info   :  SHCDE-SE] [T1-22:56:15.118] [Detour:detour.Handle] ["detour.Handle"] prepared at 0x00007FFAB80B53F0 using Indirect: 6 bytes displaced, trampoline 0x00007FFA480EBBF0.
[Info   :  SHCDE-SE] [T1-22:56:15.118] [Detour:detour.Handle] ["detour.Handle"] prepared at 0x00007FFAB80C5E30 using Indirect: 10 bytes displaced, trampoline 0x00007FFA480EBC30.
[Info   :  SHCDE-SE] [T1-22:56:15.119] [Detour:detour.Handle] ["detour.Handle"] prepared at 0x00007FFAB8024930 using Indirect: 10 bytes displaced, trampoline 0x00007FFA480EBC70.
[Info   :  SHCDE-SE] [T1-22:56:15.119] [Detour:detour.Handle] ["detour.Handle"] prepared at 0x00007FFAB80132B0 using Indirect: 6 bytes displaced, trampoline 0x00007FFA480EBCB0.
[Info   :  SHCDE-SE] [T1-22:56:15.119] [Detour:detour.Handle] ["detour.Handle"] prepared at 0x00007FFAB8054740 using Indirect: 10 bytes displaced, trampoline 0x00007FFA480EBCF0.
[Info   :  SHCDE-SE] [T1-22:56:15.119] [Detour:detour.Handle] ["detour.Handle"] prepared at 0x00007FFAB8047BC0 using Indirect: 10 bytes displaced, trampoline 0x00007FFA480EBD30.
[Info   :  SHCDE-SE] [T1-22:56:15.119] [Detour:detour.Handle] ["detour.Handle"] prepared at 0x00007FFAB80C6840 using Indirect: 10 bytes displaced, trampoline 0x00007FFA480EBD70.
[Info   :  SHCDE-SE] [T1-22:56:15.120] [Detour:detour.Handle] ["detour.Handle"] prepared at 0x00007FFAB8017C40 using Indirect: 9 bytes displaced, trampoline 0x00007FFA480EBDB0.
[Info   :  SHCDE-SE] [T1-22:56:15.120] [Detour:detour.Handle] ["detour.Handle"] prepared at 0x00007FFAB8019FF0 using Indirect: 10 bytes displaced, trampoline 0x00007FFA480EBDF0.
[Info   :  SHCDE-SE] [T1-22:56:15.121] [X64InlineHook] ["selectionCallHooks[i]"] compiled stub at 0x00007FFA480EBE30, size: 272 bytes (target: 0x00007FFAB7FBD724).
[Info   :  SHCDE-SE] [T1-22:56:15.121] [X64InlineHook] ["selectionCallHooks[i]"] compiled stub at 0x00007FFA480EC120, size: 265 bytes (target: 0x00007FFAB7FBE2B8).
[Info   :  SHCDE-SE] [T1-22:56:15.121] [X64InlineHook] ["selectionCallHooks[i]"] compiled stub at 0x00007FFA480EC400, size: 272 bytes (target: 0x00007FFAB7FBE550).
[Info   :  SHCDE-SE] [T1-22:56:15.121] [X64InlineHook] ["selectionCallHooks[i]"] compiled stub at 0x00007FFA480EC6F0, size: 273 bytes (target: 0x00007FFAB7FBF325).
[Info   :  SHCDE-SE] [T1-22:56:15.121] [X64InlineHook] ["selectionCallHooks[i]"] compiled stub at 0x00007FFA480EC9F0, size: 266 bytes (target: 0x00007FFAB7FE7161).
[Info   :  SHCDE-SE] [T1-22:56:15.121] [X64InlineHook] ["selectionCallHooks[i]"] compiled stub at 0x00007FFA480ECCE0, size: 269 bytes (target: 0x00007FFAB7FE7321).
[Info   :  SHCDE-SE] [T1-22:56:15.121] [Detour:detour.Handle] ["detour.Handle"] prepared at 0x00007FFAB8012CA0 using Indirect: 10 bytes displaced, trampoline 0x00007FFA480ECFE0.
[Info   :  SHCDE-SE] [T1-22:56:15.122] [Detour:detour.Handle] ["detour.Handle"] prepared at 0x00007FFAB8019D90 using Indirect: 6 bytes displaced, trampoline 0x00007FFA480ED020.
[Info   :  SHCDE-SE] [T1-22:56:15.573] [X64InlineHook] ["selectionCallHooks[i]"] hook enabled at 0x00007FFAB7FBD724, stub 0x00007FFA480EBE30.
[Info   :  SHCDE-SE] [T1-22:56:15.573] [X64InlineHook] ["selectionCallHooks[i]"] hook enabled at 0x00007FFAB7FBE2B8, stub 0x00007FFA480EC120.
[Info   :  SHCDE-SE] [T1-22:56:15.573] [X64InlineHook] ["selectionCallHooks[i]"] hook enabled at 0x00007FFAB7FBE550, stub 0x00007FFA480EC400.
[Info   :  SHCDE-SE] [T1-22:56:15.573] [X64InlineHook] ["selectionCallHooks[i]"] hook enabled at 0x00007FFAB7FBF325, stub 0x00007FFA480EC6F0.
[Info   :  SHCDE-SE] [T1-22:56:15.574] [X64InlineHook] ["selectionCallHooks[i]"] hook enabled at 0x00007FFAB7FE7161, stub 0x00007FFA480EC9F0.
[Info   :  SHCDE-SE] [T1-22:56:15.574] [X64InlineHook] ["selectionCallHooks[i]"] hook enabled at 0x00007FFAB7FE7321, stub 0x00007FFA480ECCE0.
[Info   :  SHCDE-SE] [T1-22:56:15.665] [HookTransaction[CreateOwnedHookTransaction]] Commit: "18/18 installed, 0 failed, 546ms (0ms scanning)"
[Info   :Bugfixes and QoL] [2026-09-24 22:56:15.665] Friendly Moat Movement final candidate installed: cursorGate=0x8F388/jump=0x8F393(vanilla), cursorRegion=0xE9D90, cursorDirect=0xE9FF0, cursorPair=0xE2CA0, representativeUnit=0x18D460, attackPairGates=0x8D72B/0x8E2C6/0x8E557(all-vanilla), selectionCallAdapters=6, seSelectionResultPreserved=true, plan=0x18E1E0, mode=0x196840, region=0xE7C40, builder=0xF4930, postCombatResume=0x1853F0->0x1976C0->0x196280, directCursorMove=0x195E30, selectionCanDigMoat=0x191C00/call=0x8D3CE, tribeFloodFill=0x124740, moatLookup=0x69560; groupMoatMode=0x117BC0/iterator=0x119F90/call=0x11B666; friendlyAndAlliedCompletedMoats=true, enemyMoats=fail-closed-experimental, weightedMoatRouting=functional/speedContracts=0x19B506/0x184203/0x1855A0/0x1857AA/consumerContracts=0x19670C/0x185934.
[Info   :  SHCDE-SE] [T1-22:56:15.666] [Detour:detour.Handle] ["detour.Handle"] prepared at 0x00007FFAB7FE70C0 using Indirect: 6 bytes displaced, trampoline 0x00007FFA480ED060.
[Info   :  SHCDE-SE] [T1-22:56:15.711] [HookTransaction[CreateOwnedHookTransaction]] Commit: "1/1 installed, 0 failed, 45ms (0ms scanning)"
[Info   :Bugfixes and QoL] [2026-09-24 22:56:15.711] Bugfixes and QoL friendly-moat-movement building cursor reachability installed: helper=0xB70C0, call=0x8DFF6.
[Info   :  SHCDE-SE] [T1-22:56:15.713] [Detour:detour.Handle] ["detour.Handle"] prepared at 0x00007FFAB800BC60 using Indirect: 6 bytes displaced, trampoline 0x00007FFA480ED0A0.
[Info   :  SHCDE-SE] [T1-22:56:15.714] [Detour:detour.Handle] ["detour.Handle"] prepared at 0x00007FFAB800A020 using Indirect: 6 bytes displaced, trampoline 0x00007FFA480ED0E0.
[Info   :  SHCDE-SE] [T1-22:56:15.714] [Detour:detour.Handle] ["detour.Handle"] prepared at 0x00007FFAB8053090 using Indirect: 10 bytes displaced, trampoline 0x00007FFA480ED120.
[Info   :  SHCDE-SE] [T1-22:56:15.714] [Detour:detour.Handle] ["detour.Handle"] prepared at 0x00007FFAB8012610 using Indirect: 6 bytes displaced, trampoline 0x00007FFA480ED160.
[Info   :  SHCDE-SE] [T1-22:56:15.895] [HookTransaction[CreateOwnedHookTransaction]] Commit: "4/4 installed, 0 failed, 182ms (0ms scanning)"
[Info   :Bugfixes and QoL] [2026-09-24 22:56:15.895] Bugfixes and QoL friendly-moat-movement attack-approach hooks installed: unitFlood=0xDBC60, buildingApproach=0xDA020, buildingConsumer=0x123090, regionPair=0xE2610, vanillaGroupMode=0x117C70, directFillApproach=0xE7F60->0xE81EB.
[Info   :  SHCDE-SE] [T1-22:56:15.897] [Detour:detour.Handle] ["detour.Handle"] prepared at 0x00007FFAB7F99D60 using Indirect: 9 bytes displaced, trampoline 0x00007FFA480ED1A0.
[Info   :  SHCDE-SE] [T1-22:56:15.897] [Detour:detour.Handle] ["detour.Handle"] prepared at 0x00007FFAB7F9AF60 using Indirect: 6 bytes displaced, trampoline 0x00007FFA480ED1E0.
[Info   :  SHCDE-SE] [T1-22:56:15.897] [Detour:detour.Handle] ["detour.Handle"] prepared at 0x00007FFAB7F9C490 using Indirect: 10 bytes displaced, trampoline 0x00007FFA480ED220.
[Info   :  SHCDE-SE] [T1-22:56:16.031] [HookTransaction[CreateOwnedHookTransaction]] Commit: "3/3 installed, 0 failed, 135ms (0ms scanning)"
[Info   :Bugfixes and QoL] [2026-09-24 22:56:16.031] Bugfixes and QoL friendly-moat-movement moat-work target selection installed: selector=0x69D60, resolver=0x6AF60, fillApproach=0x6C490, regionPair=0xE2610, regionSearch=0xE7C40.
[Info   :  SHCDE-SE] [T1-22:56:16.048] [Detour:detour.Handle] ["detour.Handle"] prepared at 0x00007FFAB80090D0 using Indirect: 10 bytes displaced, trampoline 0x00007FFA480ED260.
[Info   :  SHCDE-SE] [T1-22:56:16.048] [Detour:detour.Handle] ["detour.Handle"] prepared at 0x00007FFAB7F89210 using Indirect: 10 bytes displaced, trampoline 0x00007FFA480ED2A0.
[Info   :  SHCDE-SE] [T1-22:56:16.049] [Detour:detour.Handle] ["detour.Handle"] prepared at 0x00007FFAB7F91E70 using Indirect: 6 bytes displaced, trampoline 0x00007FFA480ED2E0.
[Info   :  SHCDE-SE] [T1-22:56:16.049] [Detour:detour.Handle] ["detour.Handle"] prepared at 0x00007FFAB800AA50 using Indirect: 10 bytes displaced, trampoline 0x00007FFA480ED320.
[Info   :  SHCDE-SE] [T1-22:56:16.049] [X64InlineHook] ["preBuilderRecoveryHook"] compiled stub at 0x00007FFA480ED360, size: 87 bytes (target: 0x00007FFAB80C664B).
[Info   :  SHCDE-SE] [T1-22:56:16.049] [Detour:detour.Handle] ["detour.Handle"] prepared at 0x00007FFAB8011D30 using Indirect: 10 bytes displaced, trampoline 0x00007FFA480ED4C0.
[Info   :  SHCDE-SE] [T1-22:56:16.050] [Detour:detour.Handle] ["detour.Handle"] prepared at 0x00007FFAB8010970 using Indirect: 10 bytes displaced, trampoline 0x00007FFA480ED500.
[Info   :  SHCDE-SE] [T1-22:56:16.050] [Detour:detour.Handle] ["detour.Handle"] prepared at 0x00007FFAB8048E00 using Indirect: 10 bytes displaced, trampoline 0x00007FFA480ED540.
[Info   :  SHCDE-SE] [T1-22:56:16.050] [Detour:detour.Handle] ["detour.Handle"] prepared at 0x00007FFAB80B1890 using Indirect: 10 bytes displaced, trampoline 0x00007FFA480ED580.
[Info   :  SHCDE-SE] [T1-22:56:16.050] [Detour:detour.Handle] ["detour.Handle"] prepared at 0x00007FFAB80203C0 using Indirect: 6 bytes displaced, trampoline 0x00007FFA480ED5C0.
[Info   :  SHCDE-SE] [T1-22:56:16.233] [X64InlineHook] ["preBuilderRecoveryHook"] hook enabled at 0x00007FFAB80C664B, stub 0x00007FFA480ED360.
[Info   :  SHCDE-SE] [T1-22:56:16.458] [HookTransaction[CreateOwnedHookTransaction]] Commit: "10/10 installed, 0 failed, 409ms (0ms scanning)"
[Info   :Bugfixes and QoL] [2026-09-24 22:56:16.458] Bugfixes and QoL friendly-moat-movement placement hooks installed: commonGroup=0x118E00 formationSlot=0xE1D30 assassinGroundSlot=0xE0970 unstack=0x181890 freePlace=0xF03C0; native Unit event retained, terrain unchanged.
[Info   :Bugfixes and QoL] [2026-09-24 22:56:16.458] Bugfixes and QoL friendly moat movement initialized: mode=0, improvedFill=True, ladderAttackFix=True.
[Info   :  SHCDE-SE] [T1-22:56:16.465] [GameTribeManagerAPI] [.ctor] _tribeManager: 00007FFABFBF6720
[Info   :  SHCDE-SE] [T1-22:56:16.466] [GameTribeManagerAPI] [.ctor] _tribesArray: 00007FFABFBF674A
[Info   :  SHCDE-SE] [T1-22:56:16.466] [GameTribeManagerAPI] [.ctor] SizeOf(GameTribeManagerAPI)=1714, SizeOf(GameTribe)=1672
[Info   :  SHCDE-SE] [T1-22:56:16.466] [Detour:waypointAppendHook] ["waypointAppendHook"] prepared at 0x00007FFAB804C3A0 using Indirect: 8 bytes displaced, trampoline 0x00007FFA480ED600.
[Info   :  SHCDE-SE] [T1-22:56:16.466] [Detour:tribeOverlayRenderHook] ["tribeOverlayRenderHook"] prepared at 0x00007FFAB80522A0 using Indirect: 10 bytes displaced, trampoline 0x00007FFA480ED640.
[Info   :  SHCDE-SE] [T1-22:56:16.558] [HookTransaction[Install]] Commit: "2/2 installed, 0 failed, 92ms (0ms scanning)"
[Info   :  SHCDE-SE] [T1-22:56:16.559] [Detour:moveChoreHandlerHook] ["moveChoreHandlerHook"] prepared at 0x00007FFAB7F40AE0 using Indirect: 6 bytes displaced, trampoline 0x00007FFA480ED680.
[Info   :  SHCDE-SE] [T1-22:56:16.559] [Detour:targetOrderChoreHandlerHook] ["targetOrderChoreHandlerHook"] prepared at 0x00007FFAB7F42BF0 using Indirect: 6 bytes displaced, trampoline 0x00007FFA480ED6C0.
[Info   :  SHCDE-SE] [T1-22:56:16.650] [HookTransaction[InstallMultiplayerSynchronization]] Commit: "2/2 installed, 0 failed, 90ms (0ms scanning)"
[Info   :  SHCDE-SE] [T1-22:56:16.651] [Detour:drawSubmissionHook] ["drawSubmissionHook"] prepared at 0x00007FFAB7F717A0 using Indirect: 10 bytes displaced, trampoline 0x00007FFA480ED700.
[Info   :  SHCDE-SE] [T1-22:56:16.695] [HookTransaction[InstallOptionalDrawFilter]] Commit: "1/1 installed, 0 failed, 44ms (0ms scanning)"
[Info   :  SHCDE-SE] [T1-22:56:16.696] [Detour:resetDrawListHook] ["resetDrawListHook"] prepared at 0x00007FFAB7F71D10 using Indirect: 6 bytes displaced, trampoline 0x00007FFA480ED740.
[Info   :  SHCDE-SE] [T1-22:56:16.696] [X64InlineHook] ["handle"] compiled stub at 0x00007FFA480ED780, size: 272 bytes (target: 0x00007FFAB7F736DE).
[Info   :  SHCDE-SE] [T1-22:56:16.741] [X64InlineHook] ["handle"] hook enabled at 0x00007FFAB7F736DE, stub 0x00007FFA480ED780.
[Info   :  SHCDE-SE] [T1-22:56:16.741] [HookTransaction[CreateOwnedTransaction]] Commit: "2/2 installed, 0 failed, 44ms (0ms scanning)"
[Info   :Bugfixes and QoL] [2026-09-24 22:56:16.741] Large Move marker renderer ready: reset=0x41D10/span80, visible=0x436DE/span17.
[Info   :Bugfixes and QoL] [2026-09-24 22:56:16.746] Move formation drag R3 input, selection transition, and full Vanilla EngineInterface.run transaction installed for the process lifetime.
[Debug  :Bugfixes and QoL] [2026-09-24 22:56:16.747] Extended Shift command queue setting applied: enabled=True.
[Info   :Bugfixes and QoL] [2026-09-24 22:56:16.747] INITIALIZED: waypointRva=0x11C3A0, functionSize=71, movementCompleteRva=0x1178D0, overlayRenderRva=0x1222A0, tribeUnassign=SHCDESE-2.3.0-wrapper, drawFilterInstalled=True, targetMarkerProjectionAvailable=True, largeMoveMarkerOverflowAvailable=True, multiplayerSynchronizationReady=True, GameTribeSize=0x688, queueLimit=128, featureEnabled=True. Command capture no longer depends on an OnStartMap event.
[Debug  :Bugfixes and QoL] [2026-09-24 22:56:16.748] Native address resolved: name=plague herd creation, method=reference-rva, rva=0xD17D0.
[Debug  :Bugfixes and QoL] [2026-09-24 22:56:16.748] Native address resolved: name=plague popularity exit, method=reference-rva, rva=0xCB55C.
[Info   :  SHCDE-SE] [T1-22:56:16.748] [Detour:createHerdHook] ["createHerdHook"] prepared at 0x00007FFAB80017D0 using Indirect: 10 bytes displaced, trampoline 0x00007FFA480EDB10.
[Info   :  SHCDE-SE] [T1-22:56:16.748] [X64InlineHook] ["handle"] compiled stub at 0x00007FFA480EDB50, size: 199 bytes (target: 0x00007FFAB7FFB57C).
[Info   :  SHCDE-SE] [T1-22:56:16.793] [X64InlineHook] ["handle"] hook enabled at 0x00007FFAB7FFB57C, stub 0x00007FFA480EDB50.
[Info   :  SHCDE-SE] [T1-22:56:16.793] [HookTransaction[CreateOwnedTransaction]] Commit: "2/2 installed, 0 failed, 44ms (0ms scanning)"
[Info   :  SHCDE-SE] [T1-22:56:16.793] [ModSaveDataAPI] [RegisterModDataHandler] Registered handler for [serp-plague-popularity-v1]
[Debug  :Bugfixes and QoL] [2026-09-24 22:56:16.793] Native address resolved: name=plague area-treatment function, method=reference-rva, rva=0xA0470.
[Info   :  SHCDE-SE] [T1-22:56:16.794] [Detour:areaTreatmentHook] ["areaTreatmentHook"] prepared at 0x00007FFAB7FD0470 using Indirect: 8 bytes displaced, trampoline 0x00007FFA480EDDD0.
[Debug  :Bugfixes and QoL] [2026-09-24 22:56:16.840] Bugfixes and QoL plague-cloud removal fix initialized from a unique native signature.
[Info   :  SHCDE-SE] [T1-22:56:16.840] [HookTransaction[CreateOwnedTransaction]] Commit: "1/1 installed, 0 failed, 45ms (0ms scanning)"
[Debug  :Bugfixes and QoL] [2026-09-24 22:56:16.841] Native address resolved: name=apothecary nearest-disease search function, method=reference-rva, rva=0x9F700.
[Debug  :Bugfixes and QoL] [2026-09-24 22:56:16.841] Native address resolved: name=apothecary update common exit, method=reference-rva, rva=0x1501A7.
[Info   :  SHCDE-SE] [T1-22:56:16.842] [Detour:diseaseSearchHook] ["diseaseSearchHook"] prepared at 0x00007FFAB7FCF700 using Indirect: 10 bytes displaced, trampoline 0x00007FFA480EDE10.
[Info   :  SHCDE-SE] [T1-22:56:16.842] [X64InlineHook] ["handle"] compiled stub at 0x00007FFA480EDE50, size: 176 bytes (target: 0x00007FFAB80801A7).
[Info   :  SHCDE-SE] [T1-22:56:16.887] [X64InlineHook] ["handle"] hook enabled at 0x00007FFAB80801A7, stub 0x00007FFA480EDE50.
[Debug  :Bugfixes and QoL] [2026-09-24 22:56:16.887] Bugfixes and QoL plague target-reservation fix initialized from unique disease-search and healer-update-exit signatures; radius=<7, stationaryTimeoutGameMs=10000.
[Info   :  SHCDE-SE] [T1-22:56:16.887] [HookTransaction[CreateOwnedTransaction]] Commit: "2/2 installed, 0 failed, 45ms (0ms scanning)"
[Debug  :Bugfixes and QoL] [2026-09-24 22:56:16.887] Native address resolved: name=apothecary state-2 disease-found branch, method=reference-rva, rva=0x14F8CC.
[Debug  :Bugfixes and QoL] [2026-09-24 22:56:16.887] Native address resolved: name=apothecary working state-2 building-exit reference, method=reference-rva, rva=0x14F768.
[Info   :  SHCDE-SE] [T1-22:56:16.888] [X64InlineHook] ["handle"] compiled stub at 0x00007FFA480EE0A0, size: 181 bytes (target: 0x00007FFAB807F8CC).
[Info   :  SHCDE-SE] [T1-22:56:16.888] [X64InlineHook] ["handle"] hook enabled at 0x00007FFAB807F8CC, stub 0x00007FFA480EE0A0.
[Debug  :Bugfixes and QoL] [2026-09-24 22:56:16.888] Bugfixes and QoL stuck-apothecary fix initialized from unique target and Vanilla building-exit reference signatures.
[Info   :  SHCDE-SE] [T1-22:56:16.888] [HookTransaction[CreateOwnedTransaction]] Commit: "1/1 installed, 0 failed, 0ms (0ms scanning)"
[Debug  :Bugfixes and QoL] [2026-09-24 22:56:16.889] Native address resolved: name=shared preview failure status, method=reference-rva, rva=0x9129E.
[Debug  :Bugfixes and QoL] [2026-09-24 22:56:16.889] Native address resolved: name=European troop placement rejection, method=reference-rva, rva=0x929D3.
[Debug  :Bugfixes and QoL] [2026-09-24 22:56:16.889] Native address resolved: name=mercenary troop placement rejection, method=reference-rva, rva=0x928E0.
[Debug  :Bugfixes and QoL] [2026-09-24 22:56:16.889] Native address resolved: name=engineer placement rejection, method=reference-rva, rva=0x926FA.
[Debug  :Bugfixes and QoL] [2026-09-24 22:56:16.889] Native address resolved: name=tunneler placement rejection, method=reference-rva, rva=0x912E0.
[Debug  :Bugfixes and QoL] [2026-09-24 22:56:16.889] Native address resolved: name=knight placement rejection, method=reference-rva, rva=0x913CF.
[Debug  :Bugfixes and QoL] [2026-09-24 22:56:16.889] Native address resolved: name=Bedouin troop placement rejection, method=reference-rva, rva=0x927ED.
[Info   :  SHCDE-SE] [T1-22:56:16.889] [X64InlineHook] ["handle"] compiled stub at 0x00007FFA480EE2F0, size: 67 bytes (target: 0x00007FFAB7FC12AF).
[Info   :  SHCDE-SE] [T1-22:56:16.889] [X64InlineHook] ["handle"] compiled stub at 0x00007FFA480EE460, size: 66 bytes (target: 0x00007FFAB7FC29D5).
[Info   :  SHCDE-SE] [T1-22:56:16.889] [X64InlineHook] ["handle"] compiled stub at 0x00007FFA480EE5B0, size: 66 bytes (target: 0x00007FFAB7FC28E2).
[Info   :  SHCDE-SE] [T1-22:56:16.889] [X64InlineHook] ["handle"] compiled stub at 0x00007FFA480EE700, size: 66 bytes (target: 0x00007FFAB7FC26FC).
[Info   :  SHCDE-SE] [T1-22:56:16.889] [X64InlineHook] ["handle"] compiled stub at 0x00007FFA480EE850, size: 64 bytes (target: 0x00007FFAB7FC12E2).
[Info   :  SHCDE-SE] [T1-22:56:16.889] [X64InlineHook] ["handle"] compiled stub at 0x00007FFA480EE980, size: 68 bytes (target: 0x00007FFAB7FC13D1).
[Info   :  SHCDE-SE] [T1-22:56:16.889] [X64InlineHook] ["handle"] compiled stub at 0x00007FFA480EEAD0, size: 66 bytes (target: 0x00007FFAB7FC27EF).
[Info   :  SHCDE-SE] [T1-22:56:16.889] [X64InlineHook] ["handle"] hook enabled at 0x00007FFAB7FC12AF, stub 0x00007FFA480EE2F0.
[Info   :  SHCDE-SE] [T1-22:56:16.889] [X64InlineHook] ["handle"] hook enabled at 0x00007FFAB7FC29D5, stub 0x00007FFA480EE460.
[Info   :  SHCDE-SE] [T1-22:56:16.889] [X64InlineHook] ["handle"] hook enabled at 0x00007FFAB7FC28E2, stub 0x00007FFA480EE5B0.
[Info   :  SHCDE-SE] [T1-22:56:16.889] [X64InlineHook] ["handle"] hook enabled at 0x00007FFAB7FC26FC, stub 0x00007FFA480EE700.
[Info   :  SHCDE-SE] [T1-22:56:16.889] [X64InlineHook] ["handle"] hook enabled at 0x00007FFAB7FC12E2, stub 0x00007FFA480EE850.
[Info   :  SHCDE-SE] [T1-22:56:16.889] [X64InlineHook] ["handle"] hook enabled at 0x00007FFAB7FC13D1, stub 0x00007FFA480EE980.
[Info   :  SHCDE-SE] [T1-22:56:16.889] [X64InlineHook] ["handle"] hook enabled at 0x00007FFAB7FC27EF, stub 0x00007FFA480EEAD0.
[Info   :  SHCDE-SE] [T1-22:56:16.889] [HookTransaction[CreateOwnedTransaction]] Commit: "7/7 installed, 0 failed, 0ms (0ms scanning)"
[Debug  :Bugfixes and QoL] [2026-09-24 22:56:16.889] Assembly-point permanent hooks installed; sites=7.
[Info   :  SHCDE-SE] [T1-22:56:16.893] [X64InlineHook] ["firstClassifierHook"] compiled stub at 0x00007FFA480EEC20, size: 86 bytes (target: 0x00007FFAB804EBF5).
[Info   :  SHCDE-SE] [T1-22:56:16.893] [X64InlineHook] ["secondClassifierHook"] compiled stub at 0x00007FFA480EEDB0, size: 82 bytes (target: 0x00007FFAB804EF39).
[Info   :  SHCDE-SE] [T1-22:56:16.893] [X64InlineHook] ["firstClassifierHook"] hook enabled at 0x00007FFAB804EBF5, stub 0x00007FFA480EEC20.
[Info   :  SHCDE-SE] [T1-22:56:16.893] [X64InlineHook] ["secondClassifierHook"] hook enabled at 0x00007FFAB804EF39, stub 0x00007FFA480EEDB0.
[Info   :  SHCDE-SE] [T1-22:56:16.893] [HookTransaction[CreateOwnedTransaction]] Commit: "2/2 installed, 0 failed, 0ms (0ms scanning)"
[Debug  :Bugfixes and QoL] [2026-09-24 22:56:16.893] Healer AttackUnit permanent classifier hooks installed: first=18, second=16.
[Debug  :Bugfixes and QoL] [2026-09-24 22:56:16.894] Native address resolved: name=mounted-stockpile cursor mounted classification, method=reference-rva, rva=0x8F209.
[Debug  :Bugfixes and QoL] [2026-09-24 22:56:16.894] Native address resolved: name=mounted-stockpile order-feedback mounted classification, method=reference-rva, rva=0x195F5E.
[Debug  :Bugfixes and QoL] [2026-09-24 22:56:16.894] Native address resolved: name=mounted-stockpile per-unit endpoint wall gate, method=reference-rva, rva=0x196483.
[Info   :  SHCDE-SE] [T1-22:56:16.895] [X64InlineHook] ["handle"] compiled stub at 0x00007FFA480EEF40, size: 113 bytes (target: 0x00007FFAB7FBF20E).
[Info   :  SHCDE-SE] [T1-22:56:16.895] [X64InlineHook] ["handle"] compiled stub at 0x00007FFA480EF0D0, size: 113 bytes (target: 0x00007FFAB80C5F63).
[Info   :  SHCDE-SE] [T1-22:56:16.895] [X64InlineHook] ["handle"] compiled stub at 0x00007FFA480EF260, size: 208 bytes (target: 0x00007FFAB80C648D).
[Info   :  SHCDE-SE] [T1-22:56:16.895] [X64InlineHook] ["handle"] hook enabled at 0x00007FFAB7FBF20E, stub 0x00007FFA480EEF40.
[Info   :  SHCDE-SE] [T1-22:56:16.895] [X64InlineHook] ["handle"] hook enabled at 0x00007FFAB80C5F63, stub 0x00007FFA480EF0D0.
[Info   :  SHCDE-SE] [T1-22:56:16.895] [X64InlineHook] ["handle"] hook enabled at 0x00007FFAB80C648D, stub 0x00007FFA480EF260.
[Info   :  SHCDE-SE] [T1-22:56:16.895] [HookTransaction[CreateOwnedTransaction]] Commit: "3/3 installed, 0 failed, 0ms (0ms scanning)"
[Debug  :Bugfixes and QoL] [2026-09-24 22:56:16.895] Bugfixes and QoL mounted-stockpile movement hooks enabled logically.
[Debug  :Bugfixes and QoL] [2026-09-24 22:56:16.895] Bugfixes and QoL mounted-stockpile movement hooks installed; cursor=0x8F20E, orderFeedback=0x195F63, endpoint=0x19648D.
[Info   :  SHCDE-SE] [T1-22:56:16.905] [Detour:detour] ["detour"] prepared at 0x00007FFAB80B6D10 using Indirect: 7 bytes displaced, trampoline 0x00007FFA480EF500.
[Info   :  SHCDE-SE] [T1-22:56:16.951] [HookTransaction[CreateOwnedTransaction]] Commit: "1/1 installed, 0 failed, 45ms (0ms scanning)"
[Info   :  SHCDE-SE] [T1-22:56:16.969] [X64InlineHook] ["handle"] compiled stub at 0x00007FFA480EF540, size: 68 bytes (target: 0x00007FFAB7FFAF1C).
[Info   :  SHCDE-SE] [T1-22:56:16.969] [X64InlineHook] ["handle"] compiled stub at 0x00007FFA480EF6B0, size: 64 bytes (target: 0x00007FFAB8001020).
[Info   :  SHCDE-SE] [T1-22:56:16.969] [X64InlineHook] ["handle"] hook enabled at 0x00007FFAB7FFAF1C, stub 0x00007FFA480EF540.
[Info   :  SHCDE-SE] [T1-22:56:16.969] [X64InlineHook] ["handle"] hook enabled at 0x00007FFAB8001020, stub 0x00007FFA480EF6B0.
[Info   :  SHCDE-SE] [T1-22:56:16.969] [HookTransaction[CreateOwnedTransaction]] Commit: "2/2 installed, 0 failed, 0ms (0ms scanning)"
[Info   :  SHCDE-SE] [T1-22:56:16.970] [GameAIVManagerAPI] [.ctor] AIVSystem: 00007FFABB3D9F70
[Info   :  SHCDE-SE] [T1-22:56:16.970] [GameAIVManagerAPI] [.ctor] Imported AIV variants: 00007FFAB87F4640
[Info   :Bugfixes and QoL] [2026-09-24 22:56:16.971] AI stone-reserve AIV backend: official SHCDE-SE 2.10.1.0 API; SHCDESE_COARSE_GRID_BUFFER_WORKAROUND workaround inactive.
[Info   :  SHCDE-SE] [T1-22:56:16.971] [X64InlineHook] ["handle"] compiled stub at 0x00007FFA480EF800, size: 279 bytes (target: 0x00007FFAB7F6F156).
[Info   :  SHCDE-SE] [T1-22:56:16.971] [X64InlineHook] ["handle"] hook enabled at 0x00007FFAB7F6F156, stub 0x00007FFA480EF800.
[Info   :  SHCDE-SE] [T1-22:56:16.971] [HookTransaction[CreateOwnedTransaction]] Commit: "1/1 installed, 0 failed, 0ms (0ms scanning)"
[Debug  :Bugfixes and QoL] [2026-09-24 22:56:16.971] Bugfixes and QoL AI stone-reserve hook installed: method=reference-rva, patternRva=0x3F14F, hookRva=0x3F156, nativeHookActive=True, enabled=True.
[Info   :  SHCDE-SE] [T1-22:56:16.975] [X64InlineHook] ["handle"] compiled stub at 0x00007FFA480EFBA0, size: 270 bytes (target: 0x00007FFAB7F70C97).
[Info   :  SHCDE-SE] [T1-22:56:16.975] [X64InlineHook] ["handle"] hook enabled at 0x00007FFAB7F70C97, stub 0x00007FFA480EFBA0.
[Info   :  SHCDE-SE] [T1-22:56:16.975] [HookTransaction[CreateOwnedTransaction]] Commit: "1/1 installed, 0 failed, 0ms (0ms scanning)"
[Debug  :Bugfixes and QoL] [2026-09-24 22:56:16.975] Bugfixes and QoL AI defense patrol hook installed: hookRva=0x40C97, hookLength=15, nativeHookActive=True, enabled=True, unitIdsAreOneBased=true, scanIndicesAreZeroBased=true, existingPatrolMigration=false.
[Info   :  SHCDE-SE] [T1-22:56:16.977] [X64InlineHook] ["handle"] compiled stub at 0x00007FFA480A2B00, size: 70 bytes (target: 0x00007FFAB803ECC3).
[Info   :  SHCDE-SE] [T1-22:56:16.977] [X64InlineHook] ["handle"] hook enabled at 0x00007FFAB803ECC3, stub 0x00007FFA480A2B00.
[Info   :  SHCDE-SE] [T1-22:56:16.977] [HookTransaction[CreateOwnedTransaction]] Commit: "1/1 installed, 0 failed, 0ms (0ms scanning)"
[Info   :Bugfixes and QoL] [2026-09-24 22:56:16.977] AI wall-targeting permanent hook installed: rva=0x10ECC3, displaced=15.
[Info   :  SHCDE-SE] [T1-22:56:16.978] [X64InlineHook] ["miller"] compiled stub at 0x00007FFA480A2C50, size: 62 bytes (target: 0x00007FFAB80683F3).
[Info   :  SHCDE-SE] [T1-22:56:16.978] [X64InlineHook] ["baker"] compiled stub at 0x00007FFA480A2D80, size: 58 bytes (target: 0x00007FFAB8069596).
[Info   :  SHCDE-SE] [T1-22:56:16.978] [X64InlineHook] ["miller"] hook enabled at 0x00007FFAB80683F3, stub 0x00007FFA480A2C50.
[Info   :  SHCDE-SE] [T1-22:56:16.978] [X64InlineHook] ["baker"] hook enabled at 0x00007FFAB8069596, stub 0x00007FFA480A2D80.
[Info   :  SHCDE-SE] [T1-22:56:16.978] [HookTransaction[CreateOwnedTransaction]] Commit: "2/2 installed, 0 failed, 0ms (0ms scanning)"
[Info   :  SHCDE-SE] [T1-22:56:16.986] [X64InlineHook] ["handle"] compiled stub at 0x00007FFA480A2EB0, size: 82 bytes (target: 0x00007FFAB7F8471F).
[Info   :  SHCDE-SE] [T1-22:56:16.986] [X64InlineHook] ["handle"] hook enabled at 0x00007FFAB7F8471F, stub 0x00007FFA480A2EB0.
[Info   :  SHCDE-SE] [T1-22:56:16.986] [HookTransaction[CreateOwnedTransaction]] Commit: "1/1 installed, 0 failed, 0ms (0ms scanning)"
[Info   :Bugfixes and QoL] [2026-09-24 22:56:16.986] AIV defender-position permanent hook installed: rva=0x5471F, displaced=17.
[Debug  :Bugfixes and QoL] [2026-09-24 22:56:16.989] Native address resolved: name=BugfixesAndQoL AI preplaced buildings economy-oxen, method=reference-rva, rva=0x50F90.
[Debug  :Bugfixes and QoL] [2026-09-24 22:56:16.989] Native address resolved: name=BugfixesAndQoL AI preplaced buildings economy-quarry, method=reference-rva, rva=0x51270.
[Debug  :Bugfixes and QoL] [2026-09-24 22:56:16.989] Native address resolved: name=BugfixesAndQoL AI preplaced buildings economy-wood, method=reference-rva, rva=0x51540.
[Debug  :Bugfixes and QoL] [2026-09-24 22:56:16.989] Native address resolved: name=BugfixesAndQoL AI preplaced buildings farm-search, method=reference-rva, rva=0x575B0.
[Debug  :Bugfixes and QoL] [2026-09-24 22:56:16.989] Native address resolved: name=BugfixesAndQoL AI preplaced buildings resource-search, method=reference-rva, rva=0x57B80.
[Debug  :Bugfixes and QoL] [2026-09-24 22:56:16.989] Native address resolved: name=BugfixesAndQoL AI preplaced buildings wood-search, method=reference-rva, rva=0x58020.
[Debug  :Bugfixes and QoL] [2026-09-24 22:56:16.989] Native address resolved: name=BugfixesAndQoL AI preplaced buildings nearby-search, method=reference-rva, rva=0x58950.
[Debug  :Bugfixes and QoL] [2026-09-24 22:56:16.989] Native address resolved: name=BugfixesAndQoL AI preplaced buildings economy-grid-update, method=reference-rva, rva=0x50720.
[Debug  :Bugfixes and QoL] [2026-09-24 22:56:16.989] Native address resolved: name=BugfixesAndQoL AI preplaced buildings initialize-economy-availability, method=reference-rva, rva=0x55FE0.
[Debug  :Bugfixes and QoL] [2026-09-24 22:56:16.989] Native address resolved: name=BugfixesAndQoL AI preplaced buildings legacy-player-state-copy, method=reference-rva, rva=0xD4290.
[Debug  :Bugfixes and QoL] [2026-09-24 22:56:16.989] Native address resolved: name=BugfixesAndQoL AI preplaced buildings allocate, method=reference-rva, rva=0x50680.
[Debug  :Bugfixes and QoL] [2026-09-24 22:56:16.989] Native address resolved: name=BugfixesAndQoL AI preplaced buildings active-layout-reference, method=reference-rva, rva=0x55F64.
[Info   :  SHCDE-SE] [T1-22:56:16.991] [GameTileManagerAPI] [.ctor] TileManager: 00007FFABBF8EDB0
[Info   :  SHCDE-SE] [T1-22:56:16.991] [GameTileManagerAPI] [.ctor] TileHeightGridVA: 00007FFABCD0D350
[Info   :  SHCDE-SE] [T1-22:56:16.991] [GameTileManagerAPI] [.ctor] TilePropertyFlagsVA: 00007FFABC8271B0
[Info   :  SHCDE-SE] [T1-22:56:16.991] [GameTileManagerAPI] [.ctor] VegetationTypeLookupVA: 00007FFABC9FE010
[Info   :  SHCDE-SE] [T1-22:56:16.991] [GameTileManagerAPI] [.ctor] TilePlayerOwnerIdVA: 00007FFABCDA9D90
[Info   :  SHCDE-SE] [T1-22:56:16.991] [GameTileManagerAPI] [.ctor] TileBuildingIdGridVA: 00007FFABCA9AA50
[Info   :  SHCDE-SE] [T1-22:56:16.991] [GameTileManagerAPI] [.ctor] TileUnitIdGridVA: 00007FFABCB859B0
[Info   :  SHCDE-SE] [T1-22:56:16.991] [GameTileManagerAPI] [.ctor] TileStateGridVA: 00007FFABCF31730
[Info   :  SHCDE-SE] [T1-22:56:16.991] [GameTileManagerAPI] [.ctor] TileTypeVA: 00007FFABC9612B0
[Info   :  SHCDE-SE] [T1-22:56:16.991] [GameTileManagerAPI] [.ctor] _currentMapSize: 00007FFABDFDD594
[Info   :  SHCDE-SE] [T1-22:56:16.991] [GameTileManagerAPI] [.ctor] _gp_pathfindingContext: 00007FFABDFDD660
[Info   :  SHCDE-SE] [T1-22:56:16.997] [Detour:allocateHook] ["allocateHook"] prepared at 0x00007FFAB7F80680 using Indirect: 6 bytes displaced, trampoline 0x00007FFA480EFF30.
[Info   :  SHCDE-SE] [T1-22:56:16.997] [Detour:economyOxenHook] ["economyOxenHook"] prepared at 0x00007FFAB7F80F90 using Indirect: 6 bytes displaced, trampoline 0x00007FFA480EFF70.
[Info   :  SHCDE-SE] [T1-22:56:16.998] [Detour:economyQuarryHook] ["economyQuarryHook"] prepared at 0x00007FFAB7F81270 using Indirect: 8 bytes displaced, trampoline 0x00007FFA480EFFB0.
[Info   :  SHCDE-SE] [T1-22:56:16.998] [Detour:economyWoodHook] ["economyWoodHook"] prepared at 0x00007FFAB7F81540 using Indirect: 10 bytes displaced, trampoline 0x00007FFA480A3040.
[Info   :  SHCDE-SE] [T1-22:56:16.998] [Detour:farmSearchHook] ["farmSearchHook"] prepared at 0x00007FFAB7F875B0 using Indirect: 9 bytes displaced, trampoline 0x00007FFA480A3070.
[Info   :  SHCDE-SE] [T1-22:56:16.998] [Detour:resourceSearchHook] ["resourceSearchHook"] prepared at 0x00007FFAB7F87B80 using Indirect: 8 bytes displaced, trampoline 0x00007FFA480A30B0.
[Info   :  SHCDE-SE] [T1-22:56:16.998] [Detour:woodSearchHook] ["woodSearchHook"] prepared at 0x00007FFAB7F88020 using Indirect: 7 bytes displaced, trampoline 0x00007FFA480A30F0.
[Info   :  SHCDE-SE] [T1-22:56:16.998] [X64InlineHook] ["woodScoreFloorHook"] compiled stub at 0x00007FFA480A3130, size: 270 bytes (target: 0x00007FFAB7F88057).
[Info   :  SHCDE-SE] [T1-22:56:16.999] [Detour:nearbySearchHook] ["nearbySearchHook"] prepared at 0x00007FFAB7F88950 using Indirect: 6 bytes displaced, trampoline 0x00007FFA480A34C0.
[Info   :  SHCDE-SE] [T1-22:56:16.999] [Detour:economyGridUpdateHook] ["economyGridUpdateHook"] prepared at 0x00007FFAB7F80720 using Indirect: 7 bytes displaced, trampoline 0x00007FFA480A3500.
[Info   :  SHCDE-SE] [T1-22:56:16.999] [Detour:legacyPlayerStateCopyHook] ["legacyPlayerStateCopyHook"] prepared at 0x00007FFAB8004290 using Indirect: 10 bytes displaced, trampoline 0x00007FFA480A3540.
[Info   :  SHCDE-SE] [T1-22:56:17.316] [X64InlineHook] ["woodScoreFloorHook"] hook enabled at 0x00007FFAB7F88057, stub 0x00007FFA480A3130.
[Info   :  SHCDE-SE] [T1-22:56:17.452] [HookTransaction[TryInstallNativeFixes]] Commit: "11/11 installed, 0 failed, 455ms (0ms scanning)"
[Debug  :Bugfixes and QoL] [2026-09-24 22:56:17.453] Native address resolved: name=AI narrow tower-ruin classifier, method=reference-rva, rva=0x5D055.
[Debug  :Bugfixes and QoL] [2026-09-24 22:56:17.453] Native address resolved: name=AI broad tower-ruin classifier, method=reference-rva, rva=0x5D025.
[Info   :  SHCDE-SE] [T1-22:56:17.454] [X64InlineHook] ["handle"] compiled stub at 0x00007FFA480A3580, size: 275 bytes (target: 0x00007FFAB7F8D055).
[Info   :  SHCDE-SE] [T1-22:56:17.454] [X64InlineHook] ["handle"] compiled stub at 0x00007FFA480A3910, size: 279 bytes (target: 0x00007FFAB7F8D025).
[Info   :  SHCDE-SE] [T1-22:56:17.454] [X64InlineHook] ["handle"] hook enabled at 0x00007FFAB7F8D055, stub 0x00007FFA480A3580.
[Info   :  SHCDE-SE] [T1-22:56:17.454] [X64InlineHook] ["handle"] hook enabled at 0x00007FFAB7F8D025, stub 0x00007FFA480A3910.
[Info   :  SHCDE-SE] [T1-22:56:17.454] [HookTransaction[CreateOwnedTransaction]] Commit: "2/2 installed, 0 failed, 0ms (0ms scanning)"
[Debug  :Bugfixes and QoL] [2026-09-24 22:56:17.454] AI tower-ruin classifiers installed at RVAs 0x5D055 and 0x5D025.
[Debug  :Bugfixes and QoL] [2026-09-24 22:56:17.455] Native address resolved: name=AI overbuild mapper selection, method=reference-rva, rva=0x5CEAB.
[Debug  :Bugfixes and QoL] [2026-09-24 22:56:17.455] Native address resolved: name=AI broad-overbuild blocker protection, method=reference-rva, rva=0x5D016.
[Debug  :Bugfixes and QoL] [2026-09-24 22:56:17.455] Native address resolved: name=AI narrow-overbuild blocker protection, method=reference-rva, rva=0x5D045.
[Info   :  SHCDE-SE] [T1-22:56:17.455] [X64InlineHook] ["handle"] compiled stub at 0x00007FFA480A3CB0, size: 282 bytes (target: 0x00007FFAB7F8CEAB).
[Info   :  SHCDE-SE] [T1-22:56:17.455] [X64InlineHook] ["handle"] compiled stub at 0x00007FFA480A4070, size: 270 bytes (target: 0x00007FFAB7F8D016).
[Info   :  SHCDE-SE] [T1-22:56:17.455] [X64InlineHook] ["handle"] compiled stub at 0x00007FFA480A43F0, size: 271 bytes (target: 0x00007FFAB7F8D045).
[Info   :  SHCDE-SE] [T1-22:56:17.455] [X64InlineHook] ["handle"] hook enabled at 0x00007FFAB7F8CEAB, stub 0x00007FFA480A3CB0.
[Info   :  SHCDE-SE] [T1-22:56:17.455] [X64InlineHook] ["handle"] hook enabled at 0x00007FFAB7F8D016, stub 0x00007FFA480A4070.
[Info   :  SHCDE-SE] [T1-22:56:17.455] [X64InlineHook] ["handle"] hook enabled at 0x00007FFAB7F8D045, stub 0x00007FFA480A43F0.
[Info   :  SHCDE-SE] [T1-22:56:17.456] [HookTransaction[CreateOwnedTransaction]] Commit: "3/3 installed, 0 failed, 0ms (0ms scanning)"
[Debug  :Bugfixes and QoL] [2026-09-24 22:56:17.471] Bugfixes and QoL ally goods amount modifier hook installed.
[Debug  :Bugfixes and QoL] [2026-09-24 22:56:17.472] Native address resolved: name=market validator, method=reference-rva, rva=0xD7080.
[Debug  :Bugfixes and QoL] [2026-09-24 22:56:17.472] Native address resolved: name=market packet tail, method=reference-rva, rva=0xD7324.
[Debug  :Bugfixes and QoL] [2026-09-24 22:56:17.472] Native address resolved: name=market storage call, method=reference-rva, rva=0xD7119.
[Debug  :Bugfixes and QoL] [2026-09-24 22:56:17.472] Native address resolved: name=AutoMarket sell statistic update, method=reference-rva, rva=0xD0484.
[Info   :Bugfixes and QoL] [2026-09-24 22:56:17.472] Ctrl market native dependencies resolved by instruction patterns: validatorRva=0xD7080, packetTailRva=0xD7324, storageFunctionRva=0xC5AD0, senderRva=0x23990, sellStatisticRva=0x87EED98.
[Info   :  SHCDE-SE] [T1-22:56:17.472] [Detour:marketValidatorHook] ["marketValidatorHook"] prepared at 0x00007FFAB8007080 using Indirect: 10 bytes displaced, trampoline 0x00007FFA480A4770.
[Info   :  SHCDE-SE] [T1-22:56:17.520] [HookTransaction[CreateOwnedTransaction]] Commit: "1/1 installed, 0 failed, 46ms (0ms scanning)"
[Info   :Bugfixes and QoL] [2026-09-24 22:56:17.521] Bugfixes and QoL Ctrl single-unit market hooks installed.
[Info   :  SHCDE-SE] [T1-22:56:17.550] [X64InlineHook] ["VanillaPeaceTime_StartingTroops"] compiled stub at 0x00007FFA480A47B0, size: 45 bytes (target: 0x00007FFAB8049050).
[Info   :  SHCDE-SE] [T1-22:56:17.550] [X64InlineHook] ["VanillaPeaceTime_StartingTroops"] hook enabled at 0x00007FFAB8049050, stub 0x00007FFA480A47B0.
[Info   :  SHCDE-SE] [T1-22:56:17.550] [HookTransaction[CreateOwnedTransaction]] Commit: "30/30 installed, 0 failed, 1ms (0ms scanning)"
[Debug  :Bugfixes and QoL] [2026-09-24 22:56:17.550] BUGFIXES_AND_QOL_VANILLA_PEACE_TIME_PATCH_INSTALLED: sha256=FBCB93195FC7EFCA9BDAC5204852EFDD76F9818F59A6711750D77C9CEF2831E2, branchPatches=29, startingTroopsRva=0x119050, displacedBytes=16.
[Debug  :Bugfixes and QoL] [2026-09-24 22:56:17.551] BUGFIXES_AND_QOL_SKIRMISH_GAME_OPTIONS_NO_DOGS_PATCH_INSTALLED: sha256=FBCB93195FC7EFCA9BDAC5204852EFDD76F9818F59A6711750D77C9CEF2831E2, rva=0xFFD98, original=74-31, replacement=90-90.
[Info   :  SHCDE-SE] [T1-22:56:17.551] [HookTransaction[CreateOwnedTransaction]] Commit: "1/1 installed, 0 failed, 0ms (0ms scanning)"
[Info   :  SHCDE-SE] [T1-22:56:17.551] [GameXAMLManagerAPI] [RegisterBinding] Registering auto-binding: [BugfixesAndQoLAllyAmount5]
[Info   :  SHCDE-SE] [T1-22:56:17.551] [GameXAMLManagerAPI] [RegisterBinding] Registering auto-binding: [BugfixesAndQoLAllyAmount10]
[Info   :  SHCDE-SE] [T1-22:56:17.551] [GameXAMLManagerAPI] [RegisterBinding] Registering auto-binding: [BugfixesAndQoLAllyAmount25]
[Info   :  SHCDE-SE] [T1-22:56:17.551] [GameXAMLManagerAPI] [RegisterBinding] Registering auto-binding: [BugfixesAndQoLAllyAmount100]
[Info   :  SHCDE-SE] [T1-22:56:17.551] [GameXAMLManagerAPI] [RegisterBinding] Registering auto-binding: [BugfixesAndQoLAllyAmount500]
[Info   :  SHCDE-SE] [T1-22:56:17.554] [MapModManager] [TryUpdateModsFromRemote] Trying to update mods from steam-remote...
[Info   :  SHCDE-SE] [T1-22:56:17.556] [WorkshopUpdateManager] [CheckAndDownloadUpdates] Checking for Steam Workshop updates...
[Info   :  SHCDE-SE] [T1-22:56:17.556] [WorkshopUpdateManager] [CheckAndDownloadUpdates] All workshop items are up to date
[Info   :  SHCDE-SE] [T1-22:56:17.556] [MapModManager] [TryUpdateModsFromRemote] Retrieved 6 items
[Info   :  SHCDE-SE] [T1-22:56:17.557] [MapModManager] [DetectAndStageUninstalls] Scanning for uninstalls in: [E:\ProgrammeE\Steam\steamapps\common\Stronghold Crusader Definitive Edition\_SE]
[Info   :  SHCDE-SE] [T1-22:56:17.557] [MapModManager] [DetectAndStageUninstalls] Found 3 local manifests.
[Info   :  SHCDE-SE] [T1-22:56:17.562] [MapArchive] [.ctor] Reading ZIP data from offset: 003444B7
[Info   :  SHCDE-SE] [T1-22:56:17.569] [MapModManager] [TryStageModUpdate] Querying workshop mod (MAS): [fixes], full: [E:\ProgrammeE\Steam\steamapps\workshop\content\3024040\3791770511\fixes.map]
[Info   :  SHCDE-SE] [T1-22:56:17.569] [MapModManager] [ShouldUpdate] Querying local mod info: [E:\ProgrammeE\Steam\steamapps\common\Stronghold Crusader Definitive Edition\_SE\fixes.json]
[Info   :  SHCDE-SE] [T1-22:56:17.571] [MapModManager] [ShouldUpdate] Local mod info version: [1.19.1], Remote version: [1.19.1]
[Info   :  SHCDE-SE] [T1-22:56:17.571] [MapModManager] [TryStageModUpdate] Skipping: [fixes]
[Info   :  SHCDE-SE] [T1-22:56:17.575] [MapArchive] [.ctor] Reading ZIP data from offset: 003444B7
[Info   :  SHCDE-SE] [T1-22:56:17.589] [MapModManager] [TryStageModUpdate] Querying workshop mod (MAS): [SerpsMods], full: [E:\ProgrammeE\Steam\steamapps\workshop\content\3024040\3788821961\SerpsMods.map]
[Info   :  SHCDE-SE] [T1-22:56:17.589] [MapModManager] [ShouldUpdate] Querying local mod info: [E:\ProgrammeE\Steam\steamapps\common\Stronghold Crusader Definitive Edition\_SE\SerpsMods.json]
[Info   :  SHCDE-SE] [T1-22:56:17.589] [MapModManager] [ShouldUpdate] Local mod info version: [1.0.14], Remote version: [1.0.14]
[Info   :  SHCDE-SE] [T1-22:56:17.589] [MapModManager] [TryStageModUpdate] Skipping: [SerpsMods]
[Info   :  SHCDE-SE] [T1-22:56:17.593] [MapArchive] [.ctor] Reading ZIP data from offset: 003444B7
[Info   :  SHCDE-SE] [T1-22:56:17.594] [MapModManager] [TryStageModUpdate] Querying workshop mod (MAS): [LorrdyAISharesGold], full: [E:\ProgrammeE\Steam\steamapps\workshop\content\3024040\3774768801\LorrdyAISharesGold.map]
[Info   :  SHCDE-SE] [T1-22:56:17.594] [MapModManager] [ShouldUpdate] Querying local mod info: [E:\ProgrammeE\Steam\steamapps\common\Stronghold Crusader Definitive Edition\_SE\LorrdyAISharesGold.json]
[Info   :  SHCDE-SE] [T1-22:56:17.594] [MapModManager] [ShouldUpdate] Local mod info version: [1.0.4], Remote version: [1.0.4]
[Info   :  SHCDE-SE] [T1-22:56:17.594] [MapModManager] [TryStageModUpdate] Skipping: [LorrdyAISharesGold]
[Debug  :Bugfixes and QoL] [2026-09-24 22:56:17.596] Steam lobby-invite popup validation callbacks registered.
[Debug  :Bugfixes and QoL] [2026-09-24 22:56:17.598] Bugfixes and QoL quarry-pile runtime: runtime initialized: mode=Vanilla-clockwise-prefab-spawn-and-structure-group, nativeCandidateHelperAvailable=True, subscriptions=3, setUpInbuildingHookInstalled=True.
[Debug  :Bugfixes and QoL] [2026-09-24 22:56:17.598] Bugfixes and QoL quarry-pile runtime: setting applied: EnableMod=True, EnableQuarryPileRelocation=True, EnableAIQuarryPileTowardsKeep=True.
[Debug  :Bugfixes and QoL] [2026-09-24 22:56:17.603] Movement features: sameSpeed=True, rally=True, nativeFastpaths=True.
[Debug  :Bugfixes and QoL] [2026-09-24 22:56:17.603] Bugfixes and QoL mounted-stockpile movement hooks enabled logically.
[Debug  :Bugfixes and QoL] [2026-09-24 22:56:17.608] Bugfixes and QoL enemy-proximity bulldoze cursor hook installed.
[Debug  :Bugfixes and QoL] [2026-09-24 22:56:17.608] Bugfixes and QoL feature hooks reconciled.
[Debug  :Bugfixes and QoL] [2026-09-24 22:56:17.608] Crusader library loaded; Bugfixes and QoL initialized.
[Info   :   BepInEx] Loading [AIV Lobby Preset Test 0.1.0]
[Info   :AIV Lobby Preset Test] Test-series progression registered on APIShared mission lifecycle.
[Info   :AIV Lobby Preset Test] AIV lobby preset registered; config=E:\ProgrammeE\Steam\steamapps\common\Stronghold Crusader Definitive Edition\BepInEx\config\AivLobbyPresetTest.json
[Info   :AIV Lobby Preset Test] Lobby bridge after registration: assembly=E:\ProgrammeE\Steam\steamapps\common\Stronghold Crusader Definitive Edition\BepInEx\plugins\APIShared_Serp\APIShared.dll, owner=AivLobbyPresetTest_Serp, callback=AivLobbyPresetTest.AivLobbyPresetTestPlugin, sameLobby=True, prepared=False, active=False, applyAttempted=False
[Info   :   BepInEx] Loading [Building Costs 1.0.107]
[Debug  :Building Costs] [2026-09-24 22:56:17.614] Building Costs 1.0.107 loaded.
[Debug  :Building Costs] [2026-09-24 22:56:17.621] [Building Costs] gameplay-mod gate: modGuid=BuildingCosts_Serp, source=initialization, kind=Unknown, launchVariant=Standard, customized=False, customizedOrigin=0, modeAllowed=False, configuredEnabled=True, effectiveEnabled=False, action=disabled-by-mode, reason=unknown-fail-closed.
[Info   :Building Costs] [2026-09-24 22:56:17.621] [BuildingCosts_Serp] gameplay-feature gate: feature=BuildingCostTooltip, source=initialization, kind=Unknown, launchVariant=Standard, realMultiplayer=False, modeAllowed=False, action=disabled-by-feature-mode, reason=unknown-fail-closed.
[Info   :Building Costs] [2026-09-24 22:56:17.646] Building Costs verified the installed CrusaderDE.dll: sha256=FBCB93195FC7EFCA9BDAC5204852EFDD76F9818F59A6711750D77C9CEF2831E2, size=3451392, path=E:\ProgrammeE\Steam\steamapps\common\Stronghold Crusader Definitive Edition\Stronghold Crusader Definitive Edition_Data\Plugins\x86_64\CrusaderDE.dll.
[Info   :Serp Localization] [2026-09-24 22:56:17.660] Locale selected: locale=en-US, source=Steam runtime, rawLanguage=english, configuredProvider=detect, scriptExtenderLanguage=en-US, pluginDirectory=E:\ProgrammeE\Steam\steamapps\common\Stronghold Crusader Definitive Edition\BepInEx\plugins\BuildingCosts_Serp, englishFileExists=True, localeFileExists=True.
[Info   :  SHCDE-SE] [T1-22:56:17.661] [LobbyModSettingsStorage] [Load] [BuildingCosts_Serp]: Settings restored from [E:\ProgrammeE\Steam\steamapps\common\Stronghold Crusader Definitive Edition\BepInEx\plugins\BuildingCosts_Serp\LobbyModSettings\BuildingCosts_Serp.msgpack]
[Info   :  SHCDE-SE] [T1-22:56:17.664] [GameXAMLManagerAPI] [RegisterLobbyModSettingsCore] Registered mod [BuildingCosts_Serp]
[Info   :Building Costs] [2026-09-24 22:56:17.664] [BuildingCosts_Serp] Loaded editable lobby-settings working state; basedOn=, modified=False.
[Info   :  SHCDE-SE] [T1-22:56:17.664] [GameXAMLManagerAPI] [RegisterBinding] Registering auto-binding: [BuildingCostsTooltipHost]
[Info   :  SHCDE-SE] [T1-22:56:17.664] [GameXAMLManagerAPI] [RegisterBinding] Registering auto-binding: [BuildingCostsTooltipHostCompact]
[Debug  :Building Costs] [2026-09-24 22:56:17.664] Building costs disabled; runtime hooks not subscribed
[Debug  :Building Costs] [2026-09-24 22:56:17.664] Crusader library loaded; BuildingCosts runtime initialized.
[Info   :   BepInEx] Loading [Building Limit 1.0.25]
[Debug  :Building Limit] [2026-09-24 22:56:17.666] Building Limit 1.0.25 loaded.
[Debug  :Building Limit] [2026-09-24 22:56:17.671] [Building Limit] gameplay-mod gate: modGuid=BuildingLimit_Serp, source=initialization, kind=Unknown, launchVariant=Standard, customized=False, customizedOrigin=0, modeAllowed=False, configuredEnabled=True, effectiveEnabled=False, action=disabled-by-mode, reason=unknown-fail-closed.
[Info   :Building Limit] [2026-09-24 22:56:17.671] [BuildingLimit_Serp] gameplay-feature gate: feature=BuildingLimitEnforcement, source=initialization, kind=Unknown, launchVariant=Standard, realMultiplayer=False, modeAllowed=False, action=disabled-by-feature-mode, reason=unknown-fail-closed.
[Info   :Building Limit] [2026-09-24 22:56:17.697] Building Limit verified the installed CrusaderDE.dll: sha256=FBCB93195FC7EFCA9BDAC5204852EFDD76F9818F59A6711750D77C9CEF2831E2, size=3451392, path=E:\ProgrammeE\Steam\steamapps\common\Stronghold Crusader Definitive Edition\Stronghold Crusader Definitive Edition_Data\Plugins\x86_64\CrusaderDE.dll.
[Info   :Serp Localization] [2026-09-24 22:56:17.704] Locale selected: locale=en-US, source=Steam runtime, rawLanguage=english, configuredProvider=detect, scriptExtenderLanguage=en-US, pluginDirectory=E:\ProgrammeE\Steam\steamapps\common\Stronghold Crusader Definitive Edition\BepInEx\plugins\BuildingLimit_Serp, englishFileExists=True, localeFileExists=True.
[Info   :  SHCDE-SE] [T1-22:56:17.705] [LobbyModSettingsStorage] [Load] [BuildingLimit_Serp]: Settings restored from [E:\ProgrammeE\Steam\steamapps\common\Stronghold Crusader Definitive Edition\BepInEx\plugins\BuildingLimit_Serp\LobbyModSettings\BuildingLimit_Serp.msgpack]
[Info   :  SHCDE-SE] [T1-22:56:17.708] [GameXAMLManagerAPI] [RegisterLobbyModSettingsCore] Registered mod [BuildingLimit_Serp]
[Info   :Building Limit] [2026-09-24 22:56:17.708] [BuildingLimit_Serp] Loaded editable lobby-settings working state; basedOn=, modified=False.
[Info   :  SHCDE-SE] [T1-22:56:17.708] [GameXAMLManagerAPI] [RegisterBinding] Registering auto-binding: [BuildingLimitNotificationOverlay]
[Info   :  SHCDE-SE] [T1-22:56:17.708] [GameXAMLManagerAPI] [RegisterBinding] Registering auto-binding: [BuildingLimitTooltipHost]
[Info   :  SHCDE-SE] [T1-22:56:17.708] [GameXAMLManagerAPI] [RegisterBinding] Registering auto-binding: [BuildingLimitTooltipHostCompact]
[Debug  :Building Limit] [2026-09-24 22:56:17.709] Building limit disabled; runtime hooks not subscribed
[Debug  :Building Limit] [2026-09-24 22:56:17.709] Crusader library loaded; BuildingLimit runtime initialized.
[Info   :   BepInEx] Loading [CastlePlanner 0.8.31]
[Debug  :CastlePlanner] [2026-09-24 22:56:17.713] [CastlePlanner] gameplay-mod gate: modGuid=CastlePlanner_Serp, source=initialization, kind=Unknown, launchVariant=Standard, customized=False, customizedOrigin=0, modeAllowed=False, configuredEnabled=True, effectiveEnabled=False, action=disabled-by-mode, reason=unknown-fail-closed.
[Info   :CastlePlanner] [2026-09-24 22:56:17.713] [CastlePlanner_Serp] gameplay-feature gate: feature=CastleSpawning, source=initialization, kind=Unknown, launchVariant=Standard, realMultiplayer=False, modeAllowed=False, action=disabled-by-feature-mode, reason=unknown-fail-closed.
[Info   :CastlePlanner] [2026-09-24 22:56:17.713] [CastlePlanner_Serp] gameplay-feature gate: feature=FreeCastlePreview, source=initialization, kind=Unknown, launchVariant=Standard, realMultiplayer=False, modeAllowed=False, action=disabled-by-feature-mode, reason=unknown-fail-closed.
[Info   :CastlePlanner] [2026-09-24 22:56:17.713] [CastlePlanner_Serp] gameplay-feature gate: feature=CastleBlueprints, source=initialization, kind=Unknown, launchVariant=Standard, realMultiplayer=False, modeAllowed=False, action=disabled-by-feature-mode, reason=unknown-fail-closed.
[Info   :CastlePlanner] [2026-09-24 22:56:17.740] CastlePlanner verified the installed CrusaderDE.dll: sha256=FBCB93195FC7EFCA9BDAC5204852EFDD76F9818F59A6711750D77C9CEF2831E2, size=3451392, path=E:\ProgrammeE\Steam\steamapps\common\Stronghold Crusader Definitive Edition\Stronghold Crusader Definitive Edition_Data\Plugins\x86_64\CrusaderDE.dll.
[Info   :Serp Localization] [2026-09-24 22:56:17.747] Locale selected: locale=en-US, source=Steam runtime, rawLanguage=english, configuredProvider=detect, scriptExtenderLanguage=en-US, pluginDirectory=E:\ProgrammeE\Steam\steamapps\common\Stronghold Crusader Definitive Edition\BepInEx\plugins\CastlePlanner_Serp, englishFileExists=True, localeFileExists=True.
[Info   :  SHCDE-SE] [T1-22:56:17.749] [LobbyModSettingsStorage] [Load] [CastlePlanner_Serp]: Settings restored from [E:\ProgrammeE\Steam\steamapps\common\Stronghold Crusader Definitive Edition\BepInEx\plugins\CastlePlanner_Serp\LobbyModSettings\CastlePlanner_Serp.msgpack]
[Info   :  SHCDE-SE] [T1-22:56:17.757] [GameXAMLManagerAPI] [RegisterLobbyModSettingsCore] Registered mod [CastlePlanner_Serp]
[Info   :CastlePlanner] [2026-09-24 22:56:17.757] [CastlePlanner ModSettingsScrollDiagnostic] attached; horizontal=0, vertical=0, extentWidth=0, viewportWidth=0.
[Info   :CastlePlanner] [2026-09-24 22:56:17.757] [CastlePlanner_Serp] Loaded editable lobby-settings working state; basedOn=, modified=False.
[Info   :CastlePlanner] [2026-09-24 22:56:17.757] CastlePlanner local AIVJSON selection changed to '[CustomLords] testlord_serp\testlord_serpcastle1.aivjson'.
[Info   :CastlePlanner] [2026-09-24 22:56:17.766] Asynchronous AIVJSON catalog loading started; recursive discovery and hashing will not block the game thread.
[Info   :CastlePlanner] [2026-09-24 22:56:17.773] Loaded 14 Blueprint building-size calibrations (14 usable sizes, 14 ground-aligned) from E:\ProgrammeE\Steam\steamapps\common\Stronghold Crusader Definitive Edition\BepInEx\plugins\CastlePlanner_Serp\RuntimeData\BlueprintBuildingSizes.tsv.
[Info   :CastlePlanner] [2026-09-24 22:56:17.801] Blueprint capture status: available=80, required=80, missing=0, depthAtlases=80, missingDepth=0.
[Debug  :CastlePlanner] [2026-09-24 22:56:17.801] Blueprint image manifests loaded: composites=80, depthCaptures=80, elapsedMs=28,1.
[Info   :CastlePlanner] [2026-09-24 22:56:17.806] Persistent local blueprint runtime initialized; Application.onBeforeRender frame loop and focus-loss guard registered.
[Info   :  SHCDE-SE] [T1-22:56:17.807] [GameNetworkAPI] [GetPacketEventFor] Dynamically registered packet type 'FreeCastlePacket' with ID: 1113
[Info   :  SHCDE-SE] [T1-22:56:17.807] [GameNetworkAPI] [GetPacketEventFor] Created R3 event stream for packet ID 1113 [FreeCastlePacket]
[Info   :CastlePlanner] [2026-09-24 22:56:17.810] Free-castle preview initialized: packetId=1113, defaultTimeout=120s, timeoutRange=60-600s, mainThread=1, synchronizationContext=UnityEngine.UnitySynchronizationContext, loadingWarningGuard=managed-generation.
[Info   :  SHCDE-SE] [T1-22:56:17.810] [GameXAMLManagerAPI] [RegisterBinding] Registering auto-binding: [CastlePlannerBlueprintHud]
[Info   :  SHCDE-SE] [T1-22:56:17.810] [GameXAMLManagerAPI] [RegisterBinding] Registering auto-binding: [CastlePlannerBlueprintSettingsButton]
[Info   :  SHCDE-SE] [T1-22:56:17.823] [GameXAMLManagerAPI] [RegisterBinding] Registering auto-binding: [CastlePlannerAivSelectionListHost]
[Debug  :CastlePlanner] [2026-09-24 22:56:17.839] Native address resolved: name=AllocateSpecDelegate, method=reference-rva, rva=0x50680.
[Debug  :CastlePlanner] [2026-09-24 22:56:17.839] Native address resolved: name=SetPlacementDelegate, method=reference-rva, rva=0x54EC0.
[Debug  :CastlePlanner] [2026-09-24 22:56:17.839] Native address resolved: name=TestSpecificCandidateDelegate, method=reference-rva, rva=0x54DE0.
[Debug  :CastlePlanner] [2026-09-24 22:56:17.840] Native address resolved: name=PrepareLayoutDelegate, method=reference-rva, rva=0x53D00.
[Debug  :CastlePlanner] [2026-09-24 22:56:17.840] Native address resolved: name=ExecuteToPercentageDelegate, method=reference-rva, rva=0x55F50.
[Debug  :CastlePlanner] [2026-09-24 22:56:17.840] Native address resolved: name=aivState, method=reference-rva, rva=0x95C9F.
[Debug  :CastlePlanner] [2026-09-24 22:56:17.840] Native address resolved: name=prebuiltPlayersBitField, method=reference-rva, rva=0x95FF8.
[Debug  :CastlePlanner] [2026-09-24 22:56:17.840] Native address resolved: name=prepared Keep coordinates, method=reference-rva, rva=0x95EA3.
[Info   :CastlePlanner] [2026-09-24 22:56:17.840] Native AIV bindings resolved: module=0x7FFAB7F30000, aivState=0x7FFABB3D9F70, playerAivStateBase=0x7FFABB6CD0CC, prebuiltPlayers=0x7FFABB595FC0, preparedKeepX=0x7FFABB4179CC, preparedKeepY=0x7FFABB4179D0.
[Info   :CastlePlanner] [2026-09-24 22:56:17.840] CastlePlanner AIV import backend: official SHCDE-SE 2.10.1.0 GameAIVManagerAPI is available; compatibility workaround inactive.
[Debug  :CastlePlanner] [2026-09-24 22:56:17.841] Native address resolved: name=Vanilla human Keep coordinate load, method=reference-rva, rva=0x95B3C.
[Info   :  SHCDE-SE] [T1-22:56:17.843] [X64InlineHook] ["humanKeepCoordinateLoadHook"] compiled stub at 0x00007FFA480A48B0, size: 271 bytes (target: 0x00007FFAB7FC5B3C).
[Info   :  SHCDE-SE] [T1-22:56:17.843] [X64InlineHook] ["humanKeepCoordinateLoadHook"] hook enabled at 0x00007FFAB7FC5B3C, stub 0x00007FFA480A48B0.
[Info   :CastlePlanner] [2026-09-24 22:56:17.843] Early Vanilla human-start hooks installed: keepCoordinateRva=0x95B3C, displacedBytes=16.
[Info   :  SHCDE-SE] [T1-22:56:17.843] [HookTransaction[InstallHumanStartPreparationHook]] Commit: "1/1 installed, 0 failed, 2ms (0ms scanning)"
[Info   :CastlePlanner] [2026-09-24 22:56:17.843] Native AIV castle spawner installed; all private functions and globals resolved uniquely.
[Info   :CastlePlanner] [2026-09-24 22:56:17.843] Crusader library initialization completed; all optional stages completed successfully.
[Info   :CastlePlanner] [2026-09-24 22:56:17.843] CastlePlanner 0.8.31 loaded; the AIVJSON catalog will be cached automatically in the lobby.
[Info   :   BepInEx] Loading [Cheat Mod 1.0.9]
[Debug  : Cheat Mod] [2026-09-24 22:56:17.845] Cheat Mod 1.0.9 loaded.
[Debug  : Cheat Mod] [2026-09-24 22:56:17.846] [Cheat Mod] gameplay-mod gate: modGuid=CheatMod_Serp, source=initialization, kind=Unknown, launchVariant=Standard, customized=False, customizedOrigin=0, modeAllowed=False, configuredEnabled=False, effectiveEnabled=False, action=disabled-by-mode, reason=unknown-fail-closed.
[Info   : Cheat Mod] [2026-09-24 22:56:17.846] [CheatMod_Serp] gameplay-feature gate: feature=EndlessExtremePowersRecharge, source=initialization, kind=Unknown, launchVariant=Standard, realMultiplayer=False, modeAllowed=False, action=disabled-by-feature-mode, reason=unknown-fail-closed.
[Info   : Cheat Mod] [2026-09-24 22:56:17.874] Cheat Mod verified the installed CrusaderDE.dll: sha256=FBCB93195FC7EFCA9BDAC5204852EFDD76F9818F59A6711750D77C9CEF2831E2, size=3451392, path=E:\ProgrammeE\Steam\steamapps\common\Stronghold Crusader Definitive Edition\Stronghold Crusader Definitive Edition_Data\Plugins\x86_64\CrusaderDE.dll.
[Info   :Serp Localization] [2026-09-24 22:56:17.880] Locale selected: locale=en-US, source=Steam runtime, rawLanguage=english, configuredProvider=detect, scriptExtenderLanguage=en-US, pluginDirectory=E:\ProgrammeE\Steam\steamapps\common\Stronghold Crusader Definitive Edition\BepInEx\plugins\CheatMod_Serp, englishFileExists=True, localeFileExists=True.
[Info   :  SHCDE-SE] [T1-22:56:17.881] [LobbyModSettingsStorage] [Load] [CheatMod_Serp]: Settings restored from [E:\ProgrammeE\Steam\steamapps\common\Stronghold Crusader Definitive Edition\BepInEx\plugins\CheatMod_Serp\LobbyModSettings\CheatMod_Serp.msgpack]
[Info   :  SHCDE-SE] [T1-22:56:17.884] [GameXAMLManagerAPI] [RegisterLobbyModSettingsCore] Registered mod [CheatMod_Serp]
[Info   : Cheat Mod] [2026-09-24 22:56:17.888] [CheatMod_Serp] Loaded editable lobby-settings working state; basedOn=, modified=False.
[Debug  : Cheat Mod] [2026-09-24 22:56:17.889] Cheat Mod listens for Script Extender Extreme Powers activation changes.
[Debug  : Cheat Mod] [2026-09-24 22:56:17.889] Crusader library loaded; Cheat Mod runtime initialized.
[Info   :   BepInEx] Loading [Extended Data 1.0.2]
[Info   :Extended Data] [2026-09-24 22:56:17.892] Extended Data 1.0.2 loaded.
[Info   :Extended Data] [2026-09-24 22:56:17.925] Extended Data verified the installed CrusaderDE.dll: sha256=FBCB93195FC7EFCA9BDAC5204852EFDD76F9818F59A6711750D77C9CEF2831E2, size=3451392, path=E:\ProgrammeE\Steam\steamapps\common\Stronghold Crusader Definitive Edition\Stronghold Crusader Definitive Edition_Data\Plugins\x86_64\CrusaderDE.dll.
[Info   :Serp Localization] [2026-09-24 22:56:17.930] Locale selected: locale=en-US, source=Steam runtime, rawLanguage=english, configuredProvider=detect, scriptExtenderLanguage=en-US, pluginDirectory=E:\ProgrammeE\Steam\steamapps\common\Stronghold Crusader Definitive Edition\BepInEx\plugins\ExtendedData_Serp, englishFileExists=True, localeFileExists=True.
[Info   :  SHCDE-SE] [T1-22:56:17.940] [LobbyModSettingsStorage] [Load] [ExtendedData_Serp]: Settings restored from [E:\ProgrammeE\Steam\steamapps\common\Stronghold Crusader Definitive Edition\BepInEx\plugins\ExtendedData_Serp\LobbyModSettings\ExtendedData_Serp.msgpack]
[Info   :  SHCDE-SE] [T1-22:56:17.943] [GameXAMLManagerAPI] [RegisterLobbyModSettingsCore] Registered mod [ExtendedData_Serp]
[Info   :Extended Data] [2026-09-24 22:56:17.943] [ExtendedData_Serp] Loaded editable lobby-settings working state; basedOn=, modified=False.
[Info   :Extended Data] [2026-09-24 22:56:17.946] [ExtendedData_Serp] Shared per-player lobby convergence activated: settings=[CoopPackageStatus], required=[CoopPackageStatus].
[Info   :  SHCDE-SE] [T1-22:56:17.948] [ModSaveDataAPI] [RegisterModDataHandler] Registered handler for [ExtendedData-LaunchOrigin]
[Info   :  SHCDE-SE] [T1-22:56:17.948] [GameXAMLManagerAPI] [RegisterBinding] Registering auto-binding: [ExtendedDataMapEditorSaveOptionsHost]
[Info   :  SHCDE-SE] [T1-22:56:17.948] [GameXAMLManagerAPI] [RegisterBinding] Registering auto-binding: [ExtendedDataTrailMakerSaveOptionsHost]
[Info   :Extended Data] [2026-09-24 22:56:17.951] Registered ExtendedData as the BugfixesAndQoL Trail customization provider.
[Info   :Extended Data] [2026-09-24 22:56:17.956] Custom Lord preflight rules: Script Extender=2.10.1, knownProfile=False, reflectedLordInfoFields=13, reflectedMessageTypes=42, publicValidator=False.
[Info   :  SHCDE-SE] [T1-22:56:17.956] [GameXAMLManagerAPI] [RegisterBinding] Registering auto-binding: [ExtendedDataUploadOptionsHost]
[Info   :  SHCDE-SE] [T1-22:56:17.956] [GameNetworkAPI] [GetPacketEventFor] Dynamically registered packet type 'CoopCustomizePacket' with ID: 1114
[Info   :  SHCDE-SE] [T1-22:56:17.956] [GameNetworkAPI] [GetPacketEventFor] Created R3 event stream for packet ID 1114 [CoopCustomizePacket]
[Info   :  SHCDE-SE] [T1-22:56:17.956] [GameNetworkAPI] [GetPacketEventFor] Dynamically registered packet type 'BuiltInCustomizeOriginPacket' with ID: 1115
[Info   :  SHCDE-SE] [T1-22:56:17.956] [GameNetworkAPI] [GetPacketEventFor] Created R3 event stream for packet ID 1115 [BuiltInCustomizeOriginPacket]
[Info   :Extended Data] [2026-09-24 22:56:18.077] Trail mission-settings coordinator initialized.
[Info   :  SHCDE-SE] [T1-22:56:18.078] [ModSaveDataAPI] [RegisterModDataHandler] Registered handler for [ExtendedData-MapModSettings]
[Info   :  SHCDE-SE] [T1-22:56:18.090] [GameNetworkAPI] [GetPacketEventFor] Dynamically registered packet type 'MapModSettingsPacket' with ID: 1116
[Info   :  SHCDE-SE] [T1-22:56:18.090] [GameNetworkAPI] [GetPacketEventFor] Created R3 event stream for packet ID 1116 [MapModSettingsPacket]
[Info   :Extended Data] [2026-09-24 22:56:18.093] Map mod-settings coordinator initialized.
[Info   :Extended Data] [2026-09-24 22:56:18.105] Map/Trail mod settings [Fixes] (fixes) are not included in creator presets: missing typed APIShared preset endpoint.
[Info   :Extended Data] [2026-09-24 22:56:18.111] Map/Trail mod-settings compatibility refreshed: compatible=7 [Bugfixes and QoL, Building Costs, Building Limit, CastlePlanner, Cheat Mod, Extra Features, Unit Limit], incompatible=1 [Fixes].
[Info   :Extended Data] [2026-09-24 22:56:18.184] Found Coop Trail package [Coop Trail (PoC)] with 1 mission(s).
[Info   :Extended Data] [2026-09-24 22:56:18.194] Runtime initialized; selected Coop Trail packages use cooptrail.json and centralized Trail settings.
[Info   :   BepInEx] Loading [Extreme Powers 0.1.4]
[Debug  :Extreme Powers] [2026-09-24 22:56:18.197] [Extreme Powers] gameplay-mod gate: modGuid=ExtremePowers_Serp, source=initialization, kind=Unknown, launchVariant=Standard, customized=False, customizedOrigin=0, modeAllowed=False, configuredEnabled=False, effectiveEnabled=False, action=disabled-by-mode, reason=unknown-fail-closed.
[Debug  :Extreme Powers] [2026-09-24 22:56:18.198] Extreme Powers 0.1.4 loaded.
[Info   :Serp Localization] [2026-09-24 22:56:18.209] Locale selected: locale=en-US, source=Steam runtime, rawLanguage=english, configuredProvider=detect, scriptExtenderLanguage=en-US, pluginDirectory=E:\ProgrammeE\Steam\steamapps\common\Stronghold Crusader Definitive Edition\BepInEx\plugins\ExtremePowers_Serp, englishFileExists=True, localeFileExists=True.
[Info   :  SHCDE-SE] [T1-22:56:18.241] [GameNetworkAPI] [GetPacketEventFor] Dynamically registered packet type 'ExtremePowerChore' with ID: 1117
[Info   :  SHCDE-SE] [T1-22:56:18.241] [GameNetworkAPI] [GetPacketEventFor] Created R3 event stream for packet ID 1117 [ExtremePowerChore]
[Info   :  SHCDE-SE] [T1-22:56:18.258] [LobbyModSettingsStorage] [Load] [ExtremePowers_Serp]: Settings restored from [E:\ProgrammeE\Steam\steamapps\common\Stronghold Crusader Definitive Edition\BepInEx\plugins\ExtremePowers_Serp\LobbyModSettings\ExtremePowers_Serp.msgpack]
[Info   :  SHCDE-SE] [T1-22:56:18.264] [GameXAMLManagerAPI] [RegisterLobbyModSettingsCore] Registered mod [ExtremePowers_Serp]
[Info   :Extreme Powers] [2026-09-24 22:56:18.264] [ExtremePowers_Serp] Loaded editable lobby-settings working state; basedOn=, modified=False.
[Info   :Extreme Powers] [2026-09-24 22:56:18.264] [ExtremePowers_Serp] Shared per-player lobby convergence activated: settings=[ApiProtocolReport], required=[ApiProtocolReport].
[Debug  :Extreme Powers] [2026-09-24 22:56:18.265] Supported Steam build 24816905; validated Extreme Powers hooks are active.
[Info   :   BepInEx] Loading [Random Events 1.0.42]
[Debug  :Random Events] [2026-09-24 22:56:18.272] [Random Events] gameplay-mod gate: modGuid=RandomEvents_Serp, source=initialization, kind=Unknown, launchVariant=Standard, customized=False, customizedOrigin=0, modeAllowed=False, configuredEnabled=True, effectiveEnabled=False, action=disabled-by-mode, reason=unknown-fail-closed.
[Info   :Random Events] [2026-09-24 22:56:18.272] [RandomEvents_Serp] gameplay-feature gate: feature=RandomEventsRuntime, source=initialization, kind=Unknown, launchVariant=Standard, realMultiplayer=False, modeAllowed=False, action=disabled-by-feature-mode, reason=unknown-fail-closed.
[Info   :  SHCDE-SE] [T1-22:56:18.277] [GameNetworkAPI] [GetPacketEventFor] Dynamically registered packet type 'RandomEventsInitializationChorePacket' with ID: 1118
[Info   :  SHCDE-SE] [T1-22:56:18.277] [GameNetworkAPI] [GetPacketEventFor] Created R3 event stream for packet ID 1118 [RandomEventsInitializationChorePacket]
[Info   :  SHCDE-SE] [T1-22:56:18.277] [GameNetworkAPI] [GetPacketEventFor] Dynamically registered packet type 'RandomEventsBatchChorePacket' with ID: 1119
[Info   :  SHCDE-SE] [T1-22:56:18.277] [GameNetworkAPI] [GetPacketEventFor] Created R3 event stream for packet ID 1119 [RandomEventsBatchChorePacket]
[Info   :  SHCDE-SE] [T1-22:56:18.277] [GameNetworkAPI] [GetPacketEventFor] Dynamically registered packet type 'RandomEventsSignpostChorePacket' with ID: 1120
[Info   :  SHCDE-SE] [T1-22:56:18.277] [GameNetworkAPI] [GetPacketEventFor] Created R3 event stream for packet ID 1120 [RandomEventsSignpostChorePacket]
[Info   :  SHCDE-SE] [T1-22:56:18.277] [GameNetworkAPI] [GetPacketEventFor] Dynamically registered packet type 'RandomEventsInitializationAckPacket' with ID: 1121
[Info   :  SHCDE-SE] [T1-22:56:18.277] [GameNetworkAPI] [GetPacketEventFor] Created R3 event stream for packet ID 1121 [RandomEventsInitializationAckPacket]
[Debug  :Random Events] [2026-09-24 22:56:18.277] Random Events Chore packets registered eagerly: initialization=1118, batch=1119, signpost=1120, protocolVersion=2.
[Debug  :Random Events] [2026-09-24 22:56:18.277] Random Events initialization-ACK packet registered eagerly: packetId=1121, protocolVersion=2.
[Debug  :Random Events] [2026-09-24 22:56:18.291] Random Events Script Extender binary: path=E:\ProgrammeE\Steam\steamapps\common\Stronghold Crusader Definitive Edition\BepInEx\plugins\000shcdese\SHCDESE.dll, version=2.10.1.0, size=1670656, sha256=85591256082C6F2329EDC0BFB0C1C163D9CF1BF2991DC8B11F6790907B60F2F2.
[Debug  :Random Events] [2026-09-24 22:56:18.299] Random Events Chore serializer self-tests passed: initialization-none(bytes=63,sha256=FE3799B68832EE999E16D16EC1561108E18D6D542E98FB9B355025508B6DA938), initialization-shared(bytes=78,sha256=B91D757B13BAF8D458BA0D850F53C4E352FF94CB49CCC0AC065A915FBD0354DA), initialization-individual-dense(bytes=185,sha256=225D396B104FEE15C2A5AF01357353CEE0AB46B500D7CE4B91A06B7E011BA6E4), empty-batch(bytes=27,sha256=4D8647032200FBC739FDC8F5F181A377E268542F398D987E31550D5EC5676EBB), maximum-batch(bytes=393,sha256=0627C9EFD45CA8AC23CBA3A90B198FDA82CE5A96CDBF829C88D1B41956C744BD), signpost(bytes=3,sha256=8117175A4F042DD4C5982F6E865AB11C0E893551CD454B1F32A83535AD331F96), initialization-ack(bytes=38,sha256=F8A010EAC7F7F6F9A1A6F8B132277D6318F767EEBE7EE4C3DD1534862969AAF3).
[Info   :Serp Localization] [2026-09-24 22:56:18.312] Locale selected: locale=en-US, source=Steam runtime, rawLanguage=english, configuredProvider=detect, scriptExtenderLanguage=en-US, pluginDirectory=E:\ProgrammeE\Steam\steamapps\common\Stronghold Crusader Definitive Edition\BepInEx\plugins\RandomEvents_Serp, englishFileExists=True, localeFileExists=True.
[Info   :  SHCDE-SE] [T1-22:56:18.315] [LobbyModSettingsStorage] [Load] [RandomEvents_Serp]: Settings restored from [E:\ProgrammeE\Steam\steamapps\common\Stronghold Crusader Definitive Edition\BepInEx\plugins\RandomEvents_Serp\LobbyModSettings\RandomEvents_Serp.msgpack]
[Info   :  SHCDE-SE] [T1-22:56:18.322] [GameXAMLManagerAPI] [RegisterLobbyModSettingsCore] Registered mod [RandomEvents_Serp]
[Info   :Random Events] [2026-09-24 22:56:18.323] [RandomEvents_Serp] Loaded editable lobby-settings working state; basedOn=, modified=False.
[Info   :Random Events] [2026-09-24 22:56:18.353] Random Events native integration verified the installed CrusaderDE.dll: sha256=FBCB93195FC7EFCA9BDAC5204852EFDD76F9818F59A6711750D77C9CEF2831E2, size=3451392, path=E:\ProgrammeE\Steam\steamapps\common\Stronghold Crusader Definitive Edition\Stronghold Crusader Definitive Edition_Data\Plugins\x86_64\CrusaderDE.dll.
[Info   :Random Events] [2026-09-24 22:56:18.355] Native address resolved: name=signpost lookup, method=reference-rva, rva=0xCB800.
[Info   :Random Events] [2026-09-24 22:56:18.356] Native address resolved: name=archer signpost source, method=reference-rva, rva=0x104E13, sourceXOffset=0x1838CC, sourceYOffset=0x1838D0, slotStride=0x10.
[Debug  :Random Events] [2026-09-24 22:56:18.356] Native address resolved: name=building prerequisite, method=reference-rva, rva=0xB8D50.
[Debug  :Random Events] [2026-09-24 22:56:18.357] Native address resolved: name=wheat infestation, method=reference-rva, rva=0xC3130.
[Debug  :Random Events] [2026-09-24 22:56:18.357] Native address resolved: name=hops beetles, method=reference-rva, rva=0xC2E30.
[Debug  :Random Events] [2026-09-24 22:56:18.357] Native address resolved: name=apple blight, method=reference-rva, rva=0xC2C30.
[Debug  :Random Events] [2026-09-24 22:56:18.357] Native address resolved: name=mad-cow unit effect, method=reference-rva, rva=0x194C40.
[Debug  :Random Events] [2026-09-24 22:56:18.357] Native address resolved: name=mad-cow building effect, method=reference-rva, rva=0xC6090.
[Debug  :Random Events] [2026-09-24 22:56:18.357] Native address resolved: name=granary theft, method=reference-rva, rva=0xC5F70.
[Debug  :Random Events] [2026-09-24 22:56:18.357] Native address resolved: name=event presentation callsite, method=reference-rva, rva=0xF9B74.
[Debug  :Random Events] [2026-09-24 22:56:18.358] Native event-presentation target filter installed: address=0x7FFAB80331B0.
[Debug  :Random Events] [2026-09-24 22:56:18.359] Native event-sound target filter installed: address=0x7FFAB7F32940.
[Debug  :Random Events] [2026-09-24 22:56:18.359] Native event-sound target resolved: method=reference-rva, callsiteRva=0x104A20, managerRva=0x64C4490, handlerRva=0x2940.
[Debug  :Random Events] [2026-09-24 22:56:18.360] Native address resolved: name=Vanilla wildlife handler, method=reference-rva, rva=0x11E150.
[Debug  :Random Events] [2026-09-24 22:56:18.360] Native address resolved: name=Vanilla lion/rabbit source branches, method=reference-rva, rva=0x11E638.
[Debug  :Random Events] [2026-09-24 22:56:18.360] Native address resolved: name=Vanilla rabbit predicate, method=reference-rva, rva=0x1177A0.
[Debug  :Random Events] [2026-09-24 22:56:18.360] Native address resolved: name=Vanilla rabbit spawner, method=reference-rva, rva=0x123AC0.
[Debug  :Random Events] [2026-09-24 22:56:18.360] Native address resolved: name=Vanilla rabbit tile mask, method=reference-rva, rva=0x123B86.
[Debug  :Random Events] [2026-09-24 22:56:18.360] Native address resolved: name=Vanilla rabbit event wrapper, method=reference-rva, rva=0x10496A.
[Debug  :Random Events] [2026-09-24 22:56:18.360] Native address resolved: name=Vanilla rabbit source write, method=reference-rva, rva=0x123BD3.
[Debug  :Random Events] [2026-09-24 22:56:18.360] Native address resolved: name=Vanilla lion spawn case, method=reference-rva, rva=0x11E261.
[Debug  :Random Events] [2026-09-24 22:56:18.360] Native address resolved: name=Vanilla lion activation write, method=reference-rva, rva=0x104C64.
[Debug  :Random Events] [2026-09-24 22:56:18.361] Native address resolved: name=Vanilla lion action-point wrapper, method=reference-rva, rva=0x104C46.
[Debug  :Random Events] [2026-09-24 22:56:18.361] Native address resolved: name=Vanilla action-point handler, method=reference-rva, rva=0xF4D40.
[Debug  :Random Events] [2026-09-24 22:56:18.361] Native minimap action-point target filter installed: address=0x7FFAB8024D40.
[Debug  :Random Events] [2026-09-24 22:56:18.361] Native address resolved: name=Vanilla bandit popularity-state write, method=reference-rva, rva=0x104CBA.
[Info   :  SHCDE-SE] [T1-22:56:18.361] [ModSaveDataAPI] [RegisterModDataHandler] Registered handler for [serp-randomevents-state]
[Debug  :Random Events] [2026-09-24 22:56:18.362] Crusader library loaded; Random Events initialized.
[Info   :   BepInEx] Loading [Start Conditions 1.0.28]
[Info   :  SHCDE-SE] [T1-22:56:18.410] [LobbyModSettingsStorage] [Load] [StartConditions_Serp]: Settings restored from [E:\ProgrammeE\Steam\steamapps\common\Stronghold Crusader Definitive Edition\BepInEx\plugins\StartConditions_Serp\LobbyModSettings\StartConditions_Serp.msgpack]
[Info   :  SHCDE-SE] [T1-22:56:18.416] [GameXAMLManagerAPI] [RegisterLobbyModSettingsCore] Registered mod [StartConditions_Serp]
[Info   :  SHCDE-SE] [T1-22:56:18.421] [ModSaveDataAPI] [RegisterModDataHandler] Registered handler for [StartConditions_Serp.AIStartTroops]
[Info   :Start Conditions] [2026-09-24 22:56:18.422] Start Conditions briefing-gold adjustment registered with APIShared.
[Info   :   BepInEx] Loading [Unit Costs 1.0.30]
[Debug  :Unit Costs] [2026-09-24 22:56:18.424] Unit Costs 1.0.30 loaded.
[Debug  :Unit Costs] [2026-09-24 22:56:18.431] [Unit Costs] gameplay-mod gate: modGuid=UnitCosts_Serp, source=initialization, kind=Unknown, launchVariant=Standard, customized=False, customizedOrigin=0, modeAllowed=False, configuredEnabled=True, effectiveEnabled=False, action=disabled-by-mode, reason=unknown-fail-closed.
[Info   :Unit Costs] [2026-09-24 22:56:18.431] [UnitCosts_Serp] gameplay-feature gate: feature=UnitCostEnforcement, source=initialization, kind=Unknown, launchVariant=Standard, realMultiplayer=False, modeAllowed=False, action=disabled-by-feature-mode, reason=unknown-fail-closed.
[Info   :Unit Costs] [2026-09-24 22:56:18.459] Unit Costs verified the installed CrusaderDE.dll: sha256=FBCB93195FC7EFCA9BDAC5204852EFDD76F9818F59A6711750D77C9CEF2831E2, size=3451392, path=E:\ProgrammeE\Steam\steamapps\common\Stronghold Crusader Definitive Edition\Stronghold Crusader Definitive Edition_Data\Plugins\x86_64\CrusaderDE.dll.
[Info   :Serp Localization] [2026-09-24 22:56:18.471] Locale selected: locale=en-US, source=Steam runtime, rawLanguage=english, configuredProvider=detect, scriptExtenderLanguage=en-US, pluginDirectory=E:\ProgrammeE\Steam\steamapps\common\Stronghold Crusader Definitive Edition\BepInEx\plugins\UnitCosts_Serp, englishFileExists=True, localeFileExists=True.
[Info   :  SHCDE-SE] [T1-22:56:18.472] [LobbyModSettingsStorage] [Load] [UnitCosts_Serp]: Settings restored from [E:\ProgrammeE\Steam\steamapps\common\Stronghold Crusader Definitive Edition\BepInEx\plugins\UnitCosts_Serp\LobbyModSettings\UnitCosts_Serp.msgpack]
[Info   :  SHCDE-SE] [T1-22:56:18.476] [GameXAMLManagerAPI] [RegisterLobbyModSettingsCore] Registered mod [UnitCosts_Serp]
[Info   :Unit Costs] [2026-09-24 22:56:18.476] [UnitCosts_Serp] Loaded editable lobby-settings working state; basedOn=, modified=False.
[Info   :  SHCDE-SE] [T1-22:56:18.476] [GameXAMLManagerAPI] [RegisterBinding] Registering auto-binding: [UnitCostsNotificationOverlay]
[Info   :  SHCDE-SE] [T1-22:56:18.476] [GameXAMLManagerAPI] [RegisterBinding] Registering auto-binding: [UnitCostsSiegeNotificationInlineHost]
[Info   :  SHCDE-SE] [T1-22:56:18.476] [GameXAMLManagerAPI] [RegisterBinding] Registering auto-binding: [UnitCostsTroopCostsInlineHost]
[Info   :  SHCDE-SE] [T1-22:56:18.476] [GameXAMLManagerAPI] [RegisterBinding] Registering auto-binding: [UnitCostsArabTroopCostsInlineHost]
[Info   :  SHCDE-SE] [T1-22:56:18.476] [GameXAMLManagerAPI] [RegisterBinding] Registering auto-binding: [UnitCostsBedouinTroopCostsInlineHost]
[Info   :  SHCDE-SE] [T1-22:56:18.476] [GameXAMLManagerAPI] [RegisterBinding] Registering auto-binding: [UnitCostsEngineersCostsInlineHost]
[Info   :  SHCDE-SE] [T1-22:56:18.476] [GameXAMLManagerAPI] [RegisterBinding] Registering auto-binding: [UnitCostsTunellersCostsInlineHost]
[Info   :  SHCDE-SE] [T1-22:56:18.476] [GameXAMLManagerAPI] [RegisterBinding] Registering auto-binding: [UnitCostsMonkCostsInlineHost]
[Info   :  SHCDE-SE] [T1-22:56:18.476] [GameXAMLManagerAPI] [RegisterBinding] Registering auto-binding: [UnitCostsSiegeBuildCostsInlineHost]
[Debug  :Unit Costs] [2026-09-24 22:56:18.476] UnitCosts horse-link lifecycle subscribed
[Debug  :Unit Costs] [2026-09-24 22:56:18.477] UnitCosts disabled; runtime hooks not subscribed
[Debug  :Unit Costs] [2026-09-24 22:56:18.477] Crusader library loaded; UnitCosts runtime initialized.
[Message:   BepInEx] Chainloader startup complete
[Info   :Active AIV Detector] [2026-09-24 22:56:18.535] Plugin component destroyed during startup; keeping the active-AIV hook rooted.
[Debug  :CastlePlanner] [2026-09-24 22:56:18.535] Plugin component destroyed during startup; keeping CastlePlanner lifecycle subscriptions rooted.
[Debug  :Extended Data] [2026-09-24 22:56:18.535] ExtendedData OnDestroy called; keeping process-lifetime runtime active.
[Debug  :Extreme Powers] [2026-09-24 22:56:18.535] Plugin component destroyed during startup; keeping Extreme Powers hooks and settings rooted.
[Info   :  SHCDE-SE] [T1-22:56:19.285] [MapModManager] [TryUpdateModsFromRemote] Trying to update mods from steam-remote...
[Info   :  SHCDE-SE] [T1-22:56:19.285] [MapModManager] [TryUpdateModsFromRemote] Retrieved 6 items
[Info   :  SHCDE-SE] [T1-22:56:19.285] [MapModManager] [DetectAndStageUninstalls] Scanning for uninstalls in: [E:\ProgrammeE\Steam\steamapps\common\Stronghold Crusader Definitive Edition\_SE]
[Info   :  SHCDE-SE] [T1-22:56:19.286] [MapModManager] [DetectAndStageUninstalls] Found 3 local manifests.
[Info   :  SHCDE-SE] [T1-22:56:19.289] [MapArchive] [.ctor] Reading ZIP data from offset: 003444B7
[Info   :  SHCDE-SE] [T1-22:56:19.289] [MapModManager] [TryStageModUpdate] Querying workshop mod (MAS): [fixes], full: [E:\ProgrammeE\Steam\steamapps\workshop\content\3024040\3791770511\fixes.map]
[Info   :  SHCDE-SE] [T1-22:56:19.289] [MapModManager] [ShouldUpdate] Querying local mod info: [E:\ProgrammeE\Steam\steamapps\common\Stronghold Crusader Definitive Edition\_SE\fixes.json]
[Info   :  SHCDE-SE] [T1-22:56:19.289] [MapModManager] [ShouldUpdate] Local mod info version: [1.19.1], Remote version: [1.19.1]
[Info   :  SHCDE-SE] [T1-22:56:19.289] [MapModManager] [TryStageModUpdate] Skipping: [fixes]
[Info   :  SHCDE-SE] [T1-22:56:19.294] [MapArchive] [.ctor] Reading ZIP data from offset: 003444B7
[Info   :  SHCDE-SE] [T1-22:56:19.305] [MapModManager] [TryStageModUpdate] Querying workshop mod (MAS): [SerpsMods], full: [E:\ProgrammeE\Steam\steamapps\workshop\content\3024040\3788821961\SerpsMods.map]
[Info   :  SHCDE-SE] [T1-22:56:19.305] [MapModManager] [ShouldUpdate] Querying local mod info: [E:\ProgrammeE\Steam\steamapps\common\Stronghold Crusader Definitive Edition\_SE\SerpsMods.json]
[Info   :  SHCDE-SE] [T1-22:56:19.305] [MapModManager] [ShouldUpdate] Local mod info version: [1.0.14], Remote version: [1.0.14]
[Info   :  SHCDE-SE] [T1-22:56:19.305] [MapModManager] [TryStageModUpdate] Skipping: [SerpsMods]
[Info   :  SHCDE-SE] [T1-22:56:19.308] [MapArchive] [.ctor] Reading ZIP data from offset: 003444B7
[Info   :  SHCDE-SE] [T1-22:56:19.308] [MapModManager] [TryStageModUpdate] Querying workshop mod (MAS): [LorrdyAISharesGold], full: [E:\ProgrammeE\Steam\steamapps\workshop\content\3024040\3774768801\LorrdyAISharesGold.map]
[Info   :  SHCDE-SE] [T1-22:56:19.308] [MapModManager] [ShouldUpdate] Querying local mod info: [E:\ProgrammeE\Steam\steamapps\common\Stronghold Crusader Definitive Edition\_SE\LorrdyAISharesGold.json]
[Info   :  SHCDE-SE] [T1-22:56:19.308] [MapModManager] [ShouldUpdate] Local mod info version: [1.0.4], Remote version: [1.0.4]
[Info   :  SHCDE-SE] [T1-22:56:19.308] [MapModManager] [TryStageModUpdate] Skipping: [LorrdyAISharesGold]
[Info   :AIV Lobby Preset Test] Persistent lobby render observer active.
[Info   :Extended Data] [2026-09-24 22:56:19.740] Map/Trail mod-settings compatibility refreshed: compatible=11 [Bugfixes and QoL, Building Costs, Building Limit, CastlePlanner, Cheat Mod, Extra Features, Extreme Powers, Random Events, Start Conditions, Unit Costs, Unit Limit], incompatible=1 [Fixes].
[Info   :UU-ImGUI API] idxgiswapchain_present_hook_impl: init
[Info   :UU-ImGUI API] idxgiswapchain_present_hook_impl: overwritten wndproc of hwnd: 4329568. old: 259127EE760, new=25A2E445530
[Info   :UU-ImGUI API] idxgiswapchain_present_hook_impl: created imgui context: 25910A9C510
[Info   :UU-ImGUI API] idxgiswapchain_present_hook_impl: created implot context: 25910725FB0
[Info   :UU-ImGUI API] idxgiswapchain_present_hook_impl: created imnodes context: 258AD73F1A0
[Info   :UU-ImGUI API] idxgiswapchain_present_hook_impl: created implot3d context: 258BFC7FF50
[Info   :UU-ImGUI API] idxgiswapchain_present_hook_impl: context creation complete
[Debug  :UU-ImGUI API] IDXGISwapChain self=258BF5D0460
[Info   :UU-ImGUI API] idxgiswapchain_present_hook_impl: idgxiswapchain_getdesc::getdesc OK
[Info   :UU-ImGUI API] idxgiswapchain_present_hook_impl: idgxiswapchain_getdevice::getdevice OK
[Info   :UU-ImGUI API] idxgiswapchain_present_hook_impl: cached id3d11 device, id3d11 device context
[Info   :UU-ImGUI API] idxgiswapchain_present_hook_impl: idgxiswapchain_getbuffer::getbuffer
[Info   :UU-ImGUI API] idxgiswapchain_present_hook_impl: cached_ID3D11Device::createrendertargetview
[Info   :UU-ImGUI API] idxgiswapchain_present_hook_impl: pBackBuffer release OK
[Info   :UU-ImGUI API] idxgiswapchain_present_hook_impl: imgui get io
[Info   :UU-ImGUI API] idxgiswapchain_present_hook_impl: adding primary font: E:\ProgrammeE\Steam\steamapps\common\Stronghold Crusader Definitive Edition\BepInEx\plugins\000shcdese\data\fonts/FiraCode-Regular.ttf
[Debug  :Bugfixes and QoL] [2026-09-24 22:56:19.943] Recovered classic map size 400 from section 1050: C:/Users/Serpens66/AppData/LocalLow/Firefly Studios/Stronghold Crusader Definitive Edition\Maps\1001 Schlacht.map
[Debug  :Bugfixes and QoL] [2026-09-24 22:56:19.943] Recovered classic map size 400 from section 1050: C:/Users/Serpens66/AppData/LocalLow/Firefly Studios/Stronghold Crusader Definitive Edition\Maps\2 Penninsula limited.map
[Debug  :Bugfixes and QoL] [2026-09-24 22:56:19.944] Recovered classic map size 400 from section 1050: C:/Users/Serpens66/AppData/LocalLow/Firefly Studios/Stronghold Crusader Definitive Edition\Maps\2 Penninsula.map
[Debug  :Bugfixes and QoL] [2026-09-24 22:56:19.945] Recovered classic map size 400 from section 1050: C:/Users/Serpens66/AppData/LocalLow/Firefly Studios/Stronghold Crusader Definitive Edition\Maps\3 vs 3 vs 1 vs 1.map
[Debug  :Bugfixes and QoL] [2026-09-24 22:56:19.945] Recovered classic map size 400 from section 1050: C:/Users/Serpens66/AppData/LocalLow/Firefly Studios/Stronghold Crusader Definitive Edition\Maps\3 vs 5.map
[Info   :UU-ImGUI API] idxgiswapchain_present_hook_impl: win32 init begin
[Debug  :Bugfixes and QoL] [2026-09-24 22:56:19.946] Recovered classic map size 400 from section 1050: C:/Users/Serpens66/AppData/LocalLow/Firefly Studios/Stronghold Crusader Definitive Edition\Maps\3vs5 mit vorteil 5 sold.map
[Info   :UU-ImGUI API] idxgiswapchain_present_hook_impl: win32 init ok
[Info   :UU-ImGUI API] idxgiswapchain_present_hook_impl: dx11 init begin, ppDevice=256469D8A00, pID3D11DeviceContext=256469D9D88 PTRSIZE=8 / 8
[Info   :UU-ImGUI API] idxgiswapchain_present_hook_impl: dx11 init ok
[Debug  :Bugfixes and QoL] [2026-09-24 22:56:19.947] Recovered classic map size 400 from section 1050: C:/Users/Serpens66/AppData/LocalLow/Firefly Studios/Stronghold Crusader Definitive Edition\Maps\4 vs 4 comps.map
[Debug  :Bugfixes and QoL] [2026-09-24 22:56:19.948] Recovered classic map size 400 from section 1050: C:/Users/Serpens66/AppData/LocalLow/Firefly Studios/Stronghold Crusader Definitive Edition\Maps\4spielerkarte.map
[Debug  :Bugfixes and QoL] [2026-09-24 22:56:19.948] Recovered classic map size 400 from section 1050: C:/Users/Serpens66/AppData/LocalLow/Firefly Studios/Stronghold Crusader Definitive Edition\Maps\aaaselbstge.map
[Debug  :Bugfixes and QoL] [2026-09-24 22:56:19.951] Recovered classic map size 160 from section 1050: C:/Users/Serpens66/AppData/LocalLow/Firefly Studios/Stronghold Crusader Definitive Edition\Maps\Another Close Call.map
[Debug  :Bugfixes and QoL] [2026-09-24 22:56:19.953] Recovered classic map size 400 from section 1050: C:/Users/Serpens66/AppData/LocalLow/Firefly Studios/Stronghold Crusader Definitive Edition\Maps\Antarctic- '' RaradICE''.map
[Debug  :Bugfixes and QoL] [2026-09-24 22:56:19.955] Recovered classic map size 400 from section 1050: C:/Users/Serpens66/AppData/LocalLow/Firefly Studios/Stronghold Crusader Definitive Edition\Maps\aPech.map
[Debug  :Bugfixes and QoL] [2026-09-24 22:56:19.959] Recovered classic map size 400 from section 1050: C:/Users/Serpens66/AppData/LocalLow/Firefly Studios/Stronghold Crusader Definitive Edition\Maps\BasisKarte X-easy.map
[Debug  :Bugfixes and QoL] [2026-09-24 22:56:19.959] Recovered classic map size 400 from section 1050: C:/Users/Serpens66/AppData/LocalLow/Firefly Studios/Stronghold Crusader Definitive Edition\Maps\BasisKarte X-easy2.map
[Debug  :Bugfixes and QoL] [2026-09-24 22:56:19.960] Recovered classic map size 400 from section 1050: C:/Users/Serpens66/AppData/LocalLow/Firefly Studios/Stronghold Crusader Definitive Edition\Maps\BasisKarte X-easy5.map
[Debug  :Bugfixes and QoL] [2026-09-24 22:56:19.960] Recovered classic map size 400 from section 1050: C:/Users/Serpens66/AppData/LocalLow/Firefly Studios/Stronghold Crusader Definitive Edition\Maps\BasisKarte X-easy6.map
[Debug  :Bugfixes and QoL] [2026-09-24 22:56:19.961] Recovered classic map size 400 from section 1050: C:/Users/Serpens66/AppData/LocalLow/Firefly Studios/Stronghold Crusader Definitive Edition\Maps\BasisKarte X-hard.map
[Debug  :Bugfixes and QoL] [2026-09-24 22:56:19.962] Recovered classic map size 400 from section 1050: C:/Users/Serpens66/AppData/LocalLow/Firefly Studios/Stronghold Crusader Definitive Edition\Maps\BasisKarte X-hard2.map
[Debug  :Bugfixes and QoL] [2026-09-24 22:56:19.962] Recovered classic map size 400 from section 1050: C:/Users/Serpens66/AppData/LocalLow/Firefly Studios/Stronghold Crusader Definitive Edition\Maps\BasisKarte X-hard5.map
[Debug  :Bugfixes and QoL] [2026-09-24 22:56:19.963] Recovered classic map size 400 from section 1050: C:/Users/Serpens66/AppData/LocalLow/Firefly Studios/Stronghold Crusader Definitive Edition\Maps\BasisKarte X-hard6.map
[Debug  :Bugfixes and QoL] [2026-09-24 22:56:19.963] Recovered classic map size 400 from section 1050: C:/Users/Serpens66/AppData/LocalLow/Firefly Studios/Stronghold Crusader Definitive Edition\Maps\BasisKarte X-hard6_2.map
[Debug  :Bugfixes and QoL] [2026-09-24 22:56:19.963] Recovered classic map size 400 from section 1050: C:/Users/Serpens66/AppData/LocalLow/Firefly Studios/Stronghold Crusader Definitive Edition\Maps\BasisKarte X-med.map
[Debug  :Bugfixes and QoL] [2026-09-24 22:56:19.964] Recovered classic map size 400 from section 1050: C:/Users/Serpens66/AppData/LocalLow/Firefly Studios/Stronghold Crusader Definitive Edition\Maps\BasisKarte X-med2.map
[Debug  :Bugfixes and QoL] [2026-09-24 22:56:19.965] Recovered classic map size 400 from section 1050: C:/Users/Serpens66/AppData/LocalLow/Firefly Studios/Stronghold Crusader Definitive Edition\Maps\BasisKarte X-med5.map
[Debug  :Bugfixes and QoL] [2026-09-24 22:56:19.965] Recovered classic map size 400 from section 1050: C:/Users/Serpens66/AppData/LocalLow/Firefly Studios/Stronghold Crusader Definitive Edition\Maps\BasisKarte X-med6.map
[Debug  :Bugfixes and QoL] [2026-09-24 22:56:19.966] Recovered classic map size 400 from section 1050: C:/Users/Serpens66/AppData/LocalLow/Firefly Studios/Stronghold Crusader Definitive Edition\Maps\BasisKarte.map
[Debug  :Bugfixes and QoL] [2026-09-24 22:56:19.966] Recovered classic map size 400 from section 1050: C:/Users/Serpens66/AppData/LocalLow/Firefly Studios/Stronghold Crusader Definitive Edition\Maps\Best_Friends.map
[Debug  :Bugfixes and QoL] [2026-09-24 22:56:19.968] Recovered classic map size 400 from section 1050: C:/Users/Serpens66/AppData/LocalLow/Firefly Studios/Stronghold Crusader Definitive Edition\Maps\Bird_in_flight.map
[Debug  :Bugfixes and QoL] [2026-09-24 22:56:19.968] Recovered classic map size 400 from section 1050: C:/Users/Serpens66/AppData/LocalLow/Firefly Studios/Stronghold Crusader Definitive Edition\Maps\Brother's Strife.map
[Debug  :Bugfixes and QoL] [2026-09-24 22:56:19.969] Recovered classic map size 400 from section 1050: C:/Users/Serpens66/AppData/LocalLow/Firefly Studios/Stronghold Crusader Definitive Edition\Maps\Center of Attention.map
[Debug  :Bugfixes and QoL] [2026-09-24 22:56:19.970] Recovered classic map size 400 from section 1050: C:/Users/Serpens66/AppData/LocalLow/Firefly Studios/Stronghold Crusader Definitive Edition\Maps\Coastal_Trap.map
[Debug  :Bugfixes and QoL] [2026-09-24 22:56:19.970] Recovered classic map size 400 from section 1050: C:/Users/Serpens66/AppData/LocalLow/Firefly Studios/Stronghold Crusader Definitive Edition\Maps\Country of Calendine4.map
[Debug  :Bugfixes and QoL] [2026-09-24 22:56:19.971] Recovered classic map size 400 from section 1050: C:/Users/Serpens66/AppData/LocalLow/Firefly Studios/Stronghold Crusader Definitive Edition\Maps\cove castles.map
[Debug  :Bugfixes and QoL] [2026-09-24 22:56:19.972] Recovered classic map size 400 from section 1050: C:/Users/Serpens66/AppData/LocalLow/Firefly Studios/Stronghold Crusader Definitive Edition\Maps\Crossroads.map
[Debug  :Bugfixes and QoL] [2026-09-24 22:56:19.975] Recovered classic map size 400 from section 1050: C:/Users/Serpens66/AppData/LocalLow/Firefly Studios/Stronghold Crusader Definitive Edition\Maps\Deep blue.map
[Debug  :Bugfixes and QoL] [2026-09-24 22:56:19.976] Recovered classic map size 400 from section 1050: C:/Users/Serpens66/AppData/LocalLow/Firefly Studios/Stronghold Crusader Definitive Edition\Maps\Desert Siege.map
[Debug  :Bugfixes and QoL] [2026-09-24 22:56:19.977] Recovered classic map size 400 from section 1050: C:/Users/Serpens66/AppData/LocalLow/Firefly Studios/Stronghold Crusader Definitive Edition\Maps\Desert Storm.map
[Debug  :Bugfixes and QoL] [2026-09-24 22:56:19.977] Recovered classic map size 300 from section 1050: C:/Users/Serpens66/AppData/LocalLow/Firefly Studios/Stronghold Crusader Definitive Edition\Maps\Devil's Lair.map
[Debug  :Bugfixes and QoL] [2026-09-24 22:56:19.978] Recovered classic map size 400 from section 1050: C:/Users/Serpens66/AppData/LocalLow/Firefly Studios/Stronghold Crusader Definitive Edition\Maps\Divided.map
[Debug  :Bugfixes and QoL] [2026-09-24 22:56:19.978] Recovered classic map size 400 from section 1050: C:/Users/Serpens66/AppData/LocalLow/Firefly Studios/Stronghold Crusader Definitive Edition\Maps\Dvelogre's Black Knights.map
[Debug  :Bugfixes and QoL] [2026-09-24 22:56:19.979] Recovered classic map size 400 from section 1050: C:/Users/Serpens66/AppData/LocalLow/Firefly Studios/Stronghold Crusader Definitive Edition\Maps\Eingekesselte Trutz.map
[Debug  :Bugfixes and QoL] [2026-09-24 22:56:19.979] Recovered classic map size 400 from section 1050: C:/Users/Serpens66/AppData/LocalLow/Firefly Studios/Stronghold Crusader Definitive Edition\Maps\Emblem of the Gallant.map
[Debug  :Bugfixes and QoL] [2026-09-24 22:56:19.980] Recovered classic map size 400 from section 1050: C:/Users/Serpens66/AppData/LocalLow/Firefly Studios/Stronghold Crusader Definitive Edition\Maps\Enclosure.map
[Debug  :Bugfixes and QoL] [2026-09-24 22:56:19.981] Recovered classic map size 400 from section 1050: C:/Users/Serpens66/AppData/LocalLow/Firefly Studios/Stronghold Crusader Definitive Edition\Maps\Final Destination.map
[Debug  :Bugfixes and QoL] [2026-09-24 22:56:19.981] Recovered classic map size 400 from section 1050: C:/Users/Serpens66/AppData/LocalLow/Firefly Studios/Stronghold Crusader Definitive Edition\Maps\From Small Things.map
[Debug  :Bugfixes and QoL] [2026-09-24 22:56:19.981] Recovered classic map size 400 from section 1050: C:/Users/Serpens66/AppData/LocalLow/Firefly Studios/Stronghold Crusader Definitive Edition\Maps\Fury_Bay.map
[Debug  :Bugfixes and QoL] [2026-09-24 22:56:19.983] Recovered classic map size 400 from section 1050: C:/Users/Serpens66/AppData/LocalLow/Firefly Studios/Stronghold Crusader Definitive Edition\Maps\Helms Klamm.map
[Debug  :Bugfixes and QoL] [2026-09-24 22:56:19.983] Recovered classic map size 400 from section 1050: C:/Users/Serpens66/AppData/LocalLow/Firefly Studios/Stronghold Crusader Definitive Edition\Maps\Heritage of Kings 2.map
[Debug  :Bugfixes and QoL] [2026-09-24 22:56:19.984] Recovered classic map size 400 from section 1050: C:/Users/Serpens66/AppData/LocalLow/Firefly Studios/Stronghold Crusader Definitive Edition\Maps\Heritage of Kings 3.map
[Debug  :Bugfixes and QoL] [2026-09-24 22:56:19.985] Recovered classic map size 200 from section 1050: C:/Users/Serpens66/AppData/LocalLow/Firefly Studios/Stronghold Crusader Definitive Edition\Maps\Im Nest der Ratte.map
[Debug  :Bugfixes and QoL] [2026-09-24 22:56:19.985] Recovered classic map size 300 from section 1050: C:/Users/Serpens66/AppData/LocalLow/Firefly Studios/Stronghold Crusader Definitive Edition\Maps\Jealous_Neighbours.map
[Debug  :Bugfixes and QoL] [2026-09-24 22:56:19.986] Recovered classic map size 400 from section 1050: C:/Users/Serpens66/AppData/LocalLow/Firefly Studios/Stronghold Crusader Definitive Edition\Maps\Jubal Al Waha - The Mountain Oasis.map
[Debug  :Bugfixes and QoL] [2026-09-24 22:56:19.986] Recovered classic map size 400 from section 1050: C:/Users/Serpens66/AppData/LocalLow/Firefly Studios/Stronghold Crusader Definitive Edition\Maps\Land of the Deserters II.map
[Debug  :Bugfixes and QoL] [2026-09-24 22:56:19.987] Recovered classic map size 400 from section 1050: C:/Users/Serpens66/AppData/LocalLow/Firefly Studios/Stronghold Crusader Definitive Edition\Maps\Land of the Deserters.map
[Debug  :Bugfixes and QoL] [2026-09-24 22:56:19.987] Recovered classic map size 300 from section 1050: C:/Users/Serpens66/AppData/LocalLow/Firefly Studios/Stronghold Crusader Definitive Edition\Maps\Lionheart.map
[Debug  :Bugfixes and QoL] [2026-09-24 22:56:19.988] Recovered classic map size 200 from section 1050: C:/Users/Serpens66/AppData/LocalLow/Firefly Studios/Stronghold Crusader Definitive Edition\Maps\Look_out.map
[Debug  :Bugfixes and QoL] [2026-09-24 22:56:19.989] Recovered classic map size 400 from section 1050: C:/Users/Serpens66/AppData/LocalLow/Firefly Studios/Stronghold Crusader Definitive Edition\Maps\MP-Divided.map
[Debug  :Bugfixes and QoL] [2026-09-24 22:56:19.989] Recovered classic map size 400 from section 1050: C:/Users/Serpens66/AppData/LocalLow/Firefly Studios/Stronghold Crusader Definitive Edition\Maps\MP-Downhill Scrum.map
[Debug  :Bugfixes and QoL] [2026-09-24 22:56:19.990] Recovered classic map size 300 from section 1050: C:/Users/Serpens66/AppData/LocalLow/Firefly Studios/Stronghold Crusader Definitive Edition\Maps\MP-No mans land.map
[Debug  :Bugfixes and QoL] [2026-09-24 22:56:19.993] Recovered classic map size 400 from section 1050: C:/Users/Serpens66/AppData/LocalLow/Firefly Studios/Stronghold Crusader Definitive Edition\Maps\MP-No where to hide.map
[Debug  :Bugfixes and QoL] [2026-09-24 22:56:19.994] Recovered classic map size 300 from section 1050: C:/Users/Serpens66/AppData/LocalLow/Firefly Studios/Stronghold Crusader Definitive Edition\Maps\MP-Slopes of doom.map
[Debug  :Bugfixes and QoL] [2026-09-24 22:56:19.995] Recovered classic map size 400 from section 1050: C:/Users/Serpens66/AppData/LocalLow/Firefly Studios/Stronghold Crusader Definitive Edition\Maps\MP-Snake River.map
[Debug  :Bugfixes and QoL] [2026-09-24 22:56:19.995] Recovered classic map size 400 from section 1050: C:/Users/Serpens66/AppData/LocalLow/Firefly Studios/Stronghold Crusader Definitive Edition\Maps\MP-Surrounded.map
[Debug  :Bugfixes and QoL] [2026-09-24 22:56:19.996] Recovered classic map size 300 from section 1050: C:/Users/Serpens66/AppData/LocalLow/Firefly Studios/Stronghold Crusader Definitive Edition\Maps\MP-The rocky divide.map
[Debug  :Bugfixes and QoL] [2026-09-24 22:56:19.996] Recovered classic map size 300 from section 1050: C:/Users/Serpens66/AppData/LocalLow/Firefly Studios/Stronghold Crusader Definitive Edition\Maps\MP-Two Falls.map
[Debug  :Bugfixes and QoL] [2026-09-24 22:56:19.997] Recovered classic map size 400 from section 1050: C:/Users/Serpens66/AppData/LocalLow/Firefly Studios/Stronghold Crusader Definitive Edition\Maps\MP-Valley of the lords.map
[Debug  :Bugfixes and QoL] [2026-09-24 22:56:19.997] Recovered classic map size 300 from section 1050: C:/Users/Serpens66/AppData/LocalLow/Firefly Studios/Stronghold Crusader Definitive Edition\Maps\Nachbarn im Klamm.map
[Debug  :Bugfixes and QoL] [2026-09-24 22:56:19.998] Recovered classic map size 400 from section 1050: C:/Users/Serpens66/AppData/LocalLow/Firefly Studios/Stronghold Crusader Definitive Edition\Maps\NurPech X-easy.map
[Debug  :Bugfixes and QoL] [2026-09-24 22:56:19.999] Recovered classic map size 400 from section 1050: C:/Users/Serpens66/AppData/LocalLow/Firefly Studios/Stronghold Crusader Definitive Edition\Maps\NurPech X-easy2.map
[Debug  :Bugfixes and QoL] [2026-09-24 22:56:19.999] Recovered classic map size 400 from section 1050: C:/Users/Serpens66/AppData/LocalLow/Firefly Studios/Stronghold Crusader Definitive Edition\Maps\NurPech X-hard.map
[Debug  :Bugfixes and QoL] [2026-09-24 22:56:20.000] Recovered classic map size 400 from section 1050: C:/Users/Serpens66/AppData/LocalLow/Firefly Studios/Stronghold Crusader Definitive Edition\Maps\NurPech X-hard2.map
[Debug  :Bugfixes and QoL] [2026-09-24 22:56:20.000] Recovered classic map size 400 from section 1050: C:/Users/Serpens66/AppData/LocalLow/Firefly Studios/Stronghold Crusader Definitive Edition\Maps\NurPech X-hard5.map
[Debug  :Bugfixes and QoL] [2026-09-24 22:56:20.001] Recovered classic map size 400 from section 1050: C:/Users/Serpens66/AppData/LocalLow/Firefly Studios/Stronghold Crusader Definitive Edition\Maps\NurPech X-med.map
[Debug  :Bugfixes and QoL] [2026-09-24 22:56:20.002] Recovered classic map size 400 from section 1050: C:/Users/Serpens66/AppData/LocalLow/Firefly Studios/Stronghold Crusader Definitive Edition\Maps\NurPech.map
[Debug  :Bugfixes and QoL] [2026-09-24 22:56:20.003] Recovered classic map size 400 from section 1050: C:/Users/Serpens66/AppData/LocalLow/Firefly Studios/Stronghold Crusader Definitive Edition\Maps\Of heaven and earth.map
[Debug  :Bugfixes and QoL] [2026-09-24 22:56:20.003] Recovered classic map size 400 from section 1050: C:/Users/Serpens66/AppData/LocalLow/Firefly Studios/Stronghold Crusader Definitive Edition\Maps\Open Plains.map
[Debug  :Bugfixes and QoL] [2026-09-24 22:56:20.004] Recovered classic map size 400 from section 1050: C:/Users/Serpens66/AppData/LocalLow/Firefly Studios/Stronghold Crusader Definitive Edition\Maps\Osmosis.map
[Debug  :Bugfixes and QoL] [2026-09-24 22:56:20.005] Recovered classic map size 400 from section 1050: C:/Users/Serpens66/AppData/LocalLow/Firefly Studios/Stronghold Crusader Definitive Edition\Maps\Patras, Greece.map
[Debug  :Bugfixes and QoL] [2026-09-24 22:56:20.005] Recovered classic map size 400 from section 1050: C:/Users/Serpens66/AppData/LocalLow/Firefly Studios/Stronghold Crusader Definitive Edition\Maps\Phoenix.map
[Debug  :Bugfixes and QoL] [2026-09-24 22:56:20.006] Recovered classic map size 400 from section 1050: C:/Users/Serpens66/AppData/LocalLow/Firefly Studios/Stronghold Crusader Definitive Edition\Maps\Rache.map
[Debug  :Bugfixes and QoL] [2026-09-24 22:56:20.006] Recovered classic map size 300 from section 1050: C:/Users/Serpens66/AppData/LocalLow/Firefly Studios/Stronghold Crusader Definitive Edition\Maps\Rivers_Fork.map
[Debug  :Bugfixes and QoL] [2026-09-24 22:56:20.007] Recovered classic map size 400 from section 1050: C:/Users/Serpens66/AppData/LocalLow/Firefly Studios/Stronghold Crusader Definitive Edition\Maps\Rizen River.map
[Debug  :Bugfixes and QoL] [2026-09-24 22:56:20.008] Recovered classic map size 400 from section 1050: C:/Users/Serpens66/AppData/LocalLow/Firefly Studios/Stronghold Crusader Definitive Edition\Maps\selbstgemacht 1.map
[Debug  :Bugfixes and QoL] [2026-09-24 22:56:20.011] Recovered classic map size 400 from section 1050: C:/Users/Serpens66/AppData/LocalLow/Firefly Studios/Stronghold Crusader Definitive Edition\Maps\Snake_River.map
[Debug  :Bugfixes and QoL] [2026-09-24 22:56:20.012] Recovered classic map size 400 from section 1050: C:/Users/Serpens66/AppData/LocalLow/Firefly Studios/Stronghold Crusader Definitive Edition\Maps\spezialist 3vs5.map
[Debug  :Bugfixes and QoL] [2026-09-24 22:56:20.012] Recovered classic map size 400 from section 1050: C:/Users/Serpens66/AppData/LocalLow/Firefly Studios/Stronghold Crusader Definitive Edition\Maps\Spider_Island.map
[Debug  :Bugfixes and QoL] [2026-09-24 22:56:20.013] Recovered classic map size 400 from section 1050: C:/Users/Serpens66/AppData/LocalLow/Firefly Studios/Stronghold Crusader Definitive Edition\Maps\Springs of Arda.map
[Debug  :Bugfixes and QoL] [2026-09-24 22:56:20.014] Recovered classic map size 400 from section 1050: C:/Users/Serpens66/AppData/LocalLow/Firefly Studios/Stronghold Crusader Definitive Edition\Maps\Staircase to Heaven.map
[Debug  :Bugfixes and QoL] [2026-09-24 22:56:20.014] Recovered classic map size 400 from section 1050: C:/Users/Serpens66/AppData/LocalLow/Firefly Studios/Stronghold Crusader Definitive Edition\Maps\Swampy_Island.map
[Debug  :Bugfixes and QoL] [2026-09-24 22:56:20.016] Recovered classic map size 400 from section 1050: C:/Users/Serpens66/AppData/LocalLow/Firefly Studios/Stronghold Crusader Definitive Edition\Maps\test.map
[Debug  :Bugfixes and QoL] [2026-09-24 22:56:20.028] Recovered classic map size 400 from section 1050: C:/Users/Serpens66/AppData/LocalLow/Firefly Studios/Stronghold Crusader Definitive Edition\Maps\The Arena.map
[Debug  :Bugfixes and QoL] [2026-09-24 22:56:20.029] Recovered classic map size 400 from section 1050: C:/Users/Serpens66/AppData/LocalLow/Firefly Studios/Stronghold Crusader Definitive Edition\Maps\The cry for mercy=suraj.map
[Debug  :Bugfixes and QoL] [2026-09-24 22:56:20.029] Recovered classic map size 400 from section 1050: C:/Users/Serpens66/AppData/LocalLow/Firefly Studios/Stronghold Crusader Definitive Edition\Maps\The Fallen City.map
[Debug  :Bugfixes and QoL] [2026-09-24 22:56:20.030] Recovered classic map size 400 from section 1050: C:/Users/Serpens66/AppData/LocalLow/Firefly Studios/Stronghold Crusader Definitive Edition\Maps\The mount of siege.map
[Debug  :Bugfixes and QoL] [2026-09-24 22:56:20.030] Recovered classic map size 400 from section 1050: C:/Users/Serpens66/AppData/LocalLow/Firefly Studios/Stronghold Crusader Definitive Edition\Maps\The Penninsula.map
[Debug  :Bugfixes and QoL] [2026-09-24 22:56:20.031] Recovered classic map size 400 from section 1050: C:/Users/Serpens66/AppData/LocalLow/Firefly Studios/Stronghold Crusader Definitive Edition\Maps\The_Host.map
[Debug  :Bugfixes and QoL] [2026-09-24 22:56:20.031] Recovered classic map size 300 from section 1050: C:/Users/Serpens66/AppData/LocalLow/Firefly Studios/Stronghold Crusader Definitive Edition\Maps\Three_Little_Pigs.map
[Debug  :Bugfixes and QoL] [2026-09-24 22:56:20.032] Recovered classic map size 400 from section 1050: C:/Users/Serpens66/AppData/LocalLow/Firefly Studios/Stronghold Crusader Definitive Edition\Maps\Tiers.map
[Debug  :Bugfixes and QoL] [2026-09-24 22:56:20.033] Recovered classic map size 400 from section 1050: C:/Users/Serpens66/AppData/LocalLow/Firefly Studios/Stronghold Crusader Definitive Edition\Maps\Ultimate_Victory.map
[Debug  :Bugfixes and QoL] [2026-09-24 22:56:20.037] Recovered classic map size 400 from section 1050: C:/Users/Serpens66/AppData/LocalLow/Firefly Studios/Stronghold Crusader Definitive Edition\Maps\Wazirs_Fortress.map
[Debug  :Bugfixes and QoL] [2026-09-24 22:56:20.038] Recovered classic map size 400 from section 1050: C:/Users/Serpens66/AppData/LocalLow/Firefly Studios/Stronghold Crusader Definitive Edition\Maps\Wide_Open_Plain.map
[Info   :  SHCDE-SE] [T19-22:56:20.270] [MapFileManager_Hooks] [MapFileManager_UpdateWorkshopMap_Hook] Attempting to retrieve from file=[e:\programmee\steam\steamapps\workshop\content\3024040\3791770511\fixes.map], realFileName=[E:\ProgrammeE\Steam\steamapps\workshop\content\3024040\3791770511\fixes.map]
[Info   :  SHCDE-SE] [T1-22:56:20.271] [GameXAMLManagerAPI] [GetPatchesForPath] Found patch for [Assets/GUI/Sprites/UI-MasterAtlas.xaml] in mod [BugfixesAndQoL_Serp]
[Info   :  SHCDE-SE] [T19-22:56:20.274] [MapArchive] [.ctor] Reading ZIP data from offset: 003444B7
[Info   :  SHCDE-SE] [T19-22:56:20.274] [MapFileManager_Hooks] [MapFileManager_UpdateWorkshopMap_Hook] Map manifest: of [file]: [BepInEx]
[Info   :  SHCDE-SE] [T19-22:56:20.275] [MapFileManager_Hooks] [MapFileManager_UpdateWorkshopMap_Hook] Attempting to retrieve from file=[e:\programmee\steam\steamapps\workshop\content\3024040\3788821961\serpsmods.map], realFileName=[E:\ProgrammeE\Steam\steamapps\workshop\content\3024040\3788821961\SerpsMods.map]
[Info   :  SHCDE-SE] [T1-22:56:20.276] [GameXAMLManagerAPI] [ApplyPatchForPath] Applying 1 patch files to Assets/GUI/Sprites/UI-MasterAtlas.xaml
[Info   :  SHCDE-SE] [T19-22:56:20.278] [MapArchive] [.ctor] Reading ZIP data from offset: 003444B7
[Info   :  SHCDE-SE] [T19-22:56:20.289] [MapFileManager_Hooks] [MapFileManager_UpdateWorkshopMap_Hook] Map manifest: of [file]: [BepInEx]
[Info   :  SHCDE-SE] [T1-22:56:20.291] [XamlPatcher] [ApplyPatches] Applying patch: Add, xpath: [/n:ResourceDictionary]
[Info   :  SHCDE-SE] [T1-22:56:20.316] [XamlPatcher] [ApplyPatches] Applying patch: Add, xpath: [/n:ResourceDictionary]
[Info   :  SHCDE-SE] [T1-22:56:20.316] [XamlPatcher] [ApplyPatches] Applying patch: Add, xpath: [/n:ResourceDictionary]
[Info   :  SHCDE-SE] [T1-22:56:20.316] [XamlPatcher] [ApplyPatches] Applying patch: Add, xpath: [/n:ResourceDictionary]
[Info   :  SHCDE-SE] [T1-22:56:20.316] [XamlPatcher] [ApplyPatches] Applying patch: Add, xpath: [/n:ResourceDictionary]
[Info   :  SHCDE-SE] [T1-22:56:20.316] [XamlPatcher] [ApplyPatches] Applying patch: Add, xpath: [/n:ResourceDictionary]
[Info   :  SHCDE-SE] [T1-22:56:20.316] [XamlPatcher] [ApplyPatches] Applying patch: Add, xpath: [/n:ResourceDictionary]
[Info   :  SHCDE-SE] [T1-22:56:20.351] [NoesisTextureProvider_Hooks] [NoesisTextureProvider_GetTextureInfo] Registering Mod Texture: Assets/GUI/Sprites/BugfixesAndQoL-Lord.png
[Info   :  SHCDE-SE] [T1-22:56:20.353] [NoesisTextureProvider_Hooks] [NoesisTextureProvider_GetTextureInfo] Registering Mod Texture: Assets/GUI/Sprites/BugfixesAndQoL-LobbyGoldShields.png
[Info   :  SHCDE-SE] [T19-22:56:20.366] [MapFileManager_Hooks] [MapFileManager_UpdateWorkshopMap_Hook] Attempting to retrieve from file=[e:\programmee\steam\steamapps\workshop\content\3024040\3774768801\lorrdyaisharesgold.map], realFileName=[E:\ProgrammeE\Steam\steamapps\workshop\content\3024040\3774768801\LorrdyAISharesGold.map]
[Info   :  SHCDE-SE] [T19-22:56:20.369] [MapArchive] [.ctor] Reading ZIP data from offset: 003444B7
[Info   :  SHCDE-SE] [T19-22:56:20.370] [MapFileManager_Hooks] [MapFileManager_UpdateWorkshopMap_Hook] Map manifest: of [file]: [BepInEx]
[Info   :  SHCDE-SE] [T1-22:56:20.417] [GameXAMLManagerAPI] [GetPatchesForPath] Found patch for [Assets/GUI/XAMLResources/TOOLTIPS.xaml] in mod [000shcdese]
[Info   :  SHCDE-SE] [T1-22:56:20.417] [GameXAMLManagerAPI] [ApplyPatchForPath] Applying 1 patch files to Assets/GUI/XAMLResources/TOOLTIPS.xaml
[Info   :  SHCDE-SE] [T1-22:56:20.423] [XamlPatcher] [ApplyPatches] Applying patch: AddNamespace, xpath: []
[Info   :  SHCDE-SE] [T1-22:56:20.423] [XamlPatcher] [ApplyPatches] Applying patch: Add, xpath: [/n:ResourceDictionary]
[Info   :  SHCDE-SE] [T1-22:56:20.431] [XamlPatcher] [ApplyPatches] Applying patch: Add, xpath: [/n:ResourceDictionary]
[Info   :  SHCDE-SE] [T1-22:56:20.431] [XamlPatcher] [ApplyPatches] Applying patch: Add, xpath: [/n:ResourceDictionary]
[Info   :  SHCDE-SE] [T1-22:56:20.431] [XamlPatcher] [ApplyPatches] Applying patch: Add, xpath: [/n:ResourceDictionary]
[Info   :  SHCDE-SE] [T1-22:56:20.431] [XamlPatcher] [ApplyPatches] Applying patch: Add, xpath: [/n:ResourceDictionary]
[Info   :  SHCDE-SE] [T1-22:56:20.431] [XamlPatcher] [ApplyPatches] Applying patch: Add, xpath: [/n:ResourceDictionary]
[Debug  :Bugfixes and QoL] [2026-09-24 22:56:20.451] Bugfixes and QoL high-contrast yellow presentation ready; shields=4, enabled=True.
[Info   :  SHCDE-SE] [T1-22:56:20.513] [GameXAMLManagerAPI] [GetPatchesForPath] Found patch for [Assets/GUI/XAMLResources/HUD_ConfirmationPopup.xaml] in mod [ExtendedData_Serp]
[Info   :  SHCDE-SE] [T1-22:56:20.513] [GameXAMLManagerAPI] [ApplyPatchForPath] Applying 1 patch files to Assets/GUI/XAMLResources/HUD_ConfirmationPopup.xaml
[Info   :  SHCDE-SE] [T1-22:56:20.513] [XamlPatcher] [ApplyPatches] Applying patch: Replace, xpath: [//n:TextBlock[@Text='{Binding ConfirmationMessage}']]
[Info   :Extended Data] [2026-09-24 22:56:20.516] Custom Lord upload popup XAML patch matched exactly once.
[Info   :  SHCDE-SE] [T1-22:56:20.521] [GameXAMLManagerAPI] [GetPatchesForPath] Found patch for [Assets/GUI/XAML/FrontendMenus.xaml] in mod [000shcdese]
[Info   :  SHCDE-SE] [T1-22:56:20.523] [GameXAMLManagerAPI] [ApplyPatchForPath] Applying 1 patch files to Assets/GUI/XAML/FrontendMenus.xaml
[Info   :  SHCDE-SE] [T1-22:56:20.526] [XamlPatcher] [ApplyPatches] Applying patch: AddNamespace, xpath: []
[Info   :  SHCDE-SE] [T1-22:56:20.526] [XamlPatcher] [ApplyPatches] Applying patch: InsertAfter, xpath: [//n:TextBlock[@Text='{Binding VersionString}']]
[Info   :  SHCDE-SE] [T1-22:56:20.527] [XamlPatcher] [ApplyPatches] Applying patch: InsertAfter, xpath: [//n:Grid[@Name='Multiplayer']]
[Info   :  SHCDE-SE] [T1-22:56:20.553] [GameXAMLManagerAPI] [GetPatchesForPath] Found patch for [Assets/GUI/XAMLResources/FRONT_EditorSetup.xaml] in mod [ExtendedData_Serp]
[Info   :  SHCDE-SE] [T1-22:56:20.553] [GameXAMLManagerAPI] [ApplyPatchForPath] Applying 1 patch files to Assets/GUI/XAMLResources/FRONT_EditorSetup.xaml
[Info   :  SHCDE-SE] [T1-22:56:20.553] [XamlPatcher] [ApplyPatches] Applying patch: SetAttribute, xpath: [//n:TextBox[@Name='WorkshopMapDescription']]
[Info   :  SHCDE-SE] [T1-22:56:20.554] [XamlPatcher] [ApplyPatches] Applying patch: Add, xpath: [//n:Grid[n:TextBox[@Name='WorkshopMapDescription'] and n:Button[@CommandParameter='DoUpload']]]
[Info   :Extended Data] [2026-09-24 22:56:20.555] Custom Lord upload checkbox XAML patch matched exactly once.
[Info   :  SHCDE-SE] [T1-22:56:20.560] [GameXAMLManagerAPI] [InjectBindings] ViewModel Linked [ExtendedDataUploadOptionsHost] in [FRONT_EditorSetup]
[Info   :  SHCDE-SE] [T1-22:56:20.560] [GameXAMLManagerAPI] [ApplyBinding] ViewModel Linked [ExtendedDataUploadOptionsHost]
[Info   :  SHCDE-SE] [T1-22:56:20.571] [GameXAMLManagerAPI] [GetPatchesForPath] Found patch for [Assets/GUI/XAMLResources/HUD_Options.xaml] in mod [000shcdese]
[Info   :  SHCDE-SE] [T1-22:56:20.571] [GameXAMLManagerAPI] [ApplyPatchForPath] Applying 1 patch files to Assets/GUI/XAMLResources/HUD_Options.xaml
[Info   :  SHCDE-SE] [T1-22:56:20.574] [XamlPatcher] [ApplyPatches] Applying patch: SetAttribute, xpath: [//*[@Name='GameSpeedSlider']]
[Info   :  SHCDE-SE] [T1-22:56:20.601] [GameXAMLManagerAPI] [GetPatchesForPath] Found patch for [Assets/GUI/XAMLResources/HUD_LoadSaveRequester.xaml] in mod [BugfixesAndQoL_Serp]
[Info   :  SHCDE-SE] [T1-22:56:20.601] [GameXAMLManagerAPI] [GetPatchesForPath] Found patch for [Assets/GUI/XAMLResources/HUD_LoadSaveRequester.xaml] in mod [ExtendedData_Serp]
[Info   :  SHCDE-SE] [T1-22:56:20.601] [GameXAMLManagerAPI] [ApplyPatchForPath] Applying 2 patch files to Assets/GUI/XAMLResources/HUD_LoadSaveRequester.xaml
[Info   :  SHCDE-SE] [T1-22:56:20.601] [XamlPatcher] [ApplyPatches] Applying patch: AddNamespace, xpath: []
[Info   :  SHCDE-SE] [T1-22:56:20.601] [XamlPatcher] [ApplyPatches] Applying patch: InsertAfter, xpath: [//n:ListView[@Name='FileList']/n:ListView.View/n:GridView/n:GridViewColumn[4]]
[Info   :  SHCDE-SE] [T1-22:56:20.603] [XamlPatcher] [ApplyPatches] Applying patch: InsertBefore, xpath: [//n:CheckBox[@x:Name='HideQuicksaveCheck']]
[Info   :  SHCDE-SE] [T1-22:56:20.603] [XamlPatcher] [ApplyPatches] Applying patch: InsertBefore, xpath: [//n:TextBox[@Name='SearchFilter']]
[Info   :  SHCDE-SE] [T1-22:56:20.603] [XamlPatcher] [ApplyPatches] Applying patch: Add, xpath: [//n:Grid[n:Button[@Name='ButtonAction'] and n:Button[@Name='ButtonCancel']]]
[Info   :  SHCDE-SE] [T1-22:56:20.605] [GameXAMLManagerAPI] [InjectBindings] ViewModel Linked [BugfixesAndQoLShowVanillaMapsHost] in [HUD_LoadSaveRequester]
[Info   :  SHCDE-SE] [T1-22:56:20.605] [GameXAMLManagerAPI] [ApplyBinding] ViewModel Linked [BugfixesAndQoLShowVanillaMapsHost]
[Info   :  SHCDE-SE] [T1-22:56:20.605] [GameXAMLManagerAPI] [InjectBindings] ViewModel Linked [BugfixesAndQoLDeleteMapHost] in [HUD_LoadSaveRequester]
[Info   :  SHCDE-SE] [T1-22:56:20.605] [GameXAMLManagerAPI] [ApplyBinding] ViewModel Linked [BugfixesAndQoLDeleteMapHost]
[Info   :  SHCDE-SE] [T1-22:56:20.605] [GameXAMLManagerAPI] [InjectBindings] ViewModel Linked [ExtendedDataMapEditorSaveOptionsHost] in [HUD_LoadSaveRequester]
[Info   :  SHCDE-SE] [T1-22:56:20.605] [GameXAMLManagerAPI] [ApplyBinding] ViewModel Linked [ExtendedDataMapEditorSaveOptionsHost]
[Info   :  SHCDE-SE] [T1-22:56:20.606] [GameXAMLManagerAPI] [GetPatchesForPath] Found patch for [Assets/GUI/XAMLResources/HUD_ConfirmationPopup.xaml] in mod [ExtendedData_Serp]
[Info   :  SHCDE-SE] [T1-22:56:20.606] [GameXAMLManagerAPI] [ApplyPatchForPath] Applying 1 patch files to Assets/GUI/XAMLResources/HUD_ConfirmationPopup.xaml
[Info   :  SHCDE-SE] [T1-22:56:20.606] [XamlPatcher] [ApplyPatches] Applying patch: Replace, xpath: [//n:TextBlock[@Text='{Binding ConfirmationMessage}']]
[Info   :  SHCDE-SE] [T1-22:56:20.625] [GameXAMLManagerAPI] [GetPatchesForPath] Found patch for [Assets/GUI/XAMLResources/HUD_ConfirmationPopup.xaml] in mod [ExtendedData_Serp]
[Info   :  SHCDE-SE] [T1-22:56:20.625] [GameXAMLManagerAPI] [ApplyPatchForPath] Applying 1 patch files to Assets/GUI/XAMLResources/HUD_ConfirmationPopup.xaml
[Info   :  SHCDE-SE] [T1-22:56:20.625] [XamlPatcher] [ApplyPatches] Applying patch: Replace, xpath: [//n:TextBlock[@Text='{Binding ConfirmationMessage}']]
[Info   :  SHCDE-SE] [T1-22:56:20.631] [GameXAMLManagerAPI] [GetPatchesForPath] Found patch for [Assets/GUI/XAMLResources/HUD_ConfirmationPopup.xaml] in mod [ExtendedData_Serp]
[Info   :  SHCDE-SE] [T1-22:56:20.631] [GameXAMLManagerAPI] [ApplyPatchForPath] Applying 1 patch files to Assets/GUI/XAMLResources/HUD_ConfirmationPopup.xaml
[Info   :  SHCDE-SE] [T1-22:56:20.631] [XamlPatcher] [ApplyPatches] Applying patch: Replace, xpath: [//n:TextBlock[@Text='{Binding ConfirmationMessage}']]
[Info   :  SHCDE-SE] [T1-22:56:20.635] [GameXAMLManagerAPI] [GetPatchesForPath] Found patch for [Assets/GUI/XAMLResources/HUD_ConfirmationPopup.xaml] in mod [ExtendedData_Serp]
[Info   :  SHCDE-SE] [T1-22:56:20.635] [GameXAMLManagerAPI] [ApplyPatchForPath] Applying 1 patch files to Assets/GUI/XAMLResources/HUD_ConfirmationPopup.xaml
[Info   :  SHCDE-SE] [T1-22:56:20.635] [XamlPatcher] [ApplyPatches] Applying patch: Replace, xpath: [//n:TextBlock[@Text='{Binding ConfirmationMessage}']]
[Info   :  SHCDE-SE] [T1-22:56:20.644] [GameXAMLManagerAPI] [GetPatchesForPath] Found patch for [Assets/GUI/XAMLResources/HUD_ConfirmationPopup.xaml] in mod [ExtendedData_Serp]
[Info   :  SHCDE-SE] [T1-22:56:20.644] [GameXAMLManagerAPI] [ApplyPatchForPath] Applying 1 patch files to Assets/GUI/XAMLResources/HUD_ConfirmationPopup.xaml
[Info   :  SHCDE-SE] [T1-22:56:20.645] [XamlPatcher] [ApplyPatches] Applying patch: Replace, xpath: [//n:TextBlock[@Text='{Binding ConfirmationMessage}']]
[Info   :  SHCDE-SE] [T1-22:56:20.646] [GameXAMLManagerAPI] [GetPatchesForPath] Found patch for [Assets/GUI/XAMLResources/HUD_ConfirmationPopup.xaml] in mod [ExtendedData_Serp]
[Info   :  SHCDE-SE] [T1-22:56:20.646] [GameXAMLManagerAPI] [ApplyPatchForPath] Applying 1 patch files to Assets/GUI/XAMLResources/HUD_ConfirmationPopup.xaml
[Info   :  SHCDE-SE] [T1-22:56:20.646] [XamlPatcher] [ApplyPatches] Applying patch: Replace, xpath: [//n:TextBlock[@Text='{Binding ConfirmationMessage}']]
[Info   :  SHCDE-SE] [T1-22:56:20.652] [GameXAMLManagerAPI] [GetPatchesForPath] Found patch for [Assets/GUI/XAMLResources/HUD_ConfirmationPopup.xaml] in mod [ExtendedData_Serp]
[Info   :  SHCDE-SE] [T1-22:56:20.652] [GameXAMLManagerAPI] [ApplyPatchForPath] Applying 1 patch files to Assets/GUI/XAMLResources/HUD_ConfirmationPopup.xaml
[Info   :  SHCDE-SE] [T1-22:56:20.652] [XamlPatcher] [ApplyPatches] Applying patch: Replace, xpath: [//n:TextBlock[@Text='{Binding ConfirmationMessage}']]
[Info   :  SHCDE-SE] [T1-22:56:20.653] [GameXAMLManagerAPI] [GetPatchesForPath] Found patch for [Assets/GUI/XAMLResources/HUD_ConfirmationPopup.xaml] in mod [ExtendedData_Serp]
[Info   :  SHCDE-SE] [T1-22:56:20.653] [GameXAMLManagerAPI] [ApplyPatchForPath] Applying 1 patch files to Assets/GUI/XAMLResources/HUD_ConfirmationPopup.xaml
[Info   :  SHCDE-SE] [T1-22:56:20.654] [XamlPatcher] [ApplyPatches] Applying patch: Replace, xpath: [//n:TextBlock[@Text='{Binding ConfirmationMessage}']]
[Info   :  SHCDE-SE] [T1-22:56:20.660] [GameXAMLManagerAPI] [GetPatchesForPath] Found patch for [Assets/GUI/XAMLResources/HUD_ConfirmationPopup.xaml] in mod [ExtendedData_Serp]
[Info   :  SHCDE-SE] [T1-22:56:20.661] [GameXAMLManagerAPI] [ApplyPatchForPath] Applying 1 patch files to Assets/GUI/XAMLResources/HUD_ConfirmationPopup.xaml
[Info   :  SHCDE-SE] [T1-22:56:20.661] [XamlPatcher] [ApplyPatches] Applying patch: Replace, xpath: [//n:TextBlock[@Text='{Binding ConfirmationMessage}']]
[Info   :  SHCDE-SE] [T1-22:56:20.662] [GameXAMLManagerAPI] [GetPatchesForPath] Found patch for [Assets/GUI/XAMLResources/HUD_ConfirmationPopup.xaml] in mod [ExtendedData_Serp]
[Info   :  SHCDE-SE] [T1-22:56:20.662] [GameXAMLManagerAPI] [ApplyPatchForPath] Applying 1 patch files to Assets/GUI/XAMLResources/HUD_ConfirmationPopup.xaml
[Info   :  SHCDE-SE] [T1-22:56:20.663] [XamlPatcher] [ApplyPatches] Applying patch: Replace, xpath: [//n:TextBlock[@Text='{Binding ConfirmationMessage}']]
[Info   :  SHCDE-SE] [T1-22:56:20.670] [GameXAMLManagerAPI] [GetPatchesForPath] Found patch for [Assets/GUI/XAMLResources/HUD_ConfirmationPopup.xaml] in mod [ExtendedData_Serp]
[Info   :  SHCDE-SE] [T1-22:56:20.670] [GameXAMLManagerAPI] [ApplyPatchForPath] Applying 1 patch files to Assets/GUI/XAMLResources/HUD_ConfirmationPopup.xaml
[Info   :  SHCDE-SE] [T1-22:56:20.671] [XamlPatcher] [ApplyPatches] Applying patch: Replace, xpath: [//n:TextBlock[@Text='{Binding ConfirmationMessage}']]
[Info   :  SHCDE-SE] [T1-22:56:20.672] [GameXAMLManagerAPI] [GetPatchesForPath] Found patch for [Assets/GUI/XAMLResources/HUD_ConfirmationPopup.xaml] in mod [ExtendedData_Serp]
[Info   :  SHCDE-SE] [T1-22:56:20.672] [GameXAMLManagerAPI] [ApplyPatchForPath] Applying 1 patch files to Assets/GUI/XAMLResources/HUD_ConfirmationPopup.xaml
[Info   :  SHCDE-SE] [T1-22:56:20.672] [XamlPatcher] [ApplyPatches] Applying patch: Replace, xpath: [//n:TextBlock[@Text='{Binding ConfirmationMessage}']]
[Info   :  SHCDE-SE] [T1-22:56:20.678] [GameXAMLManagerAPI] [GetPatchesForPath] Found patch for [Assets/GUI/XAMLResources/HUD_ConfirmationPopup.xaml] in mod [ExtendedData_Serp]
[Info   :  SHCDE-SE] [T1-22:56:20.678] [GameXAMLManagerAPI] [ApplyPatchForPath] Applying 1 patch files to Assets/GUI/XAMLResources/HUD_ConfirmationPopup.xaml
[Info   :  SHCDE-SE] [T1-22:56:20.679] [XamlPatcher] [ApplyPatches] Applying patch: Replace, xpath: [//n:TextBlock[@Text='{Binding ConfirmationMessage}']]
[Info   :  SHCDE-SE] [T1-22:56:20.680] [GameXAMLManagerAPI] [GetPatchesForPath] Found patch for [Assets/GUI/XAMLResources/HUD_ConfirmationPopup.xaml] in mod [ExtendedData_Serp]
[Info   :  SHCDE-SE] [T1-22:56:20.680] [GameXAMLManagerAPI] [ApplyPatchForPath] Applying 1 patch files to Assets/GUI/XAMLResources/HUD_ConfirmationPopup.xaml
[Info   :  SHCDE-SE] [T1-22:56:20.680] [XamlPatcher] [ApplyPatches] Applying patch: Replace, xpath: [//n:TextBlock[@Text='{Binding ConfirmationMessage}']]
[Info   :  SHCDE-SE] [T1-22:56:20.687] [GameXAMLManagerAPI] [GetPatchesForPath] Found patch for [Assets/GUI/XAMLResources/HUD_ConfirmationPopup.xaml] in mod [ExtendedData_Serp]
[Info   :  SHCDE-SE] [T1-22:56:20.687] [GameXAMLManagerAPI] [ApplyPatchForPath] Applying 1 patch files to Assets/GUI/XAMLResources/HUD_ConfirmationPopup.xaml
[Info   :  SHCDE-SE] [T1-22:56:20.688] [XamlPatcher] [ApplyPatches] Applying patch: Replace, xpath: [//n:TextBlock[@Text='{Binding ConfirmationMessage}']]
[Info   :  SHCDE-SE] [T1-22:56:20.689] [GameXAMLManagerAPI] [GetPatchesForPath] Found patch for [Assets/GUI/XAMLResources/HUD_ConfirmationPopup.xaml] in mod [ExtendedData_Serp]
[Info   :  SHCDE-SE] [T1-22:56:20.689] [GameXAMLManagerAPI] [ApplyPatchForPath] Applying 1 patch files to Assets/GUI/XAMLResources/HUD_ConfirmationPopup.xaml
[Info   :  SHCDE-SE] [T1-22:56:20.689] [XamlPatcher] [ApplyPatches] Applying patch: Replace, xpath: [//n:TextBlock[@Text='{Binding ConfirmationMessage}']]
[Info   :  SHCDE-SE] [T1-22:56:20.695] [GameXAMLManagerAPI] [GetPatchesForPath] Found patch for [Assets/GUI/XAMLResources/HUD_ConfirmationPopup.xaml] in mod [ExtendedData_Serp]
[Info   :  SHCDE-SE] [T1-22:56:20.696] [GameXAMLManagerAPI] [ApplyPatchForPath] Applying 1 patch files to Assets/GUI/XAMLResources/HUD_ConfirmationPopup.xaml
[Info   :  SHCDE-SE] [T1-22:56:20.696] [XamlPatcher] [ApplyPatches] Applying patch: Replace, xpath: [//n:TextBlock[@Text='{Binding ConfirmationMessage}']]
[Info   :  SHCDE-SE] [T1-22:56:20.697] [GameXAMLManagerAPI] [GetPatchesForPath] Found patch for [Assets/GUI/XAMLResources/HUD_ConfirmationPopup.xaml] in mod [ExtendedData_Serp]
[Info   :  SHCDE-SE] [T1-22:56:20.697] [GameXAMLManagerAPI] [ApplyPatchForPath] Applying 1 patch files to Assets/GUI/XAMLResources/HUD_ConfirmationPopup.xaml
[Info   :  SHCDE-SE] [T1-22:56:20.697] [XamlPatcher] [ApplyPatches] Applying patch: Replace, xpath: [//n:TextBlock[@Text='{Binding ConfirmationMessage}']]
[Info   :  SHCDE-SE] [T1-22:56:20.704] [GameXAMLManagerAPI] [GetPatchesForPath] Found patch for [Assets/GUI/XAMLResources/HUD_ConfirmationPopup.xaml] in mod [ExtendedData_Serp]
[Info   :  SHCDE-SE] [T1-22:56:20.704] [GameXAMLManagerAPI] [ApplyPatchForPath] Applying 1 patch files to Assets/GUI/XAMLResources/HUD_ConfirmationPopup.xaml
[Info   :  SHCDE-SE] [T1-22:56:20.705] [XamlPatcher] [ApplyPatches] Applying patch: Replace, xpath: [//n:TextBlock[@Text='{Binding ConfirmationMessage}']]
[Info   :  SHCDE-SE] [T1-22:56:20.706] [GameXAMLManagerAPI] [GetPatchesForPath] Found patch for [Assets/GUI/XAMLResources/HUD_ConfirmationPopup.xaml] in mod [ExtendedData_Serp]
[Info   :  SHCDE-SE] [T1-22:56:20.706] [GameXAMLManagerAPI] [ApplyPatchForPath] Applying 1 patch files to Assets/GUI/XAMLResources/HUD_ConfirmationPopup.xaml
[Info   :  SHCDE-SE] [T1-22:56:20.706] [XamlPatcher] [ApplyPatches] Applying patch: Replace, xpath: [//n:TextBlock[@Text='{Binding ConfirmationMessage}']]
[Info   :  SHCDE-SE] [T1-22:56:20.717] [GameXAMLManagerAPI] [GetPatchesForPath] Found patch for [Assets/GUI/XAMLResources/FRONT_Multiplayer.xaml] in mod [000shcdese]
[Info   :  SHCDE-SE] [T1-22:56:20.718] [GameXAMLManagerAPI] [GetPatchesForPath] Found patch for [Assets/GUI/XAMLResources/FRONT_Multiplayer.xaml] in mod [BugfixesAndQoL_Serp]
[Info   :  SHCDE-SE] [T1-22:56:20.718] [GameXAMLManagerAPI] [ApplyPatchForPath] Applying 2 patch files to Assets/GUI/XAMLResources/FRONT_Multiplayer.xaml
[Info   :  SHCDE-SE] [T1-22:56:20.721] [XamlPatcher] [ApplyPatches] Applying patch: AddNamespace, xpath: []
[Info   :  SHCDE-SE] [T1-22:56:20.721] [XamlPatcher] [ApplyPatches] Applying patch: SetAttribute, xpath: [//n:ListView[@Name='LobbyList']]
[Info   :  SHCDE-SE] [T1-22:56:20.721] [XamlPatcher] [ApplyPatches] Applying patch: InsertAfter, xpath: [(//n:Button[@CommandParameter='Back'])[1]]
[Info   :  SHCDE-SE] [T1-22:56:20.723] [XamlPatcher] [ApplyPatches] Applying patch: Add, xpath: [//n:Grid[@Name='mapgrid']]
[Info   :  SHCDE-SE] [T1-22:56:20.723] [XamlPatcher] [ApplyPatches] Applying patch: SetAttribute, xpath: [//n:Grid[@Visibility='{Binding Show_MPSettings, Converter={StaticResource booleanToVisibilityConverter}}']]
[Info   :  SHCDE-SE] [T1-22:56:20.723] [XamlPatcher] [ApplyPatches] Applying patch: SetAttribute, xpath: [//n:Grid[@Width='700' and @Height='360' and @Visibility='{Binding Show_AddAIPanel, Converter={StaticResource booleanToVisibilityConverter}}']]
[Info   :  SHCDE-SE] [T1-22:56:20.724] [XamlPatcher] [ApplyPatches] Applying patch: SetAttribute, xpath: [//n:Grid[@Width='700' and @Height='360' and @Visibility='{Binding Show_AddAIPanel, Converter={StaticResource booleanToVisibilityConverter}}']]
[Info   :  SHCDE-SE] [T1-22:56:20.724] [XamlPatcher] [ApplyPatches] Applying patch: Replace, xpath: [//n:ListView[@Name='CustomLordList']/n:ListView.View/n:GridView]
[Info   :  SHCDE-SE] [T1-22:56:20.724] [XamlPatcher] [ApplyPatches] Applying patch: InsertBefore, xpath: [//n:ListView[@Name='CustomLordList']]
[Info   :  SHCDE-SE] [T1-22:56:20.725] [XamlPatcher] [ApplyPatches] Applying patch: InsertAfter, xpath: [//n:Grid[@Width='700' and @Height='360' and @Visibility='{Binding Show_AddAIPanel, Converter={StaticResource booleanToVisibilityConverter}}']]
[Info   :  SHCDE-SE] [T1-22:56:20.725] [XamlPatcher] [ApplyPatches] Applying patch: InsertBefore, xpath: [//n:Button[@CommandParameter='AddCustomLord']]
[Info   :  SHCDE-SE] [T1-22:56:20.725] [XamlPatcher] [ApplyPatches] Applying patch: InsertAfter, xpath: [//n:Button[@Name='RandomAI7']]
[Info   :  SHCDE-SE] [T1-22:56:20.726] [XamlPatcher] [ApplyPatches] Applying patch: InsertAfter, xpath: [//n:Slider[@Name='AIMax_Slider']]
[Info   :  SHCDE-SE] [T1-22:56:20.726] [XamlPatcher] [ApplyPatches] Applying patch: InsertBefore, xpath: [//n:Button[@Name='MultiplayerPlayButton']]
[Info   :  SHCDE-SE] [T1-22:56:20.726] [XamlPatcher] [ApplyPatches] Applying patch: InsertBefore, xpath: [//n:Button[@CommandParameter='Settings_SkirmishAdvanced']]
[Info   :  SHCDE-SE] [T1-22:56:20.740] [GameXAMLManagerAPI] [GetPatchesForPath] Found patch for [Assets/GUI/XAMLResources/FRONT_Multiplayer_Setup.xaml] in mod [000shcdese]
[Info   :  SHCDE-SE] [T1-22:56:20.740] [GameXAMLManagerAPI] [GetPatchesForPath] Found patch for [Assets/GUI/XAMLResources/FRONT_Multiplayer_Setup.xaml] in mod [BugfixesAndQoL_Serp]
[Info   :  SHCDE-SE] [T1-22:56:20.741] [GameXAMLManagerAPI] [ApplyPatchForPath] Applying 2 patch files to Assets/GUI/XAMLResources/FRONT_Multiplayer_Setup.xaml
[Info   :  SHCDE-SE] [T1-22:56:20.742] [XamlPatcher] [ApplyPatches] Applying patch: SetAttribute, xpath: [//*[@Name='MP_Settings_GameSpeed_Slider']]
[Info   :  SHCDE-SE] [T1-22:56:20.743] [XamlPatcher] [ApplyPatches] Applying patch: SetAttribute, xpath: [//n:Grid[@Visibility='{Binding Show_MPNotSkirmishIsHost, Converter={StaticResource booleanToVisibilityConverter}}']]
[Info   :  SHCDE-SE] [T1-22:56:20.764] [GameXAMLManagerAPI] [GetPatchesForPath] Found patch for [Assets/GUI/XAMLResources/FRONT_Multiplayer_Setup.xaml] in mod [000shcdese]
[Info   :  SHCDE-SE] [T1-22:56:20.764] [GameXAMLManagerAPI] [GetPatchesForPath] Found patch for [Assets/GUI/XAMLResources/FRONT_Multiplayer_Setup.xaml] in mod [BugfixesAndQoL_Serp]
[Info   :  SHCDE-SE] [T1-22:56:20.764] [GameXAMLManagerAPI] [ApplyPatchForPath] Applying 2 patch files to Assets/GUI/XAMLResources/FRONT_Multiplayer_Setup.xaml
[Info   :  SHCDE-SE] [T1-22:56:20.766] [XamlPatcher] [ApplyPatches] Applying patch: SetAttribute, xpath: [//*[@Name='MP_Settings_GameSpeed_Slider']]
[Info   :  SHCDE-SE] [T1-22:56:20.766] [XamlPatcher] [ApplyPatches] Applying patch: SetAttribute, xpath: [//n:Grid[@Visibility='{Binding Show_MPNotSkirmishIsHost, Converter={StaticResource booleanToVisibilityConverter}}']]
[Info   :  SHCDE-SE] [T1-22:56:20.779] [GameXAMLManagerAPI] [GetPatchesForPath] Found patch for [Assets/GUI/XAMLResources/FRONT_Multiplayer_AISettings.xaml] in mod [BugfixesAndQoL_Serp]
[Info   :  SHCDE-SE] [T1-22:56:20.780] [GameXAMLManagerAPI] [GetPatchesForPath] Found patch for [Assets/GUI/XAMLResources/FRONT_Multiplayer_AISettings.xaml] in mod [CastlePlanner_Serp]
[Info   :  SHCDE-SE] [T1-22:56:20.780] [GameXAMLManagerAPI] [ApplyPatchForPath] Applying 2 patch files to Assets/GUI/XAMLResources/FRONT_Multiplayer_AISettings.xaml
[Info   :  SHCDE-SE] [T1-22:56:20.781] [XamlPatcher] [ApplyPatches] Applying patch: SetAttribute, xpath: [//n:Grid[@Width='880' and @Height='630' and @Margin='00,43,0,0']]
[Info   :  SHCDE-SE] [T1-22:56:20.781] [XamlPatcher] [ApplyPatches] Applying patch: SetAttribute, xpath: [//n:Grid[@Width='880' and @Height='630' and @Margin='00,43,0,0']]
[Info   :  SHCDE-SE] [T1-22:56:20.781] [XamlPatcher] [ApplyPatches] Applying patch: Replace, xpath: [//n:RadioButton[@Name='No_Rotation']/parent::n:Grid]
[Info   :  SHCDE-SE] [T1-22:56:20.782] [XamlPatcher] [ApplyPatches] Applying patch: InsertBefore, xpath: [//n:ListView[@Name='AIVList']]
[Info   :  SHCDE-SE] [T1-22:56:20.782] [XamlPatcher] [ApplyPatches] Applying patch: InsertAfter, xpath: [//n:Button[@Name='Player1_Kick']/parent::n:Grid/parent::n:StackPanel]
[Info   :  SHCDE-SE] [T1-22:56:20.782] [XamlPatcher] [ApplyPatches] Applying patch: InsertAfter, xpath: [//n:Button[@Name='MP_Replace']]
[Info   :  SHCDE-SE] [T1-22:56:20.782] [XamlPatcher] [ApplyPatches] Applying patch: SetAttribute, xpath: [//n:Button[@Name='MP_OKSettings']]
[Info   :  SHCDE-SE] [T1-22:56:20.782] [XamlPatcher] [ApplyPatches] Applying patch: SetAttribute, xpath: [//n:Button[@Name='MP_OKSettings']]
[Info   :  SHCDE-SE] [T1-22:56:20.782] [XamlPatcher] [ApplyPatches] Applying patch: SetAttribute, xpath: [//n:Button[@Name='MP_OKSettings']]
[Info   :  SHCDE-SE] [T1-22:56:20.782] [XamlPatcher] [ApplyPatches] Applying patch: Replace, xpath: [//n:Button[@Name='MP_Clear']/parent::n:Viewbox]
[Info   :  SHCDE-SE] [T1-22:56:20.782] [XamlPatcher] [ApplyPatches] Applying patch: InsertAfter, xpath: [//n:ListView[@Name='LordList']/n:ListView.View/n:GridView/n:GridViewColumn[2]]
[Info   :  SHCDE-SE] [T1-22:56:20.782] [XamlPatcher] [ApplyPatches] Applying patch: InsertBefore, xpath: [//n:ListView[@Name='LordList']]
[Info   :  SHCDE-SE] [T1-22:56:20.782] [XamlPatcher] [ApplyPatches] Applying patch: InsertAfter, xpath: [//n:ListView[@Name='LordList']/parent::n:Grid/parent::n:DockPanel]
[Info   :  SHCDE-SE] [T1-22:56:20.782] [XamlPatcher] [ApplyPatches] Applying patch: InsertAfter, xpath: [//n:Button[@Name='MP_OKSettings']]
[Info   :  SHCDE-SE] [T1-22:56:20.783] [XamlPatcher] [ApplyPatches] Applying patch: SetAttribute, xpath: [//n:Grid[@Width='880' and @Height='630' and @Margin='00,43,0,0']]
[Info   :  SHCDE-SE] [T1-22:56:20.783] [XamlPatcher] [ApplyPatches] Applying patch: SetAttribute, xpath: [//n:Grid[@Width='880' and @Height='630' and @Margin='00,43,0,0']]
[Info   :  SHCDE-SE] [T1-22:56:20.783] [XamlPatcher] [ApplyPatches] Applying patch: SetAttribute, xpath: [//n:Grid[@Visibility='{Binding Show_AI_Settings_Help, Converter={StaticResource booleanToVisibilityConverter}}']]
[Info   :  SHCDE-SE] [T1-22:56:20.783] [XamlPatcher] [ApplyPatches] Applying patch: SetAttribute, xpath: [//n:Grid[@Visibility='{Binding Show_AI_Settings_Help, Converter={StaticResource booleanToVisibilityConverter}}']]
[Info   :  SHCDE-SE] [T1-22:56:20.783] [XamlPatcher] [ApplyPatches] Applying patch: SetAttribute, xpath: [//n:Grid[@Visibility='{Binding Show_AI_Settings_Help, Converter={StaticResource booleanToVisibilityConverter}}']/n:Grid[@Width='1150']]
[Info   :  SHCDE-SE] [T1-22:56:20.783] [XamlPatcher] [ApplyPatches] Applying patch: InsertAfter, xpath: [//n:Button[@Name='Player1_Kick']/parent::n:Grid/parent::n:StackPanel]
[Info   :  SHCDE-SE] [T1-22:56:20.789] [GameXAMLManagerAPI] [InjectBindings] ViewModel Linked [BugfixesAndQoLAivHeaderPanel] in [FRONT_Multiplayer_AISettings]
[Info   :  SHCDE-SE] [T1-22:56:20.789] [GameXAMLManagerAPI] [ApplyBinding] ViewModel Linked [BugfixesAndQoLAivHeaderPanel]
[Info   :  SHCDE-SE] [T1-22:56:20.790] [GameXAMLManagerAPI] [InjectBindings] ViewModel Linked [BugfixesAndQoLAivSearchPanel] in [FRONT_Multiplayer_AISettings]
[Info   :  SHCDE-SE] [T1-22:56:20.790] [GameXAMLManagerAPI] [ApplyBinding] ViewModel Linked [BugfixesAndQoLAivSearchPanel]
[Info   :  SHCDE-SE] [T1-22:56:20.790] [GameXAMLManagerAPI] [InjectBindings] ViewModel Linked [BugfixesAndQoLAicHeaderPanel] in [FRONT_Multiplayer_AISettings]
[Info   :  SHCDE-SE] [T1-22:56:20.790] [GameXAMLManagerAPI] [ApplyBinding] ViewModel Linked [BugfixesAndQoLAicHeaderPanel]
[Info   :  SHCDE-SE] [T1-22:56:20.790] [GameXAMLManagerAPI] [InjectBindings] ViewModel Linked [BugfixesAndQoLAicSearchPanel] in [FRONT_Multiplayer_AISettings]
[Info   :  SHCDE-SE] [T1-22:56:20.790] [GameXAMLManagerAPI] [ApplyBinding] ViewModel Linked [BugfixesAndQoLAicSearchPanel]
[Info   :  SHCDE-SE] [T1-22:56:20.790] [GameXAMLManagerAPI] [InjectBindings] ViewModel Linked [BugfixesAndQoLAicDropdownHost] in [FRONT_Multiplayer_AISettings]
[Info   :  SHCDE-SE] [T1-22:56:20.790] [GameXAMLManagerAPI] [ApplyBinding] ViewModel Linked [BugfixesAndQoLAicDropdownHost]
[Info   :  SHCDE-SE] [T1-22:56:20.791] [GameXAMLManagerAPI] [InjectBindings] ViewModel Linked [BugfixesAndQoLAivPresetButtonHost] in [FRONT_Multiplayer_AISettings]
[Info   :  SHCDE-SE] [T1-22:56:20.791] [GameXAMLManagerAPI] [ApplyBinding] ViewModel Linked [BugfixesAndQoLAivPresetButtonHost]
[Info   :  SHCDE-SE] [T1-22:56:20.791] [GameXAMLManagerAPI] [InjectBindings] ViewModel Linked [BugfixesAndQoLAivPresetDialog] in [FRONT_Multiplayer_AISettings]
[Info   :  SHCDE-SE] [T1-22:56:20.791] [GameXAMLManagerAPI] [ApplyBinding] ViewModel Linked [BugfixesAndQoLAivPresetDialog]
[Info   :  SHCDE-SE] [T1-22:56:20.791] [GameXAMLManagerAPI] [InjectBindings] ViewModel Linked [BugfixesAndQoLAivSelectionListHost] in [FRONT_Multiplayer_AISettings]
[Info   :  SHCDE-SE] [T1-22:56:20.791] [GameXAMLManagerAPI] [ApplyBinding] ViewModel Linked [BugfixesAndQoLAivSelectionListHost]
[Info   :  SHCDE-SE] [T1-22:56:20.791] [GameXAMLManagerAPI] [InjectBindings] ViewModel Linked [CastlePlannerAivSelectionListHost] in [FRONT_Multiplayer_AISettings]
[Info   :  SHCDE-SE] [T1-22:56:20.791] [GameXAMLManagerAPI] [ApplyBinding] ViewModel Linked [CastlePlannerAivSelectionListHost]
[Info   :  SHCDE-SE] [T1-22:56:20.794] [GameXAMLManagerAPI] [GetPatchesForPath] Found patch for [Assets/GUI/XAMLResources/FRONT_ManageTrail.xaml] in mod [ExtendedData_Serp]
[Info   :  SHCDE-SE] [T1-22:56:20.794] [GameXAMLManagerAPI] [ApplyPatchForPath] Applying 1 patch files to Assets/GUI/XAMLResources/FRONT_ManageTrail.xaml
[Info   :  SHCDE-SE] [T1-22:56:20.795] [XamlPatcher] [ApplyPatches] Applying patch: Add, xpath: [//n:Grid[n:Button[@Name='Load'] and n:Button[@Name='Save']]]
[Info   :  SHCDE-SE] [T1-22:56:20.800] [GameXAMLManagerAPI] [InjectBindings] ViewModel Linked [ExtendedDataTrailMakerSaveOptionsHost] in [FRONT_ManageTrail]
[Info   :  SHCDE-SE] [T1-22:56:20.800] [GameXAMLManagerAPI] [ApplyBinding] ViewModel Linked [ExtendedDataTrailMakerSaveOptionsHost]
[Info   :  SHCDE-SE] [T1-22:56:20.807] [GameXAMLManagerAPI] [GetPatchesForPath] Found patch for [Assets/GUI/XAMLResources/FRONT_CoopTrail1.xaml] in mod [BugfixesAndQoL_Serp]
[Info   :  SHCDE-SE] [T1-22:56:20.808] [GameXAMLManagerAPI] [ApplyPatchForPath] Applying 1 patch files to Assets/GUI/XAMLResources/FRONT_CoopTrail1.xaml
[Info   :  SHCDE-SE] [T1-22:56:20.809] [XamlPatcher] [ApplyPatches] Applying patch: SetAttribute, xpath: [//n:Grid[@Width='1080' and @Height='640']/n:Grid[@Margin='25,0,0,0']]
[Info   :  SHCDE-SE] [T1-22:56:20.809] [XamlPatcher] [ApplyPatches] Applying patch: Add, xpath: [//n:Grid[@Width='1080' and @Height='640']/n:Grid[@x:Name='CoopLordPortraitGrid']]
[Info   :  SHCDE-SE] [T1-22:56:20.818] [GameXAMLManagerAPI] [InjectBindings] ViewModel Linked [CoopCustomLordSelectionHost] in [FRONT_CoopTrail1]
[Info   :  SHCDE-SE] [T1-22:56:20.818] [GameXAMLManagerAPI] [ApplyBinding] ViewModel Linked [CoopCustomLordSelectionHost]
[Debug  :Extended Data] [2026-09-24 22:56:20.820] Deferred custom presentation until Loaded for Coop Trail 1.
[Info   :  SHCDE-SE] [T1-22:56:20.822] [GameXAMLManagerAPI] [GetPatchesForPath] Found patch for [Assets/GUI/XAMLResources/FRONT_CoopTrail2.xaml] in mod [BugfixesAndQoL_Serp]
[Info   :  SHCDE-SE] [T1-22:56:20.822] [GameXAMLManagerAPI] [ApplyPatchForPath] Applying 1 patch files to Assets/GUI/XAMLResources/FRONT_CoopTrail2.xaml
[Info   :  SHCDE-SE] [T1-22:56:20.823] [XamlPatcher] [ApplyPatches] Applying patch: SetAttribute, xpath: [//n:Grid[@Width='1080' and @Height='640']/n:Grid[@Margin='25,0,0,0']]
[Info   :  SHCDE-SE] [T1-22:56:20.823] [XamlPatcher] [ApplyPatches] Applying patch: Add, xpath: [//n:Grid[@Width='1080' and @Height='640']/n:Grid[@x:Name='CoopLordPortraitGrid']]
[Info   :  SHCDE-SE] [T1-22:56:20.831] [GameXAMLManagerAPI] [InjectBindings] ViewModel Linked [CoopCustomLordSelectionHost] in [FRONT_CoopTrail2]
[Info   :  SHCDE-SE] [T1-22:56:20.831] [GameXAMLManagerAPI] [ApplyBinding] ViewModel Linked [CoopCustomLordSelectionHost]
[Debug  :Extended Data] [2026-09-24 22:56:20.831] Deferred custom presentation until Loaded for Coop Trail 2.
[Info   :  SHCDE-SE] [T1-22:56:20.833] [GameXAMLManagerAPI] [GetPatchesForPath] Found patch for [Assets/GUI/XAMLResources/FRONT_CoopTrail3.xaml] in mod [BugfixesAndQoL_Serp]
[Info   :  SHCDE-SE] [T1-22:56:20.833] [GameXAMLManagerAPI] [ApplyPatchForPath] Applying 1 patch files to Assets/GUI/XAMLResources/FRONT_CoopTrail3.xaml
[Info   :  SHCDE-SE] [T1-22:56:20.835] [XamlPatcher] [ApplyPatches] Applying patch: SetAttribute, xpath: [//n:Grid[@Width='1080' and @Height='640']/n:Grid[@Margin='25,0,0,0']]
[Info   :  SHCDE-SE] [T1-22:56:20.835] [XamlPatcher] [ApplyPatches] Applying patch: Add, xpath: [//n:Grid[@Width='1080' and @Height='640']/n:Grid[@x:Name='CoopLordPortraitGrid']]
[Info   :  SHCDE-SE] [T1-22:56:20.843] [GameXAMLManagerAPI] [InjectBindings] ViewModel Linked [CoopCustomLordSelectionHost] in [FRONT_CoopTrail3]
[Info   :  SHCDE-SE] [T1-22:56:20.843] [GameXAMLManagerAPI] [ApplyBinding] ViewModel Linked [CoopCustomLordSelectionHost]
[Debug  :Extended Data] [2026-09-24 22:56:20.843] Deferred custom presentation until Loaded for Coop Trail 3.
[Info   :  SHCDE-SE] [T1-22:56:20.845] [GameXAMLManagerAPI] [GetPatchesForPath] Found patch for [Assets/GUI/XAMLResources/FRONT_CoopTrail4.xaml] in mod [BugfixesAndQoL_Serp]
[Info   :  SHCDE-SE] [T1-22:56:20.845] [GameXAMLManagerAPI] [ApplyPatchForPath] Applying 1 patch files to Assets/GUI/XAMLResources/FRONT_CoopTrail4.xaml
[Info   :  SHCDE-SE] [T1-22:56:20.847] [XamlPatcher] [ApplyPatches] Applying patch: SetAttribute, xpath: [//n:Grid[@Width='1080' and @Height='640']/n:Grid[@Margin='25,0,0,0']]
[Info   :  SHCDE-SE] [T1-22:56:20.847] [XamlPatcher] [ApplyPatches] Applying patch: Add, xpath: [//n:Grid[@Width='1080' and @Height='640']/n:Grid[@x:Name='CoopLordPortraitGrid']]
[Info   :  SHCDE-SE] [T1-22:56:20.855] [GameXAMLManagerAPI] [InjectBindings] ViewModel Linked [CoopCustomLordSelectionHost] in [FRONT_CoopTrail4]
[Info   :  SHCDE-SE] [T1-22:56:20.855] [GameXAMLManagerAPI] [ApplyBinding] ViewModel Linked [CoopCustomLordSelectionHost]
[Debug  :Extended Data] [2026-09-24 22:56:20.856] Deferred custom presentation until Loaded for Coop Trail 4.
[Info   :  SHCDE-SE] [T1-22:56:20.856] [GameXAMLManagerAPI] [GetPatchesForPath] Found patch for [Assets/GUI/XAMLResources/HUD_LoadSaveRequester.xaml] in mod [BugfixesAndQoL_Serp]
[Info   :  SHCDE-SE] [T1-22:56:20.857] [GameXAMLManagerAPI] [GetPatchesForPath] Found patch for [Assets/GUI/XAMLResources/HUD_LoadSaveRequester.xaml] in mod [ExtendedData_Serp]
[Info   :  SHCDE-SE] [T1-22:56:20.857] [GameXAMLManagerAPI] [ApplyPatchForPath] Applying 2 patch files to Assets/GUI/XAMLResources/HUD_LoadSaveRequester.xaml
[Info   :  SHCDE-SE] [T1-22:56:20.857] [XamlPatcher] [ApplyPatches] Applying patch: AddNamespace, xpath: []
[Info   :  SHCDE-SE] [T1-22:56:20.857] [XamlPatcher] [ApplyPatches] Applying patch: InsertAfter, xpath: [//n:ListView[@Name='FileList']/n:ListView.View/n:GridView/n:GridViewColumn[4]]
[Info   :  SHCDE-SE] [T1-22:56:20.857] [XamlPatcher] [ApplyPatches] Applying patch: InsertBefore, xpath: [//n:CheckBox[@x:Name='HideQuicksaveCheck']]
[Info   :  SHCDE-SE] [T1-22:56:20.857] [XamlPatcher] [ApplyPatches] Applying patch: InsertBefore, xpath: [//n:TextBox[@Name='SearchFilter']]
[Info   :  SHCDE-SE] [T1-22:56:20.857] [XamlPatcher] [ApplyPatches] Applying patch: Add, xpath: [//n:Grid[n:Button[@Name='ButtonAction'] and n:Button[@Name='ButtonCancel']]]
[Info   :  SHCDE-SE] [T1-22:56:20.859] [GameXAMLManagerAPI] [InjectBindings] ViewModel Linked [BugfixesAndQoLShowVanillaMapsHost] in [HUD_LoadSaveRequester]
[Info   :  SHCDE-SE] [T1-22:56:20.859] [GameXAMLManagerAPI] [ApplyBinding] ViewModel Linked [BugfixesAndQoLShowVanillaMapsHost]
[Info   :  SHCDE-SE] [T1-22:56:20.859] [GameXAMLManagerAPI] [InjectBindings] ViewModel Linked [BugfixesAndQoLDeleteMapHost] in [HUD_LoadSaveRequester]
[Info   :  SHCDE-SE] [T1-22:56:20.859] [GameXAMLManagerAPI] [ApplyBinding] ViewModel Linked [BugfixesAndQoLDeleteMapHost]
[Info   :  SHCDE-SE] [T1-22:56:20.859] [GameXAMLManagerAPI] [InjectBindings] ViewModel Linked [ExtendedDataMapEditorSaveOptionsHost] in [HUD_LoadSaveRequester]
[Info   :  SHCDE-SE] [T1-22:56:20.859] [GameXAMLManagerAPI] [ApplyBinding] ViewModel Linked [ExtendedDataMapEditorSaveOptionsHost]
[Info   :  SHCDE-SE] [T1-22:56:20.859] [GameXAMLManagerAPI] [GetPatchesForPath] Found patch for [Assets/GUI/XAMLResources/HUD_ConfirmationPopup.xaml] in mod [ExtendedData_Serp]
[Info   :  SHCDE-SE] [T1-22:56:20.859] [GameXAMLManagerAPI] [ApplyPatchForPath] Applying 1 patch files to Assets/GUI/XAMLResources/HUD_ConfirmationPopup.xaml
[Info   :  SHCDE-SE] [T1-22:56:20.860] [XamlPatcher] [ApplyPatches] Applying patch: Replace, xpath: [//n:TextBlock[@Text='{Binding ConfirmationMessage}']]
[Info   :  SHCDE-SE] [T1-22:56:20.861] [GameXAMLManagerAPI] [GetPatchesForPath] Found patch for [Assets/GUI/XAMLResources/HUD_Options.xaml] in mod [000shcdese]
[Info   :  SHCDE-SE] [T1-22:56:20.861] [GameXAMLManagerAPI] [ApplyPatchForPath] Applying 1 patch files to Assets/GUI/XAMLResources/HUD_Options.xaml
[Info   :  SHCDE-SE] [T1-22:56:20.862] [XamlPatcher] [ApplyPatches] Applying patch: SetAttribute, xpath: [//*[@Name='GameSpeedSlider']]
[Info   :  SHCDE-SE] [T1-22:56:20.888] [NoesisTextureProvider_Hooks] [NoesisTextureProvider_GetTextureInfo] Registering Mod Texture: Assets/GUI/Sprites/modsettingspanel.png
[Info   :  SHCDE-SE] [T1-22:56:20.893] [GameXAMLManagerAPI] [InjectBindings] ViewModel Linked [SE_ModOptionsToggle] in [FRONT_Multiplayer]
[Info   :  SHCDE-SE] [T1-22:56:20.893] [GameXAMLManagerAPI] [ApplyBinding] ViewModel Linked [SE_ModOptionsToggle]
[Info   :  SHCDE-SE] [T1-22:56:20.895] [GameXAMLManagerAPI] [InjectBindings] ViewModel Linked [SE_ModOptionsModal] in [FRONT_Multiplayer]
[Info   :  SHCDE-SE] [T1-22:56:20.895] [GameXAMLManagerAPI] [ApplyBinding] ViewModel Linked [SE_ModOptionsModal]
[Info   :  SHCDE-SE] [T1-22:56:20.895] [GameXAMLManagerAPI] [InjectBindings] ViewModel Linked [BugfixesAndQoLAivSyncStatusHost] in [FRONT_Multiplayer]
[Info   :  SHCDE-SE] [T1-22:56:20.895] [GameXAMLManagerAPI] [ApplyBinding] ViewModel Linked [BugfixesAndQoLAivSyncStatusHost]
[Info   :  SHCDE-SE] [T1-22:56:20.895] [GameXAMLManagerAPI] [InjectBindings] ViewModel Linked [RandomLordFiltersSimple] in [FRONT_Multiplayer]
[Info   :  SHCDE-SE] [T1-22:56:20.895] [GameXAMLManagerAPI] [ApplyBinding] ViewModel Linked [RandomLordFiltersSimple]
[Info   :  SHCDE-SE] [T1-22:56:20.895] [GameXAMLManagerAPI] [InjectBindings] ViewModel Linked [RandomLordFiltersAdvanced] in [FRONT_Multiplayer]
[Info   :  SHCDE-SE] [T1-22:56:20.895] [GameXAMLManagerAPI] [ApplyBinding] ViewModel Linked [RandomLordFiltersAdvanced]
[Info   :  SHCDE-SE] [T1-22:56:20.895] [GameXAMLManagerAPI] [InjectBindings] ViewModel Linked [CustomLordSearchPanel] in [FRONT_Multiplayer]
[Info   :  SHCDE-SE] [T1-22:56:20.895] [GameXAMLManagerAPI] [ApplyBinding] ViewModel Linked [CustomLordSearchPanel]
[Info   :  SHCDE-SE] [T1-22:56:20.896] [GameXAMLManagerAPI] [InjectBindings] ViewModel Linked [CustomLordHeaderPanel] in [FRONT_Multiplayer]
[Info   :  SHCDE-SE] [T1-22:56:20.896] [GameXAMLManagerAPI] [ApplyBinding] ViewModel Linked [CustomLordHeaderPanel]
[Info   :  SHCDE-SE] [T1-22:56:20.896] [GameXAMLManagerAPI] [InjectBindings] ViewModel Linked [CustomLordTypeHeader] in [FRONT_Multiplayer]
[Info   :  SHCDE-SE] [T1-22:56:20.896] [GameXAMLManagerAPI] [ApplyBinding] ViewModel Linked [CustomLordTypeHeader]
[Info   :  SHCDE-SE] [T1-22:56:20.896] [GameXAMLManagerAPI] [InjectBindings] ViewModel Linked [CustomLordNameHeader] in [FRONT_Multiplayer]
[Info   :  SHCDE-SE] [T1-22:56:20.896] [GameXAMLManagerAPI] [ApplyBinding] ViewModel Linked [CustomLordNameHeader]
[Info   :  SHCDE-SE] [T1-22:56:20.896] [GameXAMLManagerAPI] [InjectBindings] ViewModel Linked [CustomLordPowerHeader] in [FRONT_Multiplayer]
[Info   :  SHCDE-SE] [T1-22:56:20.896] [GameXAMLManagerAPI] [ApplyBinding] ViewModel Linked [CustomLordPowerHeader]
[Info   :  SHCDE-SE] [T1-22:56:20.896] [GameXAMLManagerAPI] [InjectBindings] ViewModel Linked [CustomLordSortHelpPanel] in [FRONT_Multiplayer]
[Info   :  SHCDE-SE] [T1-22:56:20.896] [GameXAMLManagerAPI] [ApplyBinding] ViewModel Linked [CustomLordSortHelpPanel]
[Info   :  SHCDE-SE] [T1-22:56:20.896] [GameXAMLManagerAPI] [InjectBindings] ViewModel Linked [BugfixesAndQoLSkirmishGameOptionsButtonHost] in [FRONT_Multiplayer]
[Info   :  SHCDE-SE] [T1-22:56:20.896] [GameXAMLManagerAPI] [ApplyBinding] ViewModel Linked [BugfixesAndQoLSkirmishGameOptionsButtonHost]
[Debug  :Bugfixes and QoL] [2026-09-24 22:56:20.896] BUGFIXES_AND_QOL_SKIRMISH_GAME_OPTIONS_BUTTON_BOUND: commandAvailable=true, dataContext=MainViewModel.Instance.
[Info   :  SHCDE-SE] [T1-22:56:20.901] [GameXAMLManagerAPI] [GetPatchesForPath] Found patch for [Assets/GUI/XAMLResources/HUD_ConfirmationPopup.xaml] in mod [ExtendedData_Serp]
[Info   :  SHCDE-SE] [T1-22:56:20.901] [GameXAMLManagerAPI] [ApplyPatchForPath] Applying 1 patch files to Assets/GUI/XAMLResources/HUD_ConfirmationPopup.xaml
[Info   :  SHCDE-SE] [T1-22:56:20.901] [XamlPatcher] [ApplyPatches] Applying patch: Replace, xpath: [//n:TextBlock[@Text='{Binding ConfirmationMessage}']]
[Info   :  SHCDE-SE] [T1-22:56:20.914] [GameXAMLManagerAPI] [GetPatchesForPath] Found patch for [Assets/GUI/XAMLResources/HUD_MissionOver.xaml] in mod [BugfixesAndQoL_Serp]
[Info   :  SHCDE-SE] [T1-22:56:20.914] [GameXAMLManagerAPI] [ApplyPatchForPath] Applying 1 patch files to Assets/GUI/XAMLResources/HUD_MissionOver.xaml
[Info   :  SHCDE-SE] [T1-22:56:20.917] [XamlPatcher] [ApplyPatches] Applying patch: Add, xpath: [//n:StackPanel[@Name='RowStackMP']/n:Grid[n:Button[@CommandParameter='Exit']]]
[Info   :  SHCDE-SE] [T1-22:56:20.917] [XamlPatcher] [ApplyPatches] Applying patch: Add, xpath: [//n:Grid[n:Grid.ColumnDefinitions/n:ColumnDefinition[2][@Width='470'] and n:Image[@Source='{Binding MO_MP_PlayersShields0}']]]
[Info   :  SHCDE-SE] [T1-22:56:20.918] [XamlPatcher] [ApplyPatches] Applying patch: Add, xpath: [//n:Grid[n:Grid.ColumnDefinitions/n:ColumnDefinition[2][@Width='510'] and n:Image[@Source='{Binding MO_MP_PlayersShields0}']]]
[Info   :  SHCDE-SE] [T1-22:56:20.919] [XamlPatcher] [ApplyPatches] Applying patch: Add, xpath: [//n:Grid[n:Grid.ColumnDefinitions/n:ColumnDefinition[2][@Width='470'] and n:Image[@Source='{Binding MO_MP_PlayersShields1}']]]
[Info   :  SHCDE-SE] [T1-22:56:20.919] [XamlPatcher] [ApplyPatches] Applying patch: Add, xpath: [//n:Grid[n:Grid.ColumnDefinitions/n:ColumnDefinition[2][@Width='510'] and n:Image[@Source='{Binding MO_MP_PlayersShields1}']]]
[Info   :  SHCDE-SE] [T1-22:56:20.919] [XamlPatcher] [ApplyPatches] Applying patch: Add, xpath: [//n:Grid[n:Grid.ColumnDefinitions/n:ColumnDefinition[2][@Width='470'] and n:Image[@Source='{Binding MO_MP_PlayersShields2}']]]
[Info   :  SHCDE-SE] [T1-22:56:20.920] [XamlPatcher] [ApplyPatches] Applying patch: Add, xpath: [//n:Grid[n:Grid.ColumnDefinitions/n:ColumnDefinition[2][@Width='510'] and n:Image[@Source='{Binding MO_MP_PlayersShields2}']]]
[Info   :  SHCDE-SE] [T1-22:56:20.920] [XamlPatcher] [ApplyPatches] Applying patch: Add, xpath: [//n:Grid[n:Grid.ColumnDefinitions/n:ColumnDefinition[2][@Width='470'] and n:Image[@Source='{Binding MO_MP_PlayersShields3}']]]
[Info   :  SHCDE-SE] [T1-22:56:20.920] [XamlPatcher] [ApplyPatches] Applying patch: Add, xpath: [//n:Grid[n:Grid.ColumnDefinitions/n:ColumnDefinition[2][@Width='510'] and n:Image[@Source='{Binding MO_MP_PlayersShields3}']]]
[Info   :  SHCDE-SE] [T1-22:56:20.921] [XamlPatcher] [ApplyPatches] Applying patch: Add, xpath: [//n:Grid[n:Grid.ColumnDefinitions/n:ColumnDefinition[2][@Width='470'] and n:Image[@Source='{Binding MO_MP_PlayersShields4}']]]
[Info   :  SHCDE-SE] [T1-22:56:20.921] [XamlPatcher] [ApplyPatches] Applying patch: Add, xpath: [//n:Grid[n:Grid.ColumnDefinitions/n:ColumnDefinition[2][@Width='510'] and n:Image[@Source='{Binding MO_MP_PlayersShields4}']]]
[Info   :  SHCDE-SE] [T1-22:56:20.921] [XamlPatcher] [ApplyPatches] Applying patch: Add, xpath: [//n:Grid[n:Grid.ColumnDefinitions/n:ColumnDefinition[2][@Width='470'] and n:Image[@Source='{Binding MO_MP_PlayersShields5}']]]
[Info   :  SHCDE-SE] [T1-22:56:20.921] [XamlPatcher] [ApplyPatches] Applying patch: Add, xpath: [//n:Grid[n:Grid.ColumnDefinitions/n:ColumnDefinition[2][@Width='510'] and n:Image[@Source='{Binding MO_MP_PlayersShields5}']]]
[Info   :  SHCDE-SE] [T1-22:56:20.922] [XamlPatcher] [ApplyPatches] Applying patch: Add, xpath: [//n:Grid[n:Grid.ColumnDefinitions/n:ColumnDefinition[2][@Width='470'] and n:Image[@Source='{Binding MO_MP_PlayersShields6}']]]
[Info   :  SHCDE-SE] [T1-22:56:20.922] [XamlPatcher] [ApplyPatches] Applying patch: Add, xpath: [//n:Grid[n:Grid.ColumnDefinitions/n:ColumnDefinition[2][@Width='510'] and n:Image[@Source='{Binding MO_MP_PlayersShields6}']]]
[Info   :  SHCDE-SE] [T1-22:56:20.922] [XamlPatcher] [ApplyPatches] Applying patch: Add, xpath: [//n:Grid[n:Grid.ColumnDefinitions/n:ColumnDefinition[2][@Width='470'] and n:Image[@Source='{Binding MO_MP_PlayersShields7}']]]
[Info   :  SHCDE-SE] [T1-22:56:20.923] [XamlPatcher] [ApplyPatches] Applying patch: Add, xpath: [//n:Grid[n:Grid.ColumnDefinitions/n:ColumnDefinition[2][@Width='510'] and n:Image[@Source='{Binding MO_MP_PlayersShields7}']]]
[Info   :  SHCDE-SE] [T1-22:56:20.940] [GameXAMLManagerAPI] [InjectBindings] ViewModel Linked [BugfixesAndQoLSpectatorStatisticsRefreshHost] in [HUD_MissionOver]
[Info   :  SHCDE-SE] [T1-22:56:20.940] [GameXAMLManagerAPI] [ApplyBinding] ViewModel Linked [BugfixesAndQoLSpectatorStatisticsRefreshHost]
[Info   :  SHCDE-SE] [T1-22:56:20.942] [GameXAMLManagerAPI] [GetPatchesForPath] Found patch for [Assets/GUI/XAMLResources/HUD_LoadSaveRequester.xaml] in mod [BugfixesAndQoL_Serp]
[Info   :  SHCDE-SE] [T1-22:56:20.942] [GameXAMLManagerAPI] [GetPatchesForPath] Found patch for [Assets/GUI/XAMLResources/HUD_LoadSaveRequester.xaml] in mod [ExtendedData_Serp]
[Info   :  SHCDE-SE] [T1-22:56:20.942] [GameXAMLManagerAPI] [ApplyPatchForPath] Applying 2 patch files to Assets/GUI/XAMLResources/HUD_LoadSaveRequester.xaml
[Info   :  SHCDE-SE] [T1-22:56:20.942] [XamlPatcher] [ApplyPatches] Applying patch: AddNamespace, xpath: []
[Info   :  SHCDE-SE] [T1-22:56:20.943] [XamlPatcher] [ApplyPatches] Applying patch: InsertAfter, xpath: [//n:ListView[@Name='FileList']/n:ListView.View/n:GridView/n:GridViewColumn[4]]
[Info   :  SHCDE-SE] [T1-22:56:20.943] [XamlPatcher] [ApplyPatches] Applying patch: InsertBefore, xpath: [//n:CheckBox[@x:Name='HideQuicksaveCheck']]
[Info   :  SHCDE-SE] [T1-22:56:20.943] [XamlPatcher] [ApplyPatches] Applying patch: InsertBefore, xpath: [//n:TextBox[@Name='SearchFilter']]
[Info   :  SHCDE-SE] [T1-22:56:20.943] [XamlPatcher] [ApplyPatches] Applying patch: Add, xpath: [//n:Grid[n:Button[@Name='ButtonAction'] and n:Button[@Name='ButtonCancel']]]
[Info   :  SHCDE-SE] [T1-22:56:20.945] [GameXAMLManagerAPI] [InjectBindings] ViewModel Linked [BugfixesAndQoLShowVanillaMapsHost] in [HUD_LoadSaveRequester]
[Info   :  SHCDE-SE] [T1-22:56:20.945] [GameXAMLManagerAPI] [ApplyBinding] ViewModel Linked [BugfixesAndQoLShowVanillaMapsHost]
[Info   :  SHCDE-SE] [T1-22:56:20.945] [GameXAMLManagerAPI] [InjectBindings] ViewModel Linked [BugfixesAndQoLDeleteMapHost] in [HUD_LoadSaveRequester]
[Info   :  SHCDE-SE] [T1-22:56:20.945] [GameXAMLManagerAPI] [ApplyBinding] ViewModel Linked [BugfixesAndQoLDeleteMapHost]
[Info   :  SHCDE-SE] [T1-22:56:20.945] [GameXAMLManagerAPI] [InjectBindings] ViewModel Linked [ExtendedDataMapEditorSaveOptionsHost] in [HUD_LoadSaveRequester]
[Info   :  SHCDE-SE] [T1-22:56:20.945] [GameXAMLManagerAPI] [ApplyBinding] ViewModel Linked [ExtendedDataMapEditorSaveOptionsHost]
[Info   :  SHCDE-SE] [T1-22:56:20.956] [GameXAMLManagerAPI] [InjectBindings] ViewModel Linked [SEMainMenuContainer] in [FrontendMenus]
[Info   :  SHCDE-SE] [T1-22:56:20.956] [GameXAMLManagerAPI] [ApplyBinding] ViewModel Linked [SEMainMenuContainer]
[Info   :  SHCDE-SE] [T1-22:56:20.959] [GameXAMLManagerAPI] [InjectBindings] ViewModel Linked [SE_ModOptionsToggle] in [FrontendMenus]
[Info   :  SHCDE-SE] [T1-22:56:20.959] [GameXAMLManagerAPI] [ApplyBinding] ViewModel Linked [SE_ModOptionsToggle]
[Info   :  SHCDE-SE] [T1-22:56:20.959] [GameXAMLManagerAPI] [InjectBindings] ViewModel Linked [SE_ModOptionsModal] in [FrontendMenus]
[Info   :  SHCDE-SE] [T1-22:56:20.959] [GameXAMLManagerAPI] [ApplyBinding] ViewModel Linked [SE_ModOptionsModal]
[Info   :  SHCDE-SE] [T1-22:56:21.202] [GameXAMLManagerAPI] [GetPatchesForPath] Found patch for [Assets/GUI/XAML/IngameUIScreens.xaml] in mod [CastlePlanner_Serp]
[Info   :  SHCDE-SE] [T1-22:56:21.203] [GameXAMLManagerAPI] [ApplyPatchForPath] Applying 1 patch files to Assets/GUI/XAML/IngameUIScreens.xaml
[Info   :  SHCDE-SE] [T1-22:56:21.209] [XamlPatcher] [ApplyPatches] Applying patch: Add, xpath: [/n:UserControl/n:Grid]
[Info   :  SHCDE-SE] [T1-22:56:21.209] [XamlPatcher] [ApplyPatches] Applying patch: Add, xpath: [/n:UserControl/n:Grid/n:Grid[@Name='HUD_ObjectivesPanel']]
[Info   :  SHCDE-SE] [T1-22:56:21.213] [GameXAMLManagerAPI] [GetPatchesForPath] Found patch for [Assets/GUI/XAML/MainHUD.xaml] in mod [BugfixesAndQoL_Serp]
[Info   :  SHCDE-SE] [T1-22:56:21.213] [GameXAMLManagerAPI] [GetPatchesForPath] Found patch for [Assets/GUI/XAML/MainHUD.xaml] in mod [BuildingCosts_Serp]
[Info   :  SHCDE-SE] [T1-22:56:21.213] [GameXAMLManagerAPI] [GetPatchesForPath] Found patch for [Assets/GUI/XAML/MainHUD.xaml] in mod [BuildingLimit_Serp]
[Info   :  SHCDE-SE] [T1-22:56:21.213] [GameXAMLManagerAPI] [GetPatchesForPath] Found patch for [Assets/GUI/XAML/MainHUD.xaml] in mod [UnitLimit_Serp]
[Info   :  SHCDE-SE] [T1-22:56:21.213] [GameXAMLManagerAPI] [ApplyPatchForPath] Applying 4 patch files to Assets/GUI/XAML/MainHUD.xaml
[Info   :  SHCDE-SE] [T1-22:56:21.214] [XamlPatcher] [ApplyPatches] Applying patch: AddNamespace, xpath: []
[Info   :  SHCDE-SE] [T1-22:56:21.214] [XamlPatcher] [ApplyPatches] Applying patch: SetAttribute, xpath: [//n:MediaElement[@Name='RadarME']]
[Info   :  SHCDE-SE] [T1-22:56:21.214] [XamlPatcher] [ApplyPatches] Applying patch: SetAttribute, xpath: [//n:MediaElement[@Name='RadarME']]
[Info   :  SHCDE-SE] [T1-22:56:21.214] [XamlPatcher] [ApplyPatches] Applying patch: SetAttribute, xpath: [//n:Image[@Name='RadarMapImage']]
[Info   :  SHCDE-SE] [T1-22:56:21.214] [XamlPatcher] [ApplyPatches] Applying patch: SetAttribute, xpath: [//n:Image[@Name='RadarMapImage']]
[Info   :  SHCDE-SE] [T1-22:56:21.214] [XamlPatcher] [ApplyPatches] Applying patch: Replace, xpath: [//n:DockPanel[@Visibility='{Binding RolloverBuilding_TooltipVis, Converter={StaticResource booleanToVisibilityConverter}}']//n:TextBlock[n:Run[@Text='{Binding RollOverText_AmountReq1}']]]
[Info   :  SHCDE-SE] [T1-22:56:21.214] [XamlPatcher] [ApplyPatches] Applying patch: InsertBefore, xpath: [//n:TextBlock[@Text='{Binding RolloverBuilding_TooltipBody}']]
[Info   :  SHCDE-SE] [T1-22:56:21.214] [XamlPatcher] [ApplyPatches] Applying patch: Replace, xpath: [//n:TextBlock[@x:Name='GameHoverText']]
[Info   :  SHCDE-SE] [T1-22:56:21.215] [XamlPatcher] [ApplyPatches] Applying patch: Add, xpath: [/n:UserControl/n:Grid]
[Info   :  SHCDE-SE] [T1-22:56:21.215] [XamlPatcher] [ApplyPatches] Applying patch: InsertBefore, xpath: [//n:TextBlock[@Text='{Binding RolloverBuilding_TooltipBody}']]
[Info   :  SHCDE-SE] [T1-22:56:21.215] [XamlPatcher] [ApplyPatches] Applying patch: Add, xpath: [//n:StackPanel[@Visibility='{Binding RolloverBuilding_TooltipVisNot, Converter={StaticResource booleanToVisibilityConverter}}']]
[Info   :  SHCDE-SE] [T1-22:56:21.215] [XamlPatcher] [ApplyPatches] Applying patch: Add, xpath: [/n:UserControl/n:Grid]
[Info   :  SHCDE-SE] [T1-22:56:21.247] [GameXAMLManagerAPI] [GetPatchesForPath] Found patch for [Assets/GUI/XAMLResources/HUD_Troops.xaml] in mod [APIShared_Serp]
[Info   :  SHCDE-SE] [T1-22:56:21.247] [GameXAMLManagerAPI] [GetPatchesForPath] Found patch for [Assets/GUI/XAMLResources/HUD_Troops.xaml] in mod [BugfixesAndQoL_Serp]
[Info   :  SHCDE-SE] [T1-22:56:21.248] [GameXAMLManagerAPI] [GetPatchesForPath] Found patch for [Assets/GUI/XAMLResources/HUD_Troops.xaml] in mod [ExtraFeatures_Serp]
[Info   :  SHCDE-SE] [T1-22:56:21.248] [GameXAMLManagerAPI] [GetPatchesForPath] Found patch for [Assets/GUI/XAMLResources/HUD_Troops.xaml] in mod [UnitCosts_Serp]
[Info   :  SHCDE-SE] [T1-22:56:21.248] [GameXAMLManagerAPI] [GetPatchesForPath] Found patch for [Assets/GUI/XAMLResources/HUD_Troops.xaml] in mod [UnitLimit_Serp]
[Info   :  SHCDE-SE] [T1-22:56:21.248] [GameXAMLManagerAPI] [ApplyPatchForPath] Applying 5 patch files to Assets/GUI/XAMLResources/HUD_Troops.xaml
[Info   :  SHCDE-SE] [T1-22:56:21.249] [XamlPatcher] [ApplyPatches] Applying patch: Add, xpath: [//n:Grid[@Name='TroopSelectionControls']]
[Info   :  SHCDE-SE] [T1-22:56:21.249] [XamlPatcher] [ApplyPatches] Applying patch: AddNamespace, xpath: []
[Info   :  SHCDE-SE] [T1-22:56:21.249] [XamlPatcher] [ApplyPatches] Applying patch: SetAttribute, xpath: [//n:Grid[@Name='TroopSelectionControls']//n:Button[@Command='{Binding LeftClickSelectedTroopCommand}']]
[Info   :  SHCDE-SE] [T1-22:56:21.250] [XamlPatcher] [ApplyPatches] Applying patch: InsertAfter, xpath: [//n:TextBlock[@x:Name='TroopsPanelRollover']]
[Info   :  SHCDE-SE] [T1-22:56:21.250] [XamlPatcher] [ApplyPatches] Applying patch: Add, xpath: [//n:Grid[@Name='UnitControls']]
[Info   :  SHCDE-SE] [T1-22:56:21.250] [XamlPatcher] [ApplyPatches] Applying patch: Add, xpath: [//n:Grid[@Name='UnitControls']]
[Info   :  SHCDE-SE] [T1-22:56:21.250] [XamlPatcher] [ApplyPatches] Applying patch: InsertAfter, xpath: [//n:TextBlock[@x:Name='TroopsPanelRollover2']/n:Run[@Text='{Binding TroopsPanelRollover}']]
[Info   :  SHCDE-SE] [T1-22:56:21.250] [XamlPatcher] [ApplyPatches] Applying patch: InsertAfter, xpath: [//n:TextBlock[@x:Name='TroopsPanelRollover']]
[Info   :  SHCDE-SE] [T1-22:56:21.251] [XamlPatcher] [ApplyPatches] Applying patch: InsertAfter, xpath: [//n:TextBlock[@x:Name='TroopsPanelRollover']]
[Info   :  SHCDE-SE] [T1-22:56:21.263] [GameXAMLManagerAPI] [GetPatchesForPath] Found patch for [Assets/GUI/XAMLResources/HUD_ControlGroups.xaml] in mod [BugfixesAndQoL_Serp]
[Info   :  SHCDE-SE] [T1-22:56:21.263] [GameXAMLManagerAPI] [ApplyPatchForPath] Applying 1 patch files to Assets/GUI/XAMLResources/HUD_ControlGroups.xaml
[Info   :  SHCDE-SE] [T1-22:56:21.269] [GameXAMLManagerAPI] [InjectBindings] ViewModel Linked [UnitLimitSiegeNotificationInlineHost] in [HUD_Troops]
[Info   :  SHCDE-SE] [T1-22:56:21.269] [GameXAMLManagerAPI] [ApplyBinding] ViewModel Linked [UnitLimitSiegeNotificationInlineHost]
[Info   :  SHCDE-SE] [T1-22:56:21.270] [GameXAMLManagerAPI] [InjectBindings] ViewModel Linked [UnitLimitSiegeLimitInlineHost] in [HUD_Troops]
[Info   :  SHCDE-SE] [T1-22:56:21.270] [GameXAMLManagerAPI] [ApplyBinding] ViewModel Linked [UnitLimitSiegeLimitInlineHost]
[Info   :  SHCDE-SE] [T1-22:56:21.270] [GameXAMLManagerAPI] [InjectBindings] ViewModel Linked [SerpTroopAction_0100_ExtraFeaturesKnightTransform] in [HUD_Troops]
[Info   :  SHCDE-SE] [T1-22:56:21.270] [GameXAMLManagerAPI] [ApplyBinding] ViewModel Linked [SerpTroopAction_0100_ExtraFeaturesKnightTransform]
[Info   :  SHCDE-SE] [T1-22:56:21.271] [GameXAMLManagerAPI] [InjectBindings] ViewModel Linked [SerpTroopAction_0200_BugfixesAndQoLAssassinClimb] in [HUD_Troops]
[Info   :  SHCDE-SE] [T1-22:56:21.271] [GameXAMLManagerAPI] [ApplyBinding] ViewModel Linked [SerpTroopAction_0200_BugfixesAndQoLAssassinClimb]
[Info   :  SHCDE-SE] [T1-22:56:21.271] [GameXAMLManagerAPI] [InjectBindings] ViewModel Linked [BugfixesAndQoLSelectedUnitHealthHost] in [HUD_Troops]
[Info   :  SHCDE-SE] [T1-22:56:21.271] [GameXAMLManagerAPI] [ApplyBinding] ViewModel Linked [BugfixesAndQoLSelectedUnitHealthHost]
[Info   :  SHCDE-SE] [T1-22:56:21.271] [GameXAMLManagerAPI] [InjectBindings] ViewModel Linked [UnitCostsSiegeNotificationInlineHost] in [HUD_Troops]
[Info   :  SHCDE-SE] [T1-22:56:21.271] [GameXAMLManagerAPI] [ApplyBinding] ViewModel Linked [UnitCostsSiegeNotificationInlineHost]
[Info   :  SHCDE-SE] [T1-22:56:21.271] [GameXAMLManagerAPI] [InjectBindings] ViewModel Linked [UnitCostsSiegeBuildCostsInlineHost] in [HUD_Troops]
[Info   :  SHCDE-SE] [T1-22:56:21.271] [GameXAMLManagerAPI] [ApplyBinding] ViewModel Linked [UnitCostsSiegeBuildCostsInlineHost]
[Info   :  SHCDE-SE] [T1-22:56:21.275] [GameXAMLManagerAPI] [GetPatchesForPath] Found patch for [Assets/GUI/XAMLResources/HUD_Buildings.xaml] in mod [APIShared_Serp]
[Info   :  SHCDE-SE] [T1-22:56:21.275] [GameXAMLManagerAPI] [GetPatchesForPath] Found patch for [Assets/GUI/XAMLResources/HUD_Buildings.xaml] in mod [BugfixesAndQoL_Serp]
[Info   :  SHCDE-SE] [T1-22:56:21.275] [GameXAMLManagerAPI] [GetPatchesForPath] Found patch for [Assets/GUI/XAMLResources/HUD_Buildings.xaml] in mod [ExtraFeatures_Serp]
[Info   :  SHCDE-SE] [T1-22:56:21.275] [GameXAMLManagerAPI] [GetPatchesForPath] Found patch for [Assets/GUI/XAMLResources/HUD_Buildings.xaml] in mod [UnitCosts_Serp]
[Info   :  SHCDE-SE] [T1-22:56:21.276] [GameXAMLManagerAPI] [GetPatchesForPath] Found patch for [Assets/GUI/XAMLResources/HUD_Buildings.xaml] in mod [UnitLimit_Serp]
[Info   :  SHCDE-SE] [T1-22:56:21.276] [GameXAMLManagerAPI] [ApplyPatchForPath] Applying 5 patch files to Assets/GUI/XAMLResources/HUD_Buildings.xaml
[Info   :  SHCDE-SE] [T1-22:56:21.280] [XamlPatcher] [ApplyPatches] Applying patch: Add, xpath: [//n:Grid[@Name='ReportsArmy1Panel']]
[Info   :  SHCDE-SE] [T1-22:56:21.280] [XamlPatcher] [ApplyPatches] Applying patch: Add, xpath: [//n:Grid[@Name='BarracksPanel']]
[Info   :  SHCDE-SE] [T1-22:56:21.281] [XamlPatcher] [ApplyPatches] Applying patch: Add, xpath: [//n:Grid[@Name='ChimpPanel']]
[Info   :  SHCDE-SE] [T1-22:56:21.281] [XamlPatcher] [ApplyPatches] Applying patch: Add, xpath: [//n:Grid[@Name='WorkerPanel']]
[Info   :  SHCDE-SE] [T1-22:56:21.281] [XamlPatcher] [ApplyPatches] Applying patch: Add, xpath: [//n:Grid[@Name='WorkerPanel']]
[Info   :  SHCDE-SE] [T1-22:56:21.281] [XamlPatcher] [ApplyPatches] Applying patch: SetAttribute, xpath: [//n:Slider[@Name='Autotrade_Sell_Slider']]
[Info   :  SHCDE-SE] [T1-22:56:21.282] [XamlPatcher] [ApplyPatches] Applying patch: Add, xpath: [//n:Grid[@Name='ShowGate']]
[Info   :  SHCDE-SE] [T1-22:56:21.282] [XamlPatcher] [ApplyPatches] Applying patch: Add, xpath: [/n:UserControl/n:Grid]
[Info   :  SHCDE-SE] [T1-22:56:21.282] [XamlPatcher] [ApplyPatches] Applying patch: InsertBefore, xpath: [//n:TextBlock[@x:Name='TroopCostsText']]
[Info   :  SHCDE-SE] [T1-22:56:21.282] [XamlPatcher] [ApplyPatches] Applying patch: InsertBefore, xpath: [//n:TextBlock[@x:Name='ArabTroopCostsText']]
[Info   :  SHCDE-SE] [T1-22:56:21.283] [XamlPatcher] [ApplyPatches] Applying patch: InsertBefore, xpath: [//n:TextBlock[@x:Name='BedouinTroopCostsText']]
[Info   :  SHCDE-SE] [T1-22:56:21.283] [XamlPatcher] [ApplyPatches] Applying patch: InsertBefore, xpath: [//n:TextBlock[@x:Name='EngineersCostsText']]
[Info   :  SHCDE-SE] [T1-22:56:21.283] [XamlPatcher] [ApplyPatches] Applying patch: InsertBefore, xpath: [//n:TextBlock[@x:Name='TunellersCostsText']]
[Info   :  SHCDE-SE] [T1-22:56:21.284] [XamlPatcher] [ApplyPatches] Applying patch: InsertBefore, xpath: [//n:TextBlock[@x:Name='MonkCostsText']]
[Info   :  SHCDE-SE] [T1-22:56:21.284] [XamlPatcher] [ApplyPatches] Applying patch: InsertBefore, xpath: [//n:TextBlock[@x:Name='TroopCostsText']]
[Info   :  SHCDE-SE] [T1-22:56:21.285] [XamlPatcher] [ApplyPatches] Applying patch: InsertBefore, xpath: [//n:TextBlock[@x:Name='ArabTroopCostsText']]
[Info   :  SHCDE-SE] [T1-22:56:21.285] [XamlPatcher] [ApplyPatches] Applying patch: InsertBefore, xpath: [//n:TextBlock[@x:Name='BedouinTroopCostsText']]
[Info   :  SHCDE-SE] [T1-22:56:21.285] [XamlPatcher] [ApplyPatches] Applying patch: InsertBefore, xpath: [//n:TextBlock[@x:Name='EngineersCostsText']]
[Info   :  SHCDE-SE] [T1-22:56:21.286] [XamlPatcher] [ApplyPatches] Applying patch: InsertBefore, xpath: [//n:TextBlock[@x:Name='TunellersCostsText']]
[Info   :  SHCDE-SE] [T1-22:56:21.286] [XamlPatcher] [ApplyPatches] Applying patch: InsertBefore, xpath: [//n:TextBlock[@x:Name='MonkCostsText']]
[Info   :  SHCDE-SE] [T1-22:56:21.318] [GameXAMLManagerAPI] [InjectBindings] ViewModel Linked [UnitLimitTroopLimitInlineHost] in [HUD_Buildings]
[Info   :  SHCDE-SE] [T1-22:56:21.318] [GameXAMLManagerAPI] [ApplyBinding] ViewModel Linked [UnitLimitTroopLimitInlineHost]
[Info   :  SHCDE-SE] [T1-22:56:21.318] [GameXAMLManagerAPI] [InjectBindings] ViewModel Linked [UnitLimitArabTroopLimitInlineHost] in [HUD_Buildings]
[Info   :  SHCDE-SE] [T1-22:56:21.318] [GameXAMLManagerAPI] [ApplyBinding] ViewModel Linked [UnitLimitArabTroopLimitInlineHost]
[Info   :  SHCDE-SE] [T1-22:56:21.318] [GameXAMLManagerAPI] [InjectBindings] ViewModel Linked [UnitLimitBedouinTroopLimitInlineHost] in [HUD_Buildings]
[Info   :  SHCDE-SE] [T1-22:56:21.318] [GameXAMLManagerAPI] [ApplyBinding] ViewModel Linked [UnitLimitBedouinTroopLimitInlineHost]
[Info   :  SHCDE-SE] [T1-22:56:21.318] [GameXAMLManagerAPI] [InjectBindings] ViewModel Linked [UnitLimitEngineersLimitInlineHost] in [HUD_Buildings]
[Info   :  SHCDE-SE] [T1-22:56:21.318] [GameXAMLManagerAPI] [ApplyBinding] ViewModel Linked [UnitLimitEngineersLimitInlineHost]
[Info   :  SHCDE-SE] [T1-22:56:21.318] [GameXAMLManagerAPI] [InjectBindings] ViewModel Linked [UnitLimitTunellersLimitInlineHost] in [HUD_Buildings]
[Info   :  SHCDE-SE] [T1-22:56:21.318] [GameXAMLManagerAPI] [ApplyBinding] ViewModel Linked [UnitLimitTunellersLimitInlineHost]
[Info   :  SHCDE-SE] [T1-22:56:21.318] [GameXAMLManagerAPI] [InjectBindings] ViewModel Linked [UnitLimitMonkLimitInlineHost] in [HUD_Buildings]
[Info   :  SHCDE-SE] [T1-22:56:21.318] [GameXAMLManagerAPI] [ApplyBinding] ViewModel Linked [UnitLimitMonkLimitInlineHost]
[Info   :  SHCDE-SE] [T1-22:56:21.318] [GameXAMLManagerAPI] [InjectBindings] ViewModel Linked [ExtraFeaturesGatehouseAutomationButtonHost] in [HUD_Buildings]
[Info   :  SHCDE-SE] [T1-22:56:21.318] [GameXAMLManagerAPI] [ApplyBinding] ViewModel Linked [ExtraFeaturesGatehouseAutomationButtonHost]
[Info   :  SHCDE-SE] [T1-22:56:21.319] [GameXAMLManagerAPI] [InjectBindings] ViewModel Linked [BugfixesAndQoLQuarryPileRelocationButtonHost] in [HUD_Buildings]
[Info   :  SHCDE-SE] [T1-22:56:21.319] [GameXAMLManagerAPI] [ApplyBinding] ViewModel Linked [BugfixesAndQoLQuarryPileRelocationButtonHost]
[Info   :  SHCDE-SE] [T1-22:56:21.319] [GameXAMLManagerAPI] [InjectBindings] ViewModel Linked [UnitCostsNotificationOverlay] in [HUD_Buildings]
[Info   :  SHCDE-SE] [T1-22:56:21.319] [GameXAMLManagerAPI] [ApplyBinding] ViewModel Linked [UnitCostsNotificationOverlay]
[Info   :  SHCDE-SE] [T1-22:56:21.319] [GameXAMLManagerAPI] [InjectBindings] ViewModel Linked [UnitCostsTroopCostsInlineHost] in [HUD_Buildings]
[Info   :  SHCDE-SE] [T1-22:56:21.319] [GameXAMLManagerAPI] [ApplyBinding] ViewModel Linked [UnitCostsTroopCostsInlineHost]
[Info   :  SHCDE-SE] [T1-22:56:21.319] [GameXAMLManagerAPI] [InjectBindings] ViewModel Linked [UnitCostsArabTroopCostsInlineHost] in [HUD_Buildings]
[Info   :  SHCDE-SE] [T1-22:56:21.319] [GameXAMLManagerAPI] [ApplyBinding] ViewModel Linked [UnitCostsArabTroopCostsInlineHost]
[Info   :  SHCDE-SE] [T1-22:56:21.319] [GameXAMLManagerAPI] [InjectBindings] ViewModel Linked [UnitCostsBedouinTroopCostsInlineHost] in [HUD_Buildings]
[Info   :  SHCDE-SE] [T1-22:56:21.319] [GameXAMLManagerAPI] [ApplyBinding] ViewModel Linked [UnitCostsBedouinTroopCostsInlineHost]
[Info   :  SHCDE-SE] [T1-22:56:21.319] [GameXAMLManagerAPI] [InjectBindings] ViewModel Linked [UnitCostsEngineersCostsInlineHost] in [HUD_Buildings]
[Info   :  SHCDE-SE] [T1-22:56:21.319] [GameXAMLManagerAPI] [ApplyBinding] ViewModel Linked [UnitCostsEngineersCostsInlineHost]
[Info   :  SHCDE-SE] [T1-22:56:21.319] [GameXAMLManagerAPI] [InjectBindings] ViewModel Linked [UnitCostsTunellersCostsInlineHost] in [HUD_Buildings]
[Info   :  SHCDE-SE] [T1-22:56:21.319] [GameXAMLManagerAPI] [ApplyBinding] ViewModel Linked [UnitCostsTunellersCostsInlineHost]
[Info   :  SHCDE-SE] [T1-22:56:21.319] [GameXAMLManagerAPI] [InjectBindings] ViewModel Linked [UnitCostsMonkCostsInlineHost] in [HUD_Buildings]
[Info   :  SHCDE-SE] [T1-22:56:21.319] [GameXAMLManagerAPI] [ApplyBinding] ViewModel Linked [UnitCostsMonkCostsInlineHost]
[Info   :  SHCDE-SE] [T1-22:56:21.323] [GameXAMLManagerAPI] [InjectBindings] ViewModel Linked [UnitLimitNotificationOverlay] in [MainHUD]
[Info   :  SHCDE-SE] [T1-22:56:21.323] [GameXAMLManagerAPI] [ApplyBinding] ViewModel Linked [UnitLimitNotificationOverlay]
[Info   :  SHCDE-SE] [T1-22:56:21.323] [GameXAMLManagerAPI] [InjectBindings] ViewModel Linked [BuildingCostsTooltipHost] in [MainHUD]
[Info   :  SHCDE-SE] [T1-22:56:21.323] [GameXAMLManagerAPI] [ApplyBinding] ViewModel Linked [BuildingCostsTooltipHost]
[Info   :  SHCDE-SE] [T1-22:56:21.325] [GameXAMLManagerAPI] [InjectBindings] ViewModel Linked [BuildingCostsTooltipHostCompact] in [MainHUD]
[Info   :  SHCDE-SE] [T1-22:56:21.325] [GameXAMLManagerAPI] [ApplyBinding] ViewModel Linked [BuildingCostsTooltipHostCompact]
[Info   :  SHCDE-SE] [T1-22:56:21.325] [GameXAMLManagerAPI] [InjectBindings] ViewModel Linked [BuildingLimitNotificationOverlay] in [MainHUD]
[Info   :  SHCDE-SE] [T1-22:56:21.325] [GameXAMLManagerAPI] [ApplyBinding] ViewModel Linked [BuildingLimitNotificationOverlay]
[Info   :  SHCDE-SE] [T1-22:56:21.325] [GameXAMLManagerAPI] [InjectBindings] ViewModel Linked [BuildingLimitTooltipHost] in [MainHUD]
[Info   :  SHCDE-SE] [T1-22:56:21.325] [GameXAMLManagerAPI] [ApplyBinding] ViewModel Linked [BuildingLimitTooltipHost]
[Info   :  SHCDE-SE] [T1-22:56:21.325] [GameXAMLManagerAPI] [InjectBindings] ViewModel Linked [BuildingLimitTooltipHostCompact] in [MainHUD]
[Info   :  SHCDE-SE] [T1-22:56:21.325] [GameXAMLManagerAPI] [ApplyBinding] ViewModel Linked [BuildingLimitTooltipHostCompact]
[Info   :  SHCDE-SE] [T1-22:56:21.354] [GameXAMLManagerAPI] [GetPatchesForPath] Found patch for [Assets/GUI/XAMLResources/HUD_LoadSaveRequester.xaml] in mod [BugfixesAndQoL_Serp]
[Info   :  SHCDE-SE] [T1-22:56:21.354] [GameXAMLManagerAPI] [GetPatchesForPath] Found patch for [Assets/GUI/XAMLResources/HUD_LoadSaveRequester.xaml] in mod [ExtendedData_Serp]
[Info   :  SHCDE-SE] [T1-22:56:21.354] [GameXAMLManagerAPI] [ApplyPatchForPath] Applying 2 patch files to Assets/GUI/XAMLResources/HUD_LoadSaveRequester.xaml
[Info   :  SHCDE-SE] [T1-22:56:21.355] [XamlPatcher] [ApplyPatches] Applying patch: AddNamespace, xpath: []
[Info   :  SHCDE-SE] [T1-22:56:21.355] [XamlPatcher] [ApplyPatches] Applying patch: InsertAfter, xpath: [//n:ListView[@Name='FileList']/n:ListView.View/n:GridView/n:GridViewColumn[4]]
[Info   :  SHCDE-SE] [T1-22:56:21.355] [XamlPatcher] [ApplyPatches] Applying patch: InsertBefore, xpath: [//n:CheckBox[@x:Name='HideQuicksaveCheck']]
[Info   :  SHCDE-SE] [T1-22:56:21.355] [XamlPatcher] [ApplyPatches] Applying patch: InsertBefore, xpath: [//n:TextBox[@Name='SearchFilter']]
[Info   :  SHCDE-SE] [T1-22:56:21.355] [XamlPatcher] [ApplyPatches] Applying patch: Add, xpath: [//n:Grid[n:Button[@Name='ButtonAction'] and n:Button[@Name='ButtonCancel']]]
[Info   :  SHCDE-SE] [T1-22:56:21.357] [GameXAMLManagerAPI] [InjectBindings] ViewModel Linked [BugfixesAndQoLShowVanillaMapsHost] in [HUD_LoadSaveRequester]
[Info   :  SHCDE-SE] [T1-22:56:21.357] [GameXAMLManagerAPI] [ApplyBinding] ViewModel Linked [BugfixesAndQoLShowVanillaMapsHost]
[Info   :  SHCDE-SE] [T1-22:56:21.357] [GameXAMLManagerAPI] [InjectBindings] ViewModel Linked [BugfixesAndQoLDeleteMapHost] in [HUD_LoadSaveRequester]
[Info   :  SHCDE-SE] [T1-22:56:21.357] [GameXAMLManagerAPI] [ApplyBinding] ViewModel Linked [BugfixesAndQoLDeleteMapHost]
[Info   :  SHCDE-SE] [T1-22:56:21.357] [GameXAMLManagerAPI] [InjectBindings] ViewModel Linked [ExtendedDataMapEditorSaveOptionsHost] in [HUD_LoadSaveRequester]
[Info   :  SHCDE-SE] [T1-22:56:21.357] [GameXAMLManagerAPI] [ApplyBinding] ViewModel Linked [ExtendedDataMapEditorSaveOptionsHost]
[Info   :  SHCDE-SE] [T1-22:56:21.358] [GameXAMLManagerAPI] [GetPatchesForPath] Found patch for [Assets/GUI/XAMLResources/HUD_IngameMenu.xaml] in mod [BugfixesAndQoL_Serp]
[Info   :  SHCDE-SE] [T1-22:56:21.358] [GameXAMLManagerAPI] [ApplyPatchForPath] Applying 1 patch files to Assets/GUI/XAMLResources/HUD_IngameMenu.xaml
[Info   :  SHCDE-SE] [T1-22:56:21.358] [XamlPatcher] [ApplyPatches] Applying patch: Replace, xpath: [//n:Button[@Name='ButtonQuitMission']]
[Info   :  SHCDE-SE] [T1-22:56:21.359] [GameXAMLManagerAPI] [InjectBindings] ViewModel Linked [BugfixesAndQoLSurrenderButtonHost] in [HUD_IngameMenu]
[Info   :  SHCDE-SE] [T1-22:56:21.359] [GameXAMLManagerAPI] [ApplyBinding] ViewModel Linked [BugfixesAndQoLSurrenderButtonHost]
[Info   :  SHCDE-SE] [T1-22:56:21.361] [GameXAMLManagerAPI] [GetPatchesForPath] Found patch for [Assets/GUI/XAMLResources/HUD_Options.xaml] in mod [000shcdese]
[Info   :  SHCDE-SE] [T1-22:56:21.361] [GameXAMLManagerAPI] [ApplyPatchForPath] Applying 1 patch files to Assets/GUI/XAMLResources/HUD_Options.xaml
[Info   :  SHCDE-SE] [T1-22:56:21.363] [XamlPatcher] [ApplyPatches] Applying patch: SetAttribute, xpath: [//*[@Name='GameSpeedSlider']]
[Info   :  SHCDE-SE] [T1-22:56:21.388] [GameXAMLManagerAPI] [GetPatchesForPath] Found patch for [Assets/GUI/XAMLResources/HUD_AlliesPanel.xaml] in mod [BugfixesAndQoL_Serp]
[Info   :  SHCDE-SE] [T1-22:56:21.388] [GameXAMLManagerAPI] [ApplyPatchForPath] Applying 1 patch files to Assets/GUI/XAMLResources/HUD_AlliesPanel.xaml
[Info   :  SHCDE-SE] [T1-22:56:21.389] [XamlPatcher] [ApplyPatches] Applying patch: SetAttribute, xpath: [//n:Button[@CommandParameter='X5']/following-sibling::n:TextBlock[1]]
[Info   :  SHCDE-SE] [T1-22:56:21.390] [XamlPatcher] [ApplyPatches] Applying patch: SetAttribute, xpath: [//n:Button[@CommandParameter='X5']/following-sibling::n:TextBlock[1]]
[Info   :  SHCDE-SE] [T1-22:56:21.390] [XamlPatcher] [ApplyPatches] Applying patch: SetAttribute, xpath: [//n:Button[@CommandParameter='X10']/following-sibling::n:TextBlock[1]]
[Info   :  SHCDE-SE] [T1-22:56:21.390] [XamlPatcher] [ApplyPatches] Applying patch: SetAttribute, xpath: [//n:Button[@CommandParameter='X10']/following-sibling::n:TextBlock[1]]
[Info   :  SHCDE-SE] [T1-22:56:21.390] [XamlPatcher] [ApplyPatches] Applying patch: SetAttribute, xpath: [//n:Button[@CommandParameter='X25']/following-sibling::n:TextBlock[1]]
[Info   :  SHCDE-SE] [T1-22:56:21.390] [XamlPatcher] [ApplyPatches] Applying patch: SetAttribute, xpath: [//n:Button[@CommandParameter='X25']/following-sibling::n:TextBlock[1]]
[Info   :  SHCDE-SE] [T1-22:56:21.390] [XamlPatcher] [ApplyPatches] Applying patch: SetAttribute, xpath: [//n:Button[@CommandParameter='X100']/following-sibling::n:TextBlock[1]]
[Info   :  SHCDE-SE] [T1-22:56:21.390] [XamlPatcher] [ApplyPatches] Applying patch: SetAttribute, xpath: [//n:Button[@CommandParameter='X100']/following-sibling::n:TextBlock[1]]
[Info   :  SHCDE-SE] [T1-22:56:21.391] [XamlPatcher] [ApplyPatches] Applying patch: SetAttribute, xpath: [//n:Button[@CommandParameter='X500']/following-sibling::n:TextBlock[1]]
[Info   :  SHCDE-SE] [T1-22:56:21.391] [XamlPatcher] [ApplyPatches] Applying patch: SetAttribute, xpath: [//n:Button[@CommandParameter='X500']/following-sibling::n:TextBlock[1]]
[Info   :  SHCDE-SE] [T1-22:56:21.391] [XamlPatcher] [ApplyPatches] Applying patch: InsertAfter, xpath: [//n:Button[@CommandParameter='X500']/following-sibling::n:TextBlock[1]]
[Info   :  SHCDE-SE] [T1-22:56:21.396] [GameXAMLManagerAPI] [InjectBindings] ViewModel Linked [BugfixesAndQoLAllyAmount5] in [HUD_AlliesPanel]
[Info   :  SHCDE-SE] [T1-22:56:21.396] [GameXAMLManagerAPI] [ApplyBinding] ViewModel Linked [BugfixesAndQoLAllyAmount5]
[Info   :  SHCDE-SE] [T1-22:56:21.396] [GameXAMLManagerAPI] [InjectBindings] ViewModel Linked [BugfixesAndQoLAllyAmount10] in [HUD_AlliesPanel]
[Info   :  SHCDE-SE] [T1-22:56:21.396] [GameXAMLManagerAPI] [ApplyBinding] ViewModel Linked [BugfixesAndQoLAllyAmount10]
[Info   :  SHCDE-SE] [T1-22:56:21.396] [GameXAMLManagerAPI] [InjectBindings] ViewModel Linked [BugfixesAndQoLAllyAmount25] in [HUD_AlliesPanel]
[Info   :  SHCDE-SE] [T1-22:56:21.396] [GameXAMLManagerAPI] [ApplyBinding] ViewModel Linked [BugfixesAndQoLAllyAmount25]
[Info   :  SHCDE-SE] [T1-22:56:21.396] [GameXAMLManagerAPI] [InjectBindings] ViewModel Linked [BugfixesAndQoLAllyAmount100] in [HUD_AlliesPanel]
[Info   :  SHCDE-SE] [T1-22:56:21.396] [GameXAMLManagerAPI] [ApplyBinding] ViewModel Linked [BugfixesAndQoLAllyAmount100]
[Info   :  SHCDE-SE] [T1-22:56:21.396] [GameXAMLManagerAPI] [InjectBindings] ViewModel Linked [BugfixesAndQoLAllyAmount500] in [HUD_AlliesPanel]
[Info   :  SHCDE-SE] [T1-22:56:21.396] [GameXAMLManagerAPI] [ApplyBinding] ViewModel Linked [BugfixesAndQoLAllyAmount500]
[Info   :  SHCDE-SE] [T1-22:56:21.406] [GameXAMLManagerAPI] [GetPatchesForPath] Found patch for [Assets/GUI/XAMLResources/HUD_ExtremePowers.xaml] in mod [ExtremePowers_Serp]
[Info   :  SHCDE-SE] [T1-22:56:21.406] [GameXAMLManagerAPI] [ApplyPatchForPath] Applying 1 patch files to Assets/GUI/XAMLResources/HUD_ExtremePowers.xaml
[Info   :  SHCDE-SE] [T1-22:56:21.407] [XamlPatcher] [ApplyPatches] Applying patch: SetAttribute, xpath: [//n:Button[@CommandParameter='0']]
[Info   :  SHCDE-SE] [T1-22:56:21.407] [XamlPatcher] [ApplyPatches] Applying patch: SetAttribute, xpath: [//n:Button[@CommandParameter='1']]
[Info   :  SHCDE-SE] [T1-22:56:21.407] [XamlPatcher] [ApplyPatches] Applying patch: SetAttribute, xpath: [//n:Button[@CommandParameter='2']]
[Info   :  SHCDE-SE] [T1-22:56:21.407] [XamlPatcher] [ApplyPatches] Applying patch: SetAttribute, xpath: [//n:Button[@CommandParameter='3']]
[Info   :  SHCDE-SE] [T1-22:56:21.407] [XamlPatcher] [ApplyPatches] Applying patch: SetAttribute, xpath: [//n:Button[@CommandParameter='4']]
[Info   :  SHCDE-SE] [T1-22:56:21.407] [XamlPatcher] [ApplyPatches] Applying patch: SetAttribute, xpath: [//n:Button[@CommandParameter='5']]
[Info   :  SHCDE-SE] [T1-22:56:21.407] [XamlPatcher] [ApplyPatches] Applying patch: SetAttribute, xpath: [//n:Button[@CommandParameter='6']]
[Info   :  SHCDE-SE] [T1-22:56:21.407] [XamlPatcher] [ApplyPatches] Applying patch: SetAttribute, xpath: [//n:Button[@CommandParameter='7']]
[Debug  :Extreme Powers] [2026-09-24 22:56:21.409] Extreme Powers Vanilla fallback: current game mode does not allow regular gameplay mods
[Info   :  SHCDE-SE] [T1-22:56:21.413] [GameXAMLManagerAPI] [GetPatchesForPath] Found patch for [Assets/GUI/XAMLResources/HUD_MPResync.xaml] in mod [BugfixesAndQoL_Serp]
[Info   :  SHCDE-SE] [T1-22:56:21.413] [GameXAMLManagerAPI] [ApplyPatchForPath] Applying 1 patch files to Assets/GUI/XAMLResources/HUD_MPResync.xaml
[Info   :  SHCDE-SE] [T1-22:56:21.413] [XamlPatcher] [ApplyPatches] Applying patch: Replace, xpath: [//n:Grid[@x:Name='LayoutRoot']]
[Info   :  SHCDE-SE] [T1-22:56:21.426] [GameXAMLManagerAPI] [GetPatchesForPath] Found patch for [Assets/GUI/XAMLResources/HUD_ConfirmationPopup.xaml] in mod [ExtendedData_Serp]
[Info   :  SHCDE-SE] [T1-22:56:21.426] [GameXAMLManagerAPI] [ApplyPatchForPath] Applying 1 patch files to Assets/GUI/XAMLResources/HUD_ConfirmationPopup.xaml
[Info   :  SHCDE-SE] [T1-22:56:21.427] [XamlPatcher] [ApplyPatches] Applying patch: Replace, xpath: [//n:TextBlock[@Text='{Binding ConfirmationMessage}']]
[Info   :  SHCDE-SE] [T1-22:56:21.431] [GameXAMLManagerAPI] [GetPatchesForPath] Found patch for [Assets/GUI/XAMLResources/HUD_MissionOver.xaml] in mod [BugfixesAndQoL_Serp]
[Info   :  SHCDE-SE] [T1-22:56:21.433] [GameXAMLManagerAPI] [ApplyPatchForPath] Applying 1 patch files to Assets/GUI/XAMLResources/HUD_MissionOver.xaml
[Info   :  SHCDE-SE] [T1-22:56:21.440] [XamlPatcher] [ApplyPatches] Applying patch: Add, xpath: [//n:StackPanel[@Name='RowStackMP']/n:Grid[n:Button[@CommandParameter='Exit']]]
[Info   :  SHCDE-SE] [T1-22:56:21.440] [XamlPatcher] [ApplyPatches] Applying patch: Add, xpath: [//n:Grid[n:Grid.ColumnDefinitions/n:ColumnDefinition[2][@Width='470'] and n:Image[@Source='{Binding MO_MP_PlayersShields0}']]]
[Info   :  SHCDE-SE] [T1-22:56:21.441] [XamlPatcher] [ApplyPatches] Applying patch: Add, xpath: [//n:Grid[n:Grid.ColumnDefinitions/n:ColumnDefinition[2][@Width='510'] and n:Image[@Source='{Binding MO_MP_PlayersShields0}']]]
[Info   :  SHCDE-SE] [T1-22:56:21.442] [XamlPatcher] [ApplyPatches] Applying patch: Add, xpath: [//n:Grid[n:Grid.ColumnDefinitions/n:ColumnDefinition[2][@Width='470'] and n:Image[@Source='{Binding MO_MP_PlayersShields1}']]]
[Info   :  SHCDE-SE] [T1-22:56:21.443] [XamlPatcher] [ApplyPatches] Applying patch: Add, xpath: [//n:Grid[n:Grid.ColumnDefinitions/n:ColumnDefinition[2][@Width='510'] and n:Image[@Source='{Binding MO_MP_PlayersShields1}']]]
[Info   :  SHCDE-SE] [T1-22:56:21.443] [XamlPatcher] [ApplyPatches] Applying patch: Add, xpath: [//n:Grid[n:Grid.ColumnDefinitions/n:ColumnDefinition[2][@Width='470'] and n:Image[@Source='{Binding MO_MP_PlayersShields2}']]]
[Info   :  SHCDE-SE] [T1-22:56:21.444] [XamlPatcher] [ApplyPatches] Applying patch: Add, xpath: [//n:Grid[n:Grid.ColumnDefinitions/n:ColumnDefinition[2][@Width='510'] and n:Image[@Source='{Binding MO_MP_PlayersShields2}']]]
[Info   :  SHCDE-SE] [T1-22:56:21.445] [XamlPatcher] [ApplyPatches] Applying patch: Add, xpath: [//n:Grid[n:Grid.ColumnDefinitions/n:ColumnDefinition[2][@Width='470'] and n:Image[@Source='{Binding MO_MP_PlayersShields3}']]]
[Info   :  SHCDE-SE] [T1-22:56:21.446] [XamlPatcher] [ApplyPatches] Applying patch: Add, xpath: [//n:Grid[n:Grid.ColumnDefinitions/n:ColumnDefinition[2][@Width='510'] and n:Image[@Source='{Binding MO_MP_PlayersShields3}']]]
[Info   :  SHCDE-SE] [T1-22:56:21.446] [XamlPatcher] [ApplyPatches] Applying patch: Add, xpath: [//n:Grid[n:Grid.ColumnDefinitions/n:ColumnDefinition[2][@Width='470'] and n:Image[@Source='{Binding MO_MP_PlayersShields4}']]]
[Info   :  SHCDE-SE] [T1-22:56:21.447] [XamlPatcher] [ApplyPatches] Applying patch: Add, xpath: [//n:Grid[n:Grid.ColumnDefinitions/n:ColumnDefinition[2][@Width='510'] and n:Image[@Source='{Binding MO_MP_PlayersShields4}']]]
[Info   :  SHCDE-SE] [T1-22:56:21.448] [XamlPatcher] [ApplyPatches] Applying patch: Add, xpath: [//n:Grid[n:Grid.ColumnDefinitions/n:ColumnDefinition[2][@Width='470'] and n:Image[@Source='{Binding MO_MP_PlayersShields5}']]]
[Info   :  SHCDE-SE] [T1-22:56:21.448] [XamlPatcher] [ApplyPatches] Applying patch: Add, xpath: [//n:Grid[n:Grid.ColumnDefinitions/n:ColumnDefinition[2][@Width='510'] and n:Image[@Source='{Binding MO_MP_PlayersShields5}']]]
[Info   :  SHCDE-SE] [T1-22:56:21.449] [XamlPatcher] [ApplyPatches] Applying patch: Add, xpath: [//n:Grid[n:Grid.ColumnDefinitions/n:ColumnDefinition[2][@Width='470'] and n:Image[@Source='{Binding MO_MP_PlayersShields6}']]]
[Info   :  SHCDE-SE] [T1-22:56:21.450] [XamlPatcher] [ApplyPatches] Applying patch: Add, xpath: [//n:Grid[n:Grid.ColumnDefinitions/n:ColumnDefinition[2][@Width='510'] and n:Image[@Source='{Binding MO_MP_PlayersShields6}']]]
[Info   :  SHCDE-SE] [T1-22:56:21.451] [XamlPatcher] [ApplyPatches] Applying patch: Add, xpath: [//n:Grid[n:Grid.ColumnDefinitions/n:ColumnDefinition[2][@Width='470'] and n:Image[@Source='{Binding MO_MP_PlayersShields7}']]]
[Info   :  SHCDE-SE] [T1-22:56:21.453] [XamlPatcher] [ApplyPatches] Applying patch: Add, xpath: [//n:Grid[n:Grid.ColumnDefinitions/n:ColumnDefinition[2][@Width='510'] and n:Image[@Source='{Binding MO_MP_PlayersShields7}']]]
[Info   :  SHCDE-SE] [T1-22:56:21.473] [GameXAMLManagerAPI] [InjectBindings] ViewModel Linked [BugfixesAndQoLSpectatorStatisticsRefreshHost] in [HUD_MissionOver]
[Info   :  SHCDE-SE] [T1-22:56:21.473] [GameXAMLManagerAPI] [ApplyBinding] ViewModel Linked [BugfixesAndQoLSpectatorStatisticsRefreshHost]
[Info   :  SHCDE-SE] [T1-22:56:21.483] [GameXAMLManagerAPI] [InjectBindings] ViewModel Linked [CastlePlannerBlueprintHud] in [IngameUIScreens]
[Info   :  SHCDE-SE] [T1-22:56:21.483] [GameXAMLManagerAPI] [ApplyBinding] ViewModel Linked [CastlePlannerBlueprintHud]
[Info   :  SHCDE-SE] [T1-22:56:21.484] [GameXAMLManagerAPI] [InjectBindings] ViewModel Linked [CastlePlannerBlueprintSettingsButton] in [IngameUIScreens]
[Info   :  SHCDE-SE] [T1-22:56:21.484] [GameXAMLManagerAPI] [ApplyBinding] ViewModel Linked [CastlePlannerBlueprintSettingsButton]
[Info   :  SHCDE-SE] [T1-22:56:21.517] [NoesisTextureProvider_Hooks] [NoesisTextureProvider_GetTextureInfo] Registering Mod Texture: Assets/GUI/Sprites/selogo_1.png
[Info   :  SHCDE-SE] [T1-22:56:21.518] [NoesisTextureProvider_Hooks] [NoesisTextureProvider_GetTextureInfo] Registering Mod Texture: Assets/GUI/Sprites/selogo_2.png
[Info   :  SHCDE-SE] [T1-22:56:21.519] [NoesisTextureProvider_Hooks] [NoesisTextureProvider_GetTextureInfo] Registering Mod Texture: Assets/GUI/Sprites/selogo_3.png
[Info   :FixesAIEvents] [T1-22:56:21.956] [FixesAIEvents] [OnProcessCustomLord] Processing custom AI lord: Abbot
[Info   :  SHCDE-SE] [T1-22:56:21.956] [GameAIManagerAPI] [.ctor] Loading AIC Array
[Info   :FixesAIEvents] [T1-22:56:21.960] [FixesAIEvents] [OnProcessCustomLord] Processing custom AI lord: Abbot
[Info   :FixesAIEvents] [T1-22:56:21.965] [FixesAIEvents] [OnProcessCustomLord] Processing custom AI lord: Abbot
[Info   :FixesAIEvents] [T1-22:56:21.966] [FixesAIEvents] [OnProcessCustomLord] Processing custom AI lord: Abbot
[Info   :FixesAIEvents] [T1-22:56:21.969] [FixesAIEvents] [OnProcessCustomLord] Processing custom AI lord: Abbot
[Info   :FixesAIEvents] [T1-22:56:21.977] [FixesAIEvents] [OnProcessCustomLord] Processing custom AI lord: Abbot
[Info   :FixesAIEvents] [T1-22:56:21.977] [FixesAIEvents] [OnProcessCustomLord] Processing custom AI lord: Baldwin
[Info   :FixesAIEvents] [T1-22:56:21.978] [FixesAIEvents] [OnProcessCustomLord] Processing custom AI lord: Baldwin
[Info   :FixesAIEvents] [T1-22:56:21.979] [FixesAIEvents] [OnProcessCustomLord] Processing custom AI lord: Baldwin
[Info   :FixesAIEvents] [T1-22:56:21.980] [FixesAIEvents] [OnProcessCustomLord] Processing custom AI lord: Baldwin
[Info   :FixesAIEvents] [T1-22:56:21.981] [FixesAIEvents] [OnProcessCustomLord] Processing custom AI lord: Baldwin
[Info   :FixesAIEvents] [T1-22:56:21.981] [FixesAIEvents] [OnProcessCustomLord] Processing custom AI lord: Bullseye
[Info   :FixesAIEvents] [T1-22:56:21.982] [FixesAIEvents] [OnProcessCustomLord] Processing custom AI lord: Bullseye
[Info   :FixesAIEvents] [T1-22:56:21.982] [FixesAIEvents] [OnProcessCustomLord] Processing custom AI lord: Bullseye
[Info   :FixesAIEvents] [T1-22:56:21.983] [FixesAIEvents] [OnProcessCustomLord] Processing custom AI lord: Bullseye
[Info   :FixesAIEvents] [T1-22:56:21.983] [FixesAIEvents] [OnProcessCustomLord] Processing custom AI lord: Bullseye
[Info   :FixesAIEvents] [T1-22:56:21.984] [FixesAIEvents] [OnProcessCustomLord] Processing custom AI lord: Caliph
[Info   :FixesAIEvents] [T1-22:56:21.984] [FixesAIEvents] [OnProcessCustomLord] Processing custom AI lord: Caliph
[Info   :FixesAIEvents] [T1-22:56:21.985] [FixesAIEvents] [OnProcessCustomLord] Processing custom AI lord: Caliph
[Info   :FixesAIEvents] [T1-22:56:21.986] [FixesAIEvents] [OnProcessCustomLord] Processing custom AI lord: Caliph
[Info   :FixesAIEvents] [T1-22:56:21.987] [FixesAIEvents] [OnProcessCustomLord] Processing custom AI lord: Caliph
[Info   :FixesAIEvents] [T1-22:56:21.987] [FixesAIEvents] [OnProcessCustomLord] Processing custom AI lord: Caliph
[Info   :FixesAIEvents] [T1-22:56:21.987] [FixesAIEvents] [OnProcessCustomLord] Processing custom AI lord: Canary
[Info   :FixesAIEvents] [T1-22:56:21.988] [FixesAIEvents] [OnProcessCustomLord] Processing custom AI lord: Canary
[Info   :FixesAIEvents] [T1-22:56:21.988] [FixesAIEvents] [OnProcessCustomLord] Processing custom AI lord: Canary
[Info   :FixesAIEvents] [T1-22:56:21.989] [FixesAIEvents] [OnProcessCustomLord] Processing custom AI lord: Canary
[Info   :FixesAIEvents] [T1-22:56:21.989] [FixesAIEvents] [OnProcessCustomLord] Processing custom AI lord: Canary
[Info   :FixesAIEvents] [T1-22:56:21.990] [FixesAIEvents] [OnProcessCustomLord] Processing custom AI lord: Crocodile
[Info   :FixesAIEvents] [T1-22:56:21.990] [FixesAIEvents] [OnProcessCustomLord] Processing custom AI lord: Crocodile
[Info   :FixesAIEvents] [T1-22:56:21.991] [FixesAIEvents] [OnProcessCustomLord] Processing custom AI lord: Crocodile
[Info   :FixesAIEvents] [T1-22:56:21.992] [FixesAIEvents] [OnProcessCustomLord] Processing custom AI lord: Crocodile
[Info   :FixesAIEvents] [T1-22:56:21.993] [FixesAIEvents] [OnProcessCustomLord] Processing custom AI lord: Crocodile
[Info   :FixesAIEvents] [T1-22:56:21.993] [FixesAIEvents] [OnProcessCustomLord] Processing custom AI lord: Emir
[Info   :FixesAIEvents] [T1-22:56:21.994] [FixesAIEvents] [OnProcessCustomLord] Processing custom AI lord: Emir
[Info   :FixesAIEvents] [T1-22:56:21.995] [FixesAIEvents] [OnProcessCustomLord] Processing custom AI lord: Emir
[Info   :FixesAIEvents] [T1-22:56:21.996] [FixesAIEvents] [OnProcessCustomLord] Processing custom AI lord: Emir
[Info   :FixesAIEvents] [T1-22:56:21.996] [FixesAIEvents] [OnProcessCustomLord] Processing custom AI lord: Emir
[Info   :FixesAIEvents] [T1-22:56:21.998] [FixesAIEvents] [OnProcessCustomLord] Processing custom AI lord: Frederick
[Info   :FixesAIEvents] [T1-22:56:21.998] [FixesAIEvents] [OnProcessCustomLord] Processing custom AI lord: Frederick
[Info   :FixesAIEvents] [T1-22:56:21.999] [FixesAIEvents] [OnProcessCustomLord] Processing custom AI lord: Frederick
[Info   :FixesAIEvents] [T1-22:56:22.000] [FixesAIEvents] [OnProcessCustomLord] Processing custom AI lord: Frederick
[Info   :FixesAIEvents] [T1-22:56:22.001] [FixesAIEvents] [OnProcessCustomLord] Processing custom AI lord: Frederick
[Info   :FixesAIEvents] [T1-22:56:22.001] [FixesAIEvents] [OnProcessCustomLord] Processing custom AI lord: Frederick
[Info   :FixesAIEvents] [T1-22:56:22.003] [FixesAIEvents] [OnProcessCustomLord] Processing custom AI lord: Jewel
[Info   :FixesAIEvents] [T1-22:56:22.003] [FixesAIEvents] [OnProcessCustomLord] Processing custom AI lord: Jewel
[Info   :FixesAIEvents] [T1-22:56:22.004] [FixesAIEvents] [OnProcessCustomLord] Processing custom AI lord: Jewel
[Info   :FixesAIEvents] [T1-22:56:22.004] [FixesAIEvents] [OnProcessCustomLord] Processing custom AI lord: Jewel
[Info   :FixesAIEvents] [T1-22:56:22.005] [FixesAIEvents] [OnProcessCustomLord] Processing custom AI lord: Jewel
[Info   :FixesAIEvents] [T1-22:56:22.005] [FixesAIEvents] [OnProcessCustomLord] Processing custom AI lord: Kahinah
[Info   :FixesAIEvents] [T1-22:56:22.005] [FixesAIEvents] [OnProcessCustomLord] Processing custom AI lord: Kahinah
[Info   :FixesAIEvents] [T1-22:56:22.006] [FixesAIEvents] [OnProcessCustomLord] Processing custom AI lord: Kahinah
[Info   :FixesAIEvents] [T1-22:56:22.007] [FixesAIEvents] [OnProcessCustomLord] Processing custom AI lord: Kahinah
[Info   :FixesAIEvents] [T1-22:56:22.007] [FixesAIEvents] [OnProcessCustomLord] Processing custom AI lord: Kahinah
[Info   :FixesAIEvents] [T1-22:56:22.008] [FixesAIEvents] [OnProcessCustomLord] Processing custom AI lord: Kahinah
[Info   :FixesAIEvents] [T1-22:56:22.009] [FixesAIEvents] [OnProcessCustomLord] Processing custom AI lord: Kahinah
[Info   :FixesAIEvents] [T1-22:56:22.010] [FixesAIEvents] [OnProcessCustomLord] Processing custom AI lord: Kahinah
[Info   :FixesAIEvents] [T1-22:56:22.010] [FixesAIEvents] [OnProcessCustomLord] Processing custom AI lord: Kahinah
[Info   :FixesAIEvents] [T1-22:56:22.011] [FixesAIEvents] [OnProcessCustomLord] Processing custom AI lord: Kahinah
[Info   :FixesAIEvents] [T1-22:56:22.011] [FixesAIEvents] [OnProcessCustomLord] Processing custom AI lord: Lioness
[Info   :FixesAIEvents] [T1-22:56:22.012] [FixesAIEvents] [OnProcessCustomLord] Processing custom AI lord: Lioness
[Info   :FixesAIEvents] [T1-22:56:22.013] [FixesAIEvents] [OnProcessCustomLord] Processing custom AI lord: Lioness
[Info   :FixesAIEvents] [T1-22:56:22.013] [FixesAIEvents] [OnProcessCustomLord] Processing custom AI lord: Lioness
[Info   :FixesAIEvents] [T1-22:56:22.013] [FixesAIEvents] [OnProcessCustomLord] Processing custom AI lord: Lioness
[Info   :FixesAIEvents] [T1-22:56:22.014] [FixesAIEvents] [OnProcessCustomLord] Processing custom AI lord: Marshal
[Info   :FixesAIEvents] [T1-22:56:22.014] [FixesAIEvents] [OnProcessCustomLord] Processing custom AI lord: Marshal
[Info   :FixesAIEvents] [T1-22:56:22.015] [FixesAIEvents] [OnProcessCustomLord] Processing custom AI lord: Marshal
[Info   :FixesAIEvents] [T1-22:56:22.015] [FixesAIEvents] [OnProcessCustomLord] Processing custom AI lord: Marshal
[Info   :FixesAIEvents] [T1-22:56:22.016] [FixesAIEvents] [OnProcessCustomLord] Processing custom AI lord: Marshal
[Info   :FixesAIEvents] [T1-22:56:22.017] [FixesAIEvents] [OnProcessCustomLord] Processing custom AI lord: Nizar
[Info   :FixesAIEvents] [T1-22:56:22.018] [FixesAIEvents] [OnProcessCustomLord] Processing custom AI lord: Nizar
[Info   :FixesAIEvents] [T1-22:56:22.019] [FixesAIEvents] [OnProcessCustomLord] Processing custom AI lord: Nizar
[Info   :FixesAIEvents] [T1-22:56:22.019] [FixesAIEvents] [OnProcessCustomLord] Processing custom AI lord: Nizar
[Info   :FixesAIEvents] [T1-22:56:22.020] [FixesAIEvents] [OnProcessCustomLord] Processing custom AI lord: Nizar
[Info   :FixesAIEvents] [T1-22:56:22.021] [FixesAIEvents] [OnProcessCustomLord] Processing custom AI lord: Nomad
[Info   :FixesAIEvents] [T1-22:56:22.021] [FixesAIEvents] [OnProcessCustomLord] Processing custom AI lord: Nomad
[Info   :FixesAIEvents] [T1-22:56:22.021] [FixesAIEvents] [OnProcessCustomLord] Processing custom AI lord: Nomad
[Info   :FixesAIEvents] [T1-22:56:22.023] [FixesAIEvents] [OnProcessCustomLord] Processing custom AI lord: Nomad
[Info   :FixesAIEvents] [T1-22:56:22.023] [FixesAIEvents] [OnProcessCustomLord] Processing custom AI lord: Nomad
[Info   :FixesAIEvents] [T1-22:56:22.023] [FixesAIEvents] [OnProcessCustomLord] Processing custom AI lord: Philip
[Info   :FixesAIEvents] [T1-22:56:22.024] [FixesAIEvents] [OnProcessCustomLord] Processing custom AI lord: Philip
[Info   :FixesAIEvents] [T1-22:56:22.025] [FixesAIEvents] [OnProcessCustomLord] Processing custom AI lord: Philip
[Info   :FixesAIEvents] [T1-22:56:22.026] [FixesAIEvents] [OnProcessCustomLord] Processing custom AI lord: Philip
[Info   :FixesAIEvents] [T1-22:56:22.026] [FixesAIEvents] [OnProcessCustomLord] Processing custom AI lord: Philip
[Info   :FixesAIEvents] [T1-22:56:22.027] [FixesAIEvents] [OnProcessCustomLord] Processing custom AI lord: Pig
[Info   :FixesAIEvents] [T1-22:56:22.027] [FixesAIEvents] [OnProcessCustomLord] Processing custom AI lord: Pig
[Info   :FixesAIEvents] [T1-22:56:22.028] [FixesAIEvents] [OnProcessCustomLord] Processing custom AI lord: Pig
[Info   :FixesAIEvents] [T1-22:56:22.029] [FixesAIEvents] [OnProcessCustomLord] Processing custom AI lord: Pig
[Info   :FixesAIEvents] [T1-22:56:22.030] [FixesAIEvents] [OnProcessCustomLord] Processing custom AI lord: Pig
[Info   :FixesAIEvents] [T1-22:56:22.030] [FixesAIEvents] [OnProcessCustomLord] Processing custom AI lord: Rat
[Info   :FixesAIEvents] [T1-22:56:22.030] [FixesAIEvents] [OnProcessCustomLord] Processing custom AI lord: Rat
[Info   :FixesAIEvents] [T1-22:56:22.030] [FixesAIEvents] [OnProcessCustomLord] Processing custom AI lord: Rat
[Info   :FixesAIEvents] [T1-22:56:22.031] [FixesAIEvents] [OnProcessCustomLord] Processing custom AI lord: Rat
[Info   :FixesAIEvents] [T1-22:56:22.031] [FixesAIEvents] [OnProcessCustomLord] Processing custom AI lord: Rat
[Info   :FixesAIEvents] [T1-22:56:22.031] [FixesAIEvents] [OnProcessCustomLord] Processing custom AI lord: Rat
[Info   :FixesAIEvents] [T1-22:56:22.033] [FixesAIEvents] [OnProcessCustomLord] Processing custom AI lord: Rat
[Info   :FixesAIEvents] [T1-22:56:22.033] [FixesAIEvents] [OnProcessCustomLord] Processing custom AI lord: Richard
[Info   :FixesAIEvents] [T1-22:56:22.034] [FixesAIEvents] [OnProcessCustomLord] Processing custom AI lord: Richard
[Info   :FixesAIEvents] [T1-22:56:22.035] [FixesAIEvents] [OnProcessCustomLord] Processing custom AI lord: Richard
[Info   :FixesAIEvents] [T1-22:56:22.036] [FixesAIEvents] [OnProcessCustomLord] Processing custom AI lord: Richard
[Info   :FixesAIEvents] [T1-22:56:22.037] [FixesAIEvents] [OnProcessCustomLord] Processing custom AI lord: Richard
[Info   :FixesAIEvents] [T1-22:56:22.037] [FixesAIEvents] [OnProcessCustomLord] Processing custom AI lord: Saladin
[Info   :FixesAIEvents] [T1-22:56:22.038] [FixesAIEvents] [OnProcessCustomLord] Processing custom AI lord: Saladin
[Info   :FixesAIEvents] [T1-22:56:22.039] [FixesAIEvents] [OnProcessCustomLord] Processing custom AI lord: Saladin
[Info   :FixesAIEvents] [T1-22:56:22.040] [FixesAIEvents] [OnProcessCustomLord] Processing custom AI lord: Saladin
[Info   :FixesAIEvents] [T1-22:56:22.041] [FixesAIEvents] [OnProcessCustomLord] Processing custom AI lord: Saladin
[Info   :FixesAIEvents] [T1-22:56:22.042] [FixesAIEvents] [OnProcessCustomLord] Processing custom AI lord: Sentinel
[Info   :FixesAIEvents] [T1-22:56:22.042] [FixesAIEvents] [OnProcessCustomLord] Processing custom AI lord: Sentinel
[Info   :FixesAIEvents] [T1-22:56:22.043] [FixesAIEvents] [OnProcessCustomLord] Processing custom AI lord: Sentinel
[Info   :FixesAIEvents] [T1-22:56:22.043] [FixesAIEvents] [OnProcessCustomLord] Processing custom AI lord: Sentinel
[Info   :FixesAIEvents] [T1-22:56:22.044] [FixesAIEvents] [OnProcessCustomLord] Processing custom AI lord: Sentinel
[Info   :FixesAIEvents] [T1-22:56:22.044] [FixesAIEvents] [OnProcessCustomLord] Processing custom AI lord: Sergeant
[Info   :FixesAIEvents] [T1-22:56:22.045] [FixesAIEvents] [OnProcessCustomLord] Processing custom AI lord: Sergeant
[Info   :FixesAIEvents] [T1-22:56:22.046] [FixesAIEvents] [OnProcessCustomLord] Processing custom AI lord: Sergeant
[Info   :FixesAIEvents] [T1-22:56:22.047] [FixesAIEvents] [OnProcessCustomLord] Processing custom AI lord: Sergeant
[Info   :FixesAIEvents] [T1-22:56:22.048] [FixesAIEvents] [OnProcessCustomLord] Processing custom AI lord: Sergeant
[Info   :  SHCDE-SE] [T1-22:56:22.048] [AIVLoader_Hooks] [AIVLoader_GetAIVData_Hook] Intercepting load of lord: [SK_SHERIFF], index=7 - overriden
[Info   :  SHCDE-SE] [T1-22:56:22.049] [AIVLoader_Hooks] [AIVLoader_GetAIVData_Hook] Intercepting load of lord: [SK_SHERIFF], index=7 - overriden
[Info   :FixesAIEvents] [T1-22:56:22.049] [FixesAIEvents] [OnProcessCustomLord] Processing custom AI lord: Sheriff
[Info   :FixesAIEvents] [T1-22:56:22.050] [FixesAIEvents] [OnProcessCustomLord] Processing custom AI lord: Sheriff
[Info   :FixesAIEvents] [T1-22:56:22.051] [FixesAIEvents] [OnProcessCustomLord] Processing custom AI lord: Sheriff
[Info   :FixesAIEvents] [T1-22:56:22.051] [FixesAIEvents] [OnProcessCustomLord] Processing custom AI lord: Sheriff
[Info   :FixesAIEvents] [T1-22:56:22.053] [FixesAIEvents] [OnProcessCustomLord] Processing custom AI lord: Sheriff
[Info   :  SHCDE-SE] [T1-22:56:22.054] [AIVLoader_Hooks] [AIVLoader_GetAIVData_Hook] Intercepting load of lord: [SK_SNAKE], index=4 - overriden
[Info   :  SHCDE-SE] [T1-22:56:22.054] [AIVLoader_Hooks] [AIVLoader_GetAIVData_Hook] Intercepting load of lord: [SK_SNAKE], index=4 - overriden
[Info   :FixesAIEvents] [T1-22:56:22.055] [FixesAIEvents] [OnProcessCustomLord] Processing custom AI lord: Snake
[Info   :FixesAIEvents] [T1-22:56:22.055] [FixesAIEvents] [OnProcessCustomLord] Processing custom AI lord: Snake
[Info   :FixesAIEvents] [T1-22:56:22.056] [FixesAIEvents] [OnProcessCustomLord] Processing custom AI lord: Snake
[Info   :FixesAIEvents] [T1-22:56:22.057] [FixesAIEvents] [OnProcessCustomLord] Processing custom AI lord: Snake
[Info   :FixesAIEvents] [T1-22:56:22.057] [FixesAIEvents] [OnProcessCustomLord] Processing custom AI lord: Snake
[Info   :FixesAIEvents] [T1-22:56:22.057] [FixesAIEvents] [OnProcessCustomLord] Processing custom AI lord: Snake
[Info   :FixesAIEvents] [T1-22:56:22.058] [FixesAIEvents] [OnProcessCustomLord] Processing custom AI lord: Snake
[Info   :FixesAIEvents] [T1-22:56:22.058] [FixesAIEvents] [OnProcessCustomLord] Processing custom AI lord: Sultan
[Info   :FixesAIEvents] [T1-22:56:22.059] [FixesAIEvents] [OnProcessCustomLord] Processing custom AI lord: Sultan
[Info   :FixesAIEvents] [T1-22:56:22.059] [FixesAIEvents] [OnProcessCustomLord] Processing custom AI lord: Sultan
[Info   :FixesAIEvents] [T1-22:56:22.060] [FixesAIEvents] [OnProcessCustomLord] Processing custom AI lord: Sultan
[Info   :FixesAIEvents] [T1-22:56:22.061] [FixesAIEvents] [OnProcessCustomLord] Processing custom AI lord: Sultan
[Info   :  SHCDE-SE] [T1-22:56:22.062] [AIVLoader_Hooks] [AIVLoader_GetAIVData_Hook] Intercepting load of lord: [SK_SURGEON], index=3 - overriden
[Info   :FixesAIEvents] [T1-22:56:22.062] [FixesAIEvents] [OnProcessCustomLord] Processing custom AI lord: Trader
[Info   :FixesAIEvents] [T1-22:56:22.063] [FixesAIEvents] [OnProcessCustomLord] Processing custom AI lord: Trader
[Info   :FixesAIEvents] [T1-22:56:22.063] [FixesAIEvents] [OnProcessCustomLord] Processing custom AI lord: Trader
[Info   :FixesAIEvents] [T1-22:56:22.063] [FixesAIEvents] [OnProcessCustomLord] Processing custom AI lord: Trader
[Info   :FixesAIEvents] [T1-22:56:22.064] [FixesAIEvents] [OnProcessCustomLord] Processing custom AI lord: Trader
[Info   :FixesAIEvents] [T1-22:56:22.065] [FixesAIEvents] [OnProcessCustomLord] Processing custom AI lord: Wazir
[Info   :FixesAIEvents] [T1-22:56:22.066] [FixesAIEvents] [OnProcessCustomLord] Processing custom AI lord: Wazir
[Info   :FixesAIEvents] [T1-22:56:22.067] [FixesAIEvents] [OnProcessCustomLord] Processing custom AI lord: Wazir
[Info   :FixesAIEvents] [T1-22:56:22.068] [FixesAIEvents] [OnProcessCustomLord] Processing custom AI lord: Wazir
[Info   :FixesAIEvents] [T1-22:56:22.069] [FixesAIEvents] [OnProcessCustomLord] Processing custom AI lord: Wazir
[Info   :  SHCDE-SE] [T1-22:56:22.070] [AIVLoader_Hooks] [AIVLoader_GetAIVData_Hook] Intercepting load of lord: [SK_WOLF], index=1 - overriden
[Info   :  SHCDE-SE] [T1-22:56:22.071] [AIVLoader_Hooks] [AIVLoader_GetAIVData_Hook] Intercepting load of lord: [SK_WOLF], index=1 - overriden
[Info   :FixesAIEvents] [T1-22:56:22.073] [FixesAIEvents] [OnProcessCustomLord] Processing custom AI lord: Wolf
[Info   :FixesAIEvents] [T1-22:56:22.073] [FixesAIEvents] [OnProcessCustomLord] Processing custom AI lord: Wolf
[Info   :FixesAIEvents] [T1-22:56:22.075] [FixesAIEvents] [OnProcessCustomLord] Processing custom AI lord: Wolf
[Info   :FixesAIEvents] [T1-22:56:22.076] [FixesAIEvents] [OnProcessCustomLord] Processing custom AI lord: Wolf
[Info   :FixesAIEvents] [T1-22:56:22.078] [FixesAIEvents] [OnProcessCustomLord] Processing custom AI lord: Wolf
[Info   :FixesAIEvents] [T1-22:56:22.079] [FixesAIEvents] [OnProcessCustomLord] Processing custom AI lord: Wolf
[Info   :FixesAIEvents] [T1-22:56:22.081] [FixesAIEvents] [OnProcessCustomLord] Processing custom AI lord: testlord_serp
[Info   :FixesAIEvents] [T1-22:56:22.081] [FixesAIEvents] [OnProcessCustomLord] Processing custom AI lord: testlord_serp
[Info   :  SHCDE-SE] [T1-22:56:22.081] [CustomisationFileManager_Hooks] [CustomisationFileManager_ProcessExtendedLordFile_Hook] Processing Custom Lord: file=c:/users/serpens66/appdata/locallow/firefly studios/stronghold crusader definitive edition\customlords\testlord_serp\info.json, realFileName=C:/Users/Serpens66/AppData/LocalLow/Firefly Studios/Stronghold Crusader Definitive Edition\CustomLords\testlord_serp\info.json, customPath=C:/Users/Serpens66/AppData/LocalLow/Firefly Studios/Stronghold Crusader Definitive Edition\CustomLords\testlord_serp, displayName=testlord_serp, lordName=testlord_serp, workshop=False
[Info   :  SHCDE-SE] [T1-22:56:22.081] [GameAIManagerAPI] [ProcessCustomLord] Processing: [C:/Users/Serpens66/AppData/LocalLow/Firefly Studios/Stronghold Crusader Definitive Edition\CustomLords\testlord_serp]
[Info   :  SHCDE-SE] [T1-22:56:22.081] [GameAIManagerAPI] [ProcessCustomLord] Registering lord-based assets: [serpens66.testlord-serp.extended-package-test] - [testlord_serp Extended Package Test] by [Serpens66]
[Info   :  SHCDE-SE] [T1-22:56:22.082] [GameAssetManagerAPI] [RegisterModProvider] Indexed 79 files for [serpens66.testlord-serp.extended-package-test] in [Global] asset mode from [C:\Users\Serpens66\AppData\LocalLow\Firefly Studios\Stronghold Crusader Definitive Edition\CustomLords\testlord_serp] in 0 ms.
[Warning:  SHCDE-SE] [T1-22:56:22.082] [GameAssetModManager] [RegisterAssetModCore] Mod has no sprite logo at [Override/Assets/GUI/Sprites/serpens66.testlord-serp.extended-package-test.png] in [C:\Users\Serpens66\AppData\LocalLow\Firefly Studios\Stronghold Crusader Definitive Edition\CustomLords\testlord_serp] - This may be ignored.
[Info   :  SHCDE-SE] [T1-22:56:22.082] [GameTranslateAPI] [LoadModLocalizations] Loaded 0 localization files from C:\Users\Serpens66\AppData\LocalLow\Firefly Studios\Stronghold Crusader Definitive Edition\CustomLords\testlord_serp
[Info   :  SHCDE-SE] [T1-22:56:22.083] [GameAssetModManager] [RegisterAssetModCore] Mod [testlord_serp Extended Package Test] has no Lua scripts (Scripts/init.lua not found) - This is fine.
[Info   :  SHCDE-SE] [T1-22:56:22.090] [GameAIManagerAPI] [BuildLordEntry] Added custom lord: [testlord_serp]
[Info   :  SHCDE-SE] [T1-22:56:22.091] [GameAIManagerAPI] [BuildLordEntry] Assigned lord [testlord_serp] message type [IncomingMessage] via key [IncomingMessage]
[Info   :  SHCDE-SE] [T1-22:56:22.091] [GameAIManagerAPI] [BuildLordEntry] Assigned lord [testlord_serp] message type [Taunt1] via key [Taunt1]
[Info   :  SHCDE-SE] [T1-22:56:22.091] [GameAIManagerAPI] [BuildLordEntry] Assigned lord [testlord_serp] message type [Taunt2] via key [Taunt2]
[Info   :  SHCDE-SE] [T1-22:56:22.091] [GameAIManagerAPI] [BuildLordEntry] Assigned lord [testlord_serp] message type [Taunt3] via key [Taunt3]
[Info   :  SHCDE-SE] [T1-22:56:22.091] [GameAIManagerAPI] [BuildLordEntry] Assigned lord [testlord_serp] message type [Taunt4] via key [Taunt4]
[Info   :  SHCDE-SE] [T1-22:56:22.091] [GameAIManagerAPI] [BuildLordEntry] Assigned lord [testlord_serp] message type [AngrySiegeLost] via key [AngrySiegeLost]
[Info   :  SHCDE-SE] [T1-22:56:22.091] [GameAIManagerAPI] [BuildLordEntry] Assigned lord [testlord_serp] message type [AngryCastleDamaged] via key [AngryCastleDamaged]
[Info   :  SHCDE-SE] [T1-22:56:22.091] [GameAIManagerAPI] [BuildLordEntry] Assigned lord [testlord_serp] message type [Defeat] via key [Defeat]
[Info   :  SHCDE-SE] [T1-22:56:22.091] [GameAIManagerAPI] [BuildLordEntry] Assigned lord [testlord_serp] message type [NervPreSiege] via key [NervPreSiege]
[Info   :  SHCDE-SE] [T1-22:56:22.091] [GameAIManagerAPI] [BuildLordEntry] Assigned lord [testlord_serp] message type [NervWeak] via key [NervWeak]
[Info   :  SHCDE-SE] [T1-22:56:22.091] [GameAIManagerAPI] [BuildLordEntry] Assigned lord [testlord_serp] message type [VictoryGood] via key [VictoryGood]
[Info   :  SHCDE-SE] [T1-22:56:22.091] [GameAIManagerAPI] [BuildLordEntry] Assigned lord [testlord_serp] message type [KillPlayer] via key [KillPlayer]
[Info   :  SHCDE-SE] [T1-22:56:22.091] [GameAIManagerAPI] [BuildLordEntry] Assigned lord [testlord_serp] message type [RequestGoods] via key [RequestGoods]
[Info   :  SHCDE-SE] [T1-22:56:22.091] [GameAIManagerAPI] [BuildLordEntry] Assigned lord [testlord_serp] message type [ThankGoods] via key [ThankGoods]
[Info   :  SHCDE-SE] [T1-22:56:22.091] [GameAIManagerAPI] [BuildLordEntry] Assigned lord [testlord_serp] message type [DieAlly] via key [DieAlly]
[Info   :  SHCDE-SE] [T1-22:56:22.091] [GameAIManagerAPI] [BuildLordEntry] Assigned lord [testlord_serp] message type [CongratsOnKill] via key [CongratsOnKill]
[Info   :  SHCDE-SE] [T1-22:56:22.091] [GameAIManagerAPI] [BuildLordEntry] Assigned lord [testlord_serp] message type [BoastOfKill] via key [BoastOfKill]
[Info   :  SHCDE-SE] [T1-22:56:22.091] [GameAIManagerAPI] [BuildLordEntry] Assigned lord [testlord_serp] message type [AllyNeedHelp] via key [AllyNeedHelp]
[Info   :  SHCDE-SE] [T1-22:56:22.091] [GameAIManagerAPI] [BuildLordEntry] Assigned lord [testlord_serp] message type [CantAttack] via key [CantAttack]
[Info   :  SHCDE-SE] [T1-22:56:22.091] [GameAIManagerAPI] [BuildLordEntry] Assigned lord [testlord_serp] message type [WontAttack] via key [WontAttack]
[Info   :  SHCDE-SE] [T1-22:56:22.091] [GameAIManagerAPI] [BuildLordEntry] Assigned lord [testlord_serp] message type [CantHelp] via key [CantHelp]
[Info   :  SHCDE-SE] [T1-22:56:22.091] [GameAIManagerAPI] [BuildLordEntry] Assigned lord [testlord_serp] message type [WontHelp] via key [WontHelp]
[Info   :  SHCDE-SE] [T1-22:56:22.091] [GameAIManagerAPI] [BuildLordEntry] Assigned lord [testlord_serp] message type [NotSendingGoods] via key [NotSendingGoods]
[Info   :  SHCDE-SE] [T1-22:56:22.091] [GameAIManagerAPI] [BuildLordEntry] Assigned lord [testlord_serp] message type [SentGoods] via key [SentGoods]
[Info   :  SHCDE-SE] [T1-22:56:22.091] [GameAIManagerAPI] [BuildLordEntry] Assigned lord [testlord_serp] message type [TeamWinning] via key [TeamWinning]
[Info   :  SHCDE-SE] [T1-22:56:22.091] [GameAIManagerAPI] [BuildLordEntry] Assigned lord [testlord_serp] message type [TeamLosing] via key [TeamLosing]
[Info   :  SHCDE-SE] [T1-22:56:22.091] [GameAIManagerAPI] [BuildLordEntry] Assigned lord [testlord_serp] message type [WillSendTroops] via key [WillSendTroops]
[Info   :  SHCDE-SE] [T1-22:56:22.091] [GameAIManagerAPI] [BuildLordEntry] Assigned lord [testlord_serp] message type [WillAttackEnemy] via key [WillAttackEnemy]
[Info   :FixesAIEvents] [T1-22:56:22.091] [FixesAIEvents] [OnProcessCustomLord] Processing custom AI lord: testlord_serp
[Info   :FixesAIEvents] [T1-22:56:22.091] [FixesAIEvents] [OnProcessCustomLord] Processing custom AI lord: testlord_serp
[Info   :FixesAIEvents] [T1-22:56:22.091] [FixesAIEvents] [OnProcessCustomLord] Processing custom AI lord: testlord_serp
[Info   :FixesAIEvents] [T1-22:56:22.091] [FixesAIEvents] [OnProcessCustomLord] Processing custom AI lord: testlord_serp
[Info   :FixesAIEvents] [T1-22:56:22.093] [FixesAIEvents] [OnProcessCustomLord] Processing custom AI lord: testlord_serp
[Info   :FixesAIEvents] [T1-22:56:22.093] [FixesAIEvents] [OnProcessCustomLord] Processing custom AI lord: testlord_serp
[Info   :FixesAIEvents] [T1-22:56:22.094] [FixesAIEvents] [OnProcessCustomLord] Processing custom AI lord: testlord_serp_fixesprobe
[Info   :FixesAIEvents] [T1-22:56:22.094] [FixesAIEvents] [OnProcessCustomLord] Processing custom AI lord: testlord_serp_fixesprobe
[Info   :  SHCDE-SE] [T1-22:56:22.094] [CustomisationFileManager_Hooks] [CustomisationFileManager_ProcessExtendedLordFile_Hook] Processing Custom Lord: file=c:/users/serpens66/appdata/locallow/firefly studios/stronghold crusader definitive edition\customlords\testlord_serp_fixesprobe\info.json, realFileName=C:/Users/Serpens66/AppData/LocalLow/Firefly Studios/Stronghold Crusader Definitive Edition\CustomLords\testlord_serp_fixesprobe\info.json, customPath=C:/Users/Serpens66/AppData/LocalLow/Firefly Studios/Stronghold Crusader Definitive Edition\CustomLords\testlord_serp_fixesprobe, displayName=testlord_serp_fixesprobe, lordName=testlord_serp_fixesprobe, workshop=False
[Info   :  SHCDE-SE] [T1-22:56:22.094] [GameAIManagerAPI] [ProcessCustomLord] Processing: [C:/Users/Serpens66/AppData/LocalLow/Firefly Studios/Stronghold Crusader Definitive Edition\CustomLords\testlord_serp_fixesprobe]
[Info   :  SHCDE-SE] [T1-22:56:22.095] [GameAIManagerAPI] [ProcessCustomLord] Registering lord-based assets: [serpens66.testlord-serp-fixesprobe] - [Fixes Override Probe Lord] by [Serpens66]
[Info   :  SHCDE-SE] [T1-22:56:22.095] [GameAssetManagerAPI] [RegisterModProvider] Indexed 78 files for [serpens66.testlord-serp-fixesprobe] in [Global] asset mode from [C:\Users\Serpens66\AppData\LocalLow\Firefly Studios\Stronghold Crusader Definitive Edition\CustomLords\testlord_serp_fixesprobe] in 0 ms.
[Warning:  SHCDE-SE] [T1-22:56:22.096] [GameAssetModManager] [RegisterAssetModCore] Mod has no sprite logo at [Override/Assets/GUI/Sprites/serpens66.testlord-serp-fixesprobe.png] in [C:\Users\Serpens66\AppData\LocalLow\Firefly Studios\Stronghold Crusader Definitive Edition\CustomLords\testlord_serp_fixesprobe] - This may be ignored.
[Info   :  SHCDE-SE] [T1-22:56:22.096] [GameTranslateAPI] [LoadModLocalizations] Loaded 0 localization files from C:\Users\Serpens66\AppData\LocalLow\Firefly Studios\Stronghold Crusader Definitive Edition\CustomLords\testlord_serp_fixesprobe
[Info   :  SHCDE-SE] [T1-22:56:22.096] [GameAssetModManager] [RegisterAssetModCore] Mod [Fixes Override Probe Lord] has no Lua scripts (Scripts/init.lua not found) - This is fine.
[Info   :  SHCDE-SE] [T1-22:56:22.096] [GameAIManagerAPI] [BuildLordEntry] Added custom lord: [testlord_serp_fixesprobe]
[Info   :  SHCDE-SE] [T1-22:56:22.096] [GameAIManagerAPI] [BuildLordEntry] Assigned lord [testlord_serp_fixesprobe] message type [IncomingMessage] via key [IncomingMessage]
[Info   :  SHCDE-SE] [T1-22:56:22.096] [GameAIManagerAPI] [BuildLordEntry] Assigned lord [testlord_serp_fixesprobe] message type [Taunt1] via key [Taunt1]
[Info   :  SHCDE-SE] [T1-22:56:22.096] [GameAIManagerAPI] [BuildLordEntry] Assigned lord [testlord_serp_fixesprobe] message type [Taunt2] via key [Taunt2]
[Info   :  SHCDE-SE] [T1-22:56:22.096] [GameAIManagerAPI] [BuildLordEntry] Assigned lord [testlord_serp_fixesprobe] message type [Taunt3] via key [Taunt3]
[Info   :  SHCDE-SE] [T1-22:56:22.096] [GameAIManagerAPI] [BuildLordEntry] Assigned lord [testlord_serp_fixesprobe] message type [Taunt4] via key [Taunt4]
[Info   :  SHCDE-SE] [T1-22:56:22.096] [GameAIManagerAPI] [BuildLordEntry] Assigned lord [testlord_serp_fixesprobe] message type [AngrySiegeLost] via key [AngrySiegeLost]
[Info   :  SHCDE-SE] [T1-22:56:22.096] [GameAIManagerAPI] [BuildLordEntry] Assigned lord [testlord_serp_fixesprobe] message type [AngryCastleDamaged] via key [AngryCastleDamaged]
[Info   :  SHCDE-SE] [T1-22:56:22.096] [GameAIManagerAPI] [BuildLordEntry] Assigned lord [testlord_serp_fixesprobe] message type [Defeat] via key [Defeat]
[Info   :  SHCDE-SE] [T1-22:56:22.096] [GameAIManagerAPI] [BuildLordEntry] Assigned lord [testlord_serp_fixesprobe] message type [NervPreSiege] via key [NervPreSiege]
[Info   :  SHCDE-SE] [T1-22:56:22.096] [GameAIManagerAPI] [BuildLordEntry] Assigned lord [testlord_serp_fixesprobe] message type [NervWeak] via key [NervWeak]
[Info   :  SHCDE-SE] [T1-22:56:22.096] [GameAIManagerAPI] [BuildLordEntry] Assigned lord [testlord_serp_fixesprobe] message type [VictoryGood] via key [VictoryGood]
[Info   :  SHCDE-SE] [T1-22:56:22.096] [GameAIManagerAPI] [BuildLordEntry] Assigned lord [testlord_serp_fixesprobe] message type [KillPlayer] via key [KillPlayer]
[Info   :  SHCDE-SE] [T1-22:56:22.096] [GameAIManagerAPI] [BuildLordEntry] Assigned lord [testlord_serp_fixesprobe] message type [RequestGoods] via key [RequestGoods]
[Info   :  SHCDE-SE] [T1-22:56:22.096] [GameAIManagerAPI] [BuildLordEntry] Assigned lord [testlord_serp_fixesprobe] message type [ThankGoods] via key [ThankGoods]
[Info   :  SHCDE-SE] [T1-22:56:22.096] [GameAIManagerAPI] [BuildLordEntry] Assigned lord [testlord_serp_fixesprobe] message type [DieAlly] via key [DieAlly]
[Info   :  SHCDE-SE] [T1-22:56:22.096] [GameAIManagerAPI] [BuildLordEntry] Assigned lord [testlord_serp_fixesprobe] message type [CongratsOnKill] via key [CongratsOnKill]
[Info   :  SHCDE-SE] [T1-22:56:22.096] [GameAIManagerAPI] [BuildLordEntry] Assigned lord [testlord_serp_fixesprobe] message type [BoastOfKill] via key [BoastOfKill]
[Info   :  SHCDE-SE] [T1-22:56:22.096] [GameAIManagerAPI] [BuildLordEntry] Assigned lord [testlord_serp_fixesprobe] message type [AllyNeedHelp] via key [AllyNeedHelp]
[Info   :FixesAIEvents] [T1-22:56:22.096] [FixesAIEvents] [OnProcessCustomLord] Processing custom AI lord: testlord_serp_fixesprobe
[Info   :  SHCDE-SE] [T1-22:56:22.096] [GameAIManagerAPI] [BuildLordEntry] Assigned lord [testlord_serp_fixesprobe] message type [CantAttack] via key [CantAttack]
[Info   :  SHCDE-SE] [T1-22:56:22.096] [GameAIManagerAPI] [BuildLordEntry] Assigned lord [testlord_serp_fixesprobe] message type [WontAttack] via key [WontAttack]
[Info   :  SHCDE-SE] [T1-22:56:22.096] [GameAIManagerAPI] [BuildLordEntry] Assigned lord [testlord_serp_fixesprobe] message type [CantHelp] via key [CantHelp]
[Info   :  SHCDE-SE] [T1-22:56:22.096] [GameAIManagerAPI] [BuildLordEntry] Assigned lord [testlord_serp_fixesprobe] message type [WontHelp] via key [WontHelp]
[Info   :  SHCDE-SE] [T1-22:56:22.096] [GameAIManagerAPI] [BuildLordEntry] Assigned lord [testlord_serp_fixesprobe] message type [NotSendingGoods] via key [NotSendingGoods]
[Info   :  SHCDE-SE] [T1-22:56:22.096] [GameAIManagerAPI] [BuildLordEntry] Assigned lord [testlord_serp_fixesprobe] message type [SentGoods] via key [SentGoods]
[Info   :  SHCDE-SE] [T1-22:56:22.096] [GameAIManagerAPI] [BuildLordEntry] Assigned lord [testlord_serp_fixesprobe] message type [TeamWinning] via key [TeamWinning]
[Info   :  SHCDE-SE] [T1-22:56:22.096] [GameAIManagerAPI] [BuildLordEntry] Assigned lord [testlord_serp_fixesprobe] message type [TeamLosing] via key [TeamLosing]
[Info   :  SHCDE-SE] [T1-22:56:22.096] [GameAIManagerAPI] [BuildLordEntry] Assigned lord [testlord_serp_fixesprobe] message type [WillSendTroops] via key [WillSendTroops]
[Info   :  SHCDE-SE] [T1-22:56:22.096] [GameAIManagerAPI] [BuildLordEntry] Assigned lord [testlord_serp_fixesprobe] message type [WillAttackEnemy] via key [WillAttackEnemy]
[Info   :FixesAIEvents] [T1-22:56:22.109] [FixesAIEvents] [OnProcessCustomLord] Processing custom AI lord: testlord_serp_fixesprobe
[Info   :FixesAIEvents] [T1-22:56:22.109] [FixesAIEvents] [OnProcessCustomLord] Processing custom AI lord: testlord_serp_fixesprobe
[Info   :FixesAIEvents] [T1-22:56:22.110] [FixesAIEvents] [OnProcessCustomLord] Processing custom AI lord: testlord_serp_fixesprobe
[Info   :FixesAIEvents] [T1-22:56:22.110] [FixesAIEvents] [OnProcessCustomLord] Processing custom AI lord: testlord_serp_fixesprobe
[Info   :FixesAIEvents] [T1-22:56:22.111] [FixesAIEvents] [OnProcessCustomLord] Processing custom AI lord: 3659458903\Nox
[Info   :FixesAIEvents] [T1-22:56:22.432] [FixesAIEvents] [OnProcessCustomLord] Processing custom AI lord: 3659458903\Nox
[Info   :FixesAIEvents] [T1-22:56:22.434] [FixesAIEvents] [OnProcessCustomLord] Processing custom AI lord: 3659458903\Nox
[Info   :FixesAIEvents] [T1-22:56:22.442] [FixesAIEvents] [OnProcessCustomLord] Processing custom AI lord: 3659458903\Nox
[Info   :FixesAIEvents] [T1-22:56:22.443] [FixesAIEvents] [OnProcessCustomLord] Processing custom AI lord: 3659458903\Nox
[Info   :FixesAIEvents] [T1-22:56:22.443] [FixesAIEvents] [OnProcessCustomLord] Processing custom AI lord: 3659458903\Nox
[Info   :FixesAIEvents] [T1-22:56:22.444] [FixesAIEvents] [OnProcessCustomLord] Processing custom AI lord: 3659458903\Nox
[Info   :FixesAIEvents] [T1-22:56:22.444] [FixesAIEvents] [OnProcessCustomLord] Processing custom AI lord: 3769305376\Krosis' Classic Trail
[Info   :FixesAIEvents] [T1-22:56:22.444] [FixesAIEvents] [OnProcessCustomLord] Processing custom AI lord: 3769305376\Krosis' Classic Trail
[Info   :FixesAIEvents] [T1-22:56:22.444] [FixesAIEvents] [OnProcessCustomLord] Processing custom AI lord: 3769305376\Krosis' Classic Trail
[Info   :FixesAIEvents] [T1-22:56:22.444] [FixesAIEvents] [OnProcessCustomLord] Processing custom AI lord: 3769305376\Krosis' Classic Trail
[Info   :FixesAIEvents] [T1-22:56:22.444] [FixesAIEvents] [OnProcessCustomLord] Processing custom AI lord: 3769305376\Krosis' Classic Trail
[Info   :FixesAIEvents] [T1-22:56:22.444] [FixesAIEvents] [OnProcessCustomLord] Processing custom AI lord: 3769305376\Krosis' Classic Trail
[Info   :FixesAIEvents] [T1-22:56:22.444] [FixesAIEvents] [OnProcessCustomLord] Processing custom AI lord: 3769305376\Krosis' Classic Trail
[Info   :FixesAIEvents] [T1-22:56:22.444] [FixesAIEvents] [OnProcessCustomLord] Processing custom AI lord: 3769305376\Krosis' Classic Trail
[Info   :FixesAIEvents] [T1-22:56:22.444] [FixesAIEvents] [OnProcessCustomLord] Processing custom AI lord: 3769305376\Krosis' Classic Trail
[Info   :FixesAIEvents] [T1-22:56:22.444] [FixesAIEvents] [OnProcessCustomLord] Processing custom AI lord: 3769305376\Krosis' Classic Trail
[Info   :FixesAIEvents] [T1-22:56:22.444] [FixesAIEvents] [OnProcessCustomLord] Processing custom AI lord: 3769305376\Krosis' Classic Trail
[Info   :FixesAIEvents] [T1-22:56:22.444] [FixesAIEvents] [OnProcessCustomLord] Processing custom AI lord: 3769305376\Krosis' Classic Trail
[Info   :FixesAIEvents] [T1-22:56:22.444] [FixesAIEvents] [OnProcessCustomLord] Processing custom AI lord: 3769305376\Krosis' Classic Trail
[Info   :FixesAIEvents] [T1-22:56:22.444] [FixesAIEvents] [OnProcessCustomLord] Processing custom AI lord: 3769305376\Krosis' Classic Trail
[Info   :FixesAIEvents] [T1-22:56:22.444] [FixesAIEvents] [OnProcessCustomLord] Processing custom AI lord: 3769305376\Krosis' Classic Trail
[Info   :FixesAIEvents] [T1-22:56:22.444] [FixesAIEvents] [OnProcessCustomLord] Processing custom AI lord: 3769305376\Krosis' Classic Trail
[Info   :FixesAIEvents] [T1-22:56:22.444] [FixesAIEvents] [OnProcessCustomLord] Processing custom AI lord: 3769305376\Krosis' Classic Trail
[Info   :FixesAIEvents] [T1-22:56:22.444] [FixesAIEvents] [OnProcessCustomLord] Processing custom AI lord: 3769305376\Krosis' Classic Trail
[Info   :FixesAIEvents] [T1-22:56:22.444] [FixesAIEvents] [OnProcessCustomLord] Processing custom AI lord: 3769305376\Krosis' Classic Trail
[Info   :FixesAIEvents] [T1-22:56:22.444] [FixesAIEvents] [OnProcessCustomLord] Processing custom AI lord: 3769305376\Krosis' Classic Trail
[Info   :FixesAIEvents] [T1-22:56:22.444] [FixesAIEvents] [OnProcessCustomLord] Processing custom AI lord: 3769305376\Krosis' Classic Trail
[Info   :FixesAIEvents] [T1-22:56:22.444] [FixesAIEvents] [OnProcessCustomLord] Processing custom AI lord: 3769305376\Krosis' Classic Trail
[Info   :FixesAIEvents] [T1-22:56:22.444] [FixesAIEvents] [OnProcessCustomLord] Processing custom AI lord: 3769305376\Krosis' Classic Trail
[Info   :FixesAIEvents] [T1-22:56:22.444] [FixesAIEvents] [OnProcessCustomLord] Processing custom AI lord: 3769305376\Krosis' Classic Trail
[Info   :FixesAIEvents] [T1-22:56:22.444] [FixesAIEvents] [OnProcessCustomLord] Processing custom AI lord: 3769305376\Krosis' Classic Trail
[Info   :FixesAIEvents] [T1-22:56:22.444] [FixesAIEvents] [OnProcessCustomLord] Processing custom AI lord: 3769305376\Krosis' Classic Trail
[Info   :FixesAIEvents] [T1-22:56:22.444] [FixesAIEvents] [OnProcessCustomLord] Processing custom AI lord: 3769305376\Krosis' Classic Trail
[Info   :FixesAIEvents] [T1-22:56:22.444] [FixesAIEvents] [OnProcessCustomLord] Processing custom AI lord: 3769305376\Krosis' Classic Trail
[Info   :FixesAIEvents] [T1-22:56:22.444] [FixesAIEvents] [OnProcessCustomLord] Processing custom AI lord: 3769305376\Krosis' Classic Trail
[Info   :FixesAIEvents] [T1-22:56:22.444] [FixesAIEvents] [OnProcessCustomLord] Processing custom AI lord: 3769305376\Krosis' Classic Trail
[Info   :FixesAIEvents] [T1-22:56:22.444] [FixesAIEvents] [OnProcessCustomLord] Processing custom AI lord: 3769305376\Krosis' Classic Trail
[Info   :FixesAIEvents] [T1-22:56:22.444] [FixesAIEvents] [OnProcessCustomLord] Processing custom AI lord: 3769305376\Krosis' Classic Trail
[Info   :FixesAIEvents] [T1-22:56:22.444] [FixesAIEvents] [OnProcessCustomLord] Processing custom AI lord: 3769305376\Krosis' Classic Trail
[Info   :FixesAIEvents] [T1-22:56:22.444] [FixesAIEvents] [OnProcessCustomLord] Processing custom AI lord: 3769305376\Krosis' Classic Trail
[Info   :FixesAIEvents] [T1-22:56:22.444] [FixesAIEvents] [OnProcessCustomLord] Processing custom AI lord: 3769305376\Krosis' Classic Trail
[Info   :FixesAIEvents] [T1-22:56:22.444] [FixesAIEvents] [OnProcessCustomLord] Processing custom AI lord: 3769305376\Krosis' Classic Trail
[Info   :FixesAIEvents] [T1-22:56:22.444] [FixesAIEvents] [OnProcessCustomLord] Processing custom AI lord: 3769305376\Krosis' Classic Trail
[Info   :FixesAIEvents] [T1-22:56:22.444] [FixesAIEvents] [OnProcessCustomLord] Processing custom AI lord: 3769305376\Krosis' Classic Trail
[Info   :FixesAIEvents] [T1-22:56:22.444] [FixesAIEvents] [OnProcessCustomLord] Processing custom AI lord: 3769305376\Krosis' Classic Trail
[Info   :FixesAIEvents] [T1-22:56:22.444] [FixesAIEvents] [OnProcessCustomLord] Processing custom AI lord: 3769305376\Krosis' Classic Trail
[Info   :FixesAIEvents] [T1-22:56:22.445] [FixesAIEvents] [OnProcessCustomLord] Processing custom AI lord: 3693412090\Plague Doctor
[Info   :FixesAIEvents] [T1-22:56:22.445] [FixesAIEvents] [OnProcessCustomLord] Processing custom AI lord: 3693412090\Plague Doctor
[Info   :FixesAIEvents] [T1-22:56:22.447] [FixesAIEvents] [OnProcessCustomLord] Processing custom AI lord: 3693412090\Plague Doctor
[Info   :FixesAIEvents] [T1-22:56:22.448] [FixesAIEvents] [OnProcessCustomLord] Processing custom AI lord: 3693412090\Plague Doctor
[Info   :FixesAIEvents] [T1-22:56:22.450] [FixesAIEvents] [OnProcessCustomLord] Processing custom AI lord: 3693412090\Plague Doctor
[Info   :FixesAIEvents] [T1-22:56:22.451] [FixesAIEvents] [OnProcessCustomLord] Processing custom AI lord: 3693412090\Plague Doctor
[Info   :FixesAIEvents] [T1-22:56:22.454] [FixesAIEvents] [OnProcessCustomLord] Processing custom AI lord: 3693412090\Plague Doctor
[Info   :FixesAIEvents] [T1-22:56:22.455] [FixesAIEvents] [OnProcessCustomLord] Processing custom AI lord: 3693412090\Plague Doctor
[Info   :FixesAIEvents] [T1-22:56:22.457] [FixesAIEvents] [OnProcessCustomLord] Processing custom AI lord: 3693412090\Plague Doctor
[Info   :FixesAIEvents] [T1-22:56:22.459] [FixesAIEvents] [OnProcessCustomLord] Processing custom AI lord: 3693412090\Plague Doctor
[Info   :FixesAIEvents] [T1-22:56:22.460] [FixesAIEvents] [OnProcessCustomLord] Processing custom AI lord: 3693412090\Plague Doctor
[Info   :FixesAIEvents] [T1-22:56:22.714] [FixesAIEvents] [OnProcessCustomLord] Processing custom AI lord: 3693412090\Plague Doctor
[Info   :  SHCDE-SE] [T1-22:56:26.121] [GameSpriteManagerAPI] [ApplyRuntimeOverrides] Starting Sprite Override Injection...
[Info   :  SHCDE-SE] [T1-22:56:26.176] [GameSpriteManagerAPI] [ApplyRuntimeOverrides] Replaced 0 sprites (Plain=0, TeamColour=0, Foliage=0) in 54 ms.
[Info   :  SHCDE-SE] [T1-22:56:27.053] [NoesisTextureProvider_Hooks] [NoesisTextureProvider_GetTextureInfo] Registering Mod Texture: Assets/GUI/Sprites/000shcdese
[Info   :  SHCDE-SE] [T1-22:56:27.054] [NoesisTextureProvider_Hooks] [NoesisTextureProvider_GetTextureInfo] Registering Mod Texture: Assets/GUI/Sprites/SerpsMods_Serp
[Info   :  SHCDE-SE] [T1-22:56:27.054] [NoesisTextureProvider_Hooks] [NoesisTextureProvider_GetTextureInfo] Registering Mod Texture: Assets/GUI/Sprites/fixes
[Info   :  SHCDE-SE] [T1-22:56:30.320] [BulkMapLoaderDetours] [c_game_unload_map_hook_impl] pTileManager=00007FFABBF8EDB0, preventNotification=False
[Info   :  SHCDE-SE] [T1-22:56:30.320] [GameMapArchiveManagerAPI] [OnUnloadMap] Unloading archive
[Info   :  SHCDE-SE] [T1-22:56:30.320] [GameMapArchiveManagerAPI] [RemoveActiveArchive] Attempting to remove active archive
[Info   :  SHCDE-SE] [T1-22:56:30.320] [LuaManager] [OnUnloadMap] Attempting to unload lua state due to event, phase: Pre
[Info   :  SHCDE-SE] [T1-22:56:30.320] [LuaManager] [TryUnload] Attempting to unload lua state
[Warning:  SHCDE-SE] [T1-22:56:30.320] [LuaManager] [TryUnload] Lua state already unloaded!
[Info   :  SHCDE-SE] [T1-22:56:30.323] [DeterministicRandom] [OnUnloadMap] uninitializing shared state.
[Info   :  SHCDE-SE] [T1-22:56:30.323] [GamePlayerManagerAPI] [OnUnloadMap] Unloading
[Info   :  SHCDE-SE] [T1-22:56:30.323] [GameUnitManagerAPI] [OnUnloadMap] Unloading
[Info   :  SHCDE-SE] [T1-22:56:30.324] [GameBuildingManagerAPI] [OnUnloadMap] Unloading
[Info   :  SHCDE-SE] [T1-22:56:30.325] [GameMetadataManagerAPI] [OnUnloadMap] Unloading metadata
[Info   :  SHCDE-SE] [T1-22:56:30.325] [GameSoundManagerAPI] [Unload] Unloading sounds
[Info   :  SHCDE-SE] [T1-22:56:30.326] [GameSoundManagerAPI] [Unload] Unloading sounds complete
[Info   :  SHCDE-SE] [T1-22:56:30.326] [GameTriggerManager] [OnUnloadMap] Unloading
[Info   :  SHCDE-SE] [T1-22:56:30.326] [GameTimeManagerAPI] [OnUnloadMap] Unloading
[Info   :  SHCDE-SE] [T1-22:56:30.327] [GameAfterImageManager] [OnUnloadMap] Unloading active effects
[Info   :  SHCDE-SE] [T1-22:56:30.327] [GameBundleManager] [OnUnloadMap] Unloading
[Info   :  SHCDE-SE] [T1-22:56:30.345] [GameMapArchiveManagerAPI] [OnUnloadMap] Unloading archive
[Info   :  SHCDE-SE] [T1-22:56:30.345] [GameMapArchiveManagerAPI] [RemoveActiveArchive] Attempting to remove active archive
[Info   :  SHCDE-SE] [T1-22:56:30.345] [DeterministicRandom] [OnUnloadMap] uninitializing shared state.
[Info   :  SHCDE-SE] [T1-22:56:30.345] [GamePlayerManagerAPI] [OnUnloadMap] Unloading
[Info   :  SHCDE-SE] [T1-22:56:30.345] [GameUnitManagerAPI] [OnUnloadMap] Unloading
[Info   :  SHCDE-SE] [T1-22:56:30.345] [GameBuildingManagerAPI] [OnUnloadMap] Unloading
[Info   :  SHCDE-SE] [T1-22:56:30.345] [GameMetadataManagerAPI] [OnUnloadMap] Unloading metadata
[Info   :  SHCDE-SE] [T1-22:56:30.345] [GameSoundManagerAPI] [Unload] Unloading sounds
[Info   :  SHCDE-SE] [T1-22:56:30.345] [GameSoundManagerAPI] [Unload] Unloading sounds complete
[Info   :  SHCDE-SE] [T1-22:56:30.345] [GameTriggerManager] [OnUnloadMap] Unloading
[Info   :  SHCDE-SE] [T1-22:56:30.345] [GameTimeManagerAPI] [OnUnloadMap] Unloading
[Info   :  SHCDE-SE] [T1-22:56:30.345] [GameAfterImageManager] [OnUnloadMap] Unloading active effects
[Info   :  SHCDE-SE] [T1-22:56:30.345] [GameBundleManager] [OnUnloadMap] Unloading
[Info   :  SHCDE-SE] [T1-22:56:30.349] [BulkMapLoaderDetours] [c_game_unload_map_hook_impl] pTileManager=00007FFABBF8EDB0, preventNotification=False
[Info   :  SHCDE-SE] [T1-22:56:30.349] [GameMapArchiveManagerAPI] [OnUnloadMap] Unloading archive
[Info   :  SHCDE-SE] [T1-22:56:30.349] [GameMapArchiveManagerAPI] [RemoveActiveArchive] Attempting to remove active archive
[Info   :  SHCDE-SE] [T1-22:56:30.349] [LuaManager] [OnUnloadMap] Attempting to unload lua state due to event, phase: Pre
[Info   :  SHCDE-SE] [T1-22:56:30.349] [LuaManager] [TryUnload] Attempting to unload lua state
[Warning:  SHCDE-SE] [T1-22:56:30.349] [LuaManager] [TryUnload] Lua state already unloaded!
[Info   :  SHCDE-SE] [T1-22:56:30.349] [DeterministicRandom] [OnUnloadMap] uninitializing shared state.
[Info   :  SHCDE-SE] [T1-22:56:30.349] [GamePlayerManagerAPI] [OnUnloadMap] Unloading
[Info   :  SHCDE-SE] [T1-22:56:30.349] [GameUnitManagerAPI] [OnUnloadMap] Unloading
[Info   :  SHCDE-SE] [T1-22:56:30.349] [GameBuildingManagerAPI] [OnUnloadMap] Unloading
[Info   :  SHCDE-SE] [T1-22:56:30.349] [GameMetadataManagerAPI] [OnUnloadMap] Unloading metadata
[Info   :  SHCDE-SE] [T1-22:56:30.349] [GameSoundManagerAPI] [Unload] Unloading sounds
[Info   :  SHCDE-SE] [T1-22:56:30.349] [GameSoundManagerAPI] [Unload] Unloading sounds complete
[Info   :  SHCDE-SE] [T1-22:56:30.349] [GameTriggerManager] [OnUnloadMap] Unloading
[Info   :  SHCDE-SE] [T1-22:56:30.349] [GameTimeManagerAPI] [OnUnloadMap] Unloading
[Info   :  SHCDE-SE] [T1-22:56:30.349] [GameAfterImageManager] [OnUnloadMap] Unloading active effects
[Info   :  SHCDE-SE] [T1-22:56:30.349] [GameBundleManager] [OnUnloadMap] Unloading
[Info   :  SHCDE-SE] [T1-22:56:30.365] [GameMapArchiveManagerAPI] [OnUnloadMap] Unloading archive
[Info   :  SHCDE-SE] [T1-22:56:30.365] [GameMapArchiveManagerAPI] [RemoveActiveArchive] Attempting to remove active archive
[Info   :  SHCDE-SE] [T1-22:56:30.365] [DeterministicRandom] [OnUnloadMap] uninitializing shared state.
[Info   :  SHCDE-SE] [T1-22:56:30.365] [GamePlayerManagerAPI] [OnUnloadMap] Unloading
[Info   :  SHCDE-SE] [T1-22:56:30.365] [GameUnitManagerAPI] [OnUnloadMap] Unloading
[Info   :  SHCDE-SE] [T1-22:56:30.365] [GameBuildingManagerAPI] [OnUnloadMap] Unloading
[Info   :  SHCDE-SE] [T1-22:56:30.365] [GameMetadataManagerAPI] [OnUnloadMap] Unloading metadata
[Info   :  SHCDE-SE] [T1-22:56:30.365] [GameSoundManagerAPI] [Unload] Unloading sounds
[Info   :  SHCDE-SE] [T1-22:56:30.365] [GameSoundManagerAPI] [Unload] Unloading sounds complete
[Info   :  SHCDE-SE] [T1-22:56:30.365] [GameTriggerManager] [OnUnloadMap] Unloading
[Info   :  SHCDE-SE] [T1-22:56:30.365] [GameTimeManagerAPI] [OnUnloadMap] Unloading
[Info   :  SHCDE-SE] [T1-22:56:30.365] [GameAfterImageManager] [OnUnloadMap] Unloading active effects
[Info   :  SHCDE-SE] [T1-22:56:30.365] [GameBundleManager] [OnUnloadMap] Unloading
[Info   :AIV Lobby Preset Test] Preset Prepare entered; config=E:\ProgrammeE\Steam\steamapps\common\Stronghold Crusader Definitive Edition\BepInEx\config\AivLobbyPresetTest.json, lobby=True
[Info   :AIV Lobby Preset Test] Test series run 1/8: Crossing-forward-off, Completed Castles=0
[Info   :AIV Lobby Preset Test] Validated lobby preset: CrusadesCrossing.map, players=8, mapSha256=B5AB8BCC5C4C2783697EEF4BBE692AE829B2C7D59C4AFF540F79E140C49417FE
[Warning:  SHCDE-SE] [T1-22:56:30.449] [MapArchive] [.ctor] ZIP EOCD-Header not found for [E:\ProgrammeE\Steam\steamapps\common\Stronghold Crusader Definitive Edition\Stronghold Crusader Definitive Edition_Data\StreamingAssets\Maps\Crater Lake.map]. Not a valid archive.
[Warning:  SHCDE-SE] [T1-22:56:30.458] [MapArchive] [.ctor] ZIP EOCD-Header not found for [E:\ProgrammeE\Steam\steamapps\common\Stronghold Crusader Definitive Edition\Stronghold Crusader Definitive Edition_Data\StreamingAssets\Maps\Crater Lake.map]. Not a valid archive.
[Warning:  SHCDE-SE] [T1-22:56:30.463] [MapArchive] [.ctor] ZIP EOCD-Header not found for [E:\ProgrammeE\Steam\steamapps\common\Stronghold Crusader Definitive Edition\Stronghold Crusader Definitive Edition_Data\StreamingAssets\Maps\Crater Lake.map]. Not a valid archive.
[Info   :CastlePlanner] [2026-09-24 22:56:30.469] AIV lobby placement: active=True, host=True.
[Debug  :Bugfixes and QoL] [2026-09-24 22:56:30.483] Bugfixes and QoL market-goods visuals resolved: icons=20/20, localizedNames=20/20, gameSprites=747.
[Debug  :Extended Data] [2026-09-24 22:56:30.691] Initialized custom presentation for Coop Trail 1; phase=loaded.
[Debug  :Extended Data] [2026-09-24 22:56:30.691] Initialized custom presentation for Coop Trail 2; phase=loaded.
[Debug  :Extended Data] [2026-09-24 22:56:30.693] Initialized custom presentation for Coop Trail 3; phase=loaded.
[Debug  :Extended Data] [2026-09-24 22:56:30.693] Initialized custom presentation for Coop Trail 4; phase=loaded.
[Info   :AIV Lobby Preset Test] Lobby observed: skirmish=True, host=True, visible=True, panelActive=True, managedViewNull=False, noesisViewNull=False
[Info   :AIV Lobby Preset Test] Lobby bridge before Tick: assembly=E:\ProgrammeE\Steam\steamapps\common\Stronghold Crusader Definitive Edition\BepInEx\plugins\APIShared_Serp\APIShared.dll, owner=AivLobbyPresetTest_Serp, callback=AivLobbyPresetTest.AivLobbyPresetTestPlugin, sameLobby=True, prepared=False, active=True, applyAttempted=False
[Info   :AIV Lobby Preset Test] Preset Prepare entered; config=E:\ProgrammeE\Steam\steamapps\common\Stronghold Crusader Definitive Edition\BepInEx\config\AivLobbyPresetTest.json, lobby=True
[Info   :AIV Lobby Preset Test] Test series run 1/8: Crossing-forward-off, Completed Castles=0
[Info   :AIV Lobby Preset Test] Validated lobby preset: CrusadesCrossing.map, players=8, mapSha256=B5AB8BCC5C4C2783697EEF4BBE692AE829B2C7D59C4AFF540F79E140C49417FE
[Info   :AIV Lobby Preset Test] Preset Apply entered; map=E:\ProgrammeE\Steam\steamapps\common\Stronghold Crusader Definitive Edition\Stronghold Crusader Definitive Edition_Data\StreamingAssets\Maps\CrusadesCrossing.map, players=8
[Warning:  SHCDE-SE] [T1-22:56:30.740] [MapArchive] [.ctor] ZIP EOCD-Header not found for [E:\ProgrammeE\Steam\steamapps\common\Stronghold Crusader Definitive Edition\Stronghold Crusader Definitive Edition_Data\StreamingAssets\Maps\CrusadesCrossing.map]. Not a valid archive.
[Warning:  SHCDE-SE] [T1-22:56:30.760] [MapArchive] [.ctor] ZIP EOCD-Header not found for [E:\ProgrammeE\Steam\steamapps\common\Stronghold Crusader Definitive Edition\Stronghold Crusader Definitive Edition_Data\StreamingAssets\Maps\CrusadesCrossing.map]. Not a valid archive.
[Info   :AIV Lobby Preset Test] Preset player=1 lord=human keepSlot=5 keep=112,386
[Info   :AIV Lobby Preset Test] Preset player=2 lord=3 keepSlot=0 keep=510,495 AIVs=Default 7 rotation=auto aivDataSha256=19CEAC2617F85A992BAFC445C73A2F044A635C918C7EF9C34B3E6613D0C9A3B6
[Info   :AIV Lobby Preset Test] Preset player=3 lord=17 keepSlot=1 keep=548,483 AIVs=Default 2 rotation=auto aivDataSha256=4F99F5AC0340057147C05E8F22E11341FF7429BF6671EAFB54D45865523F5D5C
[Info   :AIV Lobby Preset Test] Preset player=4 lord=12 keepSlot=2 keep=592,304 AIVs=Default 6 rotation=auto aivDataSha256=F1D404B8018A15FA56F7ED340D54FFC544CBC507589C2DD757D4E6C00CE64158
[Info   :AIV Lobby Preset Test] Preset player=5 lord=14 keepSlot=3 keep=376,672 AIVs=Default 7 rotation=auto aivDataSha256=DE54F8D2382B33263BBF3F8E8C6E1C9D64DFFEE9AEFC4F49F622557084BD8D1D
[Info   :AIV Lobby Preset Test] Preset player=6 lord=11 keepSlot=4 keep=441,636 AIVs=Default 1 rotation=auto aivDataSha256=70C520BEA3D658F2B7F591630D9B30B493D7C80D32883444792F3D0B8A911D84
[Info   :AIV Lobby Preset Test] Preset player=7 lord=15 keepSlot=6 keep=210,321 AIVs=Default 2 rotation=auto aivDataSha256=5B6CA96B80D5F35EC83125E58E15E42D59B125B92DEAD469C321E1EC845B6A41
[Info   :AIV Lobby Preset Test] Preset player=8 lord=16 keepSlot=7 keep=338,181 AIVs=Default 5 rotation=auto aivDataSha256=2A0550938D2DDD4797800159589F287D0CCA9F77C48027880CB1153C69DE6DD0
[Info   :AIV Lobby Preset Test] Test series preset applied: Crossing-forward-off, Completed Castles=0.
[Info   :AIV Lobby Preset Test] Lobby bridge after Tick: assembly=E:\ProgrammeE\Steam\steamapps\common\Stronghold Crusader Definitive Edition\BepInEx\plugins\APIShared_Serp\APIShared.dll, owner=AivLobbyPresetTest_Serp, callback=AivLobbyPresetTest.AivLobbyPresetTestPlugin, sameLobby=True, prepared=True, active=True, applyAttempted=True
[Info   :CastlePlanner] [2026-09-24 22:56:31.061] AIV lobby placement result: generation=2, playerId=2, preBuild=0, status=Partial, evaluableCandidates=1/1, selectedCandidate=0, rotation=Degrees90, possibleCandidates=0, possibleRotations=Degrees90, reason=None: .
[Info   :CastlePlanner] [2026-09-24 22:56:31.061] AIV lobby placement result: generation=2, playerId=3, preBuild=0, status=NotEvaluable, evaluableCandidates=0/1, selectedCandidate=none, rotation=unknown, possibleCandidates=unproven, possibleRotations=unproven, reason=PriorAiSelectionUnknown: A possible earlier start cannot be proven (StartOverlapUnproven: This AIV reads tiles near an earlier AI start whose native construction is not fully proven.)..
[Info   :CastlePlanner] [2026-09-24 22:56:31.061] AIV lobby placement result: generation=2, playerId=4, preBuild=0, status=NotEvaluable, evaluableCandidates=0/0, selectedCandidate=none, rotation=unknown, possibleCandidates=unproven, possibleRotations=unproven, reason=PriorAiSelectionUnknown: Earlier AI player 3 has no proven start state (StartOverlapUnproven: a possible candidate, rotation or start marker is not proven)..
[Info   :CastlePlanner] [2026-09-24 22:56:31.063] AIV lobby placement result: generation=2, playerId=5, preBuild=0, status=NotEvaluable, evaluableCandidates=0/0, selectedCandidate=none, rotation=unknown, possibleCandidates=unproven, possibleRotations=unproven, reason=PriorAiSelectionUnknown: Earlier AI player 3 has no proven start state (StartOverlapUnproven: a possible candidate, rotation or start marker is not proven)..
[Info   :CastlePlanner] [2026-09-24 22:56:31.063] AIV lobby placement result: generation=2, playerId=6, preBuild=0, status=NotEvaluable, evaluableCandidates=0/0, selectedCandidate=none, rotation=unknown, possibleCandidates=unproven, possibleRotations=unproven, reason=PriorAiSelectionUnknown: Earlier AI player 3 has no proven start state (StartOverlapUnproven: a possible candidate, rotation or start marker is not proven)..
[Info   :CastlePlanner] [2026-09-24 22:56:31.063] AIV lobby placement result: generation=2, playerId=7, preBuild=0, status=NotEvaluable, evaluableCandidates=0/0, selectedCandidate=none, rotation=unknown, possibleCandidates=unproven, possibleRotations=unproven, reason=PriorAiSelectionUnknown: Earlier AI player 3 has no proven start state (StartOverlapUnproven: a possible candidate, rotation or start marker is not proven)..
[Info   :CastlePlanner] [2026-09-24 22:56:31.063] AIV lobby placement result: generation=2, playerId=8, preBuild=0, status=NotEvaluable, evaluableCandidates=0/0, selectedCandidate=none, rotation=unknown, possibleCandidates=unproven, possibleRotations=unproven, reason=PriorAiSelectionUnknown: Earlier AI player 3 has no proven start state (StartOverlapUnproven: a possible candidate, rotation or start marker is not proven)..
[Info   :Active AIV Detector] [2026-09-24 22:56:32.716] Captured skirmish option before StartSkirmishGame: advopt_pre_build=0, mode=disabled.
[Info   :Active AIV Detector] [2026-09-24 22:56:32.717] Captured lord/AIV metadata for 7 AI lobby slots before StartSkirmishGame.
[Info   :  SHCDE-SE] [T1-22:56:32.757] [BulkMapLoaderDetours] [c_game_unload_map_hook_impl] pTileManager=00007FFABBF8EDB0, preventNotification=False
[Info   :  SHCDE-SE] [T1-22:56:32.757] [GameMapArchiveManagerAPI] [OnUnloadMap] Unloading archive
[Info   :  SHCDE-SE] [T1-22:56:32.757] [GameMapArchiveManagerAPI] [RemoveActiveArchive] Attempting to remove active archive
[Info   :  SHCDE-SE] [T1-22:56:32.757] [LuaManager] [OnUnloadMap] Attempting to unload lua state due to event, phase: Pre
[Info   :  SHCDE-SE] [T1-22:56:32.757] [LuaManager] [TryUnload] Attempting to unload lua state
[Warning:  SHCDE-SE] [T1-22:56:32.757] [LuaManager] [TryUnload] Lua state already unloaded!
[Info   :  SHCDE-SE] [T1-22:56:32.758] [DeterministicRandom] [OnUnloadMap] uninitializing shared state.
[Info   :  SHCDE-SE] [T1-22:56:32.758] [GamePlayerManagerAPI] [OnUnloadMap] Unloading
[Info   :  SHCDE-SE] [T1-22:56:32.758] [GameUnitManagerAPI] [OnUnloadMap] Unloading
[Info   :  SHCDE-SE] [T1-22:56:32.758] [GameBuildingManagerAPI] [OnUnloadMap] Unloading
[Info   :  SHCDE-SE] [T1-22:56:32.758] [GameMetadataManagerAPI] [OnUnloadMap] Unloading metadata
[Info   :  SHCDE-SE] [T1-22:56:32.758] [GameSoundManagerAPI] [Unload] Unloading sounds
[Info   :  SHCDE-SE] [T1-22:56:32.758] [GameSoundManagerAPI] [Unload] Unloading sounds complete
[Info   :  SHCDE-SE] [T1-22:56:32.758] [GameTriggerManager] [OnUnloadMap] Unloading
[Info   :  SHCDE-SE] [T1-22:56:32.758] [GameTimeManagerAPI] [OnUnloadMap] Unloading
[Info   :  SHCDE-SE] [T1-22:56:32.758] [GameAfterImageManager] [OnUnloadMap] Unloading active effects
[Info   :  SHCDE-SE] [T1-22:56:32.758] [GameBundleManager] [OnUnloadMap] Unloading
[Info   :  SHCDE-SE] [T1-22:56:32.782] [GameMapArchiveManagerAPI] [OnUnloadMap] Unloading archive
[Info   :  SHCDE-SE] [T1-22:56:32.782] [GameMapArchiveManagerAPI] [RemoveActiveArchive] Attempting to remove active archive
[Info   :  SHCDE-SE] [T1-22:56:32.782] [DeterministicRandom] [OnUnloadMap] uninitializing shared state.
[Info   :  SHCDE-SE] [T1-22:56:32.782] [GamePlayerManagerAPI] [OnUnloadMap] Unloading
[Info   :  SHCDE-SE] [T1-22:56:32.782] [GameUnitManagerAPI] [OnUnloadMap] Unloading
[Info   :  SHCDE-SE] [T1-22:56:32.782] [GameBuildingManagerAPI] [OnUnloadMap] Unloading
[Info   :  SHCDE-SE] [T1-22:56:32.783] [GameMetadataManagerAPI] [OnUnloadMap] Unloading metadata
[Info   :  SHCDE-SE] [T1-22:56:32.783] [GameSoundManagerAPI] [Unload] Unloading sounds
[Info   :  SHCDE-SE] [T1-22:56:32.783] [GameSoundManagerAPI] [Unload] Unloading sounds complete
[Info   :  SHCDE-SE] [T1-22:56:32.783] [GameTriggerManager] [OnUnloadMap] Unloading
[Info   :  SHCDE-SE] [T1-22:56:32.783] [GameTimeManagerAPI] [OnUnloadMap] Unloading
[Info   :  SHCDE-SE] [T1-22:56:32.783] [GameAfterImageManager] [OnUnloadMap] Unloading active effects
[Info   :  SHCDE-SE] [T1-22:56:32.783] [GameBundleManager] [OnUnloadMap] Unloading
[Info   :  SHCDE-SE] [T1-22:56:32.787] [BulkMapLoaderDetours] [c_game_unload_map_hook_impl] pTileManager=00007FFABBF8EDB0, preventNotification=False
[Info   :  SHCDE-SE] [T1-22:56:32.787] [GameMapArchiveManagerAPI] [OnUnloadMap] Unloading archive
[Info   :  SHCDE-SE] [T1-22:56:32.787] [GameMapArchiveManagerAPI] [RemoveActiveArchive] Attempting to remove active archive
[Info   :  SHCDE-SE] [T1-22:56:32.787] [LuaManager] [OnUnloadMap] Attempting to unload lua state due to event, phase: Pre
[Info   :  SHCDE-SE] [T1-22:56:32.787] [LuaManager] [TryUnload] Attempting to unload lua state
[Warning:  SHCDE-SE] [T1-22:56:32.787] [LuaManager] [TryUnload] Lua state already unloaded!
[Info   :  SHCDE-SE] [T1-22:56:32.787] [DeterministicRandom] [OnUnloadMap] uninitializing shared state.
[Info   :  SHCDE-SE] [T1-22:56:32.787] [GamePlayerManagerAPI] [OnUnloadMap] Unloading
[Info   :  SHCDE-SE] [T1-22:56:32.787] [GameUnitManagerAPI] [OnUnloadMap] Unloading
[Info   :  SHCDE-SE] [T1-22:56:32.787] [GameBuildingManagerAPI] [OnUnloadMap] Unloading
[Info   :  SHCDE-SE] [T1-22:56:32.787] [GameMetadataManagerAPI] [OnUnloadMap] Unloading metadata
[Info   :  SHCDE-SE] [T1-22:56:32.787] [GameSoundManagerAPI] [Unload] Unloading sounds
[Info   :  SHCDE-SE] [T1-22:56:32.787] [GameSoundManagerAPI] [Unload] Unloading sounds complete
[Info   :  SHCDE-SE] [T1-22:56:32.787] [GameTriggerManager] [OnUnloadMap] Unloading
[Info   :  SHCDE-SE] [T1-22:56:32.787] [GameTimeManagerAPI] [OnUnloadMap] Unloading
[Info   :  SHCDE-SE] [T1-22:56:32.787] [GameAfterImageManager] [OnUnloadMap] Unloading active effects
[Info   :  SHCDE-SE] [T1-22:56:32.787] [GameBundleManager] [OnUnloadMap] Unloading
[Info   :  SHCDE-SE] [T1-22:56:32.803] [GameMapArchiveManagerAPI] [OnUnloadMap] Unloading archive
[Info   :  SHCDE-SE] [T1-22:56:32.803] [GameMapArchiveManagerAPI] [RemoveActiveArchive] Attempting to remove active archive
[Info   :  SHCDE-SE] [T1-22:56:32.803] [DeterministicRandom] [OnUnloadMap] uninitializing shared state.
[Info   :  SHCDE-SE] [T1-22:56:32.803] [GamePlayerManagerAPI] [OnUnloadMap] Unloading
[Info   :  SHCDE-SE] [T1-22:56:32.803] [GameUnitManagerAPI] [OnUnloadMap] Unloading
[Info   :  SHCDE-SE] [T1-22:56:32.803] [GameBuildingManagerAPI] [OnUnloadMap] Unloading
[Info   :  SHCDE-SE] [T1-22:56:32.803] [GameMetadataManagerAPI] [OnUnloadMap] Unloading metadata
[Info   :  SHCDE-SE] [T1-22:56:32.803] [GameSoundManagerAPI] [Unload] Unloading sounds
[Info   :  SHCDE-SE] [T1-22:56:32.803] [GameSoundManagerAPI] [Unload] Unloading sounds complete
[Info   :  SHCDE-SE] [T1-22:56:32.803] [GameTriggerManager] [OnUnloadMap] Unloading
[Info   :  SHCDE-SE] [T1-22:56:32.803] [GameTimeManagerAPI] [OnUnloadMap] Unloading
[Info   :  SHCDE-SE] [T1-22:56:32.803] [GameAfterImageManager] [OnUnloadMap] Unloading active effects
[Info   :  SHCDE-SE] [T1-22:56:32.804] [GameBundleManager] [OnUnloadMap] Unloading
[Info   :  SHCDE-SE] [T1-22:56:32.804] [BulkAIDetours] [c_game_dll_importaiv_hook_impl] Loaded AIV bank=-1, variant=-1, elementCount=0, isCustom=0
[Info   :  SHCDE-SE] [T1-22:56:32.805] [BulkAIDetours] [c_game_dll_importaiv_hook_impl] Loaded AIV bank=1, variant=0, elementCount=4798, isCustom=1
[Info   :  SHCDE-SE] [T1-22:56:32.805] [BulkAIDetours] [c_game_dll_importaiv_hook_impl] Loaded AIV bank=2, variant=0, elementCount=1409, isCustom=1
[Info   :  SHCDE-SE] [T1-22:56:32.805] [BulkAIDetours] [c_game_dll_importaiv_hook_impl] Loaded AIV bank=3, variant=0, elementCount=1678, isCustom=1
[Info   :  SHCDE-SE] [T1-22:56:32.805] [BulkAIDetours] [c_game_dll_importaiv_hook_impl] Loaded AIV bank=4, variant=0, elementCount=651, isCustom=1
[Info   :  SHCDE-SE] [T1-22:56:32.805] [BulkAIDetours] [c_game_dll_importaiv_hook_impl] Loaded AIV bank=5, variant=0, elementCount=1006, isCustom=1
[Info   :  SHCDE-SE] [T1-22:56:32.805] [BulkAIDetours] [c_game_dll_importaiv_hook_impl] Loaded AIV bank=6, variant=0, elementCount=1301, isCustom=1
[Info   :  SHCDE-SE] [T1-22:56:32.805] [BulkAIDetours] [c_game_dll_importaiv_hook_impl] Loaded AIV bank=7, variant=0, elementCount=1082, isCustom=1
[Info   : APIShared] [2026-09-24 22:56:32.807] MissionInitialization: session=1, source=NewGame, mode=CustomGame, phase=BeforeLoad, reason=None, started=False, replay=False.
[Info   :Active AIV Detector] [2026-09-24 22:56:32.808] Active AIV detector reset for map load; waiting for finalized AI selections. retainedPendingLobbyMetadata=True, retainedPendingPreBuildSetting=True.
[Info   :Unit Limit] [2026-09-24 22:56:32.865] [Unit Limit] gameplay-mod gate: modGuid=UnitLimit_Serp, source=MissionInitialization(BeforeLoad, session=1), kind=CustomGame, launchVariant=Standard, customized=False, customizedOrigin=0, modeAllowed=True, configuredEnabled=True, effectiveEnabled=True, action=enabled, reason=custom-game.
[Info   :Unit Limit] [2026-09-24 22:56:32.865] [UnitLimit_Serp] gameplay-feature gate: feature=UnitLimitEnforcement, source=MissionInitialization(BeforeLoad, session=1), kind=CustomGame, launchVariant=Standard, realMultiplayer=False, modeAllowed=True, action=enabled, reason=feature-context-allowed.
[Debug  :Unit Limit] [2026-09-24 22:56:32.865] Subscribing unit limit runtime hooks
[Debug  :Unit Limit] [2026-09-24 22:56:32.866] ActiveUnitCache hooks subscribed.
[Debug  :Unit Limit] [2026-09-24 22:56:32.867] ActiveSiegeTentCache hooks subscribed.
[Debug  :Unit Limit] [2026-09-24 22:56:32.868] UnitLimit MakeTroop GameAction hook installed.
[Debug  :Unit Limit] [2026-09-24 22:56:32.871] UnitLimit create troop hover hooks installed.
[Debug  :Unit Limit] [2026-09-24 22:56:32.873] UnitLimit recruitment availability UI hook installed.
[Debug  :Unit Limit] [2026-09-24 22:56:32.874] UnitLimit siege build hover hooks installed.
[Debug  :Unit Limit] [2026-09-24 22:56:32.874] Unit limit runtime hooks subscribed
[Debug  :Unit Limit] [2026-09-24 22:56:32.875] Applied active unit limit rules: 32
[Info   :Extra Features] [2026-09-24 22:56:32.879] [Extra Features] gameplay-mod gate: modGuid=ExtraFeatures_Serp, source=MissionInitialization(BeforeLoad, session=1), kind=CustomGame, launchVariant=Standard, customized=False, customizedOrigin=0, modeAllowed=True, configuredEnabled=True, effectiveEnabled=True, action=enabled, reason=custom-game.
[Info   :Extra Features] [2026-09-24 22:56:32.879] [ExtraFeatures_Serp] gameplay-feature gate: feature=LordHealthMultipliers, source=MissionInitialization(BeforeLoad, session=1), kind=CustomGame, launchVariant=Standard, realMultiplayer=False, modeAllowed=True, action=enabled, reason=feature-context-allowed.
[Info   :  SHCDE-SE] [T1-22:56:32.883] [X64InlineHook] ["drawbridgeHeightFailureWriterHook"] compiled stub at 0x00007FFA480A4C30, size: 255 bytes (target: 0x00007FFAB7FA870B).
[Info   :  SHCDE-SE] [T1-22:56:32.884] [X64InlineHook] ["aivAudienceCaptureHook"] compiled stub at 0x00007FFA480A4F90, size: 270 bytes (target: 0x00007FFAB7F89730).
[Info   :  SHCDE-SE] [T1-22:56:32.884] [X64InlineHook] ["aivHeightGateHook"] compiled stub at 0x00007FFA480A5340, size: 81 bytes (target: 0x00007FFAB7F89827).
[Info   :  SHCDE-SE] [T1-22:56:32.885] [X64InlineHook] ["moatCommandHeightGateHook"] compiled stub at 0x00007FFA480A5460, size: 104 bytes (target: 0x00007FFAB7F8CC1E).
[Info   :  SHCDE-SE] [T1-22:56:32.885] [X64InlineHook] ["sharedHeightGateHook"] compiled stub at 0x00007FFA480A5600, size: 116 bytes (target: 0x00007FFAB7FA04CC).
[Info   :  SHCDE-SE] [T1-22:56:32.885] [X64InlineHook] ["aivCompletedHeightHook"] compiled stub at 0x00007FFA480A57E0, size: 272 bytes (target: 0x00007FFAB7F899E7).
[Info   :  SHCDE-SE] [T1-22:56:32.886] [X64InlineHook] ["excavationCompletedHeightHook"] compiled stub at 0x00007FFA480A5B70, size: 271 bytes (target: 0x00007FFAB7F93A65).
[Info   :  SHCDE-SE] [T1-22:56:32.886] [X64InlineHook] ["loweredDrawbridgeHeightWriteHook"] compiled stub at 0x00007FFA480A5F00, size: 73 bytes (target: 0x00007FFAB7F94546).
[Info   :  SHCDE-SE] [T1-22:56:32.886] [X64InlineHook] ["directCompletedHeightHook"] compiled stub at 0x00007FFA480A6010, size: 277 bytes (target: 0x00007FFAB7FA05F7).
[Info   :  SHCDE-SE] [T1-22:56:32.887] [X64InlineHook] ["completedDrawbridgeHeightWriteHook"] compiled stub at 0x00007FFA480A63A0, size: 89 bytes (target: 0x00007FFAB7FA3B35).
[Info   :  SHCDE-SE] [T1-22:56:32.888] [X64InlineHook] ["drawbridgeSpecialRendererHook"] compiled stub at 0x00007FFA480A64D0, size: 100 bytes (target: 0x00007FFAB7F75820).
[Info   :  SHCDE-SE] [T1-22:56:32.889] [X64InlineHook] ["drawbridgeAnimatedRendererArgumentsHook"] compiled stub at 0x00007FFA480A6660, size: 116 bytes (target: 0x00007FFAB7F73BA2).
[Info   :  SHCDE-SE] [T1-22:56:32.890] [X64InlineHook] ["drawbridgeStaticRendererArgumentsHook"] compiled stub at 0x00007FFA480A67F0, size: 90 bytes (target: 0x00007FFAB7F74EDD).
[Info   :  SHCDE-SE] [T1-22:56:32.891] [X64InlineHook] ["unitDrawbridgeHeightCorrectionHook"] compiled stub at 0x00007FFA480C0000, size: 100 bytes (target: 0x00007FFAB80B511C).
[Info   :  SHCDE-SE] [T1-22:56:32.891] [X64InlineHook] ["plannedMoatCancellationHook"] compiled stub at 0x00007FFA480C0140, size: 270 bytes (target: 0x00007FFAB7FA0562).
[Info   :  SHCDE-SE] [T1-22:56:32.891] [X64InlineHook] ["directRemovalHeightHook"] compiled stub at 0x00007FFA480C04F0, size: 278 bytes (target: 0x00007FFAB7FA0621).
[Info   :  SHCDE-SE] [T1-22:56:32.891] [X64InlineHook] ["footprintRemovalHeightHook"] compiled stub at 0x00007FFA480C0890, size: 270 bytes (target: 0x00007FFAB7F923DA).
[Info   :  SHCDE-SE] [T1-22:56:32.891] [X64InlineHook] ["objectRemovalHeightHook"] compiled stub at 0x00007FFA480C0C10, size: 274 bytes (target: 0x00007FFAB7F9CAA1).
[Info   :  SHCDE-SE] [T1-22:56:32.891] [X64InlineHook] ["moatWorkCompletionHeightHook"] compiled stub at 0x00007FFA480C0F90, size: 277 bytes (target: 0x00007FFAB7F994BD).
[Info   :  SHCDE-SE] [T1-22:56:32.891] [X64InlineHook] ["areaRemovalHeightHook"] compiled stub at 0x00007FFA480C1320, size: 276 bytes (target: 0x00007FFAB801DA77).
[Info   :  SHCDE-SE] [T1-22:56:32.891] [X64InlineHook] ["drawbridgeHeightFailureWriterHook"] hook enabled at 0x00007FFAB7FA870B, stub 0x00007FFA480A4C30.
[Info   :  SHCDE-SE] [T1-22:56:32.891] [X64InlineHook] ["aivAudienceCaptureHook"] hook enabled at 0x00007FFAB7F89730, stub 0x00007FFA480A4F90.
[Info   :  SHCDE-SE] [T1-22:56:32.891] [X64InlineHook] ["aivHeightGateHook"] hook enabled at 0x00007FFAB7F89827, stub 0x00007FFA480A5340.
[Info   :  SHCDE-SE] [T1-22:56:32.891] [X64InlineHook] ["moatCommandHeightGateHook"] hook enabled at 0x00007FFAB7F8CC1E, stub 0x00007FFA480A5460.
[Info   :  SHCDE-SE] [T1-22:56:32.891] [X64InlineHook] ["sharedHeightGateHook"] hook enabled at 0x00007FFAB7FA04CC, stub 0x00007FFA480A5600.
[Info   :  SHCDE-SE] [T1-22:56:32.891] [X64InlineHook] ["aivCompletedHeightHook"] hook enabled at 0x00007FFAB7F899E7, stub 0x00007FFA480A57E0.
[Info   :  SHCDE-SE] [T1-22:56:32.891] [X64InlineHook] ["excavationCompletedHeightHook"] hook enabled at 0x00007FFAB7F93A65, stub 0x00007FFA480A5B70.
[Info   :  SHCDE-SE] [T1-22:56:32.891] [X64InlineHook] ["loweredDrawbridgeHeightWriteHook"] hook enabled at 0x00007FFAB7F94546, stub 0x00007FFA480A5F00.
[Info   :  SHCDE-SE] [T1-22:56:32.891] [X64InlineHook] ["directCompletedHeightHook"] hook enabled at 0x00007FFAB7FA05F7, stub 0x00007FFA480A6010.
[Info   :  SHCDE-SE] [T1-22:56:32.891] [X64InlineHook] ["completedDrawbridgeHeightWriteHook"] hook enabled at 0x00007FFAB7FA3B35, stub 0x00007FFA480A63A0.
[Info   :  SHCDE-SE] [T1-22:56:32.891] [X64InlineHook] ["drawbridgeSpecialRendererHook"] hook enabled at 0x00007FFAB7F75820, stub 0x00007FFA480A64D0.
[Info   :  SHCDE-SE] [T1-22:56:32.891] [X64InlineHook] ["drawbridgeAnimatedRendererArgumentsHook"] hook enabled at 0x00007FFAB7F73BA2, stub 0x00007FFA480A6660.
[Info   :  SHCDE-SE] [T1-22:56:32.891] [X64InlineHook] ["drawbridgeStaticRendererArgumentsHook"] hook enabled at 0x00007FFAB7F74EDD, stub 0x00007FFA480A67F0.
[Info   :  SHCDE-SE] [T1-22:56:32.891] [X64InlineHook] ["unitDrawbridgeHeightCorrectionHook"] hook enabled at 0x00007FFAB80B511C, stub 0x00007FFA480C0000.
[Info   :  SHCDE-SE] [T1-22:56:32.891] [X64InlineHook] ["plannedMoatCancellationHook"] hook enabled at 0x00007FFAB7FA0562, stub 0x00007FFA480C0140.
[Info   :  SHCDE-SE] [T1-22:56:32.891] [X64InlineHook] ["directRemovalHeightHook"] hook enabled at 0x00007FFAB7FA0621, stub 0x00007FFA480C04F0.
[Info   :  SHCDE-SE] [T1-22:56:32.891] [X64InlineHook] ["footprintRemovalHeightHook"] hook enabled at 0x00007FFAB7F923DA, stub 0x00007FFA480C0890.
[Info   :  SHCDE-SE] [T1-22:56:32.891] [X64InlineHook] ["objectRemovalHeightHook"] hook enabled at 0x00007FFAB7F9CAA1, stub 0x00007FFA480C0C10.
[Info   :  SHCDE-SE] [T1-22:56:32.891] [X64InlineHook] ["moatWorkCompletionHeightHook"] hook enabled at 0x00007FFAB7F994BD, stub 0x00007FFA480C0F90.
[Info   :  SHCDE-SE] [T1-22:56:32.891] [X64InlineHook] ["areaRemovalHeightHook"] hook enabled at 0x00007FFAB801DA77, stub 0x00007FFA480C1320.
[Info   :  SHCDE-SE] [T1-22:56:32.891] [HookTransaction[.ctor]] Commit: "20/20 installed, 0 failed, 8ms (0ms scanning)"
[Info   :Extra Features] [2026-09-24 22:56:32.891] Extra Features elevated-moat active; AI=True, human=False, editor=true, adaptiveDepth=8, healthReportInterval=4096 corrections.
[Debug  :Extra Features] [2026-09-24 22:56:32.891] Native address resolved: name=AI AIV placement helper, method=reference-rva, rva=0x5CD90.
[Info   :  SHCDE-SE] [T1-22:56:32.893] [Detour:placementHook] ["placementHook"] prepared at 0x00007FFAB7F8CD90 using Indirect: 10 bytes displaced, trampoline 0x00007FFA480C16A0.
[Info   :  SHCDE-SE] [T1-22:56:32.962] [HookTransaction[CreateOwnedTransaction]] Commit: "1/1 installed, 0 failed, 69ms (0ms scanning)"
[Debug  :Extra Features] [2026-09-24 22:56:32.962] AI defense rebuild registered through APIShared; placement hook installed at RVA 0x5CD90.
[Debug  :Extra Features] [2026-09-24 22:56:32.962] Extra Features apothecary plague-search maximum is now 50 (configured).
[Debug  :Extra Features] [2026-09-24 22:56:32.963] Extra Features feature hooks reconciled.
[Info   :Extra Features] [2026-09-24 22:56:32.963] Extra Features church priest counts applied: enabled=True, church2=2, church3=3.
[Debug  :Extra Features] [2026-09-24 22:56:32.964] Extra Features gatehouse diagnostic: button visibility state: hidden: map-inactive, editor=False.
[Info   :Building Costs] [2026-09-24 22:56:32.966] [Building Costs] gameplay-mod gate: modGuid=BuildingCosts_Serp, source=MissionInitialization(BeforeLoad, session=1), kind=CustomGame, launchVariant=Standard, customized=False, customizedOrigin=0, modeAllowed=True, configuredEnabled=True, effectiveEnabled=True, action=enabled, reason=custom-game.
[Info   :Building Costs] [2026-09-24 22:56:32.966] [BuildingCosts_Serp] gameplay-feature gate: feature=BuildingCostTooltip, source=MissionInitialization(BeforeLoad, session=1), kind=CustomGame, launchVariant=Standard, realMultiplayer=False, modeAllowed=True, action=enabled, reason=feature-context-allowed.
[Debug  :Building Costs] [2026-09-24 22:56:32.989] HUD_Main.UpdateRollover hook installed
[Debug  :Building Costs] [2026-09-24 22:56:32.989] Building cost runtime hooks subscribed
[Debug  :Building Costs] [2026-09-24 22:56:32.993] Applied building cost materials: 0
[Info   :Building Limit] [2026-09-24 22:56:32.993] [Building Limit] gameplay-mod gate: modGuid=BuildingLimit_Serp, source=MissionInitialization(BeforeLoad, session=1), kind=CustomGame, launchVariant=Standard, customized=False, customizedOrigin=0, modeAllowed=True, configuredEnabled=True, effectiveEnabled=True, action=enabled, reason=custom-game.
[Info   :Building Limit] [2026-09-24 22:56:32.993] [BuildingLimit_Serp] gameplay-feature gate: feature=BuildingLimitEnforcement, source=MissionInitialization(BeforeLoad, session=1), kind=CustomGame, launchVariant=Standard, realMultiplayer=False, modeAllowed=True, action=enabled, reason=feature-context-allowed.
[Debug  :Building Limit] [2026-09-24 22:56:32.994] Subscribing building limit runtime hooks
[Debug  :Building Limit] [2026-09-24 22:56:32.994] ActiveBuildingCache hooks subscribed.
[Debug  :Building Limit] [2026-09-24 22:56:32.995] HUD_Main.UpdateRollover building limit hook installed
[Debug  :Building Limit] [2026-09-24 22:56:32.996] Building limit runtime hooks subscribed
[Debug  :Building Limit] [2026-09-24 22:56:32.999] Applied active building limit rules: 93
[Info   :CastlePlanner] [2026-09-24 22:56:32.999] [CastlePlanner] gameplay-mod gate: modGuid=CastlePlanner_Serp, source=MissionInitialization(BeforeLoad, session=1), kind=CustomGame, launchVariant=Standard, customized=False, customizedOrigin=0, modeAllowed=True, configuredEnabled=True, effectiveEnabled=True, action=enabled, reason=custom-game.
[Info   :CastlePlanner] [2026-09-24 22:56:32.999] [CastlePlanner_Serp] gameplay-feature gate: feature=CastleSpawning, source=MissionInitialization(BeforeLoad, session=1), kind=CustomGame, launchVariant=Standard, realMultiplayer=False, modeAllowed=True, action=enabled, reason=feature-context-allowed.
[Info   :CastlePlanner] [2026-09-24 22:56:32.999] [CastlePlanner_Serp] gameplay-feature gate: feature=FreeCastlePreview, source=MissionInitialization(BeforeLoad, session=1), kind=CustomGame, launchVariant=Standard, realMultiplayer=False, modeAllowed=True, action=enabled, reason=feature-context-allowed.
[Info   :CastlePlanner] [2026-09-24 22:56:32.999] [CastlePlanner_Serp] gameplay-feature gate: feature=CastleBlueprints, source=MissionInitialization(BeforeLoad, session=1), kind=CustomGame, launchVariant=Standard, realMultiplayer=False, modeAllowed=True, action=enabled, reason=feature-context-allowed.
[Info   : Cheat Mod] [2026-09-24 22:56:33.000] [Cheat Mod] gameplay-mod gate: modGuid=CheatMod_Serp, source=MissionInitialization(BeforeLoad, session=1), kind=CustomGame, launchVariant=Standard, customized=False, customizedOrigin=0, modeAllowed=True, configuredEnabled=False, effectiveEnabled=False, action=restriction-lifted-setting-disabled, reason=custom-game.
[Info   : Cheat Mod] [2026-09-24 22:56:33.000] [CheatMod_Serp] gameplay-feature gate: feature=EndlessExtremePowersRecharge, source=MissionInitialization(BeforeLoad, session=1), kind=CustomGame, launchVariant=Standard, realMultiplayer=False, modeAllowed=True, action=enabled, reason=feature-context-allowed.
[Info   :Extreme Powers] [2026-09-24 22:56:33.000] [Extreme Powers] gameplay-mod gate: modGuid=ExtremePowers_Serp, source=MissionInitialization(BeforeLoad, session=1), kind=CustomGame, launchVariant=Standard, customized=False, customizedOrigin=0, modeAllowed=True, configuredEnabled=True, effectiveEnabled=True, action=enabled, reason=custom-game.
[Info   :Random Events] [2026-09-24 22:56:33.002] [Random Events] gameplay-mod gate: modGuid=RandomEvents_Serp, source=MissionInitialization(BeforeLoad, session=1), kind=CustomGame, launchVariant=Standard, customized=False, customizedOrigin=0, modeAllowed=True, configuredEnabled=True, effectiveEnabled=True, action=enabled, reason=custom-game.
[Info   :Random Events] [2026-09-24 22:56:33.002] [RandomEvents_Serp] gameplay-feature gate: feature=RandomEventsRuntime, source=MissionInitialization(BeforeLoad, session=1), kind=CustomGame, launchVariant=Standard, realMultiplayer=False, modeAllowed=True, action=enabled, reason=feature-context-allowed.
[Info   :Unit Costs] [2026-09-24 22:56:33.003] [Unit Costs] gameplay-mod gate: modGuid=UnitCosts_Serp, source=MissionInitialization(BeforeLoad, session=1), kind=CustomGame, launchVariant=Standard, customized=False, customizedOrigin=0, modeAllowed=True, configuredEnabled=True, effectiveEnabled=True, action=enabled, reason=custom-game.
[Info   :Unit Costs] [2026-09-24 22:56:33.003] [UnitCosts_Serp] gameplay-feature gate: feature=UnitCostEnforcement, source=MissionInitialization(BeforeLoad, session=1), kind=CustomGame, launchVariant=Standard, realMultiplayer=False, modeAllowed=True, action=enabled, reason=feature-context-allowed.
[Debug  :Unit Costs] [2026-09-24 22:56:33.003] UnitCosts MakeTroop GameAction hook installed.
[Debug  :Unit Costs] [2026-09-24 22:56:33.006] UnitCosts create troop hover hooks installed.
[Debug  :Unit Costs] [2026-09-24 22:56:33.007] UnitCosts siege build hover hooks installed.
[Debug  :Unit Costs] [2026-09-24 22:56:33.008] UnitCosts recruitment availability UI hook installed.
[Debug  :Unit Costs] [2026-09-24 22:56:33.008] UnitCosts runtime hooks subscribed
[Debug  :Unit Costs] [2026-09-24 22:56:33.010] Applied unit cost values: 0
[Debug  :Unit Costs] [2026-09-24 22:56:33.013] Applied human extra unit cost rows: 0
[Info   :  SHCDE-SE] [T1-22:56:33.019] [BulkMapLoaderDetours] [c_game_dll_loadmaptoplay_hook_impl] campaignMapID=4294967295, safeFileName=E:\ProgrammeE\Steam\steamapps\common\Stronghold Crusader Definitive Edition\Stronghold Crusader Definitive Edition_Data\StreamingAssets\Maps\CrusadesCrossing.map, length=322, retData=0000025647BAC6E0, dummy=0, safeMapName=CrusadesCrossing.map, maplength=40, multiplayerSave=0, trailType=-1, trailID=0, allow_classic_bedouins=0
[Info   :  SHCDE-SE] [T1-22:56:33.019] [GameMapArchiveManagerAPI] [OnLoadMap] Loading archive from map file
[Info   :  SHCDE-SE] [T1-22:56:33.020] [GameMapArchiveManagerAPI] [LoadMapArchive] Loading archive: [E:\ProgrammeE\Steam\steamapps\common\Stronghold Crusader Definitive Edition\Stronghold Crusader Definitive Edition_Data\StreamingAssets\Maps\CrusadesCrossing.map]
[Warning:  SHCDE-SE] [T1-22:56:33.025] [MapArchive] [.ctor] ZIP EOCD-Header not found for [E:\ProgrammeE\Steam\steamapps\common\Stronghold Crusader Definitive Edition\Stronghold Crusader Definitive Edition_Data\StreamingAssets\Maps\CrusadesCrossing.map]. Not a valid archive.
[Info   :  SHCDE-SE] [T1-22:56:33.025] [GameMapArchiveManagerAPI] [LoadMapArchive] No existing archive found - will create on-demand if needed
[Info   :  SHCDE-SE] [T1-22:56:33.025] [ModSaveDataAPI] [ReadAllModDataFromArchive] Reading mod data from archive (IsSaveFile=False)
[Info   :  SHCDE-SE] [T1-22:56:33.025] [ModSaveDataAPI] [ReadAllModDataFromArchive] No archive exists - skipping mod data load (this is normal for new maps)
[Info   :  SHCDE-SE] [T1-22:56:33.025] [GameMapArchiveManagerAPI] [LoadMapArchive] Archive loaded (or will be created on-demand)
[Info   :  SHCDE-SE] [T1-22:56:33.025] [GameMapArchiveManagerAPI] [OnLoadMap] Archive Contents: [
]
[Info   :  SHCDE-SE] [T1-22:56:33.025] [LuaManager] [OnLoadMap] Attempting to create lua state due to event, phase: Pre
[Info   :  SHCDE-SE] [T1-22:56:33.025] [LuaManager] [TryLoad] Loading file: [E:\ProgrammeE\Steam\steamapps\common\Stronghold Crusader Definitive Edition\Stronghold Crusader Definitive Edition_Data\StreamingAssets\Maps\CrusadesCrossing.map]
[Info   :  SHCDE-SE] [T1-22:56:33.025] [LuaManager] [TryLoad] Loading [E:\ProgrammeE\Steam\steamapps\common\Stronghold Crusader Definitive Edition\Stronghold Crusader Definitive Edition_Data\StreamingAssets\Maps\CrusadesCrossing.map] - Archive mode.
[Warning:  SHCDE-SE] [T1-22:56:33.025] [LuaManager] [TryLoad] No Lua source found for [E:\ProgrammeE\Steam\steamapps\common\Stronghold Crusader Definitive Edition\Stronghold Crusader Definitive Edition_Data\StreamingAssets\Maps\CrusadesCrossing.map] and no lord AI or asset mod scripts registered. Skipping Lua init.
[Info   :  SHCDE-SE] [T1-22:56:33.025] [BulkMapLoaderDetours] [c_game_start_skirmish_game_handler_hook_impl] a1=00000064149C9E90, bMultiplayerSave=0, a3=0
[Info   : APIShared] [2026-09-24 22:56:33.026] MissionInitialization: session=1, source=NewGame, mode=CustomGame, phase=BeforeNativeStart, reason=None, started=False, replay=False.
[Debug  :Extra Features] [2026-09-24 22:56:33.027] Enemy-proximity runtime captured map mode: realMultiplayer=False, singleplayerSkirmishMode=True, singleplayerSkirmish=True, singleplayerTrail=False, mapEditor=False, multiplayerSave=False, directorAvailable=True, directorMultiplayer=False, directorSkirmish=False, lowLevelNetworked=True, platformMultiplayer=False, lobbyMembers=8, realLobbyMembers=0, skirmishLobbyMembers=8, gameMembers=8, realNetworkGameMembers=0, gameType=3, skirmishGameType=0, skirmishTrailType=-1, coopTrailId=0, kind=CustomGame, launchVariant=Standard, allowsCustomGameMods=True, allowsRegularGameplayMods=True, campaignMapId=0, eventTrailType=-1, customizedTrailId=-1, customizedMissionId=-1, customizedOriginKind=0, conflictingCustomizedOrigin=False.
[Debug  :Bugfixes and QoL] [2026-09-24 22:56:33.027] Post-game lobby handoff state reset: reason=map-start.
[Info   :AIV Lobby Preset Test] Test-series launch verified: Crossing-forward-off, session=1.
[Debug  :CastlePlanner] [2026-09-24 22:56:33.060] OnStartMap(Pre) received: handledCurrentMap=False.
[Debug  :Extreme Powers] [2026-09-24 22:56:33.061] Extreme Powers map session captured: realMultiplayer=False, singleplayerSkirmishMode=True, singleplayerSkirmish=True, singleplayerTrail=False, mapEditor=False, multiplayerSave=False, directorAvailable=True, directorMultiplayer=False, directorSkirmish=False, lowLevelNetworked=True, platformMultiplayer=False, lobbyMembers=8, realLobbyMembers=0, skirmishLobbyMembers=8, gameMembers=8, realNetworkGameMembers=0, gameType=3, skirmishGameType=0, skirmishTrailType=-1, coopTrailId=0, kind=CustomGame, launchVariant=Standard, allowsCustomGameMods=True, allowsRegularGameplayMods=True, campaignMapId=0, eventTrailType=-1, customizedTrailId=-1, customizedMissionId=-1, customizedOriginKind=0, conflictingCustomizedOrigin=False, players=[1,2,3,4,5,6,7,8].
[Info   :  SHCDE-SE] [T1-22:56:33.061] [BulkMapLoaderDetours] [c_game_unload_map_hook_impl] pTileManager=00007FFABBF8EDB0, preventNotification=True
[Debug  :Building Limit] [2026-09-24 22:56:33.328] ActiveBuildingCache NotifyNativeSnapshotChanged read snapshot: buildingId 1 owner 1 type STRUCT_KEEP_TWO aliveState NeedsInit reason Created
[Debug  :Building Limit] [2026-09-24 22:56:33.329] ActiveBuildingCache UpdateSnapshot: buildingId 1 owner 1 type STRUCT_KEEP_TWO aliveState NeedsInit reason Created changed True
[Debug  :Building Limit] [2026-09-24 22:56:33.330] ActiveBuildingCache count changed: player 1 type STRUCT_KEEP_TWO old 0 new 1 delta 1 buildingId 1 reason Created
[Debug  :Building Limit] [2026-09-24 22:56:33.333] ActiveBuildingCache NotifyNativeSnapshotChanged read snapshot: buildingId 2 owner 1 type STRUCT_KEEPDOOR_LEFT aliveState NeedsInit reason Created
[Debug  :Building Limit] [2026-09-24 22:56:33.333] ActiveBuildingCache UpdateSnapshot: buildingId 2 owner 1 type STRUCT_KEEPDOOR_LEFT aliveState NeedsInit reason Created changed True
[Debug  :Building Limit] [2026-09-24 22:56:33.333] ActiveBuildingCache count changed: player 1 type STRUCT_KEEPDOOR_LEFT old 0 new 1 delta 1 buildingId 2 reason Created
[Debug  :Building Limit] [2026-09-24 22:56:33.333] ActiveBuildingCache NotifyNativeSnapshotChanged read snapshot: buildingId 3 owner 1 type STRUCT_KEEPDOOR aliveState NeedsInit reason Created
[Debug  :Building Limit] [2026-09-24 22:56:33.333] ActiveBuildingCache UpdateSnapshot: buildingId 3 owner 1 type STRUCT_KEEPDOOR aliveState NeedsInit reason Created changed True
[Debug  :Building Limit] [2026-09-24 22:56:33.333] ActiveBuildingCache count changed: player 1 type STRUCT_KEEPDOOR old 0 new 1 delta 1 buildingId 3 reason Created
[Debug  :Building Limit] [2026-09-24 22:56:33.333] ActiveBuildingCache NotifyNativeSnapshotChanged read snapshot: buildingId 4 owner 1 type STRUCT_KEEPDOOR_RIGHT aliveState NeedsInit reason Created
[Debug  :Building Limit] [2026-09-24 22:56:33.333] ActiveBuildingCache UpdateSnapshot: buildingId 4 owner 1 type STRUCT_KEEPDOOR_RIGHT aliveState NeedsInit reason Created changed True
[Debug  :Building Limit] [2026-09-24 22:56:33.333] ActiveBuildingCache count changed: player 1 type STRUCT_KEEPDOOR_RIGHT old 0 new 1 delta 1 buildingId 4 reason Created
[Debug  :Building Limit] [2026-09-24 22:56:33.333] ActiveBuildingCache NotifyNativeSnapshotChanged read snapshot: buildingId 5 owner 1 type STRUCT_CAMPGROUND aliveState NeedsInit reason Created
[Debug  :Building Limit] [2026-09-24 22:56:33.333] ActiveBuildingCache UpdateSnapshot: buildingId 5 owner 1 type STRUCT_CAMPGROUND aliveState NeedsInit reason Created changed True
[Debug  :Building Limit] [2026-09-24 22:56:33.333] ActiveBuildingCache count changed: player 1 type STRUCT_CAMPGROUND old 0 new 1 delta 1 buildingId 5 reason Created
[Debug  :Building Limit] [2026-09-24 22:56:33.334] ActiveBuildingCache NotifyNativeSnapshotChanged read snapshot: buildingId 6 owner 1 type STRUCT_GOODS_YARD aliveState NeedsInit reason Created
[Info   :     Fixes] [T1-22:56:33.334] [BuildingDetours] [.ctor] Build goodsyard for player 1: True
[Debug  :Building Limit] [2026-09-24 22:56:33.334] ActiveBuildingCache UpdateSnapshot: buildingId 6 owner 1 type STRUCT_GOODS_YARD aliveState NeedsInit reason Created changed True
[Debug  :Building Limit] [2026-09-24 22:56:33.334] ActiveBuildingCache count changed: player 1 type STRUCT_GOODS_YARD old 0 new 1 delta 1 buildingId 6 reason Created
[Debug  :Building Limit] [2026-09-24 22:56:33.334] ActiveBuildingCache NotifyNativeSnapshotChanged read snapshot: buildingId 7 owner 1 type STRUCT_GOODS_YARD aliveState NeedsInit reason Created
[Debug  :Building Limit] [2026-09-24 22:56:33.334] ActiveBuildingCache UpdateSnapshot: buildingId 7 owner 1 type STRUCT_GOODS_YARD aliveState NeedsInit reason Created changed True
[Debug  :Building Limit] [2026-09-24 22:56:33.334] ActiveBuildingCache count changed: player 1 type STRUCT_GOODS_YARD old 1 new 2 delta 1 buildingId 7 reason Created
[Debug  :Building Limit] [2026-09-24 22:56:33.334] ActiveBuildingCache NotifyNativeSnapshotChanged read snapshot: buildingId 8 owner 1 type STRUCT_GOODS_YARD aliveState NeedsInit reason Created
[Debug  :Building Limit] [2026-09-24 22:56:33.334] ActiveBuildingCache UpdateSnapshot: buildingId 8 owner 1 type STRUCT_GOODS_YARD aliveState NeedsInit reason Created changed True
[Debug  :Building Limit] [2026-09-24 22:56:33.334] ActiveBuildingCache count changed: player 1 type STRUCT_GOODS_YARD old 2 new 3 delta 1 buildingId 8 reason Created
[Debug  :Building Limit] [2026-09-24 22:56:33.334] ActiveBuildingCache NotifyNativeSnapshotChanged read snapshot: buildingId 9 owner 1 type STRUCT_GOODS_YARD aliveState NeedsInit reason Created
[Debug  :Building Limit] [2026-09-24 22:56:33.334] ActiveBuildingCache UpdateSnapshot: buildingId 9 owner 1 type STRUCT_GOODS_YARD aliveState NeedsInit reason Created changed True
[Debug  :Building Limit] [2026-09-24 22:56:33.334] ActiveBuildingCache count changed: player 1 type STRUCT_GOODS_YARD old 3 new 4 delta 1 buildingId 9 reason Created
[Info   :Active AIV Detector] [2026-09-24 22:56:33.356] Captured opt-in AIV cell trace 1/2048: playerId=2, candidateId=0, orientation=2, keep=(510,495), evaluated=5536, nativeBlocked=265, resultGridBlocked=265, validatorCalls=5536, validatorBlocked=265, preValidatorBlocked=0.
[Info   :Active AIV Detector] [2026-09-24 22:56:33.364] Captured opt-in AIV cell trace 2/2048: playerId=2, candidateId=0, orientation=4, keep=(510,495), evaluated=5536, nativeBlocked=317, resultGridBlocked=317, validatorCalls=5536, validatorBlocked=317, preValidatorBlocked=0.
[Info   :Active AIV Detector] [2026-09-24 22:56:33.372] Captured opt-in AIV cell trace 3/2048: playerId=2, candidateId=0, orientation=6, keep=(510,495), evaluated=5536, nativeBlocked=331, resultGridBlocked=331, validatorCalls=5536, validatorBlocked=331, preValidatorBlocked=0.
[Info   :Active AIV Detector] [2026-09-24 22:56:33.373] Captured opt-in AIV cell trace 4/2048: playerId=2, candidateId=0, orientation=0, keep=(510,495), evaluated=5536, nativeBlocked=291, resultGridBlocked=291, validatorCalls=5536, validatorBlocked=291, preValidatorBlocked=0.
[Info   :     Fixes] [T1-22:56:33.386] [BuildingDetours] [.ctor] Build goodsyard for player 2: True
[Info   :Active AIV Detector] [2026-09-24 22:56:33.396] Captured opt-in AIV cell trace 5/2048: playerId=3, candidateId=0, orientation=2, keep=(548,483), evaluated=2228, nativeBlocked=205, resultGridBlocked=205, validatorCalls=2228, validatorBlocked=205, preValidatorBlocked=0.
[Info   :Active AIV Detector] [2026-09-24 22:56:33.397] Captured opt-in AIV cell trace 6/2048: playerId=3, candidateId=0, orientation=4, keep=(548,483), evaluated=2228, nativeBlocked=174, resultGridBlocked=174, validatorCalls=2228, validatorBlocked=174, preValidatorBlocked=0.
[Info   :Active AIV Detector] [2026-09-24 22:56:33.398] Captured opt-in AIV cell trace 7/2048: playerId=3, candidateId=0, orientation=6, keep=(548,483), evaluated=2228, nativeBlocked=86, resultGridBlocked=86, validatorCalls=2228, validatorBlocked=86, preValidatorBlocked=0.
[Info   :Active AIV Detector] [2026-09-24 22:56:33.399] Captured opt-in AIV cell trace 8/2048: playerId=3, candidateId=0, orientation=0, keep=(548,483), evaluated=2228, nativeBlocked=135, resultGridBlocked=135, validatorCalls=2228, validatorBlocked=135, preValidatorBlocked=0.
[Info   :     Fixes] [T1-22:56:33.411] [BuildingDetours] [.ctor] Build goodsyard for player 3: True
[Info   :Active AIV Detector] [2026-09-24 22:56:33.423] Captured opt-in AIV cell trace 9/2048: playerId=4, candidateId=0, orientation=4, keep=(592,304), evaluated=2352, nativeBlocked=0, resultGridBlocked=0, validatorCalls=2352, validatorBlocked=0, preValidatorBlocked=0.
[Info   :     Fixes] [T1-22:56:33.434] [BuildingDetours] [.ctor] Build goodsyard for player 4: True
[Info   :Active AIV Detector] [2026-09-24 22:56:33.447] Captured opt-in AIV cell trace 10/2048: playerId=5, candidateId=0, orientation=0, keep=(376,672), evaluated=1770, nativeBlocked=0, resultGridBlocked=0, validatorCalls=1770, validatorBlocked=0, preValidatorBlocked=0.
[Info   :     Fixes] [T1-22:56:33.464] [BuildingDetours] [.ctor] Build goodsyard for player 5: True
[Info   :Active AIV Detector] [2026-09-24 22:56:33.475] Captured opt-in AIV cell trace 11/2048: playerId=6, candidateId=0, orientation=0, keep=(441,636), evaluated=2616, nativeBlocked=18, resultGridBlocked=0, validatorCalls=2598, validatorBlocked=0, preValidatorBlocked=18.
[Info   :Active AIV Detector] [2026-09-24 22:56:33.477] Captured opt-in AIV cell trace 12/2048: playerId=6, candidateId=0, orientation=2, keep=(441,636), evaluated=2616, nativeBlocked=34, resultGridBlocked=0, validatorCalls=2582, validatorBlocked=0, preValidatorBlocked=34.
[Info   :Active AIV Detector] [2026-09-24 22:56:33.479] Captured opt-in AIV cell trace 13/2048: playerId=6, candidateId=0, orientation=4, keep=(441,636), evaluated=2616, nativeBlocked=3, resultGridBlocked=0, validatorCalls=2613, validatorBlocked=0, preValidatorBlocked=3.
[Info   :Active AIV Detector] [2026-09-24 22:56:33.481] Captured opt-in AIV cell trace 14/2048: playerId=6, candidateId=0, orientation=6, keep=(441,636), evaluated=2616, nativeBlocked=0, resultGridBlocked=0, validatorCalls=2616, validatorBlocked=0, preValidatorBlocked=0.
[Info   :     Fixes] [T1-22:56:33.523] [BuildingDetours] [.ctor] Build goodsyard for player 6: True
[Info   :Active AIV Detector] [2026-09-24 22:56:33.536] Captured opt-in AIV cell trace 15/2048: playerId=7, candidateId=0, orientation=6, keep=(210,321), evaluated=2870, nativeBlocked=0, resultGridBlocked=0, validatorCalls=2870, validatorBlocked=0, preValidatorBlocked=0.
[Info   :     Fixes] [T1-22:56:33.546] [BuildingDetours] [.ctor] Build goodsyard for player 7: True
[Info   :Active AIV Detector] [2026-09-24 22:56:33.556] Captured opt-in AIV cell trace 16/2048: playerId=8, candidateId=0, orientation=4, keep=(338,181), evaluated=2077, nativeBlocked=0, resultGridBlocked=0, validatorCalls=2077, validatorBlocked=0, preValidatorBlocked=0.
[Info   :     Fixes] [T1-22:56:33.567] [BuildingDetours] [.ctor] Build goodsyard for player 8: True
[Info   :  SHCDE-SE] [T1-22:56:33.591] [LuaManager] [OnStartMap] Attempting to run init due to event, phase: Post
[Info   :  SHCDE-SE] [T1-22:56:33.592] [LuaManager] [TryRunInit] Attempting to execute lua-side init functions. Reason=NewGame
[Warning:  SHCDE-SE] [T1-22:56:33.592] [LuaManager] [TryRunInit] Lua state is null
[Info   :  SHCDE-SE] [T1-22:56:33.592] [DeterministicRandom] [OnStartMap] Initializing shared state.
[Info   :  SHCDE-SE] [T1-22:56:33.592] [DeterministicRandom] [InitializeSeedAsHost] Initializing random seed [-1873146630] as host.
[Warning:  SHCDE-SE] [T1-22:56:33.592] [GameNetworkAPI] [GetLocalPlayerId] Local SteamID [76561198102311542] has no assigned slot yet: returning -1
[Info   : APIShared] [2026-09-24 22:56:33.594] MissionInitialization: session=1, source=NewGame, mode=CustomGame, phase=AfterNativeStart, reason=None, started=False, replay=False.
[Debug  :Bugfixes and QoL] Corrupt Lord-data spawn fix session armed: session=1, eligible=True, phase=AfterNativeStart, startKind=NewGame, mode=CustomGame.
[Debug  :CastlePlanner] [2026-09-24 22:56:33.600] OnStartMap(Post) received: handledCurrentMap=False, preImports=0, keepPreSpawns=0, keepPostSpawns=0.
[Debug  :CastlePlanner] [2026-09-24 22:56:33.601] Game-mode diagnostics: campaignMapId=0, bMultiplayerSave=0, sharedRealMultiplayer=False, sharedSingleplayerSkirmish=True, sharedSingleplayerTrail=False, directorAvailable=True, directorMultiplayerGame=False, directorSkirmishModeGame=False, directorSimRunning=False, networkedEnvironment=True, networkActivePlayers=8, nativeLocalPlayerId=1, platformAvailable=True, platformMpGameActive=False, platformIsHost=False, activeLobbyAvailable=True, lobbyReportedMembers=8, lobbyMembers=8, lobbySkirmishMembers=8, lobbySkirmishHumans=1, lobbyNetworkHumans=0, gameMembers=8, realNetworkGameMembers=0, gameDataMultiplayerMap=False, gameDataSkirmishGameType=0, gameDataGameType=3.
[Debug  :CastlePlanner] [2026-09-24 22:56:33.601] Shared game-mode diagnostics: realMultiplayer=False, singleplayerSkirmishMode=True, singleplayerSkirmish=True, singleplayerTrail=False, mapEditor=False, multiplayerSave=False, directorAvailable=True, directorMultiplayer=False, directorSkirmish=False, lowLevelNetworked=True, platformMultiplayer=False, lobbyMembers=8, realLobbyMembers=0, skirmishLobbyMembers=8, gameMembers=8, realNetworkGameMembers=0, gameType=3, skirmishGameType=0, skirmishTrailType=-1, coopTrailId=0, kind=CustomGame, launchVariant=Standard, allowsCustomGameMods=True, allowsRegularGameplayMods=True, campaignMapId=0, eventTrailType=-1, customizedTrailId=-1, customizedMissionId=-1, customizedOriginKind=0, conflictingCustomizedOrigin=False.
[Debug  :CastlePlanner] [2026-09-24 22:56:33.601] Game-member diagnostics: [1:self=False,host=False,ai=False,steam=0,kicked=False | 2:self=False,host=False,ai=False,steam=0,kicked=False | 3:self=False,host=False,ai=False,steam=0,kicked=False | 4:self=False,host=False,ai=False,steam=0,kicked=False | 5:self=False,host=False,ai=False,steam=0,kicked=False | 6:self=False,host=False,ai=False,steam=0,kicked=False | 7:self=False,host=False,ai=False,steam=0,kicked=False | 8:self=False,host=False,ai=False,steam=0,kicked=False].
[Debug  :CastlePlanner] [2026-09-24 22:56:33.601] Active-player diagnostics (not used for multiplayer detection): [1:ai=False | 2:ai=True | 3:ai=True | 4:ai=True | 5:ai=True | 6:ai=True | 7:ai=True | 8:ai=True].
[Debug  :CastlePlanner] [2026-09-24 22:56:33.601] Native castle spawning skipped because this is not the committed restart pass.
[Info   :  SHCDE-SE] [T1-22:56:33.601] [GameMapArchiveManagerAPI] [OnLoadMap] Loading archive from map file
[Info   :  SHCDE-SE] [T1-22:56:33.601] [GameMapArchiveManagerAPI] [LoadMapArchive] Loading archive: [E:\ProgrammeE\Steam\steamapps\common\Stronghold Crusader Definitive Edition\Stronghold Crusader Definitive Edition_Data\StreamingAssets\Maps\CrusadesCrossing.map]
[Warning:  SHCDE-SE] [T1-22:56:33.606] [MapArchive] [.ctor] ZIP EOCD-Header not found for [E:\ProgrammeE\Steam\steamapps\common\Stronghold Crusader Definitive Edition\Stronghold Crusader Definitive Edition_Data\StreamingAssets\Maps\CrusadesCrossing.map]. Not a valid archive.
[Info   :  SHCDE-SE] [T1-22:56:33.606] [GameMapArchiveManagerAPI] [LoadMapArchive] No existing archive found - will create on-demand if needed
[Info   :  SHCDE-SE] [T1-22:56:33.606] [ModSaveDataAPI] [ReadAllModDataFromArchive] Reading mod data from archive (IsSaveFile=False)
[Info   :  SHCDE-SE] [T1-22:56:33.606] [ModSaveDataAPI] [ReadAllModDataFromArchive] No archive exists - skipping mod data load (this is normal for new maps)
[Info   :  SHCDE-SE] [T1-22:56:33.606] [GameMapArchiveManagerAPI] [LoadMapArchive] Archive loaded (or will be created on-demand)
[Info   :  SHCDE-SE] [T1-22:56:33.606] [GameMapArchiveManagerAPI] [OnLoadMap] Archive Contents: [
]
[Info   : APIShared] [2026-09-24 22:56:33.606] MissionInitialization: session=1, source=NewGame, mode=CustomGame, phase=NativeLoaded, reason=None, started=False, replay=False.
[Info   : APIShared] [2026-09-24 22:56:34.550] MissionStart: session=1, source=NewGame, mode=CustomGame, phase=ManagedReady, reason=None, started=True, replay=False.
[Info   :Active AIV Detector] [2026-09-24 22:56:34.555] Wrote Oracle Keep-start trace: path=E:\ProgrammeE\Steam\steamapps\common\Stronghold Crusader Definitive Edition\BepInEx\plugins\ActiveAIVDetector_Serp\StartTraces\oracle-start-trace-20260924-225634-553-session001-p1-n01.tsv, playerId=1, selectionAccepted=False, postFailureFlag=0, postFailureReason=<not-applicable>, newBuildings=117, replacedBuildings=0, clearedBuildings=0, changes=248, changedBuildingRecords=9, scanMs=21,5.
[Info   :Active AIV Detector] [2026-09-24 22:56:34.558] Wrote Oracle Keep-start trace: path=E:\ProgrammeE\Steam\steamapps\common\Stronghold Crusader Definitive Edition\BepInEx\plugins\ActiveAIVDetector_Serp\StartTraces\oracle-start-trace-20260924-225634-556-session001-p2-n02.tsv, playerId=2, selectionAccepted=True, postFailureFlag=0, postFailureReason=<not-applicable>, newBuildings=117, replacedBuildings=0, clearedBuildings=0, changes=248, changedBuildingRecords=9, scanMs=18,6.
[Info   :Active AIV Detector] [2026-09-24 22:56:34.559] Wrote Oracle Keep-start trace: path=E:\ProgrammeE\Steam\steamapps\common\Stronghold Crusader Definitive Edition\BepInEx\plugins\ActiveAIVDetector_Serp\StartTraces\oracle-start-trace-20260924-225634-558-session001-p3-n03.tsv, playerId=3, selectionAccepted=True, postFailureFlag=0, postFailureReason=<not-applicable>, newBuildings=117, replacedBuildings=0, clearedBuildings=101, changes=405, changedBuildingRecords=9, scanMs=19,4.
[Info   :Active AIV Detector] [2026-09-24 22:56:34.560] Wrote Oracle Keep-start trace: path=E:\ProgrammeE\Steam\steamapps\common\Stronghold Crusader Definitive Edition\BepInEx\plugins\ActiveAIVDetector_Serp\StartTraces\oracle-start-trace-20260924-225634-559-session001-p4-n04.tsv, playerId=4, selectionAccepted=True, postFailureFlag=0, postFailureReason=<not-applicable>, newBuildings=117, replacedBuildings=0, clearedBuildings=0, changes=437, changedBuildingRecords=9, scanMs=21,5.
[Info   :Active AIV Detector] [2026-09-24 22:56:34.561] Wrote Oracle Keep-start trace: path=E:\ProgrammeE\Steam\steamapps\common\Stronghold Crusader Definitive Edition\BepInEx\plugins\ActiveAIVDetector_Serp\StartTraces\oracle-start-trace-20260924-225634-560-session001-p5-n05.tsv, playerId=5, selectionAccepted=True, postFailureFlag=0, postFailureReason=<not-applicable>, newBuildings=117, replacedBuildings=0, clearedBuildings=0, changes=248, changedBuildingRecords=9, scanMs=24,8.
[Info   :Bugfixes and QoL] [2026-09-24 22:56:34.563] RUNTIME_ACTIVE: firstTick=1.
[Info   :Active AIV Detector] [2026-09-24 22:56:34.563] Wrote Oracle Keep-start trace: path=E:\ProgrammeE\Steam\steamapps\common\Stronghold Crusader Definitive Edition\BepInEx\plugins\ActiveAIVDetector_Serp\StartTraces\oracle-start-trace-20260924-225634-561-session001-p6-n06.tsv, playerId=6, selectionAccepted=True, postFailureFlag=0, postFailureReason=<not-applicable>, newBuildings=117, replacedBuildings=0, clearedBuildings=0, changes=297, changedBuildingRecords=9, scanMs=52,4.
[Info   :Bugfixes and QoL] [2026-09-24 22:56:34.563] BUGFIXES_AND_QOL_WORKER_BREAK_READY: baker/miller hooks active after startup; tick=1
[Info   :Active AIV Detector] [2026-09-24 22:56:34.568] Wrote Oracle Keep-start trace: path=E:\ProgrammeE\Steam\steamapps\common\Stronghold Crusader Definitive Edition\BepInEx\plugins\ActiveAIVDetector_Serp\StartTraces\oracle-start-trace-20260924-225634-563-session001-p7-n07.tsv, playerId=7, selectionAccepted=True, postFailureFlag=0, postFailureReason=<not-applicable>, newBuildings=117, replacedBuildings=0, clearedBuildings=0, changes=274, changedBuildingRecords=9, scanMs=18,3.
[Info   :Active AIV Detector] [2026-09-24 22:56:34.573] Wrote Oracle Keep-start trace: path=E:\ProgrammeE\Steam\steamapps\common\Stronghold Crusader Definitive Edition\BepInEx\plugins\ActiveAIVDetector_Serp\StartTraces\oracle-start-trace-20260924-225634-568-session001-p8-n08.tsv, playerId=8, selectionAccepted=True, postFailureFlag=0, postFailureReason=<not-applicable>, newBuildings=117, replacedBuildings=0, clearedBuildings=0, changes=354, changedBuildingRecords=9, scanMs=18,8.
[Info   :Active AIV Detector] [2026-09-24 22:56:34.573] Oracle Keep-start capture summary: mapLoadSequence=1, captured=8, incomplete=False.
[Info   :Active AIV Detector] [2026-09-24 22:56:34.574] AIV placement oracle selection #1: mapName=<unknown>, mapFile=E:\ProgrammeE\Steam\steamapps\common\Stronghold Crusader Definitive Edition\Stronghold Crusader Definitive Edition_Data\StreamingAssets\Maps\CrusadesCrossing.map, mapFileSha256=b5ab8bcc5c4c2783697eef4bbe692ae829b2c7d59c4aff540f79e140c49417fe, nativeDllSha256=fbcb93195fc7efca9bdac5204852efdd76f9818f59a6711750d77c9cef2831e2, preBuildSetting=0, nativeStartOptions=mode=99,option2F0=0,option2F4=1,option2F8=4294967296, playerId=2, method=SelectBestFit, tryOtherRotations=True, aivSpecIndex=1, attempts=4, finalCandidateId=0, finalAivName=Default 7, finalAivJson=E:\ProgrammeE\Steam\steamapps\common\Stronghold Crusader Definitive Edition\BepInEx\plugins\ActiveAIVDetector_Serp\VanillaAIV\wolf7.aivjson, finalAivJsonSha256=35909eb65c1a5fb6e1b5c739e473a35f333a4db849d1604dc9e723c60198b17f, finalOrientation=2 (90 degrees), placementState=1 (best partial fit), directReturnSigned=<not-applicable>, confirmationPoint=OnStartMap(Post).
[Info   :Active AIV Detector] [2026-09-24 22:56:34.575] AIV placement oracle attempt #1.1: mapName=<unknown>, mapFile=E:\ProgrammeE\Steam\steamapps\common\Stronghold Crusader Definitive Edition\Stronghold Crusader Definitive Edition_Data\StreamingAssets\Maps\CrusadesCrossing.map, mapFileSha256=b5ab8bcc5c4c2783697eef4bbe692ae829b2c7d59c4aff540f79e140c49417fe, preBuildSetting=0, playerId=2, method=SelectBestFit, candidateId=0, aivName=Default 7, aivJson=E:\ProgrammeE\Steam\steamapps\common\Stronghold Crusader Definitive Edition\BepInEx\plugins\ActiveAIVDetector_Serp\VanillaAIV\wolf7.aivjson, aivJsonSha256=35909eb65c1a5fb6e1b5c739e473a35f333a4db849d1604dc9e723c60198b17f, orientation=2 (90 degrees), result=Partial, rawFitScore=7, fitPercent=95, evaluatedCells=5536, blockedCells=265, origin=(467,452), keepReference=(510,495).
[Info   :Active AIV Detector] [2026-09-24 22:56:34.590] Wrote opt-in AIV cell trace: path=E:\ProgrammeE\Steam\steamapps\common\Stronghold Crusader Definitive Edition\BepInEx\plugins\ActiveAIVDetector_Serp\CellTraces\oracle-cell-trace-20260924-225633-355-p2-c0-r2-keep510-495.tsv, rows=5536, nativeBlocked=265, resultGridBlocked=265, validatorCalls=5536, validatorBlocked=265, preValidatorBlocked=0.
[Info   :Active AIV Detector] [2026-09-24 22:56:34.591] Wrote opt-in live building grid: path=E:\ProgrammeE\Steam\steamapps\common\Stronghold Crusader Definitive Edition\BepInEx\plugins\ActiveAIVDetector_Serp\CellTraces\oracle-live-building-grid-20260924-225633-355-p2-r2-keep510-495.tsv, occupiedCells=395.
[Info   :Active AIV Detector] [2026-09-24 22:56:34.592] AIV placement oracle attempt #1.2: mapName=<unknown>, mapFile=E:\ProgrammeE\Steam\steamapps\common\Stronghold Crusader Definitive Edition\Stronghold Crusader Definitive Edition_Data\StreamingAssets\Maps\CrusadesCrossing.map, mapFileSha256=b5ab8bcc5c4c2783697eef4bbe692ae829b2c7d59c4aff540f79e140c49417fe, preBuildSetting=0, playerId=2, method=SelectBestFit, candidateId=0, aivName=Default 7, aivJson=E:\ProgrammeE\Steam\steamapps\common\Stronghold Crusader Definitive Edition\BepInEx\plugins\ActiveAIVDetector_Serp\VanillaAIV\wolf7.aivjson, aivJsonSha256=35909eb65c1a5fb6e1b5c739e473a35f333a4db849d1604dc9e723c60198b17f, orientation=4 (180 degrees), result=Partial, rawFitScore=7, fitPercent=94, evaluatedCells=5536, blockedCells=317, origin=(467,452), keepReference=(510,495).
[Info   :Active AIV Detector] [2026-09-24 22:56:34.604] Wrote opt-in AIV cell trace: path=E:\ProgrammeE\Steam\steamapps\common\Stronghold Crusader Definitive Edition\BepInEx\plugins\ActiveAIVDetector_Serp\CellTraces\oracle-cell-trace-20260924-225633-361-p2-c0-r4-keep510-495.tsv, rows=5536, nativeBlocked=317, resultGridBlocked=317, validatorCalls=5536, validatorBlocked=317, preValidatorBlocked=0.
[Info   :Active AIV Detector] [2026-09-24 22:56:34.605] Wrote opt-in live building grid: path=E:\ProgrammeE\Steam\steamapps\common\Stronghold Crusader Definitive Edition\BepInEx\plugins\ActiveAIVDetector_Serp\CellTraces\oracle-live-building-grid-20260924-225633-361-p2-r4-keep510-495.tsv, occupiedCells=395.
[Info   :Active AIV Detector] [2026-09-24 22:56:34.605] AIV placement oracle attempt #1.3: mapName=<unknown>, mapFile=E:\ProgrammeE\Steam\steamapps\common\Stronghold Crusader Definitive Edition\Stronghold Crusader Definitive Edition_Data\StreamingAssets\Maps\CrusadesCrossing.map, mapFileSha256=b5ab8bcc5c4c2783697eef4bbe692ae829b2c7d59c4aff540f79e140c49417fe, preBuildSetting=0, playerId=2, method=SelectBestFit, candidateId=0, aivName=Default 7, aivJson=E:\ProgrammeE\Steam\steamapps\common\Stronghold Crusader Definitive Edition\BepInEx\plugins\ActiveAIVDetector_Serp\VanillaAIV\wolf7.aivjson, aivJsonSha256=35909eb65c1a5fb6e1b5c739e473a35f333a4db849d1604dc9e723c60198b17f, orientation=6 (270 degrees), result=Partial, rawFitScore=6, fitPercent=94, evaluatedCells=5536, blockedCells=331, origin=(467,452), keepReference=(510,495).
[Info   :Active AIV Detector] [2026-09-24 22:56:34.619] Wrote opt-in AIV cell trace: path=E:\ProgrammeE\Steam\steamapps\common\Stronghold Crusader Definitive Edition\BepInEx\plugins\ActiveAIVDetector_Serp\CellTraces\oracle-cell-trace-20260924-225633-372-p2-c0-r6-keep510-495.tsv, rows=5536, nativeBlocked=331, resultGridBlocked=331, validatorCalls=5536, validatorBlocked=331, preValidatorBlocked=0.
[Info   :Active AIV Detector] [2026-09-24 22:56:34.620] Wrote opt-in live building grid: path=E:\ProgrammeE\Steam\steamapps\common\Stronghold Crusader Definitive Edition\BepInEx\plugins\ActiveAIVDetector_Serp\CellTraces\oracle-live-building-grid-20260924-225633-372-p2-r6-keep510-495.tsv, occupiedCells=395.
[Info   :Active AIV Detector] [2026-09-24 22:56:34.620] AIV placement oracle attempt #1.4: mapName=<unknown>, mapFile=E:\ProgrammeE\Steam\steamapps\common\Stronghold Crusader Definitive Edition\Stronghold Crusader Definitive Edition_Data\StreamingAssets\Maps\CrusadesCrossing.map, mapFileSha256=b5ab8bcc5c4c2783697eef4bbe692ae829b2c7d59c4aff540f79e140c49417fe, preBuildSetting=0, playerId=2, method=SelectBestFit, candidateId=0, aivName=Default 7, aivJson=E:\ProgrammeE\Steam\steamapps\common\Stronghold Crusader Definitive Edition\BepInEx\plugins\ActiveAIVDetector_Serp\VanillaAIV\wolf7.aivjson, aivJsonSha256=35909eb65c1a5fb6e1b5c739e473a35f333a4db849d1604dc9e723c60198b17f, orientation=0 (0 degrees), result=Partial, rawFitScore=6, fitPercent=94, evaluatedCells=5536, blockedCells=291, origin=(467,452), keepReference=(510,495).
[Info   :Active AIV Detector] [2026-09-24 22:56:34.634] Wrote opt-in AIV cell trace: path=E:\ProgrammeE\Steam\steamapps\common\Stronghold Crusader Definitive Edition\BepInEx\plugins\ActiveAIVDetector_Serp\CellTraces\oracle-cell-trace-20260924-225633-373-p2-c0-r0-keep510-495.tsv, rows=5536, nativeBlocked=291, resultGridBlocked=291, validatorCalls=5536, validatorBlocked=291, preValidatorBlocked=0.
[Info   :Active AIV Detector] [2026-09-24 22:56:34.635] Wrote opt-in live building grid: path=E:\ProgrammeE\Steam\steamapps\common\Stronghold Crusader Definitive Edition\BepInEx\plugins\ActiveAIVDetector_Serp\CellTraces\oracle-live-building-grid-20260924-225633-373-p2-r0-keep510-495.tsv, occupiedCells=395.
[Info   :Active AIV Detector] [2026-09-24 22:56:34.635] AIV placement oracle selection #2: mapName=<unknown>, mapFile=E:\ProgrammeE\Steam\steamapps\common\Stronghold Crusader Definitive Edition\Stronghold Crusader Definitive Edition_Data\StreamingAssets\Maps\CrusadesCrossing.map, mapFileSha256=b5ab8bcc5c4c2783697eef4bbe692ae829b2c7d59c4aff540f79e140c49417fe, nativeDllSha256=fbcb93195fc7efca9bdac5204852efdd76f9818f59a6711750d77c9cef2831e2, preBuildSetting=0, nativeStartOptions=mode=99,option2F0=0,option2F4=1,option2F8=4294967296, playerId=3, method=SelectBestFit, tryOtherRotations=True, aivSpecIndex=2, attempts=4, finalCandidateId=0, finalAivName=Default 2, finalAivJson=E:\ProgrammeE\Steam\steamapps\common\Stronghold Crusader Definitive Edition\BepInEx\plugins\ActiveAIVDetector_Serp\VanillaAIV\sentinel2.aivjson, finalAivJsonSha256=907ab0c23abebd42aba220449f8010f7fd12d9c1d87a455fcd24ff478453e9da, finalOrientation=2 (90 degrees), placementState=1 (best partial fit), directReturnSigned=<not-applicable>, confirmationPoint=OnStartMap(Post).
[Info   :Active AIV Detector] [2026-09-24 22:56:34.635] AIV placement oracle attempt #2.1: mapName=<unknown>, mapFile=E:\ProgrammeE\Steam\steamapps\common\Stronghold Crusader Definitive Edition\Stronghold Crusader Definitive Edition_Data\StreamingAssets\Maps\CrusadesCrossing.map, mapFileSha256=b5ab8bcc5c4c2783697eef4bbe692ae829b2c7d59c4aff540f79e140c49417fe, preBuildSetting=0, playerId=3, method=SelectBestFit, candidateId=0, aivName=Default 2, aivJson=E:\ProgrammeE\Steam\steamapps\common\Stronghold Crusader Definitive Edition\BepInEx\plugins\ActiveAIVDetector_Serp\VanillaAIV\sentinel2.aivjson, aivJsonSha256=907ab0c23abebd42aba220449f8010f7fd12d9c1d87a455fcd24ff478453e9da, orientation=2 (90 degrees), result=Partial, rawFitScore=6, fitPercent=90, evaluatedCells=2228, blockedCells=205, origin=(505,440), keepReference=(548,483).
[Info   :Active AIV Detector] [2026-09-24 22:56:34.641] Wrote opt-in AIV cell trace: path=E:\ProgrammeE\Steam\steamapps\common\Stronghold Crusader Definitive Edition\BepInEx\plugins\ActiveAIVDetector_Serp\CellTraces\oracle-cell-trace-20260924-225633-396-p3-c0-r2-keep548-483.tsv, rows=2228, nativeBlocked=205, resultGridBlocked=205, validatorCalls=2228, validatorBlocked=205, preValidatorBlocked=0.
[Info   :Active AIV Detector] [2026-09-24 22:56:34.641] Wrote opt-in live building grid: path=E:\ProgrammeE\Steam\steamapps\common\Stronghold Crusader Definitive Edition\BepInEx\plugins\ActiveAIVDetector_Serp\CellTraces\oracle-live-building-grid-20260924-225633-396-p3-r2-keep548-483.tsv, occupiedCells=512.
[Info   :Active AIV Detector] [2026-09-24 22:56:34.641] AIV placement oracle attempt #2.2: mapName=<unknown>, mapFile=E:\ProgrammeE\Steam\steamapps\common\Stronghold Crusader Definitive Edition\Stronghold Crusader Definitive Edition_Data\StreamingAssets\Maps\CrusadesCrossing.map, mapFileSha256=b5ab8bcc5c4c2783697eef4bbe692ae829b2c7d59c4aff540f79e140c49417fe, preBuildSetting=0, playerId=3, method=SelectBestFit, candidateId=0, aivName=Default 2, aivJson=E:\ProgrammeE\Steam\steamapps\common\Stronghold Crusader Definitive Edition\BepInEx\plugins\ActiveAIVDetector_Serp\VanillaAIV\sentinel2.aivjson, aivJsonSha256=907ab0c23abebd42aba220449f8010f7fd12d9c1d87a455fcd24ff478453e9da, orientation=4 (180 degrees), result=Rejected, rawFitScore=0, fitPercent=92, evaluatedCells=2228, blockedCells=174, origin=(505,440), keepReference=(548,483).
[Info   :Active AIV Detector] [2026-09-24 22:56:34.648] Wrote opt-in AIV cell trace: path=E:\ProgrammeE\Steam\steamapps\common\Stronghold Crusader Definitive Edition\BepInEx\plugins\ActiveAIVDetector_Serp\CellTraces\oracle-cell-trace-20260924-225633-397-p3-c0-r4-keep548-483.tsv, rows=2228, nativeBlocked=174, resultGridBlocked=174, validatorCalls=2228, validatorBlocked=174, preValidatorBlocked=0.
[Info   :Active AIV Detector] [2026-09-24 22:56:34.648] Wrote opt-in live building grid: path=E:\ProgrammeE\Steam\steamapps\common\Stronghold Crusader Definitive Edition\BepInEx\plugins\ActiveAIVDetector_Serp\CellTraces\oracle-live-building-grid-20260924-225633-397-p3-r4-keep548-483.tsv, occupiedCells=512.
[Info   :Active AIV Detector] [2026-09-24 22:56:34.649] AIV placement oracle attempt #2.3: mapName=<unknown>, mapFile=E:\ProgrammeE\Steam\steamapps\common\Stronghold Crusader Definitive Edition\Stronghold Crusader Definitive Edition_Data\StreamingAssets\Maps\CrusadesCrossing.map, mapFileSha256=b5ab8bcc5c4c2783697eef4bbe692ae829b2c7d59c4aff540f79e140c49417fe, preBuildSetting=0, playerId=3, method=SelectBestFit, candidateId=0, aivName=Default 2, aivJson=E:\ProgrammeE\Steam\steamapps\common\Stronghold Crusader Definitive Edition\BepInEx\plugins\ActiveAIVDetector_Serp\VanillaAIV\sentinel2.aivjson, aivJsonSha256=907ab0c23abebd42aba220449f8010f7fd12d9c1d87a455fcd24ff478453e9da, orientation=6 (270 degrees), result=Rejected, rawFitScore=0, fitPercent=96, evaluatedCells=2228, blockedCells=86, origin=(505,440), keepReference=(548,483).
[Info   :Active AIV Detector] [2026-09-24 22:56:34.654] Wrote opt-in AIV cell trace: path=E:\ProgrammeE\Steam\steamapps\common\Stronghold Crusader Definitive Edition\BepInEx\plugins\ActiveAIVDetector_Serp\CellTraces\oracle-cell-trace-20260924-225633-398-p3-c0-r6-keep548-483.tsv, rows=2228, nativeBlocked=86, resultGridBlocked=86, validatorCalls=2228, validatorBlocked=86, preValidatorBlocked=0.
[Info   :Active AIV Detector] [2026-09-24 22:56:34.654] Wrote opt-in live building grid: path=E:\ProgrammeE\Steam\steamapps\common\Stronghold Crusader Definitive Edition\BepInEx\plugins\ActiveAIVDetector_Serp\CellTraces\oracle-live-building-grid-20260924-225633-398-p3-r6-keep548-483.tsv, occupiedCells=512.
[Info   :Active AIV Detector] [2026-09-24 22:56:34.654] AIV placement oracle attempt #2.4: mapName=<unknown>, mapFile=E:\ProgrammeE\Steam\steamapps\common\Stronghold Crusader Definitive Edition\Stronghold Crusader Definitive Edition_Data\StreamingAssets\Maps\CrusadesCrossing.map, mapFileSha256=b5ab8bcc5c4c2783697eef4bbe692ae829b2c7d59c4aff540f79e140c49417fe, preBuildSetting=0, playerId=3, method=SelectBestFit, candidateId=0, aivName=Default 2, aivJson=E:\ProgrammeE\Steam\steamapps\common\Stronghold Crusader Definitive Edition\BepInEx\plugins\ActiveAIVDetector_Serp\VanillaAIV\sentinel2.aivjson, aivJsonSha256=907ab0c23abebd42aba220449f8010f7fd12d9c1d87a455fcd24ff478453e9da, orientation=0 (0 degrees), result=Partial, rawFitScore=6, fitPercent=93, evaluatedCells=2228, blockedCells=135, origin=(505,440), keepReference=(548,483).
[Info   :Active AIV Detector] [2026-09-24 22:56:34.660] Wrote opt-in AIV cell trace: path=E:\ProgrammeE\Steam\steamapps\common\Stronghold Crusader Definitive Edition\BepInEx\plugins\ActiveAIVDetector_Serp\CellTraces\oracle-cell-trace-20260924-225633-398-p3-c0-r0-keep548-483.tsv, rows=2228, nativeBlocked=135, resultGridBlocked=135, validatorCalls=2228, validatorBlocked=135, preValidatorBlocked=0.
[Info   :Active AIV Detector] [2026-09-24 22:56:34.660] Wrote opt-in live building grid: path=E:\ProgrammeE\Steam\steamapps\common\Stronghold Crusader Definitive Edition\BepInEx\plugins\ActiveAIVDetector_Serp\CellTraces\oracle-live-building-grid-20260924-225633-398-p3-r0-keep548-483.tsv, occupiedCells=512.
[Info   :Active AIV Detector] [2026-09-24 22:56:34.661] AIV placement oracle selection #3: mapName=<unknown>, mapFile=E:\ProgrammeE\Steam\steamapps\common\Stronghold Crusader Definitive Edition\Stronghold Crusader Definitive Edition_Data\StreamingAssets\Maps\CrusadesCrossing.map, mapFileSha256=b5ab8bcc5c4c2783697eef4bbe692ae829b2c7d59c4aff540f79e140c49417fe, nativeDllSha256=fbcb93195fc7efca9bdac5204852efdd76f9818f59a6711750d77c9cef2831e2, preBuildSetting=0, nativeStartOptions=mode=99,option2F0=0,option2F4=1,option2F8=4294967296, playerId=4, method=SelectBestFit, tryOtherRotations=True, aivSpecIndex=3, attempts=1, finalCandidateId=0, finalAivName=Default 6, finalAivJson=E:\ProgrammeE\Steam\steamapps\common\Stronghold Crusader Definitive Edition\BepInEx\plugins\ActiveAIVDetector_Serp\VanillaAIV\nizar6.aivjson, finalAivJsonSha256=1d86b141261297706ad65f60d870a3ae30a8c0da05b6b3b1d4d923c702cb11ad, finalOrientation=4 (180 degrees), placementState=2 (complete fit), directReturnSigned=<not-applicable>, confirmationPoint=OnStartMap(Post).
[Info   :Active AIV Detector] [2026-09-24 22:56:34.661] AIV placement oracle attempt #3.1: mapName=<unknown>, mapFile=E:\ProgrammeE\Steam\steamapps\common\Stronghold Crusader Definitive Edition\Stronghold Crusader Definitive Edition_Data\StreamingAssets\Maps\CrusadesCrossing.map, mapFileSha256=b5ab8bcc5c4c2783697eef4bbe692ae829b2c7d59c4aff540f79e140c49417fe, preBuildSetting=0, playerId=4, method=SelectBestFit, candidateId=0, aivName=Default 6, aivJson=E:\ProgrammeE\Steam\steamapps\common\Stronghold Crusader Definitive Edition\BepInEx\plugins\ActiveAIVDetector_Serp\VanillaAIV\nizar6.aivjson, aivJsonSha256=1d86b141261297706ad65f60d870a3ae30a8c0da05b6b3b1d4d923c702cb11ad, orientation=4 (180 degrees), result=Complete, rawFitScore=999999, fitPercent=100, evaluatedCells=2352, blockedCells=0, origin=(549,261), keepReference=(592,304).
[Info   :Active AIV Detector] [2026-09-24 22:56:34.668] Wrote opt-in AIV cell trace: path=E:\ProgrammeE\Steam\steamapps\common\Stronghold Crusader Definitive Edition\BepInEx\plugins\ActiveAIVDetector_Serp\CellTraces\oracle-cell-trace-20260924-225633-423-p4-c0-r4-keep592-304.tsv, rows=2352, nativeBlocked=0, resultGridBlocked=0, validatorCalls=2352, validatorBlocked=0, preValidatorBlocked=0.
[Info   :Active AIV Detector] [2026-09-24 22:56:34.668] Wrote opt-in live building grid: path=E:\ProgrammeE\Steam\steamapps\common\Stronghold Crusader Definitive Edition\BepInEx\plugins\ActiveAIVDetector_Serp\CellTraces\oracle-live-building-grid-20260924-225633-423-p4-r4-keep592-304.tsv, occupiedCells=528.
[Info   :Active AIV Detector] [2026-09-24 22:56:34.668] AIV placement oracle selection #4: mapName=<unknown>, mapFile=E:\ProgrammeE\Steam\steamapps\common\Stronghold Crusader Definitive Edition\Stronghold Crusader Definitive Edition_Data\StreamingAssets\Maps\CrusadesCrossing.map, mapFileSha256=b5ab8bcc5c4c2783697eef4bbe692ae829b2c7d59c4aff540f79e140c49417fe, nativeDllSha256=fbcb93195fc7efca9bdac5204852efdd76f9818f59a6711750d77c9cef2831e2, preBuildSetting=0, nativeStartOptions=mode=99,option2F0=0,option2F4=1,option2F8=4294967296, playerId=5, method=SelectBestFit, tryOtherRotations=True, aivSpecIndex=4, attempts=1, finalCandidateId=0, finalAivName=Default 7, finalAivJson=E:\ProgrammeE\Steam\steamapps\common\Stronghold Crusader Definitive Edition\BepInEx\plugins\ActiveAIVDetector_Serp\VanillaAIV\marshal7.aivjson, finalAivJsonSha256=384abb01e5b4c0ff36ceddeac64c3a8dc8151d0113d1189a32d8c7feb9bb337f, finalOrientation=0 (0 degrees), placementState=2 (complete fit), directReturnSigned=<not-applicable>, confirmationPoint=OnStartMap(Post).
[Info   :Active AIV Detector] [2026-09-24 22:56:34.668] AIV placement oracle attempt #4.1: mapName=<unknown>, mapFile=E:\ProgrammeE\Steam\steamapps\common\Stronghold Crusader Definitive Edition\Stronghold Crusader Definitive Edition_Data\StreamingAssets\Maps\CrusadesCrossing.map, mapFileSha256=b5ab8bcc5c4c2783697eef4bbe692ae829b2c7d59c4aff540f79e140c49417fe, preBuildSetting=0, playerId=5, method=SelectBestFit, candidateId=0, aivName=Default 7, aivJson=E:\ProgrammeE\Steam\steamapps\common\Stronghold Crusader Definitive Edition\BepInEx\plugins\ActiveAIVDetector_Serp\VanillaAIV\marshal7.aivjson, aivJsonSha256=384abb01e5b4c0ff36ceddeac64c3a8dc8151d0113d1189a32d8c7feb9bb337f, orientation=0 (0 degrees), result=Complete, rawFitScore=999999, fitPercent=100, evaluatedCells=1770, blockedCells=0, origin=(333,629), keepReference=(376,672).
[Info   :Active AIV Detector] [2026-09-24 22:56:34.673] Wrote opt-in AIV cell trace: path=E:\ProgrammeE\Steam\steamapps\common\Stronghold Crusader Definitive Edition\BepInEx\plugins\ActiveAIVDetector_Serp\CellTraces\oracle-cell-trace-20260924-225633-447-p5-c0-r0-keep376-672.tsv, rows=1770, nativeBlocked=0, resultGridBlocked=0, validatorCalls=1770, validatorBlocked=0, preValidatorBlocked=0.
[Info   :Active AIV Detector] [2026-09-24 22:56:34.673] Wrote opt-in live building grid: path=E:\ProgrammeE\Steam\steamapps\common\Stronghold Crusader Definitive Edition\BepInEx\plugins\ActiveAIVDetector_Serp\CellTraces\oracle-live-building-grid-20260924-225633-447-p5-r0-keep376-672.tsv, occupiedCells=645.
[Info   :Active AIV Detector] [2026-09-24 22:56:34.673] AIV placement oracle selection #5: mapName=<unknown>, mapFile=E:\ProgrammeE\Steam\steamapps\common\Stronghold Crusader Definitive Edition\Stronghold Crusader Definitive Edition_Data\StreamingAssets\Maps\CrusadesCrossing.map, mapFileSha256=b5ab8bcc5c4c2783697eef4bbe692ae829b2c7d59c4aff540f79e140c49417fe, nativeDllSha256=fbcb93195fc7efca9bdac5204852efdd76f9818f59a6711750d77c9cef2831e2, preBuildSetting=0, nativeStartOptions=mode=99,option2F0=0,option2F4=1,option2F8=4294967296, playerId=6, method=SelectBestFit, tryOtherRotations=True, aivSpecIndex=5, attempts=4, finalCandidateId=0, finalAivName=Default 1, finalAivJson=E:\ProgrammeE\Steam\steamapps\common\Stronghold Crusader Definitive Edition\BepInEx\plugins\ActiveAIVDetector_Serp\VanillaAIV\emir1.aivjson, finalAivJsonSha256=ffa393f8dfb7899742c7647645d3cd3fa582090c7770cf9d32d89c96d46bd658, finalOrientation=6 (270 degrees), placementState=2 (complete fit), directReturnSigned=<not-applicable>, confirmationPoint=OnStartMap(Post).
[Info   :Active AIV Detector] [2026-09-24 22:56:34.673] AIV placement oracle attempt #5.1: mapName=<unknown>, mapFile=E:\ProgrammeE\Steam\steamapps\common\Stronghold Crusader Definitive Edition\Stronghold Crusader Definitive Edition_Data\StreamingAssets\Maps\CrusadesCrossing.map, mapFileSha256=b5ab8bcc5c4c2783697eef4bbe692ae829b2c7d59c4aff540f79e140c49417fe, preBuildSetting=0, playerId=6, method=SelectBestFit, candidateId=0, aivName=Default 1, aivJson=E:\ProgrammeE\Steam\steamapps\common\Stronghold Crusader Definitive Edition\BepInEx\plugins\ActiveAIVDetector_Serp\VanillaAIV\emir1.aivjson, aivJsonSha256=ffa393f8dfb7899742c7647645d3cd3fa582090c7770cf9d32d89c96d46bd658, orientation=0 (0 degrees), result=Partial, rawFitScore=131, fitPercent=99, evaluatedCells=2616, blockedCells=18, origin=(398,593), keepReference=(441,636).
[Info   :Active AIV Detector] [2026-09-24 22:56:34.680] Wrote opt-in AIV cell trace: path=E:\ProgrammeE\Steam\steamapps\common\Stronghold Crusader Definitive Edition\BepInEx\plugins\ActiveAIVDetector_Serp\CellTraces\oracle-cell-trace-20260924-225633-474-p6-c0-r0-keep441-636.tsv, rows=2616, nativeBlocked=18, resultGridBlocked=0, validatorCalls=2598, validatorBlocked=0, preValidatorBlocked=18.
[Info   :Active AIV Detector] [2026-09-24 22:56:34.680] Wrote opt-in live building grid: path=E:\ProgrammeE\Steam\steamapps\common\Stronghold Crusader Definitive Edition\BepInEx\plugins\ActiveAIVDetector_Serp\CellTraces\oracle-live-building-grid-20260924-225633-474-p6-r0-keep441-636.tsv, occupiedCells=762.
[Info   :Active AIV Detector] [2026-09-24 22:56:34.681] AIV placement oracle attempt #5.2: mapName=<unknown>, mapFile=E:\ProgrammeE\Steam\steamapps\common\Stronghold Crusader Definitive Edition\Stronghold Crusader Definitive Edition_Data\StreamingAssets\Maps\CrusadesCrossing.map, mapFileSha256=b5ab8bcc5c4c2783697eef4bbe692ae829b2c7d59c4aff540f79e140c49417fe, preBuildSetting=0, playerId=6, method=SelectBestFit, candidateId=0, aivName=Default 1, aivJson=E:\ProgrammeE\Steam\steamapps\common\Stronghold Crusader Definitive Edition\BepInEx\plugins\ActiveAIVDetector_Serp\VanillaAIV\emir1.aivjson, aivJsonSha256=ffa393f8dfb7899742c7647645d3cd3fa582090c7770cf9d32d89c96d46bd658, orientation=2 (90 degrees), result=Partial, rawFitScore=66, fitPercent=98, evaluatedCells=2616, blockedCells=34, origin=(398,593), keepReference=(441,636).
[Info   :Active AIV Detector] [2026-09-24 22:56:34.693] Wrote opt-in AIV cell trace: path=E:\ProgrammeE\Steam\steamapps\common\Stronghold Crusader Definitive Edition\BepInEx\plugins\ActiveAIVDetector_Serp\CellTraces\oracle-cell-trace-20260924-225633-477-p6-c0-r2-keep441-636.tsv, rows=2616, nativeBlocked=34, resultGridBlocked=0, validatorCalls=2582, validatorBlocked=0, preValidatorBlocked=34.
[Info   :Active AIV Detector] [2026-09-24 22:56:34.693] Wrote opt-in live building grid: path=E:\ProgrammeE\Steam\steamapps\common\Stronghold Crusader Definitive Edition\BepInEx\plugins\ActiveAIVDetector_Serp\CellTraces\oracle-live-building-grid-20260924-225633-477-p6-r2-keep441-636.tsv, occupiedCells=762.
[Info   :Active AIV Detector] [2026-09-24 22:56:34.693] AIV placement oracle attempt #5.3: mapName=<unknown>, mapFile=E:\ProgrammeE\Steam\steamapps\common\Stronghold Crusader Definitive Edition\Stronghold Crusader Definitive Edition_Data\StreamingAssets\Maps\CrusadesCrossing.map, mapFileSha256=b5ab8bcc5c4c2783697eef4bbe692ae829b2c7d59c4aff540f79e140c49417fe, preBuildSetting=0, playerId=6, method=SelectBestFit, candidateId=0, aivName=Default 1, aivJson=E:\ProgrammeE\Steam\steamapps\common\Stronghold Crusader Definitive Edition\BepInEx\plugins\ActiveAIVDetector_Serp\VanillaAIV\emir1.aivjson, aivJsonSha256=ffa393f8dfb7899742c7647645d3cd3fa582090c7770cf9d32d89c96d46bd658, orientation=4 (180 degrees), result=Partial, rawFitScore=100, fitPercent=99, evaluatedCells=2616, blockedCells=3, origin=(398,593), keepReference=(441,636).
[Info   :Active AIV Detector] [2026-09-24 22:56:34.710] Wrote opt-in AIV cell trace: path=E:\ProgrammeE\Steam\steamapps\common\Stronghold Crusader Definitive Edition\BepInEx\plugins\ActiveAIVDetector_Serp\CellTraces\oracle-cell-trace-20260924-225633-478-p6-c0-r4-keep441-636.tsv, rows=2616, nativeBlocked=3, resultGridBlocked=0, validatorCalls=2613, validatorBlocked=0, preValidatorBlocked=3.
[Info   :Active AIV Detector] [2026-09-24 22:56:34.711] Wrote opt-in live building grid: path=E:\ProgrammeE\Steam\steamapps\common\Stronghold Crusader Definitive Edition\BepInEx\plugins\ActiveAIVDetector_Serp\CellTraces\oracle-live-building-grid-20260924-225633-478-p6-r4-keep441-636.tsv, occupiedCells=762.
[Info   :Active AIV Detector] [2026-09-24 22:56:34.711] AIV placement oracle attempt #5.4: mapName=<unknown>, mapFile=E:\ProgrammeE\Steam\steamapps\common\Stronghold Crusader Definitive Edition\Stronghold Crusader Definitive Edition_Data\StreamingAssets\Maps\CrusadesCrossing.map, mapFileSha256=b5ab8bcc5c4c2783697eef4bbe692ae829b2c7d59c4aff540f79e140c49417fe, preBuildSetting=0, playerId=6, method=SelectBestFit, candidateId=0, aivName=Default 1, aivJson=E:\ProgrammeE\Steam\steamapps\common\Stronghold Crusader Definitive Edition\BepInEx\plugins\ActiveAIVDetector_Serp\VanillaAIV\emir1.aivjson, aivJsonSha256=ffa393f8dfb7899742c7647645d3cd3fa582090c7770cf9d32d89c96d46bd658, orientation=6 (270 degrees), result=Complete, rawFitScore=999999, fitPercent=100, evaluatedCells=2616, blockedCells=0, origin=(398,593), keepReference=(441,636).
[Info   :Active AIV Detector] [2026-09-24 22:56:34.717] Wrote opt-in AIV cell trace: path=E:\ProgrammeE\Steam\steamapps\common\Stronghold Crusader Definitive Edition\BepInEx\plugins\ActiveAIVDetector_Serp\CellTraces\oracle-cell-trace-20260924-225633-480-p6-c0-r6-keep441-636.tsv, rows=2616, nativeBlocked=0, resultGridBlocked=0, validatorCalls=2616, validatorBlocked=0, preValidatorBlocked=0.
[Info   :Active AIV Detector] [2026-09-24 22:56:34.718] Wrote opt-in live building grid: path=E:\ProgrammeE\Steam\steamapps\common\Stronghold Crusader Definitive Edition\BepInEx\plugins\ActiveAIVDetector_Serp\CellTraces\oracle-live-building-grid-20260924-225633-480-p6-r6-keep441-636.tsv, occupiedCells=762.
[Info   :Active AIV Detector] [2026-09-24 22:56:34.718] AIV placement oracle selection #6: mapName=<unknown>, mapFile=E:\ProgrammeE\Steam\steamapps\common\Stronghold Crusader Definitive Edition\Stronghold Crusader Definitive Edition_Data\StreamingAssets\Maps\CrusadesCrossing.map, mapFileSha256=b5ab8bcc5c4c2783697eef4bbe692ae829b2c7d59c4aff540f79e140c49417fe, nativeDllSha256=fbcb93195fc7efca9bdac5204852efdd76f9818f59a6711750d77c9cef2831e2, preBuildSetting=0, nativeStartOptions=mode=99,option2F0=0,option2F4=1,option2F8=4294967296, playerId=7, method=SelectBestFit, tryOtherRotations=True, aivSpecIndex=6, attempts=1, finalCandidateId=0, finalAivName=Default 2, finalAivJson=E:\ProgrammeE\Steam\steamapps\common\Stronghold Crusader Definitive Edition\BepInEx\plugins\ActiveAIVDetector_Serp\VanillaAIV\abbot2.aivjson, finalAivJsonSha256=486ff3d30ba01c407d039d367a53b1391fd9f2feff500eb82e420cb297afdf07, finalOrientation=6 (270 degrees), placementState=2 (complete fit), directReturnSigned=<not-applicable>, confirmationPoint=OnStartMap(Post).
[Info   :Active AIV Detector] [2026-09-24 22:56:34.718] AIV placement oracle attempt #6.1: mapName=<unknown>, mapFile=E:\ProgrammeE\Steam\steamapps\common\Stronghold Crusader Definitive Edition\Stronghold Crusader Definitive Edition_Data\StreamingAssets\Maps\CrusadesCrossing.map, mapFileSha256=b5ab8bcc5c4c2783697eef4bbe692ae829b2c7d59c4aff540f79e140c49417fe, preBuildSetting=0, playerId=7, method=SelectBestFit, candidateId=0, aivName=Default 2, aivJson=E:\ProgrammeE\Steam\steamapps\common\Stronghold Crusader Definitive Edition\BepInEx\plugins\ActiveAIVDetector_Serp\VanillaAIV\abbot2.aivjson, aivJsonSha256=486ff3d30ba01c407d039d367a53b1391fd9f2feff500eb82e420cb297afdf07, orientation=6 (270 degrees), result=Complete, rawFitScore=999999, fitPercent=100, evaluatedCells=2870, blockedCells=0, origin=(167,278), keepReference=(210,321).
[Info   :Active AIV Detector] [2026-09-24 22:56:34.725] Wrote opt-in AIV cell trace: path=E:\ProgrammeE\Steam\steamapps\common\Stronghold Crusader Definitive Edition\BepInEx\plugins\ActiveAIVDetector_Serp\CellTraces\oracle-cell-trace-20260924-225633-536-p7-c0-r6-keep210-321.tsv, rows=2870, nativeBlocked=0, resultGridBlocked=0, validatorCalls=2870, validatorBlocked=0, preValidatorBlocked=0.
[Info   :Active AIV Detector] [2026-09-24 22:56:34.725] Wrote opt-in live building grid: path=E:\ProgrammeE\Steam\steamapps\common\Stronghold Crusader Definitive Edition\BepInEx\plugins\ActiveAIVDetector_Serp\CellTraces\oracle-live-building-grid-20260924-225633-536-p7-r6-keep210-321.tsv, occupiedCells=879.
[Info   :Active AIV Detector] [2026-09-24 22:56:34.725] AIV placement oracle selection #7: mapName=<unknown>, mapFile=E:\ProgrammeE\Steam\steamapps\common\Stronghold Crusader Definitive Edition\Stronghold Crusader Definitive Edition_Data\StreamingAssets\Maps\CrusadesCrossing.map, mapFileSha256=b5ab8bcc5c4c2783697eef4bbe692ae829b2c7d59c4aff540f79e140c49417fe, nativeDllSha256=fbcb93195fc7efca9bdac5204852efdd76f9818f59a6711750d77c9cef2831e2, preBuildSetting=0, nativeStartOptions=mode=99,option2F0=0,option2F4=1,option2F8=4294967296, playerId=8, method=SelectBestFit, tryOtherRotations=True, aivSpecIndex=7, attempts=1, finalCandidateId=0, finalAivName=Default 5, finalAivJson=E:\ProgrammeE\Steam\steamapps\common\Stronghold Crusader Definitive Edition\BepInEx\plugins\ActiveAIVDetector_Serp\VanillaAIV\jewel5.aivjson, finalAivJsonSha256=fe15c680d1515b8b401f1edb19b99f79cdb726e0169cf2db096df6c139a46eb8, finalOrientation=4 (180 degrees), placementState=2 (complete fit), directReturnSigned=<not-applicable>, confirmationPoint=OnStartMap(Post).
[Info   :Active AIV Detector] [2026-09-24 22:56:34.726] AIV placement oracle attempt #7.1: mapName=<unknown>, mapFile=E:\ProgrammeE\Steam\steamapps\common\Stronghold Crusader Definitive Edition\Stronghold Crusader Definitive Edition_Data\StreamingAssets\Maps\CrusadesCrossing.map, mapFileSha256=b5ab8bcc5c4c2783697eef4bbe692ae829b2c7d59c4aff540f79e140c49417fe, preBuildSetting=0, playerId=8, method=SelectBestFit, candidateId=0, aivName=Default 5, aivJson=E:\ProgrammeE\Steam\steamapps\common\Stronghold Crusader Definitive Edition\BepInEx\plugins\ActiveAIVDetector_Serp\VanillaAIV\jewel5.aivjson, aivJsonSha256=fe15c680d1515b8b401f1edb19b99f79cdb726e0169cf2db096df6c139a46eb8, orientation=4 (180 degrees), result=Complete, rawFitScore=999999, fitPercent=100, evaluatedCells=2077, blockedCells=0, origin=(295,138), keepReference=(338,181).
[Info   :Active AIV Detector] [2026-09-24 22:56:34.731] Wrote opt-in AIV cell trace: path=E:\ProgrammeE\Steam\steamapps\common\Stronghold Crusader Definitive Edition\BepInEx\plugins\ActiveAIVDetector_Serp\CellTraces\oracle-cell-trace-20260924-225633-556-p8-c0-r4-keep338-181.tsv, rows=2077, nativeBlocked=0, resultGridBlocked=0, validatorCalls=2077, validatorBlocked=0, preValidatorBlocked=0.
[Info   :Active AIV Detector] [2026-09-24 22:56:34.732] Wrote opt-in live building grid: path=E:\ProgrammeE\Steam\steamapps\common\Stronghold Crusader Definitive Edition\BepInEx\plugins\ActiveAIVDetector_Serp\CellTraces\oracle-live-building-grid-20260924-225633-556-p8-r4-keep338-181.tsv, occupiedCells=996.
[Info   :Active AIV Detector] [2026-09-24 22:56:34.735] Active AIV confirmed #1: playerId=2, lord=WOLF, baseLordEnum=SK_WOLF, runtimeLordEnum=SK_WOLF, lordJson=E:\ProgrammeE\Steam\steamapps\common\Stronghold Crusader Definitive Edition\BepInEx\plugins\ActiveAIVDetector_Serp\VanillaAIC\Wolf.lordjson, lordConfigChecksum=<not-applicable>, lordJsonSha256=c79627657a2ee5f402a3deea637fefdc8467876f92edf3a8c2aad17b8af2e2c1, lordConfigEffectiveSource=embedded game data; bundled lordJson exists but its manifest does not match the installed CrusaderDE.dll, aivMode=Default, candidateId=0, aivName=Default 7, aivJson=E:\ProgrammeE\Steam\steamapps\common\Stronghold Crusader Definitive Edition\BepInEx\plugins\ActiveAIVDetector_Serp\VanillaAIV\wolf7.aivjson, aivJsonSha256=35909eb65c1a5fb6e1b5c739e473a35f333a4db849d1604dc9e723c60198b17f, checksum=7, effectiveSource=embedded game data; bundled aivJson is the equivalent official editor file and is not read by the game, aivSpecIndex=1, orientation=2 (90 degrees), placementState=1 (best partial fit), confirmationPoint=OnStartMap(Post).
[Info   :Active AIV Detector] [2026-09-24 22:56:34.735] Active AIV confirmed #2: playerId=3, lord=SENTINEL, baseLordEnum=SK_SENTINEL, runtimeLordEnum=SK_SENTINEL, lordJson=E:\ProgrammeE\Steam\steamapps\common\Stronghold Crusader Definitive Edition\BepInEx\plugins\ActiveAIVDetector_Serp\VanillaAIC\Sentinel.lordjson, lordConfigChecksum=<not-applicable>, lordJsonSha256=a399a37fb352d2a2792d546fad15dc1857f1c59acce45062863ef1ba2f6e025a, lordConfigEffectiveSource=embedded game data; bundled lordJson exists but its manifest does not match the installed CrusaderDE.dll, aivMode=Default, candidateId=0, aivName=Default 2, aivJson=E:\ProgrammeE\Steam\steamapps\common\Stronghold Crusader Definitive Edition\BepInEx\plugins\ActiveAIVDetector_Serp\VanillaAIV\sentinel2.aivjson, aivJsonSha256=907ab0c23abebd42aba220449f8010f7fd12d9c1d87a455fcd24ff478453e9da, checksum=2, effectiveSource=embedded game data; bundled aivJson is the equivalent official editor file and is not read by the game, aivSpecIndex=2, orientation=2 (90 degrees), placementState=1 (best partial fit), confirmationPoint=OnStartMap(Post).
[Info   :Active AIV Detector] [2026-09-24 22:56:34.736] Active AIV confirmed #3: playerId=4, lord=NIZAR, baseLordEnum=SK_NIZAR, runtimeLordEnum=SK_NIZAR, lordJson=E:\ProgrammeE\Steam\steamapps\common\Stronghold Crusader Definitive Edition\BepInEx\plugins\ActiveAIVDetector_Serp\VanillaAIC\Nizar.lordjson, lordConfigChecksum=<not-applicable>, lordJsonSha256=361070a6c6c91b7733d07182d916fdbfbd3d8242e5103031182312d00643d9b7, lordConfigEffectiveSource=embedded game data; bundled lordJson exists but its manifest does not match the installed CrusaderDE.dll, aivMode=Default, candidateId=0, aivName=Default 6, aivJson=E:\ProgrammeE\Steam\steamapps\common\Stronghold Crusader Definitive Edition\BepInEx\plugins\ActiveAIVDetector_Serp\VanillaAIV\nizar6.aivjson, aivJsonSha256=1d86b141261297706ad65f60d870a3ae30a8c0da05b6b3b1d4d923c702cb11ad, checksum=6, effectiveSource=embedded game data; bundled aivJson is the equivalent official editor file and is not read by the game, aivSpecIndex=3, orientation=4 (180 degrees), placementState=2 (complete fit), confirmationPoint=OnStartMap(Post).
[Info   :Active AIV Detector] [2026-09-24 22:56:34.737] Active AIV confirmed #4: playerId=5, lord=MARSHAL, baseLordEnum=SK_MARSHAL, runtimeLordEnum=SK_MARSHAL, lordJson=E:\ProgrammeE\Steam\steamapps\common\Stronghold Crusader Definitive Edition\BepInEx\plugins\ActiveAIVDetector_Serp\VanillaAIC\Marshal.lordjson, lordConfigChecksum=<not-applicable>, lordJsonSha256=5814c0445a51d1dabb346ac61e2e9b7573ebc707ac265287e00aa6faf14c4bd9, lordConfigEffectiveSource=embedded game data; bundled lordJson exists but its manifest does not match the installed CrusaderDE.dll, aivMode=Default, candidateId=0, aivName=Default 7, aivJson=E:\ProgrammeE\Steam\steamapps\common\Stronghold Crusader Definitive Edition\BepInEx\plugins\ActiveAIVDetector_Serp\VanillaAIV\marshal7.aivjson, aivJsonSha256=384abb01e5b4c0ff36ceddeac64c3a8dc8151d0113d1189a32d8c7feb9bb337f, checksum=7, effectiveSource=embedded game data; bundled aivJson is the equivalent official editor file and is not read by the game, aivSpecIndex=4, orientation=0 (0 degrees), placementState=2 (complete fit), confirmationPoint=OnStartMap(Post).
[Info   :Active AIV Detector] [2026-09-24 22:56:34.741] Active AIV confirmed #5: playerId=6, lord=EMIR, baseLordEnum=SK_EMIR, runtimeLordEnum=SK_EMIR, lordJson=E:\ProgrammeE\Steam\steamapps\common\Stronghold Crusader Definitive Edition\BepInEx\plugins\ActiveAIVDetector_Serp\VanillaAIC\Emir.lordjson, lordConfigChecksum=<not-applicable>, lordJsonSha256=b947bf4baee3fc7529db6c598df6f2a2bd7372b819cf8c6438014294fb14c8fe, lordConfigEffectiveSource=embedded game data; bundled lordJson exists but its manifest does not match the installed CrusaderDE.dll, aivMode=Default, candidateId=0, aivName=Default 1, aivJson=E:\ProgrammeE\Steam\steamapps\common\Stronghold Crusader Definitive Edition\BepInEx\plugins\ActiveAIVDetector_Serp\VanillaAIV\emir1.aivjson, aivJsonSha256=ffa393f8dfb7899742c7647645d3cd3fa582090c7770cf9d32d89c96d46bd658, checksum=1, effectiveSource=embedded game data; bundled aivJson is the equivalent official editor file and is not read by the game, aivSpecIndex=5, orientation=6 (270 degrees), placementState=2 (complete fit), confirmationPoint=OnStartMap(Post).
[Info   :Active AIV Detector] [2026-09-24 22:56:34.742] Active AIV confirmed #6: playerId=7, lord=ABBOT, baseLordEnum=SK_ABBOT, runtimeLordEnum=SK_ABBOT, lordJson=E:\ProgrammeE\Steam\steamapps\common\Stronghold Crusader Definitive Edition\BepInEx\plugins\ActiveAIVDetector_Serp\VanillaAIC\Abbot.lordjson, lordConfigChecksum=<not-applicable>, lordJsonSha256=2c85a98288333cf49833a6f64af7aee38b7c97050d2826414df9893414f3a8e8, lordConfigEffectiveSource=embedded game data; bundled lordJson exists but its manifest does not match the installed CrusaderDE.dll, aivMode=Default, candidateId=0, aivName=Default 2, aivJson=E:\ProgrammeE\Steam\steamapps\common\Stronghold Crusader Definitive Edition\BepInEx\plugins\ActiveAIVDetector_Serp\VanillaAIV\abbot2.aivjson, aivJsonSha256=486ff3d30ba01c407d039d367a53b1391fd9f2feff500eb82e420cb297afdf07, checksum=2, effectiveSource=embedded game data; bundled aivJson is the equivalent official editor file and is not read by the game, aivSpecIndex=6, orientation=6 (270 degrees), placementState=2 (complete fit), confirmationPoint=OnStartMap(Post).
[Info   :Active AIV Detector] [2026-09-24 22:56:34.743] Active AIV confirmed #7: playerId=8, lord=JEWEL, baseLordEnum=SK_JEWEL, runtimeLordEnum=SK_JEWEL, lordJson=E:\ProgrammeE\Steam\steamapps\common\Stronghold Crusader Definitive Edition\BepInEx\plugins\ActiveAIVDetector_Serp\VanillaAIC\Jewel.lordjson, lordConfigChecksum=<not-applicable>, lordJsonSha256=0560a1e700e5e33f521b3b5919d512051c5c750408da6d672fa552f6733f345a, lordConfigEffectiveSource=embedded game data; bundled lordJson exists but its manifest does not match the installed CrusaderDE.dll, aivMode=Default, candidateId=0, aivName=Default 5, aivJson=E:\ProgrammeE\Steam\steamapps\common\Stronghold Crusader Definitive Edition\BepInEx\plugins\ActiveAIVDetector_Serp\VanillaAIV\jewel5.aivjson, aivJsonSha256=fe15c680d1515b8b401f1edb19b99f79cdb726e0169cf2db096df6c139a46eb8, checksum=5, effectiveSource=embedded game data; bundled aivJson is the equivalent official editor file and is not read by the game, aivSpecIndex=7, orientation=4 (180 degrees), placementState=2 (complete fit), confirmationPoint=OnStartMap(Post).
[Info   :Active AIV Detector] [2026-09-24 22:56:34.743] Active AIV finalization completed after MissionStart: activeAIs=7, reportedAIVs=7, capturedSelections=7.
[Debug  :Unit Limit] [2026-09-24 22:56:34.748] ActiveSiegeTentCache ResyncAll: countKeys 0
[Debug  :Unit Limit] [2026-09-24 22:56:34.749] Gameplay session started: NewMap
[Debug  :Unit Limit] [2026-09-24 22:56:34.749] Applied active unit limit rules: 32
[Warning:  SHCDE-SE] [T1-22:56:34.750] [GameNetworkAPI] [GetLocalPlayerId] Local SteamID [76561198102311542] has no assigned slot yet: returning -1
[Warning:  SHCDE-SE] [T1-22:56:34.751] [GameNetworkAPI] [GetLocalPlayerId] Local SteamID [76561198102311542] has no assigned slot yet: returning -1
[Debug  :Extra Features] [2026-09-24 22:56:34.751] Extra Features multiplayer feature gate captured map mode: realMultiplayer=False, singleplayerSkirmishMode=True, singleplayerSkirmish=True, singleplayerTrail=False, mapEditor=False, multiplayerSave=False, directorAvailable=True, directorMultiplayer=False, directorSkirmish=True, lowLevelNetworked=True, platformMultiplayer=False, lobbyMembers=8, realLobbyMembers=0, skirmishLobbyMembers=8, gameMembers=8, realNetworkGameMembers=0, gameType=3, skirmishGameType=0, skirmishTrailType=-1, coopTrailId=0, kind=CustomGame, launchVariant=Standard, allowsCustomGameMods=True, allowsRegularGameplayMods=True, campaignMapId=0, eventTrailType=-1, customizedTrailId=-1, customizedMissionId=-1, customizedOriginKind=0, conflictingCustomizedOrigin=False.
[Debug  :Extra Features] [2026-09-24 22:56:34.752] Extra Features gatehouse diagnostic: button visibility state: hidden: editor=False, playerId=1, selectedBuildingId=0, reason=not-a-live-gatehouse, selection=none.
[Info   :Extra Features] [2026-09-24 22:56:34.752] Extra Features gatehouse map state started: manualOnly=0.
[Info   :Extra Features] [2026-09-24 22:56:34.752] Extra Features church priest counts applied: enabled=True, church2=2, church3=3.
[Debug  :Extra Features] [2026-09-24 22:56:34.753] Extra Features Lord health initialized: session=1, savedBasis=False, humans=100%, AI=100%.
[Warning:  SHCDE-SE] [T1-22:56:34.754] [GameNetworkAPI] [GetLocalPlayerId] Local SteamID [76561198102311542] has no assigned slot yet: returning -1
[Warning:  SHCDE-SE] [T1-22:56:34.754] [GameNetworkAPI] [GetLocalPlayerId] Local SteamID [76561198102311542] has no assigned slot yet: returning -1
[Info   :Extra Features] [2026-09-24 22:56:34.754] Extra Features gatehouse map state resumed: manualOnly=0.
[Debug  :Bugfixes and QoL] [2026-09-24 22:56:34.754] Bugfixes and QoL multiplayer feature gate captured map mode: realMultiplayer=False, singleplayerSkirmishMode=True, singleplayerSkirmish=True, singleplayerTrail=False, mapEditor=False, multiplayerSave=False, directorAvailable=True, directorMultiplayer=False, directorSkirmish=True, lowLevelNetworked=True, platformMultiplayer=False, lobbyMembers=8, realLobbyMembers=0, skirmishLobbyMembers=8, gameMembers=8, realNetworkGameMembers=0, gameType=3, skirmishGameType=0, skirmishTrailType=-1, coopTrailId=0, kind=CustomGame, launchVariant=Standard, allowsCustomGameMods=True, allowsRegularGameplayMods=True, campaignMapId=0, eventTrailType=-1, customizedTrailId=-1, customizedMissionId=-1, customizedOriginKind=0, conflictingCustomizedOrigin=False.
[Debug  :Bugfixes and QoL] [2026-09-24 22:56:34.757] Reset surrender/statistics session state: reason=session-start:NewMap.
[Debug  :Bugfixes and QoL] [2026-09-24 22:56:34.758] Extended Shift queue mode: realMultiplayer=False, synchronizedQueueing=False.
[Debug  :Bugfixes and QoL] [2026-09-24 22:56:34.758] Plague popularity diagnostics armed: modEnabled=True, fixEnabled=True, source=NewMap, mode=realMultiplayer=False, singleplayerSkirmishMode=True, singleplayerSkirmish=True, singleplayerTrail=False, mapEditor=False, multiplayerSave=False, directorAvailable=True, directorMultiplayer=False, directorSkirmish=True, lowLevelNetworked=True, platformMultiplayer=False, lobbyMembers=8, realLobbyMembers=0, skirmishLobbyMembers=8, gameMembers=8, realNetworkGameMembers=0, gameType=3, skirmishGameType=0, skirmishTrailType=-1, coopTrailId=0, kind=CustomGame, launchVariant=Standard, allowsCustomGameMods=True, allowsRegularGameplayMods=True, campaignMapId=0, eventTrailType=-1, customizedTrailId=-1, customizedMissionId=-1, customizedOriginKind=0, conflictingCustomizedOrigin=False.
[Debug  :Bugfixes and QoL] [2026-09-24 22:56:34.759] Bugfixes and QoL quarry-pile runtime: loaded Vanilla structure-group repair completed: candidates=0, validPairs=0, alreadyValid=0, plannedRepairs=0, groupIdsCorrected=0, legacyReverseLinksCleared=0, invalid=0, ambiguous=0, rejectedGroups=0.
[Info   :AIV Lobby Preset Test] Test-series run completed: Crossing-forward-off; next=2/8, session=1.
[Debug  :Building Costs] [2026-09-24 22:56:34.765] Gameplay session started: NewMap
[Debug  :Building Costs] [2026-09-24 22:56:34.766] Applied building cost materials: 0
[Debug  :Building Limit] [2026-09-24 22:56:34.769] ActiveBuildingCache RebuildCounts: humanCountKeys 6
[Debug  :Building Limit] [2026-09-24 22:56:34.769] ActiveBuildingCache ResyncAll: raiseEvents True scanned 3999 alive 106 humanActiveIds 9 humanCountKeys 6
[Debug  :Building Limit] [2026-09-24 22:56:34.770] ActiveBuildingCache ResyncAll count: player 1 type STRUCT_GOODS_YARD count 4
[Debug  :Building Limit] [2026-09-24 22:56:34.770] ActiveBuildingCache ResyncAll count: player 1 type STRUCT_KEEP_TWO count 1
[Debug  :Building Limit] [2026-09-24 22:56:34.770] ActiveBuildingCache ResyncAll count: player 1 type STRUCT_CAMPGROUND count 1
[Debug  :Building Limit] [2026-09-24 22:56:34.770] ActiveBuildingCache ResyncAll count: player 1 type STRUCT_KEEPDOOR_LEFT count 1
[Debug  :Building Limit] [2026-09-24 22:56:34.770] ActiveBuildingCache ResyncAll count: player 1 type STRUCT_KEEPDOOR_RIGHT count 1
[Debug  :Building Limit] [2026-09-24 22:56:34.770] ActiveBuildingCache ResyncAll count: player 1 type STRUCT_KEEPDOOR count 1
[Debug  :Building Limit] [2026-09-24 22:56:34.771] Gameplay session started: NewMap
[Debug  :Building Limit] [2026-09-24 22:56:34.771] Applied active building limit rules: 93
[Debug  :CastlePlanner] [2026-09-24 22:56:34.774] Blueprint preparation skipped because the local AIVJSON is unavailable and Spawn Castle is disabled: '[CustomLords] testlord_serp\testlord_serpcastle1.aivjson'.
[Debug  :CastlePlanner] [2026-09-24 22:56:34.774] Blueprint map-start lifecycle received; visibility reset to hidden.
[Debug  : Cheat Mod] [2026-09-24 22:56:34.774] Cheat Mod map runtime started; extreme-powers recharge interval=40 ticks, mana=7000, tickSubscribed=False.
[Debug  :Unit Costs] [2026-09-24 22:56:34.776] Applied unit cost values: 0
[Debug  :Unit Costs] [2026-09-24 22:56:34.776] Applied human extra unit cost rows: 0
[Error  :Random Events] [2026-09-24 22:56:34.861] Signpost initialization failed on this map; retrying: no ready Keep was found for [P2:keepId=0]; activePlayers=[1,2,3,4,5,6,7,8].
[Debug  :Extreme Powers] [2026-09-24 22:56:34.896] Extreme Powers session is ready.
[Debug  :Bugfixes and QoL] [2026-09-24 22:56:34.896] Bugfixes and QoL quarry-pile runtime: AI quarry spawn observation armed after map/load initialization: tick=32.
[Info   :Extra Features] [2026-09-24 22:56:34.946] Extra Features gatehouse automation icon loaded: asset='Assets/GUI/Sprites/ExtraFeatures_GatehouseAutomation.png', bytes=2443140.
[Debug  :CastlePlanner] [2026-09-24 22:56:34.946] Persistent Application.onBeforeRender blueprint callback is active.
[Info   :CastlePlanner] [2026-09-24 22:56:34.948] CastlePlanner cached AIVJSON choices including Steam Workshop content; unique=511, identicalDuplicatesIgnored=376, nonAivContainersIgnored=3.
[Info   :CastlePlanner] [2026-09-24 22:56:34.965] Blueprint prepared locally: reason=scheduled preparation, file=C:\Users\Serpens66\AppData\LocalLow\Firefly Studios\Stronghold Crusader Definitive Edition\CustomLords\testlord_serp\testlord_serpcastle1.aivjson, keep=(112,386), projectedKeep=(112,386), castleRotation=0, tiles=1691, icons=161, unknownMappers=0, miscItemsIgnored=0.
[Debug  :CastlePlanner] [2026-09-24 22:56:34.966] Blueprint HUD viewport updated: width=1365,0, height=768,0.
[Debug  :CastlePlanner] [2026-09-24 22:56:34.989] Decoded Blueprint depth atlas page: key=MAPPER_WALL|Generic|Default, page=0, bytes=90046, size=68x540, pngDecodeMs=13,4, pagePrepareMs=14,1.
[Debug  :CastlePlanner] [2026-09-24 22:56:34.993] Prepared Blueprint depth visual: key=MAPPER_WALL|Generic|Default, pages=1, fragments=1, layers=1, fileReadMs=0,1, pngDecodeMs=13,4, meshBuildMs=4,4, mainThreadMs=18,8.
[Debug  :CastlePlanner] [2026-09-24 22:56:35.005] Decoded Blueprint depth atlas page: key=MAPPER_WOODWALL|Generic|Default, page=0, bytes=90300, size=68x540, pngDecodeMs=1,1, pagePrepareMs=1,1.
[Debug  :CastlePlanner] [2026-09-24 22:56:35.005] Prepared Blueprint depth visual: key=MAPPER_WOODWALL|Generic|Default, pages=1, fragments=1, layers=1, fileReadMs=0,8, pngDecodeMs=1,1, meshBuildMs=0,1, mainThreadMs=1,2.
[Debug  :CastlePlanner] [2026-09-24 22:56:35.023] Decoded Blueprint depth atlas page: key=MAPPER_CRENAL|Generic|PlacedDefault, page=0, bytes=95445, size=68x576, pngDecodeMs=1,1, pagePrepareMs=1,1.
[Debug  :CastlePlanner] [2026-09-24 22:56:35.023] Prepared Blueprint depth visual: key=MAPPER_CRENAL|Generic|PlacedDefault, pages=1, fragments=1, layers=1, fileReadMs=0,9, pngDecodeMs=1,1, meshBuildMs=0,1, mainThreadMs=1,3.
[Debug  :CastlePlanner] [2026-09-24 22:56:35.052] Decoded Blueprint depth atlas page: key=MAPPER_CRENAL2|Generic|PlacedDefault, page=0, bytes=95445, size=68x576, pngDecodeMs=1,2, pagePrepareMs=1,2.
[Debug  :CastlePlanner] [2026-09-24 22:56:35.052] Prepared Blueprint depth visual: key=MAPPER_CRENAL2|Generic|PlacedDefault, pages=1, fragments=1, layers=1, fileReadMs=0,1, pngDecodeMs=1,2, meshBuildMs=0,1, mainThreadMs=1,4.
[Debug  :CastlePlanner] [2026-09-24 22:56:35.072] Decoded Blueprint depth atlas page: key=MAPPER_STAIR|Generic|StairNorth, page=0, bytes=8970, size=68x68, pngDecodeMs=0,2, pagePrepareMs=0,2.
[Debug  :CastlePlanner] [2026-09-24 22:56:35.072] Prepared Blueprint depth visual: key=MAPPER_STAIR|Generic|StairNorth, pages=1, fragments=1, layers=1, fileReadMs=0,1, pngDecodeMs=0,2, meshBuildMs=0,1, mainThreadMs=0,3.
[Debug  :CastlePlanner] [2026-09-24 22:56:35.084] Decoded Blueprint depth atlas page: key=MAPPER_TOWER1|Generic|Default, page=0, bytes=453661, size=596x680, pngDecodeMs=4,8, pagePrepareMs=4,8.
[Debug  :CastlePlanner] [2026-09-24 22:56:35.085] Prepared Blueprint depth visual: key=MAPPER_TOWER1|Generic|Default, pages=1, fragments=9, layers=5, fileReadMs=3,2, pngDecodeMs=4,8, meshBuildMs=0,5, mainThreadMs=5,3.
[Debug  :CastlePlanner] [2026-09-24 22:56:35.103] Decoded Blueprint depth atlas page: key=MAPPER_TOWER2|Generic|Default, page=0, bytes=413999, size=992x428, pngDecodeMs=5,0, pagePrepareMs=5,0.
[Debug  :CastlePlanner] [2026-09-24 22:56:35.103] Prepared Blueprint depth visual: key=MAPPER_TOWER2|Generic|Default, pages=1, fragments=16, layers=7, fileReadMs=0,2, pngDecodeMs=5,0, meshBuildMs=0,1, mainThreadMs=5,2.
[Debug  :CastlePlanner] [2026-09-24 22:56:35.122] Decoded Blueprint depth atlas page: key=MAPPER_TOWER3|Generic|Default, page=0, bytes=589632, size=992x468, pngDecodeMs=5,8, pagePrepareMs=5,8.
[Debug  :CastlePlanner] [2026-09-24 22:56:35.123] Prepared Blueprint depth visual: key=MAPPER_TOWER3|Generic|Default, pages=1, fragments=25, layers=9, fileReadMs=3,2, pngDecodeMs=5,8, meshBuildMs=0,3, mainThreadMs=6,3.
[Debug  :CastlePlanner] [2026-09-24 22:56:35.138] Decoded Blueprint depth atlas page: key=MAPPER_TOWER4|Generic|Default, page=0, bytes=812187, size=992x968, pngDecodeMs=10,4, pagePrepareMs=10,5.
[Debug  :CastlePlanner] [2026-09-24 22:56:35.138] Prepared Blueprint depth visual: key=MAPPER_TOWER4|Generic|Default, pages=1, fragments=36, layers=11, fileReadMs=0,3, pngDecodeMs=10,4, meshBuildMs=0,2, mainThreadMs=10,7.
[Debug  :CastlePlanner] [2026-09-24 22:56:35.156] Decoded Blueprint depth atlas page: key=MAPPER_TOWER5|Generic|Default, page=0, bytes=875698, size=2048x556, pngDecodeMs=12,2, pagePrepareMs=12,2.
[Debug  :CastlePlanner] [2026-09-24 22:56:35.156] Prepared Blueprint depth visual: key=MAPPER_TOWER5|Generic|Default, pages=1, fragments=36, layers=11, fileReadMs=0,3, pngDecodeMs=12,2, meshBuildMs=0,2, mainThreadMs=12,5.
[Debug  :CastlePlanner] [2026-09-24 22:56:35.165] Decoded Blueprint depth atlas page: key=MAPPER_OIL_SMELTER|Generic|ReservationFront, page=0, bytes=165724, size=464x424, pngDecodeMs=2,3, pagePrepareMs=2,3.
[Debug  :CastlePlanner] [2026-09-24 22:56:35.165] Prepared Blueprint depth visual: key=MAPPER_OIL_SMELTER|Generic|ReservationFront, pages=1, fragments=32, layers=11, fileReadMs=0,1, pngDecodeMs=2,3, meshBuildMs=0,1, mainThreadMs=2,5.
[Debug  :CastlePlanner] [2026-09-24 22:56:35.177] Decoded Blueprint depth atlas page: key=MAPPER_DOG_CAGE|Generic|Default, page=0, bytes=49882, size=200x216, pngDecodeMs=0,6, pagePrepareMs=0,6.
[Debug  :CastlePlanner] [2026-09-24 22:56:35.177] Prepared Blueprint depth visual: key=MAPPER_DOG_CAGE|Generic|Default, pages=1, fragments=9, layers=5, fileReadMs=0,1, pngDecodeMs=0,6, meshBuildMs=0,1, mainThreadMs=0,7.
[Debug  :CastlePlanner] [2026-09-24 22:56:35.197] Decoded Blueprint depth atlas page: key=MAPPER_GATE_STONE1A|Generic|Default, page=0, bytes=392752, size=992x340, pngDecodeMs=4,2, pagePrepareMs=4,2.
[Debug  :CastlePlanner] [2026-09-24 22:56:35.197] Prepared Blueprint depth visual: key=MAPPER_GATE_STONE1A|Generic|Default, pages=1, fragments=25, layers=9, fileReadMs=0,2, pngDecodeMs=4,2, meshBuildMs=0,1, mainThreadMs=4,3.
[Debug  :CastlePlanner] [2026-09-24 22:56:35.215] Decoded Blueprint depth atlas page: key=MAPPER_GATE_STONE2A|Generic|Default, page=0, bytes=696164, size=992x756, pngDecodeMs=8,4, pagePrepareMs=8,4.
[Debug  :CastlePlanner] [2026-09-24 22:56:35.215] Prepared Blueprint depth visual: key=MAPPER_GATE_STONE2A|Generic|Default, pages=1, fragments=49, layers=13, fileReadMs=0,3, pngDecodeMs=8,4, meshBuildMs=0,2, mainThreadMs=8,6.
[Debug  :CastlePlanner] [2026-09-24 22:56:35.231] Decoded Blueprint depth atlas page: key=MAPPER_DRAWBRIDGE|Generic|DrawbridgeFront, page=0, bytes=116940, size=992x284, pngDecodeMs=3,8, pagePrepareMs=3,8.
[Debug  :CastlePlanner] [2026-09-24 22:56:35.232] Prepared Blueprint depth visual: key=MAPPER_DRAWBRIDGE|Generic|DrawbridgeFront, pages=1, fragments=25, layers=9, fileReadMs=0,2, pngDecodeMs=3,8, meshBuildMs=0,1, mainThreadMs=3,9.
[Debug  :CastlePlanner] [2026-09-24 22:56:35.245] Decoded Blueprint depth atlas page: key=MAPPER_POLETURNER|Generic|Default, page=0, bytes=200416, size=464x336, pngDecodeMs=2,0, pagePrepareMs=2,0.
[Debug  :CastlePlanner] [2026-09-24 22:56:35.245] Prepared Blueprint depth visual: key=MAPPER_POLETURNER|Generic|Default, pages=1, fragments=16, layers=7, fileReadMs=0,4, pngDecodeMs=2,0, meshBuildMs=0,1, mainThreadMs=2,1.
[Debug  :CastlePlanner] [2026-09-24 22:56:35.262] Decoded Blueprint depth atlas page: key=MAPPER_FLETCHER|Generic|Default, page=0, bytes=200989, size=464x340, pngDecodeMs=2,0, pagePrepareMs=2,0.
[Debug  :CastlePlanner] [2026-09-24 22:56:35.262] Prepared Blueprint depth visual: key=MAPPER_FLETCHER|Generic|Default, pages=1, fragments=16, layers=7, fileReadMs=0,2, pngDecodeMs=2,0, meshBuildMs=0,1, mainThreadMs=2,1.
[Debug  :CastlePlanner] [2026-09-24 22:56:35.278] Decoded Blueprint depth atlas page: key=MAPPER_BLACKSMITH|Generic|Default, page=0, bytes=198094, size=464x352, pngDecodeMs=2,1, pagePrepareMs=2,2.
[Debug  :CastlePlanner] [2026-09-24 22:56:35.278] Prepared Blueprint depth visual: key=MAPPER_BLACKSMITH|Generic|Default, pages=1, fragments=16, layers=7, fileReadMs=0,4, pngDecodeMs=2,1, meshBuildMs=0,1, mainThreadMs=2,3.
[Debug  :CastlePlanner] [2026-09-24 22:56:35.289] Decoded Blueprint depth atlas page: key=MAPPER_TANNER|Generic|Default, page=0, bytes=184360, size=464x324, pngDecodeMs=2,0, pagePrepareMs=2,0.
[Debug  :CastlePlanner] [2026-09-24 22:56:35.289] Prepared Blueprint depth visual: key=MAPPER_TANNER|Generic|Default, pages=1, fragments=16, layers=7, fileReadMs=0,3, pngDecodeMs=2,0, meshBuildMs=0,1, mainThreadMs=2,2.
[Debug  :CastlePlanner] [2026-09-24 22:56:35.308] Decoded Blueprint depth atlas page: key=MAPPER_ARMOURER|Generic|Default, page=0, bytes=199906, size=464x356, pngDecodeMs=2,2, pagePrepareMs=2,2.
[Debug  :CastlePlanner] [2026-09-24 22:56:35.308] Prepared Blueprint depth visual: key=MAPPER_ARMOURER|Generic|Default, pages=1, fragments=16, layers=7, fileReadMs=0,3, pngDecodeMs=2,2, meshBuildMs=0,1, mainThreadMs=2,4.
[Debug  :CastlePlanner] [2026-09-24 22:56:35.324] Decoded Blueprint depth atlas page: key=MAPPER_ARMOURY|Generic|Default, page=0, bytes=273249, size=464x460, pngDecodeMs=2,8, pagePrepareMs=2,8.
[Debug  :CastlePlanner] [2026-09-24 22:56:35.324] Prepared Blueprint depth visual: key=MAPPER_ARMOURY|Generic|Default, pages=1, fragments=16, layers=7, fileReadMs=0,8, pngDecodeMs=2,8, meshBuildMs=0,1, mainThreadMs=3,0.
[Debug  :CastlePlanner] [2026-09-24 22:56:35.344] Decoded Blueprint depth atlas page: key=MAPPER_ENGINEERS_GUILD|Generic|ReservationFront, page=0, bytes=365609, size=992x276, pngDecodeMs=3,3, pagePrepareMs=3,4.
[Debug  :CastlePlanner] [2026-09-24 22:56:35.344] Prepared Blueprint depth visual: key=MAPPER_ENGINEERS_GUILD|Generic|ReservationFront, pages=1, fragments=50, layers=14, fileReadMs=0,6, pngDecodeMs=3,3, meshBuildMs=0,2, mainThreadMs=3,6.
[Debug  :CastlePlanner] [2026-09-24 22:56:35.357] Decoded Blueprint depth atlas page: key=MAPPER_TUNNELERS_GUILD|Generic|ReservationRear, page=0, bytes=373038, size=992x284, pngDecodeMs=3,4, pagePrepareMs=3,4.
[Debug  :CastlePlanner] [2026-09-24 22:56:35.357] Prepared Blueprint depth visual: key=MAPPER_TUNNELERS_GUILD|Generic|ReservationRear, pages=1, fragments=50, layers=14, fileReadMs=1,1, pngDecodeMs=3,4, meshBuildMs=0,2, mainThreadMs=3,6.
[Debug  :CastlePlanner] [2026-09-24 22:56:35.364] Decoded Blueprint depth atlas page: key=MAPPER_STABLES|Generic|Default, page=0, bytes=314293, size=992x396, pngDecodeMs=4,3, pagePrepareMs=4,3.
[Debug  :CastlePlanner] [2026-09-24 22:56:35.364] Prepared Blueprint depth visual: key=MAPPER_STABLES|Generic|Default, pages=1, fragments=36, layers=11, fileReadMs=0,7, pngDecodeMs=4,3, meshBuildMs=0,1, mainThreadMs=4,5.
[Debug  :CastlePlanner] [2026-09-24 22:56:35.372] Decoded Blueprint depth atlas page: key=MAPPER_BARRACKS_STONE|Generic|ReservationDefault, page=0, bytes=636911, size=992x572, pngDecodeMs=6,4, pagePrepareMs=6,4.
[Debug  :CastlePlanner] [2026-09-24 22:56:35.372] Prepared Blueprint depth visual: key=MAPPER_BARRACKS_STONE|Generic|ReservationDefault, pages=1, fragments=100, layers=19, fileReadMs=1,0, pngDecodeMs=6,4, meshBuildMs=0,2, mainThreadMs=6,7.
[Debug  :CastlePlanner] [2026-09-24 22:56:35.378] Decoded Blueprint depth atlas page: key=MAPPER_BARRACKS_WOOD|Generic|ReservationDefault, page=0, bytes=436519, size=992x464, pngDecodeMs=5,2, pagePrepareMs=5,2.
[Debug  :CastlePlanner] [2026-09-24 22:56:35.378] Prepared Blueprint depth visual: key=MAPPER_BARRACKS_WOOD|Generic|ReservationDefault, pages=1, fragments=100, layers=19, fileReadMs=1,5, pngDecodeMs=5,2, meshBuildMs=0,2, mainThreadMs=5,5.
[Debug  :CastlePlanner] [2026-09-24 22:56:35.385] Decoded Blueprint depth atlas page: key=MAPPER_BEDOUIN_STOCKADE|Generic|ReservationDefault, page=0, bytes=452884, size=992x544, pngDecodeMs=5,8, pagePrepareMs=5,8.
[Debug  :CastlePlanner] [2026-09-24 22:56:35.386] Prepared Blueprint depth visual: key=MAPPER_BEDOUIN_STOCKADE|Generic|ReservationDefault, pages=1, fragments=100, layers=19, fileReadMs=0,7, pngDecodeMs=5,8, meshBuildMs=0,3, mainThreadMs=6,1.
[Debug  :CastlePlanner] [2026-09-24 22:56:35.388] Decoded Blueprint depth atlas page: key=MAPPER_STORES|Generic|Default, page=0, bytes=109328, size=464x192, pngDecodeMs=1,0, pagePrepareMs=1,0.
[Debug  :CastlePlanner] [2026-09-24 22:56:35.388] Prepared Blueprint depth visual: key=MAPPER_STORES|Generic|Default, pages=1, fragments=25, layers=9, fileReadMs=0,3, pngDecodeMs=1,0, meshBuildMs=0,1, mainThreadMs=1,2.
[Debug  :CastlePlanner] [2026-09-24 22:56:35.391] Decoded Blueprint depth atlas page: key=MAPPER_WOODSMAN|Generic|Default, page=0, bytes=58393, size=464x160, pngDecodeMs=0,8, pagePrepareMs=0,8.
[Debug  :CastlePlanner] [2026-09-24 22:56:35.391] Prepared Blueprint depth visual: key=MAPPER_WOODSMAN|Generic|Default, pages=1, fragments=9, layers=5, fileReadMs=3,6, pngDecodeMs=0,8, meshBuildMs=0,1, mainThreadMs=0,9.
[Debug  :CastlePlanner] [2026-09-24 22:56:35.395] Decoded Blueprint depth atlas page: key=MAPPER_TRADEPOST|Generic|Default, page=0, bytes=259795, size=464x416, pngDecodeMs=2,4, pagePrepareMs=2,5.
[Debug  :CastlePlanner] [2026-09-24 22:56:35.395] Prepared Blueprint depth visual: key=MAPPER_TRADEPOST|Generic|Default, pages=1, fragments=25, layers=9, fileReadMs=4,9, pngDecodeMs=2,4, meshBuildMs=0,1, mainThreadMs=2,6.
[Debug  :CastlePlanner] [2026-09-24 22:56:35.399] Decoded Blueprint depth atlas page: key=MAPPER_GRANARY|Generic|Default, page=0, bytes=224910, size=464x408, pngDecodeMs=2,4, pagePrepareMs=2,4.
[Debug  :CastlePlanner] [2026-09-24 22:56:35.399] Prepared Blueprint depth visual: key=MAPPER_GRANARY|Generic|Default, pages=1, fragments=16, layers=7, fileReadMs=1,7, pngDecodeMs=2,4, meshBuildMs=0,1, mainThreadMs=2,5.
[Debug  :CastlePlanner] [2026-09-24 22:56:35.401] Decoded Blueprint depth atlas page: key=MAPPER_HUNTER|Generic|Default, page=0, bytes=55453, size=200x252, pngDecodeMs=0,7, pagePrepareMs=0,7.
[Debug  :CastlePlanner] [2026-09-24 22:56:35.401] Prepared Blueprint depth visual: key=MAPPER_HUNTER|Generic|Default, pages=1, fragments=9, layers=5, fileReadMs=0,3, pngDecodeMs=0,7, meshBuildMs=0,1, mainThreadMs=0,8.
[Debug  :CastlePlanner] [2026-09-24 22:56:35.405] Decoded Blueprint depth atlas page: key=MAPPER_MILL|Generic|Default, page=0, bytes=193862, size=464x480, pngDecodeMs=2,4, pagePrepareMs=2,4.
[Debug  :CastlePlanner] [2026-09-24 22:56:35.406] Prepared Blueprint depth visual: key=MAPPER_MILL|Generic|Default, pages=1, fragments=9, layers=5, fileReadMs=0,5, pngDecodeMs=2,4, meshBuildMs=0,1, mainThreadMs=2,5.
[Debug  :CastlePlanner] [2026-09-24 22:56:35.410] Decoded Blueprint depth atlas page: key=MAPPER_BAKER|Generic|Default, page=0, bytes=212576, size=464x364, pngDecodeMs=2,2, pagePrepareMs=2,3.
[Debug  :CastlePlanner] [2026-09-24 22:56:35.410] Prepared Blueprint depth visual: key=MAPPER_BAKER|Generic|Default, pages=1, fragments=16, layers=7, fileReadMs=0,4, pngDecodeMs=2,2, meshBuildMs=0,1, mainThreadMs=2,4.
[Debug  :CastlePlanner] [2026-09-24 22:56:35.412] Decoded Blueprint depth atlas page: key=MAPPER_BREWER|Generic|Default, page=0, bytes=206924, size=464x348, pngDecodeMs=2,2, pagePrepareMs=2,2.
[Debug  :CastlePlanner] [2026-09-24 22:56:35.413] Prepared Blueprint depth visual: key=MAPPER_BREWER|Generic|Default, pages=1, fragments=16, layers=7, fileReadMs=0,6, pngDecodeMs=2,2, meshBuildMs=0,1, mainThreadMs=2,4.
[Debug  :CastlePlanner] [2026-09-24 22:56:35.417] Decoded Blueprint depth atlas page: key=MAPPER_INN|Generic|Default, page=0, bytes=406032, size=992x304, pngDecodeMs=3,6, pagePrepareMs=3,7.
[Debug  :CastlePlanner] [2026-09-24 22:56:35.418] Prepared Blueprint depth visual: key=MAPPER_INN|Generic|Default, pages=1, fragments=25, layers=9, fileReadMs=0,7, pngDecodeMs=3,6, meshBuildMs=0,2, mainThreadMs=3,9.
[Debug  :CastlePlanner] [2026-09-24 22:56:35.421] Decoded Blueprint depth atlas page: key=MAPPER_HOVEL|Generic|Default, page=0, bytes=137741, size=464x212, pngDecodeMs=1,3, pagePrepareMs=1,4.
[Debug  :CastlePlanner] [2026-09-24 22:56:35.421] Prepared Blueprint depth visual: key=MAPPER_HOVEL|Generic|Default, pages=1, fragments=16, layers=7, fileReadMs=0,3, pngDecodeMs=1,3, meshBuildMs=0,1, mainThreadMs=1,5.
[Debug  :CastlePlanner] [2026-09-24 22:56:35.426] Decoded Blueprint depth atlas page: key=MAPPER_CHURCH1|European|Default, page=0, bytes=355865, size=992x344, pngDecodeMs=3,9, pagePrepareMs=3,9.
[Debug  :CastlePlanner] [2026-09-24 22:56:35.427] Prepared Blueprint depth visual: key=MAPPER_CHURCH1|European|Default, pages=1, fragments=36, layers=11, fileReadMs=1,8, pngDecodeMs=3,9, meshBuildMs=0,1, mainThreadMs=4,1.
[Debug  :CastlePlanner] [2026-09-24 22:56:35.436] Decoded Blueprint depth atlas page: key=MAPPER_CHURCH2|European|Default, page=0, bytes=695883, size=992x808, pngDecodeMs=8,7, pagePrepareMs=8,7.
[Debug  :CastlePlanner] [2026-09-24 22:56:35.436] Prepared Blueprint depth visual: key=MAPPER_CHURCH2|European|Default, pages=1, fragments=81, layers=17, fileReadMs=2,3, pngDecodeMs=8,7, meshBuildMs=0,2, mainThreadMs=9,0.
[Debug  :CastlePlanner] [2026-09-24 22:56:35.469] Decoded Blueprint depth atlas page: key=MAPPER_CHURCH3|European|Default, page=0, bytes=1676006, size=2048x1388, pngDecodeMs=32,1, pagePrepareMs=32,1.
[Debug  :CastlePlanner] [2026-09-24 22:56:35.470] Prepared Blueprint depth visual: key=MAPPER_CHURCH3|European|Default, pages=1, fragments=169, layers=25, fileReadMs=9,1, pngDecodeMs=32,1, meshBuildMs=0,3, mainThreadMs=32,5.
[Debug  :CastlePlanner] [2026-09-24 22:56:35.478] Decoded Blueprint depth atlas page: key=MAPPER_HEALER|Generic|Default, page=0, bytes=411126, size=992x376, pngDecodeMs=4,8, pagePrepareMs=4,9.
[Debug  :CastlePlanner] [2026-09-24 22:56:35.478] Prepared Blueprint depth visual: key=MAPPER_HEALER|Generic|Default, pages=1, fragments=36, layers=11, fileReadMs=9,0, pngDecodeMs=4,8, meshBuildMs=0,1, mainThreadMs=5,0.
[Debug  :CastlePlanner] [2026-09-24 22:56:35.480] Decoded Blueprint depth atlas page: key=MAPPER_WELL|Generic|Default, page=0, bytes=42912, size=200x196, pngDecodeMs=0,5, pagePrepareMs=0,5.
[Debug  :CastlePlanner] [2026-09-24 22:56:35.480] Prepared Blueprint depth visual: key=MAPPER_WELL|Generic|Default, pages=1, fragments=9, layers=5, fileReadMs=0,1, pngDecodeMs=0,5, meshBuildMs=0,1, mainThreadMs=0,6.
[Debug  :CastlePlanner] [2026-09-24 22:56:35.485] Decoded Blueprint depth atlas page: key=MAPPER_WATERPOT|Generic|Default, page=0, bytes=134683, size=464x388, pngDecodeMs=2,0, pagePrepareMs=2,0.
[Debug  :CastlePlanner] [2026-09-24 22:56:35.485] Prepared Blueprint depth visual: key=MAPPER_WATERPOT|Generic|Default, pages=1, fragments=16, layers=7, fileReadMs=0,1, pngDecodeMs=2,0, meshBuildMs=0,1, mainThreadMs=2,1.
[Debug  :CastlePlanner] [2026-09-24 22:56:35.486] Decoded Blueprint depth atlas page: key=MAPPER_MAYPOLE|Generic|Default, page=0, bytes=39232, size=200x200, pngDecodeMs=0,5, pagePrepareMs=0,5.
[Debug  :CastlePlanner] [2026-09-24 22:56:35.486] Prepared Blueprint depth visual: key=MAPPER_MAYPOLE|Generic|Default, pages=1, fragments=9, layers=5, fileReadMs=0,1, pngDecodeMs=0,5, meshBuildMs=0,1, mainThreadMs=0,6.
[Debug  :CastlePlanner] [2026-09-24 22:56:35.490] Decoded Blueprint depth atlas page: key=MAPPER_DANCING_BEAR|Generic|Default, page=0, bytes=98458, size=464x180, pngDecodeMs=1,0, pagePrepareMs=1,0.
[Debug  :CastlePlanner] [2026-09-24 22:56:35.490] Prepared Blueprint depth visual: key=MAPPER_DANCING_BEAR|Generic|Default, pages=1, fragments=25, layers=9, fileReadMs=0,1, pngDecodeMs=1,0, meshBuildMs=0,1, mainThreadMs=1,1.
[Debug  :CastlePlanner] [2026-09-24 22:56:35.493] Decoded Blueprint depth atlas page: key=MAPPER_STATUE1|Generic|Default, page=0, bytes=33434, size=200x208, pngDecodeMs=0,5, pagePrepareMs=0,5.
[Debug  :CastlePlanner] [2026-09-24 22:56:35.493] Prepared Blueprint depth visual: key=MAPPER_STATUE1|Generic|Default, pages=1, fragments=4, layers=3, fileReadMs=0,1, pngDecodeMs=0,5, meshBuildMs=0,0, mainThreadMs=0,6.
[Debug  :CastlePlanner] [2026-09-24 22:56:35.496] Decoded Blueprint depth atlas page: key=MAPPER_SHRINE1|Generic|Default, page=0, bytes=22715, size=200x112, pngDecodeMs=0,4, pagePrepareMs=0,4.
[Debug  :CastlePlanner] [2026-09-24 22:56:35.496] Prepared Blueprint depth visual: key=MAPPER_SHRINE1|Generic|Default, pages=1, fragments=4, layers=3, fileReadMs=0,2, pngDecodeMs=0,4, meshBuildMs=0,0, mainThreadMs=0,5.
[Debug  :CastlePlanner] [2026-09-24 22:56:35.500] Decoded Blueprint depth atlas page: key=MAPPER_GARDEN10|Generic|Default, page=0, bytes=87497, size=464x188, pngDecodeMs=1,0, pagePrepareMs=1,0.
[Debug  :CastlePlanner] [2026-09-24 22:56:35.501] Prepared Blueprint depth visual: key=MAPPER_GARDEN10|Generic|Default, pages=1, fragments=16, layers=7, fileReadMs=0,1, pngDecodeMs=1,0, meshBuildMs=0,1, mainThreadMs=1,2.
[Debug  :CastlePlanner] [2026-09-24 22:56:35.503] Decoded Blueprint depth atlas page: key=MAPPER_GARDEN7|Generic|Default, page=0, bytes=51107, size=200x204, pngDecodeMs=0,6, pagePrepareMs=0,6.
[Debug  :CastlePlanner] [2026-09-24 22:56:35.503] Prepared Blueprint depth visual: key=MAPPER_GARDEN7|Generic|Default, pages=1, fragments=9, layers=5, fileReadMs=0,1, pngDecodeMs=0,6, meshBuildMs=0,1, mainThreadMs=0,7.
[Debug  :CastlePlanner] [2026-09-24 22:56:35.506] Decoded Blueprint depth atlas page: key=MAPPER_GARDEN1|Generic|Default, page=0, bytes=22566, size=200x104, pngDecodeMs=0,3, pagePrepareMs=0,3.
[Debug  :CastlePlanner] [2026-09-24 22:56:35.506] Prepared Blueprint depth visual: key=MAPPER_GARDEN1|Generic|Default, pages=1, fragments=4, layers=3, fileReadMs=0,1, pngDecodeMs=0,3, meshBuildMs=0,0, mainThreadMs=0,4.
[Debug  :CastlePlanner] [2026-09-24 22:56:35.510] Decoded Blueprint depth atlas page: key=MAPPER_GALLOWS|Generic|Default, page=0, bytes=31927, size=264x256, pngDecodeMs=0,7, pagePrepareMs=0,7.
[Debug  :CastlePlanner] [2026-09-24 22:56:35.510] Prepared Blueprint depth visual: key=MAPPER_GALLOWS|Generic|Default, pages=1, fragments=4, layers=3, fileReadMs=0,1, pngDecodeMs=0,7, meshBuildMs=0,0, mainThreadMs=0,8.
[Debug  :CastlePlanner] [2026-09-24 22:56:35.514] Decoded Blueprint depth atlas page: key=MAPPER_CESS_PIT1|Generic|Default, page=0, bytes=93926, size=464x160, pngDecodeMs=0,9, pagePrepareMs=0,9.
[Debug  :CastlePlanner] [2026-09-24 22:56:35.514] Prepared Blueprint depth visual: key=MAPPER_CESS_PIT1|Generic|Default, pages=1, fragments=25, layers=9, fileReadMs=0,1, pngDecodeMs=0,9, meshBuildMs=0,1, mainThreadMs=1,0.
[Debug  :CastlePlanner] [2026-09-24 22:56:35.516] Decoded Blueprint depth atlas page: key=MAPPER_STOCKS|Generic|Default, page=0, bytes=37145, size=200x144, pngDecodeMs=0,4, pagePrepareMs=0,4.
[Debug  :CastlePlanner] [2026-09-24 22:56:35.516] Prepared Blueprint depth visual: key=MAPPER_STOCKS|Generic|Default, pages=1, fragments=9, layers=5, fileReadMs=0,1, pngDecodeMs=0,4, meshBuildMs=0,1, mainThreadMs=0,5.
[Debug  :CastlePlanner] [2026-09-24 22:56:35.520] Decoded Blueprint depth atlas page: key=MAPPER_BURNING_STAKE|Generic|Default, page=0, bytes=59112, size=464x220, pngDecodeMs=1,1, pagePrepareMs=1,1.
[Debug  :CastlePlanner] [2026-09-24 22:56:35.520] Prepared Blueprint depth visual: key=MAPPER_BURNING_STAKE|Generic|Default, pages=1, fragments=9, layers=5, fileReadMs=0,1, pngDecodeMs=1,1, meshBuildMs=0,1, mainThreadMs=1,1.
[Debug  :CastlePlanner] [2026-09-24 22:56:35.523] Decoded Blueprint depth atlas page: key=MAPPER_DUNGEON|Generic|Default, page=0, bytes=107207, size=464x256, pngDecodeMs=1,4, pagePrepareMs=1,4.
[Debug  :CastlePlanner] [2026-09-24 22:56:35.523] Prepared Blueprint depth visual: key=MAPPER_DUNGEON|Generic|Default, pages=1, fragments=25, layers=9, fileReadMs=0,1, pngDecodeMs=1,4, meshBuildMs=0,1, mainThreadMs=1,5.
[Debug  :CastlePlanner] [2026-09-24 22:56:35.526] Decoded Blueprint depth atlas page: key=MAPPER_RACK_STRETCHING|Generic|Default, page=0, bytes=51835, size=200x204, pngDecodeMs=0,5, pagePrepareMs=0,6.
[Debug  :CastlePlanner] [2026-09-24 22:56:35.527] Prepared Blueprint depth visual: key=MAPPER_RACK_STRETCHING|Generic|Default, pages=1, fragments=9, layers=5, fileReadMs=0,1, pngDecodeMs=0,5, meshBuildMs=0,1, mainThreadMs=0,6.
[Debug  :CastlePlanner] [2026-09-24 22:56:35.530] Decoded Blueprint depth atlas page: key=MAPPER_GIBBET|Generic|Default, page=0, bytes=59199, size=264x264, pngDecodeMs=0,8, pagePrepareMs=0,8.
[Debug  :CastlePlanner] [2026-09-24 22:56:35.530] Prepared Blueprint depth visual: key=MAPPER_GIBBET|Generic|Default, pages=1, fragments=4, layers=3, fileReadMs=0,1, pngDecodeMs=0,8, meshBuildMs=0,0, mainThreadMs=0,8.
[Debug  :CastlePlanner] [2026-09-24 22:56:35.533] Decoded Blueprint depth atlas page: key=MAPPER_CHOPPING_BLOCK|Generic|Default, page=0, bytes=64482, size=200x204, pngDecodeMs=0,6, pagePrepareMs=0,6.
[Debug  :CastlePlanner] [2026-09-24 22:56:35.533] Prepared Blueprint depth visual: key=MAPPER_CHOPPING_BLOCK|Generic|Default, pages=1, fragments=9, layers=5, fileReadMs=0,1, pngDecodeMs=0,6, meshBuildMs=0,1, mainThreadMs=0,7.
[Debug  :CastlePlanner] [2026-09-24 22:56:35.538] Decoded Blueprint depth atlas page: key=MAPPER_DUNKING_STOOL|Generic|Default, page=0, bytes=107136, size=464x376, pngDecodeMs=1,8, pagePrepareMs=1,8.
[Debug  :CastlePlanner] [2026-09-24 22:56:35.538] Prepared Blueprint depth visual: key=MAPPER_DUNKING_STOOL|Generic|Default, pages=1, fragments=25, layers=9, fileReadMs=0,1, pngDecodeMs=1,8, meshBuildMs=0,1, mainThreadMs=1,9.
[Info   :  SHCDE-SE] [T17-22:56:36.340] [GameProjectileManagerAPI] [.ctor] _projectileArray: 00007FFABAEAA680
[Info   :  SHCDE-SE] [T17-22:56:36.340] [GameProjectileManagerAPI] [.ctor] _attackRangeTilesByType: 00007FFAB820A8F0
[Debug  :Bugfixes and QoL] [2026-09-24 22:56:36.342] Keep-flag rotation summary: session=1, tick=36, enabled=True, captured=8, correctedBeforeSpawn=6, alreadyCorrectBeforeSpawn=2, keeps=7, correctedAfterStart=0, verified=7, rejected=0.
[Debug  :Random Events] [2026-09-24 22:56:37.308] Random Events batch prepared: mode=SharedEvents, includeAIPlayers=False, dueAbsoluteMonth=14184, actions=0, targetPlayers=[1], prngBefore=F6F9906393F9BA63:BD3D15C948514466, prngAfter=6065E4EC5D897440:FC650E11DBFC55A0, actionDigest=15EC7BF0B50732B49F8228E07D24365338F9E3AB994B00AF08E5A3BFFE55FD8B, actionOrder=[], stateDigest=BB6BF5696FBCFDAF3C0A408068C622E80E6FF21A30B16DC750CDC11B18DCA9F9.
[Debug  :Extra Features] [2026-09-24 22:56:37.382] Extra Features applied Lord health: player=1, globalId=465714, multiplier=100%, health=150000/150000->150000/150000, vanillaMax=150000.
[Debug  :Extra Features] [2026-09-24 22:56:37.382] Extra Features applied Lord health: player=3, globalId=465716, multiplier=100%, health=450000/450000->450000/450000, vanillaMax=450000.
[Debug  :Extra Features] [2026-09-24 22:56:37.382] Extra Features applied Lord health: player=4, globalId=465718, multiplier=100%, health=360000/360000->360000/360000, vanillaMax=360000.
[Debug  :Extra Features] [2026-09-24 22:56:37.382] Extra Features applied Lord health: player=5, globalId=465720, multiplier=100%, health=270000/270000->270000/270000, vanillaMax=270000.
[Debug  :Extra Features] [2026-09-24 22:56:37.382] Extra Features applied Lord health: player=6, globalId=465722, multiplier=100%, health=225000/225000->225000/225000, vanillaMax=225000.
[Debug  :Extra Features] [2026-09-24 22:56:37.382] Extra Features applied Lord health: player=7, globalId=465724, multiplier=100%, health=315000/315000->315000/315000, vanillaMax=315000.
[Debug  :Extra Features] [2026-09-24 22:56:37.382] Extra Features applied Lord health: player=8, globalId=465726, multiplier=100%, health=405000/405000->405000/405000, vanillaMax=405000.
[Warning:  SHCDE-SE] [T1-22:56:38.478] [GameNetworkAPI] [GetLocalPlayerId] Local SteamID [76561198102311542] has no assigned slot yet: returning -1
[Warning:  SHCDE-SE] [T1-22:56:38.478] [GameNetworkAPI] [GetLocalPlayerId] Local SteamID [76561198102311542] has no assigned slot yet: returning -1
[Warning:  SHCDE-SE] [T1-22:56:38.479] [GameNetworkAPI] [GetLocalPlayerId] Local SteamID [76561198102311542] has no assigned slot yet: returning -1
[Warning:  SHCDE-SE] [T1-22:56:38.479] [GameNetworkAPI] [GetLocalPlayerId] Local SteamID [76561198102311542] has no assigned slot yet: returning -1
[Warning:  SHCDE-SE] [T1-22:56:38.479] [GameNetworkAPI] [GetLocalPlayerId] Local SteamID [76561198102311542] has no assigned slot yet: returning -1
[Warning:  SHCDE-SE] [T1-22:56:38.479] [GameNetworkAPI] [GetLocalPlayerId] Local SteamID [76561198102311542] has no assigned slot yet: returning -1
[Warning:  SHCDE-SE] [T1-22:56:38.479] [GameNetworkAPI] [GetLocalPlayerId] Local SteamID [76561198102311542] has no assigned slot yet: returning -1
[Warning:  SHCDE-SE] [T1-22:56:38.479] [GameNetworkAPI] [GetLocalPlayerId] Local SteamID [76561198102311542] has no assigned slot yet: returning -1
[Warning:  SHCDE-SE] [T1-22:56:38.479] [GameNetworkAPI] [GetLocalPlayerId] Local SteamID [76561198102311542] has no assigned slot yet: returning -1
[Warning:  SHCDE-SE] [T1-22:56:38.479] [GameNetworkAPI] [GetLocalPlayerId] Local SteamID [76561198102311542] has no assigned slot yet: returning -1
[Warning:  SHCDE-SE] [T17-22:56:38.481] [GameNetworkAPI] [GetLocalPlayerId] Local SteamID [76561198102311542] has no assigned slot yet: returning -1
[Debug  :Bugfixes and QoL] [2026-09-24 22:56:39.643] AI stone-reserve first live calculation succeeded: player=7, slot=6, maximumBuildStep=117, reserve=35.
[Debug  :Bugfixes and QoL] [2026-09-24 22:56:39.643] AI stone-reserve first positive first-build buffer observed: player=7, reserve=35.
[Warning:  SHCDE-SE] [T1-22:56:40.695] [GameNetworkAPI] [GetLocalPlayerId] Local SteamID [76561198102311542] has no assigned slot yet: returning -1
[Warning:  SHCDE-SE] [T1-22:56:40.695] [GameNetworkAPI] [GetLocalPlayerId] Local SteamID [76561198102311542] has no assigned slot yet: returning -1
[Warning:  SHCDE-SE] [T1-22:56:40.695] [GameNetworkAPI] [GetLocalPlayerId] Local SteamID [76561198102311542] has no assigned slot yet: returning -1
[Warning:  SHCDE-SE] [T1-22:56:40.695] [GameNetworkAPI] [GetLocalPlayerId] Local SteamID [76561198102311542] has no assigned slot yet: returning -1
[Warning:  SHCDE-SE] [T1-22:56:40.695] [GameNetworkAPI] [GetLocalPlayerId] Local SteamID [76561198102311542] has no assigned slot yet: returning -1
[Warning:  SHCDE-SE] [T1-22:56:40.695] [GameNetworkAPI] [GetLocalPlayerId] Local SteamID [76561198102311542] has no assigned slot yet: returning -1
[Warning:  SHCDE-SE] [T1-22:56:40.696] [GameNetworkAPI] [GetLocalPlayerId] Local SteamID [76561198102311542] has no assigned slot yet: returning -1
[Warning:  SHCDE-SE] [T1-22:56:40.696] [GameNetworkAPI] [GetLocalPlayerId] Local SteamID [76561198102311542] has no assigned slot yet: returning -1
[Warning:  SHCDE-SE] [T1-22:56:40.696] [GameNetworkAPI] [GetLocalPlayerId] Local SteamID [76561198102311542] has no assigned slot yet: returning -1
[Warning:  SHCDE-SE] [T1-22:56:40.696] [GameNetworkAPI] [GetLocalPlayerId] Local SteamID [76561198102311542] has no assigned slot yet: returning -1
[Warning:  SHCDE-SE] [T1-22:56:40.696] [GameNetworkAPI] [GetLocalPlayerId] Local SteamID [76561198102311542] has no assigned slot yet: returning -1
[Warning:  SHCDE-SE] [T1-22:56:40.696] [GameNetworkAPI] [GetLocalPlayerId] Local SteamID [76561198102311542] has no assigned slot yet: returning -1
[Warning:  SHCDE-SE] [T1-22:56:40.696] [GameNetworkAPI] [GetLocalPlayerId] Local SteamID [76561198102311542] has no assigned slot yet: returning -1
[Warning:  SHCDE-SE] [T1-22:56:40.696] [GameNetworkAPI] [GetLocalPlayerId] Local SteamID [76561198102311542] has no assigned slot yet: returning -1
[Warning:  SHCDE-SE] [T17-22:56:40.705] [GameNetworkAPI] [GetLocalPlayerId] Local SteamID [76561198102311542] has no assigned slot yet: returning -1
[Debug  :Bugfixes and QoL] [2026-09-24 22:56:44.064] Bugfixes and QoL quarry-pile runtime: AI quarry queued for Keep-facing pile placement: playerId=6, quarryId=166, quarryGlobalId=466414, timeoutSeconds=10.
[Debug  :Bugfixes and QoL] [2026-09-24 22:56:44.090] Bugfixes and QoL quarry-pile runtime: AI Keep-facing target selected: playerId=6, quarryGlobalId=466414, target=492,639, vanillaTry=1, candidateIndex=18, currentPositionIsBest=False.
[Debug  :Bugfixes and QoL] [2026-09-24 22:56:44.090] Bugfixes and QoL quarry-pile runtime: rotation completed: reason=singleplayer-ai-keep-facing, playerId=6, quarryGlobalId=466414, newPileGlobalId=466428, vanillaGroupId=466414, target=492,639.
[Debug  :Bugfixes and QoL] [2026-09-24 22:56:45.705] Bugfixes and QoL quarry-pile runtime: AI quarry queued for Keep-facing pile placement: playerId=4, quarryId=186, quarryGlobalId=467088, timeoutSeconds=10.
[Debug  :Bugfixes and QoL] [2026-09-24 22:56:45.725] Bugfixes and QoL quarry-pile runtime: AI Keep-facing target selected: playerId=4, quarryGlobalId=467088, target=551,316, vanillaTry=1, candidateIndex=6, currentPositionIsBest=True.
[Debug  :Bugfixes and QoL] [2026-09-24 22:56:45.725] Bugfixes and QoL quarry-pile runtime: AI quarry pile already occupies the valid position nearest to its Keep: playerId=4, quarryGlobalId=467088, operationId=2, target=551,316.
[Debug  :Bugfixes and QoL] [2026-09-24 22:56:47.917] Bugfixes and QoL quarry-pile runtime: AI quarry queued for Keep-facing pile placement: playerId=3, quarryId=204, quarryGlobalId=468671, timeoutSeconds=10.
[Debug  :Bugfixes and QoL] [2026-09-24 22:56:47.937] Bugfixes and QoL quarry-pile runtime: AI Keep-facing target selected: playerId=3, quarryGlobalId=468671, target=588,535, vanillaTry=1, candidateIndex=21, currentPositionIsBest=False.
[Debug  :Bugfixes and QoL] [2026-09-24 22:56:47.937] Bugfixes and QoL quarry-pile runtime: rotation completed: reason=singleplayer-ai-keep-facing, playerId=3, quarryGlobalId=468671, newPileGlobalId=468698, vanillaGroupId=468671, target=588,535.
[Debug  :Bugfixes and QoL] [2026-09-24 22:56:47.937] Bugfixes and QoL quarry-pile runtime: AI quarry queued for Keep-facing pile placement: playerId=5, quarryId=205, quarryGlobalId=468701, timeoutSeconds=10.
[Debug  :Bugfixes and QoL] [2026-09-24 22:56:47.961] Bugfixes and QoL quarry-pile runtime: AI Keep-facing target selected: playerId=5, quarryGlobalId=468701, target=474,615, vanillaTry=1, candidateIndex=17, currentPositionIsBest=False.
[Debug  :Bugfixes and QoL] [2026-09-24 22:56:47.961] Bugfixes and QoL quarry-pile runtime: rotation completed: reason=singleplayer-ai-keep-facing, playerId=5, quarryGlobalId=468701, newPileGlobalId=468729, vanillaGroupId=468701, target=474,615.
[Debug  :Bugfixes and QoL] [2026-09-24 22:56:47.975] Bugfixes and QoL quarry-pile runtime: AI quarry queued for Keep-facing pile placement: playerId=8, quarryId=208, quarryGlobalId=468745, timeoutSeconds=10.
[Debug  :Bugfixes and QoL] [2026-09-24 22:56:47.991] Bugfixes and QoL quarry-pile runtime: AI Keep-facing target selected: playerId=8, quarryGlobalId=468745, target=414,140, vanillaTry=1, candidateIndex=17, currentPositionIsBest=False.
[Debug  :Bugfixes and QoL] [2026-09-24 22:56:47.991] Bugfixes and QoL quarry-pile runtime: rotation completed: reason=singleplayer-ai-keep-facing, playerId=8, quarryGlobalId=468745, newPileGlobalId=468778, vanillaGroupId=468745, target=414,140.
[Debug  :Bugfixes and QoL] [2026-09-24 22:56:49.624] Bugfixes and QoL quarry-pile runtime: AI quarry queued for Keep-facing pile placement: playerId=7, quarryId=220, quarryGlobalId=469488, timeoutSeconds=10.
[Debug  :Bugfixes and QoL] [2026-09-24 22:56:49.644] Bugfixes and QoL quarry-pile runtime: AI Keep-facing target selected: playerId=7, quarryGlobalId=469488, target=239,293, vanillaTry=1, candidateIndex=15, currentPositionIsBest=False.
[Debug  :Bugfixes and QoL] [2026-09-24 22:56:49.644] Bugfixes and QoL quarry-pile runtime: rotation completed: reason=singleplayer-ai-keep-facing, playerId=7, quarryGlobalId=469488, newPileGlobalId=469507, vanillaGroupId=469488, target=239,293.
[Debug  :Extra Features] [2026-09-24 22:56:51.375] Extra Features gatehouse query hook confirmed: buildingId=230, eventUnitId=3, validatedUnitId=3, globalId=469957, owner=4, tileX=597, tileY=289.
[Info   :  SHCDE-SE] [T1-22:56:55.272] [GameMapArchiveManagerAPI] [OnUnloadMap] Unloading archive
[Info   :  SHCDE-SE] [T1-22:56:55.272] [GameMapArchiveManagerAPI] [RemoveActiveArchive] Attempting to remove active archive
[Info   :  SHCDE-SE] [T1-22:56:55.272] [LuaManager] [OnUnloadMap] Attempting to unload lua state due to event, phase: Pre
[Info   :  SHCDE-SE] [T1-22:56:55.272] [LuaManager] [TryUnload] Attempting to unload lua state
[Warning:  SHCDE-SE] [T1-22:56:55.272] [LuaManager] [TryUnload] Lua state already unloaded!
[Info   :  SHCDE-SE] [T1-22:56:55.272] [DeterministicRandom] [OnUnloadMap] uninitializing shared state.
[Info   :  SHCDE-SE] [T1-22:56:55.272] [GamePlayerManagerAPI] [OnUnloadMap] Unloading
[Info   :  SHCDE-SE] [T1-22:56:55.272] [GameUnitManagerAPI] [OnUnloadMap] Unloading
[Info   :  SHCDE-SE] [T1-22:56:55.272] [GameBuildingManagerAPI] [OnUnloadMap] Unloading
[Info   :  SHCDE-SE] [T1-22:56:55.273] [GameMetadataManagerAPI] [OnUnloadMap] Unloading metadata
[Info   :  SHCDE-SE] [T1-22:56:55.273] [GameSoundManagerAPI] [Unload] Unloading sounds
[Info   :  SHCDE-SE] [T1-22:56:55.273] [GameSoundManagerAPI] [Unload] Unloading sounds complete
[Info   :  SHCDE-SE] [T1-22:56:55.273] [GameTriggerManager] [OnUnloadMap] Unloading
[Info   :  SHCDE-SE] [T1-22:56:55.273] [GameTimeManagerAPI] [OnUnloadMap] Unloading
[Info   :  SHCDE-SE] [T1-22:56:55.273] [GameAfterImageManager] [OnUnloadMap] Unloading active effects
[Info   :  SHCDE-SE] [T1-22:56:55.273] [GameBundleManager] [OnUnloadMap] Unloading
[Info   : APIShared] [2026-09-24 22:56:55.273] MissionEnd: session=1, source=NewGame, mode=CustomGame, phase=ManagedReady, reason=Unloaded, started=True, replay=False.
[Info   :Active AIV Detector] [2026-09-24 22:56:55.273] Active AIV detector reset for map unload; waiting for finalized AI selections. retainedPendingLobbyMetadata=False, retainedPendingPreBuildSetting=False.
[Info   :Unit Limit] [2026-09-24 22:56:55.274] [Unit Limit] gameplay-mod gate: modGuid=UnitLimit_Serp, source=MissionEnd, kind=Unknown, launchVariant=Standard, customized=False, customizedOrigin=0, modeAllowed=False, configuredEnabled=True, effectiveEnabled=False, action=disabled-by-mode, reason=unknown-fail-closed.
[Info   :Unit Limit] [2026-09-24 22:56:55.274] [UnitLimit_Serp] gameplay-feature gate: feature=UnitLimitEnforcement, source=MissionEnd, kind=Unknown, launchVariant=Standard, realMultiplayer=False, modeAllowed=False, action=disabled-by-feature-mode, reason=unknown-fail-closed.
[Debug  :Unit Limit] [2026-09-24 22:56:55.275] UnitLimit MakeTroop GameAction hook disposed.
[Debug  :Unit Limit] [2026-09-24 22:56:55.276] UnitLimit create troop hover hooks disposed.
[Debug  :Unit Limit] [2026-09-24 22:56:55.276] UnitLimit siege build hover hooks disposed.
[Debug  :Unit Limit] [2026-09-24 22:56:55.276] UnitLimit recruitment availability UI hook disposed.
[Debug  :Unit Limit] [2026-09-24 22:56:55.277] ActiveUnitCache cleared.
[Debug  :Unit Limit] [2026-09-24 22:56:55.277] ActiveSiegeTentCache cleared.
[Warning:  SHCDE-SE] [T1-22:56:55.277] [GameNetworkAPI] [GetLocalPlayerId] Local SteamID [76561198102311542] has no assigned slot yet: returning -1
[Warning:  SHCDE-SE] [T1-22:56:55.277] [GameNetworkAPI] [GetLocalPlayerId] Local SteamID [76561198102311542] has no assigned slot yet: returning -1
[Info   :Extra Features] [2026-09-24 22:56:55.278] [Extra Features] gameplay-mod gate: modGuid=ExtraFeatures_Serp, source=MissionEnd, kind=Unknown, launchVariant=Standard, customized=False, customizedOrigin=0, modeAllowed=False, configuredEnabled=True, effectiveEnabled=False, action=disabled-by-mode, reason=unknown-fail-closed.
[Info   :Extra Features] [2026-09-24 22:56:55.278] [ExtraFeatures_Serp] gameplay-feature gate: feature=LordHealthMultipliers, source=MissionEnd, kind=Unknown, launchVariant=Standard, realMultiplayer=False, modeAllowed=False, action=disabled-by-feature-mode, reason=unknown-fail-closed.
[Info   :Extra Features] [2026-09-24 22:56:55.278] Extra Features gatehouse map state cleared: manualOnly=0.
[Debug  :Extra Features] [2026-09-24 22:56:55.278] Extra Features apothecary plague-search maximum is now 30 (Vanilla).
[Debug  :Extra Features] [2026-09-24 22:56:55.278] Extra Features gatehouse diagnostic: button visibility state: hidden: mod-disabled.
[Info   :Extra Features] [2026-09-24 22:56:55.278] Extra Features church priest counts applied: enabled=False, church2=1, church3=1.
[Debug  :Bugfixes and QoL] [2026-09-24 22:56:55.279] Post-game lobby handoff state reset: reason=mission-end.
[Debug  :Bugfixes and QoL] [2026-09-24 22:56:55.279] Reset surrender/statistics session state: reason=mission-end.
[Info   :Building Costs] [2026-09-24 22:56:55.280] [Building Costs] gameplay-mod gate: modGuid=BuildingCosts_Serp, source=MissionEnd, kind=Unknown, launchVariant=Standard, customized=False, customizedOrigin=0, modeAllowed=False, configuredEnabled=True, effectiveEnabled=False, action=disabled-by-mode, reason=unknown-fail-closed.
[Info   :Building Costs] [2026-09-24 22:56:55.280] [BuildingCosts_Serp] gameplay-feature gate: feature=BuildingCostTooltip, source=MissionEnd, kind=Unknown, launchVariant=Standard, realMultiplayer=False, modeAllowed=False, action=disabled-by-feature-mode, reason=unknown-fail-closed.
[Debug  :Building Costs] [2026-09-24 22:56:55.280] Restored default building cost materials: 0
[Info   :Building Limit] [2026-09-24 22:56:55.281] [Building Limit] gameplay-mod gate: modGuid=BuildingLimit_Serp, source=MissionEnd, kind=Unknown, launchVariant=Standard, customized=False, customizedOrigin=0, modeAllowed=False, configuredEnabled=True, effectiveEnabled=False, action=disabled-by-mode, reason=unknown-fail-closed.
[Info   :Building Limit] [2026-09-24 22:56:55.281] [BuildingLimit_Serp] gameplay-feature gate: feature=BuildingLimitEnforcement, source=MissionEnd, kind=Unknown, launchVariant=Standard, realMultiplayer=False, modeAllowed=False, action=disabled-by-feature-mode, reason=unknown-fail-closed.
[Debug  :Building Limit] [2026-09-24 22:56:55.281] ActiveBuildingCache cleared.
[Info   :CastlePlanner] [2026-09-24 22:56:55.281] [CastlePlanner] gameplay-mod gate: modGuid=CastlePlanner_Serp, source=MissionEnd, kind=Unknown, launchVariant=Standard, customized=False, customizedOrigin=0, modeAllowed=False, configuredEnabled=True, effectiveEnabled=False, action=disabled-by-mode, reason=unknown-fail-closed.
[Info   :CastlePlanner] [2026-09-24 22:56:55.281] [CastlePlanner_Serp] gameplay-feature gate: feature=CastleSpawning, source=MissionEnd, kind=Unknown, launchVariant=Standard, realMultiplayer=False, modeAllowed=False, action=disabled-by-feature-mode, reason=unknown-fail-closed.
[Info   :CastlePlanner] [2026-09-24 22:56:55.281] [CastlePlanner_Serp] gameplay-feature gate: feature=FreeCastlePreview, source=MissionEnd, kind=Unknown, launchVariant=Standard, realMultiplayer=False, modeAllowed=False, action=disabled-by-feature-mode, reason=unknown-fail-closed.
[Info   :CastlePlanner] [2026-09-24 22:56:55.281] [CastlePlanner_Serp] gameplay-feature gate: feature=CastleBlueprints, source=MissionEnd, kind=Unknown, launchVariant=Standard, realMultiplayer=False, modeAllowed=False, action=disabled-by-feature-mode, reason=unknown-fail-closed.
[Debug  :CastlePlanner] [2026-09-24 22:56:55.282] Blueprint overlay cleared for map unload.
[Debug  :CastlePlanner] [2026-09-24 22:56:55.282] OnUnloadMap(Post) received; the next new map may spawn a native AIV castle.
[Info   : Cheat Mod] [2026-09-24 22:56:55.282] [Cheat Mod] gameplay-mod gate: modGuid=CheatMod_Serp, source=MissionEnd, kind=Unknown, launchVariant=Standard, customized=False, customizedOrigin=0, modeAllowed=False, configuredEnabled=False, effectiveEnabled=False, action=disabled-by-mode, reason=unknown-fail-closed.
[Info   : Cheat Mod] [2026-09-24 22:56:55.282] [CheatMod_Serp] gameplay-feature gate: feature=EndlessExtremePowersRecharge, source=MissionEnd, kind=Unknown, launchVariant=Standard, realMultiplayer=False, modeAllowed=False, action=disabled-by-feature-mode, reason=unknown-fail-closed.
[Info   :Extreme Powers] [2026-09-24 22:56:55.286] [Extreme Powers] gameplay-mod gate: modGuid=ExtremePowers_Serp, source=MissionEnd, kind=Unknown, launchVariant=Standard, customized=False, customizedOrigin=0, modeAllowed=False, configuredEnabled=True, effectiveEnabled=False, action=disabled-by-mode, reason=unknown-fail-closed.
[Info   :Random Events] [2026-09-24 22:56:55.286] [Random Events] gameplay-mod gate: modGuid=RandomEvents_Serp, source=MissionEnd, kind=Unknown, launchVariant=Standard, customized=False, customizedOrigin=0, modeAllowed=False, configuredEnabled=True, effectiveEnabled=False, action=disabled-by-mode, reason=unknown-fail-closed.
[Info   :Random Events] [2026-09-24 22:56:55.286] [RandomEvents_Serp] gameplay-feature gate: feature=RandomEventsRuntime, source=MissionEnd, kind=Unknown, launchVariant=Standard, realMultiplayer=False, modeAllowed=False, action=disabled-by-feature-mode, reason=unknown-fail-closed.
[Info   :Unit Costs] [2026-09-24 22:56:55.287] [Unit Costs] gameplay-mod gate: modGuid=UnitCosts_Serp, source=MissionEnd, kind=Unknown, launchVariant=Standard, customized=False, customizedOrigin=0, modeAllowed=False, configuredEnabled=True, effectiveEnabled=False, action=disabled-by-mode, reason=unknown-fail-closed.
[Info   :Unit Costs] [2026-09-24 22:56:55.287] [UnitCosts_Serp] gameplay-feature gate: feature=UnitCostEnforcement, source=MissionEnd, kind=Unknown, launchVariant=Standard, realMultiplayer=False, modeAllowed=False, action=disabled-by-feature-mode, reason=unknown-fail-closed.
[Debug  :Unit Costs] [2026-09-24 22:56:55.287] Restored vanilla unit cost values: 32
[Debug  :Unit Costs] [2026-09-24 22:56:55.288] UnitCosts MakeTroop GameAction hook disposed.
[Debug  :Unit Costs] [2026-09-24 22:56:55.288] UnitCosts create troop hover hooks disposed.
[Debug  :Unit Costs] [2026-09-24 22:56:55.288] UnitCosts siege build hover hooks disposed.
[Debug  :Unit Costs] [2026-09-24 22:56:55.288] UnitCosts recruitment availability UI hook disposed.
[Info   :  SHCDE-SE] [T1-22:56:55.412] [BulkMapLoaderDetours] [c_game_unload_map_hook_impl] pTileManager=00007FFABBF8EDB0, preventNotification=False
[Info   :  SHCDE-SE] [T1-22:56:55.413] [GameMapArchiveManagerAPI] [OnUnloadMap] Unloading archive
[Info   :  SHCDE-SE] [T1-22:56:55.413] [GameMapArchiveManagerAPI] [RemoveActiveArchive] Attempting to remove active archive
[Info   :  SHCDE-SE] [T1-22:56:55.413] [LuaManager] [OnUnloadMap] Attempting to unload lua state due to event, phase: Pre
[Info   :  SHCDE-SE] [T1-22:56:55.413] [LuaManager] [TryUnload] Attempting to unload lua state
[Warning:  SHCDE-SE] [T1-22:56:55.413] [LuaManager] [TryUnload] Lua state already unloaded!
[Info   :  SHCDE-SE] [T1-22:56:55.413] [DeterministicRandom] [OnUnloadMap] uninitializing shared state.
[Info   :  SHCDE-SE] [T1-22:56:55.413] [GamePlayerManagerAPI] [OnUnloadMap] Unloading
[Info   :  SHCDE-SE] [T1-22:56:55.413] [GameUnitManagerAPI] [OnUnloadMap] Unloading
[Info   :  SHCDE-SE] [T1-22:56:55.413] [GameBuildingManagerAPI] [OnUnloadMap] Unloading
[Info   :  SHCDE-SE] [T1-22:56:55.413] [GameMetadataManagerAPI] [OnUnloadMap] Unloading metadata
[Info   :  SHCDE-SE] [T1-22:56:55.413] [GameSoundManagerAPI] [Unload] Unloading sounds
[Info   :  SHCDE-SE] [T1-22:56:55.413] [GameSoundManagerAPI] [Unload] Unloading sounds complete
[Info   :  SHCDE-SE] [T1-22:56:55.413] [GameTriggerManager] [OnUnloadMap] Unloading
[Info   :  SHCDE-SE] [T1-22:56:55.413] [GameTimeManagerAPI] [OnUnloadMap] Unloading
[Info   :  SHCDE-SE] [T1-22:56:55.413] [GameAfterImageManager] [OnUnloadMap] Unloading active effects
[Info   :  SHCDE-SE] [T1-22:56:55.413] [GameBundleManager] [OnUnloadMap] Unloading
[Info   :  SHCDE-SE] [T1-22:56:55.430] [GameMapArchiveManagerAPI] [OnUnloadMap] Unloading archive
[Info   :  SHCDE-SE] [T1-22:56:55.430] [GameMapArchiveManagerAPI] [RemoveActiveArchive] Attempting to remove active archive
[Info   :  SHCDE-SE] [T1-22:56:55.430] [DeterministicRandom] [OnUnloadMap] uninitializing shared state.
[Info   :  SHCDE-SE] [T1-22:56:55.430] [GamePlayerManagerAPI] [OnUnloadMap] Unloading
[Info   :  SHCDE-SE] [T1-22:56:55.430] [GameUnitManagerAPI] [OnUnloadMap] Unloading
[Info   :  SHCDE-SE] [T1-22:56:55.430] [GameBuildingManagerAPI] [OnUnloadMap] Unloading
[Info   :  SHCDE-SE] [T1-22:56:55.430] [GameMetadataManagerAPI] [OnUnloadMap] Unloading metadata
[Info   :  SHCDE-SE] [T1-22:56:55.430] [GameSoundManagerAPI] [Unload] Unloading sounds
[Info   :  SHCDE-SE] [T1-22:56:55.430] [GameSoundManagerAPI] [Unload] Unloading sounds complete
[Info   :  SHCDE-SE] [T1-22:56:55.430] [GameTriggerManager] [OnUnloadMap] Unloading
[Info   :  SHCDE-SE] [T1-22:56:55.430] [GameTimeManagerAPI] [OnUnloadMap] Unloading
[Info   :  SHCDE-SE] [T1-22:56:55.430] [GameAfterImageManager] [OnUnloadMap] Unloading active effects
[Info   :  SHCDE-SE] [T1-22:56:55.430] [GameBundleManager] [OnUnloadMap] Unloading
[Info   :  SHCDE-SE] [T1-22:56:55.439] [BulkMapLoaderDetours] [c_game_unload_map_hook_impl] pTileManager=00007FFABBF8EDB0, preventNotification=False
[Info   :  SHCDE-SE] [T1-22:56:55.439] [GameMapArchiveManagerAPI] [OnUnloadMap] Unloading archive
[Info   :  SHCDE-SE] [T1-22:56:55.439] [GameMapArchiveManagerAPI] [RemoveActiveArchive] Attempting to remove active archive
[Info   :  SHCDE-SE] [T1-22:56:55.439] [LuaManager] [OnUnloadMap] Attempting to unload lua state due to event, phase: Pre
[Info   :  SHCDE-SE] [T1-22:56:55.439] [LuaManager] [TryUnload] Attempting to unload lua state
[Warning:  SHCDE-SE] [T1-22:56:55.439] [LuaManager] [TryUnload] Lua state already unloaded!
[Info   :  SHCDE-SE] [T1-22:56:55.439] [DeterministicRandom] [OnUnloadMap] uninitializing shared state.
[Info   :  SHCDE-SE] [T1-22:56:55.439] [GamePlayerManagerAPI] [OnUnloadMap] Unloading
[Info   :  SHCDE-SE] [T1-22:56:55.439] [GameUnitManagerAPI] [OnUnloadMap] Unloading
[Info   :  SHCDE-SE] [T1-22:56:55.439] [GameBuildingManagerAPI] [OnUnloadMap] Unloading
[Info   :  SHCDE-SE] [T1-22:56:55.439] [GameMetadataManagerAPI] [OnUnloadMap] Unloading metadata
[Info   :  SHCDE-SE] [T1-22:56:55.439] [GameSoundManagerAPI] [Unload] Unloading sounds
[Info   :  SHCDE-SE] [T1-22:56:55.439] [GameSoundManagerAPI] [Unload] Unloading sounds complete
[Info   :  SHCDE-SE] [T1-22:56:55.439] [GameTriggerManager] [OnUnloadMap] Unloading
[Info   :  SHCDE-SE] [T1-22:56:55.439] [GameTimeManagerAPI] [OnUnloadMap] Unloading
[Info   :  SHCDE-SE] [T1-22:56:55.439] [GameAfterImageManager] [OnUnloadMap] Unloading active effects
[Info   :  SHCDE-SE] [T1-22:56:55.439] [GameBundleManager] [OnUnloadMap] Unloading
[Info   :  SHCDE-SE] [T1-22:56:55.456] [GameMapArchiveManagerAPI] [OnUnloadMap] Unloading archive
[Info   :  SHCDE-SE] [T1-22:56:55.456] [GameMapArchiveManagerAPI] [RemoveActiveArchive] Attempting to remove active archive
[Info   :  SHCDE-SE] [T1-22:56:55.456] [DeterministicRandom] [OnUnloadMap] uninitializing shared state.
[Info   :  SHCDE-SE] [T1-22:56:55.456] [GamePlayerManagerAPI] [OnUnloadMap] Unloading
[Info   :  SHCDE-SE] [T1-22:56:55.456] [GameUnitManagerAPI] [OnUnloadMap] Unloading
[Info   :  SHCDE-SE] [T1-22:56:55.456] [GameBuildingManagerAPI] [OnUnloadMap] Unloading
[Info   :  SHCDE-SE] [T1-22:56:55.456] [GameMetadataManagerAPI] [OnUnloadMap] Unloading metadata
[Info   :  SHCDE-SE] [T1-22:56:55.456] [GameSoundManagerAPI] [Unload] Unloading sounds
[Info   :  SHCDE-SE] [T1-22:56:55.456] [GameSoundManagerAPI] [Unload] Unloading sounds complete
[Info   :  SHCDE-SE] [T1-22:56:55.456] [GameTriggerManager] [OnUnloadMap] Unloading
[Info   :  SHCDE-SE] [T1-22:56:55.456] [GameTimeManagerAPI] [OnUnloadMap] Unloading
[Info   :  SHCDE-SE] [T1-22:56:55.456] [GameAfterImageManager] [OnUnloadMap] Unloading active effects
[Info   :  SHCDE-SE] [T1-22:56:55.456] [GameBundleManager] [OnUnloadMap] Unloading
[Info   :AIV Lobby Preset Test] Preset Prepare entered; config=E:\ProgrammeE\Steam\steamapps\common\Stronghold Crusader Definitive Edition\BepInEx\config\AivLobbyPresetTest.json, lobby=True
[Info   :AIV Lobby Preset Test] Test series run 2/8: Crossing-forward-on, Completed Castles=1
[Info   :AIV Lobby Preset Test] Validated lobby preset: CrusadesCrossing.map, players=8, mapSha256=B5AB8BCC5C4C2783697EEF4BBE692AE829B2C7D59C4AFF540F79E140C49417FE
[Warning:  SHCDE-SE] [T1-22:56:55.507] [MapArchive] [.ctor] ZIP EOCD-Header not found for [E:\ProgrammeE\Steam\steamapps\common\Stronghold Crusader Definitive Edition\Stronghold Crusader Definitive Edition_Data\StreamingAssets\Maps\CrusadesCrossing.map]. Not a valid archive.
[Warning:  SHCDE-SE] [T1-22:56:55.514] [MapArchive] [.ctor] ZIP EOCD-Header not found for [E:\ProgrammeE\Steam\steamapps\common\Stronghold Crusader Definitive Edition\Stronghold Crusader Definitive Edition_Data\StreamingAssets\Maps\CrusadesCrossing.map]. Not a valid archive.
[Warning:  SHCDE-SE] [T1-22:56:55.520] [MapArchive] [.ctor] ZIP EOCD-Header not found for [E:\ProgrammeE\Steam\steamapps\common\Stronghold Crusader Definitive Edition\Stronghold Crusader Definitive Edition_Data\StreamingAssets\Maps\CrusadesCrossing.map]. Not a valid archive.
[Info   :CastlePlanner] [2026-09-24 22:56:55.528] AIV lobby placement result: generation=3, playerId=2, preBuild=0, status=Partial, evaluableCandidates=1/1, selectedCandidate=0, rotation=Degrees90, possibleCandidates=0, possibleRotations=Degrees90, reason=None: .
[Info   :CastlePlanner] [2026-09-24 22:56:55.528] AIV lobby placement result: generation=3, playerId=3, preBuild=0, status=NotEvaluable, evaluableCandidates=0/1, selectedCandidate=none, rotation=unknown, possibleCandidates=unproven, possibleRotations=unproven, reason=PriorAiSelectionUnknown: A possible earlier start cannot be proven (StartOverlapUnproven: This AIV reads tiles near an earlier AI start whose native construction is not fully proven.)..
[Info   :CastlePlanner] [2026-09-24 22:56:55.528] AIV lobby placement result: generation=3, playerId=4, preBuild=0, status=NotEvaluable, evaluableCandidates=0/0, selectedCandidate=none, rotation=unknown, possibleCandidates=unproven, possibleRotations=unproven, reason=PriorAiSelectionUnknown: Earlier AI player 3 has no proven start state (StartOverlapUnproven: a possible candidate, rotation or start marker is not proven)..
[Info   :CastlePlanner] [2026-09-24 22:56:55.528] AIV lobby placement result: generation=3, playerId=5, preBuild=0, status=NotEvaluable, evaluableCandidates=0/0, selectedCandidate=none, rotation=unknown, possibleCandidates=unproven, possibleRotations=unproven, reason=PriorAiSelectionUnknown: Earlier AI player 3 has no proven start state (StartOverlapUnproven: a possible candidate, rotation or start marker is not proven)..
[Info   :CastlePlanner] [2026-09-24 22:56:55.528] AIV lobby placement result: generation=3, playerId=6, preBuild=0, status=NotEvaluable, evaluableCandidates=0/0, selectedCandidate=none, rotation=unknown, possibleCandidates=unproven, possibleRotations=unproven, reason=PriorAiSelectionUnknown: Earlier AI player 3 has no proven start state (StartOverlapUnproven: a possible candidate, rotation or start marker is not proven)..
[Info   :CastlePlanner] [2026-09-24 22:56:55.528] AIV lobby placement result: generation=3, playerId=7, preBuild=0, status=NotEvaluable, evaluableCandidates=0/0, selectedCandidate=none, rotation=unknown, possibleCandidates=unproven, possibleRotations=unproven, reason=PriorAiSelectionUnknown: Earlier AI player 3 has no proven start state (StartOverlapUnproven: a possible candidate, rotation or start marker is not proven)..
[Info   :CastlePlanner] [2026-09-24 22:56:55.528] AIV lobby placement result: generation=3, playerId=8, preBuild=0, status=NotEvaluable, evaluableCandidates=0/0, selectedCandidate=none, rotation=unknown, possibleCandidates=unproven, possibleRotations=unproven, reason=PriorAiSelectionUnknown: Earlier AI player 3 has no proven start state (StartOverlapUnproven: a possible candidate, rotation or start marker is not proven)..
[Info   :AIV Lobby Preset Test] Lobby observed: skirmish=True, host=True, visible=True, panelActive=True, managedViewNull=False, noesisViewNull=False
[Info   :AIV Lobby Preset Test] Lobby bridge before Tick: assembly=E:\ProgrammeE\Steam\steamapps\common\Stronghold Crusader Definitive Edition\BepInEx\plugins\APIShared_Serp\APIShared.dll, owner=AivLobbyPresetTest_Serp, callback=AivLobbyPresetTest.AivLobbyPresetTestPlugin, sameLobby=True, prepared=False, active=True, applyAttempted=False
[Info   :AIV Lobby Preset Test] Preset Prepare entered; config=E:\ProgrammeE\Steam\steamapps\common\Stronghold Crusader Definitive Edition\BepInEx\config\AivLobbyPresetTest.json, lobby=True
[Info   :AIV Lobby Preset Test] Test series run 2/8: Crossing-forward-on, Completed Castles=1
[Info   :AIV Lobby Preset Test] Validated lobby preset: CrusadesCrossing.map, players=8, mapSha256=B5AB8BCC5C4C2783697EEF4BBE692AE829B2C7D59C4AFF540F79E140C49417FE
[Info   :AIV Lobby Preset Test] Preset Apply entered; map=E:\ProgrammeE\Steam\steamapps\common\Stronghold Crusader Definitive Edition\Stronghold Crusader Definitive Edition_Data\StreamingAssets\Maps\CrusadesCrossing.map, players=8
[Info   :AIV Lobby Preset Test] Preset player=1 lord=human keepSlot=5 keep=112,386
[Info   :AIV Lobby Preset Test] Preset player=2 lord=3 keepSlot=0 keep=510,495 AIVs=Default 7 rotation=auto aivDataSha256=19CEAC2617F85A992BAFC445C73A2F044A635C918C7EF9C34B3E6613D0C9A3B6
[Info   :AIV Lobby Preset Test] Preset player=3 lord=17 keepSlot=1 keep=548,483 AIVs=Default 2 rotation=auto aivDataSha256=4F99F5AC0340057147C05E8F22E11341FF7429BF6671EAFB54D45865523F5D5C
[Info   :AIV Lobby Preset Test] Preset player=4 lord=12 keepSlot=2 keep=592,304 AIVs=Default 6 rotation=auto aivDataSha256=F1D404B8018A15FA56F7ED340D54FFC544CBC507589C2DD757D4E6C00CE64158
[Info   :AIV Lobby Preset Test] Preset player=5 lord=14 keepSlot=3 keep=376,672 AIVs=Default 7 rotation=auto aivDataSha256=DE54F8D2382B33263BBF3F8E8C6E1C9D64DFFEE9AEFC4F49F622557084BD8D1D
[Info   :AIV Lobby Preset Test] Preset player=6 lord=11 keepSlot=4 keep=441,636 AIVs=Default 1 rotation=auto aivDataSha256=70C520BEA3D658F2B7F591630D9B30B493D7C80D32883444792F3D0B8A911D84
[Info   :AIV Lobby Preset Test] Preset player=7 lord=15 keepSlot=6 keep=210,321 AIVs=Default 2 rotation=auto aivDataSha256=5B6CA96B80D5F35EC83125E58E15E42D59B125B92DEAD469C321E1EC845B6A41
[Info   :AIV Lobby Preset Test] Preset player=8 lord=16 keepSlot=7 keep=338,181 AIVs=Default 5 rotation=auto aivDataSha256=2A0550938D2DDD4797800159589F287D0CCA9F77C48027880CB1153C69DE6DD0
[Info   :AIV Lobby Preset Test] Test series preset applied: Crossing-forward-on, Completed Castles=1.
[Info   :AIV Lobby Preset Test] Lobby bridge after Tick: assembly=E:\ProgrammeE\Steam\steamapps\common\Stronghold Crusader Definitive Edition\BepInEx\plugins\APIShared_Serp\APIShared.dll, owner=AivLobbyPresetTest_Serp, callback=AivLobbyPresetTest.AivLobbyPresetTestPlugin, sameLobby=True, prepared=True, active=True, applyAttempted=True
[Info   :CastlePlanner] [2026-09-24 22:56:55.629] AIV lobby placement result: generation=4, playerId=2, preBuild=1, status=Partial, evaluableCandidates=1/1, selectedCandidate=0, rotation=Degrees90, possibleCandidates=0, possibleRotations=Degrees90, reason=None: .
[Info   :CastlePlanner] [2026-09-24 22:56:55.629] AIV lobby placement result: generation=4, playerId=3, preBuild=1, status=NotEvaluable, evaluableCandidates=0/0, selectedCandidate=none, rotation=unknown, possibleCandidates=unproven, possibleRotations=unproven, reason=RequestNotReady: PreBuildSequenceUnsupported.
[Info   :CastlePlanner] [2026-09-24 22:56:55.629] AIV lobby placement result: generation=4, playerId=4, preBuild=1, status=NotEvaluable, evaluableCandidates=0/0, selectedCandidate=none, rotation=unknown, possibleCandidates=unproven, possibleRotations=unproven, reason=RequestNotReady: PreBuildSequenceUnsupported.
[Info   :CastlePlanner] [2026-09-24 22:56:55.629] AIV lobby placement result: generation=4, playerId=5, preBuild=1, status=NotEvaluable, evaluableCandidates=0/0, selectedCandidate=none, rotation=unknown, possibleCandidates=unproven, possibleRotations=unproven, reason=RequestNotReady: PreBuildSequenceUnsupported.
[Info   :CastlePlanner] [2026-09-24 22:56:55.629] AIV lobby placement result: generation=4, playerId=6, preBuild=1, status=NotEvaluable, evaluableCandidates=0/0, selectedCandidate=none, rotation=unknown, possibleCandidates=unproven, possibleRotations=unproven, reason=RequestNotReady: PreBuildSequenceUnsupported.
[Info   :CastlePlanner] [2026-09-24 22:56:55.629] AIV lobby placement result: generation=4, playerId=7, preBuild=1, status=NotEvaluable, evaluableCandidates=0/0, selectedCandidate=none, rotation=unknown, possibleCandidates=unproven, possibleRotations=unproven, reason=RequestNotReady: PreBuildSequenceUnsupported.
[Info   :CastlePlanner] [2026-09-24 22:56:55.629] AIV lobby placement result: generation=4, playerId=8, preBuild=1, status=NotEvaluable, evaluableCandidates=0/0, selectedCandidate=none, rotation=unknown, possibleCandidates=unproven, possibleRotations=unproven, reason=RequestNotReady: PreBuildSequenceUnsupported.
