[Message:   BepInEx] BepInEx 5.4.23.5 - Stronghold Crusader Definitive Edition (07.09.2026 11:07:12)
[Info   :   BepInEx] Running under Unity v2021.3.45.8976527
[Info   :   BepInEx] CLR runtime version: 4.0.30319.42000
[Info   :   BepInEx] Supports SRE: True
[Info   :   BepInEx] System platform: Bits64, Windows
[Message:   BepInEx] Preloader started
[Info   :   BepInEx] Loaded 1 patcher method from [BepInEx.Preloader 5.4.23.5]
[Info   :   BepInEx] 1 patcher plugin loaded
[Info   :   BepInEx] Patching [UnityEngine.CoreModule] with [BepInEx.Chainloader]
[Message:   BepInEx] Preloader finished
[Message:   BepInEx] Chainloader ready
[Message:   BepInEx] Chainloader started
[Debug  :   BepInEx] Skipping loading E:\ProgrammeE\Steam\steamapps\common\Stronghold Crusader Definitive Edition\BepInEx\plugins\000shcdese\lua54.dll because it's not a valid .NET assembly. Full error: Format of the executable (.exe) or library (.dll) is invalid.
[Debug  :   BepInEx] Skipping loading E:\ProgrammeE\Steam\steamapps\common\Stronghold Crusader Definitive Edition\BepInEx\plugins\000shcdese\msvcp140.dll because it's not a valid .NET assembly. Full error: Format of the executable (.exe) or library (.dll) is invalid.
[Debug  :   BepInEx] Skipping loading E:\ProgrammeE\Steam\steamapps\common\Stronghold Crusader Definitive Edition\BepInEx\plugins\000shcdese\SHCDESE.NativeCrashHandler.dll because it's not a valid .NET assembly. Full error: Format of the executable (.exe) or library (.dll) is invalid.
[Debug  :   BepInEx] Skipping loading E:\ProgrammeE\Steam\steamapps\common\Stronghold Crusader Definitive Edition\BepInEx\plugins\000shcdese\ARM64\lua54.dll because it's not a valid .NET assembly. Full error: Format of the executable (.exe) or library (.dll) is invalid.
[Debug  :   BepInEx] Skipping loading E:\ProgrammeE\Steam\steamapps\common\Stronghold Crusader Definitive Edition\BepInEx\plugins\000shcdese\x64\lua54.dll because it's not a valid .NET assembly. Full error: Format of the executable (.exe) or library (.dll) is invalid.
[Debug  :   BepInEx] Skipping loading E:\ProgrammeE\Steam\steamapps\common\Stronghold Crusader Definitive Edition\BepInEx\plugins\000shcdese\x86\lua54.dll because it's not a valid .NET assembly. Full error: Format of the executable (.exe) or library (.dll) is invalid.
[Debug  :   BepInEx] Skipping loading E:\ProgrammeE\Steam\steamapps\common\Stronghold Crusader Definitive Edition\BepInEx\plugins\000shcdese\x86_64\asmjit.dll because it's not a valid .NET assembly. Full error: Format of the executable (.exe) or library (.dll) is invalid.
[Debug  :   BepInEx] Skipping loading E:\ProgrammeE\Steam\steamapps\common\Stronghold Crusader Definitive Edition\BepInEx\plugins\000shcdese\x86_64\asmtk.dll because it's not a valid .NET assembly. Full error: Format of the executable (.exe) or library (.dll) is invalid.
[Debug  :   BepInEx] Skipping loading E:\ProgrammeE\Steam\steamapps\common\Stronghold Crusader Definitive Edition\BepInEx\plugins\000shcdese\x86_64\cimguiaio.dll because it's not a valid .NET assembly. Full error: Format of the executable (.exe) or library (.dll) is invalid.
[Debug  :   BepInEx] Skipping loading E:\ProgrammeE\Steam\steamapps\common\Stronghold Crusader Definitive Edition\BepInEx\plugins\000shcdese\x86_64\cpolyhook2.dll because it's not a valid .NET assembly. Full error: Format of the executable (.exe) or library (.dll) is invalid.
[Debug  :   BepInEx] Skipping loading E:\ProgrammeE\Steam\steamapps\common\Stronghold Crusader Definitive Edition\BepInEx\plugins\000shcdese\x86_64\PolyHook_2.dll because it's not a valid .NET assembly. Full error: Format of the executable (.exe) or library (.dll) is invalid.
[Debug  :   BepInEx] Skipping loading E:\ProgrammeE\Steam\steamapps\common\Stronghold Crusader Definitive Edition\BepInEx\plugins\000shcdese\x86_64\Zydis.dll because it's not a valid .NET assembly. Full error: Format of the executable (.exe) or library (.dll) is invalid.
[Debug  :   BepInEx] Skipping loading E:\ProgrammeE\Steam\steamapps\common\Stronghold Crusader Definitive Edition\BepInEx\plugins\000shcdese\runtimes\win-x64\native\asmjit.dll because it's not a valid .NET assembly. Full error: Format of the executable (.exe) or library (.dll) is invalid.
[Debug  :   BepInEx] Skipping loading E:\ProgrammeE\Steam\steamapps\common\Stronghold Crusader Definitive Edition\BepInEx\plugins\000shcdese\runtimes\win-x64\native\asmtk.dll because it's not a valid .NET assembly. Full error: Format of the executable (.exe) or library (.dll) is invalid.
[Debug  :   BepInEx] Skipping loading E:\ProgrammeE\Steam\steamapps\common\Stronghold Crusader Definitive Edition\BepInEx\plugins\000shcdese\runtimes\win-x64\native\cpolyhook2.dll because it's not a valid .NET assembly. Full error: Format of the executable (.exe) or library (.dll) is invalid.
[Debug  :   BepInEx] Skipping loading E:\ProgrammeE\Steam\steamapps\common\Stronghold Crusader Definitive Edition\BepInEx\plugins\000shcdese\runtimes\win-x64\native\PolyHook_2.dll because it's not a valid .NET assembly. Full error: Format of the executable (.exe) or library (.dll) is invalid.
[Debug  :   BepInEx] Skipping loading E:\ProgrammeE\Steam\steamapps\common\Stronghold Crusader Definitive Edition\BepInEx\plugins\000shcdese\runtimes\win-x64\native\Zydis.dll because it's not a valid .NET assembly. Full error: Format of the executable (.exe) or library (.dll) is invalid.
[Debug  :   BepInEx] Skipping loading E:\ProgrammeE\Steam\steamapps\common\Stronghold Crusader Definitive Edition\BepInEx\plugins\000shcdese\runtimes\win-x86\native\asmjit.dll because it's not a valid .NET assembly. Full error: Format of the executable (.exe) or library (.dll) is invalid.
[Debug  :   BepInEx] Skipping loading E:\ProgrammeE\Steam\steamapps\common\Stronghold Crusader Definitive Edition\BepInEx\plugins\000shcdese\runtimes\win-x86\native\asmtk.dll because it's not a valid .NET assembly. Full error: Format of the executable (.exe) or library (.dll) is invalid.
[Debug  :   BepInEx] Skipping loading E:\ProgrammeE\Steam\steamapps\common\Stronghold Crusader Definitive Edition\BepInEx\plugins\000shcdese\runtimes\win-x86\native\cpolyhook2.dll because it's not a valid .NET assembly. Full error: Format of the executable (.exe) or library (.dll) is invalid.
[Debug  :   BepInEx] Skipping loading E:\ProgrammeE\Steam\steamapps\common\Stronghold Crusader Definitive Edition\BepInEx\plugins\000shcdese\runtimes\win-x86\native\PolyHook_2.dll because it's not a valid .NET assembly. Full error: Format of the executable (.exe) or library (.dll) is invalid.
[Debug  :   BepInEx] Skipping loading E:\ProgrammeE\Steam\steamapps\common\Stronghold Crusader Definitive Edition\BepInEx\plugins\000shcdese\runtimes\win-x86\native\Zydis.dll because it's not a valid .NET assembly. Full error: Format of the executable (.exe) or library (.dll) is invalid.
[Info   :   BepInEx] 20 plugins to load
[Info   :   BepInEx] Loading [UU-ImGUI API 1.6.7]
[Info   :UU-ImGUI API] Plugin UU-ImGUI API is loading!
[Info   :UU-ImGUI API] Adding to PATH: E:\ProgrammeE\Steam\steamapps\common\Stronghold Crusader Definitive Edition\BepInEx\plugins\000shcdese\x86_64
[Info   :UU-ImGUI API] Initializing...
[Info   :UU-ImGUI API] Trying locale-path: E:\ProgrammeE\Steam\steamapps\common\Stronghold Crusader Definitive Edition\BepInEx\plugins\000shcdese\data\localization
[Debug  :UU-ImGUI API] Found localization folder: E:\ProgrammeE\Steam\steamapps\common\Stronghold Crusader Definitive Edition\BepInEx\plugins\000shcdese\data\localization
[Info   :UU-ImGUI API] hModule base image addr:		0x7FF6B4A30000
[Info   :UU-ImGUI API] hModule size of image:		0xDF000
[Info   :UU-ImGUI API] GAME PROCESS ID: 35548
[Info   :UU-ImGUI API] GAME WINDOW HWND: 40503808
[Debug  :UU-ImGUI API] TryCreateSwapChain
[Debug  :UU-ImGUI API] IDXGISwapChain self=2A3386B3110
[Info   :UU-ImGUI API] D3D11 SWAPCHAIN VTABLE.PRESENT ADDR: 7FFBDBD39530
[Warning:UU-ImGUI API] GetProcAddressProxy: 7FFAFE4E0000::ImGuiFreeType_GetBuilderForFreeType -> returned null
[Warning:UU-ImGUI API] GetProcAddressProxy: 7FFAFE4E0000::TextEditor_GetTextLines -> returned null
[Info   :UU-ImGUI API] LibD3D11: Initialize
[Info   :UU-ImGUI API] Plugin UU-ImGUI API is loaded!
[Info   :   BepInEx] Loading [SHCDE-SE 2.9.0.0]
[Info   :  SHCDE-SE] [T1-16:09:47.425] [Plugin] [Awake] Plugin SHCDE-SE is loading!
[Info   :  SHCDE-SE] [T1-16:09:47.469] [GameAssetModManager] [PrepareAllAndCheckCompatibility] Mod compatibility check completed (19 active mod(s), 0 issue(s)).
[Info   :  SHCDE-SE] [T1-16:09:47.528] [Plugin] [InitLanguageProviderEarly] Set language provider to [en-US]
[Info   :  SHCDE-SE] [T1-16:09:47.532] [Plugin] [Awake] Added to library search path: E:\ProgrammeE\Steam\steamapps\common\Stronghold Crusader Definitive Edition\BepInEx\plugins\000shcdese
[Info   :  SHCDE-SE] [T1-16:09:47.537] [Plugin] [Awake] Deleted 2 old native crash-handler file(s)
[Info   :  SHCDE-SE] [T1-16:09:47.541] [Plugin] [Awake] Native crash handler installed; dumps will be written to E:\ProgrammeE\Steam\steamapps\common\Stronghold Crusader Definitive Edition\BepInEx\crashdumps
[Info   :  SHCDE-SE] [T1-16:09:47.566] [ILHooksManager] [ApplyEarly] Applying Managed Early IL Detours
[Info   :  SHCDE-SE] [T1-16:09:47.566] [ManagedHookManager] [ApplyEarly] Applying Managed Early Detours
[Info   :  SHCDE-SE] [T1-16:09:47.575] [ManagedDetour] [.ctor] Created detour [LoadXaml]->[NoesisXamlProvider_LoadXaml]
[Info   :  SHCDE-SE] [T1-16:09:47.581] [ManagedDetour] [.ctor] Created detour [GetTextureInfo]->[NoesisTextureProvider_GetTextureInfo]
[Info   :  SHCDE-SE] [T1-16:09:47.582] [ManagedDetour] [.ctor] Created detour [LoadComponent]->[NoesisGUI_LoadComponent_Hook]
[Info   :  SHCDE-SE] [T1-16:09:47.583] [GameXAMLManagerAPI] [RegisterBinding] Registering auto-binding: [SEMainMenuContainer]
[Info   :  SHCDE-SE] [T1-16:09:47.590] [GameXAMLManagerAPI] [RegisterBinding] Registering auto-binding: [SE_ModOptionsToggle]
[Info   :  SHCDE-SE] [T1-16:09:47.590] [GameXAMLManagerAPI] [RegisterBinding] Registering auto-binding: [SE_ModOptionsModal]
[Info   :  SHCDE-SE] [T1-16:09:47.594] [GameAssetModManager] [RegisterAll] Loading Asset Mod: [E:\ProgrammeE\Steam\steamapps\common\Stronghold Crusader Definitive Edition\BepInEx\plugins\000shcdese]
[Info   :  SHCDE-SE] [T1-16:09:47.598] [GameAssetManagerAPI] [RegisterModProvider] Indexed 235 files for [000shcdese] in [Global] asset mode from [E:\ProgrammeE\Steam\steamapps\common\Stronghold Crusader Definitive Edition\BepInEx\plugins\000shcdese] in 3 ms.
[Info   :  SHCDE-SE] [T1-16:09:47.604] [GameTranslateAPI] [LoadModLocalizations] Loaded 0 localization files from E:\ProgrammeE\Steam\steamapps\common\Stronghold Crusader Definitive Edition\BepInEx\plugins\000shcdese
[Info   :  SHCDE-SE] [T1-16:09:47.606] [GameAssetModManager] [RegisterAssetModCore] Mod [Script Extender] has no Lua scripts (Scripts/init.lua not found) - This is fine.
[Info   :  SHCDE-SE] [T1-16:09:47.606] [GameAssetModManager] [RegisterAll] Loading Asset Mod: [E:\ProgrammeE\Steam\steamapps\common\Stronghold Crusader Definitive Edition\BepInEx\plugins\APIShared_Serp]
[Info   :  SHCDE-SE] [T1-16:09:47.606] [GameAssetManagerAPI] [RegisterModProvider] Indexed 6 files for [APIShared_Serp] in [Global] asset mode from [E:\ProgrammeE\Steam\steamapps\common\Stronghold Crusader Definitive Edition\BepInEx\plugins\APIShared_Serp] in 0 ms.
[Warning:  SHCDE-SE] [T1-16:09:47.606] [GameAssetModManager] [RegisterAssetModCore] Mod has no sprite logo at [Override/Assets/GUI/Sprites/APIShared_Serp.png] in [E:\ProgrammeE\Steam\steamapps\common\Stronghold Crusader Definitive Edition\BepInEx\plugins\APIShared_Serp] - This may be ignored.
[Info   :  SHCDE-SE] [T1-16:09:47.606] [GameTranslateAPI] [LoadModLocalizations] Loaded 0 localization files from E:\ProgrammeE\Steam\steamapps\common\Stronghold Crusader Definitive Edition\BepInEx\plugins\APIShared_Serp
[Info   :  SHCDE-SE] [T1-16:09:47.606] [GameAssetModManager] [RegisterAssetModCore] Mod [APIShared] has no Lua scripts (Scripts/init.lua not found) - This is fine.
[Info   :  SHCDE-SE] [T1-16:09:47.606] [GameAssetModManager] [RegisterAll] Loading Asset Mod: [E:\ProgrammeE\Steam\steamapps\common\Stronghold Crusader Definitive Edition\BepInEx\plugins\ActiveAIVDetector_Serp]
[Info   :  SHCDE-SE] [T1-16:09:47.607] [GameAssetManagerAPI] [RegisterModProvider] Indexed 409 files for [ActiveAIVDetector_Serp] in [Global] asset mode from [E:\ProgrammeE\Steam\steamapps\common\Stronghold Crusader Definitive Edition\BepInEx\plugins\ActiveAIVDetector_Serp] in 0 ms.
[Warning:  SHCDE-SE] [T1-16:09:47.607] [GameAssetModManager] [RegisterAssetModCore] Mod has no sprite logo at [Override/Assets/GUI/Sprites/ActiveAIVDetector_Serp.png] in [E:\ProgrammeE\Steam\steamapps\common\Stronghold Crusader Definitive Edition\BepInEx\plugins\ActiveAIVDetector_Serp] - This may be ignored.
[Info   :  SHCDE-SE] [T1-16:09:47.607] [GameTranslateAPI] [LoadModLocalizations] Loaded 0 localization files from E:\ProgrammeE\Steam\steamapps\common\Stronghold Crusader Definitive Edition\BepInEx\plugins\ActiveAIVDetector_Serp
[Info   :  SHCDE-SE] [T1-16:09:47.607] [GameAssetModManager] [RegisterAssetModCore] Mod [Active AIV Detector] has no Lua scripts (Scripts/init.lua not found) - This is fine.
[Info   :  SHCDE-SE] [T1-16:09:47.607] [GameAssetModManager] [RegisterAll] Loading Asset Mod: [E:\ProgrammeE\Steam\steamapps\common\Stronghold Crusader Definitive Edition\BepInEx\plugins\AivLobbyPresetTest_Serp]
[Info   :  SHCDE-SE] [T1-16:09:47.607] [GameAssetManagerAPI] [RegisterModProvider] Indexed 4 files for [AivLobbyPresetTest_Serp] in [Global] asset mode from [E:\ProgrammeE\Steam\steamapps\common\Stronghold Crusader Definitive Edition\BepInEx\plugins\AivLobbyPresetTest_Serp] in 0 ms.
[Warning:  SHCDE-SE] [T1-16:09:47.607] [GameAssetModManager] [RegisterAssetModCore] Mod has no sprite logo at [Override/Assets/GUI/Sprites/AivLobbyPresetTest_Serp.png] in [E:\ProgrammeE\Steam\steamapps\common\Stronghold Crusader Definitive Edition\BepInEx\plugins\AivLobbyPresetTest_Serp] - This may be ignored.
[Info   :  SHCDE-SE] [T1-16:09:47.607] [GameTranslateAPI] [LoadModLocalizations] Loaded 0 localization files from E:\ProgrammeE\Steam\steamapps\common\Stronghold Crusader Definitive Edition\BepInEx\plugins\AivLobbyPresetTest_Serp
[Info   :  SHCDE-SE] [T1-16:09:47.607] [GameAssetModManager] [RegisterAssetModCore] Mod [AIV Lobby Preset Test] has no Lua scripts (Scripts/init.lua not found) - This is fine.
[Info   :  SHCDE-SE] [T1-16:09:47.607] [GameAssetModManager] [RegisterAll] Loading Asset Mod: [E:\ProgrammeE\Steam\steamapps\common\Stronghold Crusader Definitive Edition\BepInEx\plugins\BugfixesAndQoL_Serp]
[Info   :  SHCDE-SE] [T1-16:09:47.608] [GameAssetManagerAPI] [RegisterModProvider] Indexed 47 files for [BugfixesAndQoL_Serp] in [Global] asset mode from [E:\ProgrammeE\Steam\steamapps\common\Stronghold Crusader Definitive Edition\BepInEx\plugins\BugfixesAndQoL_Serp] in 0 ms.
[Warning:  SHCDE-SE] [T1-16:09:47.608] [GameAssetModManager] [RegisterAssetModCore] Mod has no sprite logo at [Override/Assets/GUI/Sprites/BugfixesAndQoL_Serp.png] in [E:\ProgrammeE\Steam\steamapps\common\Stronghold Crusader Definitive Edition\BepInEx\plugins\BugfixesAndQoL_Serp] - This may be ignored.
[Info   :  SHCDE-SE] [T1-16:09:47.608] [GameTranslateAPI] [LoadModLocalizations] Loaded 0 localization files from E:\ProgrammeE\Steam\steamapps\common\Stronghold Crusader Definitive Edition\BepInEx\plugins\BugfixesAndQoL_Serp
[Info   :  SHCDE-SE] [T1-16:09:47.608] [GameAssetModManager] [RegisterAssetModCore] Mod [Bugfixes and QoL] has no Lua scripts (Scripts/init.lua not found) - This is fine.
[Info   :  SHCDE-SE] [T1-16:09:47.608] [GameAssetModManager] [RegisterAll] Loading Asset Mod: [E:\ProgrammeE\Steam\steamapps\common\Stronghold Crusader Definitive Edition\BepInEx\plugins\BuildingCosts_Serp]
[Info   :  SHCDE-SE] [T1-16:09:47.608] [GameAssetManagerAPI] [RegisterModProvider] Indexed 27 files for [BuildingCosts_Serp] in [Global] asset mode from [E:\ProgrammeE\Steam\steamapps\common\Stronghold Crusader Definitive Edition\BepInEx\plugins\BuildingCosts_Serp] in 0 ms.
[Warning:  SHCDE-SE] [T1-16:09:47.608] [GameAssetModManager] [RegisterAssetModCore] Mod has no sprite logo at [Override/Assets/GUI/Sprites/BuildingCosts_Serp.png] in [E:\ProgrammeE\Steam\steamapps\common\Stronghold Crusader Definitive Edition\BepInEx\plugins\BuildingCosts_Serp] - This may be ignored.
[Info   :  SHCDE-SE] [T1-16:09:47.608] [GameTranslateAPI] [LoadModLocalizations] Loaded 0 localization files from E:\ProgrammeE\Steam\steamapps\common\Stronghold Crusader Definitive Edition\BepInEx\plugins\BuildingCosts_Serp
[Info   :  SHCDE-SE] [T1-16:09:47.608] [GameAssetModManager] [RegisterAssetModCore] Mod [Building Costs] has no Lua scripts (Scripts/init.lua not found) - This is fine.
[Info   :  SHCDE-SE] [T1-16:09:47.608] [GameAssetModManager] [RegisterAll] Loading Asset Mod: [E:\ProgrammeE\Steam\steamapps\common\Stronghold Crusader Definitive Edition\BepInEx\plugins\BuildingLimit_Serp]
[Info   :  SHCDE-SE] [T1-16:09:47.608] [GameAssetManagerAPI] [RegisterModProvider] Indexed 27 files for [BuildingLimit_Serp] in [Global] asset mode from [E:\ProgrammeE\Steam\steamapps\common\Stronghold Crusader Definitive Edition\BepInEx\plugins\BuildingLimit_Serp] in 0 ms.
[Warning:  SHCDE-SE] [T1-16:09:47.608] [GameAssetModManager] [RegisterAssetModCore] Mod has no sprite logo at [Override/Assets/GUI/Sprites/BuildingLimit_Serp.png] in [E:\ProgrammeE\Steam\steamapps\common\Stronghold Crusader Definitive Edition\BepInEx\plugins\BuildingLimit_Serp] - This may be ignored.
[Info   :  SHCDE-SE] [T1-16:09:47.608] [GameTranslateAPI] [LoadModLocalizations] Loaded 0 localization files from E:\ProgrammeE\Steam\steamapps\common\Stronghold Crusader Definitive Edition\BepInEx\plugins\BuildingLimit_Serp
[Info   :  SHCDE-SE] [T1-16:09:47.608] [GameAssetModManager] [RegisterAssetModCore] Mod [Building Limit] has no Lua scripts (Scripts/init.lua not found) - This is fine.
[Info   :  SHCDE-SE] [T1-16:09:47.608] [GameAssetModManager] [RegisterAll] Loading Asset Mod: [E:\ProgrammeE\Steam\steamapps\common\Stronghold Crusader Definitive Edition\BepInEx\plugins\CastlePlanner_Serp]
[Info   :  SHCDE-SE] [T1-16:09:47.610] [GameAssetManagerAPI] [RegisterModProvider] Indexed 576 files for [CastlePlanner_Serp] in [Global] asset mode from [E:\ProgrammeE\Steam\steamapps\common\Stronghold Crusader Definitive Edition\BepInEx\plugins\CastlePlanner_Serp] in 1 ms.
[Warning:  SHCDE-SE] [T1-16:09:47.610] [GameAssetModManager] [RegisterAssetModCore] Mod has no sprite logo at [Override/Assets/GUI/Sprites/CastlePlanner_Serp.png] in [E:\ProgrammeE\Steam\steamapps\common\Stronghold Crusader Definitive Edition\BepInEx\plugins\CastlePlanner_Serp] - This may be ignored.
[Info   :  SHCDE-SE] [T1-16:09:47.610] [GameTranslateAPI] [LoadModLocalizations] Loaded 0 localization files from E:\ProgrammeE\Steam\steamapps\common\Stronghold Crusader Definitive Edition\BepInEx\plugins\CastlePlanner_Serp
[Info   :  SHCDE-SE] [T1-16:09:47.610] [GameAssetModManager] [RegisterAssetModCore] Mod [CastlePlanner] has no Lua scripts (Scripts/init.lua not found) - This is fine.
[Info   :  SHCDE-SE] [T1-16:09:47.610] [GameAssetModManager] [RegisterAll] Loading Asset Mod: [E:\ProgrammeE\Steam\steamapps\common\Stronghold Crusader Definitive Edition\BepInEx\plugins\CheatMod_Serp]
[Info   :  SHCDE-SE] [T1-16:09:47.610] [GameAssetManagerAPI] [RegisterModProvider] Indexed 26 files for [CheatMod_Serp] in [Global] asset mode from [E:\ProgrammeE\Steam\steamapps\common\Stronghold Crusader Definitive Edition\BepInEx\plugins\CheatMod_Serp] in 0 ms.
[Warning:  SHCDE-SE] [T1-16:09:47.610] [GameAssetModManager] [RegisterAssetModCore] Mod has no sprite logo at [Override/Assets/GUI/Sprites/CheatMod_Serp.png] in [E:\ProgrammeE\Steam\steamapps\common\Stronghold Crusader Definitive Edition\BepInEx\plugins\CheatMod_Serp] - This may be ignored.
[Info   :  SHCDE-SE] [T1-16:09:47.610] [GameTranslateAPI] [LoadModLocalizations] Loaded 0 localization files from E:\ProgrammeE\Steam\steamapps\common\Stronghold Crusader Definitive Edition\BepInEx\plugins\CheatMod_Serp
[Info   :  SHCDE-SE] [T1-16:09:47.610] [GameAssetModManager] [RegisterAssetModCore] Mod [Cheat Mod] has no Lua scripts (Scripts/init.lua not found) - This is fine.
[Info   :  SHCDE-SE] [T1-16:09:47.610] [GameAssetModManager] [RegisterAll] Loading Asset Mod: [E:\ProgrammeE\Steam\steamapps\common\Stronghold Crusader Definitive Edition\BepInEx\plugins\ExtendedData_Serp]
[Info   :  SHCDE-SE] [T1-16:09:47.610] [GameAssetManagerAPI] [RegisterModProvider] Indexed 35 files for [ExtendedData_Serp] in [Global] asset mode from [E:\ProgrammeE\Steam\steamapps\common\Stronghold Crusader Definitive Edition\BepInEx\plugins\ExtendedData_Serp] in 0 ms.
[Warning:  SHCDE-SE] [T1-16:09:47.610] [GameAssetModManager] [RegisterAssetModCore] Mod has no sprite logo at [Override/Assets/GUI/Sprites/ExtendedData_Serp.png] in [E:\ProgrammeE\Steam\steamapps\common\Stronghold Crusader Definitive Edition\BepInEx\plugins\ExtendedData_Serp] - This may be ignored.
[Info   :  SHCDE-SE] [T1-16:09:47.610] [GameTranslateAPI] [LoadModLocalizations] Loaded 0 localization files from E:\ProgrammeE\Steam\steamapps\common\Stronghold Crusader Definitive Edition\BepInEx\plugins\ExtendedData_Serp
[Info   :  SHCDE-SE] [T1-16:09:47.610] [GameAssetModManager] [RegisterAssetModCore] Mod [Extended Data] has no Lua scripts (Scripts/init.lua not found) - This is fine.
[Info   :  SHCDE-SE] [T1-16:09:47.610] [GameAssetModManager] [RegisterAll] Loading Asset Mod: [E:\ProgrammeE\Steam\steamapps\common\Stronghold Crusader Definitive Edition\BepInEx\plugins\ExtraFeatures_Serp]
[Info   :  SHCDE-SE] [T1-16:09:47.611] [GameAssetManagerAPI] [RegisterModProvider] Indexed 29 files for [ExtraFeatures_Serp] in [Global] asset mode from [E:\ProgrammeE\Steam\steamapps\common\Stronghold Crusader Definitive Edition\BepInEx\plugins\ExtraFeatures_Serp] in 0 ms.
[Warning:  SHCDE-SE] [T1-16:09:47.611] [GameAssetModManager] [RegisterAssetModCore] Mod has no sprite logo at [Override/Assets/GUI/Sprites/ExtraFeatures_Serp.png] in [E:\ProgrammeE\Steam\steamapps\common\Stronghold Crusader Definitive Edition\BepInEx\plugins\ExtraFeatures_Serp] - This may be ignored.
[Info   :  SHCDE-SE] [T1-16:09:47.611] [GameTranslateAPI] [LoadModLocalizations] Loaded 0 localization files from E:\ProgrammeE\Steam\steamapps\common\Stronghold Crusader Definitive Edition\BepInEx\plugins\ExtraFeatures_Serp
[Info   :  SHCDE-SE] [T1-16:09:47.611] [GameAssetModManager] [RegisterAssetModCore] Mod [Extra Features] has no Lua scripts (Scripts/init.lua not found) - This is fine.
[Info   :  SHCDE-SE] [T1-16:09:47.611] [GameAssetModManager] [RegisterAll] Loading Asset Mod: [E:\ProgrammeE\Steam\steamapps\common\Stronghold Crusader Definitive Edition\BepInEx\plugins\ExtremePowers_Serp]
[Info   :  SHCDE-SE] [T1-16:09:47.611] [GameAssetManagerAPI] [RegisterModProvider] Indexed 29 files for [ExtremePowers_Serp] in [Global] asset mode from [E:\ProgrammeE\Steam\steamapps\common\Stronghold Crusader Definitive Edition\BepInEx\plugins\ExtremePowers_Serp] in 0 ms.
[Warning:  SHCDE-SE] [T1-16:09:47.611] [GameAssetModManager] [RegisterAssetModCore] Mod has no sprite logo at [Override/Assets/GUI/Sprites/ExtremePowers_Serp.png] in [E:\ProgrammeE\Steam\steamapps\common\Stronghold Crusader Definitive Edition\BepInEx\plugins\ExtremePowers_Serp] - This may be ignored.
[Info   :  SHCDE-SE] [T1-16:09:47.611] [GameTranslateAPI] [LoadModLocalizations] Loaded 0 localization files from E:\ProgrammeE\Steam\steamapps\common\Stronghold Crusader Definitive Edition\BepInEx\plugins\ExtremePowers_Serp
[Info   :  SHCDE-SE] [T1-16:09:47.611] [GameAssetModManager] [RegisterAssetModCore] Mod [Extreme Powers] has no Lua scripts (Scripts/init.lua not found) - This is fine.
[Info   :  SHCDE-SE] [T1-16:09:47.611] [GameAssetModManager] [RegisterAll] Loading Asset Mod: [E:\ProgrammeE\Steam\steamapps\common\Stronghold Crusader Definitive Edition\BepInEx\plugins\RandomEvents_Serp]
[Info   :  SHCDE-SE] [T1-16:09:47.611] [GameAssetManagerAPI] [RegisterModProvider] Indexed 26 files for [RandomEvents_Serp] in [Global] asset mode from [E:\ProgrammeE\Steam\steamapps\common\Stronghold Crusader Definitive Edition\BepInEx\plugins\RandomEvents_Serp] in 0 ms.
[Warning:  SHCDE-SE] [T1-16:09:47.611] [GameAssetModManager] [RegisterAssetModCore] Mod has no sprite logo at [Override/Assets/GUI/Sprites/RandomEvents_Serp.png] in [E:\ProgrammeE\Steam\steamapps\common\Stronghold Crusader Definitive Edition\BepInEx\plugins\RandomEvents_Serp] - This may be ignored.
[Info   :  SHCDE-SE] [T1-16:09:47.611] [GameTranslateAPI] [LoadModLocalizations] Loaded 0 localization files from E:\ProgrammeE\Steam\steamapps\common\Stronghold Crusader Definitive Edition\BepInEx\plugins\RandomEvents_Serp
[Info   :  SHCDE-SE] [T1-16:09:47.611] [GameAssetModManager] [RegisterAssetModCore] Mod [Random Events] has no Lua scripts (Scripts/init.lua not found) - This is fine.
[Info   :  SHCDE-SE] [T1-16:09:47.611] [GameAssetModManager] [RegisterAll] Loading Asset Mod: [E:\ProgrammeE\Steam\steamapps\common\Stronghold Crusader Definitive Edition\BepInEx\plugins\SerpsMods_Serp]
[Info   :  SHCDE-SE] [T1-16:09:47.612] [GameAssetManagerAPI] [RegisterModProvider] Indexed 27 files for [SerpsMods_Serp] in [Global] asset mode from [E:\ProgrammeE\Steam\steamapps\common\Stronghold Crusader Definitive Edition\BepInEx\plugins\SerpsMods_Serp] in 0 ms.
[Info   :  SHCDE-SE] [T1-16:09:47.612] [GameTranslateAPI] [LoadModLocalizations] Loaded 0 localization files from E:\ProgrammeE\Steam\steamapps\common\Stronghold Crusader Definitive Edition\BepInEx\plugins\SerpsMods_Serp
[Info   :  SHCDE-SE] [T1-16:09:47.612] [GameAssetModManager] [RegisterAssetModCore] Mod [Serps Mods - Fully Customizable Collection] has no Lua scripts (Scripts/init.lua not found) - This is fine.
[Info   :  SHCDE-SE] [T1-16:09:47.612] [GameAssetModManager] [RegisterAll] Loading Asset Mod: [E:\ProgrammeE\Steam\steamapps\common\Stronghold Crusader Definitive Edition\BepInEx\plugins\StartConditions_Serp]
[Info   :  SHCDE-SE] [T1-16:09:47.612] [GameAssetManagerAPI] [RegisterModProvider] Indexed 26 files for [StartConditions_Serp] in [Global] asset mode from [E:\ProgrammeE\Steam\steamapps\common\Stronghold Crusader Definitive Edition\BepInEx\plugins\StartConditions_Serp] in 0 ms.
[Warning:  SHCDE-SE] [T1-16:09:47.612] [GameAssetModManager] [RegisterAssetModCore] Mod has no sprite logo at [Override/Assets/GUI/Sprites/StartConditions_Serp.png] in [E:\ProgrammeE\Steam\steamapps\common\Stronghold Crusader Definitive Edition\BepInEx\plugins\StartConditions_Serp] - This may be ignored.
[Info   :  SHCDE-SE] [T1-16:09:47.612] [GameTranslateAPI] [LoadModLocalizations] Loaded 0 localization files from E:\ProgrammeE\Steam\steamapps\common\Stronghold Crusader Definitive Edition\BepInEx\plugins\StartConditions_Serp
[Info   :  SHCDE-SE] [T1-16:09:47.612] [GameAssetModManager] [RegisterAssetModCore] Mod [Start Conditions] has no Lua scripts (Scripts/init.lua not found) - This is fine.
[Info   :  SHCDE-SE] [T1-16:09:47.612] [GameAssetModManager] [RegisterAll] Loading Asset Mod: [E:\ProgrammeE\Steam\steamapps\common\Stronghold Crusader Definitive Edition\BepInEx\plugins\UnitCosts_Serp]
[Info   :  SHCDE-SE] [T1-16:09:47.612] [GameAssetManagerAPI] [RegisterModProvider] Indexed 28 files for [UnitCosts_Serp] in [Global] asset mode from [E:\ProgrammeE\Steam\steamapps\common\Stronghold Crusader Definitive Edition\BepInEx\plugins\UnitCosts_Serp] in 0 ms.
[Warning:  SHCDE-SE] [T1-16:09:47.612] [GameAssetModManager] [RegisterAssetModCore] Mod has no sprite logo at [Override/Assets/GUI/Sprites/UnitCosts_Serp.png] in [E:\ProgrammeE\Steam\steamapps\common\Stronghold Crusader Definitive Edition\BepInEx\plugins\UnitCosts_Serp] - This may be ignored.
[Info   :  SHCDE-SE] [T1-16:09:47.612] [GameTranslateAPI] [LoadModLocalizations] Loaded 0 localization files from E:\ProgrammeE\Steam\steamapps\common\Stronghold Crusader Definitive Edition\BepInEx\plugins\UnitCosts_Serp
[Info   :  SHCDE-SE] [T1-16:09:47.612] [GameAssetModManager] [RegisterAssetModCore] Mod [Unit Costs] has no Lua scripts (Scripts/init.lua not found) - This is fine.
[Info   :  SHCDE-SE] [T1-16:09:47.612] [GameAssetModManager] [RegisterAll] Loading Asset Mod: [E:\ProgrammeE\Steam\steamapps\common\Stronghold Crusader Definitive Edition\BepInEx\plugins\UnitLimit_Serp]
[Info   :  SHCDE-SE] [T1-16:09:47.612] [GameAssetManagerAPI] [RegisterModProvider] Indexed 29 files for [UnitLimit_Serp] in [Global] asset mode from [E:\ProgrammeE\Steam\steamapps\common\Stronghold Crusader Definitive Edition\BepInEx\plugins\UnitLimit_Serp] in 0 ms.
[Warning:  SHCDE-SE] [T1-16:09:47.612] [GameAssetModManager] [RegisterAssetModCore] Mod has no sprite logo at [Override/Assets/GUI/Sprites/UnitLimit_Serp.png] in [E:\ProgrammeE\Steam\steamapps\common\Stronghold Crusader Definitive Edition\BepInEx\plugins\UnitLimit_Serp] - This may be ignored.
[Info   :  SHCDE-SE] [T1-16:09:47.612] [GameTranslateAPI] [LoadModLocalizations] Loaded 0 localization files from E:\ProgrammeE\Steam\steamapps\common\Stronghold Crusader Definitive Edition\BepInEx\plugins\UnitLimit_Serp
[Info   :  SHCDE-SE] [T1-16:09:47.613] [GameAssetModManager] [RegisterAssetModCore] Mod [Unit Limit] has no Lua scripts (Scripts/init.lua not found) - This is fine.
[Info   :  SHCDE-SE] [T1-16:09:47.613] [GameAssetModManager] [RegisterAll] Loading Asset Mod: [E:\ProgrammeE\Steam\steamapps\common\Stronghold Crusader Definitive Edition\BepInEx\plugins\WaterboyTargetReservationTest_Serp]
[Info   :  SHCDE-SE] [T1-16:09:47.613] [GameAssetManagerAPI] [RegisterModProvider] Indexed 5 files for [WaterboyTargetReservationTest_Serp] in [Global] asset mode from [E:\ProgrammeE\Steam\steamapps\common\Stronghold Crusader Definitive Edition\BepInEx\plugins\WaterboyTargetReservationTest_Serp] in 0 ms.
[Warning:  SHCDE-SE] [T1-16:09:47.613] [GameAssetModManager] [RegisterAssetModCore] Mod has no sprite logo at [Override/Assets/GUI/Sprites/WaterboyTargetReservationTest_Serp.png] in [E:\ProgrammeE\Steam\steamapps\common\Stronghold Crusader Definitive Edition\BepInEx\plugins\WaterboyTargetReservationTest_Serp] - This may be ignored.
[Info   :  SHCDE-SE] [T1-16:09:47.613] [GameTranslateAPI] [LoadModLocalizations] Loaded 0 localization files from E:\ProgrammeE\Steam\steamapps\common\Stronghold Crusader Definitive Edition\BepInEx\plugins\WaterboyTargetReservationTest_Serp
[Info   :  SHCDE-SE] [T1-16:09:47.613] [GameAssetModManager] [RegisterAssetModCore] Mod [Waterboy Target Reservation Test] has no Lua scripts (Scripts/init.lua not found) - This is fine.
[Info   :  SHCDE-SE] [T1-16:09:47.613] [GameAssetModManager] [RegisterAll] Loading Asset Mod: [E:\ProgrammeE\Steam\steamapps\common\Stronghold Crusader Definitive Edition\BepInEx\plugins\fixes]
[Info   :  SHCDE-SE] [T1-16:09:47.617] [GameAssetManagerAPI] [RegisterModProvider] Indexed 13 files for [fixes] in [Global] asset mode from [E:\ProgrammeE\Steam\steamapps\common\Stronghold Crusader Definitive Edition\BepInEx\plugins\fixes] in 3 ms.
[Info   :  SHCDE-SE] [T1-16:09:47.617] [GameTranslateAPI] [LoadModLocalizations] Loaded 0 localization files from E:\ProgrammeE\Steam\steamapps\common\Stronghold Crusader Definitive Edition\BepInEx\plugins\fixes
[Info   :  SHCDE-SE] [T1-16:09:47.617] [GameAssetModManager] [RegisterAssetModCore] Mod [Fixes] has no Lua scripts (Scripts/init.lua not found) - This is fine.
[Info   :  SHCDE-SE] [T1-16:09:47.617] [GameAssetModManager] [RegisterAll] Asset mod registration and indexing completed in 23 ms (19 mod(s)).
[Info   :  SHCDE-SE] [T1-16:09:47.618] [ILHooksManager] [Apply] Applying Managed IL Detours
[Info   :  SHCDE-SE] [T1-16:09:48.674] [ManagedHookManager] [Apply] Applying Managed Detours
[Info   :  SHCDE-SE] [T1-16:09:48.675] [ManagedDetour] [.ctor] Created detour [getChimpGoldCost]->[GameData_getChimpGoldCosts_Hook]
[Info   :  SHCDE-SE] [T1-16:09:48.678] [ManagedDetour] [.ctor] Created detour [TroopSelection]->[EngineInterface_TroopSelection_Hook]
[Info   :  SHCDE-SE] [T1-16:09:48.680] [ManagedDetour] [.ctor] Created detour [GetRadarFromFile]->[MapFileManager_GetRadarFromFile_Hook]
[Info   :  SHCDE-SE] [T1-16:09:49.024] [ManagedDetour] [.ctor] Created detour [lookUpText]->[Translate_lookUpText_Hook]
[Info   :  SHCDE-SE] [T1-16:09:49.025] [ManagedDetour] [.ctor] Created detour [lookUpText]->[Translate_lookUpText2_Hook]
[Info   :  SHCDE-SE] [T1-16:09:49.026] [ManagedDetour] [.ctor] Created detour [lookUpText]->[Translate_lookUpTextEx_Hook]
[Info   :  SHCDE-SE] [T1-16:09:49.043] [ManagedDetour] [.ctor] Created detour [recieveIngameChat]->[HUD_MPChatMessages_ReceiveIngameChat_Hook]
[Info   :  SHCDE-SE] [T1-16:09:49.045] [ManagedDetour] [.ctor] Created detour [ChatHandle]->[Platform_Multiplayer_ChatHandle_Hook]
[Info   :  SHCDE-SE] [T1-16:09:49.046] [ManagedDetour] [.ctor] Created detour [SendLobbyChatMessage]->[Platform_Multiplayer_SendLobbyChatMessage_Hook]
[Info   :  SHCDE-SE] [T1-16:09:49.046] [ManagedDetour] [.ctor] Created detour [SendIngameChat]->[Platform_Multiplayer_SendIngameChat_Hook]
[Info   :  SHCDE-SE] [T1-16:09:49.052] [ManagedDetour] [.ctor] Created detour [receiveLobbyMessages]->[Platform_Multiplayer_ReceiveLobbyMessages_Hook]
[Info   :  SHCDE-SE] [T1-16:09:49.053] [ManagedDetour] [.ctor] Created detour [SendCustomInfoToMember]->[Platform_Multiplayer_SendCustomInfoToMember_Hook]
[Info   :  SHCDE-SE] [T1-16:09:49.520] [ManagedDetour] [.ctor] Created detour [NoesisGUIUpdateChecksInGame]->[FatControler_NoesisGUIUpdateChecksInGame_Hook]
[Info   :  SHCDE-SE] [T1-16:09:49.549] [ManagedDetour] [.ctor] Created detour [.ctor]->[HUD_Buildings_CTOR_Hook]
[Info   :  SHCDE-SE] [T1-16:09:49.551] [ManagedDetour] [.ctor] Created detour [interpChimp]->[GameMap_InterpChimpHook]
[Info   :  SHCDE-SE] [T1-16:09:49.552] [ManagedDetour] [.ctor] Created detour [deleteChimp]->[GameMap_DeleteChimpHook]
[Info   :  SHCDE-SE] [T1-16:09:49.554] [ManagedDetour] [.ctor] Created detour [playSFX]->[MyAudioManager_PlaySFX_Hook]
[Info   :  SHCDE-SE] [T1-16:09:49.555] [ManagedDetour] [.ctor] Created detour [LoadClip]->[MyAudioManager_LoadClip_Hook]
[Info   :  SHCDE-SE] [T1-16:09:49.556] [ManagedDetour] [.ctor] Created detour [UpdateWorkshopMap]->[MapFileManager_UpdateWorkshopMap_Hook]
[Info   :  SHCDE-SE] [T1-16:09:49.557] [ManagedDetour] [.ctor] Created detour [SetBodySprite]->[SpriteMapping_SetBodySprite_Hook]
[Info   :  SHCDE-SE] [T1-16:09:49.568] [ManagedDetour] [.ctor] Created detour [SetVisibleState]->[MainViewModel_SetVisibleState_Hook]
[Info   :  SHCDE-SE] [T1-16:09:49.570] [ManagedDetour] [.ctor] Created detour [Update]->[KeyManager_Update_Hook_Impl]
[Info   :  SHCDE-SE] [T1-16:09:49.577] [ManagedDetour] [.ctor] Created detour [ProcessExtendedLordFile]->[CustomisationFileManager_ProcessExtendedLordFile_Hook]
[Info   :  SHCDE-SE] [T1-16:09:49.578] [ManagedDetour] [.ctor] Created detour [GetCustomLordText]->[CustomisationFileManager_GetCustomLordText_Hook]
[Info   :  SHCDE-SE] [T1-16:09:49.583] [ManagedDetour] [.ctor] Created detour [SkirmishAIAddClick]->[FRONT_Multiplayer_SkirmishAIAddClick_Hook]
[Info   :  SHCDE-SE] [T1-16:09:49.584] [ManagedDetour] [.ctor] Created detour [AILordLeave]->[FRONT_Multiplayer_AILordLeave_Hook]
[Info   :  SHCDE-SE] [T1-16:09:49.586] [ManagedDetour] [.ctor] Created detour [getAIFace]->[MainViewModel_GetAIFace_Hook]
[Info   :  SHCDE-SE] [T1-16:09:49.603] [ManagedDetour] [.ctor] Created detour [set_Source]->[NoesisMediaElement_Setter_Hook]
[Info   :  SHCDE-SE] [T1-16:09:49.605] [ManagedDetour] [.ctor] Created detour [playSpeech]->[SFXManager_PlaySpeech_Hook]
[Info   :  SHCDE-SE] [T1-16:09:49.607] [ManagedDetour] [.ctor] Created detour [getComputerName]->[OnScreenText_GetComputerName_Hook]
[Info   :  SHCDE-SE] [T1-16:09:49.615] [ManagedDetour] [.ctor] Created detour [getAIVData]->[AIVLoader_GetAIVData_Hook]
[Info   :  SHCDE-SE] [T1-16:09:49.618] [ManagedDetour] [.ctor] Created detour [GetListOfSubscribedItemsPaths]->[Platform_Workshop_GetListOfSubscribedItemsPaths_Hook]
[Info   :  SHCDE-SE] [T1-16:09:49.714] [ManagedDetour] [.ctor] Created detour [ClearUIPanels]->[FrontendMenus_ClearUIPanels_Hook]
[Info   :  SHCDE-SE] [T1-16:09:49.714] [ManagedDetour] [.ctor] Created detour [OpenFrontEndMenus]->[FrontendMenus_OpenFrontEndMenus_Hook]
[Info   :  SHCDE-SE] [T1-16:09:49.717] [ManagedDetour] [.ctor] Created detour [setTileColour]->[GameTile_SetTileColor_Hook]
[Info   :  SHCDE-SE] [T1-16:09:49.719] [ManagedDetour] [.ctor] Created detour [Awake]->[SteamManager_Awake_Hook]
[Info   :  SHCDE-SE] [T1-16:09:49.721] [ManagedDetour] [.ctor] Created detour [Awake]->[Director_Awake_Hook]
[Info   :  SHCDE-SE] [T1-16:09:49.727] [ManagedDetour] [.ctor] Created detour [postLoading]->[EditorDirector_PostLoading_Hook]
[Info   :  SHCDE-SE] [T1-16:09:49.747] [Plugin] [LoadNativeLibrary] CrusaderDE: 00007FFAA7730000
[Info   :  SHCDE-SE] [T1-16:09:49.750] [Unknown] Base address: 0x00007FFAA7730000
[Info   :  SHCDE-SE] [T1-16:09:49.750] [Unknown] Module size: 0x0000000008903000 bytes
[Info   :  SHCDE-SE] [T1-16:09:49.804] [Plugin] [CrusaderLibrary_LibraryLoaded] Initializing native-side...
[Info   :  SHCDE-SE] [T1-16:09:49.821] [GameGlobalsManager] [FindGameGlobals] Finding Game Globals...
[Info   :  SHCDE-SE] [T1-16:09:49.848] [GameGlobalsManager] [FindGameGlobals] GameUnitManager found at VA: 00007FFAADF18400
[Info   :  SHCDE-SE] [T1-16:09:49.848] [GameGlobalsManager] [FindGameGlobals] gRangedBoltDamageTableRVA found at RVA: 0000000000322C70
[Info   :  SHCDE-SE] [T1-16:09:49.848] [GameGlobalsManager] [FindGameGlobals] gRangedJavelinDamageTableRVA found at RVA: 0000000000322DE0
[Info   :  SHCDE-SE] [T1-16:09:49.848] [GameGlobalsManager] [FindGameGlobals] gRangedArrowDamageTableRVA found at RVA: 0000000000322990
[Info   :  SHCDE-SE] [T1-16:09:49.848] [GameGlobalsManager] [FindGameGlobals] gRangedSlingerDamageTableRVA found at RVA: 0000000000322B00
[Info   :  SHCDE-SE] [T1-16:09:49.849] [GameGlobalsManager] [FindGameGlobals] gMeleeDamageTableRVA found at RVA: 0000000000323230
[Info   :  SHCDE-SE] [T1-16:09:49.849] [GameGlobalsManager] [FindGameGlobals] gMeleeEunuchAOEDamageTableRVA found at RVA: 0000000000322F50
[Info   :  SHCDE-SE] [T1-16:09:49.851] [GameGlobalsManager] [FindGameGlobals] gBallistaDamageDefault: 10000
[Info   :  SHCDE-SE] [T1-16:09:49.851] [GameGlobalsManager] [FindGameGlobals] gBallistaDamageToPortableShields: 500
[Info   :  SHCDE-SE] [T1-16:09:49.851] [GameGlobalsManager] [FindGameGlobals] gBallistaDamageToBallista: 2000
[Info   :  SHCDE-SE] [T1-16:09:49.851] [GameGlobalsManager] [FindGameGlobals] gBallistaDamageToMangonel: 2000
[Info   :  SHCDE-SE] [T1-16:09:49.851] [GameGlobalsManager] [FindGameGlobals] gBallistaDamageToArabBallista: 2000
[Info   :  SHCDE-SE] [T1-16:09:49.851] [GameGlobalsManager] [FindGameGlobals] gBallistaDamageToCatapult: 2500
[Info   :  SHCDE-SE] [T1-16:09:49.851] [GameGlobalsManager] [FindGameGlobals] gBallistaDamageToTrebutchet: 4000
[Info   :  SHCDE-SE] [T1-16:09:49.851] [GameGlobalsManager] [FindGameGlobals] gBallistaDamageToBatteringRam: 20000
[Info   :  SHCDE-SE] [T1-16:09:49.852] [GameGlobalsManager] [FindGameGlobals] gMaxMana: 7000
[Info   :  SHCDE-SE] [T1-16:09:49.852] [GameGlobalsManager] [FindGameGlobals] gManaRegenAmount: 1
[Info   :  SHCDE-SE] [T1-16:09:49.852] [GameGlobalsManager] [FindGameGlobals] gMacemanMinDistanceToEnemyToRun: 192
[Info   :  SHCDE-SE] [T1-16:09:49.853] [GameGlobalsManager] [FindGameGlobals] gUnitHealthTable found at RVA: 0000000000322820
[Info   :  SHCDE-SE] [T1-16:09:49.853] [GameGlobalsManager] [FindGameGlobals] gBuildingHealthTable found at RVA: 00000000002E7510
[Info   :  SHCDE-SE] [T1-16:09:49.853] [GameGlobalsManager] [FindGameGlobals] gBuildingHousingPopulatonSpaceTable found at RVA: 00000000002E7740
[Info   :  SHCDE-SE] [T1-16:09:49.853] [GameGlobalsManager] [FindGameGlobals] gSpeedTable found at RVA: 00000000003230C0
[Info   :  SHCDE-SE] [T1-16:09:49.853] [GameGlobalsManager] [FindGameGlobals] gMapRowLookupTable found at RVA: 000000000402FF2C
[Info   :  SHCDE-SE] [T1-16:09:49.853] [GameGlobalsManager] [FindGameGlobals] gMapColumnLookupTableRVA found at RVA: 0000000003AAE2A4
[Info   :  SHCDE-SE] [T1-16:09:49.853] [GameGlobalsManager] [FindGameGlobals] gMapBuildingManager found at RVA: 00007FFAADBFCBB0
[Info   :  SHCDE-SE] [T1-16:09:49.854] [GameGlobalsManager] [FindGameGlobals] gMaxRandomLions found at VA: 00007FFAA784E29D
[Info   :  SHCDE-SE] [T1-16:09:49.854] [GameGlobalsManager] [FindGameGlobals] gMaxRandomLions: 3
[Info   :  SHCDE-SE] [T1-16:09:49.854] [GameGlobalsManager] [FindGameGlobals] gGameTribeManagerVA found at RVA: 00007FFAAF3F6720
[Info   :  SHCDE-SE] [T1-16:09:49.854] [GameGlobalsManager] [FindGameGlobals] gPlayerManager found at RVA: 00007FFAAAD9C210
[Info   :  SHCDE-SE] [T1-16:09:49.854] [GameGlobalsManager] [FindGameGlobals] gBuildingCostDefaults found at VA: 00007FFAA7A0E244
[Info   :  SHCDE-SE] [T1-16:09:49.854] [GameGlobalsManager] [FindGameGlobals] gBuildingCostDefaultsEnd found at VA: 00007FFAA7A0EADC
[Info   :  SHCDE-SE] [T1-16:09:49.854] [GameGlobalsManager] [FindGameGlobals] gBuildingStoneCostsTable found at RVA: 00000000067E5B90
[Info   :  SHCDE-SE] [T1-16:09:49.854] [GameGlobalsManager] [FindGameGlobals] gBuildingRawPitchCostsTable found at RVA: 00000000067E5B98
[Info   :  SHCDE-SE] [T1-16:09:49.854] [GameGlobalsManager] [FindGameGlobals] gBuildingGoldCostsTable found at RVA: 00000000067E5B9C
[Info   :  SHCDE-SE] [T1-16:09:49.854] [GameGlobalsManager] [FindGameGlobals] gBuildingWoodCostsTable found at RVA: 00000000067E5B8C
[Info   :  SHCDE-SE] [T1-16:09:49.854] [GameGlobalsManager] [FindGameGlobals] gBuildingIronIngotsCostsTable found at RVA: 00000000067E5B94
[Info   :  SHCDE-SE] [T1-16:09:49.854] [GameGlobalsManager] [FindGameGlobals] gMaxGoodYards found at VA: 00007FFAA77A89B4
[Info   :  SHCDE-SE] [T1-16:09:49.854] [GameGlobalsManager] [FindGameGlobals] gMaxGoodYards: 32
[Info   :  SHCDE-SE] [T1-16:09:49.854] [GameGlobalsManager] [FindGameGlobals] gMaxArmories found at VA: 00007FFAA77A8AB4
[Info   :  SHCDE-SE] [T1-16:09:49.854] [GameGlobalsManager] [FindGameGlobals] gMaxArmories: 8
[Info   :  SHCDE-SE] [T1-16:09:49.854] [GameGlobalsManager] [FindGameGlobals] gMaxGranaries found at VA: 00007FFAA77A8A34
[Info   :  SHCDE-SE] [T1-16:09:49.854] [GameGlobalsManager] [FindGameGlobals] gMaxGranaries: 8
[Info   :  SHCDE-SE] [T1-16:09:49.854] [GameGlobalsManager] [FindGameGlobals] gGateHouseCloseDistance found at VA: 00007FFAA77E7BC0
[Info   :  SHCDE-SE] [T1-16:09:49.854] [GameGlobalsManager] [FindGameGlobals] gGateHouseCloseDistance: 200
[Info   :  SHCDE-SE] [T1-16:09:49.854] [GameGlobalsManager] [FindGameGlobals] gGateHouseReOpenDistance found at VA: 00007FFAA77E7BC9
[Info   :  SHCDE-SE] [T1-16:09:49.854] [GameGlobalsManager] [FindGameGlobals] gGateHouseReOpenDistance: 1200
[Info   :  SHCDE-SE] [T1-16:09:49.854] [GameGlobalsManager] [FindGameGlobals] gGateHouseUnkDistance found at VA: 00007FFAA77E7BD0
[Info   :  SHCDE-SE] [T1-16:09:49.854] [GameGlobalsManager] [FindGameGlobals] gGateHouseUnkDistance: 1200
[Info   :  SHCDE-SE] [T1-16:09:49.854] [GameGlobalsManager] [FindGameGlobals] Peasant Respawn Tick Target Value: 4000
[Info   :  SHCDE-SE] [T1-16:09:49.854] [GameGlobalsManager] [FindGameGlobals] Peasant Respawn Tick Reset Value: 2000
[Info   :  SHCDE-SE] [T1-16:09:49.854] [GameGlobalsManager] [FindGameGlobals] gLocalPlayerId found at VA: 00007FFAB0013D70
[Info   :  SHCDE-SE] [T1-16:09:49.854] [GameGlobalsManager] [FindGameGlobals] gCurrentGameTick found at VA: 00007FFAAAD95F58
[Info   :  SHCDE-SE] [T1-16:09:49.854] [GameGlobalsManager] [FindGameGlobals] gCurrentlySelectedBuildingId found at VA: 00007FFAADF18394
[Info   :  SHCDE-SE] [T1-16:09:49.854] [GameGlobalsManager] [FindGameGlobals] gp_PathfindingContextVA found at VA: 00007FFAAD7DD660
[Info   :  SHCDE-SE] [T1-16:09:49.854] [GameGlobalsManager] [FindGameGlobals] gAIVDataTableVA found at VA: 00007FFAA7FF4640
[Info   :  SHCDE-SE] [T1-16:09:49.854] [GameGlobalsManager] [FindGameGlobals] gSkirmishSpawnGoldTable found at RVA: 00000000002D4D90
[Info   :  SHCDE-SE] [T1-16:09:49.854] [GameGlobalsManager] [FindGameGlobals] gMonkAvailable found at RVA: 00007FFAAFF1E3F8
[Info   :  SHCDE-SE] [T1-16:09:49.854] [GameGlobalsManager] [FindGameGlobals] gEngineerAvailableVA found at RVA: 00007FFAAFF1E3E0
[Info   :  SHCDE-SE] [T1-16:09:49.854] [GameGlobalsManager] [FindGameGlobals] gLaddermanAvailableVA found at RVA: 00007FFAAFF1E3DC
[Info   :  SHCDE-SE] [T1-16:09:49.854] [GameGlobalsManager] [FindGameGlobals] gPlayerDefaultSkirmishResourcesVA found at VA: 00007FFAA7A04E40
[Info   :  SHCDE-SE] [T1-16:09:49.854] [GameGlobalsManager] [FindGameGlobals] gAIVSystem found at VA: 00007FFAAABD9F70
[Info   :  SHCDE-SE] [T1-16:09:49.854] [GameGlobalsManager] [FindGameGlobals] gGameVegetationManager found at VA: 00007FFAAAA0E440
[Info   :  SHCDE-SE] [T1-16:09:49.854] [GameGlobalsManager] [FindGameGlobals] gAILordManager found at RVA: 000000000404C950 / VA: 00007FFAAB77C950
[Info   :  SHCDE-SE] [T1-16:09:49.854] [GameGlobalsManager] [FindGameGlobals] gActivePlayerListVA found at VA: 00007FFAAFCA4BCC
[Info   :  SHCDE-SE] [T1-16:09:49.854] [GameGlobalsManager] [FindGameGlobals] gAILineUpVA found at VA: 00007FFAAFCA4C44
[Info   :  SHCDE-SE] [T1-16:09:49.854] [GameGlobalsManager] [FindGameGlobals] gGameStateChoreHandlersVA found at VA: 00007FFAA79F7A30
[Info   :  SHCDE-SE] [T1-16:09:49.854] [GameGlobalsManager] [FindGameGlobals] gGamePaused found at VA: 00007FFAAAD9A0F8
[Info   :  SHCDE-SE] [T1-16:09:49.854] [GameGlobalsManager] [FindGameGlobals] gCurrentMapName found at VA: 00007FFAAAD97FE0
[Info   :  SHCDE-SE] [T1-16:09:49.854] [GameGlobalsManager] [FindGameGlobals] gCurrentMapNameLength found at VA: 00007FFAAAD981D4
[Info   :  SHCDE-SE] [T1-16:09:49.854] [GameGlobalsManager] [FindGameGlobals] gIsInMapEditorVA found at VA: 00007FFAAFCA4B98
[Info   :  SHCDE-SE] [T1-16:09:49.854] [GameGlobalsManager] [FindGameGlobals] gTeamsListRVA found at VA: 00000000037EDF3C
[Info   :  SHCDE-SE] [T1-16:09:49.854] [GameGlobalsManager] [FindGameGlobals] gTreeGrowthProgressionTableRVA found at VA: 000000000031E224
[Info   :  SHCDE-SE] [T1-16:09:49.854] [GameGlobalsManager] [FindGameGlobals] gGameTileManagerVA found at VA: 00007FFAAB78EDB0
[Info   :  SHCDE-SE] [T1-16:09:49.858] [GameGlobalsManager] [FindGameGlobals] GameGatehouseManagerRVA found at RVA: 00000000060AF690 / VA 00007FFAAD7DF690
[Info   :  SHCDE-SE] [T1-16:09:49.858] [GameGlobalsManager] [FindGameGlobals] gGameGatehouseFunctionsVA found at VA: 00007FFAA7A425D0
[Info   :  SHCDE-SE] [T1-16:09:49.858] [GameGlobalsManager] [FindGameGlobals] GameUnitFunctionsVTable found at VA: 00007FFAA7A51CB0
[Info   :  SHCDE-SE] [T1-16:09:49.858] [GameGlobalsManager] [FindGameGlobals] GameBuildingFunctionsVTable found at VA: 00007FFAA7A0EAE0
[Info   :  SHCDE-SE] [T1-16:09:49.858] [GameGlobalsManager] [FindGameGlobals] gLocalPlayerUnitLimitVA found at VA: 00007FFAAAD98E34
[Info   :  SHCDE-SE] [T1-16:09:49.858] [GameGlobalsManager] [FindGameGlobals] gBuildingTypeAccessTileConnectivityBypassVA found at VA: 00007FFAA7A14FE0
[Info   :  SHCDE-SE] [T1-16:09:49.858] [GameGlobalsManager] [FindGameGlobals] gAxisDistanceMetricsVA found at VA: 00007FFAAABD9F50
[Info   :  SHCDE-SE] [T1-16:09:49.858] [GameGlobalsManager] [FindGameGlobals] gLocalPlayerArmyCounts found at VA: 00007FFAA81C86A0
[Info   :  SHCDE-SE] [T1-16:09:49.858] [GameGlobalsManager] [FindGameGlobals] gPeasantSpawnRateIncrementsHighPopRVA found at RVA: 0000000000311D90
[Info   :  SHCDE-SE] [T1-16:09:49.858] [GameGlobalsManager] [FindGameGlobals] gPeasantSpawnRateIncrementsLowPopRVA found at RVA: 0000000000311DF0
[Info   :  SHCDE-SE] [T1-16:09:49.858] [GameGlobalsManager] [FindGameGlobals] gPeasantSpawnRateIncrementsDefaultsRVA found at RVA: 0000000000311E50
[Info   :  SHCDE-SE] [T1-16:09:49.858] [GameGlobalsManager] [FindGameGlobals] BuildingAvailabilityManagerVA found at VA: 00007FFAAA9F7730
[Info   :  SHCDE-SE] [T1-16:09:49.858] [GameGlobalsManager] [FindGameGlobals] gMapRulesInfo_AllowedTradingGoodsRVA found: 00000000037EDB58
[Info   :  SHCDE-SE] [T1-16:09:49.858] [GameGlobalsManager] [FindGameGlobals] gMapRulesInfo_AllowedEuroUnitsVA found at VA: 00007FFAAAF1DEFC
[Info   :  SHCDE-SE] [T1-16:09:49.858] [GameGlobalsManager] [FindGameGlobals] gMapRulesInfo_AllowedArabUnitsVA found at VA: 00007FFAAAF1FA7C
[Info   :  SHCDE-SE] [T1-16:09:49.858] [Unknown] gMapRulesInfo_AllowedBedouinUnitsVA found at VA: 00007FFAAAFCA0F8
[Info   :  SHCDE-SE] [T1-16:09:49.858] [Unknown] gCurrentSkirmishGameModeVA found at VA: 00007FFAAAD99040
[Info   :  SHCDE-SE] [T1-16:09:49.858] [Unknown] gCurrentTrailTypeVA found at VA: 00007FFAAAD99048
[Info   :  SHCDE-SE] [T1-16:09:49.858] [Unknown] gCurrentGameSkirmishModeVA found at VA: 00007FFAAFF1CA04
[Info   :  SHCDE-SE] [T1-16:09:49.858] [Unknown] gCurrentGameTypeModeVA found at VA: 00007FFAAAD95F28
[Info   :  SHCDE-SE] [T1-16:09:49.858] [Unknown] gAIAdvantage found at VA: 00007FFAAFF1CAD0
[Info   :  SHCDE-SE] [T1-16:09:49.858] [Unknown] gCoopTrailIdVA found at VA: 00007FFAAAD9A090
[Info   :  SHCDE-SE] [T1-16:09:49.858] [Unknown] gCoopMissionIdVA found at VA: 00007FFAAAD9A094
[Info   :  SHCDE-SE] [T1-16:09:49.858] [GameGlobalsManager] [FindGameGlobals] gMapRulesInfo_AllowedProductionGoodsVA found at VA: 00007FFAAAD96030
[Info   :  SHCDE-SE] [T1-16:09:49.858] [Unknown] gGameCursorManagerVA found at VA: 00007FFAAB141DC0
[Info   :  SHCDE-SE] [T1-16:09:49.858] [GameGlobalsManager] [FindGameGlobals] gFriendlyWallToEnemyWallProximityDistAllowance found at VA: 00007FFAA77AA77C
[Info   :  SHCDE-SE] [T1-16:09:49.858] [GameGlobalsManager] [FindGameGlobals] gFriendlyWallToEnemyWallProximityDistAllowance: 7
[Info   :  SHCDE-SE] [T1-16:09:49.858] [GameGlobalsManager] [FindGameGlobals] gCurrentMapSize found at VA: 00007FFAAD7DD594
[Info   :  SHCDE-SE] [T1-16:09:49.858] [GameGlobalsManager] [FindGameGlobals] gPlayerKeepIsEnclosedVA found at VA: 00007FFAA7A6936C
[Info   :  SHCDE-SE] [T1-16:09:49.858] [GameGlobalsManager] [FindGameGlobals] gPlayerExtremePowersEnabledVA found at VA: 00007FFAAAF1F968
[Info   :  SHCDE-SE] [T1-16:09:49.858] [GameGlobalsManager] [FindGameGlobals] gSoundManagerVA found at VA: 00007FFAB00172D0
[Info   :  SHCDE-SE] [T1-16:09:49.858] [GameGlobalsManager] [FindGameGlobals] gProjectilesManagerVA found at VA: 00007FFAAA6AA680
[Info   :  SHCDE-SE] [T1-16:09:49.859] [GameGlobalsManager] [FindGameGlobals] gUnitEUGoldCostTableRVA found at RVA: 0000000000311C98
[Info   :  SHCDE-SE] [T1-16:09:49.859] [GameGlobalsManager] [FindGameGlobals] gUnitEUGoodTypeCostsTableRVA found at RVA: 00000000003219F0
[Info   :  SHCDE-SE] [T1-16:09:49.859] [GameGlobalsManager] [FindGameGlobals] gTreeProximityAreaLevelTableRVA found at RVA: 00000000002D1C38
[Info   :  SHCDE-SE] [T1-16:09:49.860] [GameGlobalsManager] [FindGameGlobals] gDateTimeCurrentYearRVA: 000000000018129C
[Info   :  SHCDE-SE] [T1-16:09:49.860] [GameGlobalsManager] [FindGameGlobals] gBedouinDemolisherShieldHealth: 40000
[Info   :  SHCDE-SE] [T1-16:09:49.860] [GameGlobalsManager] [FindGameGlobals] gCatapultRestockStoneCost: 10
[Info   :  SHCDE-SE] [T1-16:09:49.860] [GameGlobalsManager] [FindGameGlobals] gCatapultRestockStoneAmount: 20
[Info   :  SHCDE-SE] [T1-16:09:49.861] [GameGlobalsManager] [FindGameGlobals] gCatapultInitialStoneAmount: 20
[Info   :  SHCDE-SE] [T1-16:09:49.861] [GameGlobalsManager] [FindGameGlobals] gAssassinDetectionRange: 160
[Info   :  SHCDE-SE] [T1-16:09:49.861] [GameGlobalsManager] [FindGameGlobals] gAssassinTransparencyThreshold: 120
[Info   :  SHCDE-SE] [T1-16:09:49.861] [GameGlobalsManager] [FindGameGlobals] gAIMaxOxTethers: 10
[Info   :  SHCDE-SE] [T1-16:09:49.861] [GameGlobalsManager] [FindGameGlobals] gAIStoneToOxenRatio: 20
[Info   :  SHCDE-SE] [T1-16:09:49.861] [GameGlobalsManager] [FindGameGlobals] gAIHighGoldThresholdForSiege: 10000
[Info   :  SHCDE-SE] [T1-16:09:49.861] [GameGlobalsManager] [FindGameGlobals] gAIGoldThresholdForHarassmentSiegeEngines: 500
[Info   :  SHCDE-SE] [T1-16:09:49.861] [GameGlobalsManager] [FindGameGlobals] gKnightRunSpeedBonus found at VA: 00007FFAA78796B5
[Info   :  SHCDE-SE] [T1-16:09:49.861] [GameGlobalsManager] [FindGameGlobals] gArabHorsemanRunSpeedBonus found at VA: 00007FFAA789E7E1
[Info   :  SHCDE-SE] [T1-16:09:49.861] [GameGlobalsManager] [FindGameGlobals] gBedouinCamelLancerRunSpeedBonus found at VA: 00007FFAA78A34B1
[Info   :  SHCDE-SE] [T1-16:09:49.861] [GameGlobalsManager] [FindGameGlobals] gBedouinHeavyCamelRunSpeedBonus found at VA: 00007FFAA78AA8A4
[Info   :  SHCDE-SE] [T1-16:09:49.861] [GameGlobalsManager] [FindGameGlobals] gCurrentContextMapperValueVA found at VA: 00007FFAAD7DD45C
[Info   :  SHCDE-SE] [T1-16:09:49.861] [GameGlobalsManager] [FindGameGlobals] gCurrentContextUnitValueVA found at VA: 00007FFAA80602C4
[Info   :  SHCDE-SE] [T1-16:09:49.861] [GameGlobalsManager] [FindGameGlobals] gCurrentContextBuildingValueVA found at VA: 00007FFAA8029BE4
[Info   :  SHCDE-SE] [T1-16:09:49.861] [GameGlobalsManager] [FindGameGlobals] gBuildingRepairProximityCheckRange found at VA: 00007FFAA78051D2
[Info   :  SHCDE-SE] [T1-16:09:49.861] [GameGlobalsManager] [FindGameGlobals] gBuildingRepairProximityCheckExRange found at VA: 00007FFAA78051CD
[Info   :  SHCDE-SE] [T1-16:09:49.861] [GameGlobalsManager] [FindGameGlobals] ChoreManager found at VA: 00007FFAAFCA4320
[Info   :  SHCDE-SE] [T1-16:09:49.861] [GameGlobalsManager] [FindGameGlobals] ChoreSendPhase found at VA: 00007FFAAFD28FEC
[Info   :  SHCDE-SE] [T1-16:09:49.861] [GameGlobalsManager] [FindGameGlobals] MessageManager found at VA: 00007FFAA9292EE0
[Info   :  SHCDE-SE] [T1-16:09:49.861] [GameGlobalsManager] [FindGameGlobals] EngineMemoryLastCallDescriptorVA found at VA: 00007FFAAD7DD648
[Info   :  SHCDE-SE] [T1-16:09:49.861] [GameGlobalsManager] [FindGameGlobals] PathfindingProfilesUnitTableRVA found at RVA: 0000000000322540
[Info   :  SHCDE-SE] [T1-16:09:49.861] [GameGlobalsManager] [FindGameGlobals] PathfindingConnectionClassesUnitTableVA found at VA: 00007FFAA7A5BDB0
[Info   :  SHCDE-SE] [T1-16:09:49.861] [GameGlobalsManager] [FindGameGlobals] TilePCLTableRVA found at RVA: 00000000050EC690
[Info   :  SHCDE-SE] [T1-16:09:49.861] [GameGlobalsManager] [FindGameGlobals] gNoKnockdownWalls found at VA: 00007FFAAAF1D4C4
[Info   :  SHCDE-SE] [T1-16:09:49.861] [GameGlobalsManager] [FindGameGlobals] gGlobalImprovedSiegingBehaviourVA found at VA: 00007FFAAAD95FB8
[Info   :  SHCDE-SE] [T1-16:09:49.861] [GameGlobalsManager] [FindGameGlobals] gGlobalMoreAggressiveAISiegingBehaviourVA found at VA: 00007FFAAAD95FBC
[Info   :  SHCDE-SE] [T1-16:09:49.861] [GameGlobalsManager] [FindGameGlobals] gGlobalAdvancedOptions found at VA: 00007FFAAFF1E2F0
[Info   :  SHCDE-SE] [T1-16:09:49.861] [GameGlobalsManager] [FindGameGlobals] gStablesHorseRegenTickTarget: 550
[Info   :  SHCDE-SE] [T1-16:09:49.862] [GameGlobalsManager] [FindGameGlobals] gStablesHorsesCap: 4
[Info   :  SHCDE-SE] [T1-16:09:49.863] [GameGlobalsManager] [FindGameGlobals] gDiseaseDamage1: 150
[Info   :  SHCDE-SE] [T1-16:09:49.863] [GameGlobalsManager] [FindGameGlobals] gDiseaseDamage2: 200
[Info   :  SHCDE-SE] [T1-16:09:49.863] [GameGlobalsManager] [FindGameGlobals] gDiseaseDamage3: 400
[Info   :  SHCDE-SE] [T1-16:09:49.863] [GameGlobalsManager] [FindGameGlobals] gGlobalIdsUsedVA found at VA: 00007FFAAAD95F84
[Info   :  SHCDE-SE] [T1-16:09:49.863] [GameGlobalsManager] [FindGameGlobals] AIResourceSellCategoryTableVA found at VA: 00007FFAA79FEC94
[Info   :  SHCDE-SE] [T1-16:09:49.863] [GameGlobalsManager] [FindGameGlobals] AIResourceSellCategoryTableEndVA found at VA: 00007FFAA79FED34
[Info   :  SHCDE-SE] [T1-16:09:49.863] [GameGlobalsManager] [FindGameGlobals] gDefaultTradePriceTable found at VA: 0000000000310EB0
[Info   :  SHCDE-SE] [T1-16:09:49.863] [GameGlobalsManager] [FindGameGlobals] gRabbitDespawnTickTime: 32
[Info   :  SHCDE-SE] [T1-16:09:49.863] [GameGlobalsManager] [FindGameGlobals] gCurrentContextUnitIdVA found at VA: 00007FFAA80602C4
[Info   :  SHCDE-SE] [T1-16:09:49.863] [GameGlobalsManager] [FindGameGlobals] gCampPeasantsCap: 24
[Info   :  SHCDE-SE] [T1-16:09:49.863] [GameGlobalsManager] [FindGameGlobals] gAIVBuildDelayGoldCeiling: 5000
[Info   :  SHCDE-SE] [T1-16:09:49.863] [GameGlobalsManager] [FindGameGlobals] gAIVAcceleratedBuildGoldThreshold: 16000
[Info   :  SHCDE-SE] [T1-16:09:49.863] [GameGlobalsManager] [FindGameGlobals] gAIMinimumAttackerGoldForPositiveAttackVariance : 1000
[Info   :  SHCDE-SE] [T1-16:09:49.863] [GameGlobalsManager] [FindGameGlobals] gAIAttackerGoldThresholdForDoubledAttackVariance : 5000
[Info   :  SHCDE-SE] [T1-16:09:49.863] [GameGlobalsManager] [FindGameGlobals] gAITargetGoldThresholdForNegativeAttackModifier : 500
[Info   :  SHCDE-SE] [T1-16:09:49.863] [GameGlobalsManager] [FindGameGlobals] gPathfindingMaxTilesConstraint: 2000
[Info   :  SHCDE-SE] [T1-16:09:49.864] [GameVegetationManagerAPI] [.ctor] _vegetationManager: 00007FFAAAA0E440
[Info   :  SHCDE-SE] [T1-16:09:49.864] [GameVegetationManagerAPI] [.ctor] _vegArray: 00007FFAAAA0E458
[Info   :  SHCDE-SE] [T1-16:09:49.864] [GameVegetationManagerAPI] [.ctor] _treeGrowthStageTable: 00007FFAA7A4E224
[Info   :  SHCDE-SE] [T1-16:09:49.864] [GameVegetationManagerAPI] [.ctor] _treeAreaProximityLevelTable: 00007FFAA7A01C38
[Info   :  SHCDE-SE] [T1-16:09:49.864] [GameGlobalsManager] [FindGameGlobals] Tree Growth of Oak Stage0: 24
[Info   :  SHCDE-SE] [T1-16:09:49.866] [GamePlayerManagerAPI] [.ctor] _playerManager: 00007FFAAAD9C210
[Info   :  SHCDE-SE] [T1-16:09:49.866] [GamePlayerManagerAPI] [.ctor] _playerResources: 00007FFAAAED060C
[Info   :  SHCDE-SE] [T1-16:09:49.866] [GamePlayerManagerAPI] [.ctor] _defaultSkirmishGold: 00007FFAA7A04D90
[Info   :  SHCDE-SE] [T1-16:09:49.866] [GamePlayerManagerAPI] [.ctor] _defaultSkirmishResources: 00007FFAA7A04E40
[Info   :  SHCDE-SE] [T1-16:09:49.866] [GamePlayerManagerAPI] [.ctor] _defaultSkirmishSettingsTable: 00007FFAAABD9F70
[Info   :  SHCDE-SE] [T1-16:09:49.866] [GamePlayerManagerAPI] [.ctor] _peasantSpawnRateIncrementsHighPop: 00007FFAA7A41D90
[Info   :  SHCDE-SE] [T1-16:09:49.866] [GamePlayerManagerAPI] [.ctor] _peasantSpawnRateIncrementsLowPop: 00007FFAA7A41DF0
[Info   :  SHCDE-SE] [T1-16:09:49.866] [GamePlayerManagerAPI] [.ctor] _peasantSpawnRateIncrementsDefault: 00007FFAA7A41E50
[Info   :  SHCDE-SE] [T1-16:09:49.866] [GamePlayerManagerAPI] [.ctor] CursorManager: 00007FFAAB141DC0
[Info   :  SHCDE-SE] [T1-16:09:49.866] [GamePlayerManagerAPI] [.ctor] _activePlayerList: 00007FFAAFCA4BCC
[Info   :  SHCDE-SE] [T1-16:09:49.866] [GamePlayerManagerAPI] [.ctor] _aiLineUp: 00007FFAAFCA4C44
[Info   :  SHCDE-SE] [T1-16:09:49.866] [GamePlayerManagerAPI] [.ctor] _teamList: 00007FFAAAF1DF3C
[Info   :  SHCDE-SE] [T1-16:09:49.866] [GamePlayerManagerAPI] [.ctor] _localPause: 00007FFAAAD9A0F8
[Info   :  SHCDE-SE] [T1-16:09:49.866] [GamePlayerManagerAPI] [.ctor] _currentMapName: 00007FFAAAD97FE0
[Info   :  SHCDE-SE] [T1-16:09:49.866] [GamePlayerManagerAPI] [.ctor] _currentMapNameLength: 00007FFAAAD981D4
[Info   :  SHCDE-SE] [T1-16:09:49.866] [GamePlayerManagerAPI] [.ctor] _isInMapEditor: 00007FFAAFCA4B98
[Info   :  SHCDE-SE] [T1-16:09:49.866] [GamePlayerManagerAPI] [.ctor] _mapRulesManager: 00007FFAAA9F7730
[Info   :  SHCDE-SE] [T1-16:09:49.866] [GamePlayerManagerAPI] [.ctor] _allowedTradingGoods: 00007FFAAAF1DB58
[Info   :  SHCDE-SE] [T1-16:09:49.866] [GamePlayerManagerAPI] [.ctor] _cursorManager: 00007FFAAB141DC0
[Info   :  SHCDE-SE] [T1-16:09:49.866] [GamePlayerManagerAPI] [.ctor] _noKnockdownWalls: 00007FFAAAF1D4C4
[Info   :  SHCDE-SE] [T1-16:09:49.866] [GamePlayerManagerAPI] [.ctor] _globalImprovedSiegeBehaviour: 00007FFAAAD95FB8
[Info   :  SHCDE-SE] [T1-16:09:49.866] [GamePlayerManagerAPI] [.ctor] _globalMoreAggressiveSiegeBehaviour: 00007FFAAAD95FBC
[Info   :  SHCDE-SE] [T1-16:09:49.866] [GamePlayerManagerAPI] [.ctor] _choreManagerOptionsInternal: 00007FFAAFCA4320
[Info   :  SHCDE-SE] [T1-16:09:49.866] [GameGlobalsManager] [FindGameGlobals] Default Wood for Skirmish: 100
[Info   :  SHCDE-SE] [T1-16:09:49.870] [GameUnitManagerAPI] [.ctor] _gameManager: 00007FFAADF18400
[Info   :  SHCDE-SE] [T1-16:09:49.870] [GameUnitManagerAPI] [.ctor] _unitArray: 00007FFAADF18EEC
[Info   :  SHCDE-SE] [T1-16:09:49.870] [GameUnitManagerAPI] [.ctor] _meleeEunuchAOEDamageArray: 00007FFAA7A52F50
[Info   :  SHCDE-SE] [T1-16:09:49.870] [GameUnitManagerAPI] [.ctor] _rangedArrowDamageArray: 00007FFAA7A52990
[Info   :  SHCDE-SE] [T1-16:09:49.870] [GameUnitManagerAPI] [.ctor] _rangedBoltDamageArray: 00007FFAA7A52C70
[Info   :  SHCDE-SE] [T1-16:09:49.870] [GameUnitManagerAPI] [.ctor] _rangedSlingerDamageArray: 00007FFAA7A52B00
[Info   :  SHCDE-SE] [T1-16:09:49.870] [GameUnitManagerAPI] [.ctor] _rangedJavelinDamageArray: 00007FFAA7A52DE0
[Info   :  SHCDE-SE] [T1-16:09:49.870] [GameUnitManagerAPI] [.ctor] _healthDefaultsArray: 00007FFAA7A52820
[Info   :  SHCDE-SE] [T1-16:09:49.870] [GameUnitManagerAPI] [.ctor] _speedDefaultsArray: 00007FFAA7A530C0
[Info   :  SHCDE-SE] [T1-16:09:49.870] [GameUnitManagerAPI] [.ctor] _localPlayerArmyCountsArray: 00007FFAA81C86A0
[Info   :  SHCDE-SE] [T1-16:09:49.870] [GameUnitManagerAPI] [.ctor] _euUnitsGoldCostsArray: 00007FFAA7A41C98
[Info   :  SHCDE-SE] [T1-16:09:49.870] [GameUnitManagerAPI] [.ctor] _euUnitsGoodTypeCostArray: 00007FFAA7A519F0
[Info   :  SHCDE-SE] [T1-16:09:49.870] [GameUnitManagerAPI] [.ctor] SizeOf(GameUnitManager)=2796, SizeOf(GameUnit)=1168
[Info   :  SHCDE-SE] [T1-16:09:49.870] [GameGlobalsManager] [FindGameGlobals] Knight Damage: 50
[Info   :  SHCDE-SE] [T1-16:09:49.870] [GameGlobalsManager] [FindGameGlobals] Knight Health: 20000
[Info   :  SHCDE-SE] [T1-16:09:49.870] [GameGlobalsManager] [FindGameGlobals] Knight Speed: 1
[Info   :  SHCDE-SE] [T1-16:09:49.874] [GameBuildingManagerAPI] [.ctor] _buildingManager: 00007FFAADBFCBB0
[Info   :  SHCDE-SE] [T1-16:09:49.874] [GameBuildingManagerAPI] [.ctor] _buildingArray: 00007FFAADBFCF38
[Info   :  SHCDE-SE] [T1-16:09:49.874] [GameBuildingManagerAPI] [.ctor] _buildingDefaultCostsArray: 00007FFAA7A0E244
[Info   :  SHCDE-SE] [T1-16:09:49.874] [GameBuildingManagerAPI] [.ctor] _buildingDefaultCostsArrayEnd: 00007FFAA7A0EADC
[Info   :  SHCDE-SE] [T1-16:09:49.874] [GameBuildingManagerAPI] [.ctor] _buildingStoneCostsArray: 00007FFAADF15B90
[Info   :  SHCDE-SE] [T1-16:09:49.874] [GameBuildingManagerAPI] [.ctor] _buildingRawPitchCostsArray: 00007FFAADF15B98
[Info   :  SHCDE-SE] [T1-16:09:49.874] [GameBuildingManagerAPI] [.ctor] _buildingGoldCostsArray: 00007FFAADF15B9C
[Info   :  SHCDE-SE] [T1-16:09:49.874] [GameBuildingManagerAPI] [.ctor] _buildingWoodCostsArray: 00007FFAADF15B8C
[Info   :  SHCDE-SE] [T1-16:09:49.874] [GameBuildingManagerAPI] [.ctor] _buildingIronIngotsCostsArray: 00007FFAADF15B94
[Info   :  SHCDE-SE] [T1-16:09:49.874] [GameBuildingManagerAPI] [.ctor] _buildingTypeAccessTileConnectivityBypassArray: 00007FFAA7A14FE0
[Info   :  SHCDE-SE] [T1-16:09:49.874] [GameGlobalsManager] [FindGameGlobals] NULL DEFAULT Wood Cost: Wood=0, Stone=0, Iron=0, Pitch=0, Gold=0
[Info   :  SHCDE-SE] [T1-16:09:49.874] [GameGlobalsManager] [FindGameGlobals] HOVEL DEFAULT Wood Cost: Wood=6, Stone=0, Iron=0, Pitch=0, Gold=0
[Info   :  SHCDE-SE] [T1-16:09:49.874] [GameGlobalsManager] [FindGameGlobals] Woodcutters Hut DEFAULT Wood Cost: Wood=3, Stone=0, Iron=0, Pitch=0, Gold=0
[Info   :  SHCDE-SE] [T1-16:09:49.874] [GameGlobalsManager] [FindGameGlobals] Lion->Spearman Damage: 100
[Info   :  SHCDE-SE] [T1-16:09:49.877] [BulkMonoDetours] [.ctor] Applying, region=00007FFAFF000000, size=0000000000A54000
[Warning:  SHCDE-SE] [T1-16:09:49.877] [BulkMonoDetours] [.ctor] NUKING 1MB VALUE TYPE SIZE LIMIT FROM ORBIT
[Info   :  SHCDE-SE] [T1-16:09:49.889] [BulkTribeDetours] [.ctor] Applying
[Info   :  SHCDE-SE] [T1-16:09:49.895] [BulkUnitDetours] [.ctor] Applying
[Info   :  SHCDE-SE] [T1-16:09:49.896] [BulkUnitDetours] [.ctor] c_game_unit_hunter_query_for_target found at 00007FFAA78BAF50
[Info   :  SHCDE-SE] [T1-16:09:49.897] [BulkUnitDetours] [.ctor] Anchor point found: 00007FFAA78BAFE6
[Info   :  SHCDE-SE] [T1-16:09:49.898] [BulkBuildingDetours] [.ctor] Applying
[Info   :  SHCDE-SE] [T1-16:09:49.899] [BulkVegetationDetours] [.ctor] Applying
[Info   :  SHCDE-SE] [T1-16:09:49.900] [BulkMapLoaderDetours] [.ctor] Applying
[Info   :  SHCDE-SE] [T1-16:09:49.900] [BulkMapLoaderDetours] [.ctor] c_game_save_file_write found at 00007FFAA790DB94
[Info   :  SHCDE-SE] [T1-16:09:49.901] [BulkProjectileDetours] [.ctor] Applying
[Info   :  SHCDE-SE] [T1-16:09:49.902] [BulkPlayerDetours] [.ctor] Applying
[Info   :  SHCDE-SE] [T1-16:09:49.902] [BulkSoundDetours] [.ctor] Applying
[Info   :  SHCDE-SE] [T1-16:09:49.902] [BulkTileDetours] [.ctor] Applying
[Info   :  SHCDE-SE] [T1-16:09:49.902] [BulkTimeDetours] [.ctor] Applying
[Info   :  SHCDE-SE] [T1-16:09:49.903] [BulkMapEditorDetours] [.ctor] Applying
[Info   :  SHCDE-SE] [T1-16:09:49.903] [BulkMapEditorDetours] [.ctor] c_game_tile_refresh_visual found at 00007FFAA7813B90
[Info   :  SHCDE-SE] [T1-16:09:49.904] [BulkAIDetours] [.ctor] Applying
[Info   :  SHCDE-SE] [T1-16:09:49.904] [BulkChoreDetours] [.ctor] Applying
[Info   :  SHCDE-SE] [T1-16:09:49.904] [BulkPathingDetours] [.ctor] Applying
[Info   :  SHCDE-SE] [T1-16:09:49.904] [BulkEngineDetours] [.ctor] Applying
[Info   :  SHCDE-SE] [T1-16:09:49.905] [BulkVEHDetours] [.ctor] Applying
[Info   :  SHCDE-SE] [T1-16:09:49.910] [HookTransaction[ApplyNative]] Loaded 161 of 161 AOB results from cache.
[Info   :  SHCDE-SE] [T1-16:09:49.923] [Detour:c_game_unit_assign_tribe_hook] ["c_game_unit_assign_tribe_hook"] prepared at 0x00007FFAA784D370 using Indirect: 6 bytes displaced, trampoline 0x00007FFA37850000.
[Info   :  SHCDE-SE] [T1-16:09:49.924] [Detour:c_game_create_new_tribe_hook] ["c_game_create_new_tribe_hook"] prepared at 0x00007FFAA7849C00 using Indirect: 10 bytes displaced, trampoline 0x00007FFA37850040.
[Info   :  SHCDE-SE] [T1-16:09:49.924] [Detour:c_game_tribe_issueorder_movehere_hook] ["c_game_tribe_issueorder_movehere_hook"] prepared at 0x00007FFAA784B520 using Indirect: 9 bytes displaced, trampoline 0x00007FFA37850080.
[Info   :  SHCDE-SE] [T1-16:09:49.924] [Detour:c_game_tribe_issueorder_withtarget_hook] ["c_game_tribe_issueorder_withtarget_hook"] prepared at 0x00007FFAA784E960 using Indirect: 10 bytes displaced, trampoline 0x00007FFA378500C0.
[Info   :  SHCDE-SE] [T1-16:09:49.924] [Detour:c_game_tribe_delete] ["c_game_tribe_delete"] prepared at 0x00007FFAA7848C70 using Indirect: 7 bytes displaced, trampoline 0x00007FFA37850100.
[Info   :  SHCDE-SE] [T1-16:09:49.925] [Detour:c_game_spawn_unit_group_eu_and_arab] ["c_game_spawn_unit_group_eu_and_arab"] prepared at 0x00007FFAA7847D20 using Indirect: 10 bytes displaced, trampoline 0x00007FFA37850140.
[Info   :  SHCDE-SE] [T1-16:09:49.925] [Detour:c_game_tribe_remove_unit] ["c_game_tribe_remove_unit"] prepared at 0x00007FFAA7853EA0 using Indirect: 10 bytes displaced, trampoline 0x00007FFA37860000.
[Info   :  SHCDE-SE] [T1-16:09:49.932] [X64InlineHook] ["c_game_tribe_get_next_waypoint"] compiled stub at 0x00007FFA37860040, size: 183 bytes (target: 0x00007FFAA784ACE6).
[Info   :  SHCDE-SE] [T1-16:09:49.934] [Detour:c_game_unit_takedamage_melee_hook] ["c_game_unit_takedamage_melee_hook"] prepared at 0x00007FFAA78C9110 using Indirect: 6 bytes displaced, trampoline 0x00007FFA378D0000.
[Info   :  SHCDE-SE] [T1-16:09:49.934] [Detour:c_game_unit_takedamage_projectile_hook] ["c_game_unit_takedamage_projectile_hook"] prepared at 0x00007FFAA78C2750 using Indirect: 10 bytes displaced, trampoline 0x00007FFA378D0040.
[Info   :  SHCDE-SE] [T1-16:09:49.934] [Detour:c_game_unit_spawn_ex_hook] ["c_game_unit_spawn_ex_hook"] prepared at 0x00007FFAA78AFEF0 using Indirect: 8 bytes displaced, trampoline 0x00007FFA378D0080.
[Info   :  SHCDE-SE] [T1-16:09:49.934] [Detour:c_game_unit_handle_movement_hook] ["c_game_unit_handle_movement_hook"] prepared at 0x00007FFAA78B0230 using Indirect: 10 bytes displaced, trampoline 0x00007FFA378D00C0.
[Info   :  SHCDE-SE] [T1-16:09:49.934] [Detour:c_game_unit_delete_hook] ["c_game_unit_delete_hook"] prepared at 0x00007FFAA78B69C0 using Indirect: 10 bytes displaced, trampoline 0x00007FFA378D0100.
[Info   :  SHCDE-SE] [T1-16:09:49.934] [Detour:c_game_unit_issueorder_movehere_hook] ["c_game_unit_issueorder_movehere_hook"] prepared at 0x00007FFAA78C6280 using Indirect: 6 bytes displaced, trampoline 0x00007FFA378D0140.
[Info   :  SHCDE-SE] [T1-16:09:49.935] [Detour:c_game_unit_calculate_worker_good_yield_hook] ["c_game_unit_calculate_worker_good_yield_hook"] prepared at 0x00007FFAA78BD940 using Indirect: 10 bytes displaced, trampoline 0x00007FFA378D0180.
[Info   :  SHCDE-SE] [T1-16:09:49.935] [Detour:c_game_dll_troopselection_hook] ["c_game_dll_troopselection_hook"] prepared at 0x00007FFAA77B79A0 using Indirect: 10 bytes displaced, trampoline 0x00007FFA378D01C0.
[Info   :  SHCDE-SE] [T1-16:09:49.935] [X64InlineHook] ["c_game_unit_killed_by_projectile_hook"] compiled stub at 0x00007FFA378D0200, size: 271 bytes (target: 0x00007FFAA78C3363).
[Info   :  SHCDE-SE] [T1-16:09:49.935] [X64InlineHook] ["c_game_unit_killed_by_melee_hook"] compiled stub at 0x00007FFA378D0580, size: 273 bytes (target: 0x00007FFAA78C9444).
[Info   :  SHCDE-SE] [T1-16:09:49.936] [X64InlineHook] ["c_game_unit_damaged_by_projectile_hook"] compiled stub at 0x00007FFA378D0900, size: 179 bytes (target: 0x00007FFAA78C307E).
[Info   :  SHCDE-SE] [T1-16:09:49.936] [X64InlineHook] ["c_game_player_buy_mercenary_hook"] compiled stub at 0x00007FFA378D0B50, size: 176 bytes (target: 0x00007FFAA78B1B6E).
[Info   :  SHCDE-SE] [T1-16:09:49.936] [X64InlineHook] ["c_game_unit_take_fire_damage"] compiled stub at 0x00007FFA378D0D90, size: 270 bytes (target: 0x00007FFAA78C24B0).
[Info   :  SHCDE-SE] [T1-16:09:49.936] [X64InlineHook] ["c_game_unit_bedouin_healer_heal_hook"] compiled stub at 0x00007FFA378D1140, size: 162 bytes (target: 0x00007FFAA78A491A).
[Info   :  SHCDE-SE] [T1-16:09:49.937] [X64InlineHook] ["c_game_unit_woodcutter_update_pickup_planks_hook"] compiled stub at 0x00007FFA378D1360, size: 271 bytes (target: 0x00007FFAA785C8D6).
[Info   :  SHCDE-SE] [T1-16:09:49.937] [X64InlineHook] ["c_game_unit_woodcutter_update_dropoff_planks_hook"] compiled stub at 0x00007FFA378D16E0, size: 271 bytes (target: 0x00007FFAA785CA3B).
[Info   :  SHCDE-SE] [T1-16:09:49.937] [X64InlineHook] ["c_game_unit_farmer_cattle_update_pickup_cheese_hook"] compiled stub at 0x00007FFA378D1A60, size: 271 bytes (target: 0x00007FFAA7867255).
[Info   :  SHCDE-SE] [T1-16:09:49.937] [X64InlineHook] ["c_game_unit_farmer_cattle_update_dropoff_cheese_hook"] compiled stub at 0x00007FFA378D1DE0, size: 271 bytes (target: 0x00007FFAA78673D6).
[Info   :  SHCDE-SE] [T1-16:09:49.937] [X64InlineHook] ["c_game_unit_farmer_apple_update_pickup_apple_hook"] compiled stub at 0x00007FFA378D2160, size: 270 bytes (target: 0x00007FFAA786640E).
[Info   :  SHCDE-SE] [T1-16:09:49.938] [X64InlineHook] ["c_game_unit_farmer_apple_update_dropoff_apple_hook"] compiled stub at 0x00007FFA378D24F0, size: 269 bytes (target: 0x00007FFAA7866901).
[Info   :  SHCDE-SE] [T1-16:09:49.938] [X64InlineHook] ["c_game_unit_farmer_hemp_update_pickup_hemp_hook"] compiled stub at 0x00007FFA378D2870, size: 277 bytes (target: 0x00007FFAA7865846).
[Info   :  SHCDE-SE] [T1-16:09:49.938] [X64InlineHook] ["c_game_unit_farmer_hemp_update_dropoff_hemp_hook"] compiled stub at 0x00007FFA378D2C00, size: 271 bytes (target: 0x00007FFAA78659AF).
[Info   :  SHCDE-SE] [T1-16:09:49.938] [X64InlineHook] ["c_game_unit_baker_update_pickup_flour_hook"] compiled stub at 0x00007FFA378D2F80, size: 272 bytes (target: 0x00007FFAA7868DD1).
[Info   :  SHCDE-SE] [T1-16:09:49.938] [X64InlineHook] ["c_game_unit_baker_update_pickup_bread_hook"] compiled stub at 0x00007FFA378D3310, size: 175 bytes (target: 0x00007FFAA78690C0).
[Info   :  SHCDE-SE] [T1-16:09:49.939] [X64InlineHook] ["c_game_unit_baker_update_dropoff_bread_hook"] compiled stub at 0x00007FFA378D3560, size: 269 bytes (target: 0x00007FFAA78693D3).
[Info   :  SHCDE-SE] [T1-16:09:49.939] [X64InlineHook] ["c_game_unit_farmer_wheat_update_pickup_wheat_hook"] compiled stub at 0x00007FFA378D38E0, size: 269 bytes (target: 0x00007FFAA78648B5).
[Info   :  SHCDE-SE] [T1-16:09:49.939] [X64InlineHook] ["c_game_unit_farmer_wheat_update_dropoff_wheat_hook"] compiled stub at 0x00007FFA378D3C70, size: 271 bytes (target: 0x00007FFAA7864A4C).
[Info   :  SHCDE-SE] [T1-16:09:49.939] [X64InlineHook] ["c_game_unit_miller_update_pickup_wheat_hook"] compiled stub at 0x00007FFA378D3FF0, size: 269 bytes (target: 0x00007FFAA7867CF6).
[Info   :  SHCDE-SE] [T1-16:09:49.939] [X64InlineHook] ["c_game_unit_miller_update_dropoff_flour_hook"] compiled stub at 0x00007FFA378D4370, size: 271 bytes (target: 0x00007FFAA786824F).
[Info   :  SHCDE-SE] [T1-16:09:49.939] [X64InlineHook] ["c_game_unit_miller_update_pickup_flour_hook"] compiled stub at 0x00007FFA378D4700, size: 270 bytes (target: 0x00007FFAA7868134).
[Info   :  SHCDE-SE] [T1-16:09:49.939] [X64InlineHook] ["c_game_unit_brewer_update_pickup_hemp_hook"] compiled stub at 0x00007FFA378D4A80, size: 272 bytes (target: 0x00007FFAA7869D0D).
[Info   :  SHCDE-SE] [T1-16:09:49.939] [X64InlineHook] ["c_game_unit_brewer_update_dropoff_hemp_hook"] compiled stub at 0x00007FFA378D4E10, size: 271 bytes (target: 0x00007FFAA7869F61).
[Info   :  SHCDE-SE] [T1-16:09:49.939] [X64InlineHook] ["c_game_unit_brewer_update_pickup_ale_hook"] compiled stub at 0x00007FFA378D5190, size: 176 bytes (target: 0x00007FFAA786A286).
[Info   :  SHCDE-SE] [T1-16:09:49.939] [X64InlineHook] ["c_game_unit_brewer_update_dropoff_ale_hook"] compiled stub at 0x00007FFA378D53F0, size: 177 bytes (target: 0x00007FFAA786A52B).
[Info   :  SHCDE-SE] [T1-16:09:49.939] [X64InlineHook] ["c_game_unit_brewer_update_produced_ale_hook"] compiled stub at 0x00007FFA378D5630, size: 273 bytes (target: 0x00007FFAA786A115).
[Info   :  SHCDE-SE] [T1-16:09:49.940] [X64InlineHook] ["c_game_unit_innkeeper_update_pickup_ale_hook"] compiled stub at 0x00007FFA378D59C0, size: 271 bytes (target: 0x00007FFAA7880931).
[Info   :  SHCDE-SE] [T1-16:09:49.940] [X64InlineHook] ["c_game_unit_innkeeper_update_dropoff_ale_hook"] compiled stub at 0x00007FFA378D5D50, size: 273 bytes (target: 0x00007FFAA7880B90).
[Info   :  SHCDE-SE] [T1-16:09:49.940] [X64InlineHook] ["c_game_unit_fletcher_update_pickup_wood_hook"] compiled stub at 0x00007FFA378D60D0, size: 274 bytes (target: 0x00007FFAA785D4E6).
[Info   :  SHCDE-SE] [T1-16:09:49.940] [X64InlineHook] ["c_game_unit_fletcher_update_dropoff_wood_hook"] compiled stub at 0x00007FFA378D6460, size: 271 bytes (target: 0x00007FFAA785D70B).
[Info   :  SHCDE-SE] [T1-16:09:49.940] [X64InlineHook] ["c_game_unit_fletcher_update_dropoff_produce_hook"] compiled stub at 0x00007FFA378D67E0, size: 269 bytes (target: 0x00007FFAA785DD2D).
[Info   :  SHCDE-SE] [T1-16:09:49.940] [X64InlineHook] ["c_game_unit_poleturner_update_pickup_wood_hook"] compiled stub at 0x00007FFA378D6B60, size: 272 bytes (target: 0x00007FFAA786AE95).
[Info   :  SHCDE-SE] [T1-16:09:49.940] [X64InlineHook] ["c_game_unit_poleturner_update_dropoff_wood_hook"] compiled stub at 0x00007FFA378D6EF0, size: 271 bytes (target: 0x00007FFAA786B0CB).
[Info   :  SHCDE-SE] [T1-16:09:49.940] [X64InlineHook] ["c_game_unit_poleturner_update_dropoff_produce_hook"] compiled stub at 0x00007FFA378D7270, size: 275 bytes (target: 0x00007FFAA786B6C4).
[Info   :  SHCDE-SE] [T1-16:09:49.940] [X64InlineHook] ["c_game_unit_blacksmith_update_pickup_iron_hook"] compiled stub at 0x00007FFA378D7600, size: 271 bytes (target: 0x00007FFAA786C07D).
[Info   :  SHCDE-SE] [T1-16:09:49.940] [X64InlineHook] ["c_game_unit_blacksmith_update_dropoff_iron_hook"] compiled stub at 0x00007FFA378D7990, size: 271 bytes (target: 0x00007FFAA786C2EF).
[Info   :  SHCDE-SE] [T1-16:09:49.940] [X64InlineHook] ["c_game_unit_blacksmith_update_produce_hook"] compiled stub at 0x00007FFA378D7D10, size: 276 bytes (target: 0x00007FFAA786C52B).
[Info   :  SHCDE-SE] [T1-16:09:49.941] [X64InlineHook] ["c_game_unit_blacksmith_update_dropoff_produce_hook"] compiled stub at 0x00007FFA378D80A0, size: 274 bytes (target: 0x00007FFAA786C854).
[Info   :  SHCDE-SE] [T1-16:09:49.941] [X64InlineHook] ["c_game_unit_tanner_update_store_cowhides_hook"] compiled stub at 0x00007FFA378D8430, size: 274 bytes (target: 0x00007FFAA786EA53).
[Info   :  SHCDE-SE] [T1-16:09:49.941] [X64InlineHook] ["c_game_unit_tanner_update_produce_hook"] compiled stub at 0x00007FFA378D87B0, size: 273 bytes (target: 0x00007FFAA786ECEE).
[Info   :  SHCDE-SE] [T1-16:09:49.941] [X64InlineHook] ["c_game_unit_tanner_update_dropoff_cowhides_hook"] compiled stub at 0x00007FFA378D8B40, size: 177 bytes (target: 0x00007FFAA786EF88).
[Info   :  SHCDE-SE] [T1-16:09:49.941] [X64InlineHook] ["c_game_unit_armourer_update_pickup_iron_hook"] compiled stub at 0x00007FFA378D8D80, size: 271 bytes (target: 0x00007FFAA786D1D5).
[Info   :  SHCDE-SE] [T1-16:09:49.941] [X64InlineHook] ["c_game_unit_armourer_update_dropoff_iron_hook"] compiled stub at 0x00007FFA378D9110, size: 271 bytes (target: 0x00007FFAA786D457).
[Info   :  SHCDE-SE] [T1-16:09:49.941] [X64InlineHook] ["c_game_unit_armourer_update_store_produce_hook"] compiled stub at 0x00007FFA378D9490, size: 277 bytes (target: 0x00007FFAA786D619).
[Info   :  SHCDE-SE] [T1-16:09:49.941] [X64InlineHook] ["c_game_unit_armourer_update_produce_hook"] compiled stub at 0x00007FFA378D9820, size: 274 bytes (target: 0x00007FFAA786D6D3).
[Info   :  SHCDE-SE] [T1-16:09:49.941] [X64InlineHook] ["c_game_unit_armourer_update_dropoff_produce_hook"] compiled stub at 0x00007FFA378D9BB0, size: 274 bytes (target: 0x00007FFAA786DA1E).
[Info   :  SHCDE-SE] [T1-16:09:49.941] [X64InlineHook] ["c_game_unit_armourer_update_pickup_produce_hook"] compiled stub at 0x00007FFA378D9F40, size: 274 bytes (target: 0x00007FFAA786D72C).
[Info   :  SHCDE-SE] [T1-16:09:49.941] [X64InlineHook] ["c_game_unit_hunter_update_pickup_meat_hook"] compiled stub at 0x00007FFA378DA2D0, size: 273 bytes (target: 0x00007FFAA785FD7C).
[Info   :  SHCDE-SE] [T1-16:09:49.941] [X64InlineHook] ["c_game_unit_hunter_update_dropoff_meat_hook"] compiled stub at 0x00007FFA378DA660, size: 176 bytes (target: 0x00007FFAA7860B54).
[Info   :  SHCDE-SE] [T1-16:09:49.942] [X64InlineHook] ["c_game_unit_quarry_grunt_update_pickup_stone_hook"] compiled stub at 0x00007FFA378DA8A0, size: 183 bytes (target: 0x00007FFAA7861F28).
[Info   :  SHCDE-SE] [T1-16:09:49.942] [X64InlineHook] ["c_game_unit_quarry_grunt_update_dropoff_stone_hook"] compiled stub at 0x00007FFA378DAAF0, size: 275 bytes (target: 0x00007FFAA786250E).
[Info   :  SHCDE-SE] [T1-16:09:49.942] [X64InlineHook] ["c_game_unit_quarry_ox_update_depart_hook"] compiled stub at 0x00007FFA378DAE80, size: 270 bytes (target: 0x00007FFAA7862A4C).
[Info   :  SHCDE-SE] [T1-16:09:49.942] [X64InlineHook] ["c_game_unit_quarry_ox_update_dropoff_stone_hook"] compiled stub at 0x00007FFA378DB210, size: 269 bytes (target: 0x00007FFAA7862E57).
[Info   :  SHCDE-SE] [T1-16:09:49.942] [X64InlineHook] ["c_game_unit_miner2_update_pickup_iron_hook"] compiled stub at 0x00007FFA378DB590, size: 175 bytes (target: 0x00007FFAA787E028).
[Info   :  SHCDE-SE] [T1-16:09:49.942] [X64InlineHook] ["c_game_unit_miner2_update_dropoff_iron_hook"] compiled stub at 0x00007FFA378DB7D0, size: 274 bytes (target: 0x00007FFAA787DEB3).
[Info   :  SHCDE-SE] [T1-16:09:49.942] [X64InlineHook] ["c_game_unit_pitcher_update_pickup_rawpitch_hook"] compiled stub at 0x00007FFA378DBB60, size: 273 bytes (target: 0x00007FFAA78637A0).
[Info   :  SHCDE-SE] [T1-16:09:49.942] [X64InlineHook] ["c_game_unit_pitcher_update_dropoff_rawpitch_hook"] compiled stub at 0x00007FFA378DBEF0, size: 175 bytes (target: 0x00007FFAA78638EC).
[Info   :  SHCDE-SE] [T1-16:09:49.943] [X64InlineHook] ["c_game_unit_is_over_killingpit_update_hook"] compiled stub at 0x00007FFA378DC130, size: 91 bytes (target: 0x00007FFAA77F71C5).
[Info   :  SHCDE-SE] [T1-16:09:49.944] [X64InlineHook] ["c_game_unit_transition_hook1_c_game_player_buy_mercenary"] compiled stub at 0x00007FFA378DC300, size: 198 bytes (target: 0x00007FFAA78B1CE0).
[Info   :  SHCDE-SE] [T1-16:09:49.944] [X64InlineHook] ["c_game_unit_transition_hook2_c_game_player_buy_eu_mercenary"] compiled stub at 0x00007FFA378DC590, size: 186 bytes (target: 0x00007FFAA78C0EBB).
[Info   :  SHCDE-SE] [T1-16:09:49.944] [X64InlineHook] ["c_game_unit_transition_hook3_c_game_building_assign_worker"] compiled stub at 0x00007FFA378DC810, size: 187 bytes (target: 0x00007FFAA78C0C12).
[Info   :  SHCDE-SE] [T1-16:09:49.944] [X64InlineHook] ["c_game_unit_transition_hook4_c_game_unit_disband"] compiled stub at 0x00007FFA378DCA90, size: 188 bytes (target: 0x00007FFAA78B6E7A).
[Info   :  SHCDE-SE] [T1-16:09:49.944] [X64InlineHook] ["c_game_unit_hunter_query_for_target_hook"] compiled stub at 0x00007FFA378DCCF0, size: 86 bytes (target: 0x00007FFAA78BAFE6).
[Info   :  SHCDE-SE] [T1-16:09:49.944] [X64InlineHook] ["c_game_unit_control_capability_unknown"] compiled stub at 0x00007FFA378DCEB0, size: 190 bytes (target: 0x00007FFAA77BEA60).
[Info   :  SHCDE-SE] [T1-16:09:49.944] [X64InlineHook] ["c_game_unit_fsm_arabslave_attack_capability_wall"] compiled stub at 0x00007FFA378DD120, size: 178 bytes (target: 0x00007FFAA789A439).
[Info   :  SHCDE-SE] [T1-16:09:49.945] [X64InlineHook] ["c_game_unit_fsm_arabslave_attack_capability_wall2"] compiled stub at 0x00007FFA378DD360, size: 106 bytes (target: 0x00007FFAA789A490).
[Info   :  SHCDE-SE] [T1-16:09:49.945] [X64InlineHook] ["c_game_unit_fsm_arabslave_attack_capability_wall3"] compiled stub at 0x00007FFA378DD580, size: 103 bytes (target: 0x00007FFAA789A4AD).
[Info   :  SHCDE-SE] [T1-16:09:49.946] [Detour:c_game_build_wall_hook] ["c_game_build_wall_hook"] prepared at 0x00007FFAA779F230 using Indirect: 10 bytes displaced, trampoline 0x00007FFA378DD7C0.
[Info   :  SHCDE-SE] [T1-16:09:49.946] [Detour:c_game_buildingtile_take_melee_damage_hook] ["c_game_buildingtile_take_melee_damage_hook"] prepared at 0x00007FFAA77AEB00 using Indirect: 10 bytes displaced, trampoline 0x00007FFA378DD800.
[Info   :  SHCDE-SE] [T1-16:09:49.946] [Detour:c_game_building_spawn_hook] ["c_game_building_spawn_hook"] prepared at 0x00007FFAA77E47E0 using Indirect: 10 bytes displaced, trampoline 0x00007FFA378DD840.
[Info   :  SHCDE-SE] [T1-16:09:49.946] [Detour:c_game_is_player_building_within_range_to_same_type_hook] ["c_game_is_player_building_within_range_to_same_type_hook"] prepared at 0x00007FFAA77F72C0 using Indirect: 10 bytes displaced, trampoline 0x00007FFA378DD880.
[Info   :  SHCDE-SE] [T1-16:09:49.946] [Detour:c_game_player_build_structure_hook] ["c_game_player_build_structure_hook"] prepared at 0x00007FFAA779D580 using Indirect: 6 bytes displaced, trampoline 0x00007FFA378DD8C0.
[Info   :  SHCDE-SE] [T1-16:09:49.946] [Detour:c_game_building_bulldoze_hook] ["c_game_building_bulldoze_hook"] prepared at 0x00007FFAA77E8310 using Indirect: 10 bytes displaced, trampoline 0x00007FFA378DD900.
[Info   :  SHCDE-SE] [T1-16:09:49.947] [Detour:c_game_building_delete_hook] ["c_game_building_delete_hook"] prepared at 0x00007FFAA77F4290 using Indirect: 10 bytes displaced, trampoline 0x00007FFA378DD940.
[Info   :  SHCDE-SE] [T1-16:09:49.947] [Detour:c_game_add_good_to_goodsyard_hook] ["c_game_add_good_to_goodsyard_hook"] prepared at 0x00007FFAA77E6100 using Indirect: 10 bytes displaced, trampoline 0x00007FFA378DD980.
[Info   :  SHCDE-SE] [T1-16:09:49.947] [Detour:c_game_building_set_production_good_hook] ["c_game_building_set_production_good_hook"] prepared at 0x00007FFAA7805870 using Indirect: 6 bytes displaced, trampoline 0x00007FFA378DD9C0.
[Info   :  SHCDE-SE] [T1-16:09:49.947] [Detour:c_game_player_build_placement_validator_hook] ["c_game_player_build_placement_validator_hook"] prepared at 0x00007FFAA77A7E60 using Indirect: 6 bytes displaced, trampoline 0x00007FFA378DDA00.
[Info   :  SHCDE-SE] [T1-16:09:49.947] [Detour:c_game_bulldoze_wall_hook] ["c_game_bulldoze_wall_hook"] prepared at 0x00007FFAA7793700 using Indirect: 10 bytes displaced, trampoline 0x00007FFA378DDA40.
[Info   :  SHCDE-SE] [T1-16:09:49.947] [Detour:c_game_building_repair_hook] ["c_game_building_repair_hook"] prepared at 0x00007FFAA7805030 using Indirect: 10 bytes displaced, trampoline 0x00007FFA378DDA80.
[Info   :  SHCDE-SE] [T1-16:09:49.948] [Detour:c_game_building_refund_hook] ["c_game_building_refund_hook"] prepared at 0x00007FFAA77F4480 using Indirect: 9 bytes displaced, trampoline 0x00007FFA378DDAC0.
[Info   :  SHCDE-SE] [T1-16:09:49.948] [Detour:c_game_allow_repair_for_building_proximity_hook] ["c_game_allow_repair_for_building_proximity_hook"] prepared at 0x00007FFAA781E640 using Indirect: 10 bytes displaced, trampoline 0x00007FFA378DDB00.
[Info   :  SHCDE-SE] [T1-16:09:49.948] [Detour:c_game_player_build_pitch_ditch_hook] ["c_game_player_build_pitch_ditch_hook"] prepared at 0x00007FFAA7789380 using Indirect: 10 bytes displaced, trampoline 0x00007FFA378DDB40.
[Info   :  SHCDE-SE] [T1-16:09:49.948] [Detour:c_game_player_remove_pitch_ditch_hook] ["c_game_player_remove_pitch_ditch_hook"] prepared at 0x00007FFAA7792EB0 using Indirect: 6 bytes displaced, trampoline 0x00007FFA378DDB80.
[Info   :  SHCDE-SE] [T1-16:09:49.948] [Detour:c_game_get_buildable_range_for_skirmish] ["c_game_get_buildable_range_for_skirmish"] prepared at 0x00007FFAA779AF00 using Indirect: 6 bytes displaced, trampoline 0x00007FFA378DDBC0.
[Info   :  SHCDE-SE] [T1-16:09:49.949] [X64InlineHook] ["c_game_building_keep_spawn_peasant_hook"] compiled stub at 0x00007FFA378DDC00, size: 48 bytes (target: 0x00007FFAA7802E31).
[Info   :  SHCDE-SE] [T1-16:09:49.949] [X64InlineHook] ["c_game_building_granary_spawn_chicken_hook"] compiled stub at 0x00007FFA378DDCB0, size: 167 bytes (target: 0x00007FFAA7802B4C).
[Info   :  SHCDE-SE] [T1-16:09:49.951] [X64InlineHook] ["c_game_building_calculate_wall_cost_hook"] compiled stub at 0x00007FFA378DDF00, size: 166 bytes (target: 0x00007FFAA77F8D1C).
[Info   :  SHCDE-SE] [T1-16:09:49.951] [X64InlineHook] ["c_game_building_calculate_wall_cost_placement_hook"] compiled stub at 0x00007FFA378DE2A0, size: 205 bytes (target: 0x00007FFAA77C41AB).
[Info   :  SHCDE-SE] [T1-16:09:49.951] [X64InlineHook] ["c_game_building_take_fire_damage_hook"] compiled stub at 0x00007FFA378DE6E0, size: 99 bytes (target: 0x00007FFAA77F6599).
[Info   :  SHCDE-SE] [T1-16:09:49.951] [X64InlineHook] ["c_game_building_toggle_pause_hook"] compiled stub at 0x00007FFA378DE8E0, size: 166 bytes (target: 0x00007FFAA77F7F13).
[Info   :  SHCDE-SE] [T1-16:09:49.951] [X64InlineHook] ["c_game_building_refund_intercept_hook"] compiled stub at 0x00007FFA378DEB00, size: 201 bytes (target: 0x00007FFAA77F487A).
[Info   :  SHCDE-SE] [T1-16:09:49.953] [X64InlineHook] ["c_game_building_set_repair_costs_stone_hook"] compiled stub at 0x00007FFA378DEDA0, size: 100 bytes (target: 0x00007FFAA77E7031).
[Info   :  SHCDE-SE] [T1-16:09:49.953] [X64InlineHook] ["c_game_building_set_repair_costs_wood_hook"] compiled stub at 0x00007FFA378DEFE0, size: 98 bytes (target: 0x00007FFAA77E6FFD).
[Info   :  SHCDE-SE] [T1-16:09:49.953] [X64InlineHook] ["c_game_building_gatehouse_query_hook"] compiled stub at 0x00007FFA378DF1F0, size: 81 bytes (target: 0x00007FFAA77E7B4B).
[Info   :  SHCDE-SE] [T1-16:09:49.953] [Detour:c_game_spawn_vegetation] ["c_game_spawn_vegetation"] prepared at 0x00007FFAA7837390 using Indirect: 6 bytes displaced, trampoline 0x00007FFA378DF3E0.
[Info   :  SHCDE-SE] [T1-16:09:49.953] [Detour:c_game_vegetation_delete] ["c_game_vegetation_delete"] prepared at 0x00007FFAA7837970 using Indirect: 6 bytes displaced, trampoline 0x00007FFA378DF420.
[Info   :  SHCDE-SE] [T1-16:09:49.953] [Detour:c_game_vegetation_tree_take_damage] ["c_game_vegetation_tree_take_damage"] prepared at 0x00007FFAA7837C90 using Indirect: 7 bytes displaced, trampoline 0x00007FFA378DF460.
[Info   :  SHCDE-SE] [T1-16:09:49.954] [Detour:c_game_vegetation_subtract_resource] ["c_game_vegetation_subtract_resource"] prepared at 0x00007FFAA7838E40 using Indirect: 10 bytes displaced, trampoline 0x00007FFA378DF4A0.
[Info   :  SHCDE-SE] [T1-16:09:49.954] [Detour:c_game_vegetation_tick_handler] ["c_game_vegetation_tick_handler"] prepared at 0x00007FFAA7838800 using Indirect: 6 bytes displaced, trampoline 0x00007FFA378DF4E0.
[Info   :  SHCDE-SE] [T1-16:09:49.954] [Detour:c_game_vegetation_growth_handler] ["c_game_vegetation_growth_handler"] prepared at 0x00007FFAA7838320 using Indirect: 6 bytes displaced, trampoline 0x00007FFA378DF520.
[Info   :  SHCDE-SE] [T1-16:09:49.954] [X64InlineHook] ["c_game_vegetation_growth_hook"] compiled stub at 0x00007FFA378DF560, size: 176 bytes (target: 0x00007FFAA7838518).
[Info   :  SHCDE-SE] [T1-16:09:49.954] [X64InlineHook] ["c_game_vegetation_tree_fell_hook"] compiled stub at 0x00007FFA378DF7B0, size: 165 bytes (target: 0x00007FFAA7837CC9).
[Info   :  SHCDE-SE] [T1-16:09:49.954] [Detour:c_game_dll_loadmaptoplay_hook] ["c_game_dll_loadmaptoplay_hook"] prepared at 0x00007FFAA77B4AC0 using Indirect: 7 bytes displaced, trampoline 0x00007FFA378DF9D0.
[Info   :  SHCDE-SE] [T1-16:09:49.955] [Detour:c_game_unload_map_hook] ["c_game_unload_map_hook"] prepared at 0x00007FFAA778BC70 using Indirect: 10 bytes displaced, trampoline 0x00007FFA378DFA10.
[Info   :  SHCDE-SE] [T1-16:09:49.955] [Detour:c_game_start_skirmish_game_handler] ["c_game_start_skirmish_game_handler"] prepared at 0x00007FFAA77C4350 using Indirect: 7 bytes displaced, trampoline 0x00007FFA378DFA50.
[Info   :  SHCDE-SE] [T1-16:09:49.955] [Detour:c_game_start_non_skirmish_game_handler] ["c_game_start_non_skirmish_game_handler"] prepared at 0x00007FFAA77BAE80 using Indirect: 6 bytes displaced, trampoline 0x00007FFA378DFA90.
[Info   :  SHCDE-SE] [T1-16:09:49.956] [Detour:c_game_start_campaign_game_handler] ["c_game_start_campaign_game_handler"] prepared at 0x00007FFAA77B7C40 using Indirect: 10 bytes displaced, trampoline 0x00007FFA378DFAD0.
[Info   :  SHCDE-SE] [T1-16:09:49.956] [Detour:c_game_dll_loadsavegame_hook] ["c_game_dll_loadsavegame_hook"] prepared at 0x00007FFAA77B53F0 using Indirect: 7 bytes displaced, trampoline 0x00007FFA378DFB10.
[Info   :  SHCDE-SE] [T1-16:09:49.956] [Detour:c_game_dll_savesavegame_hook] ["c_game_dll_savesavegame_hook"] prepared at 0x00007FFAA77B6F80 using Indirect: 6 bytes displaced, trampoline 0x00007FFA378DFB50.
[Info   :  SHCDE-SE] [T1-16:09:49.956] [X64InlineHook] ["c_game_save_game_file"] compiled stub at 0x00007FFA378DFB90, size: 177 bytes (target: 0x00007FFAA7735A4C).
[Info   :  SHCDE-SE] [T1-16:09:49.956] [Detour:c_game_projectile_spawn_hook] ["c_game_projectile_spawn_hook"] prepared at 0x00007FFAA77CB2B0 using Indirect: 10 bytes displaced, trampoline 0x00007FFA378DFDF0.
[Info   :  SHCDE-SE] [T1-16:09:49.956] [Detour:c_game_projectile_delete_hook] ["c_game_projectile_delete_hook"] prepared at 0x00007FFAA77CF2D0 using Indirect: 6 bytes displaced, trampoline 0x00007FFA378DFE30.
[Info   :  SHCDE-SE] [T1-16:09:49.956] [Detour:c_game_spawn_fire_internal_hook] ["c_game_spawn_fire_internal_hook"] prepared at 0x00007FFAA77CC120 using Indirect: 6 bytes displaced, trampoline 0x00007FFA378DFE70.
[Info   :  SHCDE-SE] [T1-16:09:49.956] [Detour:c_game_player_subtract_resources_hook] ["c_game_player_subtract_resources_hook"] prepared at 0x00007FFAA77E7D80 using Indirect: 9 bytes displaced, trampoline 0x00007FFA378DFEB0.
[Info   :  SHCDE-SE] [T1-16:09:49.956] [Detour:c_game_player_add_resources_hook] ["c_game_player_add_resources_hook"] prepared at 0x00007FFAA77E58B0 using Indirect: 9 bytes displaced, trampoline 0x00007FFA378DFEF0.
[Info   :  SHCDE-SE] [T1-16:09:49.957] [Detour:c_game_player_market_buy_hook] ["c_game_player_market_buy_hook"] prepared at 0x00007FFAA7805A00 using Indirect: 10 bytes displaced, trampoline 0x00007FFA378DFF30.
[Info   :  SHCDE-SE] [T1-16:09:49.957] [Detour:c_game_player_calculate_drunk_percentage_hook] ["c_game_player_calculate_drunk_percentage_hook"] prepared at 0x00007FFAA77FEA90 using Indirect: 10 bytes displaced, trampoline 0x00007FFA378DFF70.
[Info   :  SHCDE-SE] [T1-16:09:49.957] [Detour:c_game_ai_request_eval_defend_order_hook] ["c_game_ai_request_eval_defend_order_hook"] prepared at 0x00007FFAA775A500 using Indirect: 7 bytes displaced, trampoline 0x00007FFA378DFFB0.
[Info   :  SHCDE-SE] [T1-16:09:49.957] [Detour:c_game_ai_request_eval_attack_order_hook] ["c_game_ai_request_eval_attack_order_hook"] prepared at 0x00007FFAA7771500 using Indirect: 7 bytes displaced, trampoline 0x00007FFA378602A0.
[Info   :  SHCDE-SE] [T1-16:09:49.957] [Detour:c_game_ai_can_spare_resource_amount_hook] ["c_game_ai_can_spare_resource_amount_hook"] prepared at 0x00007FFAA7760290 using Indirect: 10 bytes displaced, trampoline 0x00007FFA378602D0.
[Info   :  SHCDE-SE] [T1-16:09:49.957] [Detour:c_game_player_ai_request_good_hook] ["c_game_player_ai_request_good_hook"] prepared at 0x00007FFAA78078C0 using Indirect: 10 bytes displaced, trampoline 0x00007FFA37860310.
[Info   :  SHCDE-SE] [T1-16:09:49.958] [Detour:c_game_player_ai_send_good_hook] ["c_game_player_ai_send_good_hook"] prepared at 0x00007FFAA7807AD0 using Indirect: 9 bytes displaced, trampoline 0x00007FFA37860350.
[Info   :  SHCDE-SE] [T1-16:09:49.958] [Detour:c_game_calculate_tax_income_hook] ["c_game_calculate_tax_income_hook"] prepared at 0x00007FFAA77FBCD0 using Indirect: 8 bytes displaced, trampoline 0x00007FFA37860390.
[Info   :  SHCDE-SE] [T1-16:09:49.958] [Detour:c_game_calculate_donation_expense_hook] ["c_game_calculate_donation_expense_hook"] prepared at 0x00007FFAA77FB9A0 using Indirect: 10 bytes displaced, trampoline 0x00007FFA378603D0.
[Info   :  SHCDE-SE] [T1-16:09:49.958] [X64InlineHook] ["c_game_player_food_consumption_update_baseconsumptionrate"] compiled stub at 0x00007FFA37860410, size: 167 bytes (target: 0x00007FFAA77FEC8E).
[Info   :  SHCDE-SE] [T1-16:09:49.958] [X64InlineHook] ["c_game_add_tax_money_addgold"] compiled stub at 0x00007FFA37860640, size: 176 bytes (target: 0x00007FFAA77FCC82).
[Info   :  SHCDE-SE] [T1-16:09:49.958] [X64InlineHook] ["c_game_add_tax_money_removegold"] compiled stub at 0x00007FFA37860890, size: 179 bytes (target: 0x00007FFAA77FCC91).
[Info   :  SHCDE-SE] [T1-16:09:49.958] [X64InlineHook] ["c_game_update_player_popularity"] compiled stub at 0x00007FFA37860AE0, size: 171 bytes (target: 0x00007FFAA77FB16E).
[Info   :  SHCDE-SE] [T1-16:09:49.960] [Detour:c_game_soundmanager_play_speech_sound_hook] ["c_game_soundmanager_play_speech_sound_hook"] prepared at 0x00007FFAA77339A0 using Indirect: 6 bytes displaced, trampoline 0x00007FFA37860D20.
[Info   :  SHCDE-SE] [T1-16:09:49.960] [Detour:c_game_update_datetime_hook] ["c_game_update_datetime_hook"] prepared at 0x00007FFAA77FE330 using Indirect: 6 bytes displaced, trampoline 0x00007FFA37860D60.
[Info   :  SHCDE-SE] [T1-16:09:49.960] [X64InlineHook] ["c_game_handle_time_stuff"] compiled stub at 0x00007FFA37860DA0, size: 169 bytes (target: 0x00007FFAA7801D4F).
[Info   :  SHCDE-SE] [T1-16:09:49.960] [Detour:c_game_editor_brush_set_tiletype_hook] ["c_game_editor_brush_set_tiletype_hook"] prepared at 0x00007FFAA779FE90 using Indirect: 10 bytes displaced, trampoline 0x00007FFA37860FD0.
[Info   :  SHCDE-SE] [T1-16:09:49.960] [Detour:c_game_editor_brush_set_tiletype_to_none_hook] ["c_game_editor_brush_set_tiletype_to_none_hook"] prepared at 0x00007FFAA77AAE50 using Indirect: 7 bytes displaced, trampoline 0x00007FFA37861010.
[Info   :  SHCDE-SE] [T1-16:09:49.960] [Detour:c_game_editor_brush_set_height_to_preset_hook] ["c_game_editor_brush_set_height_to_preset_hook"] prepared at 0x00007FFAA779FA10 using Indirect: 7 bytes displaced, trampoline 0x00007FFA37861050.
[Info   :  SHCDE-SE] [T1-16:09:49.961] [Detour:c_game_editor_brush_set_height_to_number_hook] ["c_game_editor_brush_set_height_to_number_hook"] prepared at 0x00007FFAA77A0DF0 using Indirect: 7 bytes displaced, trampoline 0x00007FFA37861090.
[Info   :  SHCDE-SE] [T1-16:09:49.961] [Detour:c_game_editor_brush_even_height_hook] ["c_game_editor_brush_even_height_hook"] prepared at 0x00007FFAA7794700 using Indirect: 7 bytes displaced, trampoline 0x00007FFA378610D0.
[Info   :  SHCDE-SE] [T1-16:09:49.961] [Detour:c_game_editor_brush_raise_tileheight_hook] ["c_game_editor_brush_raise_tileheight_hook"] prepared at 0x00007FFAA779C0F0 using Indirect: 7 bytes displaced, trampoline 0x00007FFA37861110.
[Info   :  SHCDE-SE] [T1-16:09:49.961] [Detour:c_game_editor_spawn_unit_hook] ["c_game_editor_spawn_unit_hook"] prepared at 0x00007FFAA7848CA0 using Indirect: 10 bytes displaced, trampoline 0x00007FFA37861150.
[Info   :  SHCDE-SE] [T1-16:09:49.961] [Detour:c_game_editor_place_vegetation_hook] ["c_game_editor_place_vegetation_hook"] prepared at 0x00007FFAA779E2C0 using Indirect: 7 bytes displaced, trampoline 0x00007FFA37861190.
[Info   :  SHCDE-SE] [T1-16:09:49.961] [Detour:c_game_editor_place_animal_hook] ["c_game_editor_place_animal_hook"] prepared at 0x00007FFAA784E150 using Indirect: 10 bytes displaced, trampoline 0x00007FFA378611D0.
[Info   :  SHCDE-SE] [T1-16:09:49.961] [Detour:c_game_editor_brush_delete_hook] ["c_game_editor_brush_delete_hook"] prepared at 0x00007FFAA7792AB0 using Indirect: 7 bytes displaced, trampoline 0x00007FFA37861210.
[Info   :  SHCDE-SE] [T1-16:09:49.962] [Detour:c_game_ai_enqueue_message_hook] ["c_game_ai_enqueue_message_hook"] prepared at 0x00007FFAA7833290 using Indirect: 9 bytes displaced, trampoline 0x00007FFA37861250.
[Info   :  SHCDE-SE] [T1-16:09:49.962] [Detour:c_game_ai_enqueue_message_wrapper_hook] ["c_game_ai_enqueue_message_wrapper_hook"] prepared at 0x00007FFAA7833AA0 using Indirect: 7 bytes displaced, trampoline 0x00007FFA37861290.
[Info   :  SHCDE-SE] [T1-16:09:49.962] [Detour:c_game_dll_importaiv_hook] ["c_game_dll_importaiv_hook"] prepared at 0x00007FFAA77B4850 using Indirect: 10 bytes displaced, trampoline 0x00007FFA378612D0.
[Info   :  SHCDE-SE] [T1-16:09:49.962] [Detour:c_game_ai_build_wall_hook] ["c_game_ai_build_wall_hook"] prepared at 0x00007FFAA779CB20 using Indirect: 10 bytes displaced, trampoline 0x00007FFA37861310.
[Info   :  SHCDE-SE] [T1-16:09:49.962] [X64InlineHook] ["c_game_ai_setup_siege_pathing_stuff_hook"] compiled stub at 0x00007FFA37861350, size: 166 bytes (target: 0x00007FFAA775D345).
[Info   :  SHCDE-SE] [T1-16:09:49.962] [Detour:c_game_ai_should_not_build_hovel_hook_impl] ["c_game_ai_should_not_build_hovel_hook_impl"] prepared at 0x00007FFAA77714A0 using Indirect: 6 bytes displaced, trampoline 0x00007FFA37861580.
[Info   :  SHCDE-SE] [T1-16:09:49.963] [Detour:c_game_unit_validate_next_tile_surface_for_type_hook] ["c_game_unit_validate_next_tile_surface_for_type_hook"] prepared at 0x00007FFAA780CD60 using Indirect: 10 bytes displaced, trampoline 0x00007FFA378615C0.
[Info   :  SHCDE-SE] [T1-16:09:49.963] [Detour:c_game_unit_selection_contains_only_assassins_hook] ["c_game_unit_selection_contains_only_assassins_hook"] prepared at 0x00007FFAA78C6870 using Indirect: 7 bytes displaced, trampoline 0x00007FFA378E0000.
[Info   :  SHCDE-SE] [T1-16:09:49.964] [X64InlineHook] ["c_game_veh_handler_for_access_violations"] compiled stub at 0x00007FFA378E0040, size: 17 bytes (target: 0x00007FFAA78D49F0).
[Info   :  SHCDE-SE] [T1-16:09:49.966] [X64InlineHook] ["c_game_tribe_get_next_waypoint"] hook enabled at 0x00007FFAA784ACE6, stub 0x00007FFA37860040.
[Info   :  SHCDE-SE] [T1-16:09:49.966] [X64InlineHook] ["c_game_unit_killed_by_projectile_hook"] hook enabled at 0x00007FFAA78C3363, stub 0x00007FFA378D0200.
[Info   :  SHCDE-SE] [T1-16:09:49.966] [X64InlineHook] ["c_game_unit_killed_by_melee_hook"] hook enabled at 0x00007FFAA78C9444, stub 0x00007FFA378D0580.
[Info   :  SHCDE-SE] [T1-16:09:49.966] [X64InlineHook] ["c_game_unit_damaged_by_projectile_hook"] hook enabled at 0x00007FFAA78C307E, stub 0x00007FFA378D0900.
[Info   :  SHCDE-SE] [T1-16:09:49.966] [X64InlineHook] ["c_game_player_buy_mercenary_hook"] hook enabled at 0x00007FFAA78B1B6E, stub 0x00007FFA378D0B50.
[Info   :  SHCDE-SE] [T1-16:09:49.966] [X64InlineHook] ["c_game_unit_take_fire_damage"] hook enabled at 0x00007FFAA78C24B0, stub 0x00007FFA378D0D90.
[Info   :  SHCDE-SE] [T1-16:09:49.966] [X64InlineHook] ["c_game_unit_bedouin_healer_heal_hook"] hook enabled at 0x00007FFAA78A491A, stub 0x00007FFA378D1140.
[Info   :  SHCDE-SE] [T1-16:09:49.966] [X64InlineHook] ["c_game_unit_woodcutter_update_pickup_planks_hook"] hook enabled at 0x00007FFAA785C8D6, stub 0x00007FFA378D1360.
[Info   :  SHCDE-SE] [T1-16:09:49.966] [X64InlineHook] ["c_game_unit_woodcutter_update_dropoff_planks_hook"] hook enabled at 0x00007FFAA785CA3B, stub 0x00007FFA378D16E0.
[Info   :  SHCDE-SE] [T1-16:09:49.966] [X64InlineHook] ["c_game_unit_farmer_cattle_update_pickup_cheese_hook"] hook enabled at 0x00007FFAA7867255, stub 0x00007FFA378D1A60.
[Info   :  SHCDE-SE] [T1-16:09:49.966] [X64InlineHook] ["c_game_unit_farmer_cattle_update_dropoff_cheese_hook"] hook enabled at 0x00007FFAA78673D6, stub 0x00007FFA378D1DE0.
[Info   :  SHCDE-SE] [T1-16:09:49.966] [X64InlineHook] ["c_game_unit_farmer_apple_update_pickup_apple_hook"] hook enabled at 0x00007FFAA786640E, stub 0x00007FFA378D2160.
[Info   :  SHCDE-SE] [T1-16:09:49.966] [X64InlineHook] ["c_game_unit_farmer_apple_update_dropoff_apple_hook"] hook enabled at 0x00007FFAA7866901, stub 0x00007FFA378D24F0.
[Info   :  SHCDE-SE] [T1-16:09:49.966] [X64InlineHook] ["c_game_unit_farmer_hemp_update_pickup_hemp_hook"] hook enabled at 0x00007FFAA7865846, stub 0x00007FFA378D2870.
[Info   :  SHCDE-SE] [T1-16:09:49.966] [X64InlineHook] ["c_game_unit_farmer_hemp_update_dropoff_hemp_hook"] hook enabled at 0x00007FFAA78659AF, stub 0x00007FFA378D2C00.
[Info   :  SHCDE-SE] [T1-16:09:49.966] [X64InlineHook] ["c_game_unit_baker_update_pickup_flour_hook"] hook enabled at 0x00007FFAA7868DD1, stub 0x00007FFA378D2F80.
[Info   :  SHCDE-SE] [T1-16:09:49.966] [X64InlineHook] ["c_game_unit_baker_update_pickup_bread_hook"] hook enabled at 0x00007FFAA78690C0, stub 0x00007FFA378D3310.
[Info   :  SHCDE-SE] [T1-16:09:49.966] [X64InlineHook] ["c_game_unit_baker_update_dropoff_bread_hook"] hook enabled at 0x00007FFAA78693D3, stub 0x00007FFA378D3560.
[Info   :  SHCDE-SE] [T1-16:09:49.966] [X64InlineHook] ["c_game_unit_farmer_wheat_update_pickup_wheat_hook"] hook enabled at 0x00007FFAA78648B5, stub 0x00007FFA378D38E0.
[Info   :  SHCDE-SE] [T1-16:09:49.966] [X64InlineHook] ["c_game_unit_farmer_wheat_update_dropoff_wheat_hook"] hook enabled at 0x00007FFAA7864A4C, stub 0x00007FFA378D3C70.
[Info   :  SHCDE-SE] [T1-16:09:49.966] [X64InlineHook] ["c_game_unit_miller_update_pickup_wheat_hook"] hook enabled at 0x00007FFAA7867CF6, stub 0x00007FFA378D3FF0.
[Info   :  SHCDE-SE] [T1-16:09:49.966] [X64InlineHook] ["c_game_unit_miller_update_dropoff_flour_hook"] hook enabled at 0x00007FFAA786824F, stub 0x00007FFA378D4370.
[Info   :  SHCDE-SE] [T1-16:09:49.966] [X64InlineHook] ["c_game_unit_miller_update_pickup_flour_hook"] hook enabled at 0x00007FFAA7868134, stub 0x00007FFA378D4700.
[Info   :  SHCDE-SE] [T1-16:09:49.966] [X64InlineHook] ["c_game_unit_brewer_update_pickup_hemp_hook"] hook enabled at 0x00007FFAA7869D0D, stub 0x00007FFA378D4A80.
[Info   :  SHCDE-SE] [T1-16:09:49.966] [X64InlineHook] ["c_game_unit_brewer_update_dropoff_hemp_hook"] hook enabled at 0x00007FFAA7869F61, stub 0x00007FFA378D4E10.
[Info   :  SHCDE-SE] [T1-16:09:49.966] [X64InlineHook] ["c_game_unit_brewer_update_pickup_ale_hook"] hook enabled at 0x00007FFAA786A286, stub 0x00007FFA378D5190.
[Info   :  SHCDE-SE] [T1-16:09:49.966] [X64InlineHook] ["c_game_unit_brewer_update_dropoff_ale_hook"] hook enabled at 0x00007FFAA786A52B, stub 0x00007FFA378D53F0.
[Info   :  SHCDE-SE] [T1-16:09:49.966] [X64InlineHook] ["c_game_unit_brewer_update_produced_ale_hook"] hook enabled at 0x00007FFAA786A115, stub 0x00007FFA378D5630.
[Info   :  SHCDE-SE] [T1-16:09:49.966] [X64InlineHook] ["c_game_unit_innkeeper_update_pickup_ale_hook"] hook enabled at 0x00007FFAA7880931, stub 0x00007FFA378D59C0.
[Info   :  SHCDE-SE] [T1-16:09:49.966] [X64InlineHook] ["c_game_unit_innkeeper_update_dropoff_ale_hook"] hook enabled at 0x00007FFAA7880B90, stub 0x00007FFA378D5D50.
[Info   :  SHCDE-SE] [T1-16:09:49.966] [X64InlineHook] ["c_game_unit_fletcher_update_pickup_wood_hook"] hook enabled at 0x00007FFAA785D4E6, stub 0x00007FFA378D60D0.
[Info   :  SHCDE-SE] [T1-16:09:49.966] [X64InlineHook] ["c_game_unit_fletcher_update_dropoff_wood_hook"] hook enabled at 0x00007FFAA785D70B, stub 0x00007FFA378D6460.
[Info   :  SHCDE-SE] [T1-16:09:49.966] [X64InlineHook] ["c_game_unit_fletcher_update_dropoff_produce_hook"] hook enabled at 0x00007FFAA785DD2D, stub 0x00007FFA378D67E0.
[Info   :  SHCDE-SE] [T1-16:09:49.966] [X64InlineHook] ["c_game_unit_poleturner_update_pickup_wood_hook"] hook enabled at 0x00007FFAA786AE95, stub 0x00007FFA378D6B60.
[Info   :  SHCDE-SE] [T1-16:09:49.966] [X64InlineHook] ["c_game_unit_poleturner_update_dropoff_wood_hook"] hook enabled at 0x00007FFAA786B0CB, stub 0x00007FFA378D6EF0.
[Info   :  SHCDE-SE] [T1-16:09:49.966] [X64InlineHook] ["c_game_unit_poleturner_update_dropoff_produce_hook"] hook enabled at 0x00007FFAA786B6C4, stub 0x00007FFA378D7270.
[Info   :  SHCDE-SE] [T1-16:09:49.966] [X64InlineHook] ["c_game_unit_blacksmith_update_pickup_iron_hook"] hook enabled at 0x00007FFAA786C07D, stub 0x00007FFA378D7600.
[Info   :  SHCDE-SE] [T1-16:09:49.966] [X64InlineHook] ["c_game_unit_blacksmith_update_dropoff_iron_hook"] hook enabled at 0x00007FFAA786C2EF, stub 0x00007FFA378D7990.
[Info   :  SHCDE-SE] [T1-16:09:49.966] [X64InlineHook] ["c_game_unit_blacksmith_update_produce_hook"] hook enabled at 0x00007FFAA786C52B, stub 0x00007FFA378D7D10.
[Info   :  SHCDE-SE] [T1-16:09:49.967] [X64InlineHook] ["c_game_unit_blacksmith_update_dropoff_produce_hook"] hook enabled at 0x00007FFAA786C854, stub 0x00007FFA378D80A0.
[Info   :  SHCDE-SE] [T1-16:09:49.967] [X64InlineHook] ["c_game_unit_tanner_update_store_cowhides_hook"] hook enabled at 0x00007FFAA786EA53, stub 0x00007FFA378D8430.
[Info   :  SHCDE-SE] [T1-16:09:49.967] [X64InlineHook] ["c_game_unit_tanner_update_produce_hook"] hook enabled at 0x00007FFAA786ECEE, stub 0x00007FFA378D87B0.
[Info   :  SHCDE-SE] [T1-16:09:49.967] [X64InlineHook] ["c_game_unit_tanner_update_dropoff_cowhides_hook"] hook enabled at 0x00007FFAA786EF88, stub 0x00007FFA378D8B40.
[Info   :  SHCDE-SE] [T1-16:09:49.967] [X64InlineHook] ["c_game_unit_armourer_update_pickup_iron_hook"] hook enabled at 0x00007FFAA786D1D5, stub 0x00007FFA378D8D80.
[Info   :  SHCDE-SE] [T1-16:09:49.967] [X64InlineHook] ["c_game_unit_armourer_update_dropoff_iron_hook"] hook enabled at 0x00007FFAA786D457, stub 0x00007FFA378D9110.
[Info   :  SHCDE-SE] [T1-16:09:49.970] [X64InlineHook] ["c_game_unit_armourer_update_store_produce_hook"] hook enabled at 0x00007FFAA786D619, stub 0x00007FFA378D9490.
[Info   :  SHCDE-SE] [T1-16:09:49.970] [X64InlineHook] ["c_game_unit_armourer_update_produce_hook"] hook enabled at 0x00007FFAA786D6D3, stub 0x00007FFA378D9820.
[Info   :  SHCDE-SE] [T1-16:09:49.970] [X64InlineHook] ["c_game_unit_armourer_update_dropoff_produce_hook"] hook enabled at 0x00007FFAA786DA1E, stub 0x00007FFA378D9BB0.
[Info   :  SHCDE-SE] [T1-16:09:49.970] [X64InlineHook] ["c_game_unit_armourer_update_pickup_produce_hook"] hook enabled at 0x00007FFAA786D72C, stub 0x00007FFA378D9F40.
[Info   :  SHCDE-SE] [T1-16:09:49.970] [X64InlineHook] ["c_game_unit_hunter_update_pickup_meat_hook"] hook enabled at 0x00007FFAA785FD7C, stub 0x00007FFA378DA2D0.
[Info   :  SHCDE-SE] [T1-16:09:49.970] [X64InlineHook] ["c_game_unit_hunter_update_dropoff_meat_hook"] hook enabled at 0x00007FFAA7860B54, stub 0x00007FFA378DA660.
[Info   :  SHCDE-SE] [T1-16:09:49.970] [X64InlineHook] ["c_game_unit_quarry_grunt_update_pickup_stone_hook"] hook enabled at 0x00007FFAA7861F28, stub 0x00007FFA378DA8A0.
[Info   :  SHCDE-SE] [T1-16:09:49.970] [X64InlineHook] ["c_game_unit_quarry_grunt_update_dropoff_stone_hook"] hook enabled at 0x00007FFAA786250E, stub 0x00007FFA378DAAF0.
[Info   :  SHCDE-SE] [T1-16:09:49.970] [X64InlineHook] ["c_game_unit_quarry_ox_update_depart_hook"] hook enabled at 0x00007FFAA7862A4C, stub 0x00007FFA378DAE80.
[Info   :  SHCDE-SE] [T1-16:09:49.970] [X64InlineHook] ["c_game_unit_quarry_ox_update_dropoff_stone_hook"] hook enabled at 0x00007FFAA7862E57, stub 0x00007FFA378DB210.
[Info   :  SHCDE-SE] [T1-16:09:49.970] [X64InlineHook] ["c_game_unit_miner2_update_pickup_iron_hook"] hook enabled at 0x00007FFAA787E028, stub 0x00007FFA378DB590.
[Info   :  SHCDE-SE] [T1-16:09:49.970] [X64InlineHook] ["c_game_unit_miner2_update_dropoff_iron_hook"] hook enabled at 0x00007FFAA787DEB3, stub 0x00007FFA378DB7D0.
[Info   :  SHCDE-SE] [T1-16:09:49.970] [X64InlineHook] ["c_game_unit_pitcher_update_pickup_rawpitch_hook"] hook enabled at 0x00007FFAA78637A0, stub 0x00007FFA378DBB60.
[Info   :  SHCDE-SE] [T1-16:09:49.970] [X64InlineHook] ["c_game_unit_pitcher_update_dropoff_rawpitch_hook"] hook enabled at 0x00007FFAA78638EC, stub 0x00007FFA378DBEF0.
[Info   :  SHCDE-SE] [T1-16:09:49.970] [X64InlineHook] ["c_game_unit_is_over_killingpit_update_hook"] hook enabled at 0x00007FFAA77F71C5, stub 0x00007FFA378DC130.
[Info   :  SHCDE-SE] [T1-16:09:49.970] [X64InlineHook] ["c_game_unit_transition_hook1_c_game_player_buy_mercenary"] hook enabled at 0x00007FFAA78B1CE0, stub 0x00007FFA378DC300.
[Info   :  SHCDE-SE] [T1-16:09:49.970] [X64InlineHook] ["c_game_unit_transition_hook2_c_game_player_buy_eu_mercenary"] hook enabled at 0x00007FFAA78C0EBB, stub 0x00007FFA378DC590.
[Info   :  SHCDE-SE] [T1-16:09:49.970] [X64InlineHook] ["c_game_unit_transition_hook3_c_game_building_assign_worker"] hook enabled at 0x00007FFAA78C0C12, stub 0x00007FFA378DC810.
[Info   :  SHCDE-SE] [T1-16:09:49.970] [X64InlineHook] ["c_game_unit_transition_hook4_c_game_unit_disband"] hook enabled at 0x00007FFAA78B6E7A, stub 0x00007FFA378DCA90.
[Info   :  SHCDE-SE] [T1-16:09:49.970] [X64InlineHook] ["c_game_unit_hunter_query_for_target_hook"] hook enabled at 0x00007FFAA78BAFE6, stub 0x00007FFA378DCCF0.
[Info   :  SHCDE-SE] [T1-16:09:49.970] [X64InlineHook] ["c_game_unit_control_capability_unknown"] hook enabled at 0x00007FFAA77BEA60, stub 0x00007FFA378DCEB0.
[Info   :  SHCDE-SE] [T1-16:09:49.970] [X64InlineHook] ["c_game_unit_fsm_arabslave_attack_capability_wall"] hook enabled at 0x00007FFAA789A439, stub 0x00007FFA378DD120.
[Info   :  SHCDE-SE] [T1-16:09:49.970] [X64InlineHook] ["c_game_unit_fsm_arabslave_attack_capability_wall2"] hook enabled at 0x00007FFAA789A490, stub 0x00007FFA378DD360.
[Info   :  SHCDE-SE] [T1-16:09:49.970] [X64InlineHook] ["c_game_unit_fsm_arabslave_attack_capability_wall3"] hook enabled at 0x00007FFAA789A4AD, stub 0x00007FFA378DD580.
[Info   :  SHCDE-SE] [T1-16:09:49.970] [X64InlineHook] ["c_game_building_keep_spawn_peasant_hook"] hook enabled at 0x00007FFAA7802E31, stub 0x00007FFA378DDC00.
[Info   :  SHCDE-SE] [T1-16:09:49.970] [X64InlineHook] ["c_game_building_granary_spawn_chicken_hook"] hook enabled at 0x00007FFAA7802B4C, stub 0x00007FFA378DDCB0.
[Info   :  SHCDE-SE] [T1-16:09:49.970] [X64InlineHook] ["c_game_building_calculate_wall_cost_hook"] hook enabled at 0x00007FFAA77F8D1C, stub 0x00007FFA378DDF00.
[Info   :  SHCDE-SE] [T1-16:09:49.970] [X64InlineHook] ["c_game_building_calculate_wall_cost_placement_hook"] hook enabled at 0x00007FFAA77C41AB, stub 0x00007FFA378DE2A0.
[Info   :  SHCDE-SE] [T1-16:09:49.970] [X64InlineHook] ["c_game_building_take_fire_damage_hook"] hook enabled at 0x00007FFAA77F6599, stub 0x00007FFA378DE6E0.
[Info   :  SHCDE-SE] [T1-16:09:49.970] [X64InlineHook] ["c_game_building_toggle_pause_hook"] hook enabled at 0x00007FFAA77F7F13, stub 0x00007FFA378DE8E0.
[Info   :  SHCDE-SE] [T1-16:09:49.970] [X64InlineHook] ["c_game_building_refund_intercept_hook"] hook enabled at 0x00007FFAA77F487A, stub 0x00007FFA378DEB00.
[Info   :  SHCDE-SE] [T1-16:09:49.970] [X64InlineHook] ["c_game_building_set_repair_costs_stone_hook"] hook enabled at 0x00007FFAA77E7031, stub 0x00007FFA378DEDA0.
[Info   :  SHCDE-SE] [T1-16:09:49.970] [X64InlineHook] ["c_game_building_set_repair_costs_wood_hook"] hook enabled at 0x00007FFAA77E6FFD, stub 0x00007FFA378DEFE0.
[Info   :  SHCDE-SE] [T1-16:09:49.970] [X64InlineHook] ["c_game_building_gatehouse_query_hook"] hook enabled at 0x00007FFAA77E7B4B, stub 0x00007FFA378DF1F0.
[Info   :  SHCDE-SE] [T1-16:09:49.970] [X64InlineHook] ["c_game_vegetation_growth_hook"] hook enabled at 0x00007FFAA7838518, stub 0x00007FFA378DF560.
[Info   :  SHCDE-SE] [T1-16:09:49.970] [X64InlineHook] ["c_game_vegetation_tree_fell_hook"] hook enabled at 0x00007FFAA7837CC9, stub 0x00007FFA378DF7B0.
[Info   :  SHCDE-SE] [T1-16:09:49.972] [X64InlineHook] ["c_game_save_game_file"] hook enabled at 0x00007FFAA7735A4C, stub 0x00007FFA378DFB90.
[Info   :  SHCDE-SE] [T1-16:09:49.972] [X64InlineHook] ["c_game_player_food_consumption_update_baseconsumptionrate"] hook enabled at 0x00007FFAA77FEC8E, stub 0x00007FFA37860410.
[Info   :  SHCDE-SE] [T1-16:09:49.972] [X64InlineHook] ["c_game_add_tax_money_addgold"] hook enabled at 0x00007FFAA77FCC82, stub 0x00007FFA37860640.
[Info   :  SHCDE-SE] [T1-16:09:49.972] [X64InlineHook] ["c_game_add_tax_money_removegold"] hook enabled at 0x00007FFAA77FCC91, stub 0x00007FFA37860890.
[Info   :  SHCDE-SE] [T1-16:09:49.972] [X64InlineHook] ["c_game_update_player_popularity"] hook enabled at 0x00007FFAA77FB16E, stub 0x00007FFA37860AE0.
[Info   :  SHCDE-SE] [T1-16:09:49.972] [X64InlineHook] ["c_game_handle_time_stuff"] hook enabled at 0x00007FFAA7801D4F, stub 0x00007FFA37860DA0.
[Info   :  SHCDE-SE] [T1-16:09:49.972] [X64InlineHook] ["c_game_ai_setup_siege_pathing_stuff_hook"] hook enabled at 0x00007FFAA775D345, stub 0x00007FFA37861350.
[Info   :  SHCDE-SE] [T1-16:09:49.972] [X64InlineHook] ["c_game_veh_handler_for_access_violations"] hook enabled at 0x00007FFAA78D49F0, stub 0x00007FFA378E0040.
[Info   :  SHCDE-SE] [T1-16:09:49.974] [HookTransaction[ApplyNative]] Commit: "167/167 installed, 0 failed, 67ms (0ms scanning)"
[Info   :  SHCDE-SE] [T1-16:09:49.974] [DetourManager] [ApplyNative] Hook setup completed in 67ms
[Info   :  SHCDE-SE] [T1-16:09:49.975] [GameMapArchiveManagerAPI] [InitializeSubscribers] Setting up subscribers
[Info   :  SHCDE-SE] [T1-16:09:49.975] [LuaManager] [InitializeSubscribers] Setting up subscribers
[Info   :  SHCDE-SE] [T1-16:09:49.975] [GameNetworkAPI] [InitializeSubscribers] Setting up subscribers
[Info   :  SHCDE-SE] [T1-16:09:49.975] [DeterministicRandom] [InitializeSubscribers] Setting up subscribers
[Info   :  SHCDE-SE] [T1-16:09:49.977] [GameNetworkAPI] [GetPacketEventFor] Created R3 event stream for packet ID 1003 [SeedSyncNetworkPacket]
[Info   :  SHCDE-SE] [T1-16:09:49.977] [ModSaveDataAPI] [RegisterModDataHandler] Registered handler for [se-deterministicrandom-state]
[Info   :  SHCDE-SE] [T1-16:09:49.978] [GameNetworkAPI] [GetPacketEventFor] Dynamically registered packet type 'LobbyModSettingSyncPacket' with ID: 1100
[Info   :  SHCDE-SE] [T1-16:09:49.978] [GameNetworkAPI] [GetPacketEventFor] Created R3 event stream for packet ID 1100 [LobbyModSettingSyncPacket]
[Info   :  SHCDE-SE] [T1-16:09:49.978] [GameXAMLManagerAPI] [SetupNetworking] Mod-settings sync packet registered with ID=1100
[Info   :  SHCDE-SE] [T1-16:09:49.978] [GamePlayerManagerAPI] [InitializeSubscribers] Setting up subscribers
[Info   :  SHCDE-SE] [T1-16:09:49.980] [GameUnitManagerAPI] [InitializeSubscribers] Setting up subscribers
[Info   :  SHCDE-SE] [T1-16:09:49.980] [GameBuildingManagerAPI] [InitializeSubscribers] Setting up subscribers
[Info   :  SHCDE-SE] [T1-16:09:49.980] [GameMetadataManagerAPI] [InitializeSubscribers] Setting up subscribers
[Info   :  SHCDE-SE] [T1-16:09:49.982] [GameSoundManagerAPI] [.ctor] _soundManager: 00007FFAB00172D0
[Info   :  SHCDE-SE] [T1-16:09:49.982] [GameSoundManagerAPI] [InitializeSubscribers] Setting up GameSoundManagerAPI event subscribers
[Info   :  SHCDE-SE] [T1-16:09:49.982] [GameTranslateAPI] [InitializeSubscribers] Setting up GameTranslateAPI subscribers
[Info   :  SHCDE-SE] [T1-16:09:49.983] [GameTriggerManager] [InitializeSubscribers] Setting up subscribers
[Info   :  SHCDE-SE] [T1-16:09:49.984] [GameTimeManagerAPI] [InitializeSubscribers] Setting up subscribers
[Info   :  SHCDE-SE] [T1-16:09:49.984] [GameAfterImageManager] [InitializeSubscribers] Setting up subscribers
[Info   :  SHCDE-SE] [T1-16:09:49.985] [GameBundleManager] [InitializeSubscribers] Setting up subscribers
[Info   :  SHCDE-SE] [T1-16:09:49.986] [MapModManager] [InitializeSubscribers] Setting up subscribers
[Info   :  SHCDE-SE] [T1-16:09:49.986] [Plugin] [InitLanguageProviderLate] Set language provider to en-US
[Info   :  SHCDE-SE] [T1-16:09:49.986] [Plugin] [CrusaderLibrary_LibraryLoaded] Native-side initialization done
[Info   :  SHCDE-SE] [T1-16:09:49.986] [Plugin] [Awake] Plugin SHCDE-SE is loaded!
[Info   :   BepInEx] Loading [APIShared 0.4.1]
[Info   : APIShared] [2026-09-24 16:09:50.066] Process-wide mission lifecycle installed.
[Info   : APIShared] [2026-09-24 16:09:50.147] Process-wide briefing-gold presentation installed.
[Info   : APIShared] [2026-09-24 16:09:50.159] Process-wide lobby-state observer installed.
[Info   : APIShared] [2026-09-24 16:09:50.159] APIShared 0.4.1 loaded; awaiting CrusaderLibrary.LibraryLoaded.
[Info   : APIShared] [2026-09-24 16:09:50.994] Unit HUD presentation installed; controlGroups=True, build=FBCB93195FC7EFCA9BDAC5204852EFDD76F9818F59A6711750D77C9CEF2831E2.
[Info   :  SHCDE-SE] [T1-16:09:50.998] [X64InlineHook] ["distanceHook"] compiled stub at 0x00007FFA378E00C0, size: 183 bytes (target: 0x00007FFAA77E7B70).
[Info   :  SHCDE-SE] [T1-16:09:50.999] [X64InlineHook] ["decisionHook"] compiled stub at 0x00007FFA378E0400, size: 104 bytes (target: 0x00007FFAA77E7BBB).
[Info   :  SHCDE-SE] [T1-16:09:50.999] [X64InlineHook] ["distanceHook"] hook enabled at 0x00007FFAA77E7B70, stub 0x00007FFA378E00C0.
[Info   :  SHCDE-SE] [T1-16:09:50.999] [X64InlineHook] ["decisionHook"] hook enabled at 0x00007FFAA77E7BBB, stub 0x00007FFA378E0400.
[Info   :  SHCDE-SE] [T1-16:09:50.999] [HookTransaction[.ctor]] Commit: "2/2 installed, 0 failed, 2ms (0ms scanning)"
[Info   :  SHCDE-SE] [T1-16:09:51.075] [Detour:candidate.hook] ["candidate.hook"] prepared at 0x00007FFAA7781790 using Indirect: 7 bytes displaced, trampoline 0x00007FFA378E0570.
[Info   :  SHCDE-SE] [T1-16:09:51.127] [HookTransaction[TryCreate]] Commit: "1/1 installed, 0 failed, 52ms (0ms scanning)"
[Info   : APIShared] [2026-09-24 16:09:51.127] capability=aiv-build-step, build=FBCB93195FC7EFCA9BDAC5204852EFDD76F9818F59A6711750D77C9CEF2831E2, rva=0x51790, status=installed
[Info   : APIShared] [2026-09-24 16:09:51.127] APIShared initialized: state=Ready, build=FBCB93195FC7EFCA9BDAC5204852EFDD76F9818F59A6711750D77C9CEF2831E2, lobbyState=Available, playerDefeat=Available, briefingGold=Available, gatehouseDistanceOrigin=Available, gatehouseTiming=Available, unitHudPresentation=Available, aivBuildStep=Available.
[Info   :   BepInEx] Loading [Active AIV Detector 0.10.1]
[Info   :Active AIV Detector] [2026-09-24 16:09:51.167] Bundled vanilla AIC verification: matchesInstalledGame=False, directory=E:\ProgrammeE\Steam\steamapps\common\Stronghold Crusader Definitive Edition\BepInEx\plugins\ActiveAIVDetector_Serp\VanillaAIC.
[Info   :Active AIV Detector] [2026-09-24 16:09:51.167] Bundled vanilla AIV inventory: files=376, directory=E:\ProgrammeE\Steam\steamapps\common\Stronghold Crusader Definitive Edition\BepInEx\plugins\ActiveAIVDetector_Serp\VanillaAIV.
[Info   :Active AIV Detector] [2026-09-24 16:09:51.167] Oracle cell trace configuration: enabled=True, playerId=-1, candidateId=-1, orientation=-1, keep=(-1,-1), maximumCaptures=2048.
[Info   :Active AIV Detector] [2026-09-24 16:09:51.167] Oracle prebuild trace configuration: enabled=True, playerId=-1, maximumCaptures=8.
[Info   :Active AIV Detector] [2026-09-24 16:09:51.194] Active AIV Detector verified the installed CrusaderDE.dll: sha256=FBCB93195FC7EFCA9BDAC5204852EFDD76F9818F59A6711750D77C9CEF2831E2, size=3451392, path=E:\ProgrammeE\Steam\steamapps\common\Stronghold Crusader Definitive Edition\Stronghold Crusader Definitive Edition_Data\Plugins\x86_64\CrusaderDE.dll.
[Debug  :Active AIV Detector] [2026-09-24 16:09:51.196] Native address resolved: name=prepare AIV layout, method=reference-rva, rva=0x53D00.
[Debug  :Active AIV Detector] [2026-09-24 16:09:51.204] Native address resolved: name=select best fit, method=reference-rva, rva=0x54F60.
[Debug  :Active AIV Detector] [2026-09-24 16:09:51.204] Native address resolved: name=test specific candidate, method=reference-rva, rva=0x54DE0.
[Debug  :Active AIV Detector] [2026-09-24 16:09:51.204] Native address resolved: name=load candidate, method=reference-rva, rva=0x55320.
[Debug  :Active AIV Detector] [2026-09-24 16:09:51.204] Native address resolved: name=apply rotation, method=reference-rva, rva=0x56670.
[Debug  :Active AIV Detector] [2026-09-24 16:09:51.204] Native address resolved: name=evaluate candidate fit, method=reference-rva, rva=0x57080.
[Debug  :Active AIV Detector] [2026-09-24 16:09:51.204] Native address resolved: name=building placement validator interior, method=reference-rva, rva=0x7B078.
[Debug  :Active AIV Detector] [2026-09-24 16:09:51.204] Native address resolved: name=organism record table, method=reference-rva, rva=0x15A27.
[Debug  :Active AIV Detector] [2026-09-24 16:09:51.204] Native address resolved: name=active AIV layout index table, method=reference-rva, rva=0x55F64.
[Info   :Active AIV Detector] [2026-09-24 16:09:51.204] Active AIV native globals resolved from unique RIP-relative signatures: organismRecordTable=0x7FFAAAA0E464, activeLayoutIndexBase=0x7FFAAAECD0CC.
[Info   :  SHCDE-SE] [T1-16:09:51.205] [Detour:prepareLayoutHook] ["prepareLayoutHook"] prepared at 0x00007FFAA7783D00 using Indirect: 6 bytes displaced, trampoline 0x00007FFA378E05B0.
[Info   :  SHCDE-SE] [T1-16:09:51.205] [Detour:selectBestFitHook] ["selectBestFitHook"] prepared at 0x00007FFAA7784F60 using Indirect: 9 bytes displaced, trampoline 0x00007FFA378E05F0.
[Info   :  SHCDE-SE] [T1-16:09:51.205] [Detour:testSpecificCandidateHook] ["testSpecificCandidateHook"] prepared at 0x00007FFAA7784DE0 using Indirect: 10 bytes displaced, trampoline 0x00007FFA378E0630.
[Info   :  SHCDE-SE] [T1-16:09:51.205] [Detour:loadCandidateHook] ["loadCandidateHook"] prepared at 0x00007FFAA7785320 using Indirect: 6 bytes displaced, trampoline 0x00007FFA378E0670.
[Info   :  SHCDE-SE] [T1-16:09:51.205] [Detour:applyRotationHook] ["applyRotationHook"] prepared at 0x00007FFAA7786670 using Indirect: 8 bytes displaced, trampoline 0x00007FFA378E06B0.
[Info   :  SHCDE-SE] [T1-16:09:51.206] [Detour:evaluateCandidateFitHook] ["evaluateCandidateFitHook"] prepared at 0x00007FFAA7787080 using Indirect: 6 bytes displaced, trampoline 0x00007FFA378E06F0.
[Info   :  SHCDE-SE] [T1-16:09:51.206] [Detour:buildingPlacementValidatorHook] ["buildingPlacementValidatorHook"] prepared at 0x00007FFAA77AB060 using Indirect: 7 bytes displaced, trampoline 0x00007FFA378E0730.
[Info   :  SHCDE-SE] [T1-16:09:51.539] [HookTransaction[Install]] Commit: "7/7 installed, 0 failed, 335ms (0ms scanning)"
[Info   :Active AIV Detector] [2026-09-24 16:09:51.541] Oracle prebuild trace registered through APIShared; no local ExecuteBuildStep detour was installed.
[Info   :Active AIV Detector] [2026-09-24 16:09:51.543] Native active-AIV detector and passive placement oracle installed at Info level; Vanilla candidate tests will be joined with lobby metadata after OnStartMap(Post).
[Info   :Active AIV Detector] [2026-09-24 16:09:51.543] Active AIV Detector 0.10.1 loaded.
[Info   :   BepInEx] Loading [Serps Mods 1.0.15]
[Info   :Serp Localization] [2026-09-24 16:09:51.551] Locale selected: locale=en-US, source=Steam runtime, rawLanguage=english, configuredProvider=detect, scriptExtenderLanguage=en-US, pluginDirectory=E:\ProgrammeE\Steam\steamapps\common\Stronghold Crusader Definitive Edition\BepInEx\plugins\SerpsMods_Serp, englishFileExists=True, localeFileExists=True.
[Debug  :Serps Mods] [2026-09-24 16:09:51.563] [Serps Mods] Script Extender 2.9.0 satisfies all 1 runtime component requirements; selected 2.9.0 from info.json='2.9.0', BepInEx metadata='2.9.0.0', assembly version='2.9.0.0', file version='2.9.0.0', product version='2.9.0'; ignored: none.
[Debug  :Serps Mods] [2026-09-24 16:09:51.563] [Serps Mods] pack=1.0.15, expected=0, validated=0, registered=0.
[Info   :  SHCDE-SE] [T1-16:09:51.565] [ManagedDetour] [.ctor] Created detour [JoinLobby]->[JoinLobbyHook]
[Info   :Serps Mods] [2026-09-24 16:09:51.565] Shared lobby-join lifecycle hook installed.
[Info   :  SHCDE-SE] [T1-16:09:51.587] [GameXAMLManagerAPI] [RegisterLobbyModSettingsCore] Registered mod [SerpsMods_Serp]
[Info   :Serps Mods] [2026-09-24 16:09:51.590] [SerpsMods_Serp] Preset storage skipped because the ViewModel has no persistent settings.
[Info   :   BepInEx] Loading [Fixes 1.19.1.0]
[Info   :     Fixes] [T1-16:09:51.697] [Plugin] [Awake] Plugin Fixes is loading!
[Info   :     Fixes] [T1-16:09:51.701] [BuildingDetours] [.ctor] Applying
[Info   :     Fixes] [T1-16:09:51.704] [Fixes-BuildingDetours] Creating with target 00007FFA378E0770, length=128
[Info   :     Fixes] [T1-16:09:51.704] [Fixes-BuildingDetours] Creating with target 00007FFAA7743880, length=2
[Info   :     Fixes] [T1-16:09:51.706] [AIDetours] [.ctor] Applying
[Info   :     Fixes] [T1-16:09:51.706] [Fixes-AIDetours] Found anchor c_game_ai_train_economy_protection_troops_hook2 at 00007FFAA7770569
[Info   :     Fixes] [T1-16:09:51.706] [Fixes-AIDetours] Found anchor c_game_ai_train_bodyguard_troops_hook2 at 00007FFAA7770379
[Info   :     Fixes] [T1-16:09:51.707] [AIDetours] [.ctor] _newOrderedMapTileIdsAddress: 0x000002A34BAC0000
[Info   :  SHCDE-SE] [T1-16:09:51.707] [ModSaveDataAPI] [RegisterModDataHandler] Registered handler for [extendedaivbuffer-savedata]
[Info   :     Fixes] [T1-16:09:51.707] [AIDetours] [.ctor] c_game_ai_build_wall_internal_va=00007FFAA77A7D43
[Info   :     Fixes] [T1-16:09:51.710] [UnitDetours] [.ctor] Applying FixesUnitDetours
[Info   :     Fixes] [T1-16:09:51.711] [UnitDetours] [.ctor] Hooking unit update function at address: 0x7FFAA7886130 chimp: CHIMP_TYPE_DEER
[Info   :     Fixes] [T1-16:09:51.711] [UnitDetours] [.ctor] Hooking unit update function at address: 0x7FFAA7886DC0 chimp: CHIMP_TYPE_LION
[Info   :     Fixes] [T1-16:09:51.711] [UnitDetours] [.ctor] Hooking unit update function at address: 0x7FFAA7887810 chimp: CHIMP_TYPE_RABBIT
[Info   :     Fixes] [T1-16:09:51.711] [UnitDetours] [.ctor] Hooking unit update function at address: 0x7FFAA7888020 chimp: CHIMP_TYPE_CAMEL
[Info   :     Fixes] [T1-16:09:51.711] [UnitDetours] [.ctor] Hooking unit update function at address: 0x7FFAA78AF2F0 chimp: CHIMP_TYPE_CROCODILE
[Info   :     Fixes] [T1-16:09:51.712] [PathingDetours] [.ctor] Applying
[Info   :     Fixes] [T1-16:09:51.712] [PathingDetours] [.ctor] _oldNativeComponentTileCountAddress: 0x00007FFAAD7DD740
[Info   :     Fixes] [T1-16:09:51.712] [PathingDetours] [.ctor] _oldComponentVisitGenerationAddress: 0x00007FFAAD7DE6E4
[Info   :     Fixes] [T1-16:09:51.712] [PathingDetours] [.ctor] _newNativeComponentTileCountAddress: 0x000002A34B720000
[Info   :     Fixes] [T1-16:09:51.712] [PathingDetours] [.ctor] _newComponentVisitGenerationAddress: 0x000002A34B730000
[Info   :     Fixes] [T1-16:09:51.713] [PathingDetours] [.ctor] Installing dynamic inline hook at: 0x00007FFAA77FE7FA for Extended PCL support
[Info   :     Fixes] [T1-16:09:51.713] [PathingDetours] [.ctor] Installing dynamic inline hook at: 0x00007FFAA77FE839 for Extended PCL support
[Info   :     Fixes] [T1-16:09:51.713] [PathingDetours] [.ctor] Installing dynamic inline hook at: 0x00007FFAA77FE879 for Extended PCL support
[Info   :     Fixes] [T1-16:09:51.713] [PathingDetours] [.ctor] Installing dynamic inline hook at: 0x00007FFAA77FE8B9 for Extended PCL support
[Info   :     Fixes] [T1-16:09:51.713] [PathingDetours] [.ctor] Installing dynamic inline hook at: 0x00007FFAA77FE8F9 for Extended PCL support
[Info   :     Fixes] [T1-16:09:51.713] [PathingDetours] [.ctor] Installing dynamic inline hook at: 0x00007FFAA77FE939 for Extended PCL support
[Info   :     Fixes] [T1-16:09:51.713] [PathingDetours] [.ctor] Installing dynamic inline hook at: 0x00007FFAA77FE979 for Extended PCL support
[Info   :     Fixes] [T1-16:09:51.713] [PathingDetours] [.ctor] Installing dynamic inline hook at: 0x00007FFAA77FE9B9 for Extended PCL support
[Info   :     Fixes] [T1-16:09:51.713] [PathingDetours] [.ctor] Installing dynamic inline hook at: 0x00007FFAA77FEA32 for Extended PCL support
[Info   :     Fixes] [T1-16:09:51.713] [GameMapManagedDetours] [.ctor] Applying
[Info   :  SHCDE-SE] [T1-16:09:51.715] [ManagedDetour] [.ctor] Created detour [getPivotOffset]->[GameMap_getPivotOffset_Hook]
[Info   :     Fixes] [T1-16:09:51.715] [HookTransaction[ApplyNative]] Loaded 70 of 70 AOB results from cache.
[Info   :     Fixes] [T1-16:09:51.716] [X64InlineHook] ["c_game_build_wall_hook"] compiled stub at 0x00007FFA378E07F0, size: 38 bytes (target: 0x00007FFAA779F2C2).
[Info   :     Fixes] [T1-16:09:51.716] [X64InlineHook] ["c_game_player_queue_build_wall_hook"] compiled stub at 0x00007FFA378E08B0, size: 49 bytes (target: 0x00007FFAA7741D4A).
[Info   :     Fixes] [T1-16:09:51.716] [X64InlineHook] ["c_game_player_placing_walls_hook"] compiled stub at 0x00007FFA378E09A0, size: 105 bytes (target: 0x00007FFAA779136F).
[Info   :     Fixes] [T1-16:09:51.717] [X64InlineHook] ["c_game_gatehouse_query_farmerstuck_fix_hook"] compiled stub at 0x00007FFA378E0C00, size: 88 bytes (target: 0x00007FFAA77E7C39).
[Info   :     Fixes] [T1-16:09:51.718] [X64InlineHook] ["c_game_building_toggle_pause_hook"] compiled stub at 0x00007FFA378E0DD0, size: 329 bytes (target: 0x00007FFAA77F7F3E).
[Info   :     Fixes] [T1-16:09:51.718] [Detour:c_game_player_spawn_keep_hook] ["c_game_player_spawn_keep_hook"] prepared at 0x00007FFAA77A4DA0 using Indirect: 9 bytes displaced, trampoline 0x00007FFA378E1390.
[Info   :     Fixes] [T1-16:09:51.718] [Detour:c_game_ai_siege_master_handler_hook] ["c_game_ai_siege_master_handler_hook"] prepared at 0x00007FFAA775AE40 using Indirect: 10 bytes displaced, trampoline 0x00007FFA378E13D0.
[Info   :     Fixes] [T1-16:09:51.718] [X64InlineHook] ["c_game_ai_deploy_harassing_siege_engine_tents_hook"] compiled stub at 0x00007FFA378E1410, size: 106 bytes (target: 0x00007FFAA775EFCB).
[Info   :     Fixes] [T1-16:09:51.718] [X64InlineHook] ["c_game_ai_find_valid_siege_tent_site_hook"] compiled stub at 0x00007FFA378E1620, size: 108 bytes (target: 0x00007FFAA781A9F7).
[Info   :     Fixes] [T1-16:09:51.720] [X64InlineHook] ["c_game_ai_count_active_farms_hook"] compiled stub at 0x00007FFA378E1800, size: 112 bytes (target: 0x00007FFAA77E81E2).
[Info   :     Fixes] [T1-16:09:51.720] [X64InlineHook] ["c_game_aiv_prepare_layout_hook"] compiled stub at 0x00007FFA378E1A60, size: 22 bytes (target: 0x00007FFAA7784C80).
[Info   :     Fixes] [T1-16:09:51.720] [X64InlineHook] ["c_game_attempt_recruit_required_troops_hook"] compiled stub at 0x00007FFA378E1AE0, size: 49 bytes (target: 0x00007FFAA7770C02).
[Info   :     Fixes] [T1-16:09:51.720] [X64InlineHook] ["c_game_attempt_recruit_required_troops_hook2"] compiled stub at 0x00007FFA378E1BC0, size: 50 bytes (target: 0x00007FFAA7770C66).
[Info   :     Fixes] [T1-16:09:51.720] [X64InlineHook] ["c_game_attempt_recruit_required_troops_hook3"] compiled stub at 0x00007FFA378E1CB0, size: 68 bytes (target: 0x00007FFAA7770D0D).
[Info   :     Fixes] [T1-16:09:51.720] [X64InlineHook] ["c_game_ai_train_economy_protection_troops_hook"] compiled stub at 0x00007FFA378E1DF0, size: 52 bytes (target: 0x00007FFAA7770522).
[Info   :     Fixes] [T1-16:09:51.720] [X64InlineHook] ["c_game_ai_train_economy_protection_troops_hook2"] compiled stub at 0x00007FFA378E1ED0, size: 57 bytes (target: 0x00007FFAA7770569).
[Info   :     Fixes] [T1-16:09:51.720] [X64InlineHook] ["c_game_ai_train_bodyguard_troops_hook"] compiled stub at 0x00007FFA378E2000, size: 51 bytes (target: 0x00007FFAA7770313).
[Info   :     Fixes] [T1-16:09:51.721] [X64InlineHook] ["c_game_ai_train_bodyguard_troops_hook2"] compiled stub at 0x00007FFA378E20E0, size: 57 bytes (target: 0x00007FFAA7770379).
[Info   :     Fixes] [T1-16:09:51.721] [X64InlineHook] ["c_game_ai_move_tribe_to_keep_entrance_hook"] compiled stub at 0x00007FFA378E2210, size: 215 bytes (target: 0x00007FFAA776E9BA).
[Info   :     Fixes] [T1-16:09:51.722] [X64InlineHook] ["c_game_ai_recruitmentmode_handler_hook"] compiled stub at 0x00007FFA378E2610, size: 99 bytes (target: 0x00007FFAA775F2C5).
[Info   :     Fixes] [T1-16:09:51.722] [X64InlineHook] ["c_game_aiv_validate_building_tile_hook"] compiled stub at 0x00007FFA378E2830, size: 205 bytes (target: 0x00007FFAA77AB219).
[Info   :     Fixes] [T1-16:09:51.723] [X64InlineHook] ["c_game_ai_tribe_siege_behaviour_handler_hook"] compiled stub at 0x00007FFA378E2BE0, size: 140 bytes (target: 0x00007FFAA776B5C5).
[Info   :     Fixes] [T1-16:09:51.723] [X64InlineHook] ["c_game_ai_tribe_siege_behaviour_handler_hook"] compiled stub at 0x00007FFA378E2E50, size: 150 bytes (target: 0x00007FFAA775F8DA).
[Info   :     Fixes] [T1-16:09:51.724] [X64InlineHook] ["c_game_ai_tribe_siege_behaviour_handler_hook2"] compiled stub at 0x00007FFA378E3080, size: 49 bytes (target: 0x00007FFAA775F7C5).
[Info   :     Fixes] [T1-16:09:51.724] [X64InlineHook] ["c_game_aiv_orderedmaptileids_hook1"] compiled stub at 0x00007FFA378E3150, size: 43 bytes (target: 0x00007FFAA7781B4A).
[Info   :     Fixes] [T1-16:09:51.724] [X64InlineHook] ["c_game_aiv_orderedmaptileids_hook2"] compiled stub at 0x00007FFA378E3200, size: 42 bytes (target: 0x00007FFAA7781A02).
[Info   :     Fixes] [T1-16:09:51.724] [X64InlineHook] ["c_game_aiv_orderedmaptileids_hook3"] compiled stub at 0x00007FFA378E32B0, size: 45 bytes (target: 0x00007FFAA7781914).
[Info   :     Fixes] [T1-16:09:51.725] [X64InlineHook] ["c_game_aiv_orderedmaptileids_hook4"] compiled stub at 0x00007FFA378E3370, size: 39 bytes (target: 0x00007FFAA778450A).
[Info   :     Fixes] [T1-16:09:51.725] [X64InlineHook] ["c_game_aiv_orderedmaptileids_hook5"] compiled stub at 0x00007FFA378E3420, size: 39 bytes (target: 0x00007FFAA778464A).
[Info   :     Fixes] [T1-16:09:51.725] [X64InlineHook] ["c_game_aiv_orderedmaptileids_hook11"] compiled stub at 0x00007FFA378E34D0, size: 68 bytes (target: 0x00007FFAA7786647).
[Info   :     Fixes] [T1-16:09:51.725] [X64InlineHook] ["c_game_ai_sell_item_handler_hook"] compiled stub at 0x00007FFA378E3600, size: 75 bytes (target: 0x00007FFAA776F0C9).
[Info   :     Fixes] [T1-16:09:51.725] [X64InlineHook] ["c_game_ai_deploy_harassing_siege_engine_tents_hook2"] compiled stub at 0x00007FFA378E3750, size: 90 bytes (target: 0x00007FFAA775ED16).
[Info   :     Fixes] [T1-16:09:51.727] [X64InlineHook] ["c_game_ai_build_wall_hook"] compiled stub at 0x00007FFA378E38C0, size: 51 bytes (target: 0x00007FFAA779CCC8).
[Info   :     Fixes] [T1-16:09:51.727] [X64InlineHook] ["c_game_ai_build_wall_internal_hook"] compiled stub at 0x00007FFA378E3990, size: 80 bytes (target: 0x00007FFAA77A7D43).
[Info   :     Fixes] [T1-16:09:51.727] [X64InlineHook] ["c_game_ai_need_more_ox_bases_hook"] compiled stub at 0x00007FFA378E3AB0, size: 89 bytes (target: 0x00007FFAA775DEBA).
[Info   :     Fixes] [T1-16:09:51.727] [X64InlineHook] ["c_game_ai_need_more_ox_bases_hook2"] compiled stub at 0x00007FFA378E3C50, size: 88 bytes (target: 0x00007FFAA775DD86).
[Info   :     Fixes] [T1-16:09:51.727] [X64InlineHook] ["UnitUpdate_140714529284400"] compiled stub at 0x00007FFA378E3DC0, size: 155 bytes (target: 0x00007FFAA7886130).
[Info   :     Fixes] [T1-16:09:51.728] [X64InlineHook] ["UnitUpdate_140714529287616"] compiled stub at 0x00007FFA378E40B0, size: 155 bytes (target: 0x00007FFAA7886DC0).
[Info   :     Fixes] [T1-16:09:51.728] [X64InlineHook] ["UnitUpdate_140714529290256"] compiled stub at 0x00007FFA378E43A0, size: 155 bytes (target: 0x00007FFAA7887810).
[Info   :     Fixes] [T1-16:09:51.728] [X64InlineHook] ["UnitUpdate_140714529292320"] compiled stub at 0x00007FFA378E4690, size: 155 bytes (target: 0x00007FFAA7888020).
[Info   :     Fixes] [T1-16:09:51.728] [X64InlineHook] ["UnitUpdate_140714529452784"] compiled stub at 0x00007FFA378E4980, size: 154 bytes (target: 0x00007FFAA78AF2F0).
[Info   :     Fixes] [T1-16:09:51.728] [Detour:c_game_tribe_remove_unit_type_hook] ["c_game_tribe_remove_unit_type_hook"] prepared at 0x00007FFAA7854110 using Indirect: 9 bytes displaced, trampoline 0x00007FFA378E4C90.
[Info   :     Fixes] [T1-16:09:51.728] [X64InlineHook] ["c_game_unit_tunneler_collapse_tunnel_path_hook"] compiled stub at 0x00007FFA378E4CD0, size: 236 bytes (target: 0x00007FFAA78B5306).
[Info   :     Fixes] [T1-16:09:51.730] [X64InlineHook] ["c_game_pathfinding_rebuild_hook1"] compiled stub at 0x00007FFA378E5010, size: 42 bytes (target: 0x00007FFAA7814B61).
[Info   :     Fixes] [T1-16:09:51.730] [X64InlineHook] ["c_game_pathfinding_rebuild_hook2"] compiled stub at 0x00007FFA378E5100, size: 49 bytes (target: 0x00007FFAA7814AA3).
[Info   :     Fixes] [T1-16:09:51.730] [X64InlineHook] ["c_game_pathfinding_rebuild_hook3"] compiled stub at 0x00007FFA378E51B0, size: 35 bytes (target: 0x00007FFAA7814DF4).
[Info   :     Fixes] [T1-16:09:51.730] [X64InlineHook] ["c_game_pathfinding_rebuild_hook4"] compiled stub at 0x00007FFA378E5240, size: 48 bytes (target: 0x00007FFAA7817CE6).
[Info   :     Fixes] [T1-16:09:51.730] [X64InlineHook] ["c_game_pathfinding_rebuild_hook5"] compiled stub at 0x00007FFA378E52F0, size: 68 bytes (target: 0x00007FFAA7817E92).
[Info   :     Fixes] [T1-16:09:51.730] [X64InlineHook] ["c_game_ai_is_keep_siegeable_hook1"] compiled stub at 0x00007FFA378E5410, size: 37 bytes (target: 0x00007FFAA77FF4D9).
[Info   :     Fixes] [T1-16:09:51.731] [X64InlineHook] ["newInlineHook"] compiled stub at 0x00007FFA378E54C0, size: 42 bytes (target: 0x00007FFAA77FE7FA).
[Info   :     Fixes] [T1-16:09:51.731] [X64InlineHook] ["newInlineHook"] compiled stub at 0x00007FFA378E5570, size: 42 bytes (target: 0x00007FFAA77FE839).
[Info   :     Fixes] [T1-16:09:51.731] [X64InlineHook] ["newInlineHook"] compiled stub at 0x00007FFA378E5620, size: 42 bytes (target: 0x00007FFAA77FE879).
[Info   :     Fixes] [T1-16:09:51.731] [X64InlineHook] ["newInlineHook"] compiled stub at 0x00007FFA378E56D0, size: 42 bytes (target: 0x00007FFAA77FE8B9).
[Info   :     Fixes] [T1-16:09:51.731] [X64InlineHook] ["newInlineHook"] compiled stub at 0x00007FFA378E5780, size: 42 bytes (target: 0x00007FFAA77FE8F9).
[Info   :     Fixes] [T1-16:09:51.731] [X64InlineHook] ["newInlineHook"] compiled stub at 0x00007FFA378E5830, size: 42 bytes (target: 0x00007FFAA77FE939).
[Info   :     Fixes] [T1-16:09:51.731] [X64InlineHook] ["newInlineHook"] compiled stub at 0x00007FFA378E58E0, size: 42 bytes (target: 0x00007FFAA77FE979).
[Info   :     Fixes] [T1-16:09:51.731] [X64InlineHook] ["newInlineHook"] compiled stub at 0x00007FFA378E5990, size: 42 bytes (target: 0x00007FFAA77FE9B9).
[Info   :     Fixes] [T1-16:09:51.731] [X64InlineHook] ["newInlineHook"] compiled stub at 0x00007FFA378E5A40, size: 42 bytes (target: 0x00007FFAA77FEA32).
[Info   :     Fixes] [T1-16:09:51.731] [X64InlineHook] ["sub_18002C5A0_hook"] compiled stub at 0x00007FFA378E5AF0, size: 33 bytes (target: 0x00007FFAA775C5E1).
[Info   :     Fixes] [T1-16:09:51.731] [X64InlineHook] ["sub_18010DCB0_hook"] compiled stub at 0x00007FFA378E5B80, size: 43 bytes (target: 0x00007FFAA783DD50).
[Info   :     Fixes] [T1-16:09:51.731] [X64InlineHook] ["sub_18010F150_hook"] compiled stub at 0x00007FFA378E5C50, size: 40 bytes (target: 0x00007FFAA783F1B3).
[Info   :     Fixes] [T1-16:09:51.731] [X64InlineHook] ["sub_180114760_hook"] compiled stub at 0x00007FFA378E5CF0, size: 37 bytes (target: 0x00007FFAA784488A).
[Info   :     Fixes] [T1-16:09:51.732] [X64InlineHook] ["c_game_building_select_worker_approach_tile_hook1"] compiled stub at 0x00007FFA378E5D90, size: 266 bytes (target: 0x00007FFAA77EB44D).
[Info   :     Fixes] [T1-16:09:51.733] [X64InlineHook] ["c_game_building_select_worker_approach_tile_hook2"] compiled stub at 0x00007FFA378E6230, size: 218 bytes (target: 0x00007FFAA77EB9A7).
[Info   :     Fixes] [T1-16:09:51.733] [X64InlineHook] ["c_game_build_wall_hook"] hook enabled at 0x00007FFAA779F2C2, stub 0x00007FFA378E07F0.
[Info   :     Fixes] [T1-16:09:51.733] [X64InlineHook] ["c_game_player_queue_build_wall_hook"] hook enabled at 0x00007FFAA7741D4A, stub 0x00007FFA378E08B0.
[Info   :     Fixes] [T1-16:09:51.733] [X64InlineHook] ["c_game_player_placing_walls_hook"] hook enabled at 0x00007FFAA779136F, stub 0x00007FFA378E09A0.
[Info   :     Fixes] [T1-16:09:51.733] [X64InlineHook] ["c_game_gatehouse_query_farmerstuck_fix_hook"] hook enabled at 0x00007FFAA77E7C39, stub 0x00007FFA378E0C00.
[Info   :     Fixes] [T1-16:09:51.733] [X64InlineHook] ["c_game_building_toggle_pause_hook"] hook enabled at 0x00007FFAA77F7F3E, stub 0x00007FFA378E0DD0.
[Info   :     Fixes] [T1-16:09:51.733] [X64InlineHook] ["c_game_ai_deploy_harassing_siege_engine_tents_hook"] hook enabled at 0x00007FFAA775EFCB, stub 0x00007FFA378E1410.
[Info   :     Fixes] [T1-16:09:51.733] [X64InlineHook] ["c_game_ai_find_valid_siege_tent_site_hook"] hook enabled at 0x00007FFAA781A9F7, stub 0x00007FFA378E1620.
[Info   :     Fixes] [T1-16:09:51.733] [X64InlineHook] ["c_game_ai_count_active_farms_hook"] hook enabled at 0x00007FFAA77E81E2, stub 0x00007FFA378E1800.
[Info   :     Fixes] [T1-16:09:51.733] [X64InlineHook] ["c_game_aiv_prepare_layout_hook"] hook enabled at 0x00007FFAA7784C80, stub 0x00007FFA378E1A60.
[Info   :     Fixes] [T1-16:09:51.733] [X64InlineHook] ["c_game_attempt_recruit_required_troops_hook"] hook enabled at 0x00007FFAA7770C02, stub 0x00007FFA378E1AE0.
[Info   :     Fixes] [T1-16:09:51.733] [X64InlineHook] ["c_game_attempt_recruit_required_troops_hook2"] hook enabled at 0x00007FFAA7770C66, stub 0x00007FFA378E1BC0.
[Info   :     Fixes] [T1-16:09:51.733] [X64InlineHook] ["c_game_attempt_recruit_required_troops_hook3"] hook enabled at 0x00007FFAA7770D0D, stub 0x00007FFA378E1CB0.
[Info   :     Fixes] [T1-16:09:51.733] [X64InlineHook] ["c_game_ai_train_economy_protection_troops_hook"] hook enabled at 0x00007FFAA7770522, stub 0x00007FFA378E1DF0.
[Info   :     Fixes] [T1-16:09:51.733] [X64InlineHook] ["c_game_ai_train_economy_protection_troops_hook2"] hook enabled at 0x00007FFAA7770569, stub 0x00007FFA378E1ED0.
[Info   :     Fixes] [T1-16:09:51.733] [X64InlineHook] ["c_game_ai_train_bodyguard_troops_hook"] hook enabled at 0x00007FFAA7770313, stub 0x00007FFA378E2000.
[Info   :     Fixes] [T1-16:09:51.733] [X64InlineHook] ["c_game_ai_train_bodyguard_troops_hook2"] hook enabled at 0x00007FFAA7770379, stub 0x00007FFA378E20E0.
[Info   :     Fixes] [T1-16:09:51.733] [X64InlineHook] ["c_game_ai_move_tribe_to_keep_entrance_hook"] hook enabled at 0x00007FFAA776E9BA, stub 0x00007FFA378E2210.
[Info   :     Fixes] [T1-16:09:51.733] [X64InlineHook] ["c_game_ai_recruitmentmode_handler_hook"] hook enabled at 0x00007FFAA775F2C5, stub 0x00007FFA378E2610.
[Info   :     Fixes] [T1-16:09:51.733] [X64InlineHook] ["c_game_aiv_validate_building_tile_hook"] hook enabled at 0x00007FFAA77AB219, stub 0x00007FFA378E2830.
[Info   :     Fixes] [T1-16:09:51.733] [X64InlineHook] ["c_game_ai_tribe_siege_behaviour_handler_hook"] hook enabled at 0x00007FFAA776B5C5, stub 0x00007FFA378E2BE0.
[Info   :     Fixes] [T1-16:09:51.733] [X64InlineHook] ["c_game_ai_tribe_siege_behaviour_handler_hook"] hook enabled at 0x00007FFAA775F8DA, stub 0x00007FFA378E2E50.
[Info   :     Fixes] [T1-16:09:51.733] [X64InlineHook] ["c_game_ai_tribe_siege_behaviour_handler_hook2"] hook enabled at 0x00007FFAA775F7C5, stub 0x00007FFA378E3080.
[Info   :     Fixes] [T1-16:09:51.733] [X64InlineHook] ["c_game_aiv_orderedmaptileids_hook1"] hook enabled at 0x00007FFAA7781B4A, stub 0x00007FFA378E3150.
[Info   :     Fixes] [T1-16:09:51.733] [X64InlineHook] ["c_game_aiv_orderedmaptileids_hook2"] hook enabled at 0x00007FFAA7781A02, stub 0x00007FFA378E3200.
[Info   :     Fixes] [T1-16:09:51.733] [X64InlineHook] ["c_game_aiv_orderedmaptileids_hook3"] hook enabled at 0x00007FFAA7781914, stub 0x00007FFA378E32B0.
[Info   :     Fixes] [T1-16:09:51.733] [X64InlineHook] ["c_game_aiv_orderedmaptileids_hook4"] hook enabled at 0x00007FFAA778450A, stub 0x00007FFA378E3370.
[Info   :     Fixes] [T1-16:09:51.733] [X64InlineHook] ["c_game_aiv_orderedmaptileids_hook5"] hook enabled at 0x00007FFAA778464A, stub 0x00007FFA378E3420.
[Info   :     Fixes] [T1-16:09:51.733] [X64InlineHook] ["c_game_aiv_orderedmaptileids_hook11"] hook enabled at 0x00007FFAA7786647, stub 0x00007FFA378E34D0.
[Info   :     Fixes] [T1-16:09:51.733] [X64InlineHook] ["c_game_ai_sell_item_handler_hook"] hook enabled at 0x00007FFAA776F0C9, stub 0x00007FFA378E3600.
[Info   :     Fixes] [T1-16:09:51.733] [X64InlineHook] ["c_game_ai_deploy_harassing_siege_engine_tents_hook2"] hook enabled at 0x00007FFAA775ED16, stub 0x00007FFA378E3750.
[Info   :     Fixes] [T1-16:09:51.733] [X64InlineHook] ["c_game_ai_build_wall_hook"] hook enabled at 0x00007FFAA779CCC8, stub 0x00007FFA378E38C0.
[Info   :     Fixes] [T1-16:09:51.733] [X64InlineHook] ["c_game_ai_build_wall_internal_hook"] hook enabled at 0x00007FFAA77A7D43, stub 0x00007FFA378E3990.
[Info   :     Fixes] [T1-16:09:51.733] [X64InlineHook] ["c_game_ai_need_more_ox_bases_hook"] hook enabled at 0x00007FFAA775DEBA, stub 0x00007FFA378E3AB0.
[Info   :     Fixes] [T1-16:09:51.733] [X64InlineHook] ["c_game_ai_need_more_ox_bases_hook2"] hook enabled at 0x00007FFAA775DD86, stub 0x00007FFA378E3C50.
[Info   :     Fixes] [T1-16:09:51.733] [X64InlineHook] ["UnitUpdate_140714529284400"] hook enabled at 0x00007FFAA7886130, stub 0x00007FFA378E3DC0.
[Info   :     Fixes] [T1-16:09:51.733] [X64InlineHook] ["UnitUpdate_140714529287616"] hook enabled at 0x00007FFAA7886DC0, stub 0x00007FFA378E40B0.
[Info   :     Fixes] [T1-16:09:51.734] [X64InlineHook] ["UnitUpdate_140714529290256"] hook enabled at 0x00007FFAA7887810, stub 0x00007FFA378E43A0.
[Info   :     Fixes] [T1-16:09:51.734] [X64InlineHook] ["UnitUpdate_140714529292320"] hook enabled at 0x00007FFAA7888020, stub 0x00007FFA378E4690.
[Info   :     Fixes] [T1-16:09:51.734] [X64InlineHook] ["UnitUpdate_140714529452784"] hook enabled at 0x00007FFAA78AF2F0, stub 0x00007FFA378E4980.
[Info   :     Fixes] [T1-16:09:51.734] [X64InlineHook] ["c_game_unit_tunneler_collapse_tunnel_path_hook"] hook enabled at 0x00007FFAA78B5306, stub 0x00007FFA378E4CD0.
[Info   :     Fixes] [T1-16:09:51.734] [X64InlineHook] ["c_game_pathfinding_rebuild_hook1"] hook enabled at 0x00007FFAA7814B61, stub 0x00007FFA378E5010.
[Info   :     Fixes] [T1-16:09:51.734] [X64InlineHook] ["c_game_pathfinding_rebuild_hook2"] hook enabled at 0x00007FFAA7814AA3, stub 0x00007FFA378E5100.
[Info   :     Fixes] [T1-16:09:51.734] [X64InlineHook] ["c_game_pathfinding_rebuild_hook3"] hook enabled at 0x00007FFAA7814DF4, stub 0x00007FFA378E51B0.
[Info   :     Fixes] [T1-16:09:51.734] [X64InlineHook] ["c_game_pathfinding_rebuild_hook4"] hook enabled at 0x00007FFAA7817CE6, stub 0x00007FFA378E5240.
[Info   :     Fixes] [T1-16:09:51.734] [X64InlineHook] ["c_game_pathfinding_rebuild_hook5"] hook enabled at 0x00007FFAA7817E92, stub 0x00007FFA378E52F0.
[Info   :     Fixes] [T1-16:09:51.734] [X64InlineHook] ["c_game_ai_is_keep_siegeable_hook1"] hook enabled at 0x00007FFAA77FF4D9, stub 0x00007FFA378E5410.
[Info   :     Fixes] [T1-16:09:51.734] [X64InlineHook] ["newInlineHook"] hook enabled at 0x00007FFAA77FE7FA, stub 0x00007FFA378E54C0.
[Info   :     Fixes] [T1-16:09:51.734] [X64InlineHook] ["newInlineHook"] hook enabled at 0x00007FFAA77FE839, stub 0x00007FFA378E5570.
[Info   :     Fixes] [T1-16:09:51.734] [X64InlineHook] ["newInlineHook"] hook enabled at 0x00007FFAA77FE879, stub 0x00007FFA378E5620.
[Info   :     Fixes] [T1-16:09:51.734] [X64InlineHook] ["newInlineHook"] hook enabled at 0x00007FFAA77FE8B9, stub 0x00007FFA378E56D0.
[Info   :     Fixes] [T1-16:09:51.734] [X64InlineHook] ["newInlineHook"] hook enabled at 0x00007FFAA77FE8F9, stub 0x00007FFA378E5780.
[Info   :     Fixes] [T1-16:09:51.734] [X64InlineHook] ["newInlineHook"] hook enabled at 0x00007FFAA77FE939, stub 0x00007FFA378E5830.
[Info   :     Fixes] [T1-16:09:51.734] [X64InlineHook] ["newInlineHook"] hook enabled at 0x00007FFAA77FE979, stub 0x00007FFA378E58E0.
[Info   :     Fixes] [T1-16:09:51.734] [X64InlineHook] ["newInlineHook"] hook enabled at 0x00007FFAA77FE9B9, stub 0x00007FFA378E5990.
[Info   :     Fixes] [T1-16:09:51.734] [X64InlineHook] ["newInlineHook"] hook enabled at 0x00007FFAA77FEA32, stub 0x00007FFA378E5A40.
[Info   :     Fixes] [T1-16:09:51.734] [X64InlineHook] ["sub_18002C5A0_hook"] hook enabled at 0x00007FFAA775C5E1, stub 0x00007FFA378E5AF0.
[Info   :     Fixes] [T1-16:09:51.734] [X64InlineHook] ["sub_18010DCB0_hook"] hook enabled at 0x00007FFAA783DD50, stub 0x00007FFA378E5B80.
[Info   :     Fixes] [T1-16:09:51.734] [X64InlineHook] ["sub_18010F150_hook"] hook enabled at 0x00007FFAA783F1B3, stub 0x00007FFA378E5C50.
[Info   :     Fixes] [T1-16:09:51.734] [X64InlineHook] ["sub_180114760_hook"] hook enabled at 0x00007FFAA784488A, stub 0x00007FFA378E5CF0.
[Info   :     Fixes] [T1-16:09:51.734] [X64InlineHook] ["c_game_building_select_worker_approach_tile_hook1"] hook enabled at 0x00007FFAA77EB44D, stub 0x00007FFA378E5D90.
[Info   :     Fixes] [T1-16:09:51.734] [X64InlineHook] ["c_game_building_select_worker_approach_tile_hook2"] hook enabled at 0x00007FFAA77EB9A7, stub 0x00007FFA378E6230.
[Info   :     Fixes] [T1-16:09:51.734] [HookTransaction[ApplyNative]] Commit: "88/88 installed, 0 failed, 18ms (0ms scanning)"
[Info   :  SHCDE-SE] [T1-16:09:51.745] [DetourManager] [ApplyNative] Hook setup completed in 18ms
[Info   :  SHCDE-SE] [T1-16:09:51.811] [LobbyModSettingsStorage] [Load] [Fixes]: Settings restored from [E:\ProgrammeE\Steam\steamapps\common\Stronghold Crusader Definitive Edition\BepInEx\plugins\fixes\LobbyModSettings\Fixes.msgpack]
[Info   :  SHCDE-SE] [T1-16:09:51.814] [GameXAMLManagerAPI] [RegisterLobbyModSettingsCore] Registered mod [Fixes]
[Info   :     Fixes] [T1-16:09:51.814] [Plugin] [LoadExternalConfigs] Loading external configuration...
[Info   :     Fixes] [T1-16:09:51.820] [Plugin] [OverrideGlobals] Overriding globals...
[Info   :   BepInEx] Loading [Unit Limit 1.0.100]
[Info   :     Fixes] [T1-16:09:51.820] [Plugin] [Awake] Plugin Fixes is loaded!
[Debug  :Unit Limit] [2026-09-24 16:09:51.826] Crash breadcrumb diagnostics enabled: plugin=UnitLimit_Serp, ringCapacity=256, snapshotIntervalSeconds=1, retainedSessions=3.
[Debug  :Unit Limit] [2026-09-24 16:09:51.826] Unit Limit 1.0.100 loaded.
[Debug  :Unit Limit] [2026-09-24 16:09:51.831] [Unit Limit] gameplay-mod gate: modGuid=UnitLimit_Serp, source=initialization, kind=Unknown, launchVariant=Standard, customized=False, customizedOrigin=0, modeAllowed=False, configuredEnabled=True, effectiveEnabled=False, action=disabled-by-mode, reason=unknown-fail-closed.
[Info   :Unit Limit] [2026-09-24 16:09:51.833] [UnitLimit_Serp] gameplay-feature gate: feature=UnitLimitEnforcement, source=initialization, kind=Unknown, launchVariant=Standard, realMultiplayer=False, modeAllowed=False, action=disabled-by-feature-mode, reason=unknown-fail-closed.
[Info   :Unit Limit] [2026-09-24 16:09:51.859] Unit Limit verified the installed CrusaderDE.dll: sha256=FBCB93195FC7EFCA9BDAC5204852EFDD76F9818F59A6711750D77C9CEF2831E2, size=3451392, path=E:\ProgrammeE\Steam\steamapps\common\Stronghold Crusader Definitive Edition\Stronghold Crusader Definitive Edition_Data\Plugins\x86_64\CrusaderDE.dll.
[Info   :Serp Localization] [2026-09-24 16:09:51.873] Locale selected: locale=en-US, source=Steam runtime, rawLanguage=english, configuredProvider=detect, scriptExtenderLanguage=en-US, pluginDirectory=E:\ProgrammeE\Steam\steamapps\common\Stronghold Crusader Definitive Edition\BepInEx\plugins\UnitLimit_Serp, englishFileExists=True, localeFileExists=True.
[Info   :  SHCDE-SE] [T1-16:09:51.874] [LobbyModSettingsStorage] [Load] [UnitLimit_Serp]: Settings restored from [E:\ProgrammeE\Steam\steamapps\common\Stronghold Crusader Definitive Edition\BepInEx\plugins\UnitLimit_Serp\LobbyModSettings\UnitLimit_Serp.msgpack]
[Info   :  SHCDE-SE] [T1-16:09:51.879] [GameXAMLManagerAPI] [RegisterLobbyModSettingsCore] Registered mod [UnitLimit_Serp]
[Info   :Unit Limit] [2026-09-24 16:09:51.879] [UnitLimit_Serp] Loaded editable lobby-settings working state; basedOn=, modified=False.
[Info   :  SHCDE-SE] [T1-16:09:51.880] [GameXAMLManagerAPI] [RegisterBinding] Registering auto-binding: [UnitLimitNotificationOverlay]
[Info   :  SHCDE-SE] [T1-16:09:51.880] [GameXAMLManagerAPI] [RegisterBinding] Registering auto-binding: [UnitLimitSiegeNotificationInlineHost]
[Info   :  SHCDE-SE] [T1-16:09:51.880] [GameXAMLManagerAPI] [RegisterBinding] Registering auto-binding: [UnitLimitTroopLimitInlineHost]
[Info   :  SHCDE-SE] [T1-16:09:51.880] [GameXAMLManagerAPI] [RegisterBinding] Registering auto-binding: [UnitLimitArabTroopLimitInlineHost]
[Info   :  SHCDE-SE] [T1-16:09:51.880] [GameXAMLManagerAPI] [RegisterBinding] Registering auto-binding: [UnitLimitBedouinTroopLimitInlineHost]
[Info   :  SHCDE-SE] [T1-16:09:51.880] [GameXAMLManagerAPI] [RegisterBinding] Registering auto-binding: [UnitLimitEngineersLimitInlineHost]
[Info   :  SHCDE-SE] [T1-16:09:51.880] [GameXAMLManagerAPI] [RegisterBinding] Registering auto-binding: [UnitLimitTunellersLimitInlineHost]
[Info   :  SHCDE-SE] [T1-16:09:51.880] [GameXAMLManagerAPI] [RegisterBinding] Registering auto-binding: [UnitLimitMonkLimitInlineHost]
[Info   :  SHCDE-SE] [T1-16:09:51.880] [GameXAMLManagerAPI] [RegisterBinding] Registering auto-binding: [UnitLimitSiegeLimitInlineHost]
[Debug  :Unit Limit] [2026-09-24 16:09:51.880] Unit limit disabled; runtime hooks not subscribed
[Debug  :Unit Limit] [2026-09-24 16:09:51.880] Crusader library loaded; UnitLimit runtime initialized.
[Info   :   BepInEx] Loading [Extra Features 1.0.100]
[Debug  :Extra Features] [2026-09-24 16:09:51.884] Crash breadcrumb diagnostics enabled: plugin=ExtraFeatures_Serp, ringCapacity=256, snapshotIntervalSeconds=1, retainedSessions=3.
[Debug  :Extra Features] [2026-09-24 16:09:51.884] Extra Features 1.0.100 loaded.
[Debug  :Extra Features] [2026-09-24 16:09:51.886] [Extra Features] gameplay-mod gate: modGuid=ExtraFeatures_Serp, source=initialization, kind=Unknown, launchVariant=Standard, customized=False, customizedOrigin=0, modeAllowed=False, configuredEnabled=True, effectiveEnabled=False, action=disabled-by-mode, reason=unknown-fail-closed.
[Info   :Extra Features] [2026-09-24 16:09:51.886] [ExtraFeatures_Serp] gameplay-feature gate: feature=LordHealthMultipliers, source=initialization, kind=Unknown, launchVariant=Standard, realMultiplayer=False, modeAllowed=False, action=disabled-by-feature-mode, reason=unknown-fail-closed.
[Debug  :Extra Features] [2026-09-24 16:09:51.886] Extra Features connected to UnitLimit capacity integration.
[Info   :  SHCDE-SE] [T1-16:09:51.891] [GameNetworkAPI] [GetPacketEventFor] Dynamically registered packet type 'KnightTransformationPacket' with ID: 1101
[Info   :  SHCDE-SE] [T1-16:09:51.891] [GameNetworkAPI] [GetPacketEventFor] Created R3 event stream for packet ID 1101 [KnightTransformationPacket]
[Debug  :Extra Features] [2026-09-24 16:09:51.895] Extra Features Knight transformation persistent Stop/Save/movement/visual infrastructure installed.
[Debug  :Extra Features] [2026-09-24 16:09:51.895] Extra Features Knight transformation synchronization registered: protocolVersion=2.
[Info   :  SHCDE-SE] [T1-16:09:51.895] [GameNetworkAPI] [GetPacketEventFor] Dynamically registered packet type 'GatehouseAutomationPacket' with ID: 1102
[Info   :  SHCDE-SE] [T1-16:09:51.895] [GameNetworkAPI] [GetPacketEventFor] Created R3 event stream for packet ID 1102 [GatehouseAutomationPacket]
[Info   :Extra Features] [2026-09-24 16:09:51.895] Extra Features gatehouse Chore packet registered eagerly: packetId=1102, protocolVersion=1.
[Info   :  SHCDE-SE] [T1-16:09:51.895] [ModSaveDataAPI] [RegisterModDataHandler] Registered handler for [serp-extrafeatures-gatehouse-automation-v1]
[Info   :Extra Features] [2026-09-24 16:09:51.896] Extra Features gatehouse timing is owned by APIShared; no local native timing patch is installed.
[Info   :Extra Features] [2026-09-24 16:09:51.896] Extra Features gatehouse automation initialized; savegames use global building IDs and editor maps use stable locators in save schema v2.
[Debug  :Extra Features] [2026-09-24 16:09:51.897] AI defense repair and rebuild runtime initialized.
[Info   :  SHCDE-SE] [T1-16:09:51.897] [ModSaveDataAPI] [RegisterModDataHandler] Registered handler for [ExtraFeatures.LordHealth.v1]
[Info   :Serp Localization] [2026-09-24 16:09:51.912] Locale selected: locale=en-US, source=Steam runtime, rawLanguage=english, configuredProvider=detect, scriptExtenderLanguage=en-US, pluginDirectory=E:\ProgrammeE\Steam\steamapps\common\Stronghold Crusader Definitive Edition\BepInEx\plugins\ExtraFeatures_Serp, englishFileExists=True, localeFileExists=True.
[Info   :  SHCDE-SE] [T1-16:09:51.917] [LobbyModSettingsStorage] [Load] [ExtraFeatures_Serp]: Settings restored from [E:\ProgrammeE\Steam\steamapps\common\Stronghold Crusader Definitive Edition\BepInEx\plugins\ExtraFeatures_Serp\LobbyModSettings\ExtraFeatures_Serp.msgpack]
[Info   :  SHCDE-SE] [T1-16:09:51.926] [GameXAMLManagerAPI] [RegisterLobbyModSettingsCore] Registered mod [ExtraFeatures_Serp]
[Info   :Extra Features] [2026-09-24 16:09:51.927] [ExtraFeatures_Serp] Loaded editable lobby-settings working state; basedOn=, modified=False.
[Info   :  SHCDE-SE] [T1-16:09:51.927] [GameXAMLManagerAPI] [RegisterBinding] Registering auto-binding: [SerpTroopAction_0100_ExtraFeaturesKnightTransform]
[Info   :  SHCDE-SE] [T1-16:09:51.927] [GameXAMLManagerAPI] [RegisterBinding] Registering auto-binding: [ExtraFeaturesGatehouseAutomationButtonHost]
[Debug  :Extra Features] [2026-09-24 16:09:51.954] Native address resolved: name=default worker-count table, method=reference-rva, rva=0x2E5E58.
[Info   :Extra Features] [2026-09-24 16:09:51.955] Extra Features church worker table found at 00007FFAA7A15DE0.
[Debug  :Extra Features] [2026-09-24 16:09:51.955] Native address resolved: name=plague lifetime instruction, method=reference-rva, rva=0x9A164.
[Info   :  SHCDE-SE] [T1-16:09:51.956] [X64InlineHook] ["handle"] compiled stub at 0x00007FFA378E6550, size: 182 bytes (target: 0x00007FFAA77CA176).
[Info   :  SHCDE-SE] [T1-16:09:51.956] [X64InlineHook] ["handle"] hook enabled at 0x00007FFAA77CA176, stub 0x00007FFA378E6550.
[Info   :  SHCDE-SE] [T1-16:09:51.956] [HookTransaction[CreateOwnedTransaction]] Commit: "1/1 installed, 0 failed, 0ms (0ms scanning)"
[Debug  :Extra Features] [2026-09-24 16:09:51.957] Native address resolved: name=AI flag projectile routine, method=reference-rva, rva=0x504F0.
[Info   :  SHCDE-SE] [T1-16:09:51.957] [ModSaveDataAPI] [RegisterModDataHandler] Registered handler for [ExtraFeatures.AiFlagDisease.v1]
[Info   :  SHCDE-SE] [T1-16:09:51.957] [Detour:aiFlagRoutineHook] ["aiFlagRoutineHook"] prepared at 0x00007FFAA77804F0 using Indirect: 6 bytes displaced, trampoline 0x00007FFA378E67A0.
[Info   :  SHCDE-SE] [T1-16:09:52.005] [HookTransaction[CreateOwnedTransaction]] Commit: "1/1 installed, 0 failed, 47ms (0ms scanning)"
[Debug  :Extra Features] [2026-09-24 16:09:52.005] Extra Features AI flag disease tracking initialized: routineRva=0x504F0.
[Debug  :Extra Features] [2026-09-24 16:09:52.005] Extra Features AI flag and Cesspit Disease lifetime exceptions initialized: comparisonRva=0x9A176, vanilla=800.
[Debug  :Extra Features] [2026-09-24 16:09:52.007] Native address resolved: name=apothecary plague-search range block, method=reference-rva, rva=0x9F85F.
[Info   :  SHCDE-SE] [T1-16:09:52.008] [X64InlineHook] ["distanceComparisonHook"] compiled stub at 0x00007FFA378E67E0, size: 53 bytes (target: 0x00007FFAA77CF866).
[Info   :  SHCDE-SE] [T1-16:09:52.008] [X64InlineHook] ["distanceComparisonHook"] hook enabled at 0x00007FFAA77CF866, stub 0x00007FFA378E67E0.
[Info   :  SHCDE-SE] [T1-16:09:52.008] [HookTransaction[CreateOwnedTransaction]] Commit: "1/1 installed, 0 failed, 0ms (0ms scanning)"
[Info   :Extra Features] [2026-09-24 16:09:52.008] Extra Features apothecary plague-search hook installed disabled: startRva=0x9F866, displaced=14, returnRva=0x9F874, rejectRva=0x9F8CD, incomingInteriorTargets=0.
[Debug  :Extra Features] [2026-09-24 16:09:52.008] Native address resolved: name=Monk movement decision, method=reference-rva, rva=0x151436.
[Info   :  SHCDE-SE] [T1-16:09:52.023] [X64InlineHook] ["movementDecisionHook"] compiled stub at 0x00007FFA378E68E0, size: 143 bytes (target: 0x00007FFAA7881436).
[Info   :  SHCDE-SE] [T1-16:09:52.023] [X64InlineHook] ["movementDecisionHook"] hook enabled at 0x00007FFAA7881436, stub 0x00007FFA378E68E0.
[Info   :Extra Features] [2026-09-24 16:09:52.023] Extra Features Monk movement hook installed disabled: startRva=0x151436, endRva=0x15144A, instructionLengths=9,2,9, nextRva=0x15144A, incomingInteriorTargets=0, skins=FightingMonk/TempleGuard.
[Info   :  SHCDE-SE] [T1-16:09:52.023] [HookTransaction[CreateOwnedTransaction]] Commit: "1/1 installed, 0 failed, 0ms (0ms scanning)"
[Debug  :Extra Features] [2026-09-24 16:09:52.024] Native address resolved: name=fear-factor damage helper, method=reference-rva, rva=0x180560.
[Debug  :Extra Features] [2026-09-24 16:09:52.024] Native address resolved: name=fear-factor selected-unit overlay, method=reference-rva, rva=0x1A19F2.
[Info   :Extra Features] [2026-09-24 16:09:52.029] FEAR_FACTOR_VALIDATED: sha256=FBCB93195FC7EFCA9BDAC5204852EFDD76F9818F59A6711750D77C9CEF2831E2, uiStart=0x1A19F2, uiEnd=0x1A1A00, instructionLengths=7,7, next=TEST_EAX_EAX.
[Info   :  SHCDE-SE] [T1-16:09:52.029] [Detour:damageHook] ["damageHook"] prepared at 0x00007FFAA78B0560 using Indirect: 10 bytes displaced, trampoline 0x00007FFA378E6AC0.
[Info   :  SHCDE-SE] [T1-16:09:52.029] [X64InlineHook] ["unitOverlayHook"] compiled stub at 0x00007FFA378E6B00, size: 269 bytes (target: 0x00007FFAA78D19F2).
[Info   :  SHCDE-SE] [T1-16:09:52.077] [X64InlineHook] ["unitOverlayHook"] hook enabled at 0x00007FFAA78D19F2, stub 0x00007FFA378E6B00.
[Info   :Extra Features] [2026-09-24 16:09:52.077] FEAR_FACTOR_NEUTRALIZATION_READY: damageRva=0x180560, damageDetourLength=10, uiHookRva=0x1A19F2, actualUiHookLength=14, scope=allPlayersAndAI, initiallyEnabled=false, registers=All, editorEnabled=true, fearStateMutation=false, hooksInstalledAtomically=true.
[Info   :  SHCDE-SE] [T1-16:09:52.077] [HookTransaction[Apply]] Commit: "2/2 installed, 0 failed, 48ms (0ms scanning)"
[Debug  :Extra Features] [2026-09-24 16:09:52.080] Extra Features gatehouse diagnostic: button visibility state: hidden: mod-disabled.
[Info   :Extra Features] [2026-09-24 16:09:52.083] Extra Features church priest counts applied: enabled=False, church2=1, church3=1.
[Debug  :Extra Features] [2026-09-24 16:09:52.084] Native address resolved: name=AI market buy-price helper, method=reference-rva, rva=0xCEB10.
[Debug  :Extra Features] [2026-09-24 16:09:52.084] Native address resolved: name=AI market sell-price helper, method=reference-rva, rva=0xCEB90.
[Info   :Extra Features] [2026-09-24 16:09:52.104] Extra Features AI market hook spans validated before installation: buy=0xCEB10-0xCEB1A (3+7 bytes), sell=0xCEB90-0xCEB9A (3+7 bytes), nextInstructionLength=5, minimumDetourBytes=6, ripRelative=false, incomingInteriorTargets=0, overlap=false.
[Info   :  SHCDE-SE] [T1-16:09:52.105] [Detour:buyPriceHook] ["buyPriceHook"] prepared at 0x00007FFAA77FEB10 using Indirect: 10 bytes displaced, trampoline 0x00007FFA378E6E80.
[Info   :  SHCDE-SE] [T1-16:09:52.105] [Detour:sellPriceHook] ["sellPriceHook"] prepared at 0x00007FFAA77FEB90 using Indirect: 10 bytes displaced, trampoline 0x00007FFA378E6EC0.
[Info   :  SHCDE-SE] [T1-16:09:52.203] [HookTransaction[CreateOwnedTransaction]] Commit: "2/2 installed, 0 failed, 97ms (0ms scanning)"
[Info   :Extra Features] [2026-09-24 16:09:52.203] Extra Features AI Vanilla market-price hooks installed atomically: buyMethod=reference-rva, buyRva=0xCEB10, buySpan=0xCEB10-0xCEB1A; sellMethod=reference-rva, sellRva=0xCEB90, sellSpan=0xCEB90-0xCEB9A; minimumDetourBytes=6.
[Debug  :Extra Features] [2026-09-24 16:09:52.203] Crusader library loaded; Extra Features initialization stages completed.
[Info   :   BepInEx] Loading [Bugfixes and QoL 1.0.160]
[Debug  :Bugfixes and QoL] [2026-09-24 16:09:52.207] Crash breadcrumb diagnostics enabled: plugin=BugfixesAndQoL_Serp, ringCapacity=256, snapshotIntervalSeconds=1, retainedSessions=3.
[Debug  :Bugfixes and QoL] [2026-09-24 16:09:52.207] Bugfixes and QoL 1.0.160 loaded.
[Debug  :Bugfixes and QoL] [2026-09-24 16:09:52.239] Bugfixes and QoL Vanilla startup UI-readiness guard installed for the process lifetime.
[Debug  :Bugfixes and QoL] [2026-09-24 16:09:52.252] Bugfixes and QoL resolution-aware extended zoom hooks installed for the process lifetime.
[Info   :Bugfixes and QoL] [2026-09-24 16:09:52.319] Controlled Lord registered with APIShared unit-HUD presentation.
[Info   : APIShared] [2026-09-24 16:09:52.321] capability=gatehouse-distance-origin, build=FBCB93195FC7EFCA9BDAC5204852EFDD76F9818F59A6711750D77C9CEF2831E2, owner=BugfixesAndQoL_Serp, origin=BuildingBoundsCenter, status=applied
[Info   :Bugfixes and QoL] [2026-09-24 16:09:52.321] Gatehouse distance-origin correction is owned by APIShared; no local native patch is installed.
[Info   :Bugfixes and QoL] [2026-09-24 16:09:52.322] Briefing No Starting Gold correction registered with APIShared.
[Info   :Bugfixes and QoL] [2026-09-24 16:09:52.419] Bugfixes and QoL Coop custom-lord selection initialized.
[Info   :  SHCDE-SE] [T1-16:09:52.419] [GameXAMLManagerAPI] [RegisterBinding] Registering auto-binding: [CoopCustomLordSelectionHost]
[Info   :  SHCDE-SE] [T1-16:09:52.420] [ModSaveDataAPI] [RegisterModDataHandler] Registered handler for [BugfixesAndQoL-TrailCustomizationOrigin]
[Info   :  SHCDE-SE] [T1-16:09:52.420] [GameNetworkAPI] [GetPacketEventFor] Dynamically registered packet type 'TrailCustomizationPacket' with ID: 1103
[Info   :  SHCDE-SE] [T1-16:09:52.420] [GameNetworkAPI] [GetPacketEventFor] Created R3 event stream for packet ID 1103 [TrailCustomizationPacket]
[Info   :Bugfixes and QoL] [2026-09-24 16:09:52.495] Trail Customize button feature initialized.
[Info   :  SHCDE-SE] [T1-16:09:52.496] [GameNetworkAPI] [GetPacketEventFor] Dynamically registered packet type 'QuarryPileRelocationPacket' with ID: 1104
[Info   :  SHCDE-SE] [T1-16:09:52.496] [GameNetworkAPI] [GetPacketEventFor] Created R3 event stream for packet ID 1104 [QuarryPileRelocationPacket]
[Info   :  SHCDE-SE] [T1-16:09:52.497] [GameNetworkAPI] [GetPacketEventFor] Dynamically registered packet type 'SingleBuildingPausePacket' with ID: 1105
[Info   :  SHCDE-SE] [T1-16:09:52.497] [GameNetworkAPI] [GetPacketEventFor] Created R3 event stream for packet ID 1105 [SingleBuildingPausePacket]
[Info   :Bugfixes and QoL] [2026-09-24 16:09:52.497] Bugfixes and QoL Chore packet registered eagerly: packetId=1105, protocolVersion=2.
[Info   :  SHCDE-SE] [T1-16:09:52.497] [GameNetworkAPI] [GetPacketEventFor] Dynamically registered packet type 'AssassinClimbStatePacket' with ID: 1106
[Info   :  SHCDE-SE] [T1-16:09:52.497] [GameNetworkAPI] [GetPacketEventFor] Created R3 event stream for packet ID 1106 [AssassinClimbStatePacket]
[Debug  :Bugfixes and QoL] [2026-09-24 16:09:52.497] Bugfixes and QoL Assassin climb-state synchronization registered: protocolVersion=1.
[Debug  :Bugfixes and QoL] [2026-09-24 16:09:52.497] Bugfixes and QoL Assassin climb cancellation subscribed to the Script Extender selected-unit Pre event.
[Info   :  SHCDE-SE] [T1-16:09:52.499] [GameNetworkAPI] [GetPacketEventFor] Dynamically registered packet type 'MultiplayerAivSyncPacket' with ID: 1107
[Info   :  SHCDE-SE] [T1-16:09:52.499] [GameNetworkAPI] [GetPacketEventFor] Created R3 event stream for packet ID 1107 [MultiplayerAivSyncPacket]
[Debug  :Bugfixes and QoL] [2026-09-24 16:09:52.503] Bugfixes and QoL multiplayer AIV sync initialized: packetId=1107, protocol=1.
[Info   :  SHCDE-SE] [T1-16:09:52.503] [GameNetworkAPI] [GetPacketEventFor] Dynamically registered packet type 'MultiplayerGameSpeedChangePacket' with ID: 1108
[Info   :  SHCDE-SE] [T1-16:09:52.503] [GameNetworkAPI] [GetPacketEventFor] Created R3 event stream for packet ID 1108 [MultiplayerGameSpeedChangePacket]
[Info   :Bugfixes and QoL] [2026-09-24 16:09:52.503] Bugfixes and QoL multiplayer game speed: Chore packet registered eagerly: packetId=1108, protocolVersion=2.
[Info   :Bugfixes and QoL] [2026-09-24 16:09:52.535] Bugfixes and QoL multiplayer game speed: managed keybind and in-game options hooks installed.
[Info   :  SHCDE-SE] [T1-16:09:52.537] [GameNetworkAPI] [GetPacketEventFor] Dynamically registered packet type 'SiegeAmmoRestockPacket' with ID: 1109
[Info   :  SHCDE-SE] [T1-16:09:52.537] [GameNetworkAPI] [GetPacketEventFor] Created R3 event stream for packet ID 1109 [SiegeAmmoRestockPacket]
[Info   :Bugfixes and QoL] [2026-09-24 16:09:52.558] fair siege-ammunition hook initialized: packetId=1109, protocol=1.
[Info   :Bugfixes and QoL] [2026-09-24 16:09:52.559] Bugfixes and QoL hostile placement-clearance validation subscribed.
[Debug  :Bugfixes and QoL] [2026-09-24 16:09:52.563] Bugfixes and QoL abrupt host-migration hook installed.
[Info   :  SHCDE-SE] [T1-16:09:52.567] [GameXAMLManagerAPI] [RegisterBinding] Registering auto-binding: [BugfixesAndQoLAivSyncStatusHost]
[Debug  :Bugfixes and QoL] [2026-09-24 16:09:52.569] Bugfixes and QoL deferred market-goods visuals until the game UI resources are ready: mainViewModelReady=False, gameSprites=0, icons=0/20, localizedNames=0/20.
[Info   :Serp Localization] [2026-09-24 16:09:52.584] Locale selected: locale=en-US, source=Steam runtime, rawLanguage=english, configuredProvider=detect, scriptExtenderLanguage=en-US, pluginDirectory=E:\ProgrammeE\Steam\steamapps\common\Stronghold Crusader Definitive Edition\BepInEx\plugins\BugfixesAndQoL_Serp, englishFileExists=True, localeFileExists=True.
[Info   :  SHCDE-SE] [T1-16:09:52.590] [LobbyModSettingsStorage] [Load] [BugfixesAndQoL_Serp]: Settings restored from [E:\ProgrammeE\Steam\steamapps\common\Stronghold Crusader Definitive Edition\BepInEx\plugins\BugfixesAndQoL_Serp\LobbyModSettings\BugfixesAndQoL_Serp.msgpack]
[Info   :  SHCDE-SE] [T1-16:09:52.601] [GameXAMLManagerAPI] [RegisterLobbyModSettingsCore] Registered mod [BugfixesAndQoL_Serp]
[Info   :Bugfixes and QoL] [2026-09-24 16:09:52.602] [BugfixesAndQoL_Serp] Loaded editable lobby-settings working state; basedOn=, modified=False.
[Info   :Bugfixes and QoL] [2026-09-24 16:09:52.605] [BugfixesAndQoL_Serp] Shared per-player lobby convergence activated: settings=[EnableMinimapCursorFollowFix,EnableCompleteNotificationSkipOnClick,EnableMarketKeyMainMenuFix,EnableAutoTradeSellZeroFix,EnableEnemyProximityBulldozeCursorFix,EnableIngameSteamInvitePrompt,ShowSelectedUnitHealth,ImproveYellowLobbyContrast,EnableBriefingNoStartingGoldFix,StatisticsTeamBadgeMode,EnableTroopHudMiddleClickCameraJump,EnableClientFeatures,AllowMinimapWhilePlacingBuilding,PreventMoveOrderOnPlacementCancel,AllowCameraMovementWithModifiers,EnableResolutionAwareExtendedZoom,HdMarketView,MarketGoodsOrder,MultiplayerSafetyCompatibilityReport], required=[MultiplayerSafetyCompatibilityReport].
[Info   :  SHCDE-SE] [T1-16:09:52.605] [GameXAMLManagerAPI] [RegisterBinding] Registering auto-binding: [BugfixesAndQoLSkirmishGameOptionsButtonHost]
[Debug  :Bugfixes and QoL] [2026-09-24 16:09:52.650] BUGFIXES_AND_QOL_SKIRMISH_GAME_OPTIONS_MANAGED_READY: lobby, cow and auto-trading hooks installed.
[Info   :  SHCDE-SE] [T1-16:09:52.650] [GameXAMLManagerAPI] [RegisterBinding] Registering auto-binding: [SerpTroopAction_0200_BugfixesAndQoLAssassinClimb]
[Info   :  SHCDE-SE] [T1-16:09:52.650] [GameXAMLManagerAPI] [RegisterBinding] Registering auto-binding: [BugfixesAndQoLQuarryPileRelocationButtonHost]
[Info   :  SHCDE-SE] [T1-16:09:52.650] [GameNetworkAPI] [GetPacketEventFor] Dynamically registered packet type 'SurrenderRequestPacket' with ID: 1110
[Info   :  SHCDE-SE] [T1-16:09:52.650] [GameNetworkAPI] [GetPacketEventFor] Created R3 event stream for packet ID 1110 [SurrenderRequestPacket]
[Info   :  SHCDE-SE] [T1-16:09:52.650] [GameNetworkAPI] [GetPacketEventFor] Dynamically registered packet type 'SurrenderExecutionPacket' with ID: 1111
[Info   :  SHCDE-SE] [T1-16:09:52.650] [GameNetworkAPI] [GetPacketEventFor] Created R3 event stream for packet ID 1111 [SurrenderExecutionPacket]
[Info   :  SHCDE-SE] [T1-16:09:52.652] [GameNetworkAPI] [GetPacketEventFor] Dynamically registered packet type 'EliminatedPlayerSpectatorPacket' with ID: 1112
[Info   :  SHCDE-SE] [T1-16:09:52.652] [GameNetworkAPI] [GetPacketEventFor] Created R3 event stream for packet ID 1112 [EliminatedPlayerSpectatorPacket]
[Info   :Bugfixes and QoL] [2026-09-24 16:09:52.686] Bugfixes and QoL surrender/statistics initialized: requestPacketId=1110, executionPacketId=1111, spectatorPacketId=1112, requestProtocolVersion=1, statisticsReady=True, statisticsTeamBadgesReady=True.
[Info   :  SHCDE-SE] [T1-16:09:52.689] [GameXAMLManagerAPI] [RegisterBinding] Registering auto-binding: [BugfixesAndQoLSurrenderButtonHost]
[Info   :  SHCDE-SE] [T1-16:09:52.689] [GameXAMLManagerAPI] [RegisterBinding] Registering auto-binding: [BugfixesAndQoLSpectatorStatisticsRefreshHost]
[Info   :  SHCDE-SE] [T1-16:09:52.690] [GameXAMLManagerAPI] [RegisterBinding] Registering auto-binding: [BugfixesAndQoLSelectedUnitHealthHost]
[Debug  :Bugfixes and QoL] [2026-09-24 16:09:52.718] Keep-flag rotation fix installed; scanDelayTicks=3, modeFilter=new-map-only.
[Info   :  SHCDE-SE] [T1-16:09:52.751] [Detour:notificationUpdateHook] ["notificationUpdateHook"] prepared at 0x00007FFAA782E570 using Indirect: 6 bytes displaced, trampoline 0x00007FFA378E6F00.
[Info   :  SHCDE-SE] [T1-16:09:52.800] [HookTransaction[CreateOwnedTransaction]] Commit: "1/1 installed, 0 failed, 48ms (0ms scanning)"
[Debug  :Bugfixes and QoL] [2026-09-24 16:09:52.801] Bugfixes and QoL complete notification-skip hooks installed for the process lifetime.
[Debug  :Bugfixes and QoL] [2026-09-24 16:09:52.803] Native address resolved: name=Assassin path-cost builder, method=reference-rva, rva=0xD9C40.
[Debug  :Bugfixes and QoL] [2026-09-24 16:09:52.804] Native address resolved: name=Assassin path reconstruction endpoint-building guards, method=reference-rva, rva=0xE19D4.
[Info   :  SHCDE-SE] [T1-16:09:52.805] [X64InlineHook] ["handle"] compiled stub at 0x00007FFA378E6F40, size: 68 bytes (target: 0x00007FFAA78119D8).
[Info   :  SHCDE-SE] [T1-16:09:52.805] [X64InlineHook] ["handle"] compiled stub at 0x00007FFA378E7090, size: 86 bytes (target: 0x00007FFAA78119F9).
[Info   :  SHCDE-SE] [T1-16:09:52.805] [X64InlineHook] ["handle"] hook enabled at 0x00007FFAA78119D8, stub 0x00007FFA378E6F40.
[Info   :  SHCDE-SE] [T1-16:09:52.805] [X64InlineHook] ["handle"] hook enabled at 0x00007FFAA78119F9, stub 0x00007FFA378E7090.
[Info   :  SHCDE-SE] [T1-16:09:52.805] [HookTransaction[CreateOwnedTransaction]] Commit: "2/2 installed, 0 failed, 0ms (0ms scanning)"
[Debug  :Bugfixes and QoL] [2026-09-24 16:09:52.805] Assassin path reconstruction permanent hooks installed: currentRva=0xE19D8, currentDisplaced=18, neighborRva=0xE19F9, neighborDisplaced=23.
[Info   :  SHCDE-SE] [T1-16:09:52.806] [Detour:detour] ["detour"] prepared at 0x00007FFAA7809C40 using Indirect: 10 bytes displaced, trampoline 0x00007FFA378E7200.
[Info   :  SHCDE-SE] [T1-16:09:52.857] [HookTransaction[CreateOwnedTransaction]] Commit: "1/1 installed, 0 failed, 51ms (0ms scanning)"
[Debug  :Bugfixes and QoL] [2026-09-24 16:09:52.857] Bugfixes and QoL weighted Assassin pathfinding installed at RVA 0xD9C40; climb costs=80/240/400 ticks.
[Info   :  SHCDE-SE] [T1-16:09:52.859] [X64InlineHook] ["handle"] compiled stub at 0x00007FFA378E7240, size: 269 bytes (target: 0x00007FFAA78C7716).
[Info   :  SHCDE-SE] [T1-16:09:52.859] [X64InlineHook] ["handle"] hook enabled at 0x00007FFAA78C7716, stub 0x00007FFA378E7240.
[Info   :  SHCDE-SE] [T1-16:09:52.859] [HookTransaction[CreateOwnedTransaction]] Commit: "1/1 installed, 0 failed, 0ms (0ms scanning)"
[Info   :Bugfixes and QoL] [2026-09-24 16:09:52.859] installed Assassin post-combat path-context hook at RVA 0x197716.
[Debug  :Bugfixes and QoL] [2026-09-24 16:09:52.860] Native address resolved: name=pre-terrain movement-speed adjustment, method=reference-rva, rva=0x19B506.
[Debug  :Bugfixes and QoL] [2026-09-24 16:09:52.860] Native address resolved: name=unit-type update dispatch, method=reference-rva, rva=0x18410C.
[Debug  :Bugfixes and QoL] [2026-09-24 16:09:52.860] Native address resolved: name=movement cadence, method=reference-rva, rva=0x184203.
[Debug  :Bugfixes and QoL] [2026-09-24 16:09:52.860] Native address resolved: name=Spearman movement decision for rally cadence, method=reference-rva, rva=0x143BD9.
[Info   :  SHCDE-SE] [T1-16:09:52.902] [X64InlineHook] ["movementSpeedAdjustmentHook"] compiled stub at 0x00007FFA378E75D0, size: 173 bytes (target: 0x00007FFAA78CB506).
[Info   :  SHCDE-SE] [T1-16:09:52.904] [X64InlineHook] ["movementCadenceHook"] compiled stub at 0x00007FFA378E7880, size: 2722 bytes (target: 0x00007FFAA78B4203).
[Info   :  SHCDE-SE] [T1-16:09:52.904] [X64InlineHook] ["movementSpeedAdjustmentHook"] hook enabled at 0x00007FFAA78CB506, stub 0x00007FFA378E75D0.
[Info   :  SHCDE-SE] [T1-16:09:52.904] [X64InlineHook] ["movementCadenceHook"] hook enabled at 0x00007FFAA78B4203, stub 0x00007FFA378E7880.
[Info   :  SHCDE-SE] [T1-16:09:52.904] [HookTransaction[CreateOwnedTransaction]] Commit: "2/2 installed, 0 failed, 3ms (0ms scanning)"
[Debug  :Bugfixes and QoL] [2026-09-24 16:09:52.905] Native address resolved: name=Spearman movement decision, method=reference-rva, rva=0x143BD9.
[Info   :  SHCDE-SE] [T1-16:09:52.905] [X64InlineHook] ["movementDecisionHook"] compiled stub at 0x00007FFA378E9890, size: 144 bytes (target: 0x00007FFAA7873BD9).
[Info   :  SHCDE-SE] [T1-16:09:52.905] [X64InlineHook] ["movementDecisionHook"] hook enabled at 0x00007FFAA7873BD9, stub 0x00007FFA378E9890.
[Info   :  SHCDE-SE] [T1-16:09:52.905] [HookTransaction[CreateOwnedTransaction]] Commit: "1/1 installed, 0 failed, 0ms (0ms scanning)"
[Debug  :Bugfixes and QoL] [2026-09-24 16:09:52.906] Movement features: sameSpeed=True, rally=False, nativeFastpaths=True.
[Debug  :Bugfixes and QoL] [2026-09-24 16:09:52.906] Bugfixes and QoL quarry-pile runtime: validated Vanilla GameBuilding structure-group layout: size=0x32C, pileIdOffset=0x192, structureGroupOffset=0x2A8.
[Debug  :Bugfixes and QoL] [2026-09-24 16:09:52.906] Native address resolved: name=quarry-pile Vanilla candidate helper, method=reference-rva, rva=0xC0270.
[Debug  :Bugfixes and QoL] [2026-09-24 16:09:52.908] Native address resolved: name=building sleep-state synchronization function, method=reference-rva, rva=0xC7D50.
[Debug  :Bugfixes and QoL] [2026-09-24 16:09:52.908] Native address resolved: name=building sleep-state comparison, method=reference-rva, rva=0xC7DCB.
[Debug  :Bugfixes and QoL] [2026-09-24 16:09:52.908] Native address resolved: name=AI resource-shortage sleep planner, method=reference-rva, rva=0x2AA20.
[Debug  :Bugfixes and QoL] [2026-09-24 16:09:52.908] Native address resolved: name=AI emergency-demolition comparison, method=reference-rva, rva=0x2F454.
[Debug  :Bugfixes and QoL] [2026-09-24 16:09:52.908] Native address resolved: name=AI hovel-demolition function, method=reference-rva, rva=0x3B1D0.
[Debug  :Bugfixes and QoL] [2026-09-24 16:09:52.908] Native address resolved: name=general AI inaccessible-building decision, method=reference-rva, rva=0xC8FD7.
[Info   :  SHCDE-SE] [T1-16:09:52.909] [X64InlineHook] ["handle"] compiled stub at 0x00007FFA378E9A30, size: 171 bytes (target: 0x00007FFAA77F7DCB).
[Info   :  SHCDE-SE] [T1-16:09:52.909] [X64InlineHook] ["handle"] compiled stub at 0x00007FFA378E9C70, size: 165 bytes (target: 0x00007FFAA775F454).
[Info   :  SHCDE-SE] [T1-16:09:52.909] [X64InlineHook] ["handle"] compiled stub at 0x00007FFA378E9E90, size: 213 bytes (target: 0x00007FFAA77F8FD7).
[Info   :  SHCDE-SE] [T1-16:09:52.909] [Detour:aiHovelDemolitionHook] ["aiHovelDemolitionHook"] prepared at 0x00007FFAA776B1D0 using Indirect: 6 bytes displaced, trampoline 0x00007FFA378EA170.
[Info   :  SHCDE-SE] [T1-16:09:52.910] [Detour:aiResourceShortageSleepHook] ["aiResourceShortageSleepHook"] prepared at 0x00007FFAA775AA20 using Indirect: 7 bytes displaced, trampoline 0x00007FFA378EA1B0.
[Info   :  SHCDE-SE] [T1-16:09:52.910] [X64InlineHook] ["handle"] hook enabled at 0x00007FFAA77F7DCB, stub 0x00007FFA378E9A30.
[Info   :  SHCDE-SE] [T1-16:09:52.910] [X64InlineHook] ["handle"] hook enabled at 0x00007FFAA775F454, stub 0x00007FFA378E9C70.
[Info   :  SHCDE-SE] [T1-16:09:52.910] [X64InlineHook] ["handle"] hook enabled at 0x00007FFAA77F8FD7, stub 0x00007FFA378E9E90.
[Info   :  SHCDE-SE] [T1-16:09:53.005] [HookTransaction[CreateOwnedTransaction]] Commit: "5/5 installed, 0 failed, 96ms (0ms scanning)"
[Debug  :Bugfixes and QoL] [2026-09-24 16:09:53.013] Native address resolved: name=unit-type update dispatch for movement cadence, method=reference-rva, rva=0x18410C.
[Info   :Bugfixes and QoL] [2026-09-24 16:09:53.033] Bugfixes and QoL stage=friendly-moat-movement-weighted-cadence-resolver dispatchRva=0x18410C tableRva=0x321CB0 handlers=86 resolvedTypes=27/89 mode=read-only-no-audited-type-table.
[Info   :  SHCDE-SE] [T1-16:09:53.034] [Detour:detour.Handle] ["detour.Handle"] prepared at 0x00007FFAA78BE1E0 using Indirect: 7 bytes displaced, trampoline 0x00007FFA378EA1F0.
[Info   :  SHCDE-SE] [T1-16:09:53.035] [Detour:detour.Handle] ["detour.Handle"] prepared at 0x00007FFAA78B53F0 using Indirect: 6 bytes displaced, trampoline 0x00007FFA378EA230.
[Info   :  SHCDE-SE] [T1-16:09:53.035] [Detour:detour.Handle] ["detour.Handle"] prepared at 0x00007FFAA78C5E30 using Indirect: 10 bytes displaced, trampoline 0x00007FFA378EA270.
[Info   :  SHCDE-SE] [T1-16:09:53.035] [Detour:detour.Handle] ["detour.Handle"] prepared at 0x00007FFAA7824930 using Indirect: 10 bytes displaced, trampoline 0x00007FFA378EA2B0.
[Info   :  SHCDE-SE] [T1-16:09:53.035] [Detour:detour.Handle] ["detour.Handle"] prepared at 0x00007FFAA78132B0 using Indirect: 6 bytes displaced, trampoline 0x00007FFA378EA2F0.
[Info   :  SHCDE-SE] [T1-16:09:53.035] [Detour:detour.Handle] ["detour.Handle"] prepared at 0x00007FFAA7854740 using Indirect: 10 bytes displaced, trampoline 0x00007FFA378EA330.
[Info   :  SHCDE-SE] [T1-16:09:53.035] [Detour:detour.Handle] ["detour.Handle"] prepared at 0x00007FFAA7847BC0 using Indirect: 10 bytes displaced, trampoline 0x00007FFA378EA370.
[Info   :  SHCDE-SE] [T1-16:09:53.036] [Detour:detour.Handle] ["detour.Handle"] prepared at 0x00007FFAA78C6840 using Indirect: 10 bytes displaced, trampoline 0x00007FFA378EA3B0.
[Info   :  SHCDE-SE] [T1-16:09:53.036] [Detour:detour.Handle] ["detour.Handle"] prepared at 0x00007FFAA7817C40 using Indirect: 9 bytes displaced, trampoline 0x00007FFA378EA3F0.
[Info   :  SHCDE-SE] [T1-16:09:53.036] [Detour:detour.Handle] ["detour.Handle"] prepared at 0x00007FFAA7819FF0 using Indirect: 10 bytes displaced, trampoline 0x00007FFA378EA430.
[Info   :  SHCDE-SE] [T1-16:09:53.038] [X64InlineHook] ["selectionCallHooks[i]"] compiled stub at 0x00007FFA378EA470, size: 272 bytes (target: 0x00007FFAA77BD724).
[Info   :  SHCDE-SE] [T1-16:09:53.038] [X64InlineHook] ["selectionCallHooks[i]"] compiled stub at 0x00007FFA378EA760, size: 265 bytes (target: 0x00007FFAA77BE2B8).
[Info   :  SHCDE-SE] [T1-16:09:53.038] [X64InlineHook] ["selectionCallHooks[i]"] compiled stub at 0x00007FFA378EAA40, size: 272 bytes (target: 0x00007FFAA77BE550).
[Info   :  SHCDE-SE] [T1-16:09:53.038] [X64InlineHook] ["selectionCallHooks[i]"] compiled stub at 0x00007FFA378EAD30, size: 273 bytes (target: 0x00007FFAA77BF325).
[Info   :  SHCDE-SE] [T1-16:09:53.038] [X64InlineHook] ["selectionCallHooks[i]"] compiled stub at 0x00007FFA378EB030, size: 266 bytes (target: 0x00007FFAA77E7161).
[Info   :  SHCDE-SE] [T1-16:09:53.038] [X64InlineHook] ["selectionCallHooks[i]"] compiled stub at 0x00007FFA378EB320, size: 269 bytes (target: 0x00007FFAA77E7321).
[Info   :  SHCDE-SE] [T1-16:09:53.038] [Detour:detour.Handle] ["detour.Handle"] prepared at 0x00007FFAA7812CA0 using Indirect: 10 bytes displaced, trampoline 0x00007FFA378EB620.
[Info   :  SHCDE-SE] [T1-16:09:53.038] [Detour:detour.Handle] ["detour.Handle"] prepared at 0x00007FFAA7819D90 using Indirect: 6 bytes displaced, trampoline 0x00007FFA378EB660.
[Info   :  SHCDE-SE] [T1-16:09:53.521] [X64InlineHook] ["selectionCallHooks[i]"] hook enabled at 0x00007FFAA77BD724, stub 0x00007FFA378EA470.
[Info   :  SHCDE-SE] [T1-16:09:53.522] [X64InlineHook] ["selectionCallHooks[i]"] hook enabled at 0x00007FFAA77BE2B8, stub 0x00007FFA378EA760.
[Info   :  SHCDE-SE] [T1-16:09:53.522] [X64InlineHook] ["selectionCallHooks[i]"] hook enabled at 0x00007FFAA77BE550, stub 0x00007FFA378EAA40.
[Info   :  SHCDE-SE] [T1-16:09:53.522] [X64InlineHook] ["selectionCallHooks[i]"] hook enabled at 0x00007FFAA77BF325, stub 0x00007FFA378EAD30.
[Info   :  SHCDE-SE] [T1-16:09:53.522] [X64InlineHook] ["selectionCallHooks[i]"] hook enabled at 0x00007FFAA77E7161, stub 0x00007FFA378EB030.
[Info   :  SHCDE-SE] [T1-16:09:53.522] [X64InlineHook] ["selectionCallHooks[i]"] hook enabled at 0x00007FFAA77E7321, stub 0x00007FFA378EB320.
[Info   :  SHCDE-SE] [T1-16:09:53.617] [HookTransaction[CreateOwnedHookTransaction]] Commit: "18/18 installed, 0 failed, 582ms (0ms scanning)"
[Info   :Bugfixes and QoL] [2026-09-24 16:09:53.618] Friendly Moat Movement final candidate installed: cursorGate=0x8F388/jump=0x8F393(vanilla), cursorRegion=0xE9D90, cursorDirect=0xE9FF0, cursorPair=0xE2CA0, representativeUnit=0x18D460, attackPairGates=0x8D72B/0x8E2C6/0x8E557(all-vanilla), selectionCallAdapters=6, seSelectionResultPreserved=true, plan=0x18E1E0, mode=0x196840, region=0xE7C40, builder=0xF4930, postCombatResume=0x1853F0->0x1976C0->0x196280, directCursorMove=0x195E30, selectionCanDigMoat=0x191C00/call=0x8D3CE, tribeFloodFill=0x124740, moatLookup=0x69560; groupMoatMode=0x117BC0/iterator=0x119F90/call=0x11B666; friendlyAndAlliedCompletedMoats=true, enemyMoats=fail-closed-experimental, weightedMoatRouting=functional/speedContracts=0x19B506/0x184203/0x1855A0/0x1857AA/consumerContracts=0x19670C/0x185934.
[Info   :  SHCDE-SE] [T1-16:09:53.619] [Detour:detour.Handle] ["detour.Handle"] prepared at 0x00007FFAA77E70C0 using Indirect: 6 bytes displaced, trampoline 0x00007FFA378EB6A0.
[Info   :  SHCDE-SE] [T1-16:09:53.666] [HookTransaction[CreateOwnedHookTransaction]] Commit: "1/1 installed, 0 failed, 48ms (0ms scanning)"
[Info   :Bugfixes and QoL] [2026-09-24 16:09:53.666] Bugfixes and QoL friendly-moat-movement building cursor reachability installed: helper=0xB70C0, call=0x8DFF6.
[Info   :  SHCDE-SE] [T1-16:09:53.667] [Detour:detour.Handle] ["detour.Handle"] prepared at 0x00007FFAA780BC60 using Indirect: 6 bytes displaced, trampoline 0x00007FFA378EB6E0.
[Info   :  SHCDE-SE] [T1-16:09:53.668] [Detour:detour.Handle] ["detour.Handle"] prepared at 0x00007FFAA780A020 using Indirect: 6 bytes displaced, trampoline 0x00007FFA378EB720.
[Info   :  SHCDE-SE] [T1-16:09:53.669] [Detour:detour.Handle] ["detour.Handle"] prepared at 0x00007FFAA7853090 using Indirect: 10 bytes displaced, trampoline 0x00007FFA378EB760.
[Info   :  SHCDE-SE] [T1-16:09:53.669] [Detour:detour.Handle] ["detour.Handle"] prepared at 0x00007FFAA7812610 using Indirect: 6 bytes displaced, trampoline 0x00007FFA378EB7A0.
[Info   :  SHCDE-SE] [T1-16:09:53.861] [HookTransaction[CreateOwnedHookTransaction]] Commit: "4/4 installed, 0 failed, 194ms (0ms scanning)"
[Info   :Bugfixes and QoL] [2026-09-24 16:09:53.861] Bugfixes and QoL friendly-moat-movement attack-approach hooks installed: unitFlood=0xDBC60, buildingApproach=0xDA020, buildingConsumer=0x123090, regionPair=0xE2610, vanillaGroupMode=0x117C70, directFillApproach=0xE7F60->0xE81EB.
[Info   :  SHCDE-SE] [T1-16:09:53.863] [Detour:detour.Handle] ["detour.Handle"] prepared at 0x00007FFAA7799D60 using Indirect: 9 bytes displaced, trampoline 0x00007FFA378EB7E0.
[Info   :  SHCDE-SE] [T1-16:09:53.863] [Detour:detour.Handle] ["detour.Handle"] prepared at 0x00007FFAA779AF60 using Indirect: 6 bytes displaced, trampoline 0x00007FFA378EB820.
[Info   :  SHCDE-SE] [T1-16:09:53.863] [Detour:detour.Handle] ["detour.Handle"] prepared at 0x00007FFAA779C490 using Indirect: 10 bytes displaced, trampoline 0x00007FFA378EB860.
[Info   :  SHCDE-SE] [T1-16:09:54.008] [HookTransaction[CreateOwnedHookTransaction]] Commit: "3/3 installed, 0 failed, 144ms (0ms scanning)"
[Info   :Bugfixes and QoL] [2026-09-24 16:09:54.008] Bugfixes and QoL friendly-moat-movement moat-work target selection installed: selector=0x69D60, resolver=0x6AF60, fillApproach=0x6C490, regionPair=0xE2610, regionSearch=0xE7C40.
[Info   :  SHCDE-SE] [T1-16:09:54.026] [Detour:detour.Handle] ["detour.Handle"] prepared at 0x00007FFAA78090D0 using Indirect: 10 bytes displaced, trampoline 0x00007FFA378EB8A0.
[Info   :  SHCDE-SE] [T1-16:09:54.026] [Detour:detour.Handle] ["detour.Handle"] prepared at 0x00007FFAA7789210 using Indirect: 10 bytes displaced, trampoline 0x00007FFA378EB8E0.
[Info   :  SHCDE-SE] [T1-16:09:54.026] [Detour:detour.Handle] ["detour.Handle"] prepared at 0x00007FFAA7791E70 using Indirect: 6 bytes displaced, trampoline 0x00007FFA378EB920.
[Info   :  SHCDE-SE] [T1-16:09:54.026] [Detour:detour.Handle] ["detour.Handle"] prepared at 0x00007FFAA780AA50 using Indirect: 10 bytes displaced, trampoline 0x00007FFA378EB960.
[Info   :  SHCDE-SE] [T1-16:09:54.026] [X64InlineHook] ["preBuilderRecoveryHook"] compiled stub at 0x00007FFA378EB9A0, size: 87 bytes (target: 0x00007FFAA78C664B).
[Info   :  SHCDE-SE] [T1-16:09:54.026] [Detour:detour.Handle] ["detour.Handle"] prepared at 0x00007FFAA7811D30 using Indirect: 10 bytes displaced, trampoline 0x00007FFA378EBB00.
[Info   :  SHCDE-SE] [T1-16:09:54.027] [Detour:detour.Handle] ["detour.Handle"] prepared at 0x00007FFAA7810970 using Indirect: 10 bytes displaced, trampoline 0x00007FFA378EBB40.
[Info   :  SHCDE-SE] [T1-16:09:54.027] [Detour:detour.Handle] ["detour.Handle"] prepared at 0x00007FFAA7848E00 using Indirect: 10 bytes displaced, trampoline 0x00007FFA378EBB80.
[Info   :  SHCDE-SE] [T1-16:09:54.027] [Detour:detour.Handle] ["detour.Handle"] prepared at 0x00007FFAA78B1890 using Indirect: 10 bytes displaced, trampoline 0x00007FFA378EBBC0.
[Info   :  SHCDE-SE] [T1-16:09:54.027] [Detour:detour.Handle] ["detour.Handle"] prepared at 0x00007FFAA78203C0 using Indirect: 6 bytes displaced, trampoline 0x00007FFA378EBC00.
[Info   :  SHCDE-SE] [T1-16:09:54.222] [X64InlineHook] ["preBuilderRecoveryHook"] hook enabled at 0x00007FFAA78C664B, stub 0x00007FFA378EB9A0.
[Info   :  SHCDE-SE] [T1-16:09:54.462] [HookTransaction[CreateOwnedHookTransaction]] Commit: "10/10 installed, 0 failed, 436ms (0ms scanning)"
[Info   :Bugfixes and QoL] [2026-09-24 16:09:54.462] Bugfixes and QoL friendly-moat-movement placement hooks installed: commonGroup=0x118E00 formationSlot=0xE1D30 assassinGroundSlot=0xE0970 unstack=0x181890 freePlace=0xF03C0; native Unit event retained, terrain unchanged.
[Info   :Bugfixes and QoL] [2026-09-24 16:09:54.462] Bugfixes and QoL friendly moat movement initialized: mode=0, improvedFill=True, ladderAttackFix=True.
[Info   :  SHCDE-SE] [T1-16:09:54.466] [GameTribeManagerAPI] [.ctor] _tribeManager: 00007FFAAF3F6720
[Info   :  SHCDE-SE] [T1-16:09:54.466] [GameTribeManagerAPI] [.ctor] _tribesArray: 00007FFAAF3F674A
[Info   :  SHCDE-SE] [T1-16:09:54.466] [GameTribeManagerAPI] [.ctor] SizeOf(GameTribeManagerAPI)=1714, SizeOf(GameTribe)=1672
[Info   :  SHCDE-SE] [T1-16:09:54.467] [Detour:waypointAppendHook] ["waypointAppendHook"] prepared at 0x00007FFAA784C3A0 using Indirect: 8 bytes displaced, trampoline 0x00007FFA378EBC40.
[Info   :  SHCDE-SE] [T1-16:09:54.467] [Detour:tribeOverlayRenderHook] ["tribeOverlayRenderHook"] prepared at 0x00007FFAA78522A0 using Indirect: 10 bytes displaced, trampoline 0x00007FFA378EBC80.
[Info   :  SHCDE-SE] [T1-16:09:54.565] [HookTransaction[Install]] Commit: "2/2 installed, 0 failed, 98ms (0ms scanning)"
[Info   :  SHCDE-SE] [T1-16:09:54.566] [Detour:moveChoreHandlerHook] ["moveChoreHandlerHook"] prepared at 0x00007FFAA7740AE0 using Indirect: 6 bytes displaced, trampoline 0x00007FFA378EBCC0.
[Info   :  SHCDE-SE] [T1-16:09:54.566] [Detour:targetOrderChoreHandlerHook] ["targetOrderChoreHandlerHook"] prepared at 0x00007FFAA7742BF0 using Indirect: 6 bytes displaced, trampoline 0x00007FFA378EBD00.
[Info   :  SHCDE-SE] [T1-16:09:54.661] [HookTransaction[InstallMultiplayerSynchronization]] Commit: "2/2 installed, 0 failed, 95ms (0ms scanning)"
[Info   :  SHCDE-SE] [T1-16:09:54.662] [Detour:drawSubmissionHook] ["drawSubmissionHook"] prepared at 0x00007FFAA77717A0 using Indirect: 10 bytes displaced, trampoline 0x00007FFA378EBD40.
[Info   :  SHCDE-SE] [T1-16:09:54.709] [HookTransaction[InstallOptionalDrawFilter]] Commit: "1/1 installed, 0 failed, 47ms (0ms scanning)"
[Info   :  SHCDE-SE] [T1-16:09:54.711] [Detour:resetDrawListHook] ["resetDrawListHook"] prepared at 0x00007FFAA7771D10 using Indirect: 6 bytes displaced, trampoline 0x00007FFA378EBD80.
[Info   :  SHCDE-SE] [T1-16:09:54.712] [X64InlineHook] ["handle"] compiled stub at 0x00007FFA378EBDC0, size: 272 bytes (target: 0x00007FFAA77736DE).
[Info   :  SHCDE-SE] [T1-16:09:54.760] [X64InlineHook] ["handle"] hook enabled at 0x00007FFAA77736DE, stub 0x00007FFA378EBDC0.
[Info   :Bugfixes and QoL] [2026-09-24 16:09:54.760] Large Move marker renderer ready: reset=0x41D10/span80, visible=0x436DE/span17.
[Info   :  SHCDE-SE] [T1-16:09:54.760] [HookTransaction[CreateOwnedTransaction]] Commit: "2/2 installed, 0 failed, 49ms (0ms scanning)"
[Info   :Bugfixes and QoL] [2026-09-24 16:09:54.766] Move formation drag R3 input, selection transition, and full Vanilla EngineInterface.run transaction installed for the process lifetime.
[Debug  :Bugfixes and QoL] [2026-09-24 16:09:54.766] Extended Shift command queue setting applied: enabled=True.
[Info   :Bugfixes and QoL] [2026-09-24 16:09:54.767] INITIALIZED: waypointRva=0x11C3A0, functionSize=71, movementCompleteRva=0x1178D0, overlayRenderRva=0x1222A0, tribeUnassign=SHCDESE-2.3.0-wrapper, drawFilterInstalled=True, targetMarkerProjectionAvailable=True, largeMoveMarkerOverflowAvailable=True, multiplayerSynchronizationReady=True, GameTribeSize=0x688, queueLimit=128, featureEnabled=True. Command capture no longer depends on an OnStartMap event.
[Debug  :Bugfixes and QoL] [2026-09-24 16:09:54.768] Native address resolved: name=plague herd creation, method=reference-rva, rva=0xD17D0.
[Debug  :Bugfixes and QoL] [2026-09-24 16:09:54.768] Native address resolved: name=plague popularity exit, method=reference-rva, rva=0xCB55C.
[Info   :  SHCDE-SE] [T1-16:09:54.768] [Detour:createHerdHook] ["createHerdHook"] prepared at 0x00007FFAA78017D0 using Indirect: 10 bytes displaced, trampoline 0x00007FFA378EC150.
[Info   :  SHCDE-SE] [T1-16:09:54.768] [X64InlineHook] ["handle"] compiled stub at 0x00007FFA378EC190, size: 199 bytes (target: 0x00007FFAA77FB57C).
[Info   :  SHCDE-SE] [T1-16:09:54.817] [X64InlineHook] ["handle"] hook enabled at 0x00007FFAA77FB57C, stub 0x00007FFA378EC190.
[Info   :  SHCDE-SE] [T1-16:09:54.817] [HookTransaction[CreateOwnedTransaction]] Commit: "2/2 installed, 0 failed, 48ms (0ms scanning)"
[Info   :  SHCDE-SE] [T1-16:09:54.817] [ModSaveDataAPI] [RegisterModDataHandler] Registered handler for [serp-plague-popularity-v1]
[Debug  :Bugfixes and QoL] [2026-09-24 16:09:54.818] Native address resolved: name=plague area-treatment function, method=reference-rva, rva=0xA0470.
[Info   :  SHCDE-SE] [T1-16:09:54.818] [Detour:areaTreatmentHook] ["areaTreatmentHook"] prepared at 0x00007FFAA77D0470 using Indirect: 8 bytes displaced, trampoline 0x00007FFA378EC410.
[Info   :  SHCDE-SE] [T1-16:09:54.866] [HookTransaction[CreateOwnedTransaction]] Commit: "1/1 installed, 0 failed, 49ms (0ms scanning)"
[Debug  :Bugfixes and QoL] [2026-09-24 16:09:54.866] Bugfixes and QoL plague-cloud removal fix initialized from a unique native signature.
[Debug  :Bugfixes and QoL] [2026-09-24 16:09:54.867] Native address resolved: name=apothecary nearest-disease search function, method=reference-rva, rva=0x9F700.
[Debug  :Bugfixes and QoL] [2026-09-24 16:09:54.867] Native address resolved: name=apothecary update common exit, method=reference-rva, rva=0x1501A7.
[Info   :  SHCDE-SE] [T1-16:09:54.869] [Detour:diseaseSearchHook] ["diseaseSearchHook"] prepared at 0x00007FFAA77CF700 using Indirect: 10 bytes displaced, trampoline 0x00007FFA378EC450.
[Info   :  SHCDE-SE] [T1-16:09:54.869] [X64InlineHook] ["handle"] compiled stub at 0x00007FFA378EC490, size: 176 bytes (target: 0x00007FFAA78801A7).
[Info   :  SHCDE-SE] [T1-16:09:54.915] [X64InlineHook] ["handle"] hook enabled at 0x00007FFAA78801A7, stub 0x00007FFA378EC490.
[Debug  :Bugfixes and QoL] [2026-09-24 16:09:54.915] Bugfixes and QoL plague target-reservation fix initialized from unique disease-search and healer-update-exit signatures; radius=<7, stationaryTimeoutGameMs=10000.
[Info   :  SHCDE-SE] [T1-16:09:54.915] [HookTransaction[CreateOwnedTransaction]] Commit: "2/2 installed, 0 failed, 48ms (0ms scanning)"
[Debug  :Bugfixes and QoL] [2026-09-24 16:09:54.917] Native address resolved: name=apothecary state-2 disease-found branch, method=reference-rva, rva=0x14F8CC.
[Debug  :Bugfixes and QoL] [2026-09-24 16:09:54.917] Native address resolved: name=apothecary working state-2 building-exit reference, method=reference-rva, rva=0x14F768.
[Info   :  SHCDE-SE] [T1-16:09:54.917] [X64InlineHook] ["handle"] compiled stub at 0x00007FFA378EC6E0, size: 181 bytes (target: 0x00007FFAA787F8CC).
[Info   :  SHCDE-SE] [T1-16:09:54.917] [X64InlineHook] ["handle"] hook enabled at 0x00007FFAA787F8CC, stub 0x00007FFA378EC6E0.
[Debug  :Bugfixes and QoL] [2026-09-24 16:09:54.920] Bugfixes and QoL stuck-apothecary fix initialized from unique target and Vanilla building-exit reference signatures.
[Info   :  SHCDE-SE] [T1-16:09:54.917] [HookTransaction[CreateOwnedTransaction]] Commit: "1/1 installed, 0 failed, 0ms (0ms scanning)"
[Debug  :Bugfixes and QoL] [2026-09-24 16:09:54.922] Native address resolved: name=shared preview failure status, method=reference-rva, rva=0x9129E.
[Debug  :Bugfixes and QoL] [2026-09-24 16:09:54.922] Native address resolved: name=European troop placement rejection, method=reference-rva, rva=0x929D3.
[Debug  :Bugfixes and QoL] [2026-09-24 16:09:54.922] Native address resolved: name=mercenary troop placement rejection, method=reference-rva, rva=0x928E0.
[Debug  :Bugfixes and QoL] [2026-09-24 16:09:54.922] Native address resolved: name=engineer placement rejection, method=reference-rva, rva=0x926FA.
[Debug  :Bugfixes and QoL] [2026-09-24 16:09:54.922] Native address resolved: name=tunneler placement rejection, method=reference-rva, rva=0x912E0.
[Debug  :Bugfixes and QoL] [2026-09-24 16:09:54.922] Native address resolved: name=knight placement rejection, method=reference-rva, rva=0x913CF.
[Debug  :Bugfixes and QoL] [2026-09-24 16:09:54.922] Native address resolved: name=Bedouin troop placement rejection, method=reference-rva, rva=0x927ED.
[Info   :  SHCDE-SE] [T1-16:09:54.922] [X64InlineHook] ["handle"] compiled stub at 0x00007FFA378EC930, size: 67 bytes (target: 0x00007FFAA77C12AF).
[Info   :  SHCDE-SE] [T1-16:09:54.922] [X64InlineHook] ["handle"] compiled stub at 0x00007FFA378ECAA0, size: 66 bytes (target: 0x00007FFAA77C29D5).
[Info   :  SHCDE-SE] [T1-16:09:54.922] [X64InlineHook] ["handle"] compiled stub at 0x00007FFA378ECBF0, size: 66 bytes (target: 0x00007FFAA77C28E2).
[Info   :  SHCDE-SE] [T1-16:09:54.922] [X64InlineHook] ["handle"] compiled stub at 0x00007FFA378ECD40, size: 66 bytes (target: 0x00007FFAA77C26FC).
[Info   :  SHCDE-SE] [T1-16:09:54.922] [X64InlineHook] ["handle"] compiled stub at 0x00007FFA378ECE90, size: 64 bytes (target: 0x00007FFAA77C12E2).
[Info   :  SHCDE-SE] [T1-16:09:54.922] [X64InlineHook] ["handle"] compiled stub at 0x00007FFA378ECFC0, size: 68 bytes (target: 0x00007FFAA77C13D1).
[Info   :  SHCDE-SE] [T1-16:09:54.922] [X64InlineHook] ["handle"] compiled stub at 0x00007FFA378ED110, size: 66 bytes (target: 0x00007FFAA77C27EF).
[Info   :  SHCDE-SE] [T1-16:09:54.922] [X64InlineHook] ["handle"] hook enabled at 0x00007FFAA77C12AF, stub 0x00007FFA378EC930.
[Info   :  SHCDE-SE] [T1-16:09:54.922] [X64InlineHook] ["handle"] hook enabled at 0x00007FFAA77C29D5, stub 0x00007FFA378ECAA0.
[Info   :  SHCDE-SE] [T1-16:09:54.922] [X64InlineHook] ["handle"] hook enabled at 0x00007FFAA77C28E2, stub 0x00007FFA378ECBF0.
[Info   :  SHCDE-SE] [T1-16:09:54.923] [X64InlineHook] ["handle"] hook enabled at 0x00007FFAA77C26FC, stub 0x00007FFA378ECD40.
[Info   :  SHCDE-SE] [T1-16:09:54.923] [X64InlineHook] ["handle"] hook enabled at 0x00007FFAA77C12E2, stub 0x00007FFA378ECE90.
[Info   :  SHCDE-SE] [T1-16:09:54.923] [X64InlineHook] ["handle"] hook enabled at 0x00007FFAA77C13D1, stub 0x00007FFA378ECFC0.
[Info   :  SHCDE-SE] [T1-16:09:54.923] [X64InlineHook] ["handle"] hook enabled at 0x00007FFAA77C27EF, stub 0x00007FFA378ED110.
[Debug  :Bugfixes and QoL] [2026-09-24 16:09:54.923] Assembly-point permanent hooks installed; sites=7.
[Info   :  SHCDE-SE] [T1-16:09:54.923] [HookTransaction[CreateOwnedTransaction]] Commit: "7/7 installed, 0 failed, 0ms (0ms scanning)"
[Info   :  SHCDE-SE] [T1-16:09:54.927] [X64InlineHook] ["firstClassifierHook"] compiled stub at 0x00007FFA378ED260, size: 86 bytes (target: 0x00007FFAA784EBF5).
[Info   :  SHCDE-SE] [T1-16:09:54.927] [X64InlineHook] ["secondClassifierHook"] compiled stub at 0x00007FFA378ED3F0, size: 82 bytes (target: 0x00007FFAA784EF39).
[Info   :  SHCDE-SE] [T1-16:09:54.927] [X64InlineHook] ["firstClassifierHook"] hook enabled at 0x00007FFAA784EBF5, stub 0x00007FFA378ED260.
[Info   :  SHCDE-SE] [T1-16:09:54.927] [X64InlineHook] ["secondClassifierHook"] hook enabled at 0x00007FFAA784EF39, stub 0x00007FFA378ED3F0.
[Info   :  SHCDE-SE] [T1-16:09:54.927] [HookTransaction[CreateOwnedTransaction]] Commit: "2/2 installed, 0 failed, 0ms (0ms scanning)"
[Debug  :Bugfixes and QoL] [2026-09-24 16:09:54.927] Healer AttackUnit permanent classifier hooks installed: first=18, second=16.
[Debug  :Bugfixes and QoL] [2026-09-24 16:09:54.927] Native address resolved: name=mounted-stockpile cursor mounted classification, method=reference-rva, rva=0x8F209.
[Debug  :Bugfixes and QoL] [2026-09-24 16:09:54.927] Native address resolved: name=mounted-stockpile order-feedback mounted classification, method=reference-rva, rva=0x195F5E.
[Debug  :Bugfixes and QoL] [2026-09-24 16:09:54.927] Native address resolved: name=mounted-stockpile per-unit endpoint wall gate, method=reference-rva, rva=0x196483.
[Info   :  SHCDE-SE] [T1-16:09:54.928] [X64InlineHook] ["handle"] compiled stub at 0x00007FFA378ED580, size: 113 bytes (target: 0x00007FFAA77BF20E).
[Info   :  SHCDE-SE] [T1-16:09:54.928] [X64InlineHook] ["handle"] compiled stub at 0x00007FFA378ED710, size: 113 bytes (target: 0x00007FFAA78C5F63).
[Info   :  SHCDE-SE] [T1-16:09:54.929] [X64InlineHook] ["handle"] compiled stub at 0x00007FFA378ED8A0, size: 208 bytes (target: 0x00007FFAA78C648D).
[Info   :  SHCDE-SE] [T1-16:09:54.929] [X64InlineHook] ["handle"] hook enabled at 0x00007FFAA77BF20E, stub 0x00007FFA378ED580.
[Info   :  SHCDE-SE] [T1-16:09:54.929] [X64InlineHook] ["handle"] hook enabled at 0x00007FFAA78C5F63, stub 0x00007FFA378ED710.
[Info   :  SHCDE-SE] [T1-16:09:54.929] [X64InlineHook] ["handle"] hook enabled at 0x00007FFAA78C648D, stub 0x00007FFA378ED8A0.
[Info   :  SHCDE-SE] [T1-16:09:54.929] [HookTransaction[CreateOwnedTransaction]] Commit: "3/3 installed, 0 failed, 0ms (0ms scanning)"
[Debug  :Bugfixes and QoL] [2026-09-24 16:09:54.929] Bugfixes and QoL mounted-stockpile movement hooks enabled logically.
[Debug  :Bugfixes and QoL] [2026-09-24 16:09:54.929] Bugfixes and QoL mounted-stockpile movement hooks installed; cursor=0x8F20E, orderFeedback=0x195F63, endpoint=0x19648D.
[Info   :  SHCDE-SE] [T1-16:09:54.939] [Detour:detour] ["detour"] prepared at 0x00007FFAA78B6D10 using Indirect: 7 bytes displaced, trampoline 0x00007FFA378EDB40.
[Info   :  SHCDE-SE] [T1-16:09:54.986] [HookTransaction[CreateOwnedTransaction]] Commit: "1/1 installed, 0 failed, 47ms (0ms scanning)"
[Info   :  SHCDE-SE] [T1-16:09:55.004] [X64InlineHook] ["handle"] compiled stub at 0x00007FFA378EDB80, size: 68 bytes (target: 0x00007FFAA77FAF1C).
[Info   :  SHCDE-SE] [T1-16:09:55.004] [X64InlineHook] ["handle"] compiled stub at 0x00007FFA378EDCF0, size: 64 bytes (target: 0x00007FFAA7801020).
[Info   :  SHCDE-SE] [T1-16:09:55.004] [X64InlineHook] ["handle"] hook enabled at 0x00007FFAA77FAF1C, stub 0x00007FFA378EDB80.
[Info   :  SHCDE-SE] [T1-16:09:55.004] [X64InlineHook] ["handle"] hook enabled at 0x00007FFAA7801020, stub 0x00007FFA378EDCF0.
[Info   :  SHCDE-SE] [T1-16:09:55.004] [HookTransaction[CreateOwnedTransaction]] Commit: "2/2 installed, 0 failed, 0ms (0ms scanning)"
[Info   :  SHCDE-SE] [T1-16:09:55.006] [GameAIVManagerAPI] [.ctor] AIVSystem: 00007FFAAABD9F70
[Info   :  SHCDE-SE] [T1-16:09:55.006] [GameAIVManagerAPI] [.ctor] Imported AIV variants: 00007FFAA7FF4640
[Info   :Bugfixes and QoL] [2026-09-24 16:09:55.006] AI stone-reserve AIV backend: official SHCDE-SE 2.9.0.0 API; SHCDESE_COARSE_GRID_BUFFER_WORKAROUND workaround inactive.
[Info   :  SHCDE-SE] [T1-16:09:55.007] [X64InlineHook] ["handle"] compiled stub at 0x00007FFA378EDE40, size: 279 bytes (target: 0x00007FFAA776F156).
[Info   :  SHCDE-SE] [T1-16:09:55.007] [X64InlineHook] ["handle"] hook enabled at 0x00007FFAA776F156, stub 0x00007FFA378EDE40.
[Info   :  SHCDE-SE] [T1-16:09:55.007] [HookTransaction[CreateOwnedTransaction]] Commit: "1/1 installed, 0 failed, 0ms (0ms scanning)"
[Debug  :Bugfixes and QoL] [2026-09-24 16:09:55.007] Bugfixes and QoL AI stone-reserve hook installed: method=reference-rva, patternRva=0x3F14F, hookRva=0x3F156, nativeHookActive=True, enabled=True.
[Info   :  SHCDE-SE] [T1-16:09:55.011] [X64InlineHook] ["handle"] compiled stub at 0x00007FFA378EE1E0, size: 270 bytes (target: 0x00007FFAA7770C97).
[Info   :  SHCDE-SE] [T1-16:09:55.011] [X64InlineHook] ["handle"] hook enabled at 0x00007FFAA7770C97, stub 0x00007FFA378EE1E0.
[Info   :  SHCDE-SE] [T1-16:09:55.011] [HookTransaction[CreateOwnedTransaction]] Commit: "1/1 installed, 0 failed, 0ms (0ms scanning)"
[Debug  :Bugfixes and QoL] [2026-09-24 16:09:55.011] Bugfixes and QoL AI defense patrol hook installed: hookRva=0x40C97, hookLength=15, nativeHookActive=True, enabled=True, unitIdsAreOneBased=true, scanIndicesAreZeroBased=true, existingPatrolMigration=false.
[Info   :  SHCDE-SE] [T1-16:09:55.013] [X64InlineHook] ["handle"] compiled stub at 0x00007FFA378EE570, size: 70 bytes (target: 0x00007FFAA783ECC3).
[Info   :Bugfixes and QoL] [2026-09-24 16:09:55.013] AI wall-targeting permanent hook installed: rva=0x10ECC3, displaced=15.
[Info   :  SHCDE-SE] [T1-16:09:55.013] [X64InlineHook] ["handle"] hook enabled at 0x00007FFAA783ECC3, stub 0x00007FFA378EE570.
[Info   :  SHCDE-SE] [T1-16:09:55.013] [HookTransaction[CreateOwnedTransaction]] Commit: "1/1 installed, 0 failed, 0ms (0ms scanning)"
[Info   :  SHCDE-SE] [T1-16:09:55.023] [X64InlineHook] ["handle"] compiled stub at 0x00007FFA378EE6C0, size: 82 bytes (target: 0x00007FFAA778471F).
[Info   :  SHCDE-SE] [T1-16:09:55.023] [X64InlineHook] ["handle"] hook enabled at 0x00007FFAA778471F, stub 0x00007FFA378EE6C0.
[Info   :  SHCDE-SE] [T1-16:09:55.023] [HookTransaction[CreateOwnedTransaction]] Commit: "1/1 installed, 0 failed, 0ms (0ms scanning)"
[Info   :Bugfixes and QoL] [2026-09-24 16:09:55.023] AIV defender-position permanent hook installed: rva=0x5471F, displaced=17.
[Debug  :Bugfixes and QoL] [2026-09-24 16:09:55.026] Native address resolved: name=BugfixesAndQoL AI preplaced buildings economy-oxen, method=reference-rva, rva=0x50F90.
[Debug  :Bugfixes and QoL] [2026-09-24 16:09:55.026] Native address resolved: name=BugfixesAndQoL AI preplaced buildings economy-quarry, method=reference-rva, rva=0x51270.
[Debug  :Bugfixes and QoL] [2026-09-24 16:09:55.026] Native address resolved: name=BugfixesAndQoL AI preplaced buildings economy-wood, method=reference-rva, rva=0x51540.
[Debug  :Bugfixes and QoL] [2026-09-24 16:09:55.026] Native address resolved: name=BugfixesAndQoL AI preplaced buildings farm-search, method=reference-rva, rva=0x575B0.
[Debug  :Bugfixes and QoL] [2026-09-24 16:09:55.026] Native address resolved: name=BugfixesAndQoL AI preplaced buildings resource-search, method=reference-rva, rva=0x57B80.
[Debug  :Bugfixes and QoL] [2026-09-24 16:09:55.026] Native address resolved: name=BugfixesAndQoL AI preplaced buildings wood-search, method=reference-rva, rva=0x58020.
[Debug  :Bugfixes and QoL] [2026-09-24 16:09:55.026] Native address resolved: name=BugfixesAndQoL AI preplaced buildings nearby-search, method=reference-rva, rva=0x58950.
[Debug  :Bugfixes and QoL] [2026-09-24 16:09:55.026] Native address resolved: name=BugfixesAndQoL AI preplaced buildings economy-grid-update, method=reference-rva, rva=0x50720.
[Debug  :Bugfixes and QoL] [2026-09-24 16:09:55.026] Native address resolved: name=BugfixesAndQoL AI preplaced buildings initialize-economy-availability, method=reference-rva, rva=0x55FE0.
[Debug  :Bugfixes and QoL] [2026-09-24 16:09:55.026] Native address resolved: name=BugfixesAndQoL AI preplaced buildings legacy-player-state-copy, method=reference-rva, rva=0xD4290.
[Debug  :Bugfixes and QoL] [2026-09-24 16:09:55.026] Native address resolved: name=BugfixesAndQoL AI preplaced buildings allocate, method=reference-rva, rva=0x50680.
[Debug  :Bugfixes and QoL] [2026-09-24 16:09:55.026] Native address resolved: name=BugfixesAndQoL AI preplaced buildings active-layout-reference, method=reference-rva, rva=0x55F64.
[Info   :  SHCDE-SE] [T1-16:09:55.027] [GameTileManagerAPI] [.ctor] TileManager: 00007FFAAB78EDB0
[Info   :  SHCDE-SE] [T1-16:09:55.028] [GameTileManagerAPI] [.ctor] TileHeightGridVA: 00007FFAAC50D350
[Info   :  SHCDE-SE] [T1-16:09:55.028] [GameTileManagerAPI] [.ctor] TilePropertyFlagsVA: 00007FFAAC0271B0
[Info   :  SHCDE-SE] [T1-16:09:55.028] [GameTileManagerAPI] [.ctor] VegetationTypeLookupVA: 00007FFAAC1FE010
[Info   :  SHCDE-SE] [T1-16:09:55.028] [GameTileManagerAPI] [.ctor] TilePlayerOwnerIdVA: 00007FFAAC5A9D90
[Info   :  SHCDE-SE] [T1-16:09:55.028] [GameTileManagerAPI] [.ctor] TileBuildingIdGridVA: 00007FFAAC29AA50
[Info   :  SHCDE-SE] [T1-16:09:55.028] [GameTileManagerAPI] [.ctor] TileUnitIdGridVA: 00007FFAAC3859B0
[Info   :  SHCDE-SE] [T1-16:09:55.028] [GameTileManagerAPI] [.ctor] TileStateGridVA: 00007FFAAC731730
[Info   :  SHCDE-SE] [T1-16:09:55.028] [GameTileManagerAPI] [.ctor] TileTypeVA: 00007FFAAC1612B0
[Info   :  SHCDE-SE] [T1-16:09:55.028] [GameTileManagerAPI] [.ctor] _currentMapSize: 00007FFAAD7DD594
[Info   :  SHCDE-SE] [T1-16:09:55.028] [GameTileManagerAPI] [.ctor] _gp_pathfindingContext: 00007FFAAD7DD660
[Info   :  SHCDE-SE] [T1-16:09:55.030] [Detour:allocateHook] ["allocateHook"] prepared at 0x00007FFAA7780680 using Indirect: 6 bytes displaced, trampoline 0x00007FFA378EE850.
[Info   :  SHCDE-SE] [T1-16:09:55.031] [Detour:economyOxenHook] ["economyOxenHook"] prepared at 0x00007FFAA7780F90 using Indirect: 6 bytes displaced, trampoline 0x00007FFA378EE890.
[Info   :  SHCDE-SE] [T1-16:09:55.031] [Detour:economyQuarryHook] ["economyQuarryHook"] prepared at 0x00007FFAA7781270 using Indirect: 8 bytes displaced, trampoline 0x00007FFA378EE8D0.
[Info   :  SHCDE-SE] [T1-16:09:55.031] [Detour:economyWoodHook] ["economyWoodHook"] prepared at 0x00007FFAA7781540 using Indirect: 10 bytes displaced, trampoline 0x00007FFA378EE910.
[Info   :  SHCDE-SE] [T1-16:09:55.031] [Detour:farmSearchHook] ["farmSearchHook"] prepared at 0x00007FFAA77875B0 using Indirect: 9 bytes displaced, trampoline 0x00007FFA378EE950.
[Info   :  SHCDE-SE] [T1-16:09:55.031] [Detour:resourceSearchHook] ["resourceSearchHook"] prepared at 0x00007FFAA7787B80 using Indirect: 8 bytes displaced, trampoline 0x00007FFA378EE990.
[Info   :  SHCDE-SE] [T1-16:09:55.032] [Detour:woodSearchHook] ["woodSearchHook"] prepared at 0x00007FFAA7788020 using Indirect: 7 bytes displaced, trampoline 0x00007FFA378EE9D0.
[Info   :  SHCDE-SE] [T1-16:09:55.032] [X64InlineHook] ["woodScoreFloorHook"] compiled stub at 0x00007FFA378EEA10, size: 270 bytes (target: 0x00007FFAA7788057).
[Info   :  SHCDE-SE] [T1-16:09:55.032] [Detour:nearbySearchHook] ["nearbySearchHook"] prepared at 0x00007FFAA7788950 using Indirect: 6 bytes displaced, trampoline 0x00007FFA378EEDA0.
[Info   :  SHCDE-SE] [T1-16:09:55.032] [Detour:economyGridUpdateHook] ["economyGridUpdateHook"] prepared at 0x00007FFAA7780720 using Indirect: 7 bytes displaced, trampoline 0x00007FFA378EEDE0.
[Info   :  SHCDE-SE] [T1-16:09:55.032] [Detour:legacyPlayerStateCopyHook] ["legacyPlayerStateCopyHook"] prepared at 0x00007FFAA7804290 using Indirect: 10 bytes displaced, trampoline 0x00007FFA378EEE20.
[Info   :  SHCDE-SE] [T1-16:09:55.369] [X64InlineHook] ["woodScoreFloorHook"] hook enabled at 0x00007FFAA7788057, stub 0x00007FFA378EEA10.
[Info   :  SHCDE-SE] [T1-16:09:55.512] [HookTransaction[TryInstallNativeFixes]] Commit: "11/11 installed, 0 failed, 482ms (0ms scanning)"
[Debug  :Bugfixes and QoL] [2026-09-24 16:09:55.514] Native address resolved: name=AI narrow tower-ruin classifier, method=reference-rva, rva=0x5D055.
[Debug  :Bugfixes and QoL] [2026-09-24 16:09:55.514] Native address resolved: name=AI broad tower-ruin classifier, method=reference-rva, rva=0x5D025.
[Info   :  SHCDE-SE] [T1-16:09:55.515] [X64InlineHook] ["handle"] compiled stub at 0x00007FFA378EEE60, size: 275 bytes (target: 0x00007FFAA778D055).
[Info   :  SHCDE-SE] [T1-16:09:55.515] [X64InlineHook] ["handle"] compiled stub at 0x00007FFA378EF1F0, size: 279 bytes (target: 0x00007FFAA778D025).
[Info   :  SHCDE-SE] [T1-16:09:55.515] [X64InlineHook] ["handle"] hook enabled at 0x00007FFAA778D055, stub 0x00007FFA378EEE60.
[Info   :  SHCDE-SE] [T1-16:09:55.515] [X64InlineHook] ["handle"] hook enabled at 0x00007FFAA778D025, stub 0x00007FFA378EF1F0.
[Info   :  SHCDE-SE] [T1-16:09:55.515] [HookTransaction[CreateOwnedTransaction]] Commit: "2/2 installed, 0 failed, 0ms (0ms scanning)"
[Debug  :Bugfixes and QoL] [2026-09-24 16:09:55.515] AI tower-ruin classifiers installed at RVAs 0x5D055 and 0x5D025.
[Debug  :Bugfixes and QoL] [2026-09-24 16:09:55.515] Native address resolved: name=AI overbuild mapper selection, method=reference-rva, rva=0x5CEAB.
[Debug  :Bugfixes and QoL] [2026-09-24 16:09:55.516] Native address resolved: name=AI broad-overbuild blocker protection, method=reference-rva, rva=0x5D016.
[Debug  :Bugfixes and QoL] [2026-09-24 16:09:55.516] Native address resolved: name=AI narrow-overbuild blocker protection, method=reference-rva, rva=0x5D045.
[Info   :  SHCDE-SE] [T1-16:09:55.516] [X64InlineHook] ["handle"] compiled stub at 0x00007FFA378EF590, size: 282 bytes (target: 0x00007FFAA778CEAB).
[Info   :  SHCDE-SE] [T1-16:09:55.516] [X64InlineHook] ["handle"] compiled stub at 0x00007FFA378EF950, size: 270 bytes (target: 0x00007FFAA778D016).
[Info   :  SHCDE-SE] [T1-16:09:55.516] [X64InlineHook] ["handle"] compiled stub at 0x00007FFA37861600, size: 271 bytes (target: 0x00007FFAA778D045).
[Info   :  SHCDE-SE] [T1-16:09:55.516] [X64InlineHook] ["handle"] hook enabled at 0x00007FFAA778CEAB, stub 0x00007FFA378EF590.
[Info   :  SHCDE-SE] [T1-16:09:55.516] [X64InlineHook] ["handle"] hook enabled at 0x00007FFAA778D016, stub 0x00007FFA378EF950.
[Info   :  SHCDE-SE] [T1-16:09:55.516] [X64InlineHook] ["handle"] hook enabled at 0x00007FFAA778D045, stub 0x00007FFA37861600.
[Info   :  SHCDE-SE] [T1-16:09:55.516] [HookTransaction[CreateOwnedTransaction]] Commit: "3/3 installed, 0 failed, 0ms (0ms scanning)"
[Debug  :Bugfixes and QoL] [2026-09-24 16:09:55.533] Bugfixes and QoL ally goods amount modifier hook installed.
[Debug  :Bugfixes and QoL] [2026-09-24 16:09:55.534] Native address resolved: name=market validator, method=reference-rva, rva=0xD7080.
[Debug  :Bugfixes and QoL] [2026-09-24 16:09:55.534] Native address resolved: name=market packet tail, method=reference-rva, rva=0xD7324.
[Debug  :Bugfixes and QoL] [2026-09-24 16:09:55.534] Native address resolved: name=market storage call, method=reference-rva, rva=0xD7119.
[Debug  :Bugfixes and QoL] [2026-09-24 16:09:55.534] Native address resolved: name=AutoMarket sell statistic update, method=reference-rva, rva=0xD0484.
[Info   :Bugfixes and QoL] [2026-09-24 16:09:55.534] Ctrl market native dependencies resolved by instruction patterns: validatorRva=0xD7080, packetTailRva=0xD7324, storageFunctionRva=0xC5AD0, senderRva=0x23990, sellStatisticRva=0x87EED98.
[Info   :  SHCDE-SE] [T1-16:09:55.534] [Detour:marketValidatorHook] ["marketValidatorHook"] prepared at 0x00007FFAA7807080 using Indirect: 10 bytes displaced, trampoline 0x00007FFA378EFCD0.
[Info   :  SHCDE-SE] [T1-16:09:55.582] [HookTransaction[CreateOwnedTransaction]] Commit: "1/1 installed, 0 failed, 48ms (0ms scanning)"
[Info   :Bugfixes and QoL] [2026-09-24 16:09:55.585] Bugfixes and QoL Ctrl single-unit market hooks installed.
[Info   :  SHCDE-SE] [T1-16:09:55.614] [X64InlineHook] ["VanillaPeaceTime_StartingTroops"] compiled stub at 0x00007FFA378EFD10, size: 45 bytes (target: 0x00007FFAA7849050).
[Info   :  SHCDE-SE] [T1-16:09:55.614] [X64InlineHook] ["VanillaPeaceTime_StartingTroops"] hook enabled at 0x00007FFAA7849050, stub 0x00007FFA378EFD10.
[Info   :  SHCDE-SE] [T1-16:09:55.614] [HookTransaction[CreateOwnedTransaction]] Commit: "30/30 installed, 0 failed, 1ms (0ms scanning)"
[Debug  :Bugfixes and QoL] [2026-09-24 16:09:55.615] BUGFIXES_AND_QOL_VANILLA_PEACE_TIME_PATCH_INSTALLED: sha256=FBCB93195FC7EFCA9BDAC5204852EFDD76F9818F59A6711750D77C9CEF2831E2, branchPatches=29, startingTroopsRva=0x119050, displacedBytes=16.
[Info   :  SHCDE-SE] [T1-16:09:55.616] [HookTransaction[CreateOwnedTransaction]] Commit: "1/1 installed, 0 failed, 0ms (0ms scanning)"
[Debug  :Bugfixes and QoL] [2026-09-24 16:09:55.616] BUGFIXES_AND_QOL_SKIRMISH_GAME_OPTIONS_NO_DOGS_PATCH_INSTALLED: sha256=FBCB93195FC7EFCA9BDAC5204852EFDD76F9818F59A6711750D77C9CEF2831E2, rva=0xFFD98, original=74-31, replacement=90-90.
[Info   :  SHCDE-SE] [T1-16:09:55.616] [GameXAMLManagerAPI] [RegisterBinding] Registering auto-binding: [BugfixesAndQoLAllyAmount5]
[Info   :  SHCDE-SE] [T1-16:09:55.616] [GameXAMLManagerAPI] [RegisterBinding] Registering auto-binding: [BugfixesAndQoLAllyAmount10]
[Info   :  SHCDE-SE] [T1-16:09:55.616] [GameXAMLManagerAPI] [RegisterBinding] Registering auto-binding: [BugfixesAndQoLAllyAmount25]
[Info   :  SHCDE-SE] [T1-16:09:55.616] [GameXAMLManagerAPI] [RegisterBinding] Registering auto-binding: [BugfixesAndQoLAllyAmount100]
[Info   :  SHCDE-SE] [T1-16:09:55.616] [GameXAMLManagerAPI] [RegisterBinding] Registering auto-binding: [BugfixesAndQoLAllyAmount500]
[Info   :  SHCDE-SE] [T1-16:09:55.619] [MapModManager] [TryUpdateModsFromRemote] Trying to update mods from steam-remote...
[Info   :  SHCDE-SE] [T1-16:09:55.621] [WorkshopUpdateManager] [CheckAndDownloadUpdates] Checking for Steam Workshop updates...
[Info   :  SHCDE-SE] [T1-16:09:55.621] [WorkshopUpdateManager] [CheckAndDownloadUpdates] All workshop items are up to date
[Info   :  SHCDE-SE] [T1-16:09:55.621] [MapModManager] [TryUpdateModsFromRemote] Retrieved 6 items
[Info   :  SHCDE-SE] [T1-16:09:55.621] [MapModManager] [DetectAndStageUninstalls] Scanning for uninstalls in: [E:\ProgrammeE\Steam\steamapps\common\Stronghold Crusader Definitive Edition\_SE]
[Info   :  SHCDE-SE] [T1-16:09:55.622] [MapModManager] [DetectAndStageUninstalls] Found 3 local manifests.
[Info   :  SHCDE-SE] [T1-16:09:55.627] [MapArchive] [.ctor] Reading ZIP data from offset: 003444B7
[Info   :  SHCDE-SE] [T1-16:09:55.638] [MapModManager] [TryStageModUpdate] Querying workshop mod (MAS): [fixes], full: [E:\ProgrammeE\Steam\steamapps\workshop\content\3024040\3791770511\fixes.map]
[Info   :  SHCDE-SE] [T1-16:09:55.639] [MapModManager] [ShouldUpdate] Querying local mod info: [E:\ProgrammeE\Steam\steamapps\common\Stronghold Crusader Definitive Edition\_SE\fixes.json]
[Info   :  SHCDE-SE] [T1-16:09:55.642] [MapModManager] [ShouldUpdate] Local mod info version: [1.19.1], Remote version: [1.19.1]
[Info   :  SHCDE-SE] [T1-16:09:55.642] [MapModManager] [TryStageModUpdate] Skipping: [fixes]
[Info   :  SHCDE-SE] [T1-16:09:55.645] [MapArchive] [.ctor] Reading ZIP data from offset: 003444B7
[Info   :  SHCDE-SE] [T1-16:09:55.660] [MapModManager] [TryStageModUpdate] Querying workshop mod (MAS): [SerpsMods], full: [E:\ProgrammeE\Steam\steamapps\workshop\content\3024040\3788821961\SerpsMods.map]
[Info   :  SHCDE-SE] [T1-16:09:55.660] [MapModManager] [ShouldUpdate] Querying local mod info: [E:\ProgrammeE\Steam\steamapps\common\Stronghold Crusader Definitive Edition\_SE\SerpsMods.json]
[Info   :  SHCDE-SE] [T1-16:09:55.660] [MapModManager] [ShouldUpdate] Local mod info version: [1.0.14], Remote version: [1.0.14]
[Info   :  SHCDE-SE] [T1-16:09:55.660] [MapModManager] [TryStageModUpdate] Skipping: [SerpsMods]
[Info   :  SHCDE-SE] [T1-16:09:55.664] [MapArchive] [.ctor] Reading ZIP data from offset: 003444B7
[Info   :  SHCDE-SE] [T1-16:09:55.665] [MapModManager] [TryStageModUpdate] Querying workshop mod (MAS): [LorrdyAISharesGold], full: [E:\ProgrammeE\Steam\steamapps\workshop\content\3024040\3774768801\LorrdyAISharesGold.map]
[Info   :  SHCDE-SE] [T1-16:09:55.665] [MapModManager] [ShouldUpdate] Querying local mod info: [E:\ProgrammeE\Steam\steamapps\common\Stronghold Crusader Definitive Edition\_SE\LorrdyAISharesGold.json]
[Info   :  SHCDE-SE] [T1-16:09:55.665] [MapModManager] [ShouldUpdate] Local mod info version: [1.0.4], Remote version: [1.0.4]
[Info   :  SHCDE-SE] [T1-16:09:55.665] [MapModManager] [TryStageModUpdate] Skipping: [LorrdyAISharesGold]
[Debug  :Bugfixes and QoL] [2026-09-24 16:09:55.667] Steam lobby-invite popup validation callbacks registered.
[Debug  :Bugfixes and QoL] [2026-09-24 16:09:55.669] Bugfixes and QoL quarry-pile runtime: runtime initialized: mode=Vanilla-clockwise-prefab-spawn-and-structure-group, nativeCandidateHelperAvailable=True, subscriptions=3, setUpInbuildingHookInstalled=True.
[Debug  :Bugfixes and QoL] [2026-09-24 16:09:55.669] Bugfixes and QoL quarry-pile runtime: setting applied: EnableMod=True, EnableQuarryPileRelocation=True, EnableAIQuarryPileTowardsKeep=True.
[Debug  :Bugfixes and QoL] [2026-09-24 16:09:55.676] Movement features: sameSpeed=True, rally=True, nativeFastpaths=True.
[Debug  :Bugfixes and QoL] [2026-09-24 16:09:55.705] Bugfixes and QoL resync host-kick hooks installed.
[Debug  :Bugfixes and QoL] [2026-09-24 16:09:55.710] Bugfixes and QoL loaded 8 shared AI AIV/AIC selections from E:\ProgrammeE\Steam\steamapps\common\Stronghold Crusader Definitive Edition\BepInEx\plugins\BugfixesAndQoL_Serp\LobbyModSettings\AiAivSelectionMemory.json.
[Info   :  SHCDE-SE] [T1-16:09:55.710] [GameXAMLManagerAPI] [RegisterBinding] Registering auto-binding: [RandomLordFiltersSimple]
[Info   :  SHCDE-SE] [T1-16:09:55.710] [GameXAMLManagerAPI] [RegisterBinding] Registering auto-binding: [RandomLordFiltersAdvanced]
[Debug  :Bugfixes and QoL] [2026-09-24 16:09:55.727] Bugfixes and QoL AI selection memory hooks installed. memoryEnabled=True, storePath=E:\ProgrammeE\Steam\steamapps\common\Stronghold Crusader Definitive Edition\BepInEx\plugins\BugfixesAndQoL_Serp\LobbyModSettings\AiAivSelectionMemory.json
[Debug  :Bugfixes and QoL] [2026-09-24 16:09:55.748] Bugfixes and QoL Workshop upload Lord-selection hook installed.
[Info   :  SHCDE-SE] [T1-16:09:55.748] [GameXAMLManagerAPI] [RegisterBinding] Registering auto-binding: [CustomLordSearchPanel]
[Info   :  SHCDE-SE] [T1-16:09:55.749] [GameXAMLManagerAPI] [RegisterBinding] Registering auto-binding: [CustomLordHeaderPanel]
[Info   :  SHCDE-SE] [T1-16:09:55.749] [GameXAMLManagerAPI] [RegisterBinding] Registering auto-binding: [CustomLordTypeHeader]
[Info   :  SHCDE-SE] [T1-16:09:55.749] [GameXAMLManagerAPI] [RegisterBinding] Registering auto-binding: [CustomLordNameHeader]
[Info   :  SHCDE-SE] [T1-16:09:55.749] [GameXAMLManagerAPI] [RegisterBinding] Registering auto-binding: [CustomLordPowerHeader]
[Info   :  SHCDE-SE] [T1-16:09:55.749] [GameXAMLManagerAPI] [RegisterBinding] Registering auto-binding: [CustomLordSortHelpPanel]
[Debug  :Bugfixes and QoL] [2026-09-24 16:09:55.750] Bugfixes and QoL custom-lord list hook installed.
[Info   :  SHCDE-SE] [T1-16:09:55.757] [GameXAMLManagerAPI] [RegisterBinding] Registering auto-binding: [BugfixesAndQoLAivHeaderPanel]
[Info   :  SHCDE-SE] [T1-16:09:55.757] [GameXAMLManagerAPI] [RegisterBinding] Registering auto-binding: [BugfixesAndQoLAivSearchPanel]
[Info   :  SHCDE-SE] [T1-16:09:55.757] [GameXAMLManagerAPI] [RegisterBinding] Registering auto-binding: [BugfixesAndQoLAicHeaderPanel]
[Info   :  SHCDE-SE] [T1-16:09:55.757] [GameXAMLManagerAPI] [RegisterBinding] Registering auto-binding: [BugfixesAndQoLAicSearchPanel]
[Info   :  SHCDE-SE] [T1-16:09:55.757] [GameXAMLManagerAPI] [RegisterBinding] Registering auto-binding: [BugfixesAndQoLAicDropdownHost]
[Info   :  SHCDE-SE] [T1-16:09:55.757] [GameXAMLManagerAPI] [RegisterBinding] Registering auto-binding: [BugfixesAndQoLAivPresetButtonHost]
[Info   :  SHCDE-SE] [T1-16:09:55.757] [GameXAMLManagerAPI] [RegisterBinding] Registering auto-binding: [BugfixesAndQoLAivPresetDialog]
[Info   :  SHCDE-SE] [T1-16:09:55.757] [GameXAMLManagerAPI] [RegisterBinding] Registering auto-binding: [BugfixesAndQoLAivSelectionListHost]
[Debug  :Bugfixes and QoL] [2026-09-24 16:09:55.760] Bugfixes and QoL AI castle/settings list hook installed.
[Debug  :Bugfixes and QoL] [2026-09-24 16:09:55.775] Bugfixes and QoL loaded lobby map-selection memory: column=2, ascending=True, map=builtin:Sleeping with the Enemy.
[Debug  :Bugfixes and QoL] [2026-09-24 16:09:55.775] Bugfixes and QoL map-origin sorting hooks installed.
[Info   :  SHCDE-SE] [T1-16:09:55.784] [GameXAMLManagerAPI] [RegisterBinding] Registering auto-binding: [BugfixesAndQoLShowVanillaMapsHost]
[Info   :  SHCDE-SE] [T1-16:09:55.784] [GameXAMLManagerAPI] [RegisterBinding] Registering auto-binding: [BugfixesAndQoLDeleteMapHost]
[Debug  :Bugfixes and QoL] [2026-09-24 16:09:55.785] Bugfixes and QoL mounted-stockpile movement hooks enabled logically.
[Debug  :Bugfixes and QoL] [2026-09-24 16:09:55.791] Bugfixes and QoL auto-trade sell zero hook installed.
[Debug  :Bugfixes and QoL] [2026-09-24 16:09:55.796] Bugfixes and QoL HD market view hooks installed.
[Debug  :Bugfixes and QoL] [2026-09-24 16:09:55.799] Bugfixes and QoL camera movement modifier hooks installed.
[Debug  :Bugfixes and QoL] [2026-09-24 16:09:55.802] Bugfixes and QoL Custom Trail starting-gold fix hooks installed.
[Debug  :Bugfixes and QoL] [2026-09-24 16:09:55.805] Bugfixes and QoL enemy-proximity bulldoze cursor hook installed.
[Debug  :Bugfixes and QoL] [2026-09-24 16:09:55.805] Bugfixes and QoL feature hooks reconciled.
[Debug  :Bugfixes and QoL] [2026-09-24 16:09:55.805] Crusader library loaded; Bugfixes and QoL initialized.
[Info   :   BepInEx] Loading [AIV Lobby Preset Test 0.1.0]
[Info   :AIV Lobby Preset Test] Test-series progression registered on APIShared mission lifecycle.
[Info   :AIV Lobby Preset Test] AIV lobby preset registered; config=E:\ProgrammeE\Steam\steamapps\common\Stronghold Crusader Definitive Edition\BepInEx\config\AivLobbyPresetTest.json
[Info   :AIV Lobby Preset Test] Lobby bridge after registration: assembly=E:\ProgrammeE\Steam\steamapps\common\Stronghold Crusader Definitive Edition\BepInEx\plugins\APIShared_Serp\APIShared.dll, owner=AivLobbyPresetTest_Serp, callback=AivLobbyPresetTest.AivLobbyPresetTestPlugin, sameLobby=True, prepared=False, active=False, applyAttempted=False
[Info   :   BepInEx] Loading [Building Costs 1.0.107]
[Debug  :Building Costs] [2026-09-24 16:09:55.809] Building Costs 1.0.107 loaded.
[Debug  :Building Costs] [2026-09-24 16:09:55.819] [Building Costs] gameplay-mod gate: modGuid=BuildingCosts_Serp, source=initialization, kind=Unknown, launchVariant=Standard, customized=False, customizedOrigin=0, modeAllowed=False, configuredEnabled=True, effectiveEnabled=False, action=disabled-by-mode, reason=unknown-fail-closed.
[Info   :Building Costs] [2026-09-24 16:09:55.819] [BuildingCosts_Serp] gameplay-feature gate: feature=BuildingCostTooltip, source=initialization, kind=Unknown, launchVariant=Standard, realMultiplayer=False, modeAllowed=False, action=disabled-by-feature-mode, reason=unknown-fail-closed.
[Info   :Building Costs] [2026-09-24 16:09:55.849] Building Costs verified the installed CrusaderDE.dll: sha256=FBCB93195FC7EFCA9BDAC5204852EFDD76F9818F59A6711750D77C9CEF2831E2, size=3451392, path=E:\ProgrammeE\Steam\steamapps\common\Stronghold Crusader Definitive Edition\Stronghold Crusader Definitive Edition_Data\Plugins\x86_64\CrusaderDE.dll.
[Info   :Serp Localization] [2026-09-24 16:09:55.858] Locale selected: locale=en-US, source=Steam runtime, rawLanguage=english, configuredProvider=detect, scriptExtenderLanguage=en-US, pluginDirectory=E:\ProgrammeE\Steam\steamapps\common\Stronghold Crusader Definitive Edition\BepInEx\plugins\BuildingCosts_Serp, englishFileExists=True, localeFileExists=True.
[Info   :  SHCDE-SE] [T1-16:09:55.859] [LobbyModSettingsStorage] [Load] [BuildingCosts_Serp]: Settings restored from [E:\ProgrammeE\Steam\steamapps\common\Stronghold Crusader Definitive Edition\BepInEx\plugins\BuildingCosts_Serp\LobbyModSettings\BuildingCosts_Serp.msgpack]
[Info   :  SHCDE-SE] [T1-16:09:55.863] [GameXAMLManagerAPI] [RegisterLobbyModSettingsCore] Registered mod [BuildingCosts_Serp]
[Info   :Building Costs] [2026-09-24 16:09:55.863] [BuildingCosts_Serp] Loaded editable lobby-settings working state; basedOn=, modified=False.
[Info   :  SHCDE-SE] [T1-16:09:55.863] [GameXAMLManagerAPI] [RegisterBinding] Registering auto-binding: [BuildingCostsTooltipHost]
[Info   :  SHCDE-SE] [T1-16:09:55.864] [GameXAMLManagerAPI] [RegisterBinding] Registering auto-binding: [BuildingCostsTooltipHostCompact]
[Debug  :Building Costs] [2026-09-24 16:09:55.864] Building costs disabled; runtime hooks not subscribed
[Debug  :Building Costs] [2026-09-24 16:09:55.864] Crusader library loaded; BuildingCosts runtime initialized.
[Info   :   BepInEx] Loading [Building Limit 1.0.25]
[Debug  :Building Limit] [2026-09-24 16:09:55.867] Building Limit 1.0.25 loaded.
[Debug  :Building Limit] [2026-09-24 16:09:55.873] [Building Limit] gameplay-mod gate: modGuid=BuildingLimit_Serp, source=initialization, kind=Unknown, launchVariant=Standard, customized=False, customizedOrigin=0, modeAllowed=False, configuredEnabled=True, effectiveEnabled=False, action=disabled-by-mode, reason=unknown-fail-closed.
[Info   :Building Limit] [2026-09-24 16:09:55.873] [BuildingLimit_Serp] gameplay-feature gate: feature=BuildingLimitEnforcement, source=initialization, kind=Unknown, launchVariant=Standard, realMultiplayer=False, modeAllowed=False, action=disabled-by-feature-mode, reason=unknown-fail-closed.
[Info   :Building Limit] [2026-09-24 16:09:55.900] Building Limit verified the installed CrusaderDE.dll: sha256=FBCB93195FC7EFCA9BDAC5204852EFDD76F9818F59A6711750D77C9CEF2831E2, size=3451392, path=E:\ProgrammeE\Steam\steamapps\common\Stronghold Crusader Definitive Edition\Stronghold Crusader Definitive Edition_Data\Plugins\x86_64\CrusaderDE.dll.
[Info   :Serp Localization] [2026-09-24 16:09:55.908] Locale selected: locale=en-US, source=Steam runtime, rawLanguage=english, configuredProvider=detect, scriptExtenderLanguage=en-US, pluginDirectory=E:\ProgrammeE\Steam\steamapps\common\Stronghold Crusader Definitive Edition\BepInEx\plugins\BuildingLimit_Serp, englishFileExists=True, localeFileExists=True.
[Info   :  SHCDE-SE] [T1-16:09:55.908] [LobbyModSettingsStorage] [Load] [BuildingLimit_Serp]: Settings restored from [E:\ProgrammeE\Steam\steamapps\common\Stronghold Crusader Definitive Edition\BepInEx\plugins\BuildingLimit_Serp\LobbyModSettings\BuildingLimit_Serp.msgpack]
[Info   :  SHCDE-SE] [T1-16:09:55.912] [GameXAMLManagerAPI] [RegisterLobbyModSettingsCore] Registered mod [BuildingLimit_Serp]
[Info   :Building Limit] [2026-09-24 16:09:55.912] [BuildingLimit_Serp] Loaded editable lobby-settings working state; basedOn=, modified=False.
[Info   :  SHCDE-SE] [T1-16:09:55.912] [GameXAMLManagerAPI] [RegisterBinding] Registering auto-binding: [BuildingLimitNotificationOverlay]
[Info   :  SHCDE-SE] [T1-16:09:55.912] [GameXAMLManagerAPI] [RegisterBinding] Registering auto-binding: [BuildingLimitTooltipHost]
[Info   :  SHCDE-SE] [T1-16:09:55.912] [GameXAMLManagerAPI] [RegisterBinding] Registering auto-binding: [BuildingLimitTooltipHostCompact]
[Debug  :Building Limit] [2026-09-24 16:09:55.913] Building limit disabled; runtime hooks not subscribed
[Debug  :Building Limit] [2026-09-24 16:09:55.913] Crusader library loaded; BuildingLimit runtime initialized.
[Info   :   BepInEx] Loading [CastlePlanner 0.8.31]
[Debug  :CastlePlanner] [2026-09-24 16:09:55.917] [CastlePlanner] gameplay-mod gate: modGuid=CastlePlanner_Serp, source=initialization, kind=Unknown, launchVariant=Standard, customized=False, customizedOrigin=0, modeAllowed=False, configuredEnabled=True, effectiveEnabled=False, action=disabled-by-mode, reason=unknown-fail-closed.
[Info   :CastlePlanner] [2026-09-24 16:09:55.917] [CastlePlanner_Serp] gameplay-feature gate: feature=CastleSpawning, source=initialization, kind=Unknown, launchVariant=Standard, realMultiplayer=False, modeAllowed=False, action=disabled-by-feature-mode, reason=unknown-fail-closed.
[Info   :CastlePlanner] [2026-09-24 16:09:55.917] [CastlePlanner_Serp] gameplay-feature gate: feature=FreeCastlePreview, source=initialization, kind=Unknown, launchVariant=Standard, realMultiplayer=False, modeAllowed=False, action=disabled-by-feature-mode, reason=unknown-fail-closed.
[Info   :CastlePlanner] [2026-09-24 16:09:55.917] [CastlePlanner_Serp] gameplay-feature gate: feature=CastleBlueprints, source=initialization, kind=Unknown, launchVariant=Standard, realMultiplayer=False, modeAllowed=False, action=disabled-by-feature-mode, reason=unknown-fail-closed.
[Info   :CastlePlanner] [2026-09-24 16:09:55.945] CastlePlanner verified the installed CrusaderDE.dll: sha256=FBCB93195FC7EFCA9BDAC5204852EFDD76F9818F59A6711750D77C9CEF2831E2, size=3451392, path=E:\ProgrammeE\Steam\steamapps\common\Stronghold Crusader Definitive Edition\Stronghold Crusader Definitive Edition_Data\Plugins\x86_64\CrusaderDE.dll.
[Info   :Serp Localization] [2026-09-24 16:09:55.953] Locale selected: locale=en-US, source=Steam runtime, rawLanguage=english, configuredProvider=detect, scriptExtenderLanguage=en-US, pluginDirectory=E:\ProgrammeE\Steam\steamapps\common\Stronghold Crusader Definitive Edition\BepInEx\plugins\CastlePlanner_Serp, englishFileExists=True, localeFileExists=True.
[Info   :  SHCDE-SE] [T1-16:09:55.955] [LobbyModSettingsStorage] [Load] [CastlePlanner_Serp]: Settings restored from [E:\ProgrammeE\Steam\steamapps\common\Stronghold Crusader Definitive Edition\BepInEx\plugins\CastlePlanner_Serp\LobbyModSettings\CastlePlanner_Serp.msgpack]
[Info   :CastlePlanner] [2026-09-24 16:09:55.965] [CastlePlanner ModSettingsScrollDiagnostic] attached; horizontal=0, vertical=0, extentWidth=0, viewportWidth=0.
[Info   :  SHCDE-SE] [T1-16:09:55.965] [GameXAMLManagerAPI] [RegisterLobbyModSettingsCore] Registered mod [CastlePlanner_Serp]
[Info   :CastlePlanner] [2026-09-24 16:09:55.965] [CastlePlanner_Serp] Loaded editable lobby-settings working state; basedOn=, modified=False.
[Info   :CastlePlanner] [2026-09-24 16:09:55.966] CastlePlanner local AIVJSON selection changed to '[CustomLords] testlord_serp\testlord_serpcastle1.aivjson'.
[Info   :CastlePlanner] [2026-09-24 16:09:55.974] Asynchronous AIVJSON catalog loading started; recursive discovery and hashing will not block the game thread.
[Info   :CastlePlanner] [2026-09-24 16:09:55.982] Loaded 7 Blueprint building-size calibrations (7 usable sizes, 7 ground-aligned) from E:\ProgrammeE\Steam\steamapps\common\Stronghold Crusader Definitive Edition\BepInEx\plugins\CastlePlanner_Serp\RuntimeData\BlueprintBuildingSizes.tsv.
[Info   :CastlePlanner] [2026-09-24 16:09:56.015] Blueprint capture status: available=80, required=80, missing=0, depthAtlases=80, missingDepth=0.
[Debug  :CastlePlanner] [2026-09-24 16:09:56.015] Blueprint image manifests loaded: composites=80, depthCaptures=80, elapsedMs=32,6.
[Info   :CastlePlanner] [2026-09-24 16:09:56.022] Persistent local blueprint runtime initialized; Application.onBeforeRender frame loop and focus-loss guard registered.
[Info   :  SHCDE-SE] [T1-16:09:56.023] [GameNetworkAPI] [GetPacketEventFor] Dynamically registered packet type 'FreeCastlePacket' with ID: 1113
[Info   :  SHCDE-SE] [T1-16:09:56.023] [GameNetworkAPI] [GetPacketEventFor] Created R3 event stream for packet ID 1113 [FreeCastlePacket]
[Info   :CastlePlanner] [2026-09-24 16:09:56.025] Free-castle preview initialized: packetId=1113, defaultTimeout=120s, timeoutRange=60-600s, mainThread=1, synchronizationContext=UnityEngine.UnitySynchronizationContext, loadingWarningGuard=managed-generation.
[Info   :  SHCDE-SE] [T1-16:09:56.025] [GameXAMLManagerAPI] [RegisterBinding] Registering auto-binding: [CastlePlannerBlueprintHud]
[Info   :  SHCDE-SE] [T1-16:09:56.026] [GameXAMLManagerAPI] [RegisterBinding] Registering auto-binding: [CastlePlannerBlueprintSettingsButton]
[Info   :  SHCDE-SE] [T1-16:09:56.041] [GameXAMLManagerAPI] [RegisterBinding] Registering auto-binding: [CastlePlannerAivSelectionListHost]
[Debug  :CastlePlanner] [2026-09-24 16:09:56.056] Native address resolved: name=AllocateSpecDelegate, method=reference-rva, rva=0x50680.
[Debug  :CastlePlanner] [2026-09-24 16:09:56.057] Native address resolved: name=SetPlacementDelegate, method=reference-rva, rva=0x54EC0.
[Debug  :CastlePlanner] [2026-09-24 16:09:56.057] Native address resolved: name=TestSpecificCandidateDelegate, method=reference-rva, rva=0x54DE0.
[Debug  :CastlePlanner] [2026-09-24 16:09:56.057] Native address resolved: name=PrepareLayoutDelegate, method=reference-rva, rva=0x53D00.
[Debug  :CastlePlanner] [2026-09-24 16:09:56.057] Native address resolved: name=ExecuteToPercentageDelegate, method=reference-rva, rva=0x55F50.
[Debug  :CastlePlanner] [2026-09-24 16:09:56.057] Native address resolved: name=aivState, method=reference-rva, rva=0x95C9F.
[Debug  :CastlePlanner] [2026-09-24 16:09:56.061] Native address resolved: name=prebuiltPlayersBitField, method=reference-rva, rva=0x95FF8.
[Debug  :CastlePlanner] [2026-09-24 16:09:56.061] Native address resolved: name=prepared Keep coordinates, method=reference-rva, rva=0x95EA3.
[Info   :CastlePlanner] [2026-09-24 16:09:56.061] Native AIV bindings resolved: module=0x7FFAA7730000, aivState=0x7FFAAABD9F70, playerAivStateBase=0x7FFAAAECD0CC, prebuiltPlayers=0x7FFAAAD95FC0, preparedKeepX=0x7FFAAAC179CC, preparedKeepY=0x7FFAAAC179D0.
[Info   :CastlePlanner] [2026-09-24 16:09:56.061] CastlePlanner AIV import backend: official SHCDE-SE 2.9.0.0 GameAIVManagerAPI is available; compatibility workaround inactive.
[Debug  :CastlePlanner] [2026-09-24 16:09:56.061] Native address resolved: name=Vanilla human Keep coordinate load, method=reference-rva, rva=0x95B3C.
[Info   :  SHCDE-SE] [T1-16:09:56.062] [X64InlineHook] ["humanKeepCoordinateLoadHook"] compiled stub at 0x00007FFA37861980, size: 271 bytes (target: 0x00007FFAA77C5B3C).
[Info   :  SHCDE-SE] [T1-16:09:56.062] [X64InlineHook] ["humanKeepCoordinateLoadHook"] hook enabled at 0x00007FFAA77C5B3C, stub 0x00007FFA37861980.
[Info   :CastlePlanner] [2026-09-24 16:09:56.062] Early Vanilla human-start hooks installed: keepCoordinateRva=0x95B3C, displacedBytes=16.
[Info   :  SHCDE-SE] [T1-16:09:56.062] [HookTransaction[InstallHumanStartPreparationHook]] Commit: "1/1 installed, 0 failed, 0ms (0ms scanning)"
[Info   :CastlePlanner] [2026-09-24 16:09:56.062] Native AIV castle spawner installed; all private functions and globals resolved uniquely.
[Info   :CastlePlanner] [2026-09-24 16:09:56.062] Crusader library initialization completed; all optional stages completed successfully.
[Info   :CastlePlanner] [2026-09-24 16:09:56.062] CastlePlanner 0.8.31 loaded; the AIVJSON catalog will be cached automatically in the lobby.
[Info   :   BepInEx] Loading [Cheat Mod 1.0.9]
[Debug  : Cheat Mod] [2026-09-24 16:09:56.067] Cheat Mod 1.0.9 loaded.
[Debug  : Cheat Mod] [2026-09-24 16:09:56.069] [Cheat Mod] gameplay-mod gate: modGuid=CheatMod_Serp, source=initialization, kind=Unknown, launchVariant=Standard, customized=False, customizedOrigin=0, modeAllowed=False, configuredEnabled=False, effectiveEnabled=False, action=disabled-by-mode, reason=unknown-fail-closed.
[Info   : Cheat Mod] [2026-09-24 16:09:56.069] [CheatMod_Serp] gameplay-feature gate: feature=EndlessExtremePowersRecharge, source=initialization, kind=Unknown, launchVariant=Standard, realMultiplayer=False, modeAllowed=False, action=disabled-by-feature-mode, reason=unknown-fail-closed.
[Info   : Cheat Mod] [2026-09-24 16:09:56.100] Cheat Mod verified the installed CrusaderDE.dll: sha256=FBCB93195FC7EFCA9BDAC5204852EFDD76F9818F59A6711750D77C9CEF2831E2, size=3451392, path=E:\ProgrammeE\Steam\steamapps\common\Stronghold Crusader Definitive Edition\Stronghold Crusader Definitive Edition_Data\Plugins\x86_64\CrusaderDE.dll.
[Info   :Serp Localization] [2026-09-24 16:09:56.108] Locale selected: locale=en-US, source=Steam runtime, rawLanguage=english, configuredProvider=detect, scriptExtenderLanguage=en-US, pluginDirectory=E:\ProgrammeE\Steam\steamapps\common\Stronghold Crusader Definitive Edition\BepInEx\plugins\CheatMod_Serp, englishFileExists=True, localeFileExists=True.
[Info   :  SHCDE-SE] [T1-16:09:56.109] [LobbyModSettingsStorage] [Load] [CheatMod_Serp]: Settings restored from [E:\ProgrammeE\Steam\steamapps\common\Stronghold Crusader Definitive Edition\BepInEx\plugins\CheatMod_Serp\LobbyModSettings\CheatMod_Serp.msgpack]
[Info   :  SHCDE-SE] [T1-16:09:56.111] [GameXAMLManagerAPI] [RegisterLobbyModSettingsCore] Registered mod [CheatMod_Serp]
[Info   : Cheat Mod] [2026-09-24 16:09:56.111] [CheatMod_Serp] Loaded editable lobby-settings working state; basedOn=, modified=False.
[Debug  : Cheat Mod] [2026-09-24 16:09:56.114] Cheat Mod listens for Script Extender Extreme Powers activation changes.
[Debug  : Cheat Mod] [2026-09-24 16:09:56.114] Crusader library loaded; Cheat Mod runtime initialized.
[Info   :   BepInEx] Loading [Extended Data 1.0.2]
[Info   :Extended Data] [2026-09-24 16:09:56.116] Extended Data 1.0.2 loaded.
[Info   :Extended Data] [2026-09-24 16:09:56.156] Extended Data verified the installed CrusaderDE.dll: sha256=FBCB93195FC7EFCA9BDAC5204852EFDD76F9818F59A6711750D77C9CEF2831E2, size=3451392, path=E:\ProgrammeE\Steam\steamapps\common\Stronghold Crusader Definitive Edition\Stronghold Crusader Definitive Edition_Data\Plugins\x86_64\CrusaderDE.dll.
[Info   :Serp Localization] [2026-09-24 16:09:56.168] Locale selected: locale=en-US, source=Steam runtime, rawLanguage=english, configuredProvider=detect, scriptExtenderLanguage=en-US, pluginDirectory=E:\ProgrammeE\Steam\steamapps\common\Stronghold Crusader Definitive Edition\BepInEx\plugins\ExtendedData_Serp, englishFileExists=True, localeFileExists=True.
[Info   :  SHCDE-SE] [T1-16:09:56.174] [LobbyModSettingsStorage] [Load] [ExtendedData_Serp]: Settings restored from [E:\ProgrammeE\Steam\steamapps\common\Stronghold Crusader Definitive Edition\BepInEx\plugins\ExtendedData_Serp\LobbyModSettings\ExtendedData_Serp.msgpack]
[Info   :  SHCDE-SE] [T1-16:09:56.179] [GameXAMLManagerAPI] [RegisterLobbyModSettingsCore] Registered mod [ExtendedData_Serp]
[Info   :Extended Data] [2026-09-24 16:09:56.179] [ExtendedData_Serp] Loaded editable lobby-settings working state; basedOn=, modified=False.
[Info   :Extended Data] [2026-09-24 16:09:56.182] [ExtendedData_Serp] Shared per-player lobby convergence activated: settings=[CoopPackageStatus], required=[CoopPackageStatus].
[Info   :  SHCDE-SE] [T1-16:09:56.184] [ModSaveDataAPI] [RegisterModDataHandler] Registered handler for [ExtendedData-LaunchOrigin]
[Info   :  SHCDE-SE] [T1-16:09:56.184] [GameXAMLManagerAPI] [RegisterBinding] Registering auto-binding: [ExtendedDataMapEditorSaveOptionsHost]
[Info   :  SHCDE-SE] [T1-16:09:56.184] [GameXAMLManagerAPI] [RegisterBinding] Registering auto-binding: [ExtendedDataTrailMakerSaveOptionsHost]
[Info   :Extended Data] [2026-09-24 16:09:56.190] Registered ExtendedData as the BugfixesAndQoL Trail customization provider.
[Info   :Extended Data] [2026-09-24 16:09:56.197] Custom Lord preflight rules: Script Extender=2.9.0, knownProfile=False, reflectedLordInfoFields=13, reflectedMessageTypes=42, publicValidator=False.
[Info   :  SHCDE-SE] [T1-16:09:56.197] [GameXAMLManagerAPI] [RegisterBinding] Registering auto-binding: [ExtendedDataUploadOptionsHost]
[Info   :  SHCDE-SE] [T1-16:09:56.198] [GameNetworkAPI] [GetPacketEventFor] Dynamically registered packet type 'CoopCustomizePacket' with ID: 1114
[Info   :  SHCDE-SE] [T1-16:09:56.198] [GameNetworkAPI] [GetPacketEventFor] Created R3 event stream for packet ID 1114 [CoopCustomizePacket]
[Info   :  SHCDE-SE] [T1-16:09:56.198] [GameNetworkAPI] [GetPacketEventFor] Dynamically registered packet type 'BuiltInCustomizeOriginPacket' with ID: 1115
[Info   :  SHCDE-SE] [T1-16:09:56.198] [GameNetworkAPI] [GetPacketEventFor] Created R3 event stream for packet ID 1115 [BuiltInCustomizeOriginPacket]
[Info   :Extended Data] [2026-09-24 16:09:56.317] Trail mission-settings coordinator initialized.
[Info   :  SHCDE-SE] [T1-16:09:56.319] [ModSaveDataAPI] [RegisterModDataHandler] Registered handler for [ExtendedData-MapModSettings]
[Info   :  SHCDE-SE] [T1-16:09:56.339] [GameNetworkAPI] [GetPacketEventFor] Dynamically registered packet type 'MapModSettingsPacket' with ID: 1116
[Info   :  SHCDE-SE] [T1-16:09:56.339] [GameNetworkAPI] [GetPacketEventFor] Created R3 event stream for packet ID 1116 [MapModSettingsPacket]
[Info   :Extended Data] [2026-09-24 16:09:56.343] Map mod-settings coordinator initialized.
[Info   :Extended Data] [2026-09-24 16:09:56.349] Map/Trail mod settings [Fixes] (fixes) are not included in creator presets: missing typed APIShared preset endpoint.
[Info   :Extended Data] [2026-09-24 16:09:56.356] Map/Trail mod-settings compatibility refreshed: compatible=7 [Bugfixes and QoL, Building Costs, Building Limit, CastlePlanner, Cheat Mod, Extra Features, Unit Limit], incompatible=1 [Fixes].
[Info   :Extended Data] [2026-09-24 16:09:56.437] Found Coop Trail package [Coop Trail (PoC)] with 1 mission(s).
[Info   :Extended Data] [2026-09-24 16:09:56.449] Runtime initialized; selected Coop Trail packages use cooptrail.json and centralized Trail settings.
[Info   :   BepInEx] Loading [Extreme Powers 0.1.4]
[Debug  :Extreme Powers] [2026-09-24 16:09:56.453] [Extreme Powers] gameplay-mod gate: modGuid=ExtremePowers_Serp, source=initialization, kind=Unknown, launchVariant=Standard, customized=False, customizedOrigin=0, modeAllowed=False, configuredEnabled=False, effectiveEnabled=False, action=disabled-by-mode, reason=unknown-fail-closed.
[Debug  :Extreme Powers] [2026-09-24 16:09:56.453] Extreme Powers 0.1.4 loaded.
[Info   :Serp Localization] [2026-09-24 16:09:56.464] Locale selected: locale=en-US, source=Steam runtime, rawLanguage=english, configuredProvider=detect, scriptExtenderLanguage=en-US, pluginDirectory=E:\ProgrammeE\Steam\steamapps\common\Stronghold Crusader Definitive Edition\BepInEx\plugins\ExtremePowers_Serp, englishFileExists=True, localeFileExists=True.
[Info   :  SHCDE-SE] [T1-16:09:56.499] [GameNetworkAPI] [GetPacketEventFor] Dynamically registered packet type 'ExtremePowerChore' with ID: 1117
[Info   :  SHCDE-SE] [T1-16:09:56.499] [GameNetworkAPI] [GetPacketEventFor] Created R3 event stream for packet ID 1117 [ExtremePowerChore]
[Info   :  SHCDE-SE] [T1-16:09:56.522] [LobbyModSettingsStorage] [Load] [ExtremePowers_Serp]: Settings restored from [E:\ProgrammeE\Steam\steamapps\common\Stronghold Crusader Definitive Edition\BepInEx\plugins\ExtremePowers_Serp\LobbyModSettings\ExtremePowers_Serp.msgpack]
[Info   :  SHCDE-SE] [T1-16:09:56.528] [GameXAMLManagerAPI] [RegisterLobbyModSettingsCore] Registered mod [ExtremePowers_Serp]
[Info   :Extreme Powers] [2026-09-24 16:09:56.528] [ExtremePowers_Serp] Loaded editable lobby-settings working state; basedOn=, modified=False.
[Info   :Extreme Powers] [2026-09-24 16:09:56.528] [ExtremePowers_Serp] Shared per-player lobby convergence activated: settings=[ApiProtocolReport], required=[ApiProtocolReport].
[Debug  :Extreme Powers] [2026-09-24 16:09:56.529] Supported Steam build 24816905; validated Extreme Powers hooks are active.
[Info   :   BepInEx] Loading [Random Events 1.0.42]
[Debug  :Random Events] [2026-09-24 16:09:56.534] [Random Events] gameplay-mod gate: modGuid=RandomEvents_Serp, source=initialization, kind=Unknown, launchVariant=Standard, customized=False, customizedOrigin=0, modeAllowed=False, configuredEnabled=True, effectiveEnabled=False, action=disabled-by-mode, reason=unknown-fail-closed.
[Info   :Random Events] [2026-09-24 16:09:56.534] [RandomEvents_Serp] gameplay-feature gate: feature=RandomEventsRuntime, source=initialization, kind=Unknown, launchVariant=Standard, realMultiplayer=False, modeAllowed=False, action=disabled-by-feature-mode, reason=unknown-fail-closed.
[Info   :  SHCDE-SE] [T1-16:09:56.535] [GameNetworkAPI] [GetPacketEventFor] Dynamically registered packet type 'RandomEventsInitializationChorePacket' with ID: 1118
[Info   :  SHCDE-SE] [T1-16:09:56.535] [GameNetworkAPI] [GetPacketEventFor] Created R3 event stream for packet ID 1118 [RandomEventsInitializationChorePacket]
[Info   :  SHCDE-SE] [T1-16:09:56.535] [GameNetworkAPI] [GetPacketEventFor] Dynamically registered packet type 'RandomEventsBatchChorePacket' with ID: 1119
[Info   :  SHCDE-SE] [T1-16:09:56.535] [GameNetworkAPI] [GetPacketEventFor] Created R3 event stream for packet ID 1119 [RandomEventsBatchChorePacket]
[Info   :  SHCDE-SE] [T1-16:09:56.535] [GameNetworkAPI] [GetPacketEventFor] Dynamically registered packet type 'RandomEventsSignpostChorePacket' with ID: 1120
[Info   :  SHCDE-SE] [T1-16:09:56.535] [GameNetworkAPI] [GetPacketEventFor] Created R3 event stream for packet ID 1120 [RandomEventsSignpostChorePacket]
[Info   :  SHCDE-SE] [T1-16:09:56.535] [GameNetworkAPI] [GetPacketEventFor] Dynamically registered packet type 'RandomEventsInitializationAckPacket' with ID: 1121
[Info   :  SHCDE-SE] [T1-16:09:56.535] [GameNetworkAPI] [GetPacketEventFor] Created R3 event stream for packet ID 1121 [RandomEventsInitializationAckPacket]
[Debug  :Random Events] [2026-09-24 16:09:56.536] Random Events Chore packets registered eagerly: initialization=1118, batch=1119, signpost=1120, protocolVersion=2.
[Debug  :Random Events] [2026-09-24 16:09:56.536] Random Events initialization-ACK packet registered eagerly: packetId=1121, protocolVersion=2.
[Debug  :Random Events] [2026-09-24 16:09:56.554] Random Events Script Extender binary: path=E:\ProgrammeE\Steam\steamapps\common\Stronghold Crusader Definitive Edition\BepInEx\plugins\000shcdese\SHCDESE.dll, version=2.9.0.0, size=1649152, sha256=710B4DA701D08250C4760181B4B5C0702A333AEAE8EBA33C311B30530FE9A697.
[Debug  :Random Events] [2026-09-24 16:09:56.566] Random Events Chore serializer self-tests passed: initialization-none(bytes=63,sha256=FE3799B68832EE999E16D16EC1561108E18D6D542E98FB9B355025508B6DA938), initialization-shared(bytes=78,sha256=B91D757B13BAF8D458BA0D850F53C4E352FF94CB49CCC0AC065A915FBD0354DA), initialization-individual-dense(bytes=185,sha256=225D396B104FEE15C2A5AF01357353CEE0AB46B500D7CE4B91A06B7E011BA6E4), empty-batch(bytes=27,sha256=4D8647032200FBC739FDC8F5F181A377E268542F398D987E31550D5EC5676EBB), maximum-batch(bytes=393,sha256=0627C9EFD45CA8AC23CBA3A90B198FDA82CE5A96CDBF829C88D1B41956C744BD), signpost(bytes=3,sha256=8117175A4F042DD4C5982F6E865AB11C0E893551CD454B1F32A83535AD331F96), initialization-ack(bytes=38,sha256=F8A010EAC7F7F6F9A1A6F8B132277D6318F767EEBE7EE4C3DD1534862969AAF3).
[Info   :Serp Localization] [2026-09-24 16:09:56.575] Locale selected: locale=en-US, source=Steam runtime, rawLanguage=english, configuredProvider=detect, scriptExtenderLanguage=en-US, pluginDirectory=E:\ProgrammeE\Steam\steamapps\common\Stronghold Crusader Definitive Edition\BepInEx\plugins\RandomEvents_Serp, englishFileExists=True, localeFileExists=True.
[Info   :  SHCDE-SE] [T1-16:09:56.578] [LobbyModSettingsStorage] [Load] [RandomEvents_Serp]: Settings restored from [E:\ProgrammeE\Steam\steamapps\common\Stronghold Crusader Definitive Edition\BepInEx\plugins\RandomEvents_Serp\LobbyModSettings\RandomEvents_Serp.msgpack]
[Info   :  SHCDE-SE] [T1-16:09:56.593] [GameXAMLManagerAPI] [RegisterLobbyModSettingsCore] Registered mod [RandomEvents_Serp]
[Info   :Random Events] [2026-09-24 16:09:56.593] [RandomEvents_Serp] Loaded editable lobby-settings working state; basedOn=, modified=False.
[Info   :Random Events] [2026-09-24 16:09:56.621] Random Events native integration verified the installed CrusaderDE.dll: sha256=FBCB93195FC7EFCA9BDAC5204852EFDD76F9818F59A6711750D77C9CEF2831E2, size=3451392, path=E:\ProgrammeE\Steam\steamapps\common\Stronghold Crusader Definitive Edition\Stronghold Crusader Definitive Edition_Data\Plugins\x86_64\CrusaderDE.dll.
[Info   :Random Events] [2026-09-24 16:09:56.622] Native address resolved: name=signpost lookup, method=reference-rva, rva=0xCB800.
[Info   :Random Events] [2026-09-24 16:09:56.626] Native address resolved: name=archer signpost source, method=reference-rva, rva=0x104E13, sourceXOffset=0x1838CC, sourceYOffset=0x1838D0, slotStride=0x10.
[Debug  :Random Events] [2026-09-24 16:09:56.627] Native address resolved: name=building prerequisite, method=reference-rva, rva=0xB8D50.
[Debug  :Random Events] [2026-09-24 16:09:56.627] Native address resolved: name=wheat infestation, method=reference-rva, rva=0xC3130.
[Debug  :Random Events] [2026-09-24 16:09:56.627] Native address resolved: name=hops beetles, method=reference-rva, rva=0xC2E30.
[Debug  :Random Events] [2026-09-24 16:09:56.628] Native address resolved: name=apple blight, method=reference-rva, rva=0xC2C30.
[Debug  :Random Events] [2026-09-24 16:09:56.628] Native address resolved: name=mad-cow unit effect, method=reference-rva, rva=0x194C40.
[Debug  :Random Events] [2026-09-24 16:09:56.631] Native address resolved: name=mad-cow building effect, method=reference-rva, rva=0xC6090.
[Debug  :Random Events] [2026-09-24 16:09:56.631] Native address resolved: name=granary theft, method=reference-rva, rva=0xC5F70.
[Debug  :Random Events] [2026-09-24 16:09:56.631] Native address resolved: name=event presentation callsite, method=reference-rva, rva=0xF9B74.
[Debug  :Random Events] [2026-09-24 16:09:56.632] Native event-presentation target filter installed: address=0x7FFAA78331B0.
[Debug  :Random Events] [2026-09-24 16:09:56.633] Native event-sound target filter installed: address=0x7FFAA7732940.
[Debug  :Random Events] [2026-09-24 16:09:56.633] Native event-sound target resolved: method=reference-rva, callsiteRva=0x104A20, managerRva=0x64C4490, handlerRva=0x2940.
[Debug  :Random Events] [2026-09-24 16:09:56.633] Native address resolved: name=Vanilla wildlife handler, method=reference-rva, rva=0x11E150.
[Debug  :Random Events] [2026-09-24 16:09:56.633] Native address resolved: name=Vanilla lion/rabbit source branches, method=reference-rva, rva=0x11E638.
[Debug  :Random Events] [2026-09-24 16:09:56.635] Native address resolved: name=Vanilla rabbit predicate, method=reference-rva, rva=0x1177A0.
[Debug  :Random Events] [2026-09-24 16:09:56.635] Native address resolved: name=Vanilla rabbit spawner, method=reference-rva, rva=0x123AC0.
[Debug  :Random Events] [2026-09-24 16:09:56.635] Native address resolved: name=Vanilla rabbit tile mask, method=reference-rva, rva=0x123B86.
[Debug  :Random Events] [2026-09-24 16:09:56.635] Native address resolved: name=Vanilla rabbit event wrapper, method=reference-rva, rva=0x10496A.
[Debug  :Random Events] [2026-09-24 16:09:56.635] Native address resolved: name=Vanilla rabbit source write, method=reference-rva, rva=0x123BD3.
[Debug  :Random Events] [2026-09-24 16:09:56.635] Native address resolved: name=Vanilla lion spawn case, method=reference-rva, rva=0x11E261.
[Debug  :Random Events] [2026-09-24 16:09:56.635] Native address resolved: name=Vanilla lion activation write, method=reference-rva, rva=0x104C64.
[Debug  :Random Events] [2026-09-24 16:09:56.636] Native address resolved: name=Vanilla lion action-point wrapper, method=reference-rva, rva=0x104C46.
[Debug  :Random Events] [2026-09-24 16:09:56.636] Native address resolved: name=Vanilla action-point handler, method=reference-rva, rva=0xF4D40.
[Debug  :Random Events] [2026-09-24 16:09:56.636] Native minimap action-point target filter installed: address=0x7FFAA7824D40.
[Debug  :Random Events] [2026-09-24 16:09:56.636] Native address resolved: name=Vanilla bandit popularity-state write, method=reference-rva, rva=0x104CBA.
[Info   :  SHCDE-SE] [T1-16:09:56.636] [ModSaveDataAPI] [RegisterModDataHandler] Registered handler for [serp-randomevents-state]
[Debug  :Random Events] [2026-09-24 16:09:56.637] Crusader library loaded; Random Events initialized.
[Info   :   BepInEx] Loading [Start Conditions 1.0.28]
[Info   :  SHCDE-SE] [T1-16:09:56.691] [LobbyModSettingsStorage] [Load] [StartConditions_Serp]: Settings restored from [E:\ProgrammeE\Steam\steamapps\common\Stronghold Crusader Definitive Edition\BepInEx\plugins\StartConditions_Serp\LobbyModSettings\StartConditions_Serp.msgpack]
[Info   :  SHCDE-SE] [T1-16:09:56.697] [GameXAMLManagerAPI] [RegisterLobbyModSettingsCore] Registered mod [StartConditions_Serp]
[Info   :  SHCDE-SE] [T1-16:09:56.699] [ModSaveDataAPI] [RegisterModDataHandler] Registered handler for [StartConditions_Serp.AIStartTroops]
[Info   :Start Conditions] [2026-09-24 16:09:56.700] Start Conditions briefing-gold adjustment registered with APIShared.
[Info   :   BepInEx] Loading [Unit Costs 1.0.30]
[Debug  :Unit Costs] [2026-09-24 16:09:56.703] Unit Costs 1.0.30 loaded.
[Debug  :Unit Costs] [2026-09-24 16:09:56.719] [Unit Costs] gameplay-mod gate: modGuid=UnitCosts_Serp, source=initialization, kind=Unknown, launchVariant=Standard, customized=False, customizedOrigin=0, modeAllowed=False, configuredEnabled=True, effectiveEnabled=False, action=disabled-by-mode, reason=unknown-fail-closed.
[Info   :Unit Costs] [2026-09-24 16:09:56.719] [UnitCosts_Serp] gameplay-feature gate: feature=UnitCostEnforcement, source=initialization, kind=Unknown, launchVariant=Standard, realMultiplayer=False, modeAllowed=False, action=disabled-by-feature-mode, reason=unknown-fail-closed.
[Info   :Unit Costs] [2026-09-24 16:09:56.751] Unit Costs verified the installed CrusaderDE.dll: sha256=FBCB93195FC7EFCA9BDAC5204852EFDD76F9818F59A6711750D77C9CEF2831E2, size=3451392, path=E:\ProgrammeE\Steam\steamapps\common\Stronghold Crusader Definitive Edition\Stronghold Crusader Definitive Edition_Data\Plugins\x86_64\CrusaderDE.dll.
[Info   :Serp Localization] [2026-09-24 16:09:56.762] Locale selected: locale=en-US, source=Steam runtime, rawLanguage=english, configuredProvider=detect, scriptExtenderLanguage=en-US, pluginDirectory=E:\ProgrammeE\Steam\steamapps\common\Stronghold Crusader Definitive Edition\BepInEx\plugins\UnitCosts_Serp, englishFileExists=True, localeFileExists=True.
[Info   :  SHCDE-SE] [T1-16:09:56.763] [LobbyModSettingsStorage] [Load] [UnitCosts_Serp]: Settings restored from [E:\ProgrammeE\Steam\steamapps\common\Stronghold Crusader Definitive Edition\BepInEx\plugins\UnitCosts_Serp\LobbyModSettings\UnitCosts_Serp.msgpack]
[Info   :  SHCDE-SE] [T1-16:09:56.767] [GameXAMLManagerAPI] [RegisterLobbyModSettingsCore] Registered mod [UnitCosts_Serp]
[Info   :Unit Costs] [2026-09-24 16:09:56.767] [UnitCosts_Serp] Loaded editable lobby-settings working state; basedOn=, modified=False.
[Info   :  SHCDE-SE] [T1-16:09:56.767] [GameXAMLManagerAPI] [RegisterBinding] Registering auto-binding: [UnitCostsNotificationOverlay]
[Info   :  SHCDE-SE] [T1-16:09:56.767] [GameXAMLManagerAPI] [RegisterBinding] Registering auto-binding: [UnitCostsSiegeNotificationInlineHost]
[Info   :  SHCDE-SE] [T1-16:09:56.767] [GameXAMLManagerAPI] [RegisterBinding] Registering auto-binding: [UnitCostsTroopCostsInlineHost]
[Info   :  SHCDE-SE] [T1-16:09:56.767] [GameXAMLManagerAPI] [RegisterBinding] Registering auto-binding: [UnitCostsArabTroopCostsInlineHost]
[Info   :  SHCDE-SE] [T1-16:09:56.767] [GameXAMLManagerAPI] [RegisterBinding] Registering auto-binding: [UnitCostsBedouinTroopCostsInlineHost]
[Info   :  SHCDE-SE] [T1-16:09:56.767] [GameXAMLManagerAPI] [RegisterBinding] Registering auto-binding: [UnitCostsEngineersCostsInlineHost]
[Info   :  SHCDE-SE] [T1-16:09:56.767] [GameXAMLManagerAPI] [RegisterBinding] Registering auto-binding: [UnitCostsTunellersCostsInlineHost]
[Info   :  SHCDE-SE] [T1-16:09:56.767] [GameXAMLManagerAPI] [RegisterBinding] Registering auto-binding: [UnitCostsMonkCostsInlineHost]
[Info   :  SHCDE-SE] [T1-16:09:56.767] [GameXAMLManagerAPI] [RegisterBinding] Registering auto-binding: [UnitCostsSiegeBuildCostsInlineHost]
[Debug  :Unit Costs] [2026-09-24 16:09:56.768] UnitCosts horse-link lifecycle subscribed
[Debug  :Unit Costs] [2026-09-24 16:09:56.768] UnitCosts disabled; runtime hooks not subscribed
[Debug  :Unit Costs] [2026-09-24 16:09:56.768] Crusader library loaded; UnitCosts runtime initialized.
[Info   :   BepInEx] Loading [Waterboy Target Reservation Test 0.1.0]
[Warning:Waterboy Target Reservation Test] [2026-09-24 16:09:56.780] Waterboy Target Reservation Test 0.1.0 loaded; testMod=true, gameplaySynchronized=true, settings=true.
[Info   :Waterboy Target Reservation Test] [2026-09-24 16:09:56.809] Waterboy Target Reservation Test verified the installed CrusaderDE.dll: sha256=FBCB93195FC7EFCA9BDAC5204852EFDD76F9818F59A6711750D77C9CEF2831E2, size=3451392, path=E:\ProgrammeE\Steam\steamapps\common\Stronghold Crusader Definitive Edition\Stronghold Crusader Definitive Edition_Data\Plugins\x86_64\CrusaderDE.dll.
[Info   :  SHCDE-SE] [T1-16:09:56.815] [GameXAMLManagerAPI] [RegisterLobbyModSettingsCore] Registered mod [WaterboyTargetReservationTest_Serp]
[Info   :Waterboy Target Reservation Test] [2026-09-24 16:09:56.815] [WaterboyTargetReservationTest_Serp] Initialized editable settings from code defaults.
[Info   :Waterboy Target Reservation Test] [2026-09-24 16:09:56.817] [WaterboyTargetReservationTest_Serp] Loaded editable lobby-settings working state; basedOn=, modified=False.
[Info   :Waterboy Target Reservation Test] [2026-09-24 16:09:56.820] [WaterboyTargetReservationTest_Serp] Shared per-player lobby convergence activated: settings=[EnableNearestWaterboyTargeting], required=[].
[Debug  :Waterboy Target Reservation Test] [2026-09-24 16:09:56.823] Native address resolved: name=waterboy nearest-burning-building search, method=reference-rva, rva=0xB8F40.
[Info   :  SHCDE-SE] [T1-16:09:56.823] [GameNetworkAPI] [GetPacketEventFor] Dynamically registered packet type 'WaterboyModePacket' with ID: 1122
[Info   :  SHCDE-SE] [T1-16:09:56.823] [GameNetworkAPI] [GetPacketEventFor] Created R3 event stream for packet ID 1122 [WaterboyModePacket]
[Info   :  SHCDE-SE] [T1-16:09:56.824] [Detour:targetSearchHook] ["targetSearchHook"] prepared at 0x00007FFAA77E8F40 using Indirect: 10 bytes displaced, trampoline 0x00007FFA378EFE10.
[Info   :  SHCDE-SE] [T1-16:09:56.898] [HookTransaction[.ctor]] Commit: "1/1 installed, 0 failed, 74ms (0ms scanning)"
[Info   :Waterboy Target Reservation Test] [2026-09-24 16:09:56.899] Waterboy target reservations active: method=reference-rva, rva=0xB8F40, scheme=Indirect, displaced=10, span=0xB8F40-0xB8F4A, stationaryTimeoutTicks=600, baseGameSpeed=40, linkedCompounds=true, perPlayer=true, nearestTakeover=true, liveToggle=true.
[Info   :  SHCDE-SE] [T1-16:09:56.899] [GameXAMLManagerAPI] [RegisterBinding] Registering auto-binding: [WaterboyTargetReservationTestModeButtonHost]
[Message:   BepInEx] Chainloader startup complete
[Info   :Active AIV Detector] [2026-09-24 16:09:56.962] Plugin component destroyed during startup; keeping the active-AIV hook rooted.
[Debug  :CastlePlanner] [2026-09-24 16:09:56.962] Plugin component destroyed during startup; keeping CastlePlanner lifecycle subscriptions rooted.
[Debug  :Extended Data] [2026-09-24 16:09:56.962] ExtendedData OnDestroy called; keeping process-lifetime runtime active.
[Debug  :Extreme Powers] [2026-09-24 16:09:56.962] Plugin component destroyed during startup; keeping Extreme Powers hooks and settings rooted.
[Info   :  SHCDE-SE] [T1-16:09:57.735] [MapModManager] [TryUpdateModsFromRemote] Trying to update mods from steam-remote...
[Info   :  SHCDE-SE] [T1-16:09:57.737] [MapModManager] [TryUpdateModsFromRemote] Retrieved 6 items
[Info   :  SHCDE-SE] [T1-16:09:57.737] [MapModManager] [DetectAndStageUninstalls] Scanning for uninstalls in: [E:\ProgrammeE\Steam\steamapps\common\Stronghold Crusader Definitive Edition\_SE]
[Info   :  SHCDE-SE] [T1-16:09:57.737] [MapModManager] [DetectAndStageUninstalls] Found 3 local manifests.
[Info   :  SHCDE-SE] [T1-16:09:57.740] [MapArchive] [.ctor] Reading ZIP data from offset: 003444B7
[Info   :  SHCDE-SE] [T1-16:09:57.740] [MapModManager] [TryStageModUpdate] Querying workshop mod (MAS): [fixes], full: [E:\ProgrammeE\Steam\steamapps\workshop\content\3024040\3791770511\fixes.map]
[Info   :  SHCDE-SE] [T1-16:09:57.740] [MapModManager] [ShouldUpdate] Querying local mod info: [E:\ProgrammeE\Steam\steamapps\common\Stronghold Crusader Definitive Edition\_SE\fixes.json]
[Info   :  SHCDE-SE] [T1-16:09:57.741] [MapModManager] [ShouldUpdate] Local mod info version: [1.19.1], Remote version: [1.19.1]
[Info   :  SHCDE-SE] [T1-16:09:57.741] [MapModManager] [TryStageModUpdate] Skipping: [fixes]
[Info   :  SHCDE-SE] [T1-16:09:57.744] [MapArchive] [.ctor] Reading ZIP data from offset: 003444B7
[Info   :  SHCDE-SE] [T1-16:09:57.755] [MapModManager] [TryStageModUpdate] Querying workshop mod (MAS): [SerpsMods], full: [E:\ProgrammeE\Steam\steamapps\workshop\content\3024040\3788821961\SerpsMods.map]
[Info   :  SHCDE-SE] [T1-16:09:57.755] [MapModManager] [ShouldUpdate] Querying local mod info: [E:\ProgrammeE\Steam\steamapps\common\Stronghold Crusader Definitive Edition\_SE\SerpsMods.json]
[Info   :  SHCDE-SE] [T1-16:09:57.755] [MapModManager] [ShouldUpdate] Local mod info version: [1.0.14], Remote version: [1.0.14]
[Info   :  SHCDE-SE] [T1-16:09:57.755] [MapModManager] [TryStageModUpdate] Skipping: [SerpsMods]
[Info   :  SHCDE-SE] [T1-16:09:57.758] [MapArchive] [.ctor] Reading ZIP data from offset: 003444B7
[Info   :  SHCDE-SE] [T1-16:09:57.759] [MapModManager] [TryStageModUpdate] Querying workshop mod (MAS): [LorrdyAISharesGold], full: [E:\ProgrammeE\Steam\steamapps\workshop\content\3024040\3774768801\LorrdyAISharesGold.map]
[Info   :  SHCDE-SE] [T1-16:09:57.759] [MapModManager] [ShouldUpdate] Querying local mod info: [E:\ProgrammeE\Steam\steamapps\common\Stronghold Crusader Definitive Edition\_SE\LorrdyAISharesGold.json]
[Info   :  SHCDE-SE] [T1-16:09:57.759] [MapModManager] [ShouldUpdate] Local mod info version: [1.0.4], Remote version: [1.0.4]
[Info   :  SHCDE-SE] [T1-16:09:57.759] [MapModManager] [TryStageModUpdate] Skipping: [LorrdyAISharesGold]
[Info   :AIV Lobby Preset Test] Persistent lobby render observer active.
[Info   :Extended Data] [2026-09-24 16:09:58.248] Map/Trail mod settings [Waterboy Target Reservation Test] (WaterboyTargetReservationTest_Serp) are not included in creator presets: no persistent SyncHostOnly settings.
[Info   :Extended Data] [2026-09-24 16:09:58.252] Map/Trail mod-settings compatibility refreshed: compatible=11 [Bugfixes and QoL, Building Costs, Building Limit, CastlePlanner, Cheat Mod, Extra Features, Extreme Powers, Random Events, Start Conditions, Unit Costs, Unit Limit], incompatible=2 [Fixes, Waterboy Target Reservation Test].
[Info   :UU-ImGUI API] idxgiswapchain_present_hook_impl: init
[Info   :UU-ImGUI API] idxgiswapchain_present_hook_impl: overwritten wndproc of hwnd: 40503808. old: 2A3A735DBF0, new=2A4B3794AB0
[Info   :UU-ImGUI API] idxgiswapchain_present_hook_impl: created imgui context: 2A4B28C4790
[Info   :UU-ImGUI API] idxgiswapchain_present_hook_impl: created implot context: 2A3A53C9E40
[Info   :UU-ImGUI API] idxgiswapchain_present_hook_impl: created imnodes context: 2A33CE24270
[Info   :UU-ImGUI API] idxgiswapchain_present_hook_impl: created implot3d context: 2A3A6113340
[Info   :UU-ImGUI API] idxgiswapchain_present_hook_impl: context creation complete
[Debug  :UU-ImGUI API] IDXGISwapChain self=2A33E11B990
[Info   :UU-ImGUI API] idxgiswapchain_present_hook_impl: idgxiswapchain_getdesc::getdesc OK
[Info   :UU-ImGUI API] idxgiswapchain_present_hook_impl: idgxiswapchain_getdevice::getdevice OK
[Info   :UU-ImGUI API] idxgiswapchain_present_hook_impl: cached id3d11 device, id3d11 device context
[Info   :UU-ImGUI API] idxgiswapchain_present_hook_impl: idgxiswapchain_getbuffer::getbuffer
[Info   :UU-ImGUI API] idxgiswapchain_present_hook_impl: cached_ID3D11Device::createrendertargetview
[Info   :UU-ImGUI API] idxgiswapchain_present_hook_impl: pBackBuffer release OK
[Info   :UU-ImGUI API] idxgiswapchain_present_hook_impl: imgui get io
[Info   :UU-ImGUI API] idxgiswapchain_present_hook_impl: adding primary font: E:\ProgrammeE\Steam\steamapps\common\Stronghold Crusader Definitive Edition\BepInEx\plugins\000shcdese\data\fonts/FiraCode-Regular.ttf
[Debug  :Bugfixes and QoL] [2026-09-24 16:09:58.484] Recovered classic map size 400 from section 1050: C:/Users/Serpens66/AppData/LocalLow/Firefly Studios/Stronghold Crusader Definitive Edition\Maps\1001 Schlacht.map
[Info   :UU-ImGUI API] idxgiswapchain_present_hook_impl: win32 init begin
[Debug  :Bugfixes and QoL] [2026-09-24 16:09:58.485] Recovered classic map size 400 from section 1050: C:/Users/Serpens66/AppData/LocalLow/Firefly Studios/Stronghold Crusader Definitive Edition\Maps\2 Penninsula limited.map
[Info   :UU-ImGUI API] idxgiswapchain_present_hook_impl: win32 init ok
[Info   :UU-ImGUI API] idxgiswapchain_present_hook_impl: dx11 init begin, ppDevice=2A2195CC8A0, pID3D11DeviceContext=2A2195CEC38 PTRSIZE=8 / 8
[Info   :UU-ImGUI API] idxgiswapchain_present_hook_impl: dx11 init ok
[Debug  :Bugfixes and QoL] [2026-09-24 16:09:58.486] Recovered classic map size 400 from section 1050: C:/Users/Serpens66/AppData/LocalLow/Firefly Studios/Stronghold Crusader Definitive Edition\Maps\2 Penninsula.map
[Debug  :Bugfixes and QoL] [2026-09-24 16:09:58.486] Recovered classic map size 400 from section 1050: C:/Users/Serpens66/AppData/LocalLow/Firefly Studios/Stronghold Crusader Definitive Edition\Maps\3 vs 3 vs 1 vs 1.map
[Debug  :Bugfixes and QoL] [2026-09-24 16:09:58.486] Recovered classic map size 400 from section 1050: C:/Users/Serpens66/AppData/LocalLow/Firefly Studios/Stronghold Crusader Definitive Edition\Maps\3 vs 5.map
[Debug  :Bugfixes and QoL] [2026-09-24 16:09:58.488] Recovered classic map size 400 from section 1050: C:/Users/Serpens66/AppData/LocalLow/Firefly Studios/Stronghold Crusader Definitive Edition\Maps\3vs5 mit vorteil 5 sold.map
[Debug  :Bugfixes and QoL] [2026-09-24 16:09:58.489] Recovered classic map size 400 from section 1050: C:/Users/Serpens66/AppData/LocalLow/Firefly Studios/Stronghold Crusader Definitive Edition\Maps\4 vs 4 comps.map
[Debug  :Bugfixes and QoL] [2026-09-24 16:09:58.489] Recovered classic map size 400 from section 1050: C:/Users/Serpens66/AppData/LocalLow/Firefly Studios/Stronghold Crusader Definitive Edition\Maps\4spielerkarte.map
[Debug  :Bugfixes and QoL] [2026-09-24 16:09:58.489] Recovered classic map size 400 from section 1050: C:/Users/Serpens66/AppData/LocalLow/Firefly Studios/Stronghold Crusader Definitive Edition\Maps\aaaselbstge.map
[Debug  :Bugfixes and QoL] [2026-09-24 16:09:58.490] Recovered classic map size 160 from section 1050: C:/Users/Serpens66/AppData/LocalLow/Firefly Studios/Stronghold Crusader Definitive Edition\Maps\Another Close Call.map
[Debug  :Bugfixes and QoL] [2026-09-24 16:09:58.491] Recovered classic map size 400 from section 1050: C:/Users/Serpens66/AppData/LocalLow/Firefly Studios/Stronghold Crusader Definitive Edition\Maps\Antarctic- '' RaradICE''.map
[Debug  :Bugfixes and QoL] [2026-09-24 16:09:58.494] Recovered classic map size 400 from section 1050: C:/Users/Serpens66/AppData/LocalLow/Firefly Studios/Stronghold Crusader Definitive Edition\Maps\aPech.map
[Debug  :Bugfixes and QoL] [2026-09-24 16:09:58.495] Recovered classic map size 400 from section 1050: C:/Users/Serpens66/AppData/LocalLow/Firefly Studios/Stronghold Crusader Definitive Edition\Maps\BasisKarte X-easy.map
[Debug  :Bugfixes and QoL] [2026-09-24 16:09:58.502] Recovered classic map size 400 from section 1050: C:/Users/Serpens66/AppData/LocalLow/Firefly Studios/Stronghold Crusader Definitive Edition\Maps\BasisKarte X-easy2.map
[Debug  :Bugfixes and QoL] [2026-09-24 16:09:58.503] Recovered classic map size 400 from section 1050: C:/Users/Serpens66/AppData/LocalLow/Firefly Studios/Stronghold Crusader Definitive Edition\Maps\BasisKarte X-easy5.map
[Debug  :Bugfixes and QoL] [2026-09-24 16:09:58.503] Recovered classic map size 400 from section 1050: C:/Users/Serpens66/AppData/LocalLow/Firefly Studios/Stronghold Crusader Definitive Edition\Maps\BasisKarte X-easy6.map
[Debug  :Bugfixes and QoL] [2026-09-24 16:09:58.503] Recovered classic map size 400 from section 1050: C:/Users/Serpens66/AppData/LocalLow/Firefly Studios/Stronghold Crusader Definitive Edition\Maps\BasisKarte X-hard.map
[Debug  :Bugfixes and QoL] [2026-09-24 16:09:58.504] Recovered classic map size 400 from section 1050: C:/Users/Serpens66/AppData/LocalLow/Firefly Studios/Stronghold Crusader Definitive Edition\Maps\BasisKarte X-hard2.map
[Debug  :Bugfixes and QoL] [2026-09-24 16:09:58.505] Recovered classic map size 400 from section 1050: C:/Users/Serpens66/AppData/LocalLow/Firefly Studios/Stronghold Crusader Definitive Edition\Maps\BasisKarte X-hard5.map
[Debug  :Bugfixes and QoL] [2026-09-24 16:09:58.505] Recovered classic map size 400 from section 1050: C:/Users/Serpens66/AppData/LocalLow/Firefly Studios/Stronghold Crusader Definitive Edition\Maps\BasisKarte X-hard6.map
[Debug  :Bugfixes and QoL] [2026-09-24 16:09:58.505] Recovered classic map size 400 from section 1050: C:/Users/Serpens66/AppData/LocalLow/Firefly Studios/Stronghold Crusader Definitive Edition\Maps\BasisKarte X-hard6_2.map
[Debug  :Bugfixes and QoL] [2026-09-24 16:09:58.507] Recovered classic map size 400 from section 1050: C:/Users/Serpens66/AppData/LocalLow/Firefly Studios/Stronghold Crusader Definitive Edition\Maps\BasisKarte X-med.map
[Debug  :Bugfixes and QoL] [2026-09-24 16:09:58.508] Recovered classic map size 400 from section 1050: C:/Users/Serpens66/AppData/LocalLow/Firefly Studios/Stronghold Crusader Definitive Edition\Maps\BasisKarte X-med2.map
[Debug  :Bugfixes and QoL] [2026-09-24 16:09:58.508] Recovered classic map size 400 from section 1050: C:/Users/Serpens66/AppData/LocalLow/Firefly Studios/Stronghold Crusader Definitive Edition\Maps\BasisKarte X-med5.map
[Debug  :Bugfixes and QoL] [2026-09-24 16:09:58.508] Recovered classic map size 400 from section 1050: C:/Users/Serpens66/AppData/LocalLow/Firefly Studios/Stronghold Crusader Definitive Edition\Maps\BasisKarte X-med6.map
[Debug  :Bugfixes and QoL] [2026-09-24 16:09:58.509] Recovered classic map size 400 from section 1050: C:/Users/Serpens66/AppData/LocalLow/Firefly Studios/Stronghold Crusader Definitive Edition\Maps\BasisKarte.map
[Debug  :Bugfixes and QoL] [2026-09-24 16:09:58.509] Recovered classic map size 400 from section 1050: C:/Users/Serpens66/AppData/LocalLow/Firefly Studios/Stronghold Crusader Definitive Edition\Maps\Best_Friends.map
[Debug  :Bugfixes and QoL] [2026-09-24 16:09:58.511] Recovered classic map size 400 from section 1050: C:/Users/Serpens66/AppData/LocalLow/Firefly Studios/Stronghold Crusader Definitive Edition\Maps\Bird_in_flight.map
[Debug  :Bugfixes and QoL] [2026-09-24 16:09:58.511] Recovered classic map size 400 from section 1050: C:/Users/Serpens66/AppData/LocalLow/Firefly Studios/Stronghold Crusader Definitive Edition\Maps\Brother's Strife.map
[Debug  :Bugfixes and QoL] [2026-09-24 16:09:58.512] Recovered classic map size 400 from section 1050: C:/Users/Serpens66/AppData/LocalLow/Firefly Studios/Stronghold Crusader Definitive Edition\Maps\Center of Attention.map
[Debug  :Bugfixes and QoL] [2026-09-24 16:09:58.513] Recovered classic map size 400 from section 1050: C:/Users/Serpens66/AppData/LocalLow/Firefly Studios/Stronghold Crusader Definitive Edition\Maps\Coastal_Trap.map
[Debug  :Bugfixes and QoL] [2026-09-24 16:09:58.513] Recovered classic map size 400 from section 1050: C:/Users/Serpens66/AppData/LocalLow/Firefly Studios/Stronghold Crusader Definitive Edition\Maps\Country of Calendine4.map
[Debug  :Bugfixes and QoL] [2026-09-24 16:09:58.514] Recovered classic map size 400 from section 1050: C:/Users/Serpens66/AppData/LocalLow/Firefly Studios/Stronghold Crusader Definitive Edition\Maps\cove castles.map
[Debug  :Bugfixes and QoL] [2026-09-24 16:09:58.514] Recovered classic map size 400 from section 1050: C:/Users/Serpens66/AppData/LocalLow/Firefly Studios/Stronghold Crusader Definitive Edition\Maps\Crossroads.map
[Debug  :Bugfixes and QoL] [2026-09-24 16:09:58.515] Recovered classic map size 400 from section 1050: C:/Users/Serpens66/AppData/LocalLow/Firefly Studios/Stronghold Crusader Definitive Edition\Maps\Deep blue.map
[Debug  :Bugfixes and QoL] [2026-09-24 16:09:58.516] Recovered classic map size 400 from section 1050: C:/Users/Serpens66/AppData/LocalLow/Firefly Studios/Stronghold Crusader Definitive Edition\Maps\Desert Siege.map
[Debug  :Bugfixes and QoL] [2026-09-24 16:09:58.516] Recovered classic map size 400 from section 1050: C:/Users/Serpens66/AppData/LocalLow/Firefly Studios/Stronghold Crusader Definitive Edition\Maps\Desert Storm.map
[Debug  :Bugfixes and QoL] [2026-09-24 16:09:58.521] Recovered classic map size 300 from section 1050: C:/Users/Serpens66/AppData/LocalLow/Firefly Studios/Stronghold Crusader Definitive Edition\Maps\Devil's Lair.map
[Debug  :Bugfixes and QoL] [2026-09-24 16:09:58.521] Recovered classic map size 400 from section 1050: C:/Users/Serpens66/AppData/LocalLow/Firefly Studios/Stronghold Crusader Definitive Edition\Maps\Divided.map
[Debug  :Bugfixes and QoL] [2026-09-24 16:09:58.522] Recovered classic map size 400 from section 1050: C:/Users/Serpens66/AppData/LocalLow/Firefly Studios/Stronghold Crusader Definitive Edition\Maps\Dvelogre's Black Knights.map
[Debug  :Bugfixes and QoL] [2026-09-24 16:09:58.523] Recovered classic map size 400 from section 1050: C:/Users/Serpens66/AppData/LocalLow/Firefly Studios/Stronghold Crusader Definitive Edition\Maps\Eingekesselte Trutz.map
[Debug  :Bugfixes and QoL] [2026-09-24 16:09:58.523] Recovered classic map size 400 from section 1050: C:/Users/Serpens66/AppData/LocalLow/Firefly Studios/Stronghold Crusader Definitive Edition\Maps\Emblem of the Gallant.map
[Debug  :Bugfixes and QoL] [2026-09-24 16:09:58.524] Recovered classic map size 400 from section 1050: C:/Users/Serpens66/AppData/LocalLow/Firefly Studios/Stronghold Crusader Definitive Edition\Maps\Enclosure.map
[Debug  :Bugfixes and QoL] [2026-09-24 16:09:58.524] Recovered classic map size 400 from section 1050: C:/Users/Serpens66/AppData/LocalLow/Firefly Studios/Stronghold Crusader Definitive Edition\Maps\Final Destination.map
[Debug  :Bugfixes and QoL] [2026-09-24 16:09:58.525] Recovered classic map size 400 from section 1050: C:/Users/Serpens66/AppData/LocalLow/Firefly Studios/Stronghold Crusader Definitive Edition\Maps\From Small Things.map
[Debug  :Bugfixes and QoL] [2026-09-24 16:09:58.526] Recovered classic map size 400 from section 1050: C:/Users/Serpens66/AppData/LocalLow/Firefly Studios/Stronghold Crusader Definitive Edition\Maps\Fury_Bay.map
[Debug  :Bugfixes and QoL] [2026-09-24 16:09:58.526] Recovered classic map size 400 from section 1050: C:/Users/Serpens66/AppData/LocalLow/Firefly Studios/Stronghold Crusader Definitive Edition\Maps\Helms Klamm.map
[Debug  :Bugfixes and QoL] [2026-09-24 16:09:58.527] Recovered classic map size 400 from section 1050: C:/Users/Serpens66/AppData/LocalLow/Firefly Studios/Stronghold Crusader Definitive Edition\Maps\Heritage of Kings 2.map
[Debug  :Bugfixes and QoL] [2026-09-24 16:09:58.527] Recovered classic map size 400 from section 1050: C:/Users/Serpens66/AppData/LocalLow/Firefly Studios/Stronghold Crusader Definitive Edition\Maps\Heritage of Kings 3.map
[Debug  :Bugfixes and QoL] [2026-09-24 16:09:58.527] Recovered classic map size 200 from section 1050: C:/Users/Serpens66/AppData/LocalLow/Firefly Studios/Stronghold Crusader Definitive Edition\Maps\Im Nest der Ratte.map
[Debug  :Bugfixes and QoL] [2026-09-24 16:09:58.528] Recovered classic map size 300 from section 1050: C:/Users/Serpens66/AppData/LocalLow/Firefly Studios/Stronghold Crusader Definitive Edition\Maps\Jealous_Neighbours.map
[Debug  :Bugfixes and QoL] [2026-09-24 16:09:58.529] Recovered classic map size 400 from section 1050: C:/Users/Serpens66/AppData/LocalLow/Firefly Studios/Stronghold Crusader Definitive Edition\Maps\Jubal Al Waha - The Mountain Oasis.map
[Debug  :Bugfixes and QoL] [2026-09-24 16:09:58.529] Recovered classic map size 400 from section 1050: C:/Users/Serpens66/AppData/LocalLow/Firefly Studios/Stronghold Crusader Definitive Edition\Maps\Land of the Deserters II.map
[Debug  :Bugfixes and QoL] [2026-09-24 16:09:58.530] Recovered classic map size 400 from section 1050: C:/Users/Serpens66/AppData/LocalLow/Firefly Studios/Stronghold Crusader Definitive Edition\Maps\Land of the Deserters.map
[Debug  :Bugfixes and QoL] [2026-09-24 16:09:58.530] Recovered classic map size 300 from section 1050: C:/Users/Serpens66/AppData/LocalLow/Firefly Studios/Stronghold Crusader Definitive Edition\Maps\Lionheart.map
[Debug  :Bugfixes and QoL] [2026-09-24 16:09:58.532] Recovered classic map size 200 from section 1050: C:/Users/Serpens66/AppData/LocalLow/Firefly Studios/Stronghold Crusader Definitive Edition\Maps\Look_out.map
[Debug  :Bugfixes and QoL] [2026-09-24 16:09:58.532] Recovered classic map size 400 from section 1050: C:/Users/Serpens66/AppData/LocalLow/Firefly Studios/Stronghold Crusader Definitive Edition\Maps\MP-Divided.map
[Debug  :Bugfixes and QoL] [2026-09-24 16:09:58.533] Recovered classic map size 400 from section 1050: C:/Users/Serpens66/AppData/LocalLow/Firefly Studios/Stronghold Crusader Definitive Edition\Maps\MP-Downhill Scrum.map
[Debug  :Bugfixes and QoL] [2026-09-24 16:09:58.533] Recovered classic map size 300 from section 1050: C:/Users/Serpens66/AppData/LocalLow/Firefly Studios/Stronghold Crusader Definitive Edition\Maps\MP-No mans land.map
[Debug  :Bugfixes and QoL] [2026-09-24 16:09:58.534] Recovered classic map size 400 from section 1050: C:/Users/Serpens66/AppData/LocalLow/Firefly Studios/Stronghold Crusader Definitive Edition\Maps\MP-No where to hide.map
[Debug  :Bugfixes and QoL] [2026-09-24 16:09:58.535] Recovered classic map size 300 from section 1050: C:/Users/Serpens66/AppData/LocalLow/Firefly Studios/Stronghold Crusader Definitive Edition\Maps\MP-Slopes of doom.map
[Debug  :Bugfixes and QoL] [2026-09-24 16:09:58.535] Recovered classic map size 400 from section 1050: C:/Users/Serpens66/AppData/LocalLow/Firefly Studios/Stronghold Crusader Definitive Edition\Maps\MP-Snake River.map
[Debug  :Bugfixes and QoL] [2026-09-24 16:09:58.540] Recovered classic map size 400 from section 1050: C:/Users/Serpens66/AppData/LocalLow/Firefly Studios/Stronghold Crusader Definitive Edition\Maps\MP-Surrounded.map
[Debug  :Bugfixes and QoL] [2026-09-24 16:09:58.540] Recovered classic map size 300 from section 1050: C:/Users/Serpens66/AppData/LocalLow/Firefly Studios/Stronghold Crusader Definitive Edition\Maps\MP-The rocky divide.map
[Debug  :Bugfixes and QoL] [2026-09-24 16:09:58.541] Recovered classic map size 300 from section 1050: C:/Users/Serpens66/AppData/LocalLow/Firefly Studios/Stronghold Crusader Definitive Edition\Maps\MP-Two Falls.map
[Debug  :Bugfixes and QoL] [2026-09-24 16:09:58.542] Recovered classic map size 400 from section 1050: C:/Users/Serpens66/AppData/LocalLow/Firefly Studios/Stronghold Crusader Definitive Edition\Maps\MP-Valley of the lords.map
[Debug  :Bugfixes and QoL] [2026-09-24 16:09:58.542] Recovered classic map size 300 from section 1050: C:/Users/Serpens66/AppData/LocalLow/Firefly Studios/Stronghold Crusader Definitive Edition\Maps\Nachbarn im Klamm.map
[Debug  :Bugfixes and QoL] [2026-09-24 16:09:58.543] Recovered classic map size 400 from section 1050: C:/Users/Serpens66/AppData/LocalLow/Firefly Studios/Stronghold Crusader Definitive Edition\Maps\NurPech X-easy.map
[Debug  :Bugfixes and QoL] [2026-09-24 16:09:58.543] Recovered classic map size 400 from section 1050: C:/Users/Serpens66/AppData/LocalLow/Firefly Studios/Stronghold Crusader Definitive Edition\Maps\NurPech X-easy2.map
[Debug  :Bugfixes and QoL] [2026-09-24 16:09:58.544] Recovered classic map size 400 from section 1050: C:/Users/Serpens66/AppData/LocalLow/Firefly Studios/Stronghold Crusader Definitive Edition\Maps\NurPech X-hard.map
[Debug  :Bugfixes and QoL] [2026-09-24 16:09:58.544] Recovered classic map size 400 from section 1050: C:/Users/Serpens66/AppData/LocalLow/Firefly Studios/Stronghold Crusader Definitive Edition\Maps\NurPech X-hard2.map
[Debug  :Bugfixes and QoL] [2026-09-24 16:09:58.546] Recovered classic map size 400 from section 1050: C:/Users/Serpens66/AppData/LocalLow/Firefly Studios/Stronghold Crusader Definitive Edition\Maps\NurPech X-hard5.map
[Debug  :Bugfixes and QoL] [2026-09-24 16:09:58.546] Recovered classic map size 400 from section 1050: C:/Users/Serpens66/AppData/LocalLow/Firefly Studios/Stronghold Crusader Definitive Edition\Maps\NurPech X-med.map
[Debug  :Bugfixes and QoL] [2026-09-24 16:09:58.547] Recovered classic map size 400 from section 1050: C:/Users/Serpens66/AppData/LocalLow/Firefly Studios/Stronghold Crusader Definitive Edition\Maps\NurPech.map
[Debug  :Bugfixes and QoL] [2026-09-24 16:09:58.548] Recovered classic map size 400 from section 1050: C:/Users/Serpens66/AppData/LocalLow/Firefly Studios/Stronghold Crusader Definitive Edition\Maps\Of heaven and earth.map
[Debug  :Bugfixes and QoL] [2026-09-24 16:09:58.548] Recovered classic map size 400 from section 1050: C:/Users/Serpens66/AppData/LocalLow/Firefly Studios/Stronghold Crusader Definitive Edition\Maps\Open Plains.map
[Debug  :Bugfixes and QoL] [2026-09-24 16:09:58.548] Recovered classic map size 400 from section 1050: C:/Users/Serpens66/AppData/LocalLow/Firefly Studios/Stronghold Crusader Definitive Edition\Maps\Osmosis.map
[Debug  :Bugfixes and QoL] [2026-09-24 16:09:58.549] Recovered classic map size 400 from section 1050: C:/Users/Serpens66/AppData/LocalLow/Firefly Studios/Stronghold Crusader Definitive Edition\Maps\Patras, Greece.map
[Debug  :Bugfixes and QoL] [2026-09-24 16:09:58.550] Recovered classic map size 400 from section 1050: C:/Users/Serpens66/AppData/LocalLow/Firefly Studios/Stronghold Crusader Definitive Edition\Maps\Phoenix.map
[Debug  :Bugfixes and QoL] [2026-09-24 16:09:58.550] Recovered classic map size 400 from section 1050: C:/Users/Serpens66/AppData/LocalLow/Firefly Studios/Stronghold Crusader Definitive Edition\Maps\Rache.map
[Debug  :Bugfixes and QoL] [2026-09-24 16:09:58.550] Recovered classic map size 300 from section 1050: C:/Users/Serpens66/AppData/LocalLow/Firefly Studios/Stronghold Crusader Definitive Edition\Maps\Rivers_Fork.map
[Debug  :Bugfixes and QoL] [2026-09-24 16:09:58.552] Recovered classic map size 400 from section 1050: C:/Users/Serpens66/AppData/LocalLow/Firefly Studios/Stronghold Crusader Definitive Edition\Maps\Rizen River.map
[Debug  :Bugfixes and QoL] [2026-09-24 16:09:58.553] Recovered classic map size 400 from section 1050: C:/Users/Serpens66/AppData/LocalLow/Firefly Studios/Stronghold Crusader Definitive Edition\Maps\selbstgemacht 1.map
[Debug  :Bugfixes and QoL] [2026-09-24 16:09:58.553] Recovered classic map size 400 from section 1050: C:/Users/Serpens66/AppData/LocalLow/Firefly Studios/Stronghold Crusader Definitive Edition\Maps\Snake_River.map
[Debug  :Bugfixes and QoL] [2026-09-24 16:09:58.554] Recovered classic map size 400 from section 1050: C:/Users/Serpens66/AppData/LocalLow/Firefly Studios/Stronghold Crusader Definitive Edition\Maps\spezialist 3vs5.map
[Debug  :Bugfixes and QoL] [2026-09-24 16:09:58.557] Recovered classic map size 400 from section 1050: C:/Users/Serpens66/AppData/LocalLow/Firefly Studios/Stronghold Crusader Definitive Edition\Maps\Spider_Island.map
[Debug  :Bugfixes and QoL] [2026-09-24 16:09:58.558] Recovered classic map size 400 from section 1050: C:/Users/Serpens66/AppData/LocalLow/Firefly Studios/Stronghold Crusader Definitive Edition\Maps\Springs of Arda.map
[Debug  :Bugfixes and QoL] [2026-09-24 16:09:58.559] Recovered classic map size 400 from section 1050: C:/Users/Serpens66/AppData/LocalLow/Firefly Studios/Stronghold Crusader Definitive Edition\Maps\Staircase to Heaven.map
[Debug  :Bugfixes and QoL] [2026-09-24 16:09:58.559] Recovered classic map size 400 from section 1050: C:/Users/Serpens66/AppData/LocalLow/Firefly Studios/Stronghold Crusader Definitive Edition\Maps\Swampy_Island.map
[Debug  :Bugfixes and QoL] [2026-09-24 16:09:58.562] Recovered classic map size 400 from section 1050: C:/Users/Serpens66/AppData/LocalLow/Firefly Studios/Stronghold Crusader Definitive Edition\Maps\test.map
[Debug  :Bugfixes and QoL] [2026-09-24 16:09:58.575] Recovered classic map size 400 from section 1050: C:/Users/Serpens66/AppData/LocalLow/Firefly Studios/Stronghold Crusader Definitive Edition\Maps\The Arena.map
[Debug  :Bugfixes and QoL] [2026-09-24 16:09:58.576] Recovered classic map size 400 from section 1050: C:/Users/Serpens66/AppData/LocalLow/Firefly Studios/Stronghold Crusader Definitive Edition\Maps\The cry for mercy=suraj.map
[Debug  :Bugfixes and QoL] [2026-09-24 16:09:58.577] Recovered classic map size 400 from section 1050: C:/Users/Serpens66/AppData/LocalLow/Firefly Studios/Stronghold Crusader Definitive Edition\Maps\The Fallen City.map
[Debug  :Bugfixes and QoL] [2026-09-24 16:09:58.577] Recovered classic map size 400 from section 1050: C:/Users/Serpens66/AppData/LocalLow/Firefly Studios/Stronghold Crusader Definitive Edition\Maps\The mount of siege.map
[Debug  :Bugfixes and QoL] [2026-09-24 16:09:58.578] Recovered classic map size 400 from section 1050: C:/Users/Serpens66/AppData/LocalLow/Firefly Studios/Stronghold Crusader Definitive Edition\Maps\The Penninsula.map
[Debug  :Bugfixes and QoL] [2026-09-24 16:09:58.578] Recovered classic map size 400 from section 1050: C:/Users/Serpens66/AppData/LocalLow/Firefly Studios/Stronghold Crusader Definitive Edition\Maps\The_Host.map
[Debug  :Bugfixes and QoL] [2026-09-24 16:09:58.579] Recovered classic map size 300 from section 1050: C:/Users/Serpens66/AppData/LocalLow/Firefly Studios/Stronghold Crusader Definitive Edition\Maps\Three_Little_Pigs.map
[Debug  :Bugfixes and QoL] [2026-09-24 16:09:58.579] Recovered classic map size 400 from section 1050: C:/Users/Serpens66/AppData/LocalLow/Firefly Studios/Stronghold Crusader Definitive Edition\Maps\Tiers.map
[Debug  :Bugfixes and QoL] [2026-09-24 16:09:58.581] Recovered classic map size 400 from section 1050: C:/Users/Serpens66/AppData/LocalLow/Firefly Studios/Stronghold Crusader Definitive Edition\Maps\Ultimate_Victory.map
[Debug  :Bugfixes and QoL] [2026-09-24 16:09:58.582] Recovered classic map size 400 from section 1050: C:/Users/Serpens66/AppData/LocalLow/Firefly Studios/Stronghold Crusader Definitive Edition\Maps\Wazirs_Fortress.map
[Debug  :Bugfixes and QoL] [2026-09-24 16:09:58.582] Recovered classic map size 400 from section 1050: C:/Users/Serpens66/AppData/LocalLow/Firefly Studios/Stronghold Crusader Definitive Edition\Maps\Wide_Open_Plain.map
[Info   :  SHCDE-SE] [T1-16:09:58.822] [GameXAMLManagerAPI] [GetPatchesForPath] Found patch for [Assets/GUI/Sprites/UI-MasterAtlas.xaml] in mod [BugfixesAndQoL_Serp]
[Info   :  SHCDE-SE] [T19-16:09:58.827] [MapFileManager_Hooks] [MapFileManager_UpdateWorkshopMap_Hook] Attempting to retrieve from file=[e:\programmee\steam\steamapps\workshop\content\3024040\3791770511\fixes.map], realFileName=[E:\ProgrammeE\Steam\steamapps\workshop\content\3024040\3791770511\fixes.map]
[Info   :  SHCDE-SE] [T1-16:09:58.831] [GameXAMLManagerAPI] [ApplyPatchForPath] Applying 1 patch files to Assets/GUI/Sprites/UI-MasterAtlas.xaml
[Info   :  SHCDE-SE] [T19-16:09:58.831] [MapArchive] [.ctor] Reading ZIP data from offset: 003444B7
[Info   :  SHCDE-SE] [T19-16:09:58.831] [MapFileManager_Hooks] [MapFileManager_UpdateWorkshopMap_Hook] Map manifest: of [file]: [BepInEx]
[Info   :  SHCDE-SE] [T19-16:09:58.832] [MapFileManager_Hooks] [MapFileManager_UpdateWorkshopMap_Hook] Attempting to retrieve from file=[e:\programmee\steam\steamapps\workshop\content\3024040\3788821961\serpsmods.map], realFileName=[E:\ProgrammeE\Steam\steamapps\workshop\content\3024040\3788821961\SerpsMods.map]
[Info   :  SHCDE-SE] [T19-16:09:58.835] [MapArchive] [.ctor] Reading ZIP data from offset: 003444B7
[Info   :  SHCDE-SE] [T19-16:09:58.846] [MapFileManager_Hooks] [MapFileManager_UpdateWorkshopMap_Hook] Map manifest: of [file]: [BepInEx]
[Info   :  SHCDE-SE] [T1-16:09:58.846] [XamlPatcher] [ApplyPatches] Applying patch: Add, xpath: [/n:ResourceDictionary]
[Info   :  SHCDE-SE] [T1-16:09:58.869] [XamlPatcher] [ApplyPatches] Applying patch: Add, xpath: [/n:ResourceDictionary]
[Info   :  SHCDE-SE] [T1-16:09:58.869] [XamlPatcher] [ApplyPatches] Applying patch: Add, xpath: [/n:ResourceDictionary]
[Info   :  SHCDE-SE] [T1-16:09:58.869] [XamlPatcher] [ApplyPatches] Applying patch: Add, xpath: [/n:ResourceDictionary]
[Info   :  SHCDE-SE] [T1-16:09:58.869] [XamlPatcher] [ApplyPatches] Applying patch: Add, xpath: [/n:ResourceDictionary]
[Info   :  SHCDE-SE] [T1-16:09:58.869] [XamlPatcher] [ApplyPatches] Applying patch: Add, xpath: [/n:ResourceDictionary]
[Info   :  SHCDE-SE] [T1-16:09:58.869] [XamlPatcher] [ApplyPatches] Applying patch: Add, xpath: [/n:ResourceDictionary]
[Info   :  SHCDE-SE] [T1-16:09:58.910] [NoesisTextureProvider_Hooks] [NoesisTextureProvider_GetTextureInfo] Registering Mod Texture: Assets/GUI/Sprites/BugfixesAndQoL-Lord.png
[Info   :  SHCDE-SE] [T1-16:09:58.911] [NoesisTextureProvider_Hooks] [NoesisTextureProvider_GetTextureInfo] Registering Mod Texture: Assets/GUI/Sprites/BugfixesAndQoL-LobbyGoldShields.png
[Info   :  SHCDE-SE] [T19-16:09:58.924] [MapFileManager_Hooks] [MapFileManager_UpdateWorkshopMap_Hook] Attempting to retrieve from file=[e:\programmee\steam\steamapps\workshop\content\3024040\3774768801\lorrdyaisharesgold.map], realFileName=[E:\ProgrammeE\Steam\steamapps\workshop\content\3024040\3774768801\LorrdyAISharesGold.map]
[Info   :  SHCDE-SE] [T19-16:09:58.928] [MapArchive] [.ctor] Reading ZIP data from offset: 003444B7
[Info   :  SHCDE-SE] [T19-16:09:58.928] [MapFileManager_Hooks] [MapFileManager_UpdateWorkshopMap_Hook] Map manifest: of [file]: [BepInEx]
[Info   :  SHCDE-SE] [T1-16:09:58.989] [GameXAMLManagerAPI] [GetPatchesForPath] Found patch for [Assets/GUI/XAMLResources/TOOLTIPS.xaml] in mod [000shcdese]
[Info   :  SHCDE-SE] [T1-16:09:58.991] [GameXAMLManagerAPI] [ApplyPatchForPath] Applying 1 patch files to Assets/GUI/XAMLResources/TOOLTIPS.xaml
[Info   :  SHCDE-SE] [T1-16:09:58.991] [XamlPatcher] [ApplyPatches] Applying patch: AddNamespace, xpath: []
[Info   :  SHCDE-SE] [T1-16:09:58.991] [XamlPatcher] [ApplyPatches] Applying patch: Add, xpath: [/n:ResourceDictionary]
[Info   :  SHCDE-SE] [T1-16:09:58.991] [XamlPatcher] [ApplyPatches] Applying patch: Add, xpath: [/n:ResourceDictionary]
[Info   :  SHCDE-SE] [T1-16:09:58.991] [XamlPatcher] [ApplyPatches] Applying patch: Add, xpath: [/n:ResourceDictionary]
[Info   :  SHCDE-SE] [T1-16:09:58.991] [XamlPatcher] [ApplyPatches] Applying patch: Add, xpath: [/n:ResourceDictionary]
[Info   :  SHCDE-SE] [T1-16:09:58.991] [XamlPatcher] [ApplyPatches] Applying patch: Add, xpath: [/n:ResourceDictionary]
[Info   :  SHCDE-SE] [T1-16:09:58.991] [XamlPatcher] [ApplyPatches] Applying patch: Add, xpath: [/n:ResourceDictionary]
[Debug  :Bugfixes and QoL] [2026-09-24 16:09:59.007] Bugfixes and QoL high-contrast yellow presentation ready; shields=4, enabled=True.
[Info   :  SHCDE-SE] [T1-16:09:59.075] [GameXAMLManagerAPI] [GetPatchesForPath] Found patch for [Assets/GUI/XAMLResources/HUD_ConfirmationPopup.xaml] in mod [ExtendedData_Serp]
[Info   :  SHCDE-SE] [T1-16:09:59.075] [GameXAMLManagerAPI] [ApplyPatchForPath] Applying 1 patch files to Assets/GUI/XAMLResources/HUD_ConfirmationPopup.xaml
[Info   :  SHCDE-SE] [T1-16:09:59.075] [XamlPatcher] [ApplyPatches] Applying patch: Replace, xpath: [//n:TextBlock[@Text='{Binding ConfirmationMessage}']]
[Info   :Extended Data] [2026-09-24 16:09:59.078] Custom Lord upload popup XAML patch matched exactly once.
[Info   :  SHCDE-SE] [T1-16:09:59.085] [GameXAMLManagerAPI] [GetPatchesForPath] Found patch for [Assets/GUI/XAML/FrontendMenus.xaml] in mod [000shcdese]
[Info   :  SHCDE-SE] [T1-16:09:59.086] [GameXAMLManagerAPI] [ApplyPatchForPath] Applying 1 patch files to Assets/GUI/XAML/FrontendMenus.xaml
[Info   :  SHCDE-SE] [T1-16:09:59.089] [XamlPatcher] [ApplyPatches] Applying patch: AddNamespace, xpath: []
[Info   :  SHCDE-SE] [T1-16:09:59.089] [XamlPatcher] [ApplyPatches] Applying patch: InsertAfter, xpath: [//n:TextBlock[@Text='{Binding VersionString}']]
[Info   :  SHCDE-SE] [T1-16:09:59.090] [XamlPatcher] [ApplyPatches] Applying patch: InsertAfter, xpath: [//n:Grid[@Name='Multiplayer']]
[Info   :  SHCDE-SE] [T1-16:09:59.117] [GameXAMLManagerAPI] [GetPatchesForPath] Found patch for [Assets/GUI/XAMLResources/FRONT_EditorSetup.xaml] in mod [ExtendedData_Serp]
[Info   :  SHCDE-SE] [T1-16:09:59.119] [GameXAMLManagerAPI] [ApplyPatchForPath] Applying 1 patch files to Assets/GUI/XAMLResources/FRONT_EditorSetup.xaml
[Info   :  SHCDE-SE] [T1-16:09:59.120] [XamlPatcher] [ApplyPatches] Applying patch: SetAttribute, xpath: [//n:TextBox[@Name='WorkshopMapDescription']]
[Info   :  SHCDE-SE] [T1-16:09:59.121] [XamlPatcher] [ApplyPatches] Applying patch: Add, xpath: [//n:Grid[n:TextBox[@Name='WorkshopMapDescription'] and n:Button[@CommandParameter='DoUpload']]]
[Info   :Extended Data] [2026-09-24 16:09:59.121] Custom Lord upload checkbox XAML patch matched exactly once.
[Info   :  SHCDE-SE] [T1-16:09:59.127] [GameXAMLManagerAPI] [InjectBindings] ViewModel Linked [ExtendedDataUploadOptionsHost] in [FRONT_EditorSetup]
[Info   :  SHCDE-SE] [T1-16:09:59.127] [GameXAMLManagerAPI] [ApplyBinding] ViewModel Linked [ExtendedDataUploadOptionsHost]
[Info   :  SHCDE-SE] [T1-16:09:59.138] [GameXAMLManagerAPI] [GetPatchesForPath] Found patch for [Assets/GUI/XAMLResources/HUD_Options.xaml] in mod [000shcdese]
[Info   :  SHCDE-SE] [T1-16:09:59.138] [GameXAMLManagerAPI] [ApplyPatchForPath] Applying 1 patch files to Assets/GUI/XAMLResources/HUD_Options.xaml
[Info   :  SHCDE-SE] [T1-16:09:59.141] [XamlPatcher] [ApplyPatches] Applying patch: SetAttribute, xpath: [//*[@Name='GameSpeedSlider']]
[Info   :  SHCDE-SE] [T1-16:09:59.188] [GameXAMLManagerAPI] [GetPatchesForPath] Found patch for [Assets/GUI/XAMLResources/HUD_LoadSaveRequester.xaml] in mod [BugfixesAndQoL_Serp]
[Info   :  SHCDE-SE] [T1-16:09:59.188] [GameXAMLManagerAPI] [GetPatchesForPath] Found patch for [Assets/GUI/XAMLResources/HUD_LoadSaveRequester.xaml] in mod [ExtendedData_Serp]
[Info   :  SHCDE-SE] [T1-16:09:59.188] [GameXAMLManagerAPI] [ApplyPatchForPath] Applying 2 patch files to Assets/GUI/XAMLResources/HUD_LoadSaveRequester.xaml
[Info   :  SHCDE-SE] [T1-16:09:59.189] [XamlPatcher] [ApplyPatches] Applying patch: AddNamespace, xpath: []
[Info   :  SHCDE-SE] [T1-16:09:59.189] [XamlPatcher] [ApplyPatches] Applying patch: InsertAfter, xpath: [//n:ListView[@Name='FileList']/n:ListView.View/n:GridView/n:GridViewColumn[4]]
[Info   :  SHCDE-SE] [T1-16:09:59.191] [XamlPatcher] [ApplyPatches] Applying patch: InsertBefore, xpath: [//n:CheckBox[@x:Name='HideQuicksaveCheck']]
[Info   :  SHCDE-SE] [T1-16:09:59.191] [XamlPatcher] [ApplyPatches] Applying patch: InsertBefore, xpath: [//n:TextBox[@Name='SearchFilter']]
[Info   :  SHCDE-SE] [T1-16:09:59.191] [XamlPatcher] [ApplyPatches] Applying patch: Add, xpath: [//n:Grid[n:Button[@Name='ButtonAction'] and n:Button[@Name='ButtonCancel']]]
[Info   :  SHCDE-SE] [T1-16:09:59.194] [GameXAMLManagerAPI] [InjectBindings] ViewModel Linked [BugfixesAndQoLShowVanillaMapsHost] in [HUD_LoadSaveRequester]
[Info   :  SHCDE-SE] [T1-16:09:59.194] [GameXAMLManagerAPI] [ApplyBinding] ViewModel Linked [BugfixesAndQoLShowVanillaMapsHost]
[Info   :  SHCDE-SE] [T1-16:09:59.194] [GameXAMLManagerAPI] [InjectBindings] ViewModel Linked [BugfixesAndQoLDeleteMapHost] in [HUD_LoadSaveRequester]
[Info   :  SHCDE-SE] [T1-16:09:59.194] [GameXAMLManagerAPI] [ApplyBinding] ViewModel Linked [BugfixesAndQoLDeleteMapHost]
[Info   :  SHCDE-SE] [T1-16:09:59.194] [GameXAMLManagerAPI] [InjectBindings] ViewModel Linked [ExtendedDataMapEditorSaveOptionsHost] in [HUD_LoadSaveRequester]
[Info   :  SHCDE-SE] [T1-16:09:59.194] [GameXAMLManagerAPI] [ApplyBinding] ViewModel Linked [ExtendedDataMapEditorSaveOptionsHost]
[Info   :  SHCDE-SE] [T1-16:09:59.195] [GameXAMLManagerAPI] [GetPatchesForPath] Found patch for [Assets/GUI/XAMLResources/HUD_ConfirmationPopup.xaml] in mod [ExtendedData_Serp]
[Info   :  SHCDE-SE] [T1-16:09:59.195] [GameXAMLManagerAPI] [ApplyPatchForPath] Applying 1 patch files to Assets/GUI/XAMLResources/HUD_ConfirmationPopup.xaml
[Info   :  SHCDE-SE] [T1-16:09:59.196] [XamlPatcher] [ApplyPatches] Applying patch: Replace, xpath: [//n:TextBlock[@Text='{Binding ConfirmationMessage}']]
[Info   :  SHCDE-SE] [T1-16:09:59.216] [GameXAMLManagerAPI] [GetPatchesForPath] Found patch for [Assets/GUI/XAMLResources/HUD_ConfirmationPopup.xaml] in mod [ExtendedData_Serp]
[Info   :  SHCDE-SE] [T1-16:09:59.216] [GameXAMLManagerAPI] [ApplyPatchForPath] Applying 1 patch files to Assets/GUI/XAMLResources/HUD_ConfirmationPopup.xaml
[Info   :  SHCDE-SE] [T1-16:09:59.216] [XamlPatcher] [ApplyPatches] Applying patch: Replace, xpath: [//n:TextBlock[@Text='{Binding ConfirmationMessage}']]
[Info   :  SHCDE-SE] [T1-16:09:59.221] [GameXAMLManagerAPI] [GetPatchesForPath] Found patch for [Assets/GUI/XAMLResources/HUD_ConfirmationPopup.xaml] in mod [ExtendedData_Serp]
[Info   :  SHCDE-SE] [T1-16:09:59.221] [GameXAMLManagerAPI] [ApplyPatchForPath] Applying 1 patch files to Assets/GUI/XAMLResources/HUD_ConfirmationPopup.xaml
[Info   :  SHCDE-SE] [T1-16:09:59.221] [XamlPatcher] [ApplyPatches] Applying patch: Replace, xpath: [//n:TextBlock[@Text='{Binding ConfirmationMessage}']]
[Info   :  SHCDE-SE] [T1-16:09:59.228] [GameXAMLManagerAPI] [GetPatchesForPath] Found patch for [Assets/GUI/XAMLResources/HUD_ConfirmationPopup.xaml] in mod [ExtendedData_Serp]
[Info   :  SHCDE-SE] [T1-16:09:59.228] [GameXAMLManagerAPI] [ApplyPatchForPath] Applying 1 patch files to Assets/GUI/XAMLResources/HUD_ConfirmationPopup.xaml
[Info   :  SHCDE-SE] [T1-16:09:59.229] [XamlPatcher] [ApplyPatches] Applying patch: Replace, xpath: [//n:TextBlock[@Text='{Binding ConfirmationMessage}']]
[Info   :  SHCDE-SE] [T1-16:09:59.236] [GameXAMLManagerAPI] [GetPatchesForPath] Found patch for [Assets/GUI/XAMLResources/HUD_ConfirmationPopup.xaml] in mod [ExtendedData_Serp]
[Info   :  SHCDE-SE] [T1-16:09:59.236] [GameXAMLManagerAPI] [ApplyPatchForPath] Applying 1 patch files to Assets/GUI/XAMLResources/HUD_ConfirmationPopup.xaml
[Info   :  SHCDE-SE] [T1-16:09:59.236] [XamlPatcher] [ApplyPatches] Applying patch: Replace, xpath: [//n:TextBlock[@Text='{Binding ConfirmationMessage}']]
[Info   :  SHCDE-SE] [T1-16:09:59.237] [GameXAMLManagerAPI] [GetPatchesForPath] Found patch for [Assets/GUI/XAMLResources/HUD_ConfirmationPopup.xaml] in mod [ExtendedData_Serp]
[Info   :  SHCDE-SE] [T1-16:09:59.237] [GameXAMLManagerAPI] [ApplyPatchForPath] Applying 1 patch files to Assets/GUI/XAMLResources/HUD_ConfirmationPopup.xaml
[Info   :  SHCDE-SE] [T1-16:09:59.237] [XamlPatcher] [ApplyPatches] Applying patch: Replace, xpath: [//n:TextBlock[@Text='{Binding ConfirmationMessage}']]
[Info   :  SHCDE-SE] [T1-16:09:59.245] [GameXAMLManagerAPI] [GetPatchesForPath] Found patch for [Assets/GUI/XAMLResources/HUD_ConfirmationPopup.xaml] in mod [ExtendedData_Serp]
[Info   :  SHCDE-SE] [T1-16:09:59.245] [GameXAMLManagerAPI] [ApplyPatchForPath] Applying 1 patch files to Assets/GUI/XAMLResources/HUD_ConfirmationPopup.xaml
[Info   :  SHCDE-SE] [T1-16:09:59.245] [XamlPatcher] [ApplyPatches] Applying patch: Replace, xpath: [//n:TextBlock[@Text='{Binding ConfirmationMessage}']]
[Info   :  SHCDE-SE] [T1-16:09:59.245] [GameXAMLManagerAPI] [GetPatchesForPath] Found patch for [Assets/GUI/XAMLResources/HUD_ConfirmationPopup.xaml] in mod [ExtendedData_Serp]
[Info   :  SHCDE-SE] [T1-16:09:59.246] [GameXAMLManagerAPI] [ApplyPatchForPath] Applying 1 patch files to Assets/GUI/XAMLResources/HUD_ConfirmationPopup.xaml
[Info   :  SHCDE-SE] [T1-16:09:59.246] [XamlPatcher] [ApplyPatches] Applying patch: Replace, xpath: [//n:TextBlock[@Text='{Binding ConfirmationMessage}']]
[Info   :  SHCDE-SE] [T1-16:09:59.254] [GameXAMLManagerAPI] [GetPatchesForPath] Found patch for [Assets/GUI/XAMLResources/HUD_ConfirmationPopup.xaml] in mod [ExtendedData_Serp]
[Info   :  SHCDE-SE] [T1-16:09:59.254] [GameXAMLManagerAPI] [ApplyPatchForPath] Applying 1 patch files to Assets/GUI/XAMLResources/HUD_ConfirmationPopup.xaml
[Info   :  SHCDE-SE] [T1-16:09:59.254] [XamlPatcher] [ApplyPatches] Applying patch: Replace, xpath: [//n:TextBlock[@Text='{Binding ConfirmationMessage}']]
[Info   :  SHCDE-SE] [T1-16:09:59.256] [GameXAMLManagerAPI] [GetPatchesForPath] Found patch for [Assets/GUI/XAMLResources/HUD_ConfirmationPopup.xaml] in mod [ExtendedData_Serp]
[Info   :  SHCDE-SE] [T1-16:09:59.256] [GameXAMLManagerAPI] [ApplyPatchForPath] Applying 1 patch files to Assets/GUI/XAMLResources/HUD_ConfirmationPopup.xaml
[Info   :  SHCDE-SE] [T1-16:09:59.256] [XamlPatcher] [ApplyPatches] Applying patch: Replace, xpath: [//n:TextBlock[@Text='{Binding ConfirmationMessage}']]
[Info   :  SHCDE-SE] [T1-16:09:59.264] [GameXAMLManagerAPI] [GetPatchesForPath] Found patch for [Assets/GUI/XAMLResources/HUD_ConfirmationPopup.xaml] in mod [ExtendedData_Serp]
[Info   :  SHCDE-SE] [T1-16:09:59.264] [GameXAMLManagerAPI] [ApplyPatchForPath] Applying 1 patch files to Assets/GUI/XAMLResources/HUD_ConfirmationPopup.xaml
[Info   :  SHCDE-SE] [T1-16:09:59.264] [XamlPatcher] [ApplyPatches] Applying patch: Replace, xpath: [//n:TextBlock[@Text='{Binding ConfirmationMessage}']]
[Info   :  SHCDE-SE] [T1-16:09:59.264] [GameXAMLManagerAPI] [GetPatchesForPath] Found patch for [Assets/GUI/XAMLResources/HUD_ConfirmationPopup.xaml] in mod [ExtendedData_Serp]
[Info   :  SHCDE-SE] [T1-16:09:59.265] [GameXAMLManagerAPI] [ApplyPatchForPath] Applying 1 patch files to Assets/GUI/XAMLResources/HUD_ConfirmationPopup.xaml
[Info   :  SHCDE-SE] [T1-16:09:59.265] [XamlPatcher] [ApplyPatches] Applying patch: Replace, xpath: [//n:TextBlock[@Text='{Binding ConfirmationMessage}']]
[Info   :  SHCDE-SE] [T1-16:09:59.273] [GameXAMLManagerAPI] [GetPatchesForPath] Found patch for [Assets/GUI/XAMLResources/HUD_ConfirmationPopup.xaml] in mod [ExtendedData_Serp]
[Info   :  SHCDE-SE] [T1-16:09:59.273] [GameXAMLManagerAPI] [ApplyPatchForPath] Applying 1 patch files to Assets/GUI/XAMLResources/HUD_ConfirmationPopup.xaml
[Info   :  SHCDE-SE] [T1-16:09:59.273] [XamlPatcher] [ApplyPatches] Applying patch: Replace, xpath: [//n:TextBlock[@Text='{Binding ConfirmationMessage}']]
[Info   :  SHCDE-SE] [T1-16:09:59.274] [GameXAMLManagerAPI] [GetPatchesForPath] Found patch for [Assets/GUI/XAMLResources/HUD_ConfirmationPopup.xaml] in mod [ExtendedData_Serp]
[Info   :  SHCDE-SE] [T1-16:09:59.274] [GameXAMLManagerAPI] [ApplyPatchForPath] Applying 1 patch files to Assets/GUI/XAMLResources/HUD_ConfirmationPopup.xaml
[Info   :  SHCDE-SE] [T1-16:09:59.274] [XamlPatcher] [ApplyPatches] Applying patch: Replace, xpath: [//n:TextBlock[@Text='{Binding ConfirmationMessage}']]
[Info   :  SHCDE-SE] [T1-16:09:59.282] [GameXAMLManagerAPI] [GetPatchesForPath] Found patch for [Assets/GUI/XAMLResources/HUD_ConfirmationPopup.xaml] in mod [ExtendedData_Serp]
[Info   :  SHCDE-SE] [T1-16:09:59.282] [GameXAMLManagerAPI] [ApplyPatchForPath] Applying 1 patch files to Assets/GUI/XAMLResources/HUD_ConfirmationPopup.xaml
[Info   :  SHCDE-SE] [T1-16:09:59.282] [XamlPatcher] [ApplyPatches] Applying patch: Replace, xpath: [//n:TextBlock[@Text='{Binding ConfirmationMessage}']]
[Info   :  SHCDE-SE] [T1-16:09:59.284] [GameXAMLManagerAPI] [GetPatchesForPath] Found patch for [Assets/GUI/XAMLResources/HUD_ConfirmationPopup.xaml] in mod [ExtendedData_Serp]
[Info   :  SHCDE-SE] [T1-16:09:59.284] [GameXAMLManagerAPI] [ApplyPatchForPath] Applying 1 patch files to Assets/GUI/XAMLResources/HUD_ConfirmationPopup.xaml
[Info   :  SHCDE-SE] [T1-16:09:59.284] [XamlPatcher] [ApplyPatches] Applying patch: Replace, xpath: [//n:TextBlock[@Text='{Binding ConfirmationMessage}']]
[Info   :  SHCDE-SE] [T1-16:09:59.291] [GameXAMLManagerAPI] [GetPatchesForPath] Found patch for [Assets/GUI/XAMLResources/HUD_ConfirmationPopup.xaml] in mod [ExtendedData_Serp]
[Info   :  SHCDE-SE] [T1-16:09:59.291] [GameXAMLManagerAPI] [ApplyPatchForPath] Applying 1 patch files to Assets/GUI/XAMLResources/HUD_ConfirmationPopup.xaml
[Info   :  SHCDE-SE] [T1-16:09:59.292] [XamlPatcher] [ApplyPatches] Applying patch: Replace, xpath: [//n:TextBlock[@Text='{Binding ConfirmationMessage}']]
[Info   :  SHCDE-SE] [T1-16:09:59.293] [GameXAMLManagerAPI] [GetPatchesForPath] Found patch for [Assets/GUI/XAMLResources/HUD_ConfirmationPopup.xaml] in mod [ExtendedData_Serp]
[Info   :  SHCDE-SE] [T1-16:09:59.293] [GameXAMLManagerAPI] [ApplyPatchForPath] Applying 1 patch files to Assets/GUI/XAMLResources/HUD_ConfirmationPopup.xaml
[Info   :  SHCDE-SE] [T1-16:09:59.293] [XamlPatcher] [ApplyPatches] Applying patch: Replace, xpath: [//n:TextBlock[@Text='{Binding ConfirmationMessage}']]
[Info   :  SHCDE-SE] [T1-16:09:59.301] [GameXAMLManagerAPI] [GetPatchesForPath] Found patch for [Assets/GUI/XAMLResources/HUD_ConfirmationPopup.xaml] in mod [ExtendedData_Serp]
[Info   :  SHCDE-SE] [T1-16:09:59.302] [GameXAMLManagerAPI] [ApplyPatchForPath] Applying 1 patch files to Assets/GUI/XAMLResources/HUD_ConfirmationPopup.xaml
[Info   :  SHCDE-SE] [T1-16:09:59.302] [XamlPatcher] [ApplyPatches] Applying patch: Replace, xpath: [//n:TextBlock[@Text='{Binding ConfirmationMessage}']]
[Info   :  SHCDE-SE] [T1-16:09:59.303] [GameXAMLManagerAPI] [GetPatchesForPath] Found patch for [Assets/GUI/XAMLResources/HUD_ConfirmationPopup.xaml] in mod [ExtendedData_Serp]
[Info   :  SHCDE-SE] [T1-16:09:59.303] [GameXAMLManagerAPI] [ApplyPatchForPath] Applying 1 patch files to Assets/GUI/XAMLResources/HUD_ConfirmationPopup.xaml
[Info   :  SHCDE-SE] [T1-16:09:59.303] [XamlPatcher] [ApplyPatches] Applying patch: Replace, xpath: [//n:TextBlock[@Text='{Binding ConfirmationMessage}']]
[Info   :  SHCDE-SE] [T1-16:09:59.315] [GameXAMLManagerAPI] [GetPatchesForPath] Found patch for [Assets/GUI/XAMLResources/FRONT_Multiplayer.xaml] in mod [000shcdese]
[Info   :  SHCDE-SE] [T1-16:09:59.316] [GameXAMLManagerAPI] [GetPatchesForPath] Found patch for [Assets/GUI/XAMLResources/FRONT_Multiplayer.xaml] in mod [BugfixesAndQoL_Serp]
[Info   :  SHCDE-SE] [T1-16:09:59.316] [GameXAMLManagerAPI] [ApplyPatchForPath] Applying 2 patch files to Assets/GUI/XAMLResources/FRONT_Multiplayer.xaml
[Info   :  SHCDE-SE] [T1-16:09:59.319] [XamlPatcher] [ApplyPatches] Applying patch: AddNamespace, xpath: []
[Info   :  SHCDE-SE] [T1-16:09:59.319] [XamlPatcher] [ApplyPatches] Applying patch: SetAttribute, xpath: [//n:ListView[@Name='LobbyList']]
[Info   :  SHCDE-SE] [T1-16:09:59.319] [XamlPatcher] [ApplyPatches] Applying patch: SetAttribute, xpath: [//n:Grid[@Visibility='{Binding Show_MPSettings, Converter={StaticResource booleanToVisibilityConverter}}']]
[Info   :  SHCDE-SE] [T1-16:09:59.320] [XamlPatcher] [ApplyPatches] Applying patch: SetAttribute, xpath: [//n:Grid[@Width='700' and @Height='360' and @Visibility='{Binding Show_AddAIPanel, Converter={StaticResource booleanToVisibilityConverter}}']]
[Info   :  SHCDE-SE] [T1-16:09:59.320] [XamlPatcher] [ApplyPatches] Applying patch: SetAttribute, xpath: [//n:Grid[@Width='700' and @Height='360' and @Visibility='{Binding Show_AddAIPanel, Converter={StaticResource booleanToVisibilityConverter}}']]
[Info   :  SHCDE-SE] [T1-16:09:59.321] [XamlPatcher] [ApplyPatches] Applying patch: Replace, xpath: [//n:ListView[@Name='CustomLordList']/n:ListView.View/n:GridView]
[Info   :  SHCDE-SE] [T1-16:09:59.321] [XamlPatcher] [ApplyPatches] Applying patch: InsertBefore, xpath: [//n:ListView[@Name='CustomLordList']]
[Info   :  SHCDE-SE] [T1-16:09:59.321] [XamlPatcher] [ApplyPatches] Applying patch: InsertAfter, xpath: [//n:Grid[@Width='700' and @Height='360' and @Visibility='{Binding Show_AddAIPanel, Converter={StaticResource booleanToVisibilityConverter}}']]
[Info   :  SHCDE-SE] [T1-16:09:59.321] [XamlPatcher] [ApplyPatches] Applying patch: InsertBefore, xpath: [//n:Button[@CommandParameter='AddCustomLord']]
[Info   :  SHCDE-SE] [T1-16:09:59.321] [XamlPatcher] [ApplyPatches] Applying patch: InsertAfter, xpath: [//n:Button[@Name='RandomAI7']]
[Info   :  SHCDE-SE] [T1-16:09:59.322] [XamlPatcher] [ApplyPatches] Applying patch: InsertAfter, xpath: [//n:Slider[@Name='AIMax_Slider']]
[Info   :  SHCDE-SE] [T1-16:09:59.322] [XamlPatcher] [ApplyPatches] Applying patch: InsertBefore, xpath: [//n:Button[@Name='MultiplayerPlayButton']]
[Info   :  SHCDE-SE] [T1-16:09:59.322] [XamlPatcher] [ApplyPatches] Applying patch: InsertBefore, xpath: [//n:Button[@CommandParameter='Settings_SkirmishAdvanced']]
[Info   :  SHCDE-SE] [T1-16:09:59.334] [GameXAMLManagerAPI] [GetPatchesForPath] Found patch for [Assets/GUI/XAMLResources/FRONT_Multiplayer_Setup.xaml] in mod [000shcdese]
[Info   :  SHCDE-SE] [T1-16:09:59.334] [GameXAMLManagerAPI] [GetPatchesForPath] Found patch for [Assets/GUI/XAMLResources/FRONT_Multiplayer_Setup.xaml] in mod [BugfixesAndQoL_Serp]
[Info   :  SHCDE-SE] [T1-16:09:59.334] [GameXAMLManagerAPI] [ApplyPatchForPath] Applying 2 patch files to Assets/GUI/XAMLResources/FRONT_Multiplayer_Setup.xaml
[Info   :  SHCDE-SE] [T1-16:09:59.336] [XamlPatcher] [ApplyPatches] Applying patch: SetAttribute, xpath: [//*[@Name='MP_Settings_GameSpeed_Slider']]
[Info   :  SHCDE-SE] [T1-16:09:59.337] [XamlPatcher] [ApplyPatches] Applying patch: SetAttribute, xpath: [//n:Grid[@Visibility='{Binding Show_MPNotSkirmishIsHost, Converter={StaticResource booleanToVisibilityConverter}}']]
[Info   :  SHCDE-SE] [T1-16:09:59.353] [GameXAMLManagerAPI] [GetPatchesForPath] Found patch for [Assets/GUI/XAMLResources/FRONT_Multiplayer_Setup.xaml] in mod [000shcdese]
[Info   :  SHCDE-SE] [T1-16:09:59.353] [GameXAMLManagerAPI] [GetPatchesForPath] Found patch for [Assets/GUI/XAMLResources/FRONT_Multiplayer_Setup.xaml] in mod [BugfixesAndQoL_Serp]
[Info   :  SHCDE-SE] [T1-16:09:59.353] [GameXAMLManagerAPI] [ApplyPatchForPath] Applying 2 patch files to Assets/GUI/XAMLResources/FRONT_Multiplayer_Setup.xaml
[Info   :  SHCDE-SE] [T1-16:09:59.356] [XamlPatcher] [ApplyPatches] Applying patch: SetAttribute, xpath: [//*[@Name='MP_Settings_GameSpeed_Slider']]
[Info   :  SHCDE-SE] [T1-16:09:59.356] [XamlPatcher] [ApplyPatches] Applying patch: SetAttribute, xpath: [//n:Grid[@Visibility='{Binding Show_MPNotSkirmishIsHost, Converter={StaticResource booleanToVisibilityConverter}}']]
[Info   :  SHCDE-SE] [T1-16:09:59.371] [GameXAMLManagerAPI] [GetPatchesForPath] Found patch for [Assets/GUI/XAMLResources/FRONT_Multiplayer_AISettings.xaml] in mod [BugfixesAndQoL_Serp]
[Info   :  SHCDE-SE] [T1-16:09:59.374] [GameXAMLManagerAPI] [GetPatchesForPath] Found patch for [Assets/GUI/XAMLResources/FRONT_Multiplayer_AISettings.xaml] in mod [CastlePlanner_Serp]
[Info   :  SHCDE-SE] [T1-16:09:59.375] [GameXAMLManagerAPI] [ApplyPatchForPath] Applying 2 patch files to Assets/GUI/XAMLResources/FRONT_Multiplayer_AISettings.xaml
[Info   :  SHCDE-SE] [T1-16:09:59.375] [XamlPatcher] [ApplyPatches] Applying patch: SetAttribute, xpath: [//n:Grid[@Width='880' and @Height='630' and @Margin='00,43,0,0']]
[Info   :  SHCDE-SE] [T1-16:09:59.375] [XamlPatcher] [ApplyPatches] Applying patch: SetAttribute, xpath: [//n:Grid[@Width='880' and @Height='630' and @Margin='00,43,0,0']]
[Info   :  SHCDE-SE] [T1-16:09:59.376] [XamlPatcher] [ApplyPatches] Applying patch: Replace, xpath: [//n:RadioButton[@Name='No_Rotation']/parent::n:Grid]
[Info   :  SHCDE-SE] [T1-16:09:59.376] [XamlPatcher] [ApplyPatches] Applying patch: InsertBefore, xpath: [//n:ListView[@Name='AIVList']]
[Info   :  SHCDE-SE] [T1-16:09:59.376] [XamlPatcher] [ApplyPatches] Applying patch: InsertAfter, xpath: [//n:Button[@Name='Player1_Kick']/parent::n:Grid/parent::n:StackPanel]
[Info   :  SHCDE-SE] [T1-16:09:59.377] [XamlPatcher] [ApplyPatches] Applying patch: InsertAfter, xpath: [//n:Button[@Name='MP_Replace']]
[Info   :  SHCDE-SE] [T1-16:09:59.377] [XamlPatcher] [ApplyPatches] Applying patch: SetAttribute, xpath: [//n:Button[@Name='MP_OKSettings']]
[Info   :  SHCDE-SE] [T1-16:09:59.377] [XamlPatcher] [ApplyPatches] Applying patch: SetAttribute, xpath: [//n:Button[@Name='MP_OKSettings']]
[Info   :  SHCDE-SE] [T1-16:09:59.377] [XamlPatcher] [ApplyPatches] Applying patch: SetAttribute, xpath: [//n:Button[@Name='MP_OKSettings']]
[Info   :  SHCDE-SE] [T1-16:09:59.377] [XamlPatcher] [ApplyPatches] Applying patch: Replace, xpath: [//n:Button[@Name='MP_Clear']/parent::n:Viewbox]
[Info   :  SHCDE-SE] [T1-16:09:59.378] [XamlPatcher] [ApplyPatches] Applying patch: InsertAfter, xpath: [//n:ListView[@Name='LordList']/n:ListView.View/n:GridView/n:GridViewColumn[2]]
[Info   :  SHCDE-SE] [T1-16:09:59.378] [XamlPatcher] [ApplyPatches] Applying patch: InsertBefore, xpath: [//n:ListView[@Name='LordList']]
[Info   :  SHCDE-SE] [T1-16:09:59.379] [XamlPatcher] [ApplyPatches] Applying patch: InsertAfter, xpath: [//n:ListView[@Name='LordList']/parent::n:Grid/parent::n:DockPanel]
[Info   :  SHCDE-SE] [T1-16:09:59.379] [XamlPatcher] [ApplyPatches] Applying patch: InsertAfter, xpath: [//n:Button[@Name='MP_OKSettings']]
[Info   :  SHCDE-SE] [T1-16:09:59.380] [XamlPatcher] [ApplyPatches] Applying patch: SetAttribute, xpath: [//n:Grid[@Width='880' and @Height='630' and @Margin='00,43,0,0']]
[Info   :  SHCDE-SE] [T1-16:09:59.380] [XamlPatcher] [ApplyPatches] Applying patch: SetAttribute, xpath: [//n:Grid[@Width='880' and @Height='630' and @Margin='00,43,0,0']]
[Info   :  SHCDE-SE] [T1-16:09:59.380] [XamlPatcher] [ApplyPatches] Applying patch: SetAttribute, xpath: [//n:Grid[@Visibility='{Binding Show_AI_Settings_Help, Converter={StaticResource booleanToVisibilityConverter}}']]
[Info   :  SHCDE-SE] [T1-16:09:59.380] [XamlPatcher] [ApplyPatches] Applying patch: SetAttribute, xpath: [//n:Grid[@Visibility='{Binding Show_AI_Settings_Help, Converter={StaticResource booleanToVisibilityConverter}}']]
[Info   :  SHCDE-SE] [T1-16:09:59.380] [XamlPatcher] [ApplyPatches] Applying patch: SetAttribute, xpath: [//n:Grid[@Visibility='{Binding Show_AI_Settings_Help, Converter={StaticResource booleanToVisibilityConverter}}']/n:Grid[@Width='1150']]
[Info   :  SHCDE-SE] [T1-16:09:59.381] [XamlPatcher] [ApplyPatches] Applying patch: InsertAfter, xpath: [//n:Button[@Name='Player1_Kick']/parent::n:Grid/parent::n:StackPanel]
[Info   :  SHCDE-SE] [T1-16:09:59.388] [GameXAMLManagerAPI] [InjectBindings] ViewModel Linked [BugfixesAndQoLAivHeaderPanel] in [FRONT_Multiplayer_AISettings]
[Info   :  SHCDE-SE] [T1-16:09:59.388] [GameXAMLManagerAPI] [ApplyBinding] ViewModel Linked [BugfixesAndQoLAivHeaderPanel]
[Info   :  SHCDE-SE] [T1-16:09:59.395] [GameXAMLManagerAPI] [InjectBindings] ViewModel Linked [BugfixesAndQoLAivSearchPanel] in [FRONT_Multiplayer_AISettings]
[Info   :  SHCDE-SE] [T1-16:09:59.395] [GameXAMLManagerAPI] [ApplyBinding] ViewModel Linked [BugfixesAndQoLAivSearchPanel]
[Info   :  SHCDE-SE] [T1-16:09:59.395] [GameXAMLManagerAPI] [InjectBindings] ViewModel Linked [BugfixesAndQoLAicHeaderPanel] in [FRONT_Multiplayer_AISettings]
[Info   :  SHCDE-SE] [T1-16:09:59.395] [GameXAMLManagerAPI] [ApplyBinding] ViewModel Linked [BugfixesAndQoLAicHeaderPanel]
[Info   :  SHCDE-SE] [T1-16:09:59.395] [GameXAMLManagerAPI] [InjectBindings] ViewModel Linked [BugfixesAndQoLAicSearchPanel] in [FRONT_Multiplayer_AISettings]
[Info   :  SHCDE-SE] [T1-16:09:59.395] [GameXAMLManagerAPI] [ApplyBinding] ViewModel Linked [BugfixesAndQoLAicSearchPanel]
[Info   :  SHCDE-SE] [T1-16:09:59.395] [GameXAMLManagerAPI] [InjectBindings] ViewModel Linked [BugfixesAndQoLAicDropdownHost] in [FRONT_Multiplayer_AISettings]
[Info   :  SHCDE-SE] [T1-16:09:59.395] [GameXAMLManagerAPI] [ApplyBinding] ViewModel Linked [BugfixesAndQoLAicDropdownHost]
[Info   :  SHCDE-SE] [T1-16:09:59.395] [GameXAMLManagerAPI] [InjectBindings] ViewModel Linked [BugfixesAndQoLAivPresetButtonHost] in [FRONT_Multiplayer_AISettings]
[Info   :  SHCDE-SE] [T1-16:09:59.395] [GameXAMLManagerAPI] [ApplyBinding] ViewModel Linked [BugfixesAndQoLAivPresetButtonHost]
[Info   :  SHCDE-SE] [T1-16:09:59.395] [GameXAMLManagerAPI] [InjectBindings] ViewModel Linked [BugfixesAndQoLAivPresetDialog] in [FRONT_Multiplayer_AISettings]
[Info   :  SHCDE-SE] [T1-16:09:59.395] [GameXAMLManagerAPI] [ApplyBinding] ViewModel Linked [BugfixesAndQoLAivPresetDialog]
[Info   :  SHCDE-SE] [T1-16:09:59.395] [GameXAMLManagerAPI] [InjectBindings] ViewModel Linked [BugfixesAndQoLAivSelectionListHost] in [FRONT_Multiplayer_AISettings]
[Info   :  SHCDE-SE] [T1-16:09:59.395] [GameXAMLManagerAPI] [ApplyBinding] ViewModel Linked [BugfixesAndQoLAivSelectionListHost]
[Info   :  SHCDE-SE] [T1-16:09:59.396] [GameXAMLManagerAPI] [InjectBindings] ViewModel Linked [CastlePlannerAivSelectionListHost] in [FRONT_Multiplayer_AISettings]
[Info   :  SHCDE-SE] [T1-16:09:59.396] [GameXAMLManagerAPI] [ApplyBinding] ViewModel Linked [CastlePlannerAivSelectionListHost]
[Info   :  SHCDE-SE] [T1-16:09:59.398] [GameXAMLManagerAPI] [GetPatchesForPath] Found patch for [Assets/GUI/XAMLResources/FRONT_ManageTrail.xaml] in mod [ExtendedData_Serp]
[Info   :  SHCDE-SE] [T1-16:09:59.398] [GameXAMLManagerAPI] [ApplyPatchForPath] Applying 1 patch files to Assets/GUI/XAMLResources/FRONT_ManageTrail.xaml
[Info   :  SHCDE-SE] [T1-16:09:59.399] [XamlPatcher] [ApplyPatches] Applying patch: Add, xpath: [//n:Grid[n:Button[@Name='Load'] and n:Button[@Name='Save']]]
[Info   :  SHCDE-SE] [T1-16:09:59.405] [GameXAMLManagerAPI] [InjectBindings] ViewModel Linked [ExtendedDataTrailMakerSaveOptionsHost] in [FRONT_ManageTrail]
[Info   :  SHCDE-SE] [T1-16:09:59.405] [GameXAMLManagerAPI] [ApplyBinding] ViewModel Linked [ExtendedDataTrailMakerSaveOptionsHost]
[Info   :  SHCDE-SE] [T1-16:09:59.414] [GameXAMLManagerAPI] [GetPatchesForPath] Found patch for [Assets/GUI/XAMLResources/FRONT_CoopTrail1.xaml] in mod [BugfixesAndQoL_Serp]
[Info   :  SHCDE-SE] [T1-16:09:59.414] [GameXAMLManagerAPI] [ApplyPatchForPath] Applying 1 patch files to Assets/GUI/XAMLResources/FRONT_CoopTrail1.xaml
[Info   :  SHCDE-SE] [T1-16:09:59.415] [XamlPatcher] [ApplyPatches] Applying patch: SetAttribute, xpath: [//n:Grid[@Width='1080' and @Height='640']/n:Grid[@Margin='25,0,0,0']]
[Info   :  SHCDE-SE] [T1-16:09:59.416] [XamlPatcher] [ApplyPatches] Applying patch: Add, xpath: [//n:Grid[@Width='1080' and @Height='640']/n:Grid[@x:Name='CoopLordPortraitGrid']]
[Info   :  SHCDE-SE] [T1-16:09:59.424] [GameXAMLManagerAPI] [InjectBindings] ViewModel Linked [CoopCustomLordSelectionHost] in [FRONT_CoopTrail1]
[Info   :  SHCDE-SE] [T1-16:09:59.424] [GameXAMLManagerAPI] [ApplyBinding] ViewModel Linked [CoopCustomLordSelectionHost]
[Debug  :Extended Data] [2026-09-24 16:09:59.427] Deferred custom presentation until Loaded for Coop Trail 1.
[Info   :  SHCDE-SE] [T1-16:09:59.428] [GameXAMLManagerAPI] [GetPatchesForPath] Found patch for [Assets/GUI/XAMLResources/FRONT_CoopTrail2.xaml] in mod [BugfixesAndQoL_Serp]
[Info   :  SHCDE-SE] [T1-16:09:59.428] [GameXAMLManagerAPI] [ApplyPatchForPath] Applying 1 patch files to Assets/GUI/XAMLResources/FRONT_CoopTrail2.xaml
[Info   :  SHCDE-SE] [T1-16:09:59.431] [XamlPatcher] [ApplyPatches] Applying patch: SetAttribute, xpath: [//n:Grid[@Width='1080' and @Height='640']/n:Grid[@Margin='25,0,0,0']]
[Info   :  SHCDE-SE] [T1-16:09:59.431] [XamlPatcher] [ApplyPatches] Applying patch: Add, xpath: [//n:Grid[@Width='1080' and @Height='640']/n:Grid[@x:Name='CoopLordPortraitGrid']]
[Info   :  SHCDE-SE] [T1-16:09:59.440] [GameXAMLManagerAPI] [InjectBindings] ViewModel Linked [CoopCustomLordSelectionHost] in [FRONT_CoopTrail2]
[Info   :  SHCDE-SE] [T1-16:09:59.440] [GameXAMLManagerAPI] [ApplyBinding] ViewModel Linked [CoopCustomLordSelectionHost]
[Debug  :Extended Data] [2026-09-24 16:09:59.441] Deferred custom presentation until Loaded for Coop Trail 2.
[Info   :  SHCDE-SE] [T1-16:09:59.442] [GameXAMLManagerAPI] [GetPatchesForPath] Found patch for [Assets/GUI/XAMLResources/FRONT_CoopTrail3.xaml] in mod [BugfixesAndQoL_Serp]
[Info   :  SHCDE-SE] [T1-16:09:59.442] [GameXAMLManagerAPI] [ApplyPatchForPath] Applying 1 patch files to Assets/GUI/XAMLResources/FRONT_CoopTrail3.xaml
[Info   :  SHCDE-SE] [T1-16:09:59.443] [XamlPatcher] [ApplyPatches] Applying patch: SetAttribute, xpath: [//n:Grid[@Width='1080' and @Height='640']/n:Grid[@Margin='25,0,0,0']]
[Info   :  SHCDE-SE] [T1-16:09:59.444] [XamlPatcher] [ApplyPatches] Applying patch: Add, xpath: [//n:Grid[@Width='1080' and @Height='640']/n:Grid[@x:Name='CoopLordPortraitGrid']]
[Info   :  SHCDE-SE] [T1-16:09:59.454] [GameXAMLManagerAPI] [InjectBindings] ViewModel Linked [CoopCustomLordSelectionHost] in [FRONT_CoopTrail3]
[Info   :  SHCDE-SE] [T1-16:09:59.454] [GameXAMLManagerAPI] [ApplyBinding] ViewModel Linked [CoopCustomLordSelectionHost]
[Debug  :Extended Data] [2026-09-24 16:09:59.454] Deferred custom presentation until Loaded for Coop Trail 3.
[Info   :  SHCDE-SE] [T1-16:09:59.456] [GameXAMLManagerAPI] [GetPatchesForPath] Found patch for [Assets/GUI/XAMLResources/FRONT_CoopTrail4.xaml] in mod [BugfixesAndQoL_Serp]
[Info   :  SHCDE-SE] [T1-16:09:59.457] [GameXAMLManagerAPI] [ApplyPatchForPath] Applying 1 patch files to Assets/GUI/XAMLResources/FRONT_CoopTrail4.xaml
[Info   :  SHCDE-SE] [T1-16:09:59.459] [XamlPatcher] [ApplyPatches] Applying patch: SetAttribute, xpath: [//n:Grid[@Width='1080' and @Height='640']/n:Grid[@Margin='25,0,0,0']]
[Info   :  SHCDE-SE] [T1-16:09:59.459] [XamlPatcher] [ApplyPatches] Applying patch: Add, xpath: [//n:Grid[@Width='1080' and @Height='640']/n:Grid[@x:Name='CoopLordPortraitGrid']]
[Info   :  SHCDE-SE] [T1-16:09:59.469] [GameXAMLManagerAPI] [InjectBindings] ViewModel Linked [CoopCustomLordSelectionHost] in [FRONT_CoopTrail4]
[Info   :  SHCDE-SE] [T1-16:09:59.469] [GameXAMLManagerAPI] [ApplyBinding] ViewModel Linked [CoopCustomLordSelectionHost]
[Debug  :Extended Data] [2026-09-24 16:09:59.471] Deferred custom presentation until Loaded for Coop Trail 4.
[Info   :  SHCDE-SE] [T1-16:09:59.471] [GameXAMLManagerAPI] [GetPatchesForPath] Found patch for [Assets/GUI/XAMLResources/HUD_LoadSaveRequester.xaml] in mod [BugfixesAndQoL_Serp]
[Info   :  SHCDE-SE] [T1-16:09:59.471] [GameXAMLManagerAPI] [GetPatchesForPath] Found patch for [Assets/GUI/XAMLResources/HUD_LoadSaveRequester.xaml] in mod [ExtendedData_Serp]
[Info   :  SHCDE-SE] [T1-16:09:59.472] [GameXAMLManagerAPI] [ApplyPatchForPath] Applying 2 patch files to Assets/GUI/XAMLResources/HUD_LoadSaveRequester.xaml
[Info   :  SHCDE-SE] [T1-16:09:59.472] [XamlPatcher] [ApplyPatches] Applying patch: AddNamespace, xpath: []
[Info   :  SHCDE-SE] [T1-16:09:59.472] [XamlPatcher] [ApplyPatches] Applying patch: InsertAfter, xpath: [//n:ListView[@Name='FileList']/n:ListView.View/n:GridView/n:GridViewColumn[4]]
[Info   :  SHCDE-SE] [T1-16:09:59.472] [XamlPatcher] [ApplyPatches] Applying patch: InsertBefore, xpath: [//n:CheckBox[@x:Name='HideQuicksaveCheck']]
[Info   :  SHCDE-SE] [T1-16:09:59.472] [XamlPatcher] [ApplyPatches] Applying patch: InsertBefore, xpath: [//n:TextBox[@Name='SearchFilter']]
[Info   :  SHCDE-SE] [T1-16:09:59.472] [XamlPatcher] [ApplyPatches] Applying patch: Add, xpath: [//n:Grid[n:Button[@Name='ButtonAction'] and n:Button[@Name='ButtonCancel']]]
[Info   :  SHCDE-SE] [T1-16:09:59.474] [GameXAMLManagerAPI] [InjectBindings] ViewModel Linked [BugfixesAndQoLShowVanillaMapsHost] in [HUD_LoadSaveRequester]
[Info   :  SHCDE-SE] [T1-16:09:59.474] [GameXAMLManagerAPI] [ApplyBinding] ViewModel Linked [BugfixesAndQoLShowVanillaMapsHost]
[Info   :  SHCDE-SE] [T1-16:09:59.474] [GameXAMLManagerAPI] [InjectBindings] ViewModel Linked [BugfixesAndQoLDeleteMapHost] in [HUD_LoadSaveRequester]
[Info   :  SHCDE-SE] [T1-16:09:59.474] [GameXAMLManagerAPI] [ApplyBinding] ViewModel Linked [BugfixesAndQoLDeleteMapHost]
[Info   :  SHCDE-SE] [T1-16:09:59.474] [GameXAMLManagerAPI] [InjectBindings] ViewModel Linked [ExtendedDataMapEditorSaveOptionsHost] in [HUD_LoadSaveRequester]
[Info   :  SHCDE-SE] [T1-16:09:59.474] [GameXAMLManagerAPI] [ApplyBinding] ViewModel Linked [ExtendedDataMapEditorSaveOptionsHost]
[Info   :  SHCDE-SE] [T1-16:09:59.475] [GameXAMLManagerAPI] [GetPatchesForPath] Found patch for [Assets/GUI/XAMLResources/HUD_ConfirmationPopup.xaml] in mod [ExtendedData_Serp]
[Info   :  SHCDE-SE] [T1-16:09:59.475] [GameXAMLManagerAPI] [ApplyPatchForPath] Applying 1 patch files to Assets/GUI/XAMLResources/HUD_ConfirmationPopup.xaml
[Info   :  SHCDE-SE] [T1-16:09:59.475] [XamlPatcher] [ApplyPatches] Applying patch: Replace, xpath: [//n:TextBlock[@Text='{Binding ConfirmationMessage}']]
[Info   :  SHCDE-SE] [T1-16:09:59.476] [GameXAMLManagerAPI] [GetPatchesForPath] Found patch for [Assets/GUI/XAMLResources/HUD_Options.xaml] in mod [000shcdese]
[Info   :  SHCDE-SE] [T1-16:09:59.477] [GameXAMLManagerAPI] [ApplyPatchForPath] Applying 1 patch files to Assets/GUI/XAMLResources/HUD_Options.xaml
[Info   :  SHCDE-SE] [T1-16:09:59.478] [XamlPatcher] [ApplyPatches] Applying patch: SetAttribute, xpath: [//*[@Name='GameSpeedSlider']]
[Info   :  SHCDE-SE] [T1-16:09:59.504] [GameXAMLManagerAPI] [InjectBindings] ViewModel Linked [BugfixesAndQoLAivSyncStatusHost] in [FRONT_Multiplayer]
[Info   :  SHCDE-SE] [T1-16:09:59.504] [GameXAMLManagerAPI] [ApplyBinding] ViewModel Linked [BugfixesAndQoLAivSyncStatusHost]
[Info   :  SHCDE-SE] [T1-16:09:59.504] [GameXAMLManagerAPI] [InjectBindings] ViewModel Linked [BugfixesAndQoLSkirmishGameOptionsButtonHost] in [FRONT_Multiplayer]
[Info   :  SHCDE-SE] [T1-16:09:59.504] [GameXAMLManagerAPI] [ApplyBinding] ViewModel Linked [BugfixesAndQoLSkirmishGameOptionsButtonHost]
[Debug  :Bugfixes and QoL] [2026-09-24 16:09:59.504] BUGFIXES_AND_QOL_SKIRMISH_GAME_OPTIONS_BUTTON_BOUND: commandAvailable=true, dataContext=MainViewModel.Instance.
[Info   :  SHCDE-SE] [T1-16:09:59.504] [GameXAMLManagerAPI] [InjectBindings] ViewModel Linked [RandomLordFiltersSimple] in [FRONT_Multiplayer]
[Info   :  SHCDE-SE] [T1-16:09:59.504] [GameXAMLManagerAPI] [ApplyBinding] ViewModel Linked [RandomLordFiltersSimple]
[Info   :  SHCDE-SE] [T1-16:09:59.505] [GameXAMLManagerAPI] [InjectBindings] ViewModel Linked [RandomLordFiltersAdvanced] in [FRONT_Multiplayer]
[Info   :  SHCDE-SE] [T1-16:09:59.505] [GameXAMLManagerAPI] [ApplyBinding] ViewModel Linked [RandomLordFiltersAdvanced]
[Info   :  SHCDE-SE] [T1-16:09:59.505] [GameXAMLManagerAPI] [InjectBindings] ViewModel Linked [CustomLordSearchPanel] in [FRONT_Multiplayer]
[Info   :  SHCDE-SE] [T1-16:09:59.505] [GameXAMLManagerAPI] [ApplyBinding] ViewModel Linked [CustomLordSearchPanel]
[Info   :  SHCDE-SE] [T1-16:09:59.505] [GameXAMLManagerAPI] [InjectBindings] ViewModel Linked [CustomLordHeaderPanel] in [FRONT_Multiplayer]
[Info   :  SHCDE-SE] [T1-16:09:59.505] [GameXAMLManagerAPI] [ApplyBinding] ViewModel Linked [CustomLordHeaderPanel]
[Info   :  SHCDE-SE] [T1-16:09:59.505] [GameXAMLManagerAPI] [InjectBindings] ViewModel Linked [CustomLordTypeHeader] in [FRONT_Multiplayer]
[Info   :  SHCDE-SE] [T1-16:09:59.505] [GameXAMLManagerAPI] [ApplyBinding] ViewModel Linked [CustomLordTypeHeader]
[Info   :  SHCDE-SE] [T1-16:09:59.505] [GameXAMLManagerAPI] [InjectBindings] ViewModel Linked [CustomLordNameHeader] in [FRONT_Multiplayer]
[Info   :  SHCDE-SE] [T1-16:09:59.505] [GameXAMLManagerAPI] [ApplyBinding] ViewModel Linked [CustomLordNameHeader]
[Info   :  SHCDE-SE] [T1-16:09:59.505] [GameXAMLManagerAPI] [InjectBindings] ViewModel Linked [CustomLordPowerHeader] in [FRONT_Multiplayer]
[Info   :  SHCDE-SE] [T1-16:09:59.505] [GameXAMLManagerAPI] [ApplyBinding] ViewModel Linked [CustomLordPowerHeader]
[Info   :  SHCDE-SE] [T1-16:09:59.505] [GameXAMLManagerAPI] [InjectBindings] ViewModel Linked [CustomLordSortHelpPanel] in [FRONT_Multiplayer]
[Info   :  SHCDE-SE] [T1-16:09:59.505] [GameXAMLManagerAPI] [ApplyBinding] ViewModel Linked [CustomLordSortHelpPanel]
[Info   :  SHCDE-SE] [T1-16:09:59.514] [NoesisTextureProvider_Hooks] [NoesisTextureProvider_GetTextureInfo] Registering Mod Texture: Assets/GUI/Sprites/modsettingspanel.png
[Info   :  SHCDE-SE] [T1-16:09:59.518] [GameXAMLManagerAPI] [GetPatchesForPath] Found patch for [Assets/GUI/XAMLResources/HUD_ConfirmationPopup.xaml] in mod [ExtendedData_Serp]
[Info   :  SHCDE-SE] [T1-16:09:59.518] [GameXAMLManagerAPI] [ApplyPatchForPath] Applying 1 patch files to Assets/GUI/XAMLResources/HUD_ConfirmationPopup.xaml
[Info   :  SHCDE-SE] [T1-16:09:59.518] [XamlPatcher] [ApplyPatches] Applying patch: Replace, xpath: [//n:TextBlock[@Text='{Binding ConfirmationMessage}']]
[Info   :  SHCDE-SE] [T1-16:09:59.521] [GameXAMLManagerAPI] [GetPatchesForPath] Found patch for [Assets/GUI/XAMLResources/HUD_MissionOver.xaml] in mod [BugfixesAndQoL_Serp]
[Info   :  SHCDE-SE] [T1-16:09:59.522] [GameXAMLManagerAPI] [ApplyPatchForPath] Applying 1 patch files to Assets/GUI/XAMLResources/HUD_MissionOver.xaml
[Info   :  SHCDE-SE] [T1-16:09:59.525] [XamlPatcher] [ApplyPatches] Applying patch: Add, xpath: [//n:StackPanel[@Name='RowStackMP']/n:Grid[n:Button[@CommandParameter='Exit']]]
[Info   :  SHCDE-SE] [T1-16:09:59.525] [XamlPatcher] [ApplyPatches] Applying patch: Add, xpath: [//n:Grid[n:Grid.ColumnDefinitions/n:ColumnDefinition[2][@Width='470'] and n:Image[@Source='{Binding MO_MP_PlayersShields0}']]]
[Info   :  SHCDE-SE] [T1-16:09:59.526] [XamlPatcher] [ApplyPatches] Applying patch: Add, xpath: [//n:Grid[n:Grid.ColumnDefinitions/n:ColumnDefinition[2][@Width='510'] and n:Image[@Source='{Binding MO_MP_PlayersShields0}']]]
[Info   :  SHCDE-SE] [T1-16:09:59.526] [XamlPatcher] [ApplyPatches] Applying patch: Add, xpath: [//n:Grid[n:Grid.ColumnDefinitions/n:ColumnDefinition[2][@Width='470'] and n:Image[@Source='{Binding MO_MP_PlayersShields1}']]]
[Info   :  SHCDE-SE] [T1-16:09:59.527] [XamlPatcher] [ApplyPatches] Applying patch: Add, xpath: [//n:Grid[n:Grid.ColumnDefinitions/n:ColumnDefinition[2][@Width='510'] and n:Image[@Source='{Binding MO_MP_PlayersShields1}']]]
[Info   :  SHCDE-SE] [T1-16:09:59.527] [XamlPatcher] [ApplyPatches] Applying patch: Add, xpath: [//n:Grid[n:Grid.ColumnDefinitions/n:ColumnDefinition[2][@Width='470'] and n:Image[@Source='{Binding MO_MP_PlayersShields2}']]]
[Info   :  SHCDE-SE] [T1-16:09:59.528] [XamlPatcher] [ApplyPatches] Applying patch: Add, xpath: [//n:Grid[n:Grid.ColumnDefinitions/n:ColumnDefinition[2][@Width='510'] and n:Image[@Source='{Binding MO_MP_PlayersShields2}']]]
[Info   :  SHCDE-SE] [T1-16:09:59.528] [XamlPatcher] [ApplyPatches] Applying patch: Add, xpath: [//n:Grid[n:Grid.ColumnDefinitions/n:ColumnDefinition[2][@Width='470'] and n:Image[@Source='{Binding MO_MP_PlayersShields3}']]]
[Info   :  SHCDE-SE] [T1-16:09:59.528] [XamlPatcher] [ApplyPatches] Applying patch: Add, xpath: [//n:Grid[n:Grid.ColumnDefinitions/n:ColumnDefinition[2][@Width='510'] and n:Image[@Source='{Binding MO_MP_PlayersShields3}']]]
[Info   :  SHCDE-SE] [T1-16:09:59.529] [XamlPatcher] [ApplyPatches] Applying patch: Add, xpath: [//n:Grid[n:Grid.ColumnDefinitions/n:ColumnDefinition[2][@Width='470'] and n:Image[@Source='{Binding MO_MP_PlayersShields4}']]]
[Info   :  SHCDE-SE] [T1-16:09:59.529] [XamlPatcher] [ApplyPatches] Applying patch: Add, xpath: [//n:Grid[n:Grid.ColumnDefinitions/n:ColumnDefinition[2][@Width='510'] and n:Image[@Source='{Binding MO_MP_PlayersShields4}']]]
[Info   :  SHCDE-SE] [T1-16:09:59.529] [XamlPatcher] [ApplyPatches] Applying patch: Add, xpath: [//n:Grid[n:Grid.ColumnDefinitions/n:ColumnDefinition[2][@Width='470'] and n:Image[@Source='{Binding MO_MP_PlayersShields5}']]]
[Info   :  SHCDE-SE] [T1-16:09:59.529] [XamlPatcher] [ApplyPatches] Applying patch: Add, xpath: [//n:Grid[n:Grid.ColumnDefinitions/n:ColumnDefinition[2][@Width='510'] and n:Image[@Source='{Binding MO_MP_PlayersShields5}']]]
[Info   :  SHCDE-SE] [T1-16:09:59.530] [XamlPatcher] [ApplyPatches] Applying patch: Add, xpath: [//n:Grid[n:Grid.ColumnDefinitions/n:ColumnDefinition[2][@Width='470'] and n:Image[@Source='{Binding MO_MP_PlayersShields6}']]]
[Info   :  SHCDE-SE] [T1-16:09:59.530] [XamlPatcher] [ApplyPatches] Applying patch: Add, xpath: [//n:Grid[n:Grid.ColumnDefinitions/n:ColumnDefinition[2][@Width='510'] and n:Image[@Source='{Binding MO_MP_PlayersShields6}']]]
[Info   :  SHCDE-SE] [T1-16:09:59.530] [XamlPatcher] [ApplyPatches] Applying patch: Add, xpath: [//n:Grid[n:Grid.ColumnDefinitions/n:ColumnDefinition[2][@Width='470'] and n:Image[@Source='{Binding MO_MP_PlayersShields7}']]]
[Info   :  SHCDE-SE] [T1-16:09:59.531] [XamlPatcher] [ApplyPatches] Applying patch: Add, xpath: [//n:Grid[n:Grid.ColumnDefinitions/n:ColumnDefinition[2][@Width='510'] and n:Image[@Source='{Binding MO_MP_PlayersShields7}']]]
[Info   :  SHCDE-SE] [T1-16:09:59.551] [GameXAMLManagerAPI] [InjectBindings] ViewModel Linked [BugfixesAndQoLSpectatorStatisticsRefreshHost] in [HUD_MissionOver]
[Info   :  SHCDE-SE] [T1-16:09:59.551] [GameXAMLManagerAPI] [ApplyBinding] ViewModel Linked [BugfixesAndQoLSpectatorStatisticsRefreshHost]
[Info   :  SHCDE-SE] [T1-16:09:59.552] [GameXAMLManagerAPI] [GetPatchesForPath] Found patch for [Assets/GUI/XAMLResources/HUD_LoadSaveRequester.xaml] in mod [BugfixesAndQoL_Serp]
[Info   :  SHCDE-SE] [T1-16:09:59.552] [GameXAMLManagerAPI] [GetPatchesForPath] Found patch for [Assets/GUI/XAMLResources/HUD_LoadSaveRequester.xaml] in mod [ExtendedData_Serp]
[Info   :  SHCDE-SE] [T1-16:09:59.553] [GameXAMLManagerAPI] [ApplyPatchForPath] Applying 2 patch files to Assets/GUI/XAMLResources/HUD_LoadSaveRequester.xaml
[Info   :  SHCDE-SE] [T1-16:09:59.554] [XamlPatcher] [ApplyPatches] Applying patch: AddNamespace, xpath: []
[Info   :  SHCDE-SE] [T1-16:09:59.554] [XamlPatcher] [ApplyPatches] Applying patch: InsertAfter, xpath: [//n:ListView[@Name='FileList']/n:ListView.View/n:GridView/n:GridViewColumn[4]]
[Info   :  SHCDE-SE] [T1-16:09:59.554] [XamlPatcher] [ApplyPatches] Applying patch: InsertBefore, xpath: [//n:CheckBox[@x:Name='HideQuicksaveCheck']]
[Info   :  SHCDE-SE] [T1-16:09:59.554] [XamlPatcher] [ApplyPatches] Applying patch: InsertBefore, xpath: [//n:TextBox[@Name='SearchFilter']]
[Info   :  SHCDE-SE] [T1-16:09:59.555] [XamlPatcher] [ApplyPatches] Applying patch: Add, xpath: [//n:Grid[n:Button[@Name='ButtonAction'] and n:Button[@Name='ButtonCancel']]]
[Info   :  SHCDE-SE] [T1-16:09:59.558] [GameXAMLManagerAPI] [InjectBindings] ViewModel Linked [BugfixesAndQoLShowVanillaMapsHost] in [HUD_LoadSaveRequester]
[Info   :  SHCDE-SE] [T1-16:09:59.558] [GameXAMLManagerAPI] [ApplyBinding] ViewModel Linked [BugfixesAndQoLShowVanillaMapsHost]
[Info   :  SHCDE-SE] [T1-16:09:59.558] [GameXAMLManagerAPI] [InjectBindings] ViewModel Linked [BugfixesAndQoLDeleteMapHost] in [HUD_LoadSaveRequester]
[Info   :  SHCDE-SE] [T1-16:09:59.558] [GameXAMLManagerAPI] [ApplyBinding] ViewModel Linked [BugfixesAndQoLDeleteMapHost]
[Info   :  SHCDE-SE] [T1-16:09:59.558] [GameXAMLManagerAPI] [InjectBindings] ViewModel Linked [ExtendedDataMapEditorSaveOptionsHost] in [HUD_LoadSaveRequester]
[Info   :  SHCDE-SE] [T1-16:09:59.558] [GameXAMLManagerAPI] [ApplyBinding] ViewModel Linked [ExtendedDataMapEditorSaveOptionsHost]
[Info   :  SHCDE-SE] [T1-16:09:59.576] [GameXAMLManagerAPI] [InjectBindings] ViewModel Linked [SEMainMenuContainer] in [FrontendMenus]
[Info   :  SHCDE-SE] [T1-16:09:59.576] [GameXAMLManagerAPI] [ApplyBinding] ViewModel Linked [SEMainMenuContainer]
[Info   :  SHCDE-SE] [T1-16:09:59.579] [GameXAMLManagerAPI] [InjectBindings] ViewModel Linked [SE_ModOptionsToggle] in [FrontendMenus]
[Info   :  SHCDE-SE] [T1-16:09:59.579] [GameXAMLManagerAPI] [ApplyBinding] ViewModel Linked [SE_ModOptionsToggle]
[Info   :  SHCDE-SE] [T1-16:09:59.580] [GameXAMLManagerAPI] [InjectBindings] ViewModel Linked [SE_ModOptionsModal] in [FrontendMenus]
[Info   :  SHCDE-SE] [T1-16:09:59.580] [GameXAMLManagerAPI] [ApplyBinding] ViewModel Linked [SE_ModOptionsModal]
[Info   :  SHCDE-SE] [T1-16:09:59.837] [GameXAMLManagerAPI] [GetPatchesForPath] Found patch for [Assets/GUI/XAML/IngameUIScreens.xaml] in mod [CastlePlanner_Serp]
[Info   :  SHCDE-SE] [T1-16:09:59.838] [GameXAMLManagerAPI] [ApplyPatchForPath] Applying 1 patch files to Assets/GUI/XAML/IngameUIScreens.xaml
[Info   :  SHCDE-SE] [T1-16:09:59.839] [XamlPatcher] [ApplyPatches] Applying patch: Add, xpath: [/n:UserControl/n:Grid]
[Info   :  SHCDE-SE] [T1-16:09:59.839] [XamlPatcher] [ApplyPatches] Applying patch: Add, xpath: [/n:UserControl/n:Grid/n:Grid[@Name='HUD_ObjectivesPanel']]
[Info   :  SHCDE-SE] [T1-16:09:59.843] [GameXAMLManagerAPI] [GetPatchesForPath] Found patch for [Assets/GUI/XAML/MainHUD.xaml] in mod [BugfixesAndQoL_Serp]
[Info   :  SHCDE-SE] [T1-16:09:59.843] [GameXAMLManagerAPI] [GetPatchesForPath] Found patch for [Assets/GUI/XAML/MainHUD.xaml] in mod [BuildingCosts_Serp]
[Info   :  SHCDE-SE] [T1-16:09:59.843] [GameXAMLManagerAPI] [GetPatchesForPath] Found patch for [Assets/GUI/XAML/MainHUD.xaml] in mod [BuildingLimit_Serp]
[Info   :  SHCDE-SE] [T1-16:09:59.844] [GameXAMLManagerAPI] [GetPatchesForPath] Found patch for [Assets/GUI/XAML/MainHUD.xaml] in mod [UnitLimit_Serp]
[Info   :  SHCDE-SE] [T1-16:09:59.844] [GameXAMLManagerAPI] [ApplyPatchForPath] Applying 4 patch files to Assets/GUI/XAML/MainHUD.xaml
[Info   :  SHCDE-SE] [T1-16:09:59.844] [XamlPatcher] [ApplyPatches] Applying patch: AddNamespace, xpath: []
[Info   :  SHCDE-SE] [T1-16:09:59.844] [XamlPatcher] [ApplyPatches] Applying patch: SetAttribute, xpath: [//n:MediaElement[@Name='RadarME']]
[Info   :  SHCDE-SE] [T1-16:09:59.844] [XamlPatcher] [ApplyPatches] Applying patch: SetAttribute, xpath: [//n:MediaElement[@Name='RadarME']]
[Info   :  SHCDE-SE] [T1-16:09:59.844] [XamlPatcher] [ApplyPatches] Applying patch: SetAttribute, xpath: [//n:Image[@Name='RadarMapImage']]
[Info   :  SHCDE-SE] [T1-16:09:59.844] [XamlPatcher] [ApplyPatches] Applying patch: SetAttribute, xpath: [//n:Image[@Name='RadarMapImage']]
[Info   :  SHCDE-SE] [T1-16:09:59.844] [XamlPatcher] [ApplyPatches] Applying patch: Replace, xpath: [//n:DockPanel[@Visibility='{Binding RolloverBuilding_TooltipVis, Converter={StaticResource booleanToVisibilityConverter}}']//n:TextBlock[n:Run[@Text='{Binding RollOverText_AmountReq1}']]]
[Info   :  SHCDE-SE] [T1-16:09:59.845] [XamlPatcher] [ApplyPatches] Applying patch: InsertBefore, xpath: [//n:TextBlock[@Text='{Binding RolloverBuilding_TooltipBody}']]
[Info   :  SHCDE-SE] [T1-16:09:59.845] [XamlPatcher] [ApplyPatches] Applying patch: Replace, xpath: [//n:TextBlock[@x:Name='GameHoverText']]
[Info   :  SHCDE-SE] [T1-16:09:59.845] [XamlPatcher] [ApplyPatches] Applying patch: Add, xpath: [/n:UserControl/n:Grid]
[Info   :  SHCDE-SE] [T1-16:09:59.845] [XamlPatcher] [ApplyPatches] Applying patch: InsertBefore, xpath: [//n:TextBlock[@Text='{Binding RolloverBuilding_TooltipBody}']]
[Info   :  SHCDE-SE] [T1-16:09:59.845] [XamlPatcher] [ApplyPatches] Applying patch: Add, xpath: [//n:StackPanel[@Visibility='{Binding RolloverBuilding_TooltipVisNot, Converter={StaticResource booleanToVisibilityConverter}}']]
[Info   :  SHCDE-SE] [T1-16:09:59.846] [XamlPatcher] [ApplyPatches] Applying patch: Add, xpath: [/n:UserControl/n:Grid]
[Info   :  SHCDE-SE] [T1-16:09:59.879] [GameXAMLManagerAPI] [GetPatchesForPath] Found patch for [Assets/GUI/XAMLResources/HUD_Troops.xaml] in mod [APIShared_Serp]
[Info   :  SHCDE-SE] [T1-16:09:59.879] [GameXAMLManagerAPI] [GetPatchesForPath] Found patch for [Assets/GUI/XAMLResources/HUD_Troops.xaml] in mod [BugfixesAndQoL_Serp]
[Info   :  SHCDE-SE] [T1-16:09:59.880] [GameXAMLManagerAPI] [GetPatchesForPath] Found patch for [Assets/GUI/XAMLResources/HUD_Troops.xaml] in mod [ExtraFeatures_Serp]
[Info   :  SHCDE-SE] [T1-16:09:59.880] [GameXAMLManagerAPI] [GetPatchesForPath] Found patch for [Assets/GUI/XAMLResources/HUD_Troops.xaml] in mod [UnitCosts_Serp]
[Info   :  SHCDE-SE] [T1-16:09:59.880] [GameXAMLManagerAPI] [GetPatchesForPath] Found patch for [Assets/GUI/XAMLResources/HUD_Troops.xaml] in mod [UnitLimit_Serp]
[Info   :  SHCDE-SE] [T1-16:09:59.880] [GameXAMLManagerAPI] [ApplyPatchForPath] Applying 5 patch files to Assets/GUI/XAMLResources/HUD_Troops.xaml
[Info   :  SHCDE-SE] [T1-16:09:59.882] [XamlPatcher] [ApplyPatches] Applying patch: Add, xpath: [//n:Grid[@Name='TroopSelectionControls']]
[Info   :  SHCDE-SE] [T1-16:09:59.882] [XamlPatcher] [ApplyPatches] Applying patch: AddNamespace, xpath: []
[Info   :  SHCDE-SE] [T1-16:09:59.882] [XamlPatcher] [ApplyPatches] Applying patch: SetAttribute, xpath: [//n:Grid[@Name='TroopSelectionControls']//n:Button[@Command='{Binding LeftClickSelectedTroopCommand}']]
[Info   :  SHCDE-SE] [T1-16:09:59.882] [XamlPatcher] [ApplyPatches] Applying patch: InsertAfter, xpath: [//n:TextBlock[@x:Name='TroopsPanelRollover']]
[Info   :  SHCDE-SE] [T1-16:09:59.882] [XamlPatcher] [ApplyPatches] Applying patch: Add, xpath: [//n:Grid[@Name='UnitControls']]
[Info   :  SHCDE-SE] [T1-16:09:59.883] [XamlPatcher] [ApplyPatches] Applying patch: Add, xpath: [//n:Grid[@Name='UnitControls']]
[Info   :  SHCDE-SE] [T1-16:09:59.883] [XamlPatcher] [ApplyPatches] Applying patch: InsertAfter, xpath: [//n:TextBlock[@x:Name='TroopsPanelRollover2']/n:Run[@Text='{Binding TroopsPanelRollover}']]
[Info   :  SHCDE-SE] [T1-16:09:59.883] [XamlPatcher] [ApplyPatches] Applying patch: InsertAfter, xpath: [//n:TextBlock[@x:Name='TroopsPanelRollover']]
[Info   :  SHCDE-SE] [T1-16:09:59.883] [XamlPatcher] [ApplyPatches] Applying patch: InsertAfter, xpath: [//n:TextBlock[@x:Name='TroopsPanelRollover']]
[Info   :  SHCDE-SE] [T1-16:09:59.897] [GameXAMLManagerAPI] [GetPatchesForPath] Found patch for [Assets/GUI/XAMLResources/HUD_ControlGroups.xaml] in mod [BugfixesAndQoL_Serp]
[Info   :  SHCDE-SE] [T1-16:09:59.897] [GameXAMLManagerAPI] [ApplyPatchForPath] Applying 1 patch files to Assets/GUI/XAMLResources/HUD_ControlGroups.xaml
[Info   :  SHCDE-SE] [T1-16:09:59.904] [GameXAMLManagerAPI] [InjectBindings] ViewModel Linked [UnitLimitSiegeNotificationInlineHost] in [HUD_Troops]
[Info   :  SHCDE-SE] [T1-16:09:59.904] [GameXAMLManagerAPI] [ApplyBinding] ViewModel Linked [UnitLimitSiegeNotificationInlineHost]
[Info   :  SHCDE-SE] [T1-16:09:59.904] [GameXAMLManagerAPI] [InjectBindings] ViewModel Linked [UnitLimitSiegeLimitInlineHost] in [HUD_Troops]
[Info   :  SHCDE-SE] [T1-16:09:59.904] [GameXAMLManagerAPI] [ApplyBinding] ViewModel Linked [UnitLimitSiegeLimitInlineHost]
[Info   :  SHCDE-SE] [T1-16:09:59.904] [GameXAMLManagerAPI] [InjectBindings] ViewModel Linked [SerpTroopAction_0100_ExtraFeaturesKnightTransform] in [HUD_Troops]
[Info   :  SHCDE-SE] [T1-16:09:59.904] [GameXAMLManagerAPI] [ApplyBinding] ViewModel Linked [SerpTroopAction_0100_ExtraFeaturesKnightTransform]
[Info   :  SHCDE-SE] [T1-16:09:59.905] [GameXAMLManagerAPI] [InjectBindings] ViewModel Linked [SerpTroopAction_0200_BugfixesAndQoLAssassinClimb] in [HUD_Troops]
[Info   :  SHCDE-SE] [T1-16:09:59.905] [GameXAMLManagerAPI] [ApplyBinding] ViewModel Linked [SerpTroopAction_0200_BugfixesAndQoLAssassinClimb]
[Info   :  SHCDE-SE] [T1-16:09:59.905] [GameXAMLManagerAPI] [InjectBindings] ViewModel Linked [BugfixesAndQoLSelectedUnitHealthHost] in [HUD_Troops]
[Info   :  SHCDE-SE] [T1-16:09:59.905] [GameXAMLManagerAPI] [ApplyBinding] ViewModel Linked [BugfixesAndQoLSelectedUnitHealthHost]
[Info   :  SHCDE-SE] [T1-16:09:59.905] [GameXAMLManagerAPI] [InjectBindings] ViewModel Linked [UnitCostsSiegeNotificationInlineHost] in [HUD_Troops]
[Info   :  SHCDE-SE] [T1-16:09:59.905] [GameXAMLManagerAPI] [ApplyBinding] ViewModel Linked [UnitCostsSiegeNotificationInlineHost]
[Info   :  SHCDE-SE] [T1-16:09:59.906] [GameXAMLManagerAPI] [InjectBindings] ViewModel Linked [UnitCostsSiegeBuildCostsInlineHost] in [HUD_Troops]
[Info   :  SHCDE-SE] [T1-16:09:59.906] [GameXAMLManagerAPI] [ApplyBinding] ViewModel Linked [UnitCostsSiegeBuildCostsInlineHost]
[Info   :  SHCDE-SE] [T1-16:09:59.908] [GameXAMLManagerAPI] [GetPatchesForPath] Found patch for [Assets/GUI/XAMLResources/HUD_Buildings.xaml] in mod [APIShared_Serp]
[Info   :  SHCDE-SE] [T1-16:09:59.909] [GameXAMLManagerAPI] [GetPatchesForPath] Found patch for [Assets/GUI/XAMLResources/HUD_Buildings.xaml] in mod [BugfixesAndQoL_Serp]
[Info   :  SHCDE-SE] [T1-16:09:59.909] [GameXAMLManagerAPI] [GetPatchesForPath] Found patch for [Assets/GUI/XAMLResources/HUD_Buildings.xaml] in mod [ExtraFeatures_Serp]
[Info   :  SHCDE-SE] [T1-16:09:59.909] [GameXAMLManagerAPI] [GetPatchesForPath] Found patch for [Assets/GUI/XAMLResources/HUD_Buildings.xaml] in mod [UnitCosts_Serp]
[Info   :  SHCDE-SE] [T1-16:09:59.909] [GameXAMLManagerAPI] [GetPatchesForPath] Found patch for [Assets/GUI/XAMLResources/HUD_Buildings.xaml] in mod [UnitLimit_Serp]
[Info   :  SHCDE-SE] [T1-16:09:59.909] [GameXAMLManagerAPI] [GetPatchesForPath] Found patch for [Assets/GUI/XAMLResources/HUD_Buildings.xaml] in mod [WaterboyTargetReservationTest_Serp]
[Info   :  SHCDE-SE] [T1-16:09:59.909] [GameXAMLManagerAPI] [ApplyPatchForPath] Applying 6 patch files to Assets/GUI/XAMLResources/HUD_Buildings.xaml
[Info   :  SHCDE-SE] [T1-16:09:59.914] [XamlPatcher] [ApplyPatches] Applying patch: Add, xpath: [//n:Grid[@Name='ReportsArmy1Panel']]
[Info   :  SHCDE-SE] [T1-16:09:59.915] [XamlPatcher] [ApplyPatches] Applying patch: Add, xpath: [//n:Grid[@Name='BarracksPanel']]
[Info   :  SHCDE-SE] [T1-16:09:59.915] [XamlPatcher] [ApplyPatches] Applying patch: Add, xpath: [//n:Grid[@Name='ChimpPanel']]
[Info   :  SHCDE-SE] [T1-16:09:59.915] [XamlPatcher] [ApplyPatches] Applying patch: Add, xpath: [//n:Grid[@Name='WorkerPanel']]
[Info   :  SHCDE-SE] [T1-16:09:59.915] [XamlPatcher] [ApplyPatches] Applying patch: Add, xpath: [//n:Grid[@Name='WorkerPanel']]
[Info   :  SHCDE-SE] [T1-16:09:59.916] [XamlPatcher] [ApplyPatches] Applying patch: SetAttribute, xpath: [//n:Slider[@Name='Autotrade_Sell_Slider']]
[Info   :  SHCDE-SE] [T1-16:09:59.916] [XamlPatcher] [ApplyPatches] Applying patch: Add, xpath: [//n:Grid[@Name='ShowGate']]
[Info   :  SHCDE-SE] [T1-16:09:59.916] [XamlPatcher] [ApplyPatches] Applying patch: Add, xpath: [/n:UserControl/n:Grid]
[Info   :  SHCDE-SE] [T1-16:09:59.916] [XamlPatcher] [ApplyPatches] Applying patch: InsertBefore, xpath: [//n:TextBlock[@x:Name='TroopCostsText']]
[Info   :  SHCDE-SE] [T1-16:09:59.917] [XamlPatcher] [ApplyPatches] Applying patch: InsertBefore, xpath: [//n:TextBlock[@x:Name='ArabTroopCostsText']]
[Info   :  SHCDE-SE] [T1-16:09:59.917] [XamlPatcher] [ApplyPatches] Applying patch: InsertBefore, xpath: [//n:TextBlock[@x:Name='BedouinTroopCostsText']]
[Info   :  SHCDE-SE] [T1-16:09:59.917] [XamlPatcher] [ApplyPatches] Applying patch: InsertBefore, xpath: [//n:TextBlock[@x:Name='EngineersCostsText']]
[Info   :  SHCDE-SE] [T1-16:09:59.918] [XamlPatcher] [ApplyPatches] Applying patch: InsertBefore, xpath: [//n:TextBlock[@x:Name='TunellersCostsText']]
[Info   :  SHCDE-SE] [T1-16:09:59.918] [XamlPatcher] [ApplyPatches] Applying patch: InsertBefore, xpath: [//n:TextBlock[@x:Name='MonkCostsText']]
[Info   :  SHCDE-SE] [T1-16:09:59.919] [XamlPatcher] [ApplyPatches] Applying patch: InsertBefore, xpath: [//n:TextBlock[@x:Name='TroopCostsText']]
[Info   :  SHCDE-SE] [T1-16:09:59.919] [XamlPatcher] [ApplyPatches] Applying patch: InsertBefore, xpath: [//n:TextBlock[@x:Name='ArabTroopCostsText']]
[Info   :  SHCDE-SE] [T1-16:09:59.919] [XamlPatcher] [ApplyPatches] Applying patch: InsertBefore, xpath: [//n:TextBlock[@x:Name='BedouinTroopCostsText']]
[Info   :  SHCDE-SE] [T1-16:09:59.921] [XamlPatcher] [ApplyPatches] Applying patch: InsertBefore, xpath: [//n:TextBlock[@x:Name='EngineersCostsText']]
[Info   :  SHCDE-SE] [T1-16:09:59.921] [XamlPatcher] [ApplyPatches] Applying patch: InsertBefore, xpath: [//n:TextBlock[@x:Name='TunellersCostsText']]
[Info   :  SHCDE-SE] [T1-16:09:59.922] [XamlPatcher] [ApplyPatches] Applying patch: InsertBefore, xpath: [//n:TextBlock[@x:Name='MonkCostsText']]
[Info   :  SHCDE-SE] [T1-16:09:59.922] [XamlPatcher] [ApplyPatches] Applying patch: Add, xpath: [//n:Grid[@Name='WorkerPanel']]
[Info   :  SHCDE-SE] [T1-16:09:59.956] [GameXAMLManagerAPI] [InjectBindings] ViewModel Linked [UnitLimitTroopLimitInlineHost] in [HUD_Buildings]
[Info   :  SHCDE-SE] [T1-16:09:59.956] [GameXAMLManagerAPI] [ApplyBinding] ViewModel Linked [UnitLimitTroopLimitInlineHost]
[Info   :  SHCDE-SE] [T1-16:09:59.956] [GameXAMLManagerAPI] [InjectBindings] ViewModel Linked [UnitLimitArabTroopLimitInlineHost] in [HUD_Buildings]
[Info   :  SHCDE-SE] [T1-16:09:59.956] [GameXAMLManagerAPI] [ApplyBinding] ViewModel Linked [UnitLimitArabTroopLimitInlineHost]
[Info   :  SHCDE-SE] [T1-16:09:59.956] [GameXAMLManagerAPI] [InjectBindings] ViewModel Linked [UnitLimitBedouinTroopLimitInlineHost] in [HUD_Buildings]
[Info   :  SHCDE-SE] [T1-16:09:59.956] [GameXAMLManagerAPI] [ApplyBinding] ViewModel Linked [UnitLimitBedouinTroopLimitInlineHost]
[Info   :  SHCDE-SE] [T1-16:09:59.956] [GameXAMLManagerAPI] [InjectBindings] ViewModel Linked [UnitLimitEngineersLimitInlineHost] in [HUD_Buildings]
[Info   :  SHCDE-SE] [T1-16:09:59.956] [GameXAMLManagerAPI] [ApplyBinding] ViewModel Linked [UnitLimitEngineersLimitInlineHost]
[Info   :  SHCDE-SE] [T1-16:09:59.956] [GameXAMLManagerAPI] [InjectBindings] ViewModel Linked [UnitLimitTunellersLimitInlineHost] in [HUD_Buildings]
[Info   :  SHCDE-SE] [T1-16:09:59.956] [GameXAMLManagerAPI] [ApplyBinding] ViewModel Linked [UnitLimitTunellersLimitInlineHost]
[Info   :  SHCDE-SE] [T1-16:09:59.956] [GameXAMLManagerAPI] [InjectBindings] ViewModel Linked [UnitLimitMonkLimitInlineHost] in [HUD_Buildings]
[Info   :  SHCDE-SE] [T1-16:09:59.956] [GameXAMLManagerAPI] [ApplyBinding] ViewModel Linked [UnitLimitMonkLimitInlineHost]
[Info   :  SHCDE-SE] [T1-16:09:59.956] [GameXAMLManagerAPI] [InjectBindings] ViewModel Linked [ExtraFeaturesGatehouseAutomationButtonHost] in [HUD_Buildings]
[Info   :  SHCDE-SE] [T1-16:09:59.956] [GameXAMLManagerAPI] [ApplyBinding] ViewModel Linked [ExtraFeaturesGatehouseAutomationButtonHost]
[Info   :  SHCDE-SE] [T1-16:09:59.957] [GameXAMLManagerAPI] [InjectBindings] ViewModel Linked [BugfixesAndQoLQuarryPileRelocationButtonHost] in [HUD_Buildings]
[Info   :  SHCDE-SE] [T1-16:09:59.957] [GameXAMLManagerAPI] [ApplyBinding] ViewModel Linked [BugfixesAndQoLQuarryPileRelocationButtonHost]
[Info   :  SHCDE-SE] [T1-16:09:59.957] [GameXAMLManagerAPI] [InjectBindings] ViewModel Linked [UnitCostsNotificationOverlay] in [HUD_Buildings]
[Info   :  SHCDE-SE] [T1-16:09:59.957] [GameXAMLManagerAPI] [ApplyBinding] ViewModel Linked [UnitCostsNotificationOverlay]
[Info   :  SHCDE-SE] [T1-16:09:59.957] [GameXAMLManagerAPI] [InjectBindings] ViewModel Linked [UnitCostsTroopCostsInlineHost] in [HUD_Buildings]
[Info   :  SHCDE-SE] [T1-16:09:59.957] [GameXAMLManagerAPI] [ApplyBinding] ViewModel Linked [UnitCostsTroopCostsInlineHost]
[Info   :  SHCDE-SE] [T1-16:09:59.957] [GameXAMLManagerAPI] [InjectBindings] ViewModel Linked [UnitCostsArabTroopCostsInlineHost] in [HUD_Buildings]
[Info   :  SHCDE-SE] [T1-16:09:59.957] [GameXAMLManagerAPI] [ApplyBinding] ViewModel Linked [UnitCostsArabTroopCostsInlineHost]
[Info   :  SHCDE-SE] [T1-16:09:59.957] [GameXAMLManagerAPI] [InjectBindings] ViewModel Linked [UnitCostsBedouinTroopCostsInlineHost] in [HUD_Buildings]
[Info   :  SHCDE-SE] [T1-16:09:59.957] [GameXAMLManagerAPI] [ApplyBinding] ViewModel Linked [UnitCostsBedouinTroopCostsInlineHost]
[Info   :  SHCDE-SE] [T1-16:09:59.957] [GameXAMLManagerAPI] [InjectBindings] ViewModel Linked [UnitCostsEngineersCostsInlineHost] in [HUD_Buildings]
[Info   :  SHCDE-SE] [T1-16:09:59.957] [GameXAMLManagerAPI] [ApplyBinding] ViewModel Linked [UnitCostsEngineersCostsInlineHost]
[Info   :  SHCDE-SE] [T1-16:09:59.957] [GameXAMLManagerAPI] [InjectBindings] ViewModel Linked [UnitCostsTunellersCostsInlineHost] in [HUD_Buildings]
[Info   :  SHCDE-SE] [T1-16:09:59.957] [GameXAMLManagerAPI] [ApplyBinding] ViewModel Linked [UnitCostsTunellersCostsInlineHost]
[Info   :  SHCDE-SE] [T1-16:09:59.957] [GameXAMLManagerAPI] [InjectBindings] ViewModel Linked [UnitCostsMonkCostsInlineHost] in [HUD_Buildings]
[Info   :  SHCDE-SE] [T1-16:09:59.957] [GameXAMLManagerAPI] [ApplyBinding] ViewModel Linked [UnitCostsMonkCostsInlineHost]
[Info   :  SHCDE-SE] [T1-16:09:59.957] [GameXAMLManagerAPI] [InjectBindings] ViewModel Linked [WaterboyTargetReservationTestModeButtonHost] in [HUD_Buildings]
[Info   :  SHCDE-SE] [T1-16:09:59.957] [GameXAMLManagerAPI] [ApplyBinding] ViewModel Linked [WaterboyTargetReservationTestModeButtonHost]
[Info   :  SHCDE-SE] [T1-16:09:59.962] [GameXAMLManagerAPI] [InjectBindings] ViewModel Linked [UnitLimitNotificationOverlay] in [MainHUD]
[Info   :  SHCDE-SE] [T1-16:09:59.962] [GameXAMLManagerAPI] [ApplyBinding] ViewModel Linked [UnitLimitNotificationOverlay]
[Info   :  SHCDE-SE] [T1-16:09:59.962] [GameXAMLManagerAPI] [InjectBindings] ViewModel Linked [BuildingCostsTooltipHost] in [MainHUD]
[Info   :  SHCDE-SE] [T1-16:09:59.962] [GameXAMLManagerAPI] [ApplyBinding] ViewModel Linked [BuildingCostsTooltipHost]
[Info   :  SHCDE-SE] [T1-16:09:59.963] [GameXAMLManagerAPI] [InjectBindings] ViewModel Linked [BuildingCostsTooltipHostCompact] in [MainHUD]
[Info   :  SHCDE-SE] [T1-16:09:59.963] [GameXAMLManagerAPI] [ApplyBinding] ViewModel Linked [BuildingCostsTooltipHostCompact]
[Info   :  SHCDE-SE] [T1-16:09:59.963] [GameXAMLManagerAPI] [InjectBindings] ViewModel Linked [BuildingLimitNotificationOverlay] in [MainHUD]
[Info   :  SHCDE-SE] [T1-16:09:59.963] [GameXAMLManagerAPI] [ApplyBinding] ViewModel Linked [BuildingLimitNotificationOverlay]
[Info   :  SHCDE-SE] [T1-16:09:59.963] [GameXAMLManagerAPI] [InjectBindings] ViewModel Linked [BuildingLimitTooltipHost] in [MainHUD]
[Info   :  SHCDE-SE] [T1-16:09:59.963] [GameXAMLManagerAPI] [ApplyBinding] ViewModel Linked [BuildingLimitTooltipHost]
[Info   :  SHCDE-SE] [T1-16:09:59.963] [GameXAMLManagerAPI] [InjectBindings] ViewModel Linked [BuildingLimitTooltipHostCompact] in [MainHUD]
[Info   :  SHCDE-SE] [T1-16:09:59.963] [GameXAMLManagerAPI] [ApplyBinding] ViewModel Linked [BuildingLimitTooltipHostCompact]
[Info   :  SHCDE-SE] [T1-16:09:59.994] [GameXAMLManagerAPI] [GetPatchesForPath] Found patch for [Assets/GUI/XAMLResources/HUD_LoadSaveRequester.xaml] in mod [BugfixesAndQoL_Serp]
[Info   :  SHCDE-SE] [T1-16:09:59.995] [GameXAMLManagerAPI] [GetPatchesForPath] Found patch for [Assets/GUI/XAMLResources/HUD_LoadSaveRequester.xaml] in mod [ExtendedData_Serp]
[Info   :  SHCDE-SE] [T1-16:09:59.995] [GameXAMLManagerAPI] [ApplyPatchForPath] Applying 2 patch files to Assets/GUI/XAMLResources/HUD_LoadSaveRequester.xaml
[Info   :  SHCDE-SE] [T1-16:09:59.995] [XamlPatcher] [ApplyPatches] Applying patch: AddNamespace, xpath: []
[Info   :  SHCDE-SE] [T1-16:09:59.995] [XamlPatcher] [ApplyPatches] Applying patch: InsertAfter, xpath: [//n:ListView[@Name='FileList']/n:ListView.View/n:GridView/n:GridViewColumn[4]]
[Info   :  SHCDE-SE] [T1-16:09:59.995] [XamlPatcher] [ApplyPatches] Applying patch: InsertBefore, xpath: [//n:CheckBox[@x:Name='HideQuicksaveCheck']]
[Info   :  SHCDE-SE] [T1-16:09:59.995] [XamlPatcher] [ApplyPatches] Applying patch: InsertBefore, xpath: [//n:TextBox[@Name='SearchFilter']]
[Info   :  SHCDE-SE] [T1-16:09:59.995] [XamlPatcher] [ApplyPatches] Applying patch: Add, xpath: [//n:Grid[n:Button[@Name='ButtonAction'] and n:Button[@Name='ButtonCancel']]]
[Info   :  SHCDE-SE] [T1-16:09:59.998] [GameXAMLManagerAPI] [InjectBindings] ViewModel Linked [BugfixesAndQoLShowVanillaMapsHost] in [HUD_LoadSaveRequester]
[Info   :  SHCDE-SE] [T1-16:09:59.998] [GameXAMLManagerAPI] [ApplyBinding] ViewModel Linked [BugfixesAndQoLShowVanillaMapsHost]
[Info   :  SHCDE-SE] [T1-16:09:59.998] [GameXAMLManagerAPI] [InjectBindings] ViewModel Linked [BugfixesAndQoLDeleteMapHost] in [HUD_LoadSaveRequester]
[Info   :  SHCDE-SE] [T1-16:09:59.998] [GameXAMLManagerAPI] [ApplyBinding] ViewModel Linked [BugfixesAndQoLDeleteMapHost]
[Info   :  SHCDE-SE] [T1-16:09:59.998] [GameXAMLManagerAPI] [InjectBindings] ViewModel Linked [ExtendedDataMapEditorSaveOptionsHost] in [HUD_LoadSaveRequester]
[Info   :  SHCDE-SE] [T1-16:09:59.998] [GameXAMLManagerAPI] [ApplyBinding] ViewModel Linked [ExtendedDataMapEditorSaveOptionsHost]
[Info   :  SHCDE-SE] [T1-16:09:59.999] [GameXAMLManagerAPI] [GetPatchesForPath] Found patch for [Assets/GUI/XAMLResources/HUD_IngameMenu.xaml] in mod [BugfixesAndQoL_Serp]
[Info   :  SHCDE-SE] [T1-16:09:59.999] [GameXAMLManagerAPI] [ApplyPatchForPath] Applying 1 patch files to Assets/GUI/XAMLResources/HUD_IngameMenu.xaml
[Info   :  SHCDE-SE] [T1-16:09:59.999] [XamlPatcher] [ApplyPatches] Applying patch: Replace, xpath: [//n:Button[@Name='ButtonQuitMission']]
[Info   :  SHCDE-SE] [T1-16:10:00.000] [GameXAMLManagerAPI] [InjectBindings] ViewModel Linked [BugfixesAndQoLSurrenderButtonHost] in [HUD_IngameMenu]
[Info   :  SHCDE-SE] [T1-16:10:00.000] [GameXAMLManagerAPI] [ApplyBinding] ViewModel Linked [BugfixesAndQoLSurrenderButtonHost]
[Info   :  SHCDE-SE] [T1-16:10:00.002] [GameXAMLManagerAPI] [GetPatchesForPath] Found patch for [Assets/GUI/XAMLResources/HUD_Options.xaml] in mod [000shcdese]
[Info   :  SHCDE-SE] [T1-16:10:00.003] [GameXAMLManagerAPI] [ApplyPatchForPath] Applying 1 patch files to Assets/GUI/XAMLResources/HUD_Options.xaml
[Info   :  SHCDE-SE] [T1-16:10:00.004] [XamlPatcher] [ApplyPatches] Applying patch: SetAttribute, xpath: [//*[@Name='GameSpeedSlider']]
[Info   :  SHCDE-SE] [T1-16:10:00.035] [GameXAMLManagerAPI] [GetPatchesForPath] Found patch for [Assets/GUI/XAMLResources/HUD_AlliesPanel.xaml] in mod [BugfixesAndQoL_Serp]
[Info   :  SHCDE-SE] [T1-16:10:00.035] [GameXAMLManagerAPI] [ApplyPatchForPath] Applying 1 patch files to Assets/GUI/XAMLResources/HUD_AlliesPanel.xaml
[Info   :  SHCDE-SE] [T1-16:10:00.036] [XamlPatcher] [ApplyPatches] Applying patch: SetAttribute, xpath: [//n:Button[@CommandParameter='X5']/following-sibling::n:TextBlock[1]]
[Info   :  SHCDE-SE] [T1-16:10:00.036] [XamlPatcher] [ApplyPatches] Applying patch: SetAttribute, xpath: [//n:Button[@CommandParameter='X5']/following-sibling::n:TextBlock[1]]
[Info   :  SHCDE-SE] [T1-16:10:00.036] [XamlPatcher] [ApplyPatches] Applying patch: SetAttribute, xpath: [//n:Button[@CommandParameter='X10']/following-sibling::n:TextBlock[1]]
[Info   :  SHCDE-SE] [T1-16:10:00.036] [XamlPatcher] [ApplyPatches] Applying patch: SetAttribute, xpath: [//n:Button[@CommandParameter='X10']/following-sibling::n:TextBlock[1]]
[Info   :  SHCDE-SE] [T1-16:10:00.036] [XamlPatcher] [ApplyPatches] Applying patch: SetAttribute, xpath: [//n:Button[@CommandParameter='X25']/following-sibling::n:TextBlock[1]]
[Info   :  SHCDE-SE] [T1-16:10:00.038] [XamlPatcher] [ApplyPatches] Applying patch: SetAttribute, xpath: [//n:Button[@CommandParameter='X25']/following-sibling::n:TextBlock[1]]
[Info   :  SHCDE-SE] [T1-16:10:00.038] [XamlPatcher] [ApplyPatches] Applying patch: SetAttribute, xpath: [//n:Button[@CommandParameter='X100']/following-sibling::n:TextBlock[1]]
[Info   :  SHCDE-SE] [T1-16:10:00.038] [XamlPatcher] [ApplyPatches] Applying patch: SetAttribute, xpath: [//n:Button[@CommandParameter='X100']/following-sibling::n:TextBlock[1]]
[Info   :  SHCDE-SE] [T1-16:10:00.038] [XamlPatcher] [ApplyPatches] Applying patch: SetAttribute, xpath: [//n:Button[@CommandParameter='X500']/following-sibling::n:TextBlock[1]]
[Info   :  SHCDE-SE] [T1-16:10:00.038] [XamlPatcher] [ApplyPatches] Applying patch: SetAttribute, xpath: [//n:Button[@CommandParameter='X500']/following-sibling::n:TextBlock[1]]
[Info   :  SHCDE-SE] [T1-16:10:00.038] [XamlPatcher] [ApplyPatches] Applying patch: InsertAfter, xpath: [//n:Button[@CommandParameter='X500']/following-sibling::n:TextBlock[1]]
[Info   :  SHCDE-SE] [T1-16:10:00.043] [GameXAMLManagerAPI] [InjectBindings] ViewModel Linked [BugfixesAndQoLAllyAmount5] in [HUD_AlliesPanel]
[Info   :  SHCDE-SE] [T1-16:10:00.043] [GameXAMLManagerAPI] [ApplyBinding] ViewModel Linked [BugfixesAndQoLAllyAmount5]
[Info   :  SHCDE-SE] [T1-16:10:00.043] [GameXAMLManagerAPI] [InjectBindings] ViewModel Linked [BugfixesAndQoLAllyAmount10] in [HUD_AlliesPanel]
[Info   :  SHCDE-SE] [T1-16:10:00.043] [GameXAMLManagerAPI] [ApplyBinding] ViewModel Linked [BugfixesAndQoLAllyAmount10]
[Info   :  SHCDE-SE] [T1-16:10:00.043] [GameXAMLManagerAPI] [InjectBindings] ViewModel Linked [BugfixesAndQoLAllyAmount25] in [HUD_AlliesPanel]
[Info   :  SHCDE-SE] [T1-16:10:00.043] [GameXAMLManagerAPI] [ApplyBinding] ViewModel Linked [BugfixesAndQoLAllyAmount25]
[Info   :  SHCDE-SE] [T1-16:10:00.043] [GameXAMLManagerAPI] [InjectBindings] ViewModel Linked [BugfixesAndQoLAllyAmount100] in [HUD_AlliesPanel]
[Info   :  SHCDE-SE] [T1-16:10:00.043] [GameXAMLManagerAPI] [ApplyBinding] ViewModel Linked [BugfixesAndQoLAllyAmount100]
[Info   :  SHCDE-SE] [T1-16:10:00.043] [GameXAMLManagerAPI] [InjectBindings] ViewModel Linked [BugfixesAndQoLAllyAmount500] in [HUD_AlliesPanel]
[Info   :  SHCDE-SE] [T1-16:10:00.043] [GameXAMLManagerAPI] [ApplyBinding] ViewModel Linked [BugfixesAndQoLAllyAmount500]
[Info   :  SHCDE-SE] [T1-16:10:00.055] [GameXAMLManagerAPI] [GetPatchesForPath] Found patch for [Assets/GUI/XAMLResources/HUD_ExtremePowers.xaml] in mod [ExtremePowers_Serp]
[Info   :  SHCDE-SE] [T1-16:10:00.055] [GameXAMLManagerAPI] [ApplyPatchForPath] Applying 1 patch files to Assets/GUI/XAMLResources/HUD_ExtremePowers.xaml
[Info   :  SHCDE-SE] [T1-16:10:00.055] [XamlPatcher] [ApplyPatches] Applying patch: SetAttribute, xpath: [//n:Button[@CommandParameter='0']]
[Info   :  SHCDE-SE] [T1-16:10:00.055] [XamlPatcher] [ApplyPatches] Applying patch: SetAttribute, xpath: [//n:Button[@CommandParameter='1']]
[Info   :  SHCDE-SE] [T1-16:10:00.055] [XamlPatcher] [ApplyPatches] Applying patch: SetAttribute, xpath: [//n:Button[@CommandParameter='2']]
[Info   :  SHCDE-SE] [T1-16:10:00.055] [XamlPatcher] [ApplyPatches] Applying patch: SetAttribute, xpath: [//n:Button[@CommandParameter='3']]
[Info   :  SHCDE-SE] [T1-16:10:00.055] [XamlPatcher] [ApplyPatches] Applying patch: SetAttribute, xpath: [//n:Button[@CommandParameter='4']]
[Info   :  SHCDE-SE] [T1-16:10:00.055] [XamlPatcher] [ApplyPatches] Applying patch: SetAttribute, xpath: [//n:Button[@CommandParameter='5']]
[Info   :  SHCDE-SE] [T1-16:10:00.055] [XamlPatcher] [ApplyPatches] Applying patch: SetAttribute, xpath: [//n:Button[@CommandParameter='6']]
[Info   :  SHCDE-SE] [T1-16:10:00.055] [XamlPatcher] [ApplyPatches] Applying patch: SetAttribute, xpath: [//n:Button[@CommandParameter='7']]
[Debug  :Extreme Powers] [2026-09-24 16:10:00.058] Extreme Powers Vanilla fallback: current game mode does not allow regular gameplay mods
[Info   :  SHCDE-SE] [T1-16:10:00.062] [GameXAMLManagerAPI] [GetPatchesForPath] Found patch for [Assets/GUI/XAMLResources/HUD_MPResync.xaml] in mod [BugfixesAndQoL_Serp]
[Info   :  SHCDE-SE] [T1-16:10:00.062] [GameXAMLManagerAPI] [ApplyPatchForPath] Applying 1 patch files to Assets/GUI/XAMLResources/HUD_MPResync.xaml
[Info   :  SHCDE-SE] [T1-16:10:00.062] [XamlPatcher] [ApplyPatches] Applying patch: Replace, xpath: [//n:Grid[@x:Name='LayoutRoot']]
[Info   :  SHCDE-SE] [T1-16:10:00.076] [GameXAMLManagerAPI] [GetPatchesForPath] Found patch for [Assets/GUI/XAMLResources/HUD_ConfirmationPopup.xaml] in mod [ExtendedData_Serp]
[Info   :  SHCDE-SE] [T1-16:10:00.077] [GameXAMLManagerAPI] [ApplyPatchForPath] Applying 1 patch files to Assets/GUI/XAMLResources/HUD_ConfirmationPopup.xaml
[Info   :  SHCDE-SE] [T1-16:10:00.077] [XamlPatcher] [ApplyPatches] Applying patch: Replace, xpath: [//n:TextBlock[@Text='{Binding ConfirmationMessage}']]
[Info   :  SHCDE-SE] [T1-16:10:00.078] [GameXAMLManagerAPI] [GetPatchesForPath] Found patch for [Assets/GUI/XAMLResources/HUD_MissionOver.xaml] in mod [BugfixesAndQoL_Serp]
[Info   :  SHCDE-SE] [T1-16:10:00.083] [GameXAMLManagerAPI] [ApplyPatchForPath] Applying 1 patch files to Assets/GUI/XAMLResources/HUD_MissionOver.xaml
[Info   :  SHCDE-SE] [T1-16:10:00.088] [XamlPatcher] [ApplyPatches] Applying patch: Add, xpath: [//n:StackPanel[@Name='RowStackMP']/n:Grid[n:Button[@CommandParameter='Exit']]]
[Info   :  SHCDE-SE] [T1-16:10:00.089] [XamlPatcher] [ApplyPatches] Applying patch: Add, xpath: [//n:Grid[n:Grid.ColumnDefinitions/n:ColumnDefinition[2][@Width='470'] and n:Image[@Source='{Binding MO_MP_PlayersShields0}']]]
[Info   :  SHCDE-SE] [T1-16:10:00.089] [XamlPatcher] [ApplyPatches] Applying patch: Add, xpath: [//n:Grid[n:Grid.ColumnDefinitions/n:ColumnDefinition[2][@Width='510'] and n:Image[@Source='{Binding MO_MP_PlayersShields0}']]]
[Info   :  SHCDE-SE] [T1-16:10:00.090] [XamlPatcher] [ApplyPatches] Applying patch: Add, xpath: [//n:Grid[n:Grid.ColumnDefinitions/n:ColumnDefinition[2][@Width='470'] and n:Image[@Source='{Binding MO_MP_PlayersShields1}']]]
[Info   :  SHCDE-SE] [T1-16:10:00.090] [XamlPatcher] [ApplyPatches] Applying patch: Add, xpath: [//n:Grid[n:Grid.ColumnDefinitions/n:ColumnDefinition[2][@Width='510'] and n:Image[@Source='{Binding MO_MP_PlayersShields1}']]]
[Info   :  SHCDE-SE] [T1-16:10:00.092] [XamlPatcher] [ApplyPatches] Applying patch: Add, xpath: [//n:Grid[n:Grid.ColumnDefinitions/n:ColumnDefinition[2][@Width='470'] and n:Image[@Source='{Binding MO_MP_PlayersShields2}']]]
[Info   :  SHCDE-SE] [T1-16:10:00.093] [XamlPatcher] [ApplyPatches] Applying patch: Add, xpath: [//n:Grid[n:Grid.ColumnDefinitions/n:ColumnDefinition[2][@Width='510'] and n:Image[@Source='{Binding MO_MP_PlayersShields2}']]]
[Info   :  SHCDE-SE] [T1-16:10:00.093] [XamlPatcher] [ApplyPatches] Applying patch: Add, xpath: [//n:Grid[n:Grid.ColumnDefinitions/n:ColumnDefinition[2][@Width='470'] and n:Image[@Source='{Binding MO_MP_PlayersShields3}']]]
[Info   :  SHCDE-SE] [T1-16:10:00.094] [XamlPatcher] [ApplyPatches] Applying patch: Add, xpath: [//n:Grid[n:Grid.ColumnDefinitions/n:ColumnDefinition[2][@Width='510'] and n:Image[@Source='{Binding MO_MP_PlayersShields3}']]]
[Info   :  SHCDE-SE] [T1-16:10:00.095] [XamlPatcher] [ApplyPatches] Applying patch: Add, xpath: [//n:Grid[n:Grid.ColumnDefinitions/n:ColumnDefinition[2][@Width='470'] and n:Image[@Source='{Binding MO_MP_PlayersShields4}']]]
[Info   :  SHCDE-SE] [T1-16:10:00.096] [XamlPatcher] [ApplyPatches] Applying patch: Add, xpath: [//n:Grid[n:Grid.ColumnDefinitions/n:ColumnDefinition[2][@Width='510'] and n:Image[@Source='{Binding MO_MP_PlayersShields4}']]]
[Info   :  SHCDE-SE] [T1-16:10:00.097] [XamlPatcher] [ApplyPatches] Applying patch: Add, xpath: [//n:Grid[n:Grid.ColumnDefinitions/n:ColumnDefinition[2][@Width='470'] and n:Image[@Source='{Binding MO_MP_PlayersShields5}']]]
[Info   :  SHCDE-SE] [T1-16:10:00.098] [XamlPatcher] [ApplyPatches] Applying patch: Add, xpath: [//n:Grid[n:Grid.ColumnDefinitions/n:ColumnDefinition[2][@Width='510'] and n:Image[@Source='{Binding MO_MP_PlayersShields5}']]]
[Info   :  SHCDE-SE] [T1-16:10:00.099] [XamlPatcher] [ApplyPatches] Applying patch: Add, xpath: [//n:Grid[n:Grid.ColumnDefinitions/n:ColumnDefinition[2][@Width='470'] and n:Image[@Source='{Binding MO_MP_PlayersShields6}']]]
[Info   :  SHCDE-SE] [T1-16:10:00.099] [XamlPatcher] [ApplyPatches] Applying patch: Add, xpath: [//n:Grid[n:Grid.ColumnDefinitions/n:ColumnDefinition[2][@Width='510'] and n:Image[@Source='{Binding MO_MP_PlayersShields6}']]]
[Info   :  SHCDE-SE] [T1-16:10:00.101] [XamlPatcher] [ApplyPatches] Applying patch: Add, xpath: [//n:Grid[n:Grid.ColumnDefinitions/n:ColumnDefinition[2][@Width='470'] and n:Image[@Source='{Binding MO_MP_PlayersShields7}']]]
[Info   :  SHCDE-SE] [T1-16:10:00.102] [XamlPatcher] [ApplyPatches] Applying patch: Add, xpath: [//n:Grid[n:Grid.ColumnDefinitions/n:ColumnDefinition[2][@Width='510'] and n:Image[@Source='{Binding MO_MP_PlayersShields7}']]]
[Info   :  SHCDE-SE] [T1-16:10:00.126] [GameXAMLManagerAPI] [InjectBindings] ViewModel Linked [BugfixesAndQoLSpectatorStatisticsRefreshHost] in [HUD_MissionOver]
[Info   :  SHCDE-SE] [T1-16:10:00.126] [GameXAMLManagerAPI] [ApplyBinding] ViewModel Linked [BugfixesAndQoLSpectatorStatisticsRefreshHost]
[Info   :  SHCDE-SE] [T1-16:10:00.133] [GameXAMLManagerAPI] [InjectBindings] ViewModel Linked [CastlePlannerBlueprintHud] in [IngameUIScreens]
[Info   :  SHCDE-SE] [T1-16:10:00.133] [GameXAMLManagerAPI] [ApplyBinding] ViewModel Linked [CastlePlannerBlueprintHud]
[Info   :  SHCDE-SE] [T1-16:10:00.134] [GameXAMLManagerAPI] [InjectBindings] ViewModel Linked [CastlePlannerBlueprintSettingsButton] in [IngameUIScreens]
[Info   :  SHCDE-SE] [T1-16:10:00.134] [GameXAMLManagerAPI] [ApplyBinding] ViewModel Linked [CastlePlannerBlueprintSettingsButton]
[Info   :  SHCDE-SE] [T1-16:10:00.167] [NoesisTextureProvider_Hooks] [NoesisTextureProvider_GetTextureInfo] Registering Mod Texture: Assets/GUI/Sprites/selogo_1.png
[Info   :  SHCDE-SE] [T1-16:10:00.174] [NoesisTextureProvider_Hooks] [NoesisTextureProvider_GetTextureInfo] Registering Mod Texture: Assets/GUI/Sprites/selogo_2.png
[Info   :  SHCDE-SE] [T1-16:10:00.177] [NoesisTextureProvider_Hooks] [NoesisTextureProvider_GetTextureInfo] Registering Mod Texture: Assets/GUI/Sprites/selogo_3.png
[Info   :FixesAIEvents] [T1-16:10:00.649] [FixesAIEvents] [OnProcessCustomLord] Processing custom AI lord: Abbot
[Info   :  SHCDE-SE] [T1-16:10:00.649] [GameAIManagerAPI] [.ctor] Loading AIC Array
[Info   :FixesAIEvents] [T1-16:10:00.654] [FixesAIEvents] [OnProcessCustomLord] Processing custom AI lord: Abbot
[Info   :FixesAIEvents] [T1-16:10:00.654] [FixesAIEvents] [OnProcessCustomLord] Processing custom AI lord: Abbot
[Info   :FixesAIEvents] [T1-16:10:00.655] [FixesAIEvents] [OnProcessCustomLord] Processing custom AI lord: Abbot
[Info   :FixesAIEvents] [T1-16:10:00.657] [FixesAIEvents] [OnProcessCustomLord] Processing custom AI lord: Abbot
[Info   :FixesAIEvents] [T1-16:10:00.658] [FixesAIEvents] [OnProcessCustomLord] Processing custom AI lord: Abbot
[Info   :FixesAIEvents] [T1-16:10:00.658] [FixesAIEvents] [OnProcessCustomLord] Processing custom AI lord: Baldwin
[Info   :FixesAIEvents] [T1-16:10:00.660] [FixesAIEvents] [OnProcessCustomLord] Processing custom AI lord: Baldwin
[Info   :FixesAIEvents] [T1-16:10:00.664] [FixesAIEvents] [OnProcessCustomLord] Processing custom AI lord: Baldwin
[Info   :FixesAIEvents] [T1-16:10:00.665] [FixesAIEvents] [OnProcessCustomLord] Processing custom AI lord: Baldwin
[Info   :FixesAIEvents] [T1-16:10:00.666] [FixesAIEvents] [OnProcessCustomLord] Processing custom AI lord: Baldwin
[Info   :FixesAIEvents] [T1-16:10:00.667] [FixesAIEvents] [OnProcessCustomLord] Processing custom AI lord: Bullseye
[Info   :FixesAIEvents] [T1-16:10:00.668] [FixesAIEvents] [OnProcessCustomLord] Processing custom AI lord: Bullseye
[Info   :FixesAIEvents] [T1-16:10:00.668] [FixesAIEvents] [OnProcessCustomLord] Processing custom AI lord: Bullseye
[Info   :FixesAIEvents] [T1-16:10:00.669] [FixesAIEvents] [OnProcessCustomLord] Processing custom AI lord: Bullseye
[Info   :FixesAIEvents] [T1-16:10:00.670] [FixesAIEvents] [OnProcessCustomLord] Processing custom AI lord: Bullseye
[Info   :FixesAIEvents] [T1-16:10:00.671] [FixesAIEvents] [OnProcessCustomLord] Processing custom AI lord: Caliph
[Info   :FixesAIEvents] [T1-16:10:00.673] [FixesAIEvents] [OnProcessCustomLord] Processing custom AI lord: Caliph
[Info   :FixesAIEvents] [T1-16:10:00.678] [FixesAIEvents] [OnProcessCustomLord] Processing custom AI lord: Caliph
[Info   :FixesAIEvents] [T1-16:10:00.679] [FixesAIEvents] [OnProcessCustomLord] Processing custom AI lord: Caliph
[Info   :FixesAIEvents] [T1-16:10:00.680] [FixesAIEvents] [OnProcessCustomLord] Processing custom AI lord: Caliph
[Info   :FixesAIEvents] [T1-16:10:00.680] [FixesAIEvents] [OnProcessCustomLord] Processing custom AI lord: Caliph
[Info   :FixesAIEvents] [T1-16:10:00.680] [FixesAIEvents] [OnProcessCustomLord] Processing custom AI lord: Canary
[Info   :FixesAIEvents] [T1-16:10:00.681] [FixesAIEvents] [OnProcessCustomLord] Processing custom AI lord: Canary
[Info   :FixesAIEvents] [T1-16:10:00.681] [FixesAIEvents] [OnProcessCustomLord] Processing custom AI lord: Canary
[Info   :FixesAIEvents] [T1-16:10:00.682] [FixesAIEvents] [OnProcessCustomLord] Processing custom AI lord: Canary
[Info   :FixesAIEvents] [T1-16:10:00.682] [FixesAIEvents] [OnProcessCustomLord] Processing custom AI lord: Canary
[Info   :FixesAIEvents] [T1-16:10:00.683] [FixesAIEvents] [OnProcessCustomLord] Processing custom AI lord: Crocodile
[Info   :FixesAIEvents] [T1-16:10:00.684] [FixesAIEvents] [OnProcessCustomLord] Processing custom AI lord: Crocodile
[Info   :FixesAIEvents] [T1-16:10:00.685] [FixesAIEvents] [OnProcessCustomLord] Processing custom AI lord: Crocodile
[Info   :FixesAIEvents] [T1-16:10:00.686] [FixesAIEvents] [OnProcessCustomLord] Processing custom AI lord: Crocodile
[Info   :FixesAIEvents] [T1-16:10:00.686] [FixesAIEvents] [OnProcessCustomLord] Processing custom AI lord: Crocodile
[Info   :FixesAIEvents] [T1-16:10:00.687] [FixesAIEvents] [OnProcessCustomLord] Processing custom AI lord: Emir
[Info   :FixesAIEvents] [T1-16:10:00.688] [FixesAIEvents] [OnProcessCustomLord] Processing custom AI lord: Emir
[Info   :FixesAIEvents] [T1-16:10:00.688] [FixesAIEvents] [OnProcessCustomLord] Processing custom AI lord: Emir
[Info   :FixesAIEvents] [T1-16:10:00.690] [FixesAIEvents] [OnProcessCustomLord] Processing custom AI lord: Emir
[Info   :FixesAIEvents] [T1-16:10:00.691] [FixesAIEvents] [OnProcessCustomLord] Processing custom AI lord: Emir
[Info   :FixesAIEvents] [T1-16:10:00.692] [FixesAIEvents] [OnProcessCustomLord] Processing custom AI lord: Frederick
[Info   :FixesAIEvents] [T1-16:10:00.692] [FixesAIEvents] [OnProcessCustomLord] Processing custom AI lord: Frederick
[Info   :FixesAIEvents] [T1-16:10:00.693] [FixesAIEvents] [OnProcessCustomLord] Processing custom AI lord: Frederick
[Info   :FixesAIEvents] [T1-16:10:00.694] [FixesAIEvents] [OnProcessCustomLord] Processing custom AI lord: Frederick
[Info   :FixesAIEvents] [T1-16:10:00.695] [FixesAIEvents] [OnProcessCustomLord] Processing custom AI lord: Frederick
[Info   :FixesAIEvents] [T1-16:10:00.696] [FixesAIEvents] [OnProcessCustomLord] Processing custom AI lord: Frederick
[Info   :FixesAIEvents] [T1-16:10:00.697] [FixesAIEvents] [OnProcessCustomLord] Processing custom AI lord: Jewel
[Info   :FixesAIEvents] [T1-16:10:00.697] [FixesAIEvents] [OnProcessCustomLord] Processing custom AI lord: Jewel
[Info   :FixesAIEvents] [T1-16:10:00.698] [FixesAIEvents] [OnProcessCustomLord] Processing custom AI lord: Jewel
[Info   :FixesAIEvents] [T1-16:10:00.698] [FixesAIEvents] [OnProcessCustomLord] Processing custom AI lord: Jewel
[Info   :FixesAIEvents] [T1-16:10:00.699] [FixesAIEvents] [OnProcessCustomLord] Processing custom AI lord: Jewel
[Info   :FixesAIEvents] [T1-16:10:00.699] [FixesAIEvents] [OnProcessCustomLord] Processing custom AI lord: Kahinah
[Info   :FixesAIEvents] [T1-16:10:00.699] [FixesAIEvents] [OnProcessCustomLord] Processing custom AI lord: Kahinah
[Info   :FixesAIEvents] [T1-16:10:00.700] [FixesAIEvents] [OnProcessCustomLord] Processing custom AI lord: Kahinah
[Info   :FixesAIEvents] [T1-16:10:00.702] [FixesAIEvents] [OnProcessCustomLord] Processing custom AI lord: Kahinah
[Info   :FixesAIEvents] [T1-16:10:00.702] [FixesAIEvents] [OnProcessCustomLord] Processing custom AI lord: Kahinah
[Info   :FixesAIEvents] [T1-16:10:00.703] [FixesAIEvents] [OnProcessCustomLord] Processing custom AI lord: Kahinah
[Info   :FixesAIEvents] [T1-16:10:00.703] [FixesAIEvents] [OnProcessCustomLord] Processing custom AI lord: Kahinah
[Info   :FixesAIEvents] [T1-16:10:00.705] [FixesAIEvents] [OnProcessCustomLord] Processing custom AI lord: Kahinah
[Info   :FixesAIEvents] [T1-16:10:00.706] [FixesAIEvents] [OnProcessCustomLord] Processing custom AI lord: Kahinah
[Info   :FixesAIEvents] [T1-16:10:00.706] [FixesAIEvents] [OnProcessCustomLord] Processing custom AI lord: Kahinah
[Info   :FixesAIEvents] [T1-16:10:00.707] [FixesAIEvents] [OnProcessCustomLord] Processing custom AI lord: Lioness
[Info   :FixesAIEvents] [T1-16:10:00.707] [FixesAIEvents] [OnProcessCustomLord] Processing custom AI lord: Lioness
[Info   :FixesAIEvents] [T1-16:10:00.708] [FixesAIEvents] [OnProcessCustomLord] Processing custom AI lord: Lioness
[Info   :FixesAIEvents] [T1-16:10:00.708] [FixesAIEvents] [OnProcessCustomLord] Processing custom AI lord: Lioness
[Info   :FixesAIEvents] [T1-16:10:00.709] [FixesAIEvents] [OnProcessCustomLord] Processing custom AI lord: Lioness
[Info   :FixesAIEvents] [T1-16:10:00.709] [FixesAIEvents] [OnProcessCustomLord] Processing custom AI lord: Marshal
[Info   :FixesAIEvents] [T1-16:10:00.711] [FixesAIEvents] [OnProcessCustomLord] Processing custom AI lord: Marshal
[Info   :FixesAIEvents] [T1-16:10:00.711] [FixesAIEvents] [OnProcessCustomLord] Processing custom AI lord: Marshal
[Info   :FixesAIEvents] [T1-16:10:00.712] [FixesAIEvents] [OnProcessCustomLord] Processing custom AI lord: Marshal
[Info   :FixesAIEvents] [T1-16:10:00.713] [FixesAIEvents] [OnProcessCustomLord] Processing custom AI lord: Marshal
[Info   :FixesAIEvents] [T1-16:10:00.713] [FixesAIEvents] [OnProcessCustomLord] Processing custom AI lord: Nizar
[Info   :FixesAIEvents] [T1-16:10:00.714] [FixesAIEvents] [OnProcessCustomLord] Processing custom AI lord: Nizar
[Info   :FixesAIEvents] [T1-16:10:00.715] [FixesAIEvents] [OnProcessCustomLord] Processing custom AI lord: Nizar
[Info   :FixesAIEvents] [T1-16:10:00.716] [FixesAIEvents] [OnProcessCustomLord] Processing custom AI lord: Nizar
[Info   :FixesAIEvents] [T1-16:10:00.717] [FixesAIEvents] [OnProcessCustomLord] Processing custom AI lord: Nizar
[Info   :FixesAIEvents] [T1-16:10:00.717] [FixesAIEvents] [OnProcessCustomLord] Processing custom AI lord: Nomad
[Info   :FixesAIEvents] [T1-16:10:00.717] [FixesAIEvents] [OnProcessCustomLord] Processing custom AI lord: Nomad
[Info   :FixesAIEvents] [T1-16:10:00.718] [FixesAIEvents] [OnProcessCustomLord] Processing custom AI lord: Nomad
[Info   :FixesAIEvents] [T1-16:10:00.718] [FixesAIEvents] [OnProcessCustomLord] Processing custom AI lord: Nomad
[Info   :FixesAIEvents] [T1-16:10:00.719] [FixesAIEvents] [OnProcessCustomLord] Processing custom AI lord: Nomad
[Info   :FixesAIEvents] [T1-16:10:00.719] [FixesAIEvents] [OnProcessCustomLord] Processing custom AI lord: Philip
[Info   :FixesAIEvents] [T1-16:10:00.720] [FixesAIEvents] [OnProcessCustomLord] Processing custom AI lord: Philip
[Info   :FixesAIEvents] [T1-16:10:00.721] [FixesAIEvents] [OnProcessCustomLord] Processing custom AI lord: Philip
[Info   :FixesAIEvents] [T1-16:10:00.721] [FixesAIEvents] [OnProcessCustomLord] Processing custom AI lord: Philip
[Info   :FixesAIEvents] [T1-16:10:00.722] [FixesAIEvents] [OnProcessCustomLord] Processing custom AI lord: Philip
[Info   :FixesAIEvents] [T1-16:10:00.722] [FixesAIEvents] [OnProcessCustomLord] Processing custom AI lord: Pig
[Info   :FixesAIEvents] [T1-16:10:00.723] [FixesAIEvents] [OnProcessCustomLord] Processing custom AI lord: Pig
[Info   :FixesAIEvents] [T1-16:10:00.724] [FixesAIEvents] [OnProcessCustomLord] Processing custom AI lord: Pig
[Info   :FixesAIEvents] [T1-16:10:00.725] [FixesAIEvents] [OnProcessCustomLord] Processing custom AI lord: Pig
[Info   :FixesAIEvents] [T1-16:10:00.725] [FixesAIEvents] [OnProcessCustomLord] Processing custom AI lord: Pig
[Info   :FixesAIEvents] [T1-16:10:00.726] [FixesAIEvents] [OnProcessCustomLord] Processing custom AI lord: Rat
[Info   :FixesAIEvents] [T1-16:10:00.726] [FixesAIEvents] [OnProcessCustomLord] Processing custom AI lord: Rat
[Info   :FixesAIEvents] [T1-16:10:00.726] [FixesAIEvents] [OnProcessCustomLord] Processing custom AI lord: Rat
[Info   :FixesAIEvents] [T1-16:10:00.727] [FixesAIEvents] [OnProcessCustomLord] Processing custom AI lord: Rat
[Info   :FixesAIEvents] [T1-16:10:00.727] [FixesAIEvents] [OnProcessCustomLord] Processing custom AI lord: Rat
[Info   :FixesAIEvents] [T1-16:10:00.728] [FixesAIEvents] [OnProcessCustomLord] Processing custom AI lord: Rat
[Info   :FixesAIEvents] [T1-16:10:00.728] [FixesAIEvents] [OnProcessCustomLord] Processing custom AI lord: Rat
[Info   :FixesAIEvents] [T1-16:10:00.728] [FixesAIEvents] [OnProcessCustomLord] Processing custom AI lord: Richard
[Info   :FixesAIEvents] [T1-16:10:00.730] [FixesAIEvents] [OnProcessCustomLord] Processing custom AI lord: Richard
[Info   :FixesAIEvents] [T1-16:10:00.732] [FixesAIEvents] [OnProcessCustomLord] Processing custom AI lord: Richard
[Info   :FixesAIEvents] [T1-16:10:00.732] [FixesAIEvents] [OnProcessCustomLord] Processing custom AI lord: Richard
[Info   :FixesAIEvents] [T1-16:10:00.733] [FixesAIEvents] [OnProcessCustomLord] Processing custom AI lord: Richard
[Info   :FixesAIEvents] [T1-16:10:00.734] [FixesAIEvents] [OnProcessCustomLord] Processing custom AI lord: Saladin
[Info   :FixesAIEvents] [T1-16:10:00.735] [FixesAIEvents] [OnProcessCustomLord] Processing custom AI lord: Saladin
[Info   :FixesAIEvents] [T1-16:10:00.736] [FixesAIEvents] [OnProcessCustomLord] Processing custom AI lord: Saladin
[Info   :FixesAIEvents] [T1-16:10:00.737] [FixesAIEvents] [OnProcessCustomLord] Processing custom AI lord: Saladin
[Info   :FixesAIEvents] [T1-16:10:00.737] [FixesAIEvents] [OnProcessCustomLord] Processing custom AI lord: Saladin
[Info   :FixesAIEvents] [T1-16:10:00.738] [FixesAIEvents] [OnProcessCustomLord] Processing custom AI lord: Sentinel
[Info   :FixesAIEvents] [T1-16:10:00.738] [FixesAIEvents] [OnProcessCustomLord] Processing custom AI lord: Sentinel
[Info   :FixesAIEvents] [T1-16:10:00.739] [FixesAIEvents] [OnProcessCustomLord] Processing custom AI lord: Sentinel
[Info   :FixesAIEvents] [T1-16:10:00.739] [FixesAIEvents] [OnProcessCustomLord] Processing custom AI lord: Sentinel
[Info   :FixesAIEvents] [T1-16:10:00.741] [FixesAIEvents] [OnProcessCustomLord] Processing custom AI lord: Sentinel
[Info   :FixesAIEvents] [T1-16:10:00.741] [FixesAIEvents] [OnProcessCustomLord] Processing custom AI lord: Sergeant
[Info   :FixesAIEvents] [T1-16:10:00.742] [FixesAIEvents] [OnProcessCustomLord] Processing custom AI lord: Sergeant
[Info   :FixesAIEvents] [T1-16:10:00.743] [FixesAIEvents] [OnProcessCustomLord] Processing custom AI lord: Sergeant
[Info   :FixesAIEvents] [T1-16:10:00.744] [FixesAIEvents] [OnProcessCustomLord] Processing custom AI lord: Sergeant
[Info   :FixesAIEvents] [T1-16:10:00.745] [FixesAIEvents] [OnProcessCustomLord] Processing custom AI lord: Sergeant
[Info   :  SHCDE-SE] [T1-16:10:00.745] [AIVLoader_Hooks] [AIVLoader_GetAIVData_Hook] Intercepting load of lord: [SK_SHERIFF], index=7 - overriden
[Info   :  SHCDE-SE] [T1-16:10:00.746] [AIVLoader_Hooks] [AIVLoader_GetAIVData_Hook] Intercepting load of lord: [SK_SHERIFF], index=7 - overriden
[Info   :FixesAIEvents] [T1-16:10:00.746] [FixesAIEvents] [OnProcessCustomLord] Processing custom AI lord: Sheriff
[Info   :FixesAIEvents] [T1-16:10:00.746] [FixesAIEvents] [OnProcessCustomLord] Processing custom AI lord: Sheriff
[Info   :FixesAIEvents] [T1-16:10:00.748] [FixesAIEvents] [OnProcessCustomLord] Processing custom AI lord: Sheriff
[Info   :FixesAIEvents] [T1-16:10:00.749] [FixesAIEvents] [OnProcessCustomLord] Processing custom AI lord: Sheriff
[Info   :FixesAIEvents] [T1-16:10:00.751] [FixesAIEvents] [OnProcessCustomLord] Processing custom AI lord: Sheriff
[Info   :  SHCDE-SE] [T1-16:10:00.751] [AIVLoader_Hooks] [AIVLoader_GetAIVData_Hook] Intercepting load of lord: [SK_SNAKE], index=4 - overriden
[Info   :  SHCDE-SE] [T1-16:10:00.752] [AIVLoader_Hooks] [AIVLoader_GetAIVData_Hook] Intercepting load of lord: [SK_SNAKE], index=4 - overriden
[Info   :FixesAIEvents] [T1-16:10:00.752] [FixesAIEvents] [OnProcessCustomLord] Processing custom AI lord: Snake
[Info   :FixesAIEvents] [T1-16:10:00.753] [FixesAIEvents] [OnProcessCustomLord] Processing custom AI lord: Snake
[Info   :FixesAIEvents] [T1-16:10:00.753] [FixesAIEvents] [OnProcessCustomLord] Processing custom AI lord: Snake
[Info   :FixesAIEvents] [T1-16:10:00.754] [FixesAIEvents] [OnProcessCustomLord] Processing custom AI lord: Snake
[Info   :FixesAIEvents] [T1-16:10:00.754] [FixesAIEvents] [OnProcessCustomLord] Processing custom AI lord: Snake
[Info   :FixesAIEvents] [T1-16:10:00.755] [FixesAIEvents] [OnProcessCustomLord] Processing custom AI lord: Snake
[Info   :FixesAIEvents] [T1-16:10:00.755] [FixesAIEvents] [OnProcessCustomLord] Processing custom AI lord: Snake
[Info   :FixesAIEvents] [T1-16:10:00.755] [FixesAIEvents] [OnProcessCustomLord] Processing custom AI lord: Sultan
[Info   :FixesAIEvents] [T1-16:10:00.756] [FixesAIEvents] [OnProcessCustomLord] Processing custom AI lord: Sultan
[Info   :FixesAIEvents] [T1-16:10:00.757] [FixesAIEvents] [OnProcessCustomLord] Processing custom AI lord: Sultan
[Info   :FixesAIEvents] [T1-16:10:00.757] [FixesAIEvents] [OnProcessCustomLord] Processing custom AI lord: Sultan
[Info   :FixesAIEvents] [T1-16:10:00.758] [FixesAIEvents] [OnProcessCustomLord] Processing custom AI lord: Sultan
[Info   :  SHCDE-SE] [T1-16:10:00.759] [AIVLoader_Hooks] [AIVLoader_GetAIVData_Hook] Intercepting load of lord: [SK_SURGEON], index=3 - overriden
[Info   :FixesAIEvents] [T1-16:10:00.760] [FixesAIEvents] [OnProcessCustomLord] Processing custom AI lord: Trader
[Info   :FixesAIEvents] [T1-16:10:00.760] [FixesAIEvents] [OnProcessCustomLord] Processing custom AI lord: Trader
[Info   :FixesAIEvents] [T1-16:10:00.762] [FixesAIEvents] [OnProcessCustomLord] Processing custom AI lord: Trader
[Info   :FixesAIEvents] [T1-16:10:00.763] [FixesAIEvents] [OnProcessCustomLord] Processing custom AI lord: Trader
[Info   :FixesAIEvents] [T1-16:10:00.763] [FixesAIEvents] [OnProcessCustomLord] Processing custom AI lord: Trader
[Info   :FixesAIEvents] [T1-16:10:00.764] [FixesAIEvents] [OnProcessCustomLord] Processing custom AI lord: Wazir
[Info   :FixesAIEvents] [T1-16:10:00.765] [FixesAIEvents] [OnProcessCustomLord] Processing custom AI lord: Wazir
[Info   :FixesAIEvents] [T1-16:10:00.766] [FixesAIEvents] [OnProcessCustomLord] Processing custom AI lord: Wazir
[Info   :FixesAIEvents] [T1-16:10:00.766] [FixesAIEvents] [OnProcessCustomLord] Processing custom AI lord: Wazir
[Info   :FixesAIEvents] [T1-16:10:00.768] [FixesAIEvents] [OnProcessCustomLord] Processing custom AI lord: Wazir
[Info   :  SHCDE-SE] [T1-16:10:00.769] [AIVLoader_Hooks] [AIVLoader_GetAIVData_Hook] Intercepting load of lord: [SK_WOLF], index=1 - overriden
[Info   :  SHCDE-SE] [T1-16:10:00.771] [AIVLoader_Hooks] [AIVLoader_GetAIVData_Hook] Intercepting load of lord: [SK_WOLF], index=1 - overriden
[Info   :FixesAIEvents] [T1-16:10:00.772] [FixesAIEvents] [OnProcessCustomLord] Processing custom AI lord: Wolf
[Info   :FixesAIEvents] [T1-16:10:00.772] [FixesAIEvents] [OnProcessCustomLord] Processing custom AI lord: Wolf
[Info   :FixesAIEvents] [T1-16:10:00.773] [FixesAIEvents] [OnProcessCustomLord] Processing custom AI lord: Wolf
[Info   :FixesAIEvents] [T1-16:10:00.775] [FixesAIEvents] [OnProcessCustomLord] Processing custom AI lord: Wolf
[Info   :FixesAIEvents] [T1-16:10:00.776] [FixesAIEvents] [OnProcessCustomLord] Processing custom AI lord: Wolf
[Info   :FixesAIEvents] [T1-16:10:00.778] [FixesAIEvents] [OnProcessCustomLord] Processing custom AI lord: Wolf
[Info   :FixesAIEvents] [T1-16:10:00.780] [FixesAIEvents] [OnProcessCustomLord] Processing custom AI lord: testlord_serp
[Info   :FixesAIEvents] [T1-16:10:00.780] [FixesAIEvents] [OnProcessCustomLord] Processing custom AI lord: testlord_serp
[Info   :  SHCDE-SE] [T1-16:10:00.780] [CustomisationFileManager_Hooks] [CustomisationFileManager_ProcessExtendedLordFile_Hook] Processing Custom Lord: file=c:/users/serpens66/appdata/locallow/firefly studios/stronghold crusader definitive edition\customlords\testlord_serp\info.json, realFileName=C:/Users/Serpens66/AppData/LocalLow/Firefly Studios/Stronghold Crusader Definitive Edition\CustomLords\testlord_serp\info.json, customPath=C:/Users/Serpens66/AppData/LocalLow/Firefly Studios/Stronghold Crusader Definitive Edition\CustomLords\testlord_serp, displayName=testlord_serp, lordName=testlord_serp, workshop=False
[Info   :  SHCDE-SE] [T1-16:10:00.780] [GameAIManagerAPI] [ProcessCustomLord] Processing: [C:/Users/Serpens66/AppData/LocalLow/Firefly Studios/Stronghold Crusader Definitive Edition\CustomLords\testlord_serp]
[Info   :  SHCDE-SE] [T1-16:10:00.781] [GameAIManagerAPI] [ProcessCustomLord] Registering lord-based assets: [serpens66.testlord-serp.extended-package-test] - [testlord_serp Extended Package Test] by [Serpens66]
[Info   :  SHCDE-SE] [T1-16:10:00.781] [GameAssetManagerAPI] [RegisterModProvider] Indexed 79 files for [serpens66.testlord-serp.extended-package-test] in [Global] asset mode from [C:\Users\Serpens66\AppData\LocalLow\Firefly Studios\Stronghold Crusader Definitive Edition\CustomLords\testlord_serp] in 0 ms.
[Warning:  SHCDE-SE] [T1-16:10:00.781] [GameAssetModManager] [RegisterAssetModCore] Mod has no sprite logo at [Override/Assets/GUI/Sprites/serpens66.testlord-serp.extended-package-test.png] in [C:\Users\Serpens66\AppData\LocalLow\Firefly Studios\Stronghold Crusader Definitive Edition\CustomLords\testlord_serp] - This may be ignored.
[Info   :  SHCDE-SE] [T1-16:10:00.781] [GameTranslateAPI] [LoadModLocalizations] Loaded 0 localization files from C:\Users\Serpens66\AppData\LocalLow\Firefly Studios\Stronghold Crusader Definitive Edition\CustomLords\testlord_serp
[Info   :  SHCDE-SE] [T1-16:10:00.781] [GameAssetModManager] [RegisterAssetModCore] Mod [testlord_serp Extended Package Test] has no Lua scripts (Scripts/init.lua not found) - This is fine.
[Info   :  SHCDE-SE] [T1-16:10:00.790] [GameAIManagerAPI] [BuildLordEntry] Added custom lord: [testlord_serp]
[Info   :  SHCDE-SE] [T1-16:10:00.791] [GameAIManagerAPI] [BuildLordEntry] Assigned lord [testlord_serp] message type [IncomingMessage] via key [IncomingMessage]
[Info   :  SHCDE-SE] [T1-16:10:00.791] [GameAIManagerAPI] [BuildLordEntry] Assigned lord [testlord_serp] message type [Taunt1] via key [Taunt1]
[Info   :  SHCDE-SE] [T1-16:10:00.791] [GameAIManagerAPI] [BuildLordEntry] Assigned lord [testlord_serp] message type [Taunt2] via key [Taunt2]
[Info   :  SHCDE-SE] [T1-16:10:00.791] [GameAIManagerAPI] [BuildLordEntry] Assigned lord [testlord_serp] message type [Taunt3] via key [Taunt3]
[Info   :  SHCDE-SE] [T1-16:10:00.791] [GameAIManagerAPI] [BuildLordEntry] Assigned lord [testlord_serp] message type [Taunt4] via key [Taunt4]
[Info   :  SHCDE-SE] [T1-16:10:00.791] [GameAIManagerAPI] [BuildLordEntry] Assigned lord [testlord_serp] message type [AngrySiegeLost] via key [AngrySiegeLost]
[Info   :  SHCDE-SE] [T1-16:10:00.791] [GameAIManagerAPI] [BuildLordEntry] Assigned lord [testlord_serp] message type [AngryCastleDamaged] via key [AngryCastleDamaged]
[Info   :  SHCDE-SE] [T1-16:10:00.791] [GameAIManagerAPI] [BuildLordEntry] Assigned lord [testlord_serp] message type [Defeat] via key [Defeat]
[Info   :  SHCDE-SE] [T1-16:10:00.791] [GameAIManagerAPI] [BuildLordEntry] Assigned lord [testlord_serp] message type [NervPreSiege] via key [NervPreSiege]
[Info   :  SHCDE-SE] [T1-16:10:00.791] [GameAIManagerAPI] [BuildLordEntry] Assigned lord [testlord_serp] message type [NervWeak] via key [NervWeak]
[Info   :  SHCDE-SE] [T1-16:10:00.791] [GameAIManagerAPI] [BuildLordEntry] Assigned lord [testlord_serp] message type [VictoryGood] via key [VictoryGood]
[Info   :  SHCDE-SE] [T1-16:10:00.791] [GameAIManagerAPI] [BuildLordEntry] Assigned lord [testlord_serp] message type [KillPlayer] via key [KillPlayer]
[Info   :  SHCDE-SE] [T1-16:10:00.791] [GameAIManagerAPI] [BuildLordEntry] Assigned lord [testlord_serp] message type [RequestGoods] via key [RequestGoods]
[Info   :  SHCDE-SE] [T1-16:10:00.791] [GameAIManagerAPI] [BuildLordEntry] Assigned lord [testlord_serp] message type [ThankGoods] via key [ThankGoods]
[Info   :  SHCDE-SE] [T1-16:10:00.791] [GameAIManagerAPI] [BuildLordEntry] Assigned lord [testlord_serp] message type [DieAlly] via key [DieAlly]
[Info   :  SHCDE-SE] [T1-16:10:00.791] [GameAIManagerAPI] [BuildLordEntry] Assigned lord [testlord_serp] message type [CongratsOnKill] via key [CongratsOnKill]
[Info   :  SHCDE-SE] [T1-16:10:00.791] [GameAIManagerAPI] [BuildLordEntry] Assigned lord [testlord_serp] message type [BoastOfKill] via key [BoastOfKill]
[Info   :  SHCDE-SE] [T1-16:10:00.791] [GameAIManagerAPI] [BuildLordEntry] Assigned lord [testlord_serp] message type [AllyNeedHelp] via key [AllyNeedHelp]
[Info   :  SHCDE-SE] [T1-16:10:00.791] [GameAIManagerAPI] [BuildLordEntry] Assigned lord [testlord_serp] message type [CantAttack] via key [CantAttack]
[Info   :  SHCDE-SE] [T1-16:10:00.791] [GameAIManagerAPI] [BuildLordEntry] Assigned lord [testlord_serp] message type [WontAttack] via key [WontAttack]
[Info   :  SHCDE-SE] [T1-16:10:00.791] [GameAIManagerAPI] [BuildLordEntry] Assigned lord [testlord_serp] message type [CantHelp] via key [CantHelp]
[Info   :  SHCDE-SE] [T1-16:10:00.791] [GameAIManagerAPI] [BuildLordEntry] Assigned lord [testlord_serp] message type [WontHelp] via key [WontHelp]
[Info   :  SHCDE-SE] [T1-16:10:00.791] [GameAIManagerAPI] [BuildLordEntry] Assigned lord [testlord_serp] message type [NotSendingGoods] via key [NotSendingGoods]
[Info   :  SHCDE-SE] [T1-16:10:00.791] [GameAIManagerAPI] [BuildLordEntry] Assigned lord [testlord_serp] message type [SentGoods] via key [SentGoods]
[Info   :  SHCDE-SE] [T1-16:10:00.791] [GameAIManagerAPI] [BuildLordEntry] Assigned lord [testlord_serp] message type [TeamWinning] via key [TeamWinning]
[Info   :  SHCDE-SE] [T1-16:10:00.791] [GameAIManagerAPI] [BuildLordEntry] Assigned lord [testlord_serp] message type [TeamLosing] via key [TeamLosing]
[Info   :  SHCDE-SE] [T1-16:10:00.791] [GameAIManagerAPI] [BuildLordEntry] Assigned lord [testlord_serp] message type [WillSendTroops] via key [WillSendTroops]
[Info   :FixesAIEvents] [T1-16:10:00.791] [FixesAIEvents] [OnProcessCustomLord] Processing custom AI lord: testlord_serp
[Info   :  SHCDE-SE] [T1-16:10:00.791] [GameAIManagerAPI] [BuildLordEntry] Assigned lord [testlord_serp] message type [WillAttackEnemy] via key [WillAttackEnemy]
[Info   :FixesAIEvents] [T1-16:10:00.791] [FixesAIEvents] [OnProcessCustomLord] Processing custom AI lord: testlord_serp
[Info   :FixesAIEvents] [T1-16:10:00.791] [FixesAIEvents] [OnProcessCustomLord] Processing custom AI lord: testlord_serp
[Info   :FixesAIEvents] [T1-16:10:00.791] [FixesAIEvents] [OnProcessCustomLord] Processing custom AI lord: testlord_serp
[Info   :FixesAIEvents] [T1-16:10:00.792] [FixesAIEvents] [OnProcessCustomLord] Processing custom AI lord: testlord_serp
[Info   :FixesAIEvents] [T1-16:10:00.792] [FixesAIEvents] [OnProcessCustomLord] Processing custom AI lord: testlord_serp
[Info   :FixesAIEvents] [T1-16:10:00.793] [FixesAIEvents] [OnProcessCustomLord] Processing custom AI lord: testlord_serp_fixesprobe
[Info   :FixesAIEvents] [T1-16:10:00.793] [FixesAIEvents] [OnProcessCustomLord] Processing custom AI lord: testlord_serp_fixesprobe
[Info   :  SHCDE-SE] [T1-16:10:00.793] [CustomisationFileManager_Hooks] [CustomisationFileManager_ProcessExtendedLordFile_Hook] Processing Custom Lord: file=c:/users/serpens66/appdata/locallow/firefly studios/stronghold crusader definitive edition\customlords\testlord_serp_fixesprobe\info.json, realFileName=C:/Users/Serpens66/AppData/LocalLow/Firefly Studios/Stronghold Crusader Definitive Edition\CustomLords\testlord_serp_fixesprobe\info.json, customPath=C:/Users/Serpens66/AppData/LocalLow/Firefly Studios/Stronghold Crusader Definitive Edition\CustomLords\testlord_serp_fixesprobe, displayName=testlord_serp_fixesprobe, lordName=testlord_serp_fixesprobe, workshop=False
[Info   :  SHCDE-SE] [T1-16:10:00.793] [GameAIManagerAPI] [ProcessCustomLord] Processing: [C:/Users/Serpens66/AppData/LocalLow/Firefly Studios/Stronghold Crusader Definitive Edition\CustomLords\testlord_serp_fixesprobe]
[Info   :  SHCDE-SE] [T1-16:10:00.793] [GameAIManagerAPI] [ProcessCustomLord] Registering lord-based assets: [serpens66.testlord-serp-fixesprobe] - [Fixes Override Probe Lord] by [Serpens66]
[Info   :  SHCDE-SE] [T1-16:10:00.794] [GameAssetManagerAPI] [RegisterModProvider] Indexed 78 files for [serpens66.testlord-serp-fixesprobe] in [Global] asset mode from [C:\Users\Serpens66\AppData\LocalLow\Firefly Studios\Stronghold Crusader Definitive Edition\CustomLords\testlord_serp_fixesprobe] in 0 ms.
[Warning:  SHCDE-SE] [T1-16:10:00.794] [GameAssetModManager] [RegisterAssetModCore] Mod has no sprite logo at [Override/Assets/GUI/Sprites/serpens66.testlord-serp-fixesprobe.png] in [C:\Users\Serpens66\AppData\LocalLow\Firefly Studios\Stronghold Crusader Definitive Edition\CustomLords\testlord_serp_fixesprobe] - This may be ignored.
[Info   :  SHCDE-SE] [T1-16:10:00.794] [GameTranslateAPI] [LoadModLocalizations] Loaded 0 localization files from C:\Users\Serpens66\AppData\LocalLow\Firefly Studios\Stronghold Crusader Definitive Edition\CustomLords\testlord_serp_fixesprobe
[Info   :  SHCDE-SE] [T1-16:10:00.794] [GameAssetModManager] [RegisterAssetModCore] Mod [Fixes Override Probe Lord] has no Lua scripts (Scripts/init.lua not found) - This is fine.
[Info   :  SHCDE-SE] [T1-16:10:00.795] [GameAIManagerAPI] [BuildLordEntry] Added custom lord: [testlord_serp_fixesprobe]
[Info   :  SHCDE-SE] [T1-16:10:00.795] [GameAIManagerAPI] [BuildLordEntry] Assigned lord [testlord_serp_fixesprobe] message type [IncomingMessage] via key [IncomingMessage]
[Info   :  SHCDE-SE] [T1-16:10:00.795] [GameAIManagerAPI] [BuildLordEntry] Assigned lord [testlord_serp_fixesprobe] message type [Taunt1] via key [Taunt1]
[Info   :  SHCDE-SE] [T1-16:10:00.795] [GameAIManagerAPI] [BuildLordEntry] Assigned lord [testlord_serp_fixesprobe] message type [Taunt2] via key [Taunt2]
[Info   :  SHCDE-SE] [T1-16:10:00.795] [GameAIManagerAPI] [BuildLordEntry] Assigned lord [testlord_serp_fixesprobe] message type [Taunt3] via key [Taunt3]
[Info   :  SHCDE-SE] [T1-16:10:00.795] [GameAIManagerAPI] [BuildLordEntry] Assigned lord [testlord_serp_fixesprobe] message type [Taunt4] via key [Taunt4]
[Info   :  SHCDE-SE] [T1-16:10:00.795] [GameAIManagerAPI] [BuildLordEntry] Assigned lord [testlord_serp_fixesprobe] message type [AngrySiegeLost] via key [AngrySiegeLost]
[Info   :  SHCDE-SE] [T1-16:10:00.795] [GameAIManagerAPI] [BuildLordEntry] Assigned lord [testlord_serp_fixesprobe] message type [AngryCastleDamaged] via key [AngryCastleDamaged]
[Info   :  SHCDE-SE] [T1-16:10:00.795] [GameAIManagerAPI] [BuildLordEntry] Assigned lord [testlord_serp_fixesprobe] message type [Defeat] via key [Defeat]
[Info   :  SHCDE-SE] [T1-16:10:00.795] [GameAIManagerAPI] [BuildLordEntry] Assigned lord [testlord_serp_fixesprobe] message type [NervPreSiege] via key [NervPreSiege]
[Info   :  SHCDE-SE] [T1-16:10:00.795] [GameAIManagerAPI] [BuildLordEntry] Assigned lord [testlord_serp_fixesprobe] message type [NervWeak] via key [NervWeak]
[Info   :  SHCDE-SE] [T1-16:10:00.795] [GameAIManagerAPI] [BuildLordEntry] Assigned lord [testlord_serp_fixesprobe] message type [VictoryGood] via key [VictoryGood]
[Info   :  SHCDE-SE] [T1-16:10:00.795] [GameAIManagerAPI] [BuildLordEntry] Assigned lord [testlord_serp_fixesprobe] message type [KillPlayer] via key [KillPlayer]
[Info   :  SHCDE-SE] [T1-16:10:00.795] [GameAIManagerAPI] [BuildLordEntry] Assigned lord [testlord_serp_fixesprobe] message type [RequestGoods] via key [RequestGoods]
[Info   :  SHCDE-SE] [T1-16:10:00.795] [GameAIManagerAPI] [BuildLordEntry] Assigned lord [testlord_serp_fixesprobe] message type [ThankGoods] via key [ThankGoods]
[Info   :  SHCDE-SE] [T1-16:10:00.795] [GameAIManagerAPI] [BuildLordEntry] Assigned lord [testlord_serp_fixesprobe] message type [DieAlly] via key [DieAlly]
[Info   :  SHCDE-SE] [T1-16:10:00.795] [GameAIManagerAPI] [BuildLordEntry] Assigned lord [testlord_serp_fixesprobe] message type [CongratsOnKill] via key [CongratsOnKill]
[Info   :  SHCDE-SE] [T1-16:10:00.795] [GameAIManagerAPI] [BuildLordEntry] Assigned lord [testlord_serp_fixesprobe] message type [BoastOfKill] via key [BoastOfKill]
[Info   :  SHCDE-SE] [T1-16:10:00.795] [GameAIManagerAPI] [BuildLordEntry] Assigned lord [testlord_serp_fixesprobe] message type [AllyNeedHelp] via key [AllyNeedHelp]
[Info   :  SHCDE-SE] [T1-16:10:00.795] [GameAIManagerAPI] [BuildLordEntry] Assigned lord [testlord_serp_fixesprobe] message type [CantAttack] via key [CantAttack]
[Info   :  SHCDE-SE] [T1-16:10:00.795] [GameAIManagerAPI] [BuildLordEntry] Assigned lord [testlord_serp_fixesprobe] message type [WontAttack] via key [WontAttack]
[Info   :  SHCDE-SE] [T1-16:10:00.795] [GameAIManagerAPI] [BuildLordEntry] Assigned lord [testlord_serp_fixesprobe] message type [CantHelp] via key [CantHelp]
[Info   :FixesAIEvents] [T1-16:10:00.795] [FixesAIEvents] [OnProcessCustomLord] Processing custom AI lord: testlord_serp_fixesprobe
[Info   :  SHCDE-SE] [T1-16:10:00.795] [GameAIManagerAPI] [BuildLordEntry] Assigned lord [testlord_serp_fixesprobe] message type [WontHelp] via key [WontHelp]
[Info   :  SHCDE-SE] [T1-16:10:00.795] [GameAIManagerAPI] [BuildLordEntry] Assigned lord [testlord_serp_fixesprobe] message type [NotSendingGoods] via key [NotSendingGoods]
[Info   :  SHCDE-SE] [T1-16:10:00.795] [GameAIManagerAPI] [BuildLordEntry] Assigned lord [testlord_serp_fixesprobe] message type [SentGoods] via key [SentGoods]
[Info   :  SHCDE-SE] [T1-16:10:00.795] [GameAIManagerAPI] [BuildLordEntry] Assigned lord [testlord_serp_fixesprobe] message type [TeamWinning] via key [TeamWinning]
[Info   :  SHCDE-SE] [T1-16:10:00.795] [GameAIManagerAPI] [BuildLordEntry] Assigned lord [testlord_serp_fixesprobe] message type [TeamLosing] via key [TeamLosing]
[Info   :  SHCDE-SE] [T1-16:10:00.795] [GameAIManagerAPI] [BuildLordEntry] Assigned lord [testlord_serp_fixesprobe] message type [WillSendTroops] via key [WillSendTroops]
[Info   :  SHCDE-SE] [T1-16:10:00.795] [GameAIManagerAPI] [BuildLordEntry] Assigned lord [testlord_serp_fixesprobe] message type [WillAttackEnemy] via key [WillAttackEnemy]
[Info   :FixesAIEvents] [T1-16:10:00.809] [FixesAIEvents] [OnProcessCustomLord] Processing custom AI lord: testlord_serp_fixesprobe
[Info   :FixesAIEvents] [T1-16:10:00.809] [FixesAIEvents] [OnProcessCustomLord] Processing custom AI lord: testlord_serp_fixesprobe
[Info   :FixesAIEvents] [T1-16:10:00.810] [FixesAIEvents] [OnProcessCustomLord] Processing custom AI lord: testlord_serp_fixesprobe
[Info   :FixesAIEvents] [T1-16:10:00.810] [FixesAIEvents] [OnProcessCustomLord] Processing custom AI lord: testlord_serp_fixesprobe
[Info   :FixesAIEvents] [T1-16:10:00.811] [FixesAIEvents] [OnProcessCustomLord] Processing custom AI lord: 3659458903\Nox
[Info   :FixesAIEvents] [T1-16:10:01.148] [FixesAIEvents] [OnProcessCustomLord] Processing custom AI lord: 3659458903\Nox
[Info   :FixesAIEvents] [T1-16:10:01.149] [FixesAIEvents] [OnProcessCustomLord] Processing custom AI lord: 3659458903\Nox
[Info   :FixesAIEvents] [T1-16:10:01.151] [FixesAIEvents] [OnProcessCustomLord] Processing custom AI lord: 3659458903\Nox
[Info   :FixesAIEvents] [T1-16:10:01.152] [FixesAIEvents] [OnProcessCustomLord] Processing custom AI lord: 3659458903\Nox
[Info   :FixesAIEvents] [T1-16:10:01.153] [FixesAIEvents] [OnProcessCustomLord] Processing custom AI lord: 3659458903\Nox
[Info   :FixesAIEvents] [T1-16:10:01.153] [FixesAIEvents] [OnProcessCustomLord] Processing custom AI lord: 3659458903\Nox
[Info   :FixesAIEvents] [T1-16:10:01.153] [FixesAIEvents] [OnProcessCustomLord] Processing custom AI lord: 3769305376\Krosis' Classic Trail
[Info   :FixesAIEvents] [T1-16:10:01.153] [FixesAIEvents] [OnProcessCustomLord] Processing custom AI lord: 3769305376\Krosis' Classic Trail
[Info   :FixesAIEvents] [T1-16:10:01.153] [FixesAIEvents] [OnProcessCustomLord] Processing custom AI lord: 3769305376\Krosis' Classic Trail
[Info   :FixesAIEvents] [T1-16:10:01.153] [FixesAIEvents] [OnProcessCustomLord] Processing custom AI lord: 3769305376\Krosis' Classic Trail
[Info   :FixesAIEvents] [T1-16:10:01.153] [FixesAIEvents] [OnProcessCustomLord] Processing custom AI lord: 3769305376\Krosis' Classic Trail
[Info   :FixesAIEvents] [T1-16:10:01.153] [FixesAIEvents] [OnProcessCustomLord] Processing custom AI lord: 3769305376\Krosis' Classic Trail
[Info   :FixesAIEvents] [T1-16:10:01.153] [FixesAIEvents] [OnProcessCustomLord] Processing custom AI lord: 3769305376\Krosis' Classic Trail
[Info   :FixesAIEvents] [T1-16:10:01.153] [FixesAIEvents] [OnProcessCustomLord] Processing custom AI lord: 3769305376\Krosis' Classic Trail
[Info   :FixesAIEvents] [T1-16:10:01.153] [FixesAIEvents] [OnProcessCustomLord] Processing custom AI lord: 3769305376\Krosis' Classic Trail
[Info   :FixesAIEvents] [T1-16:10:01.153] [FixesAIEvents] [OnProcessCustomLord] Processing custom AI lord: 3769305376\Krosis' Classic Trail
[Info   :FixesAIEvents] [T1-16:10:01.153] [FixesAIEvents] [OnProcessCustomLord] Processing custom AI lord: 3769305376\Krosis' Classic Trail
[Info   :FixesAIEvents] [T1-16:10:01.153] [FixesAIEvents] [OnProcessCustomLord] Processing custom AI lord: 3769305376\Krosis' Classic Trail
[Info   :FixesAIEvents] [T1-16:10:01.153] [FixesAIEvents] [OnProcessCustomLord] Processing custom AI lord: 3769305376\Krosis' Classic Trail
[Info   :FixesAIEvents] [T1-16:10:01.153] [FixesAIEvents] [OnProcessCustomLord] Processing custom AI lord: 3769305376\Krosis' Classic Trail
[Info   :FixesAIEvents] [T1-16:10:01.153] [FixesAIEvents] [OnProcessCustomLord] Processing custom AI lord: 3769305376\Krosis' Classic Trail
[Info   :FixesAIEvents] [T1-16:10:01.153] [FixesAIEvents] [OnProcessCustomLord] Processing custom AI lord: 3769305376\Krosis' Classic Trail
[Info   :FixesAIEvents] [T1-16:10:01.153] [FixesAIEvents] [OnProcessCustomLord] Processing custom AI lord: 3769305376\Krosis' Classic Trail
[Info   :FixesAIEvents] [T1-16:10:01.153] [FixesAIEvents] [OnProcessCustomLord] Processing custom AI lord: 3769305376\Krosis' Classic Trail
[Info   :FixesAIEvents] [T1-16:10:01.153] [FixesAIEvents] [OnProcessCustomLord] Processing custom AI lord: 3769305376\Krosis' Classic Trail
[Info   :FixesAIEvents] [T1-16:10:01.153] [FixesAIEvents] [OnProcessCustomLord] Processing custom AI lord: 3769305376\Krosis' Classic Trail
[Info   :FixesAIEvents] [T1-16:10:01.153] [FixesAIEvents] [OnProcessCustomLord] Processing custom AI lord: 3769305376\Krosis' Classic Trail
[Info   :FixesAIEvents] [T1-16:10:01.153] [FixesAIEvents] [OnProcessCustomLord] Processing custom AI lord: 3769305376\Krosis' Classic Trail
[Info   :FixesAIEvents] [T1-16:10:01.153] [FixesAIEvents] [OnProcessCustomLord] Processing custom AI lord: 3769305376\Krosis' Classic Trail
[Info   :FixesAIEvents] [T1-16:10:01.153] [FixesAIEvents] [OnProcessCustomLord] Processing custom AI lord: 3769305376\Krosis' Classic Trail
[Info   :FixesAIEvents] [T1-16:10:01.153] [FixesAIEvents] [OnProcessCustomLord] Processing custom AI lord: 3769305376\Krosis' Classic Trail
[Info   :FixesAIEvents] [T1-16:10:01.153] [FixesAIEvents] [OnProcessCustomLord] Processing custom AI lord: 3769305376\Krosis' Classic Trail
[Info   :FixesAIEvents] [T1-16:10:01.153] [FixesAIEvents] [OnProcessCustomLord] Processing custom AI lord: 3769305376\Krosis' Classic Trail
[Info   :FixesAIEvents] [T1-16:10:01.153] [FixesAIEvents] [OnProcessCustomLord] Processing custom AI lord: 3769305376\Krosis' Classic Trail
[Info   :FixesAIEvents] [T1-16:10:01.153] [FixesAIEvents] [OnProcessCustomLord] Processing custom AI lord: 3769305376\Krosis' Classic Trail
[Info   :FixesAIEvents] [T1-16:10:01.153] [FixesAIEvents] [OnProcessCustomLord] Processing custom AI lord: 3769305376\Krosis' Classic Trail
[Info   :FixesAIEvents] [T1-16:10:01.153] [FixesAIEvents] [OnProcessCustomLord] Processing custom AI lord: 3769305376\Krosis' Classic Trail
[Info   :FixesAIEvents] [T1-16:10:01.153] [FixesAIEvents] [OnProcessCustomLord] Processing custom AI lord: 3769305376\Krosis' Classic Trail
[Info   :FixesAIEvents] [T1-16:10:01.153] [FixesAIEvents] [OnProcessCustomLord] Processing custom AI lord: 3769305376\Krosis' Classic Trail
[Info   :FixesAIEvents] [T1-16:10:01.153] [FixesAIEvents] [OnProcessCustomLord] Processing custom AI lord: 3769305376\Krosis' Classic Trail
[Info   :FixesAIEvents] [T1-16:10:01.153] [FixesAIEvents] [OnProcessCustomLord] Processing custom AI lord: 3769305376\Krosis' Classic Trail
[Info   :FixesAIEvents] [T1-16:10:01.153] [FixesAIEvents] [OnProcessCustomLord] Processing custom AI lord: 3769305376\Krosis' Classic Trail
[Info   :FixesAIEvents] [T1-16:10:01.153] [FixesAIEvents] [OnProcessCustomLord] Processing custom AI lord: 3769305376\Krosis' Classic Trail
[Info   :FixesAIEvents] [T1-16:10:01.153] [FixesAIEvents] [OnProcessCustomLord] Processing custom AI lord: 3769305376\Krosis' Classic Trail
[Info   :FixesAIEvents] [T1-16:10:01.153] [FixesAIEvents] [OnProcessCustomLord] Processing custom AI lord: 3769305376\Krosis' Classic Trail
[Info   :FixesAIEvents] [T1-16:10:01.154] [FixesAIEvents] [OnProcessCustomLord] Processing custom AI lord: 3769305376\Krosis' Classic Trail
[Info   :FixesAIEvents] [T1-16:10:01.154] [FixesAIEvents] [OnProcessCustomLord] Processing custom AI lord: 3693412090\Plague Doctor
[Info   :FixesAIEvents] [T1-16:10:01.154] [FixesAIEvents] [OnProcessCustomLord] Processing custom AI lord: 3693412090\Plague Doctor
[Info   :FixesAIEvents] [T1-16:10:01.156] [FixesAIEvents] [OnProcessCustomLord] Processing custom AI lord: 3693412090\Plague Doctor
[Info   :FixesAIEvents] [T1-16:10:01.158] [FixesAIEvents] [OnProcessCustomLord] Processing custom AI lord: 3693412090\Plague Doctor
[Info   :FixesAIEvents] [T1-16:10:01.159] [FixesAIEvents] [OnProcessCustomLord] Processing custom AI lord: 3693412090\Plague Doctor
[Info   :FixesAIEvents] [T1-16:10:01.162] [FixesAIEvents] [OnProcessCustomLord] Processing custom AI lord: 3693412090\Plague Doctor
[Info   :FixesAIEvents] [T1-16:10:01.163] [FixesAIEvents] [OnProcessCustomLord] Processing custom AI lord: 3693412090\Plague Doctor
[Info   :FixesAIEvents] [T1-16:10:01.165] [FixesAIEvents] [OnProcessCustomLord] Processing custom AI lord: 3693412090\Plague Doctor
[Info   :FixesAIEvents] [T1-16:10:01.166] [FixesAIEvents] [OnProcessCustomLord] Processing custom AI lord: 3693412090\Plague Doctor
[Info   :FixesAIEvents] [T1-16:10:01.167] [FixesAIEvents] [OnProcessCustomLord] Processing custom AI lord: 3693412090\Plague Doctor
[Info   :FixesAIEvents] [T1-16:10:01.170] [FixesAIEvents] [OnProcessCustomLord] Processing custom AI lord: 3693412090\Plague Doctor
[Info   :FixesAIEvents] [T1-16:10:01.426] [FixesAIEvents] [OnProcessCustomLord] Processing custom AI lord: 3693412090\Plague Doctor
[Info   :  SHCDE-SE] [T1-16:10:04.977] [GameSpriteManagerAPI] [ApplyRuntimeOverrides] Starting Sprite Override Injection...
[Info   :  SHCDE-SE] [T1-16:10:05.042] [GameSpriteManagerAPI] [ApplyRuntimeOverrides] Replaced 0 sprites (Plain=0, TeamColour=0, Foliage=0) in 64 ms.
[Info   :  SHCDE-SE] [T1-16:10:15.236] [NoesisTextureProvider_Hooks] [NoesisTextureProvider_GetTextureInfo] Registering Mod Texture: Assets/GUI/Sprites/000shcdese
[Info   :  SHCDE-SE] [T1-16:10:15.236] [NoesisTextureProvider_Hooks] [NoesisTextureProvider_GetTextureInfo] Registering Mod Texture: Assets/GUI/Sprites/SerpsMods_Serp
[Info   :  SHCDE-SE] [T1-16:10:15.238] [NoesisTextureProvider_Hooks] [NoesisTextureProvider_GetTextureInfo] Registering Mod Texture: Assets/GUI/Sprites/fixes
[Info   :  SHCDE-SE] [T1-16:10:18.660] [BulkMapLoaderDetours] [c_game_unload_map_hook_impl] pTileManager=00007FFAAB78EDB0, preventNotification=False
[Info   :  SHCDE-SE] [T1-16:10:18.660] [GameMapArchiveManagerAPI] [OnUnloadMap] Unloading archive
[Info   :  SHCDE-SE] [T1-16:10:18.661] [GameMapArchiveManagerAPI] [RemoveActiveArchive] Attempting to remove active archive
[Info   :  SHCDE-SE] [T1-16:10:18.661] [LuaManager] [OnUnloadMap] Attempting to unload lua state due to event, phase: Pre
[Info   :  SHCDE-SE] [T1-16:10:18.661] [LuaManager] [TryUnload] Attempting to unload lua state
[Warning:  SHCDE-SE] [T1-16:10:18.661] [LuaManager] [TryUnload] Lua state already unloaded!
[Info   :  SHCDE-SE] [T1-16:10:18.663] [DeterministicRandom] [OnUnloadMap] uninitializing shared state.
[Info   :  SHCDE-SE] [T1-16:10:18.663] [GamePlayerManagerAPI] [OnUnloadMap] Unloading
[Info   :  SHCDE-SE] [T1-16:10:18.663] [GameUnitManagerAPI] [OnUnloadMap] Unloading
[Info   :  SHCDE-SE] [T1-16:10:18.663] [GameBuildingManagerAPI] [OnUnloadMap] Unloading
[Info   :  SHCDE-SE] [T1-16:10:18.666] [GameMetadataManagerAPI] [OnUnloadMap] Unloading metadata
[Info   :  SHCDE-SE] [T1-16:10:18.666] [GameSoundManagerAPI] [Unload] Unloading sounds
[Info   :  SHCDE-SE] [T1-16:10:18.666] [GameSoundManagerAPI] [Unload] Unloading sounds complete
[Info   :  SHCDE-SE] [T1-16:10:18.666] [GameTriggerManager] [OnUnloadMap] Unloading
[Info   :  SHCDE-SE] [T1-16:10:18.667] [GameTimeManagerAPI] [OnUnloadMap] Unloading
[Info   :  SHCDE-SE] [T1-16:10:18.667] [GameAfterImageManager] [OnUnloadMap] Unloading active effects
[Info   :  SHCDE-SE] [T1-16:10:18.668] [GameBundleManager] [OnUnloadMap] Unloading
[Info   :  SHCDE-SE] [T1-16:10:18.686] [GameMapArchiveManagerAPI] [OnUnloadMap] Unloading archive
[Info   :  SHCDE-SE] [T1-16:10:18.686] [GameMapArchiveManagerAPI] [RemoveActiveArchive] Attempting to remove active archive
[Info   :  SHCDE-SE] [T1-16:10:18.686] [DeterministicRandom] [OnUnloadMap] uninitializing shared state.
[Info   :  SHCDE-SE] [T1-16:10:18.686] [GamePlayerManagerAPI] [OnUnloadMap] Unloading
[Info   :  SHCDE-SE] [T1-16:10:18.686] [GameUnitManagerAPI] [OnUnloadMap] Unloading
[Info   :  SHCDE-SE] [T1-16:10:18.686] [GameBuildingManagerAPI] [OnUnloadMap] Unloading
[Info   :  SHCDE-SE] [T1-16:10:18.686] [GameMetadataManagerAPI] [OnUnloadMap] Unloading metadata
[Info   :  SHCDE-SE] [T1-16:10:18.686] [GameSoundManagerAPI] [Unload] Unloading sounds
[Info   :  SHCDE-SE] [T1-16:10:18.686] [GameSoundManagerAPI] [Unload] Unloading sounds complete
[Info   :  SHCDE-SE] [T1-16:10:18.686] [GameTriggerManager] [OnUnloadMap] Unloading
[Info   :  SHCDE-SE] [T1-16:10:18.686] [GameTimeManagerAPI] [OnUnloadMap] Unloading
[Info   :  SHCDE-SE] [T1-16:10:18.686] [GameAfterImageManager] [OnUnloadMap] Unloading active effects
[Info   :  SHCDE-SE] [T1-16:10:18.686] [GameBundleManager] [OnUnloadMap] Unloading
[Info   :  SHCDE-SE] [T1-16:10:18.691] [BulkMapLoaderDetours] [c_game_unload_map_hook_impl] pTileManager=00007FFAAB78EDB0, preventNotification=False
[Info   :  SHCDE-SE] [T1-16:10:18.691] [GameMapArchiveManagerAPI] [OnUnloadMap] Unloading archive
[Info   :  SHCDE-SE] [T1-16:10:18.691] [GameMapArchiveManagerAPI] [RemoveActiveArchive] Attempting to remove active archive
[Info   :  SHCDE-SE] [T1-16:10:18.691] [LuaManager] [OnUnloadMap] Attempting to unload lua state due to event, phase: Pre
[Info   :  SHCDE-SE] [T1-16:10:18.691] [LuaManager] [TryUnload] Attempting to unload lua state
[Warning:  SHCDE-SE] [T1-16:10:18.691] [LuaManager] [TryUnload] Lua state already unloaded!
[Info   :  SHCDE-SE] [T1-16:10:18.691] [DeterministicRandom] [OnUnloadMap] uninitializing shared state.
[Info   :  SHCDE-SE] [T1-16:10:18.691] [GamePlayerManagerAPI] [OnUnloadMap] Unloading
[Info   :  SHCDE-SE] [T1-16:10:18.691] [GameUnitManagerAPI] [OnUnloadMap] Unloading
[Info   :  SHCDE-SE] [T1-16:10:18.691] [GameBuildingManagerAPI] [OnUnloadMap] Unloading
[Info   :  SHCDE-SE] [T1-16:10:18.691] [GameMetadataManagerAPI] [OnUnloadMap] Unloading metadata
[Info   :  SHCDE-SE] [T1-16:10:18.691] [GameSoundManagerAPI] [Unload] Unloading sounds
[Info   :  SHCDE-SE] [T1-16:10:18.691] [GameSoundManagerAPI] [Unload] Unloading sounds complete
[Info   :  SHCDE-SE] [T1-16:10:18.691] [GameTriggerManager] [OnUnloadMap] Unloading
[Info   :  SHCDE-SE] [T1-16:10:18.691] [GameTimeManagerAPI] [OnUnloadMap] Unloading
[Info   :  SHCDE-SE] [T1-16:10:18.691] [GameAfterImageManager] [OnUnloadMap] Unloading active effects
[Info   :  SHCDE-SE] [T1-16:10:18.691] [GameBundleManager] [OnUnloadMap] Unloading
[Info   :  SHCDE-SE] [T1-16:10:18.707] [GameMapArchiveManagerAPI] [OnUnloadMap] Unloading archive
[Info   :  SHCDE-SE] [T1-16:10:18.707] [GameMapArchiveManagerAPI] [RemoveActiveArchive] Attempting to remove active archive
[Info   :  SHCDE-SE] [T1-16:10:18.707] [DeterministicRandom] [OnUnloadMap] uninitializing shared state.
[Info   :  SHCDE-SE] [T1-16:10:18.707] [GamePlayerManagerAPI] [OnUnloadMap] Unloading
[Info   :  SHCDE-SE] [T1-16:10:18.707] [GameUnitManagerAPI] [OnUnloadMap] Unloading
[Info   :  SHCDE-SE] [T1-16:10:18.707] [GameBuildingManagerAPI] [OnUnloadMap] Unloading
[Info   :  SHCDE-SE] [T1-16:10:18.707] [GameMetadataManagerAPI] [OnUnloadMap] Unloading metadata
[Info   :  SHCDE-SE] [T1-16:10:18.707] [GameSoundManagerAPI] [Unload] Unloading sounds
[Info   :  SHCDE-SE] [T1-16:10:18.707] [GameSoundManagerAPI] [Unload] Unloading sounds complete
[Info   :  SHCDE-SE] [T1-16:10:18.707] [GameTriggerManager] [OnUnloadMap] Unloading
[Info   :  SHCDE-SE] [T1-16:10:18.707] [GameTimeManagerAPI] [OnUnloadMap] Unloading
[Info   :  SHCDE-SE] [T1-16:10:18.707] [GameAfterImageManager] [OnUnloadMap] Unloading active effects
[Info   :  SHCDE-SE] [T1-16:10:18.707] [GameBundleManager] [OnUnloadMap] Unloading
[Info   :AIV Lobby Preset Test] Preset Prepare entered; config=E:\ProgrammeE\Steam\steamapps\common\Stronghold Crusader Definitive Edition\BepInEx\config\AivLobbyPresetTest.json, lobby=True
[Info   :AIV Lobby Preset Test] Test series run 1/2: CL-A-off, Completed Castles=0
[Info   :AIV Lobby Preset Test] Validated lobby preset: Crater Lake.map, players=8, mapSha256=C5D9906AA37ED96EC1CF9B3EB0C7F6FB5B3E1D8063167FE22337E69C153BB887
[Warning:  SHCDE-SE] [T1-16:10:18.789] [MapArchive] [.ctor] ZIP EOCD-Header not found for [E:\ProgrammeE\Steam\steamapps\common\Stronghold Crusader Definitive Edition\Stronghold Crusader Definitive Edition_Data\StreamingAssets\Maps\Crater Lake.map]. Not a valid archive.
[Warning:  SHCDE-SE] [T1-16:10:18.797] [MapArchive] [.ctor] ZIP EOCD-Header not found for [E:\ProgrammeE\Steam\steamapps\common\Stronghold Crusader Definitive Edition\Stronghold Crusader Definitive Edition_Data\StreamingAssets\Maps\Crater Lake.map]. Not a valid archive.
[Warning:  SHCDE-SE] [T1-16:10:18.802] [MapArchive] [.ctor] ZIP EOCD-Header not found for [E:\ProgrammeE\Steam\steamapps\common\Stronghold Crusader Definitive Edition\Stronghold Crusader Definitive Edition_Data\StreamingAssets\Maps\Crater Lake.map]. Not a valid archive.
[Info   :CastlePlanner] [2026-09-24 16:10:18.808] AIV lobby placement: active=True, host=True.
[Debug  :Bugfixes and QoL] [2026-09-24 16:10:18.822] Bugfixes and QoL market-goods visuals resolved: icons=20/20, localizedNames=20/20, gameSprites=747.
[Debug  :Extended Data] [2026-09-24 16:10:19.055] Initialized custom presentation for Coop Trail 1; phase=loaded.
[Debug  :Extended Data] [2026-09-24 16:10:19.055] Initialized custom presentation for Coop Trail 2; phase=loaded.
[Debug  :Extended Data] [2026-09-24 16:10:19.055] Initialized custom presentation for Coop Trail 3; phase=loaded.
[Debug  :Extended Data] [2026-09-24 16:10:19.055] Initialized custom presentation for Coop Trail 4; phase=loaded.
[Info   :AIV Lobby Preset Test] Lobby observed: skirmish=True, host=True, visible=True, panelActive=True, managedViewNull=False, noesisViewNull=False
[Info   :AIV Lobby Preset Test] Lobby bridge before Tick: assembly=E:\ProgrammeE\Steam\steamapps\common\Stronghold Crusader Definitive Edition\BepInEx\plugins\APIShared_Serp\APIShared.dll, owner=AivLobbyPresetTest_Serp, callback=AivLobbyPresetTest.AivLobbyPresetTestPlugin, sameLobby=True, prepared=False, active=True, applyAttempted=False
[Info   :AIV Lobby Preset Test] Preset Prepare entered; config=E:\ProgrammeE\Steam\steamapps\common\Stronghold Crusader Definitive Edition\BepInEx\config\AivLobbyPresetTest.json, lobby=True
[Info   :AIV Lobby Preset Test] Test series run 1/2: CL-A-off, Completed Castles=0
[Info   :AIV Lobby Preset Test] Validated lobby preset: Crater Lake.map, players=8, mapSha256=C5D9906AA37ED96EC1CF9B3EB0C7F6FB5B3E1D8063167FE22337E69C153BB887
[Info   :AIV Lobby Preset Test] Preset Apply entered; map=E:\ProgrammeE\Steam\steamapps\common\Stronghold Crusader Definitive Edition\Stronghold Crusader Definitive Edition_Data\StreamingAssets\Maps\Crater Lake.map, players=8
[Info   :AIV Lobby Preset Test] Preset player=1 lord=human keepSlot=0 keep=654,448
[Info   :AIV Lobby Preset Test] Preset player=2 lord=12 keepSlot=6 keep=241,274 AIV=Default 6 rotation=auto aivDataSha256=F1D404B8018A15FA56F7ED340D54FFC544CBC507589C2DD757D4E6C00CE64158
[Info   :AIV Lobby Preset Test] Preset player=3 lord=3 keepSlot=5 keep=254,580 AIV=Default 8 rotation=auto aivDataSha256=7EE4519EAFBC46C7C1954F2941BC6F1C72BCC8E26853476BA053A8D168BB7110
[Info   :AIV Lobby Preset Test] Preset player=4 lord=14 keepSlot=2 keep=525,274 AIV=Default 7 rotation=auto aivDataSha256=DE54F8D2382B33263BBF3F8E8C6E1C9D64DFFEE9AEFC4F49F622557084BD8D1D
[Info   :AIV Lobby Preset Test] Preset player=5 lord=11 keepSlot=1 keep=406,121 AIV=Default 1 rotation=auto aivDataSha256=70C520BEA3D658F2B7F591630D9B30B493D7C80D32883444792F3D0B8A911D84
[Info   :AIV Lobby Preset Test] Preset player=6 lord=15 keepSlot=4 keep=187,407 AIV=Default 2 rotation=auto aivDataSha256=5B6CA96B80D5F35EC83125E58E15E42D59B125B92DEAD469C321E1EC845B6A41
[Info   :AIV Lobby Preset Test] Preset player=7 lord=16 keepSlot=3 keep=379,353 AIV=Default 5 rotation=auto aivDataSha256=2A0550938D2DDD4797800159589F287D0CCA9F77C48027880CB1153C69DE6DD0
[Info   :AIV Lobby Preset Test] Preset player=8 lord=18 keepSlot=7 keep=423,667 AIV=Default 4 rotation=auto aivDataSha256=3CC85D84AF2DB6CA50BA83A183642E850B1B06933C395CD6AD9DE38CB58C9385
[Info   :AIV Lobby Preset Test] Test series preset applied: CL-A-off, Completed Castles=0.
[Info   :AIV Lobby Preset Test] Lobby bridge after Tick: assembly=E:\ProgrammeE\Steam\steamapps\common\Stronghold Crusader Definitive Edition\BepInEx\plugins\APIShared_Serp\APIShared.dll, owner=AivLobbyPresetTest_Serp, callback=AivLobbyPresetTest.AivLobbyPresetTestPlugin, sameLobby=True, prepared=True, active=True, applyAttempted=True
[Info   :CastlePlanner] [2026-09-24 16:10:19.664] AIV lobby placement result: generation=2, playerId=2, preBuild=0, status=Complete, evaluableCandidates=1/1, selectedCandidate=0, rotation=Degrees270, possibleCandidates=0, possibleRotations=Degrees270, reason=None: .
[Info   :CastlePlanner] [2026-09-24 16:10:19.664] AIV lobby placement result: generation=2, playerId=3, preBuild=0, status=Complete, evaluableCandidates=1/1, selectedCandidate=0, rotation=Degrees0, possibleCandidates=0, possibleRotations=Degrees0, reason=None: .
[Info   :CastlePlanner] [2026-09-24 16:10:19.664] AIV lobby placement result: generation=2, playerId=4, preBuild=0, status=Complete, evaluableCandidates=1/1, selectedCandidate=0, rotation=Degrees180, possibleCandidates=0, possibleRotations=Degrees180, reason=None: .
[Info   :CastlePlanner] [2026-09-24 16:10:19.665] AIV lobby placement result: generation=2, playerId=5, preBuild=0, status=Complete, evaluableCandidates=1/1, selectedCandidate=0, rotation=Degrees180, possibleCandidates=0, possibleRotations=Degrees180, reason=None: .
[Info   :CastlePlanner] [2026-09-24 16:10:19.665] AIV lobby placement result: generation=2, playerId=6, preBuild=0, status=Partial, evaluableCandidates=1/1, selectedCandidate=0, rotation=Degrees270, possibleCandidates=0, possibleRotations=Degrees270, reason=None: .
[Info   :CastlePlanner] [2026-09-24 16:10:19.665] AIV lobby placement result: generation=2, playerId=7, preBuild=0, status=Complete, evaluableCandidates=1/1, selectedCandidate=0, rotation=Degrees180, possibleCandidates=0, possibleRotations=Degrees180, reason=None: .
[Info   :CastlePlanner] [2026-09-24 16:10:19.665] AIV lobby placement result: generation=2, playerId=8, preBuild=0, status=NotEvaluable, evaluableCandidates=0/0, selectedCandidate=none, rotation=unknown, possibleCandidates=unproven, possibleRotations=unproven, reason=PriorAiSelectionUnknown: Earlier AI player 7 has no proven start state (None: the selected AIV has a shifted native start marker)..
[Info   :Active AIV Detector] [2026-09-24 16:10:20.682] Captured skirmish option before StartSkirmishGame: advopt_pre_build=0, mode=disabled.
[Info   :Active AIV Detector] [2026-09-24 16:10:20.683] Captured lord/AIV metadata for 7 AI lobby slots before StartSkirmishGame.
[Info   :  SHCDE-SE] [T1-16:10:20.722] [BulkMapLoaderDetours] [c_game_unload_map_hook_impl] pTileManager=00007FFAAB78EDB0, preventNotification=False
[Info   :  SHCDE-SE] [T1-16:10:20.722] [GameMapArchiveManagerAPI] [OnUnloadMap] Unloading archive
[Info   :  SHCDE-SE] [T1-16:10:20.722] [GameMapArchiveManagerAPI] [RemoveActiveArchive] Attempting to remove active archive
[Info   :  SHCDE-SE] [T1-16:10:20.722] [LuaManager] [OnUnloadMap] Attempting to unload lua state due to event, phase: Pre
[Info   :  SHCDE-SE] [T1-16:10:20.722] [LuaManager] [TryUnload] Attempting to unload lua state
[Warning:  SHCDE-SE] [T1-16:10:20.722] [LuaManager] [TryUnload] Lua state already unloaded!
[Info   :  SHCDE-SE] [T1-16:10:20.722] [DeterministicRandom] [OnUnloadMap] uninitializing shared state.
[Info   :  SHCDE-SE] [T1-16:10:20.722] [GamePlayerManagerAPI] [OnUnloadMap] Unloading
[Info   :  SHCDE-SE] [T1-16:10:20.722] [GameUnitManagerAPI] [OnUnloadMap] Unloading
[Info   :  SHCDE-SE] [T1-16:10:20.722] [GameBuildingManagerAPI] [OnUnloadMap] Unloading
[Info   :  SHCDE-SE] [T1-16:10:20.723] [GameMetadataManagerAPI] [OnUnloadMap] Unloading metadata
[Info   :  SHCDE-SE] [T1-16:10:20.723] [GameSoundManagerAPI] [Unload] Unloading sounds
[Info   :  SHCDE-SE] [T1-16:10:20.723] [GameSoundManagerAPI] [Unload] Unloading sounds complete
[Info   :  SHCDE-SE] [T1-16:10:20.723] [GameTriggerManager] [OnUnloadMap] Unloading
[Info   :  SHCDE-SE] [T1-16:10:20.723] [GameTimeManagerAPI] [OnUnloadMap] Unloading
[Info   :  SHCDE-SE] [T1-16:10:20.723] [GameAfterImageManager] [OnUnloadMap] Unloading active effects
[Info   :  SHCDE-SE] [T1-16:10:20.723] [GameBundleManager] [OnUnloadMap] Unloading
[Info   :  SHCDE-SE] [T1-16:10:20.741] [GameMapArchiveManagerAPI] [OnUnloadMap] Unloading archive
[Info   :  SHCDE-SE] [T1-16:10:20.741] [GameMapArchiveManagerAPI] [RemoveActiveArchive] Attempting to remove active archive
[Info   :  SHCDE-SE] [T1-16:10:20.741] [DeterministicRandom] [OnUnloadMap] uninitializing shared state.
[Info   :  SHCDE-SE] [T1-16:10:20.741] [GamePlayerManagerAPI] [OnUnloadMap] Unloading
[Info   :  SHCDE-SE] [T1-16:10:20.741] [GameUnitManagerAPI] [OnUnloadMap] Unloading
[Info   :  SHCDE-SE] [T1-16:10:20.741] [GameBuildingManagerAPI] [OnUnloadMap] Unloading
[Info   :  SHCDE-SE] [T1-16:10:20.741] [GameMetadataManagerAPI] [OnUnloadMap] Unloading metadata
[Info   :  SHCDE-SE] [T1-16:10:20.741] [GameSoundManagerAPI] [Unload] Unloading sounds
[Info   :  SHCDE-SE] [T1-16:10:20.741] [GameSoundManagerAPI] [Unload] Unloading sounds complete
[Info   :  SHCDE-SE] [T1-16:10:20.741] [GameTriggerManager] [OnUnloadMap] Unloading
[Info   :  SHCDE-SE] [T1-16:10:20.741] [GameTimeManagerAPI] [OnUnloadMap] Unloading
[Info   :  SHCDE-SE] [T1-16:10:20.741] [GameAfterImageManager] [OnUnloadMap] Unloading active effects
[Info   :  SHCDE-SE] [T1-16:10:20.741] [GameBundleManager] [OnUnloadMap] Unloading
[Info   :  SHCDE-SE] [T1-16:10:20.745] [BulkMapLoaderDetours] [c_game_unload_map_hook_impl] pTileManager=00007FFAAB78EDB0, preventNotification=False
[Info   :  SHCDE-SE] [T1-16:10:20.745] [GameMapArchiveManagerAPI] [OnUnloadMap] Unloading archive
[Info   :  SHCDE-SE] [T1-16:10:20.745] [GameMapArchiveManagerAPI] [RemoveActiveArchive] Attempting to remove active archive
[Info   :  SHCDE-SE] [T1-16:10:20.745] [LuaManager] [OnUnloadMap] Attempting to unload lua state due to event, phase: Pre
[Info   :  SHCDE-SE] [T1-16:10:20.745] [LuaManager] [TryUnload] Attempting to unload lua state
[Warning:  SHCDE-SE] [T1-16:10:20.745] [LuaManager] [TryUnload] Lua state already unloaded!
[Info   :  SHCDE-SE] [T1-16:10:20.745] [DeterministicRandom] [OnUnloadMap] uninitializing shared state.
[Info   :  SHCDE-SE] [T1-16:10:20.745] [GamePlayerManagerAPI] [OnUnloadMap] Unloading
[Info   :  SHCDE-SE] [T1-16:10:20.745] [GameUnitManagerAPI] [OnUnloadMap] Unloading
[Info   :  SHCDE-SE] [T1-16:10:20.745] [GameBuildingManagerAPI] [OnUnloadMap] Unloading
[Info   :  SHCDE-SE] [T1-16:10:20.745] [GameMetadataManagerAPI] [OnUnloadMap] Unloading metadata
[Info   :  SHCDE-SE] [T1-16:10:20.745] [GameSoundManagerAPI] [Unload] Unloading sounds
[Info   :  SHCDE-SE] [T1-16:10:20.745] [GameSoundManagerAPI] [Unload] Unloading sounds complete
[Info   :  SHCDE-SE] [T1-16:10:20.745] [GameTriggerManager] [OnUnloadMap] Unloading
[Info   :  SHCDE-SE] [T1-16:10:20.745] [GameTimeManagerAPI] [OnUnloadMap] Unloading
[Info   :  SHCDE-SE] [T1-16:10:20.745] [GameAfterImageManager] [OnUnloadMap] Unloading active effects
[Info   :  SHCDE-SE] [T1-16:10:20.745] [GameBundleManager] [OnUnloadMap] Unloading
[Info   :  SHCDE-SE] [T1-16:10:20.761] [GameMapArchiveManagerAPI] [OnUnloadMap] Unloading archive
[Info   :  SHCDE-SE] [T1-16:10:20.761] [GameMapArchiveManagerAPI] [RemoveActiveArchive] Attempting to remove active archive
[Info   :  SHCDE-SE] [T1-16:10:20.761] [DeterministicRandom] [OnUnloadMap] uninitializing shared state.
[Info   :  SHCDE-SE] [T1-16:10:20.761] [GamePlayerManagerAPI] [OnUnloadMap] Unloading
[Info   :  SHCDE-SE] [T1-16:10:20.761] [GameUnitManagerAPI] [OnUnloadMap] Unloading
[Info   :  SHCDE-SE] [T1-16:10:20.761] [GameBuildingManagerAPI] [OnUnloadMap] Unloading
[Info   :  SHCDE-SE] [T1-16:10:20.761] [GameMetadataManagerAPI] [OnUnloadMap] Unloading metadata
[Info   :  SHCDE-SE] [T1-16:10:20.761] [GameSoundManagerAPI] [Unload] Unloading sounds
[Info   :  SHCDE-SE] [T1-16:10:20.761] [GameSoundManagerAPI] [Unload] Unloading sounds complete
[Info   :  SHCDE-SE] [T1-16:10:20.761] [GameTriggerManager] [OnUnloadMap] Unloading
[Info   :  SHCDE-SE] [T1-16:10:20.761] [GameTimeManagerAPI] [OnUnloadMap] Unloading
[Info   :  SHCDE-SE] [T1-16:10:20.761] [GameAfterImageManager] [OnUnloadMap] Unloading active effects
[Info   :  SHCDE-SE] [T1-16:10:20.761] [GameBundleManager] [OnUnloadMap] Unloading
[Info   :  SHCDE-SE] [T1-16:10:20.762] [BulkAIDetours] [c_game_dll_importaiv_hook_impl] Loaded AIV bank=-1, variant=-1, elementCount=0, isCustom=0
[Info   :  SHCDE-SE] [T1-16:10:20.762] [BulkAIDetours] [c_game_dll_importaiv_hook_impl] Loaded AIV bank=1, variant=0, elementCount=1678, isCustom=1
[Info   :  SHCDE-SE] [T1-16:10:20.762] [BulkAIDetours] [c_game_dll_importaiv_hook_impl] Loaded AIV bank=2, variant=0, elementCount=1562, isCustom=1
[Info   :  SHCDE-SE] [T1-16:10:20.762] [BulkAIDetours] [c_game_dll_importaiv_hook_impl] Loaded AIV bank=3, variant=0, elementCount=651, isCustom=1
[Info   :  SHCDE-SE] [T1-16:10:20.762] [BulkAIDetours] [c_game_dll_importaiv_hook_impl] Loaded AIV bank=4, variant=0, elementCount=1006, isCustom=1
[Info   :  SHCDE-SE] [T1-16:10:20.762] [BulkAIDetours] [c_game_dll_importaiv_hook_impl] Loaded AIV bank=5, variant=0, elementCount=1301, isCustom=1
[Info   :  SHCDE-SE] [T1-16:10:20.762] [BulkAIDetours] [c_game_dll_importaiv_hook_impl] Loaded AIV bank=6, variant=0, elementCount=1082, isCustom=1
[Info   :  SHCDE-SE] [T1-16:10:20.762] [BulkAIDetours] [c_game_dll_importaiv_hook_impl] Loaded AIV bank=7, variant=0, elementCount=284, isCustom=1
[Info   : APIShared] [2026-09-24 16:10:20.764] MissionInitialization: session=1, source=NewGame, mode=CustomGame, phase=BeforeLoad, reason=None, started=False, replay=False.
[Info   :Active AIV Detector] [2026-09-24 16:10:20.766] Active AIV detector reset for map load; waiting for finalized AI selections. retainedPendingLobbyMetadata=True, retainedPendingPreBuildSetting=True.
[Info   :Unit Limit] [2026-09-24 16:10:20.822] [Unit Limit] gameplay-mod gate: modGuid=UnitLimit_Serp, source=MissionInitialization(BeforeLoad, session=1), kind=CustomGame, launchVariant=Standard, customized=False, customizedOrigin=0, modeAllowed=True, configuredEnabled=True, effectiveEnabled=True, action=enabled, reason=custom-game.
[Info   :Unit Limit] [2026-09-24 16:10:20.823] [UnitLimit_Serp] gameplay-feature gate: feature=UnitLimitEnforcement, source=MissionInitialization(BeforeLoad, session=1), kind=CustomGame, launchVariant=Standard, realMultiplayer=False, modeAllowed=True, action=enabled, reason=feature-context-allowed.
[Debug  :Unit Limit] [2026-09-24 16:10:20.823] Subscribing unit limit runtime hooks
[Debug  :Unit Limit] [2026-09-24 16:10:20.824] ActiveUnitCache hooks subscribed.
[Debug  :Unit Limit] [2026-09-24 16:10:20.824] ActiveSiegeTentCache hooks subscribed.
[Debug  :Unit Limit] [2026-09-24 16:10:20.825] UnitLimit MakeTroop GameAction hook installed.
[Debug  :Unit Limit] [2026-09-24 16:10:20.828] UnitLimit create troop hover hooks installed.
[Debug  :Unit Limit] [2026-09-24 16:10:20.830] UnitLimit recruitment availability UI hook installed.
[Debug  :Unit Limit] [2026-09-24 16:10:20.831] UnitLimit siege build hover hooks installed.
[Debug  :Unit Limit] [2026-09-24 16:10:20.832] Unit limit runtime hooks subscribed
[Debug  :Unit Limit] [2026-09-24 16:10:20.833] Applied active unit limit rules: 32
[Info   :Extra Features] [2026-09-24 16:10:20.837] [Extra Features] gameplay-mod gate: modGuid=ExtraFeatures_Serp, source=MissionInitialization(BeforeLoad, session=1), kind=CustomGame, launchVariant=Standard, customized=False, customizedOrigin=0, modeAllowed=True, configuredEnabled=True, effectiveEnabled=True, action=enabled, reason=custom-game.
[Info   :Extra Features] [2026-09-24 16:10:20.837] [ExtraFeatures_Serp] gameplay-feature gate: feature=LordHealthMultipliers, source=MissionInitialization(BeforeLoad, session=1), kind=CustomGame, launchVariant=Standard, realMultiplayer=False, modeAllowed=True, action=enabled, reason=feature-context-allowed.
[Info   :  SHCDE-SE] [T1-16:10:20.841] [X64InlineHook] ["drawbridgeHeightFailureWriterHook"] compiled stub at 0x00007FFA37861D00, size: 255 bytes (target: 0x00007FFAA77A870B).
[Info   :  SHCDE-SE] [T1-16:10:20.841] [X64InlineHook] ["aivAudienceCaptureHook"] compiled stub at 0x00007FFA37862060, size: 270 bytes (target: 0x00007FFAA7789730).
[Info   :  SHCDE-SE] [T1-16:10:20.841] [X64InlineHook] ["aivHeightGateHook"] compiled stub at 0x00007FFA378EFE50, size: 81 bytes (target: 0x00007FFAA7789827).
[Info   :  SHCDE-SE] [T1-16:10:20.843] [X64InlineHook] ["moatCommandHeightGateHook"] compiled stub at 0x00007FFA37862410, size: 104 bytes (target: 0x00007FFAA778CC1E).
[Info   :  SHCDE-SE] [T1-16:10:20.843] [X64InlineHook] ["sharedHeightGateHook"] compiled stub at 0x00007FFA378625B0, size: 116 bytes (target: 0x00007FFAA77A04CC).
[Info   :  SHCDE-SE] [T1-16:10:20.843] [X64InlineHook] ["aivCompletedHeightHook"] compiled stub at 0x00007FFA37862790, size: 272 bytes (target: 0x00007FFAA77899E7).
[Info   :  SHCDE-SE] [T1-16:10:20.843] [X64InlineHook] ["excavationCompletedHeightHook"] compiled stub at 0x00007FFA37862B20, size: 271 bytes (target: 0x00007FFAA7793A65).
[Info   :  SHCDE-SE] [T1-16:10:20.844] [X64InlineHook] ["loweredDrawbridgeHeightWriteHook"] compiled stub at 0x00007FFA37862EB0, size: 73 bytes (target: 0x00007FFAA7794546).
[Info   :  SHCDE-SE] [T1-16:10:20.845] [X64InlineHook] ["directCompletedHeightHook"] compiled stub at 0x00007FFA37862FC0, size: 277 bytes (target: 0x00007FFAA77A05F7).
[Info   :  SHCDE-SE] [T1-16:10:20.845] [X64InlineHook] ["completedDrawbridgeHeightWriteHook"] compiled stub at 0x00007FFA37863350, size: 89 bytes (target: 0x00007FFAA77A3B35).
[Info   :  SHCDE-SE] [T1-16:10:20.846] [X64InlineHook] ["drawbridgeSpecialRendererHook"] compiled stub at 0x00007FFA37863480, size: 100 bytes (target: 0x00007FFAA7775820).
[Info   :  SHCDE-SE] [T1-16:10:20.847] [X64InlineHook] ["drawbridgeAnimatedRendererArgumentsHook"] compiled stub at 0x00007FFA37863610, size: 116 bytes (target: 0x00007FFAA7773BA2).
[Info   :  SHCDE-SE] [T1-16:10:20.848] [X64InlineHook] ["drawbridgeStaticRendererArgumentsHook"] compiled stub at 0x00007FFA378637A0, size: 90 bytes (target: 0x00007FFAA7774EDD).
[Info   :  SHCDE-SE] [T1-16:10:20.849] [X64InlineHook] ["unitDrawbridgeHeightCorrectionHook"] compiled stub at 0x00007FFA378C0000, size: 100 bytes (target: 0x00007FFAA78B511C).
[Info   :  SHCDE-SE] [T1-16:10:20.849] [X64InlineHook] ["plannedMoatCancellationHook"] compiled stub at 0x00007FFA378C0140, size: 270 bytes (target: 0x00007FFAA77A0562).
[Info   :  SHCDE-SE] [T1-16:10:20.849] [X64InlineHook] ["directRemovalHeightHook"] compiled stub at 0x00007FFA378C04F0, size: 278 bytes (target: 0x00007FFAA77A0621).
[Info   :  SHCDE-SE] [T1-16:10:20.849] [X64InlineHook] ["footprintRemovalHeightHook"] compiled stub at 0x00007FFA378C0890, size: 270 bytes (target: 0x00007FFAA77923DA).
[Info   :  SHCDE-SE] [T1-16:10:20.849] [X64InlineHook] ["objectRemovalHeightHook"] compiled stub at 0x00007FFA378C0C10, size: 274 bytes (target: 0x00007FFAA779CAA1).
[Info   :  SHCDE-SE] [T1-16:10:20.850] [X64InlineHook] ["moatWorkCompletionHeightHook"] compiled stub at 0x00007FFA378C0F90, size: 277 bytes (target: 0x00007FFAA77994BD).
[Info   :  SHCDE-SE] [T1-16:10:20.850] [X64InlineHook] ["areaRemovalHeightHook"] compiled stub at 0x00007FFA378C1320, size: 276 bytes (target: 0x00007FFAA781DA77).
[Info   :  SHCDE-SE] [T1-16:10:20.850] [X64InlineHook] ["drawbridgeHeightFailureWriterHook"] hook enabled at 0x00007FFAA77A870B, stub 0x00007FFA37861D00.
[Info   :  SHCDE-SE] [T1-16:10:20.850] [X64InlineHook] ["aivAudienceCaptureHook"] hook enabled at 0x00007FFAA7789730, stub 0x00007FFA37862060.
[Info   :  SHCDE-SE] [T1-16:10:20.850] [X64InlineHook] ["aivHeightGateHook"] hook enabled at 0x00007FFAA7789827, stub 0x00007FFA378EFE50.
[Info   :  SHCDE-SE] [T1-16:10:20.850] [X64InlineHook] ["moatCommandHeightGateHook"] hook enabled at 0x00007FFAA778CC1E, stub 0x00007FFA37862410.
[Info   :  SHCDE-SE] [T1-16:10:20.850] [X64InlineHook] ["sharedHeightGateHook"] hook enabled at 0x00007FFAA77A04CC, stub 0x00007FFA378625B0.
[Info   :  SHCDE-SE] [T1-16:10:20.850] [X64InlineHook] ["aivCompletedHeightHook"] hook enabled at 0x00007FFAA77899E7, stub 0x00007FFA37862790.
[Info   :  SHCDE-SE] [T1-16:10:20.850] [X64InlineHook] ["excavationCompletedHeightHook"] hook enabled at 0x00007FFAA7793A65, stub 0x00007FFA37862B20.
[Info   :  SHCDE-SE] [T1-16:10:20.850] [X64InlineHook] ["loweredDrawbridgeHeightWriteHook"] hook enabled at 0x00007FFAA7794546, stub 0x00007FFA37862EB0.
[Info   :  SHCDE-SE] [T1-16:10:20.850] [X64InlineHook] ["directCompletedHeightHook"] hook enabled at 0x00007FFAA77A05F7, stub 0x00007FFA37862FC0.
[Info   :  SHCDE-SE] [T1-16:10:20.850] [X64InlineHook] ["completedDrawbridgeHeightWriteHook"] hook enabled at 0x00007FFAA77A3B35, stub 0x00007FFA37863350.
[Info   :  SHCDE-SE] [T1-16:10:20.850] [X64InlineHook] ["drawbridgeSpecialRendererHook"] hook enabled at 0x00007FFAA7775820, stub 0x00007FFA37863480.
[Info   :  SHCDE-SE] [T1-16:10:20.850] [X64InlineHook] ["drawbridgeAnimatedRendererArgumentsHook"] hook enabled at 0x00007FFAA7773BA2, stub 0x00007FFA37863610.
[Info   :  SHCDE-SE] [T1-16:10:20.850] [X64InlineHook] ["drawbridgeStaticRendererArgumentsHook"] hook enabled at 0x00007FFAA7774EDD, stub 0x00007FFA378637A0.
[Info   :  SHCDE-SE] [T1-16:10:20.850] [X64InlineHook] ["unitDrawbridgeHeightCorrectionHook"] hook enabled at 0x00007FFAA78B511C, stub 0x00007FFA378C0000.
[Info   :  SHCDE-SE] [T1-16:10:20.850] [X64InlineHook] ["plannedMoatCancellationHook"] hook enabled at 0x00007FFAA77A0562, stub 0x00007FFA378C0140.
[Info   :  SHCDE-SE] [T1-16:10:20.850] [X64InlineHook] ["directRemovalHeightHook"] hook enabled at 0x00007FFAA77A0621, stub 0x00007FFA378C04F0.
[Info   :  SHCDE-SE] [T1-16:10:20.850] [X64InlineHook] ["footprintRemovalHeightHook"] hook enabled at 0x00007FFAA77923DA, stub 0x00007FFA378C0890.
[Info   :  SHCDE-SE] [T1-16:10:20.850] [X64InlineHook] ["objectRemovalHeightHook"] hook enabled at 0x00007FFAA779CAA1, stub 0x00007FFA378C0C10.
[Info   :  SHCDE-SE] [T1-16:10:20.850] [X64InlineHook] ["moatWorkCompletionHeightHook"] hook enabled at 0x00007FFAA77994BD, stub 0x00007FFA378C0F90.
[Info   :  SHCDE-SE] [T1-16:10:20.850] [X64InlineHook] ["areaRemovalHeightHook"] hook enabled at 0x00007FFAA781DA77, stub 0x00007FFA378C1320.
[Info   :  SHCDE-SE] [T1-16:10:20.850] [HookTransaction[.ctor]] Commit: "20/20 installed, 0 failed, 9ms (0ms scanning)"
[Info   :Extra Features] [2026-09-24 16:10:20.850] Extra Features elevated-moat active; AI=True, human=False, editor=true, adaptiveDepth=8, healthReportInterval=4096 corrections.
[Debug  :Extra Features] [2026-09-24 16:10:20.850] Native address resolved: name=AI AIV placement helper, method=reference-rva, rva=0x5CD90.
[Info   :  SHCDE-SE] [T1-16:10:20.851] [Detour:placementHook] ["placementHook"] prepared at 0x00007FFAA778CD90 using Indirect: 10 bytes displaced, trampoline 0x00007FFA378C16A0.
[Info   :  SHCDE-SE] [T1-16:10:20.902] [HookTransaction[CreateOwnedTransaction]] Commit: "1/1 installed, 0 failed, 51ms (0ms scanning)"
[Debug  :Extra Features] [2026-09-24 16:10:20.902] AI defense rebuild registered through APIShared; placement hook installed at RVA 0x5CD90.
[Debug  :Extra Features] [2026-09-24 16:10:20.902] Extra Features apothecary plague-search maximum is now 50 (configured).
[Debug  :Extra Features] [2026-09-24 16:10:20.903] Extra Features feature hooks reconciled.
[Info   :Extra Features] [2026-09-24 16:10:20.903] Extra Features church priest counts applied: enabled=True, church2=2, church3=3.
[Debug  :Extra Features] [2026-09-24 16:10:20.903] Extra Features gatehouse diagnostic: button visibility state: hidden: map-inactive, editor=False.
[Info   :Building Costs] [2026-09-24 16:10:20.907] [Building Costs] gameplay-mod gate: modGuid=BuildingCosts_Serp, source=MissionInitialization(BeforeLoad, session=1), kind=CustomGame, launchVariant=Standard, customized=False, customizedOrigin=0, modeAllowed=True, configuredEnabled=True, effectiveEnabled=True, action=enabled, reason=custom-game.
[Info   :Building Costs] [2026-09-24 16:10:20.907] [BuildingCosts_Serp] gameplay-feature gate: feature=BuildingCostTooltip, source=MissionInitialization(BeforeLoad, session=1), kind=CustomGame, launchVariant=Standard, realMultiplayer=False, modeAllowed=True, action=enabled, reason=feature-context-allowed.
[Debug  :Building Costs] [2026-09-24 16:10:20.929] HUD_Main.UpdateRollover hook installed
[Debug  :Building Costs] [2026-09-24 16:10:20.929] Building cost runtime hooks subscribed
[Debug  :Building Costs] [2026-09-24 16:10:20.932] Applied building cost materials: 0
[Info   :Building Limit] [2026-09-24 16:10:20.932] [Building Limit] gameplay-mod gate: modGuid=BuildingLimit_Serp, source=MissionInitialization(BeforeLoad, session=1), kind=CustomGame, launchVariant=Standard, customized=False, customizedOrigin=0, modeAllowed=True, configuredEnabled=True, effectiveEnabled=True, action=enabled, reason=custom-game.
[Info   :Building Limit] [2026-09-24 16:10:20.932] [BuildingLimit_Serp] gameplay-feature gate: feature=BuildingLimitEnforcement, source=MissionInitialization(BeforeLoad, session=1), kind=CustomGame, launchVariant=Standard, realMultiplayer=False, modeAllowed=True, action=enabled, reason=feature-context-allowed.
[Debug  :Building Limit] [2026-09-24 16:10:20.934] Subscribing building limit runtime hooks
[Debug  :Building Limit] [2026-09-24 16:10:20.934] ActiveBuildingCache hooks subscribed.
[Debug  :Building Limit] [2026-09-24 16:10:20.935] HUD_Main.UpdateRollover building limit hook installed
[Debug  :Building Limit] [2026-09-24 16:10:20.935] Building limit runtime hooks subscribed
[Debug  :Building Limit] [2026-09-24 16:10:20.939] Applied active building limit rules: 93
[Info   :CastlePlanner] [2026-09-24 16:10:20.939] [CastlePlanner] gameplay-mod gate: modGuid=CastlePlanner_Serp, source=MissionInitialization(BeforeLoad, session=1), kind=CustomGame, launchVariant=Standard, customized=False, customizedOrigin=0, modeAllowed=True, configuredEnabled=True, effectiveEnabled=True, action=enabled, reason=custom-game.
[Info   :CastlePlanner] [2026-09-24 16:10:20.939] [CastlePlanner_Serp] gameplay-feature gate: feature=CastleSpawning, source=MissionInitialization(BeforeLoad, session=1), kind=CustomGame, launchVariant=Standard, realMultiplayer=False, modeAllowed=True, action=enabled, reason=feature-context-allowed.
[Info   :CastlePlanner] [2026-09-24 16:10:20.939] [CastlePlanner_Serp] gameplay-feature gate: feature=FreeCastlePreview, source=MissionInitialization(BeforeLoad, session=1), kind=CustomGame, launchVariant=Standard, realMultiplayer=False, modeAllowed=True, action=enabled, reason=feature-context-allowed.
[Info   :CastlePlanner] [2026-09-24 16:10:20.939] [CastlePlanner_Serp] gameplay-feature gate: feature=CastleBlueprints, source=MissionInitialization(BeforeLoad, session=1), kind=CustomGame, launchVariant=Standard, realMultiplayer=False, modeAllowed=True, action=enabled, reason=feature-context-allowed.
[Info   : Cheat Mod] [2026-09-24 16:10:20.940] [Cheat Mod] gameplay-mod gate: modGuid=CheatMod_Serp, source=MissionInitialization(BeforeLoad, session=1), kind=CustomGame, launchVariant=Standard, customized=False, customizedOrigin=0, modeAllowed=True, configuredEnabled=False, effectiveEnabled=False, action=restriction-lifted-setting-disabled, reason=custom-game.
[Info   : Cheat Mod] [2026-09-24 16:10:20.940] [CheatMod_Serp] gameplay-feature gate: feature=EndlessExtremePowersRecharge, source=MissionInitialization(BeforeLoad, session=1), kind=CustomGame, launchVariant=Standard, realMultiplayer=False, modeAllowed=True, action=enabled, reason=feature-context-allowed.
[Info   :Extreme Powers] [2026-09-24 16:10:20.941] [Extreme Powers] gameplay-mod gate: modGuid=ExtremePowers_Serp, source=MissionInitialization(BeforeLoad, session=1), kind=CustomGame, launchVariant=Standard, customized=False, customizedOrigin=0, modeAllowed=True, configuredEnabled=True, effectiveEnabled=True, action=enabled, reason=custom-game.
[Info   :Random Events] [2026-09-24 16:10:20.942] [Random Events] gameplay-mod gate: modGuid=RandomEvents_Serp, source=MissionInitialization(BeforeLoad, session=1), kind=CustomGame, launchVariant=Standard, customized=False, customizedOrigin=0, modeAllowed=True, configuredEnabled=True, effectiveEnabled=True, action=enabled, reason=custom-game.
[Info   :Random Events] [2026-09-24 16:10:20.942] [RandomEvents_Serp] gameplay-feature gate: feature=RandomEventsRuntime, source=MissionInitialization(BeforeLoad, session=1), kind=CustomGame, launchVariant=Standard, realMultiplayer=False, modeAllowed=True, action=enabled, reason=feature-context-allowed.
[Info   :Unit Costs] [2026-09-24 16:10:20.943] [Unit Costs] gameplay-mod gate: modGuid=UnitCosts_Serp, source=MissionInitialization(BeforeLoad, session=1), kind=CustomGame, launchVariant=Standard, customized=False, customizedOrigin=0, modeAllowed=True, configuredEnabled=True, effectiveEnabled=True, action=enabled, reason=custom-game.
[Info   :Unit Costs] [2026-09-24 16:10:20.943] [UnitCosts_Serp] gameplay-feature gate: feature=UnitCostEnforcement, source=MissionInitialization(BeforeLoad, session=1), kind=CustomGame, launchVariant=Standard, realMultiplayer=False, modeAllowed=True, action=enabled, reason=feature-context-allowed.
[Debug  :Unit Costs] [2026-09-24 16:10:20.944] UnitCosts MakeTroop GameAction hook installed.
[Debug  :Unit Costs] [2026-09-24 16:10:20.946] UnitCosts create troop hover hooks installed.
[Debug  :Unit Costs] [2026-09-24 16:10:20.948] UnitCosts siege build hover hooks installed.
[Debug  :Unit Costs] [2026-09-24 16:10:20.948] UnitCosts recruitment availability UI hook installed.
[Debug  :Unit Costs] [2026-09-24 16:10:20.948] UnitCosts runtime hooks subscribed
[Debug  :Unit Costs] [2026-09-24 16:10:20.951] Applied unit cost values: 0
[Debug  :Unit Costs] [2026-09-24 16:10:20.953] Applied human extra unit cost rows: 0
[Info   :  SHCDE-SE] [T1-16:10:20.959] [BulkMapLoaderDetours] [c_game_dll_loadmaptoplay_hook_impl] campaignMapID=4294967295, safeFileName=E:\ProgrammeE\Steam\steamapps\common\Stronghold Crusader Definitive Edition\Stronghold Crusader Definitive Edition_Data\StreamingAssets\Maps\Crater Lake.map, length=312, retData=000002A21A1C2AA0, dummy=0, safeMapName=Crater Lake.map, maplength=30, multiplayerSave=0, trailType=-1, trailID=0, allow_classic_bedouins=0
[Info   :  SHCDE-SE] [T1-16:10:20.961] [GameMapArchiveManagerAPI] [OnLoadMap] Loading archive from map file
[Info   :  SHCDE-SE] [T1-16:10:20.961] [GameMapArchiveManagerAPI] [LoadMapArchive] Loading archive: [E:\ProgrammeE\Steam\steamapps\common\Stronghold Crusader Definitive Edition\Stronghold Crusader Definitive Edition_Data\StreamingAssets\Maps\Crater Lake.map]
[Warning:  SHCDE-SE] [T1-16:10:20.965] [MapArchive] [.ctor] ZIP EOCD-Header not found for [E:\ProgrammeE\Steam\steamapps\common\Stronghold Crusader Definitive Edition\Stronghold Crusader Definitive Edition_Data\StreamingAssets\Maps\Crater Lake.map]. Not a valid archive.
[Info   :  SHCDE-SE] [T1-16:10:20.965] [GameMapArchiveManagerAPI] [LoadMapArchive] No existing archive found - will create on-demand if needed
[Info   :  SHCDE-SE] [T1-16:10:20.965] [ModSaveDataAPI] [ReadAllModDataFromArchive] Reading mod data from archive (IsSaveFile=False)
[Info   :  SHCDE-SE] [T1-16:10:20.965] [ModSaveDataAPI] [ReadAllModDataFromArchive] No archive exists - skipping mod data load (this is normal for new maps)
[Info   :  SHCDE-SE] [T1-16:10:20.965] [GameMapArchiveManagerAPI] [LoadMapArchive] Archive loaded (or will be created on-demand)
[Info   :  SHCDE-SE] [T1-16:10:20.965] [GameMapArchiveManagerAPI] [OnLoadMap] Archive Contents: [
]
[Info   :  SHCDE-SE] [T1-16:10:20.965] [LuaManager] [OnLoadMap] Attempting to create lua state due to event, phase: Pre
[Info   :  SHCDE-SE] [T1-16:10:20.966] [LuaManager] [TryLoad] Loading file: [E:\ProgrammeE\Steam\steamapps\common\Stronghold Crusader Definitive Edition\Stronghold Crusader Definitive Edition_Data\StreamingAssets\Maps\Crater Lake.map]
[Info   :  SHCDE-SE] [T1-16:10:20.966] [LuaManager] [TryLoad] Loading [E:\ProgrammeE\Steam\steamapps\common\Stronghold Crusader Definitive Edition\Stronghold Crusader Definitive Edition_Data\StreamingAssets\Maps\Crater Lake.map] - Archive mode.
[Warning:  SHCDE-SE] [T1-16:10:20.966] [LuaManager] [TryLoad] No Lua source found for [E:\ProgrammeE\Steam\steamapps\common\Stronghold Crusader Definitive Edition\Stronghold Crusader Definitive Edition_Data\StreamingAssets\Maps\Crater Lake.map] and no lord AI or asset mod scripts registered. Skipping Lua init.
[Info   :  SHCDE-SE] [T1-16:10:20.966] [BulkMapLoaderDetours] [c_game_start_skirmish_game_handler_hook_impl] a1=000000AE4E8EA1E0, bMultiplayerSave=0, a3=0
[Info   : APIShared] [2026-09-24 16:10:20.966] MissionInitialization: session=1, source=NewGame, mode=CustomGame, phase=BeforeNativeStart, reason=None, started=False, replay=False.
[Debug  :Extra Features] [2026-09-24 16:10:20.966] Enemy-proximity runtime captured map mode: realMultiplayer=False, singleplayerSkirmishMode=True, singleplayerSkirmish=True, singleplayerTrail=False, mapEditor=False, multiplayerSave=False, directorAvailable=True, directorMultiplayer=False, directorSkirmish=False, lowLevelNetworked=True, platformMultiplayer=False, lobbyMembers=8, realLobbyMembers=0, skirmishLobbyMembers=8, gameMembers=8, realNetworkGameMembers=0, gameType=3, skirmishGameType=0, skirmishTrailType=-1, coopTrailId=0, kind=CustomGame, launchVariant=Standard, allowsCustomGameMods=True, allowsRegularGameplayMods=True, campaignMapId=0, eventTrailType=-1, customizedTrailId=-1, customizedMissionId=-1, customizedOriginKind=0, conflictingCustomizedOrigin=False.
[Debug  :Bugfixes and QoL] [2026-09-24 16:10:20.966] Post-game lobby handoff state reset: reason=map-start.
[Info   :AIV Lobby Preset Test] Test-series launch verified: CL-A-off, session=1.
[Debug  :CastlePlanner] [2026-09-24 16:10:20.998] OnStartMap(Pre) received: handledCurrentMap=False.
[Debug  :Extreme Powers] [2026-09-24 16:10:21.000] Extreme Powers map session captured: realMultiplayer=False, singleplayerSkirmishMode=True, singleplayerSkirmish=True, singleplayerTrail=False, mapEditor=False, multiplayerSave=False, directorAvailable=True, directorMultiplayer=False, directorSkirmish=False, lowLevelNetworked=True, platformMultiplayer=False, lobbyMembers=8, realLobbyMembers=0, skirmishLobbyMembers=8, gameMembers=8, realNetworkGameMembers=0, gameType=3, skirmishGameType=0, skirmishTrailType=-1, coopTrailId=0, kind=CustomGame, launchVariant=Standard, allowsCustomGameMods=True, allowsRegularGameplayMods=True, campaignMapId=0, eventTrailType=-1, customizedTrailId=-1, customizedMissionId=-1, customizedOriginKind=0, conflictingCustomizedOrigin=False, players=[1,2,3,4,5,6,7,8].
[Info   :  SHCDE-SE] [T1-16:10:21.000] [BulkMapLoaderDetours] [c_game_unload_map_hook_impl] pTileManager=00007FFAAB78EDB0, preventNotification=True
[Debug  :Building Limit] [2026-09-24 16:10:21.298] ActiveBuildingCache NotifyNativeSnapshotChanged read snapshot: buildingId 3 owner 1 type STRUCT_KEEP_TWO aliveState NeedsInit reason Created
[Debug  :Building Limit] [2026-09-24 16:10:21.299] ActiveBuildingCache UpdateSnapshot: buildingId 3 owner 1 type STRUCT_KEEP_TWO aliveState NeedsInit reason Created changed True
[Debug  :Building Limit] [2026-09-24 16:10:21.301] ActiveBuildingCache count changed: player 1 type STRUCT_KEEP_TWO old 0 new 1 delta 1 buildingId 3 reason Created
[Debug  :Building Limit] [2026-09-24 16:10:21.302] ActiveBuildingCache NotifyNativeSnapshotChanged read snapshot: buildingId 4 owner 1 type STRUCT_KEEPDOOR_LEFT aliveState NeedsInit reason Created
[Debug  :Building Limit] [2026-09-24 16:10:21.302] ActiveBuildingCache UpdateSnapshot: buildingId 4 owner 1 type STRUCT_KEEPDOOR_LEFT aliveState NeedsInit reason Created changed True
[Debug  :Building Limit] [2026-09-24 16:10:21.302] ActiveBuildingCache count changed: player 1 type STRUCT_KEEPDOOR_LEFT old 0 new 1 delta 1 buildingId 4 reason Created
[Debug  :Building Limit] [2026-09-24 16:10:21.302] ActiveBuildingCache NotifyNativeSnapshotChanged read snapshot: buildingId 5 owner 1 type STRUCT_KEEPDOOR aliveState NeedsInit reason Created
[Debug  :Building Limit] [2026-09-24 16:10:21.302] ActiveBuildingCache UpdateSnapshot: buildingId 5 owner 1 type STRUCT_KEEPDOOR aliveState NeedsInit reason Created changed True
[Debug  :Building Limit] [2026-09-24 16:10:21.302] ActiveBuildingCache count changed: player 1 type STRUCT_KEEPDOOR old 0 new 1 delta 1 buildingId 5 reason Created
[Debug  :Building Limit] [2026-09-24 16:10:21.302] ActiveBuildingCache NotifyNativeSnapshotChanged read snapshot: buildingId 6 owner 1 type STRUCT_KEEPDOOR_RIGHT aliveState NeedsInit reason Created
[Debug  :Building Limit] [2026-09-24 16:10:21.304] ActiveBuildingCache UpdateSnapshot: buildingId 6 owner 1 type STRUCT_KEEPDOOR_RIGHT aliveState NeedsInit reason Created changed True
[Debug  :Building Limit] [2026-09-24 16:10:21.304] ActiveBuildingCache count changed: player 1 type STRUCT_KEEPDOOR_RIGHT old 0 new 1 delta 1 buildingId 6 reason Created
[Debug  :Building Limit] [2026-09-24 16:10:21.304] ActiveBuildingCache NotifyNativeSnapshotChanged read snapshot: buildingId 7 owner 1 type STRUCT_CAMPGROUND aliveState NeedsInit reason Created
[Debug  :Building Limit] [2026-09-24 16:10:21.304] ActiveBuildingCache UpdateSnapshot: buildingId 7 owner 1 type STRUCT_CAMPGROUND aliveState NeedsInit reason Created changed True
[Debug  :Building Limit] [2026-09-24 16:10:21.304] ActiveBuildingCache count changed: player 1 type STRUCT_CAMPGROUND old 0 new 1 delta 1 buildingId 7 reason Created
[Debug  :Building Limit] [2026-09-24 16:10:21.305] ActiveBuildingCache NotifyNativeSnapshotChanged read snapshot: buildingId 8 owner 1 type STRUCT_GOODS_YARD aliveState NeedsInit reason Created
[Info   :     Fixes] [T1-16:10:21.305] [BuildingDetours] [.ctor] Build goodsyard for player 1: True
[Debug  :Building Limit] [2026-09-24 16:10:21.305] ActiveBuildingCache UpdateSnapshot: buildingId 8 owner 1 type STRUCT_GOODS_YARD aliveState NeedsInit reason Created changed True
[Debug  :Building Limit] [2026-09-24 16:10:21.305] ActiveBuildingCache count changed: player 1 type STRUCT_GOODS_YARD old 0 new 1 delta 1 buildingId 8 reason Created
[Debug  :Building Limit] [2026-09-24 16:10:21.305] ActiveBuildingCache NotifyNativeSnapshotChanged read snapshot: buildingId 9 owner 1 type STRUCT_GOODS_YARD aliveState NeedsInit reason Created
[Debug  :Building Limit] [2026-09-24 16:10:21.305] ActiveBuildingCache UpdateSnapshot: buildingId 9 owner 1 type STRUCT_GOODS_YARD aliveState NeedsInit reason Created changed True
[Debug  :Building Limit] [2026-09-24 16:10:21.305] ActiveBuildingCache count changed: player 1 type STRUCT_GOODS_YARD old 1 new 2 delta 1 buildingId 9 reason Created
[Debug  :Building Limit] [2026-09-24 16:10:21.305] ActiveBuildingCache NotifyNativeSnapshotChanged read snapshot: buildingId 10 owner 1 type STRUCT_GOODS_YARD aliveState NeedsInit reason Created
[Debug  :Building Limit] [2026-09-24 16:10:21.305] ActiveBuildingCache UpdateSnapshot: buildingId 10 owner 1 type STRUCT_GOODS_YARD aliveState NeedsInit reason Created changed True
[Debug  :Building Limit] [2026-09-24 16:10:21.305] ActiveBuildingCache count changed: player 1 type STRUCT_GOODS_YARD old 2 new 3 delta 1 buildingId 10 reason Created
[Debug  :Building Limit] [2026-09-24 16:10:21.305] ActiveBuildingCache NotifyNativeSnapshotChanged read snapshot: buildingId 11 owner 1 type STRUCT_GOODS_YARD aliveState NeedsInit reason Created
[Debug  :Building Limit] [2026-09-24 16:10:21.305] ActiveBuildingCache UpdateSnapshot: buildingId 11 owner 1 type STRUCT_GOODS_YARD aliveState NeedsInit reason Created changed True
[Debug  :Building Limit] [2026-09-24 16:10:21.305] ActiveBuildingCache count changed: player 1 type STRUCT_GOODS_YARD old 3 new 4 delta 1 buildingId 11 reason Created
[Info   :Active AIV Detector] [2026-09-24 16:10:21.327] Captured opt-in AIV cell trace 1/2048: playerId=2, candidateId=0, orientation=6, keep=(241,274), evaluated=2352, nativeBlocked=0, resultGridBlocked=0, validatorCalls=2352, validatorBlocked=0.
[Info   :     Fixes] [T1-16:10:21.365] [BuildingDetours] [.ctor] Build goodsyard for player 2: True
[Info   :Active AIV Detector] [2026-09-24 16:10:21.378] Captured opt-in AIV cell trace 2/2048: playerId=3, candidateId=0, orientation=0, keep=(254,580), evaluated=2068, nativeBlocked=0, resultGridBlocked=0, validatorCalls=2068, validatorBlocked=0.
[Info   :     Fixes] [T1-16:10:21.396] [BuildingDetours] [.ctor] Build goodsyard for player 3: True
[Info   :Active AIV Detector] [2026-09-24 16:10:21.415] Captured opt-in AIV cell trace 3/2048: playerId=4, candidateId=0, orientation=4, keep=(525,274), evaluated=1770, nativeBlocked=0, resultGridBlocked=0, validatorCalls=1770, validatorBlocked=0.
[Info   :     Fixes] [T1-16:10:21.425] [BuildingDetours] [.ctor] Build goodsyard for player 4: True
[Info   :Active AIV Detector] [2026-09-24 16:10:21.437] Captured opt-in AIV cell trace 4/2048: playerId=5, candidateId=0, orientation=4, keep=(406,121), evaluated=2616, nativeBlocked=0, resultGridBlocked=0, validatorCalls=2616, validatorBlocked=0.
[Info   :     Fixes] [T1-16:10:21.447] [BuildingDetours] [.ctor] Build goodsyard for player 5: True
[Info   :Active AIV Detector] [2026-09-24 16:10:21.459] Captured opt-in AIV cell trace 5/2048: playerId=6, candidateId=0, orientation=6, keep=(187,407), evaluated=2870, nativeBlocked=90, resultGridBlocked=90, validatorCalls=2870, validatorBlocked=90.
[Info   :Active AIV Detector] [2026-09-24 16:10:21.460] Captured opt-in AIV cell trace 6/2048: playerId=6, candidateId=0, orientation=0, keep=(187,407), evaluated=2870, nativeBlocked=244, resultGridBlocked=244, validatorCalls=2870, validatorBlocked=244.
[Info   :Active AIV Detector] [2026-09-24 16:10:21.460] Captured opt-in AIV cell trace 7/2048: playerId=6, candidateId=0, orientation=2, keep=(187,407), evaluated=2870, nativeBlocked=82, resultGridBlocked=82, validatorCalls=2870, validatorBlocked=82.
[Info   :Active AIV Detector] [2026-09-24 16:10:21.462] Captured opt-in AIV cell trace 8/2048: playerId=6, candidateId=0, orientation=4, keep=(187,407), evaluated=2870, nativeBlocked=259, resultGridBlocked=259, validatorCalls=2870, validatorBlocked=259.
[Info   :     Fixes] [T1-16:10:21.473] [BuildingDetours] [.ctor] Build goodsyard for player 6: True
[Info   :Active AIV Detector] [2026-09-24 16:10:21.484] Captured opt-in AIV cell trace 9/2048: playerId=7, candidateId=0, orientation=4, keep=(379,353), evaluated=2077, nativeBlocked=0, resultGridBlocked=0, validatorCalls=2077, validatorBlocked=0.
[Info   :     Fixes] [T1-16:10:21.499] [BuildingDetours] [.ctor] Build goodsyard for player 7: True
[Info   :Active AIV Detector] [2026-09-24 16:10:21.515] Captured opt-in AIV cell trace 10/2048: playerId=8, candidateId=0, orientation=0, keep=(423,667), evaluated=534, nativeBlocked=0, resultGridBlocked=0, validatorCalls=534, validatorBlocked=0.
[Info   :     Fixes] [T1-16:10:21.525] [BuildingDetours] [.ctor] Build goodsyard for player 8: True
[Info   :  SHCDE-SE] [T1-16:10:21.556] [LuaManager] [OnStartMap] Attempting to run init due to event, phase: Post
[Info   :  SHCDE-SE] [T1-16:10:21.556] [LuaManager] [TryRunInit] Attempting to execute lua-side init functions. Reason=NewGame
[Warning:  SHCDE-SE] [T1-16:10:21.556] [LuaManager] [TryRunInit] Lua state is null
[Info   :  SHCDE-SE] [T1-16:10:21.556] [DeterministicRandom] [OnStartMap] Initializing shared state.
[Info   :  SHCDE-SE] [T1-16:10:21.557] [DeterministicRandom] [InitializeSeedAsHost] Initializing random seed [231011051] as host.
[Warning:  SHCDE-SE] [T1-16:10:21.557] [GameNetworkAPI] [GetLocalPlayerId] Local SteamID [76561198102311542] has no assigned slot yet: returning -1
[Info   : APIShared] [2026-09-24 16:10:21.559] MissionInitialization: session=1, source=NewGame, mode=CustomGame, phase=AfterNativeStart, reason=None, started=False, replay=False.
[Debug  :Bugfixes and QoL] Corrupt Lord-data spawn fix session armed: session=1, eligible=True, phase=AfterNativeStart, startKind=NewGame, mode=CustomGame.
[Debug  :CastlePlanner] [2026-09-24 16:10:21.565] OnStartMap(Post) received: handledCurrentMap=False, preImports=0, keepPreSpawns=0, keepPostSpawns=0.
[Debug  :CastlePlanner] [2026-09-24 16:10:21.565] Game-mode diagnostics: campaignMapId=0, bMultiplayerSave=0, sharedRealMultiplayer=False, sharedSingleplayerSkirmish=True, sharedSingleplayerTrail=False, directorAvailable=True, directorMultiplayerGame=False, directorSkirmishModeGame=False, directorSimRunning=False, networkedEnvironment=True, networkActivePlayers=8, nativeLocalPlayerId=1, platformAvailable=True, platformMpGameActive=False, platformIsHost=False, activeLobbyAvailable=True, lobbyReportedMembers=8, lobbyMembers=8, lobbySkirmishMembers=8, lobbySkirmishHumans=1, lobbyNetworkHumans=0, gameMembers=8, realNetworkGameMembers=0, gameDataMultiplayerMap=False, gameDataSkirmishGameType=0, gameDataGameType=3.
[Debug  :CastlePlanner] [2026-09-24 16:10:21.565] Shared game-mode diagnostics: realMultiplayer=False, singleplayerSkirmishMode=True, singleplayerSkirmish=True, singleplayerTrail=False, mapEditor=False, multiplayerSave=False, directorAvailable=True, directorMultiplayer=False, directorSkirmish=False, lowLevelNetworked=True, platformMultiplayer=False, lobbyMembers=8, realLobbyMembers=0, skirmishLobbyMembers=8, gameMembers=8, realNetworkGameMembers=0, gameType=3, skirmishGameType=0, skirmishTrailType=-1, coopTrailId=0, kind=CustomGame, launchVariant=Standard, allowsCustomGameMods=True, allowsRegularGameplayMods=True, campaignMapId=0, eventTrailType=-1, customizedTrailId=-1, customizedMissionId=-1, customizedOriginKind=0, conflictingCustomizedOrigin=False.
[Debug  :CastlePlanner] [2026-09-24 16:10:21.567] Game-member diagnostics: [1:self=False,host=False,ai=False,steam=0,kicked=False | 2:self=False,host=False,ai=False,steam=0,kicked=False | 3:self=False,host=False,ai=False,steam=0,kicked=False | 4:self=False,host=False,ai=False,steam=0,kicked=False | 5:self=False,host=False,ai=False,steam=0,kicked=False | 6:self=False,host=False,ai=False,steam=0,kicked=False | 7:self=False,host=False,ai=False,steam=0,kicked=False | 8:self=False,host=False,ai=False,steam=0,kicked=False].
[Debug  :CastlePlanner] [2026-09-24 16:10:21.567] Active-player diagnostics (not used for multiplayer detection): [1:ai=False | 2:ai=True | 3:ai=True | 4:ai=True | 5:ai=True | 6:ai=True | 7:ai=True | 8:ai=True].
[Debug  :CastlePlanner] [2026-09-24 16:10:21.567] Native castle spawning skipped because this is not the committed restart pass.
[Info   :  SHCDE-SE] [T1-16:10:21.567] [GameMapArchiveManagerAPI] [OnLoadMap] Loading archive from map file
[Info   :  SHCDE-SE] [T1-16:10:21.567] [GameMapArchiveManagerAPI] [LoadMapArchive] Loading archive: [E:\ProgrammeE\Steam\steamapps\common\Stronghold Crusader Definitive Edition\Stronghold Crusader Definitive Edition_Data\StreamingAssets\Maps\Crater Lake.map]
[Warning:  SHCDE-SE] [T1-16:10:21.572] [MapArchive] [.ctor] ZIP EOCD-Header not found for [E:\ProgrammeE\Steam\steamapps\common\Stronghold Crusader Definitive Edition\Stronghold Crusader Definitive Edition_Data\StreamingAssets\Maps\Crater Lake.map]. Not a valid archive.
[Info   :  SHCDE-SE] [T1-16:10:21.572] [GameMapArchiveManagerAPI] [LoadMapArchive] No existing archive found - will create on-demand if needed
[Info   :  SHCDE-SE] [T1-16:10:21.572] [ModSaveDataAPI] [ReadAllModDataFromArchive] Reading mod data from archive (IsSaveFile=False)
[Info   :  SHCDE-SE] [T1-16:10:21.572] [ModSaveDataAPI] [ReadAllModDataFromArchive] No archive exists - skipping mod data load (this is normal for new maps)
[Info   :  SHCDE-SE] [T1-16:10:21.572] [GameMapArchiveManagerAPI] [LoadMapArchive] Archive loaded (or will be created on-demand)
[Info   :  SHCDE-SE] [T1-16:10:21.572] [GameMapArchiveManagerAPI] [OnLoadMap] Archive Contents: [
]
[Info   : APIShared] [2026-09-24 16:10:21.572] MissionInitialization: session=1, source=NewGame, mode=CustomGame, phase=NativeLoaded, reason=None, started=False, replay=False.
[Info   : APIShared] [2026-09-24 16:10:22.846] MissionStart: session=1, source=NewGame, mode=CustomGame, phase=ManagedReady, reason=None, started=True, replay=False.
[Info   :Active AIV Detector] [2026-09-24 16:10:22.850] Wrote Oracle Keep-start trace: path=E:\ProgrammeE\Steam\steamapps\common\Stronghold Crusader Definitive Edition\BepInEx\plugins\ActiveAIVDetector_Serp\StartTraces\oracle-start-trace-20260924-161022-849-session001-p1-n01.tsv, playerId=1, selectionAccepted=False, postFailureFlag=0, postFailureReason=<not-applicable>, newBuildings=117, replacedBuildings=0, clearedBuildings=0, changes=224, scanMs=22,6.
[Info   :Active AIV Detector] [2026-09-24 16:10:22.856] Wrote Oracle Keep-start trace: path=E:\ProgrammeE\Steam\steamapps\common\Stronghold Crusader Definitive Edition\BepInEx\plugins\ActiveAIVDetector_Serp\StartTraces\oracle-start-trace-20260924-161022-851-session001-p2-n02.tsv, playerId=2, selectionAccepted=True, postFailureFlag=0, postFailureReason=<not-applicable>, newBuildings=117, replacedBuildings=0, clearedBuildings=0, changes=327, scanMs=44,1.
[Info   :Active AIV Detector] [2026-09-24 16:10:22.862] Wrote Oracle Keep-start trace: path=E:\ProgrammeE\Steam\steamapps\common\Stronghold Crusader Definitive Edition\BepInEx\plugins\ActiveAIVDetector_Serp\StartTraces\oracle-start-trace-20260924-161022-856-session001-p3-n03.tsv, playerId=3, selectionAccepted=True, postFailureFlag=0, postFailureReason=<not-applicable>, newBuildings=117, replacedBuildings=0, clearedBuildings=0, changes=248, scanMs=25,7.
[Info   :Active AIV Detector] [2026-09-24 16:10:22.868] Wrote Oracle Keep-start trace: path=E:\ProgrammeE\Steam\steamapps\common\Stronghold Crusader Definitive Edition\BepInEx\plugins\ActiveAIVDetector_Serp\StartTraces\oracle-start-trace-20260924-161022-862-session001-p4-n04.tsv, playerId=4, selectionAccepted=True, postFailureFlag=0, postFailureReason=<not-applicable>, newBuildings=117, replacedBuildings=0, clearedBuildings=0, changes=437, scanMs=19,4.
[Info   :Active AIV Detector] [2026-09-24 16:10:22.872] Wrote Oracle Keep-start trace: path=E:\ProgrammeE\Steam\steamapps\common\Stronghold Crusader Definitive Edition\BepInEx\plugins\ActiveAIVDetector_Serp\StartTraces\oracle-start-trace-20260924-161022-868-session001-p5-n05.tsv, playerId=5, selectionAccepted=True, postFailureFlag=0, postFailureReason=<not-applicable>, newBuildings=117, replacedBuildings=0, clearedBuildings=0, changes=273, scanMs=19,5.
[Info   :Active AIV Detector] [2026-09-24 16:10:22.877] Wrote Oracle Keep-start trace: path=E:\ProgrammeE\Steam\steamapps\common\Stronghold Crusader Definitive Edition\BepInEx\plugins\ActiveAIVDetector_Serp\StartTraces\oracle-start-trace-20260924-161022-872-session001-p6-n06.tsv, playerId=6, selectionAccepted=True, postFailureFlag=0, postFailureReason=<not-applicable>, newBuildings=117, replacedBuildings=0, clearedBuildings=0, changes=324, scanMs=19,9.
[Info   :Active AIV Detector] [2026-09-24 16:10:22.883] Wrote Oracle Keep-start trace: path=E:\ProgrammeE\Steam\steamapps\common\Stronghold Crusader Definitive Edition\BepInEx\plugins\ActiveAIVDetector_Serp\StartTraces\oracle-start-trace-20260924-161022-877-session001-p7-n07.tsv, playerId=7, selectionAccepted=True, postFailureFlag=0, postFailureReason=<not-applicable>, newBuildings=117, replacedBuildings=0, clearedBuildings=0, changes=249, scanMs=26,8.
[Info   :Bugfixes and QoL] [2026-09-24 16:10:22.883] RUNTIME_ACTIVE: firstTick=1.
[Info   :Waterboy Target Reservation Test] [2026-09-24 16:10:22.884] Waterboy target reservation runtime reached OnGameTick after startup cleanup; the permanent native and managed hooks remain active.
[Info   :Active AIV Detector] [2026-09-24 16:10:22.887] Wrote Oracle Keep-start trace: path=E:\ProgrammeE\Steam\steamapps\common\Stronghold Crusader Definitive Edition\BepInEx\plugins\ActiveAIVDetector_Serp\StartTraces\oracle-start-trace-20260924-161022-883-session001-p8-n08.tsv, playerId=8, selectionAccepted=True, postFailureFlag=0, postFailureReason=<not-applicable>, newBuildings=117, replacedBuildings=0, clearedBuildings=0, changes=386, scanMs=19,1.
[Info   :Active AIV Detector] [2026-09-24 16:10:22.887] Oracle Keep-start capture summary: mapLoadSequence=1, captured=8, incomplete=False.
[Info   :Active AIV Detector] [2026-09-24 16:10:22.888] AIV placement oracle selection #1: mapName=<unknown>, mapFile=E:\ProgrammeE\Steam\steamapps\common\Stronghold Crusader Definitive Edition\Stronghold Crusader Definitive Edition_Data\StreamingAssets\Maps\Crater Lake.map, mapFileSha256=c5d9906aa37ed96ec1cf9b3eb0c7f6fb5b3e1d8063167fe22337e69c153bb887, nativeDllSha256=fbcb93195fc7efca9bdac5204852efdd76f9818f59a6711750d77c9cef2831e2, preBuildSetting=0, nativeStartOptions=mode=99,option2F0=0,option2F4=1,option2F8=4294967296, playerId=2, method=SelectBestFit, tryOtherRotations=True, aivSpecIndex=1, attempts=1, finalCandidateId=0, finalAivName=Default 6, finalAivJson=E:\ProgrammeE\Steam\steamapps\common\Stronghold Crusader Definitive Edition\BepInEx\plugins\ActiveAIVDetector_Serp\VanillaAIV\nizar6.aivjson, finalAivJsonSha256=1d86b141261297706ad65f60d870a3ae30a8c0da05b6b3b1d4d923c702cb11ad, finalOrientation=6 (270 degrees), placementState=2 (complete fit), directReturnSigned=<not-applicable>, confirmationPoint=OnStartMap(Post).
[Info   :Active AIV Detector] [2026-09-24 16:10:22.888] AIV placement oracle attempt #1.1: mapName=<unknown>, mapFile=E:\ProgrammeE\Steam\steamapps\common\Stronghold Crusader Definitive Edition\Stronghold Crusader Definitive Edition_Data\StreamingAssets\Maps\Crater Lake.map, mapFileSha256=c5d9906aa37ed96ec1cf9b3eb0c7f6fb5b3e1d8063167fe22337e69c153bb887, preBuildSetting=0, playerId=2, method=SelectBestFit, candidateId=0, aivName=Default 6, aivJson=E:\ProgrammeE\Steam\steamapps\common\Stronghold Crusader Definitive Edition\BepInEx\plugins\ActiveAIVDetector_Serp\VanillaAIV\nizar6.aivjson, aivJsonSha256=1d86b141261297706ad65f60d870a3ae30a8c0da05b6b3b1d4d923c702cb11ad, orientation=6 (270 degrees), result=Complete, rawFitScore=999999, fitPercent=100, evaluatedCells=2352, blockedCells=0, origin=(198,231), keepReference=(241,274).
[Info   :Active AIV Detector] [2026-09-24 16:10:22.897] Wrote opt-in AIV cell trace: path=E:\ProgrammeE\Steam\steamapps\common\Stronghold Crusader Definitive Edition\BepInEx\plugins\ActiveAIVDetector_Serp\CellTraces\oracle-cell-trace-20260924-161021-327-p2-c0-r6-keep241-274.tsv, rows=2352, nativeBlocked=0, resultGridBlocked=0, validatorCalls=2352, validatorBlocked=0.
[Info   :Active AIV Detector] [2026-09-24 16:10:22.898] Wrote opt-in live building grid: path=E:\ProgrammeE\Steam\steamapps\common\Stronghold Crusader Definitive Edition\BepInEx\plugins\ActiveAIVDetector_Serp\CellTraces\oracle-live-building-grid-20260924-161021-327-p2-r6-keep241-274.tsv, occupiedCells=592.
[Info   :Active AIV Detector] [2026-09-24 16:10:22.899] AIV placement oracle selection #2: mapName=<unknown>, mapFile=E:\ProgrammeE\Steam\steamapps\common\Stronghold Crusader Definitive Edition\Stronghold Crusader Definitive Edition_Data\StreamingAssets\Maps\Crater Lake.map, mapFileSha256=c5d9906aa37ed96ec1cf9b3eb0c7f6fb5b3e1d8063167fe22337e69c153bb887, nativeDllSha256=fbcb93195fc7efca9bdac5204852efdd76f9818f59a6711750d77c9cef2831e2, preBuildSetting=0, nativeStartOptions=mode=99,option2F0=0,option2F4=1,option2F8=4294967296, playerId=3, method=SelectBestFit, tryOtherRotations=True, aivSpecIndex=2, attempts=1, finalCandidateId=0, finalAivName=Default 8, finalAivJson=E:\ProgrammeE\Steam\steamapps\common\Stronghold Crusader Definitive Edition\BepInEx\plugins\ActiveAIVDetector_Serp\VanillaAIV\wolf8.aivjson, finalAivJsonSha256=0e59ca19225bfa86472a4b2a939ac8c97a1d6301e0fcc00b36cb998dd36eedd2, finalOrientation=0 (0 degrees), placementState=2 (complete fit), directReturnSigned=<not-applicable>, confirmationPoint=OnStartMap(Post).
[Info   :Active AIV Detector] [2026-09-24 16:10:22.899] AIV placement oracle attempt #2.1: mapName=<unknown>, mapFile=E:\ProgrammeE\Steam\steamapps\common\Stronghold Crusader Definitive Edition\Stronghold Crusader Definitive Edition_Data\StreamingAssets\Maps\Crater Lake.map, mapFileSha256=c5d9906aa37ed96ec1cf9b3eb0c7f6fb5b3e1d8063167fe22337e69c153bb887, preBuildSetting=0, playerId=3, method=SelectBestFit, candidateId=0, aivName=Default 8, aivJson=E:\ProgrammeE\Steam\steamapps\common\Stronghold Crusader Definitive Edition\BepInEx\plugins\ActiveAIVDetector_Serp\VanillaAIV\wolf8.aivjson, aivJsonSha256=0e59ca19225bfa86472a4b2a939ac8c97a1d6301e0fcc00b36cb998dd36eedd2, orientation=0 (0 degrees), result=Complete, rawFitScore=999999, fitPercent=100, evaluatedCells=2068, blockedCells=0, origin=(211,537), keepReference=(254,580).
[Info   :Active AIV Detector] [2026-09-24 16:10:22.904] Wrote opt-in AIV cell trace: path=E:\ProgrammeE\Steam\steamapps\common\Stronghold Crusader Definitive Edition\BepInEx\plugins\ActiveAIVDetector_Serp\CellTraces\oracle-cell-trace-20260924-161021-378-p3-c0-r0-keep254-580.tsv, rows=2068, nativeBlocked=0, resultGridBlocked=0, validatorCalls=2068, validatorBlocked=0.
[Info   :Active AIV Detector] [2026-09-24 16:10:22.905] Wrote opt-in live building grid: path=E:\ProgrammeE\Steam\steamapps\common\Stronghold Crusader Definitive Edition\BepInEx\plugins\ActiveAIVDetector_Serp\CellTraces\oracle-live-building-grid-20260924-161021-378-p3-r0-keep254-580.tsv, occupiedCells=709.
[Info   :Active AIV Detector] [2026-09-24 16:10:22.905] AIV placement oracle selection #3: mapName=<unknown>, mapFile=E:\ProgrammeE\Steam\steamapps\common\Stronghold Crusader Definitive Edition\Stronghold Crusader Definitive Edition_Data\StreamingAssets\Maps\Crater Lake.map, mapFileSha256=c5d9906aa37ed96ec1cf9b3eb0c7f6fb5b3e1d8063167fe22337e69c153bb887, nativeDllSha256=fbcb93195fc7efca9bdac5204852efdd76f9818f59a6711750d77c9cef2831e2, preBuildSetting=0, nativeStartOptions=mode=99,option2F0=0,option2F4=1,option2F8=4294967296, playerId=4, method=SelectBestFit, tryOtherRotations=True, aivSpecIndex=3, attempts=1, finalCandidateId=0, finalAivName=Default 7, finalAivJson=E:\ProgrammeE\Steam\steamapps\common\Stronghold Crusader Definitive Edition\BepInEx\plugins\ActiveAIVDetector_Serp\VanillaAIV\marshal7.aivjson, finalAivJsonSha256=384abb01e5b4c0ff36ceddeac64c3a8dc8151d0113d1189a32d8c7feb9bb337f, finalOrientation=4 (180 degrees), placementState=2 (complete fit), directReturnSigned=<not-applicable>, confirmationPoint=OnStartMap(Post).
[Info   :Active AIV Detector] [2026-09-24 16:10:22.906] AIV placement oracle attempt #3.1: mapName=<unknown>, mapFile=E:\ProgrammeE\Steam\steamapps\common\Stronghold Crusader Definitive Edition\Stronghold Crusader Definitive Edition_Data\StreamingAssets\Maps\Crater Lake.map, mapFileSha256=c5d9906aa37ed96ec1cf9b3eb0c7f6fb5b3e1d8063167fe22337e69c153bb887, preBuildSetting=0, playerId=4, method=SelectBestFit, candidateId=0, aivName=Default 7, aivJson=E:\ProgrammeE\Steam\steamapps\common\Stronghold Crusader Definitive Edition\BepInEx\plugins\ActiveAIVDetector_Serp\VanillaAIV\marshal7.aivjson, aivJsonSha256=384abb01e5b4c0ff36ceddeac64c3a8dc8151d0113d1189a32d8c7feb9bb337f, orientation=4 (180 degrees), result=Complete, rawFitScore=999999, fitPercent=100, evaluatedCells=1770, blockedCells=0, origin=(482,231), keepReference=(525,274).
[Info   :Active AIV Detector] [2026-09-24 16:10:22.909] Wrote opt-in AIV cell trace: path=E:\ProgrammeE\Steam\steamapps\common\Stronghold Crusader Definitive Edition\BepInEx\plugins\ActiveAIVDetector_Serp\CellTraces\oracle-cell-trace-20260924-161021-414-p4-c0-r4-keep525-274.tsv, rows=1770, nativeBlocked=0, resultGridBlocked=0, validatorCalls=1770, validatorBlocked=0.
[Info   :Active AIV Detector] [2026-09-24 16:10:22.911] Wrote opt-in live building grid: path=E:\ProgrammeE\Steam\steamapps\common\Stronghold Crusader Definitive Edition\BepInEx\plugins\ActiveAIVDetector_Serp\CellTraces\oracle-live-building-grid-20260924-161021-414-p4-r4-keep525-274.tsv, occupiedCells=826.
[Info   :Active AIV Detector] [2026-09-24 16:10:22.911] AIV placement oracle selection #4: mapName=<unknown>, mapFile=E:\ProgrammeE\Steam\steamapps\common\Stronghold Crusader Definitive Edition\Stronghold Crusader Definitive Edition_Data\StreamingAssets\Maps\Crater Lake.map, mapFileSha256=c5d9906aa37ed96ec1cf9b3eb0c7f6fb5b3e1d8063167fe22337e69c153bb887, nativeDllSha256=fbcb93195fc7efca9bdac5204852efdd76f9818f59a6711750d77c9cef2831e2, preBuildSetting=0, nativeStartOptions=mode=99,option2F0=0,option2F4=1,option2F8=4294967296, playerId=5, method=SelectBestFit, tryOtherRotations=True, aivSpecIndex=4, attempts=1, finalCandidateId=0, finalAivName=Default 1, finalAivJson=E:\ProgrammeE\Steam\steamapps\common\Stronghold Crusader Definitive Edition\BepInEx\plugins\ActiveAIVDetector_Serp\VanillaAIV\emir1.aivjson, finalAivJsonSha256=ffa393f8dfb7899742c7647645d3cd3fa582090c7770cf9d32d89c96d46bd658, finalOrientation=4 (180 degrees), placementState=2 (complete fit), directReturnSigned=<not-applicable>, confirmationPoint=OnStartMap(Post).
[Info   :Active AIV Detector] [2026-09-24 16:10:22.911] AIV placement oracle attempt #4.1: mapName=<unknown>, mapFile=E:\ProgrammeE\Steam\steamapps\common\Stronghold Crusader Definitive Edition\Stronghold Crusader Definitive Edition_Data\StreamingAssets\Maps\Crater Lake.map, mapFileSha256=c5d9906aa37ed96ec1cf9b3eb0c7f6fb5b3e1d8063167fe22337e69c153bb887, preBuildSetting=0, playerId=5, method=SelectBestFit, candidateId=0, aivName=Default 1, aivJson=E:\ProgrammeE\Steam\steamapps\common\Stronghold Crusader Definitive Edition\BepInEx\plugins\ActiveAIVDetector_Serp\VanillaAIV\emir1.aivjson, aivJsonSha256=ffa393f8dfb7899742c7647645d3cd3fa582090c7770cf9d32d89c96d46bd658, orientation=4 (180 degrees), result=Complete, rawFitScore=999999, fitPercent=100, evaluatedCells=2616, blockedCells=0, origin=(363,78), keepReference=(406,121).
[Info   :Active AIV Detector] [2026-09-24 16:10:22.922] Wrote opt-in AIV cell trace: path=E:\ProgrammeE\Steam\steamapps\common\Stronghold Crusader Definitive Edition\BepInEx\plugins\ActiveAIVDetector_Serp\CellTraces\oracle-cell-trace-20260924-161021-437-p5-c0-r4-keep406-121.tsv, rows=2616, nativeBlocked=0, resultGridBlocked=0, validatorCalls=2616, validatorBlocked=0.
[Info   :Active AIV Detector] [2026-09-24 16:10:22.923] Wrote opt-in live building grid: path=E:\ProgrammeE\Steam\steamapps\common\Stronghold Crusader Definitive Edition\BepInEx\plugins\ActiveAIVDetector_Serp\CellTraces\oracle-live-building-grid-20260924-161021-437-p5-r4-keep406-121.tsv, occupiedCells=943.
[Info   :Active AIV Detector] [2026-09-24 16:10:22.923] AIV placement oracle selection #5: mapName=<unknown>, mapFile=E:\ProgrammeE\Steam\steamapps\common\Stronghold Crusader Definitive Edition\Stronghold Crusader Definitive Edition_Data\StreamingAssets\Maps\Crater Lake.map, mapFileSha256=c5d9906aa37ed96ec1cf9b3eb0c7f6fb5b3e1d8063167fe22337e69c153bb887, nativeDllSha256=fbcb93195fc7efca9bdac5204852efdd76f9818f59a6711750d77c9cef2831e2, preBuildSetting=0, nativeStartOptions=mode=99,option2F0=0,option2F4=1,option2F8=4294967296, playerId=6, method=SelectBestFit, tryOtherRotations=True, aivSpecIndex=5, attempts=4, finalCandidateId=0, finalAivName=Default 2, finalAivJson=E:\ProgrammeE\Steam\steamapps\common\Stronghold Crusader Definitive Edition\BepInEx\plugins\ActiveAIVDetector_Serp\VanillaAIV\abbot2.aivjson, finalAivJsonSha256=486ff3d30ba01c407d039d367a53b1391fd9f2feff500eb82e420cb297afdf07, finalOrientation=6 (270 degrees), placementState=1 (best partial fit), directReturnSigned=<not-applicable>, confirmationPoint=OnStartMap(Post).
[Info   :Active AIV Detector] [2026-09-24 16:10:22.923] AIV placement oracle attempt #5.1: mapName=<unknown>, mapFile=E:\ProgrammeE\Steam\steamapps\common\Stronghold Crusader Definitive Edition\Stronghold Crusader Definitive Edition_Data\StreamingAssets\Maps\Crater Lake.map, mapFileSha256=c5d9906aa37ed96ec1cf9b3eb0c7f6fb5b3e1d8063167fe22337e69c153bb887, preBuildSetting=0, playerId=6, method=SelectBestFit, candidateId=0, aivName=Default 2, aivJson=E:\ProgrammeE\Steam\steamapps\common\Stronghold Crusader Definitive Edition\BepInEx\plugins\ActiveAIVDetector_Serp\VanillaAIV\abbot2.aivjson, aivJsonSha256=486ff3d30ba01c407d039d367a53b1391fd9f2feff500eb82e420cb297afdf07, orientation=6 (270 degrees), result=Partial, rawFitScore=18, fitPercent=96, evaluatedCells=2870, blockedCells=90, origin=(144,364), keepReference=(187,407).
[Info   :Active AIV Detector] [2026-09-24 16:10:22.934] Wrote opt-in AIV cell trace: path=E:\ProgrammeE\Steam\steamapps\common\Stronghold Crusader Definitive Edition\BepInEx\plugins\ActiveAIVDetector_Serp\CellTraces\oracle-cell-trace-20260924-161021-459-p6-c0-r6-keep187-407.tsv, rows=2870, nativeBlocked=90, resultGridBlocked=90, validatorCalls=2870, validatorBlocked=90.
[Info   :Active AIV Detector] [2026-09-24 16:10:22.935] Wrote opt-in live building grid: path=E:\ProgrammeE\Steam\steamapps\common\Stronghold Crusader Definitive Edition\BepInEx\plugins\ActiveAIVDetector_Serp\CellTraces\oracle-live-building-grid-20260924-161021-459-p6-r6-keep187-407.tsv, occupiedCells=1060.
[Info   :Active AIV Detector] [2026-09-24 16:10:22.935] AIV placement oracle attempt #5.2: mapName=<unknown>, mapFile=E:\ProgrammeE\Steam\steamapps\common\Stronghold Crusader Definitive Edition\Stronghold Crusader Definitive Edition_Data\StreamingAssets\Maps\Crater Lake.map, mapFileSha256=c5d9906aa37ed96ec1cf9b3eb0c7f6fb5b3e1d8063167fe22337e69c153bb887, preBuildSetting=0, playerId=6, method=SelectBestFit, candidateId=0, aivName=Default 2, aivJson=E:\ProgrammeE\Steam\steamapps\common\Stronghold Crusader Definitive Edition\BepInEx\plugins\ActiveAIVDetector_Serp\VanillaAIV\abbot2.aivjson, aivJsonSha256=486ff3d30ba01c407d039d367a53b1391fd9f2feff500eb82e420cb297afdf07, orientation=0 (0 degrees), result=Partial, rawFitScore=14, fitPercent=91, evaluatedCells=2870, blockedCells=244, origin=(144,364), keepReference=(187,407).
[Info   :Active AIV Detector] [2026-09-24 16:10:22.954] Wrote opt-in AIV cell trace: path=E:\ProgrammeE\Steam\steamapps\common\Stronghold Crusader Definitive Edition\BepInEx\plugins\ActiveAIVDetector_Serp\CellTraces\oracle-cell-trace-20260924-161021-460-p6-c0-r0-keep187-407.tsv, rows=2870, nativeBlocked=244, resultGridBlocked=244, validatorCalls=2870, validatorBlocked=244.
[Info   :Active AIV Detector] [2026-09-24 16:10:22.956] Wrote opt-in live building grid: path=E:\ProgrammeE\Steam\steamapps\common\Stronghold Crusader Definitive Edition\BepInEx\plugins\ActiveAIVDetector_Serp\CellTraces\oracle-live-building-grid-20260924-161021-460-p6-r0-keep187-407.tsv, occupiedCells=1060.
[Info   :Active AIV Detector] [2026-09-24 16:10:22.956] AIV placement oracle attempt #5.3: mapName=<unknown>, mapFile=E:\ProgrammeE\Steam\steamapps\common\Stronghold Crusader Definitive Edition\Stronghold Crusader Definitive Edition_Data\StreamingAssets\Maps\Crater Lake.map, mapFileSha256=c5d9906aa37ed96ec1cf9b3eb0c7f6fb5b3e1d8063167fe22337e69c153bb887, preBuildSetting=0, playerId=6, method=SelectBestFit, candidateId=0, aivName=Default 2, aivJson=E:\ProgrammeE\Steam\steamapps\common\Stronghold Crusader Definitive Edition\BepInEx\plugins\ActiveAIVDetector_Serp\VanillaAIV\abbot2.aivjson, aivJsonSha256=486ff3d30ba01c407d039d367a53b1391fd9f2feff500eb82e420cb297afdf07, orientation=2 (90 degrees), result=Partial, rawFitScore=26, fitPercent=97, evaluatedCells=2870, blockedCells=82, origin=(144,364), keepReference=(187,407).
[Info   :Active AIV Detector] [2026-09-24 16:10:22.977] Wrote opt-in AIV cell trace: path=E:\ProgrammeE\Steam\steamapps\common\Stronghold Crusader Definitive Edition\BepInEx\plugins\ActiveAIVDetector_Serp\CellTraces\oracle-cell-trace-20260924-161021-460-p6-c0-r2-keep187-407.tsv, rows=2870, nativeBlocked=82, resultGridBlocked=82, validatorCalls=2870, validatorBlocked=82.
[Info   :Active AIV Detector] [2026-09-24 16:10:22.977] Wrote opt-in live building grid: path=E:\ProgrammeE\Steam\steamapps\common\Stronghold Crusader Definitive Edition\BepInEx\plugins\ActiveAIVDetector_Serp\CellTraces\oracle-live-building-grid-20260924-161021-460-p6-r2-keep187-407.tsv, occupiedCells=1060.
[Info   :Active AIV Detector] [2026-09-24 16:10:22.978] AIV placement oracle attempt #5.4: mapName=<unknown>, mapFile=E:\ProgrammeE\Steam\steamapps\common\Stronghold Crusader Definitive Edition\Stronghold Crusader Definitive Edition_Data\StreamingAssets\Maps\Crater Lake.map, mapFileSha256=c5d9906aa37ed96ec1cf9b3eb0c7f6fb5b3e1d8063167fe22337e69c153bb887, preBuildSetting=0, playerId=6, method=SelectBestFit, candidateId=0, aivName=Default 2, aivJson=E:\ProgrammeE\Steam\steamapps\common\Stronghold Crusader Definitive Edition\BepInEx\plugins\ActiveAIVDetector_Serp\VanillaAIV\abbot2.aivjson, aivJsonSha256=486ff3d30ba01c407d039d367a53b1391fd9f2feff500eb82e420cb297afdf07, orientation=4 (180 degrees), result=Partial, rawFitScore=13, fitPercent=90, evaluatedCells=2870, blockedCells=259, origin=(144,364), keepReference=(187,407).
[Info   :Active AIV Detector] [2026-09-24 16:10:22.985] Wrote opt-in AIV cell trace: path=E:\ProgrammeE\Steam\steamapps\common\Stronghold Crusader Definitive Edition\BepInEx\plugins\ActiveAIVDetector_Serp\CellTraces\oracle-cell-trace-20260924-161021-462-p6-c0-r4-keep187-407.tsv, rows=2870, nativeBlocked=259, resultGridBlocked=259, validatorCalls=2870, validatorBlocked=259.
[Info   :Active AIV Detector] [2026-09-24 16:10:22.986] Wrote opt-in live building grid: path=E:\ProgrammeE\Steam\steamapps\common\Stronghold Crusader Definitive Edition\BepInEx\plugins\ActiveAIVDetector_Serp\CellTraces\oracle-live-building-grid-20260924-161021-462-p6-r4-keep187-407.tsv, occupiedCells=1060.
[Info   :Active AIV Detector] [2026-09-24 16:10:22.986] AIV placement oracle selection #6: mapName=<unknown>, mapFile=E:\ProgrammeE\Steam\steamapps\common\Stronghold Crusader Definitive Edition\Stronghold Crusader Definitive Edition_Data\StreamingAssets\Maps\Crater Lake.map, mapFileSha256=c5d9906aa37ed96ec1cf9b3eb0c7f6fb5b3e1d8063167fe22337e69c153bb887, nativeDllSha256=fbcb93195fc7efca9bdac5204852efdd76f9818f59a6711750d77c9cef2831e2, preBuildSetting=0, nativeStartOptions=mode=99,option2F0=0,option2F4=1,option2F8=4294967296, playerId=7, method=SelectBestFit, tryOtherRotations=True, aivSpecIndex=6, attempts=1, finalCandidateId=0, finalAivName=Default 5, finalAivJson=E:\ProgrammeE\Steam\steamapps\common\Stronghold Crusader Definitive Edition\BepInEx\plugins\ActiveAIVDetector_Serp\VanillaAIV\jewel5.aivjson, finalAivJsonSha256=fe15c680d1515b8b401f1edb19b99f79cdb726e0169cf2db096df6c139a46eb8, finalOrientation=4 (180 degrees), placementState=2 (complete fit), directReturnSigned=<not-applicable>, confirmationPoint=OnStartMap(Post).
[Info   :Active AIV Detector] [2026-09-24 16:10:22.987] AIV placement oracle attempt #6.1: mapName=<unknown>, mapFile=E:\ProgrammeE\Steam\steamapps\common\Stronghold Crusader Definitive Edition\Stronghold Crusader Definitive Edition_Data\StreamingAssets\Maps\Crater Lake.map, mapFileSha256=c5d9906aa37ed96ec1cf9b3eb0c7f6fb5b3e1d8063167fe22337e69c153bb887, preBuildSetting=0, playerId=7, method=SelectBestFit, candidateId=0, aivName=Default 5, aivJson=E:\ProgrammeE\Steam\steamapps\common\Stronghold Crusader Definitive Edition\BepInEx\plugins\ActiveAIVDetector_Serp\VanillaAIV\jewel5.aivjson, aivJsonSha256=fe15c680d1515b8b401f1edb19b99f79cdb726e0169cf2db096df6c139a46eb8, orientation=4 (180 degrees), result=Complete, rawFitScore=999999, fitPercent=100, evaluatedCells=2077, blockedCells=0, origin=(336,310), keepReference=(379,353).
[Info   :Active AIV Detector] [2026-09-24 16:10:22.992] Wrote opt-in AIV cell trace: path=E:\ProgrammeE\Steam\steamapps\common\Stronghold Crusader Definitive Edition\BepInEx\plugins\ActiveAIVDetector_Serp\CellTraces\oracle-cell-trace-20260924-161021-484-p7-c0-r4-keep379-353.tsv, rows=2077, nativeBlocked=0, resultGridBlocked=0, validatorCalls=2077, validatorBlocked=0.
[Info   :Active AIV Detector] [2026-09-24 16:10:22.994] Wrote opt-in live building grid: path=E:\ProgrammeE\Steam\steamapps\common\Stronghold Crusader Definitive Edition\BepInEx\plugins\ActiveAIVDetector_Serp\CellTraces\oracle-live-building-grid-20260924-161021-484-p7-r4-keep379-353.tsv, occupiedCells=1177.
[Info   :Active AIV Detector] [2026-09-24 16:10:22.994] AIV placement oracle selection #7: mapName=<unknown>, mapFile=E:\ProgrammeE\Steam\steamapps\common\Stronghold Crusader Definitive Edition\Stronghold Crusader Definitive Edition_Data\StreamingAssets\Maps\Crater Lake.map, mapFileSha256=c5d9906aa37ed96ec1cf9b3eb0c7f6fb5b3e1d8063167fe22337e69c153bb887, nativeDllSha256=fbcb93195fc7efca9bdac5204852efdd76f9818f59a6711750d77c9cef2831e2, preBuildSetting=0, nativeStartOptions=mode=99,option2F0=0,option2F4=1,option2F8=4294967296, playerId=8, method=SelectBestFit, tryOtherRotations=True, aivSpecIndex=7, attempts=1, finalCandidateId=0, finalAivName=Default 4, finalAivJson=E:\ProgrammeE\Steam\steamapps\common\Stronghold Crusader Definitive Edition\BepInEx\plugins\ActiveAIVDetector_Serp\VanillaAIV\nomad4.aivjson, finalAivJsonSha256=54a4bef2e38baf573124a9075a95ce0d94a3ea1941282f4af0b09481a421693b, finalOrientation=0 (0 degrees), placementState=2 (complete fit), directReturnSigned=<not-applicable>, confirmationPoint=OnStartMap(Post).
[Info   :Active AIV Detector] [2026-09-24 16:10:22.994] AIV placement oracle attempt #7.1: mapName=<unknown>, mapFile=E:\ProgrammeE\Steam\steamapps\common\Stronghold Crusader Definitive Edition\Stronghold Crusader Definitive Edition_Data\StreamingAssets\Maps\Crater Lake.map, mapFileSha256=c5d9906aa37ed96ec1cf9b3eb0c7f6fb5b3e1d8063167fe22337e69c153bb887, preBuildSetting=0, playerId=8, method=SelectBestFit, candidateId=0, aivName=Default 4, aivJson=E:\ProgrammeE\Steam\steamapps\common\Stronghold Crusader Definitive Edition\BepInEx\plugins\ActiveAIVDetector_Serp\VanillaAIV\nomad4.aivjson, aivJsonSha256=54a4bef2e38baf573124a9075a95ce0d94a3ea1941282f4af0b09481a421693b, orientation=0 (0 degrees), result=Complete, rawFitScore=999999, fitPercent=100, evaluatedCells=534, blockedCells=0, origin=(380,624), keepReference=(423,667).
[Info   :Active AIV Detector] [2026-09-24 16:10:22.996] Wrote opt-in AIV cell trace: path=E:\ProgrammeE\Steam\steamapps\common\Stronghold Crusader Definitive Edition\BepInEx\plugins\ActiveAIVDetector_Serp\CellTraces\oracle-cell-trace-20260924-161021-515-p8-c0-r0-keep423-667.tsv, rows=534, nativeBlocked=0, resultGridBlocked=0, validatorCalls=534, validatorBlocked=0.
[Info   :Active AIV Detector] [2026-09-24 16:10:22.997] Wrote opt-in live building grid: path=E:\ProgrammeE\Steam\steamapps\common\Stronghold Crusader Definitive Edition\BepInEx\plugins\ActiveAIVDetector_Serp\CellTraces\oracle-live-building-grid-20260924-161021-515-p8-r0-keep423-667.tsv, occupiedCells=1294.
[Info   :Active AIV Detector] [2026-09-24 16:10:23.000] Active AIV confirmed #1: playerId=2, lord=NIZAR, baseLordEnum=SK_NIZAR, runtimeLordEnum=SK_NIZAR, lordJson=E:\ProgrammeE\Steam\steamapps\common\Stronghold Crusader Definitive Edition\BepInEx\plugins\ActiveAIVDetector_Serp\VanillaAIC\Nizar.lordjson, lordConfigChecksum=<not-applicable>, lordJsonSha256=361070a6c6c91b7733d07182d916fdbfbd3d8242e5103031182312d00643d9b7, lordConfigEffectiveSource=embedded game data; bundled lordJson exists but its manifest does not match the installed CrusaderDE.dll, aivMode=Default, candidateId=0, aivName=Default 6, aivJson=E:\ProgrammeE\Steam\steamapps\common\Stronghold Crusader Definitive Edition\BepInEx\plugins\ActiveAIVDetector_Serp\VanillaAIV\nizar6.aivjson, aivJsonSha256=1d86b141261297706ad65f60d870a3ae30a8c0da05b6b3b1d4d923c702cb11ad, checksum=6, effectiveSource=embedded game data; bundled aivJson is the equivalent official editor file and is not read by the game, aivSpecIndex=1, orientation=6 (270 degrees), placementState=2 (complete fit), confirmationPoint=OnStartMap(Post).
[Info   :Active AIV Detector] [2026-09-24 16:10:23.001] Active AIV confirmed #2: playerId=3, lord=WOLF, baseLordEnum=SK_WOLF, runtimeLordEnum=SK_WOLF, lordJson=E:\ProgrammeE\Steam\steamapps\common\Stronghold Crusader Definitive Edition\BepInEx\plugins\ActiveAIVDetector_Serp\VanillaAIC\Wolf.lordjson, lordConfigChecksum=<not-applicable>, lordJsonSha256=c79627657a2ee5f402a3deea637fefdc8467876f92edf3a8c2aad17b8af2e2c1, lordConfigEffectiveSource=embedded game data; bundled lordJson exists but its manifest does not match the installed CrusaderDE.dll, aivMode=Default, candidateId=0, aivName=Default 8, aivJson=E:\ProgrammeE\Steam\steamapps\common\Stronghold Crusader Definitive Edition\BepInEx\plugins\ActiveAIVDetector_Serp\VanillaAIV\wolf8.aivjson, aivJsonSha256=0e59ca19225bfa86472a4b2a939ac8c97a1d6301e0fcc00b36cb998dd36eedd2, checksum=8, effectiveSource=embedded game data; bundled aivJson is the equivalent official editor file and is not read by the game, aivSpecIndex=2, orientation=0 (0 degrees), placementState=2 (complete fit), confirmationPoint=OnStartMap(Post).
[Info   :Active AIV Detector] [2026-09-24 16:10:23.002] Active AIV confirmed #3: playerId=4, lord=MARSHAL, baseLordEnum=SK_MARSHAL, runtimeLordEnum=SK_MARSHAL, lordJson=E:\ProgrammeE\Steam\steamapps\common\Stronghold Crusader Definitive Edition\BepInEx\plugins\ActiveAIVDetector_Serp\VanillaAIC\Marshal.lordjson, lordConfigChecksum=<not-applicable>, lordJsonSha256=5814c0445a51d1dabb346ac61e2e9b7573ebc707ac265287e00aa6faf14c4bd9, lordConfigEffectiveSource=embedded game data; bundled lordJson exists but its manifest does not match the installed CrusaderDE.dll, aivMode=Default, candidateId=0, aivName=Default 7, aivJson=E:\ProgrammeE\Steam\steamapps\common\Stronghold Crusader Definitive Edition\BepInEx\plugins\ActiveAIVDetector_Serp\VanillaAIV\marshal7.aivjson, aivJsonSha256=384abb01e5b4c0ff36ceddeac64c3a8dc8151d0113d1189a32d8c7feb9bb337f, checksum=7, effectiveSource=embedded game data; bundled aivJson is the equivalent official editor file and is not read by the game, aivSpecIndex=3, orientation=4 (180 degrees), placementState=2 (complete fit), confirmationPoint=OnStartMap(Post).
[Info   :Active AIV Detector] [2026-09-24 16:10:23.003] Active AIV confirmed #4: playerId=5, lord=EMIR, baseLordEnum=SK_EMIR, runtimeLordEnum=SK_EMIR, lordJson=E:\ProgrammeE\Steam\steamapps\common\Stronghold Crusader Definitive Edition\BepInEx\plugins\ActiveAIVDetector_Serp\VanillaAIC\Emir.lordjson, lordConfigChecksum=<not-applicable>, lordJsonSha256=b947bf4baee3fc7529db6c598df6f2a2bd7372b819cf8c6438014294fb14c8fe, lordConfigEffectiveSource=embedded game data; bundled lordJson exists but its manifest does not match the installed CrusaderDE.dll, aivMode=Default, candidateId=0, aivName=Default 1, aivJson=E:\ProgrammeE\Steam\steamapps\common\Stronghold Crusader Definitive Edition\BepInEx\plugins\ActiveAIVDetector_Serp\VanillaAIV\emir1.aivjson, aivJsonSha256=ffa393f8dfb7899742c7647645d3cd3fa582090c7770cf9d32d89c96d46bd658, checksum=1, effectiveSource=embedded game data; bundled aivJson is the equivalent official editor file and is not read by the game, aivSpecIndex=4, orientation=4 (180 degrees), placementState=2 (complete fit), confirmationPoint=OnStartMap(Post).
[Info   :Active AIV Detector] [2026-09-24 16:10:23.008] Active AIV confirmed #5: playerId=6, lord=ABBOT, baseLordEnum=SK_ABBOT, runtimeLordEnum=SK_ABBOT, lordJson=E:\ProgrammeE\Steam\steamapps\common\Stronghold Crusader Definitive Edition\BepInEx\plugins\ActiveAIVDetector_Serp\VanillaAIC\Abbot.lordjson, lordConfigChecksum=<not-applicable>, lordJsonSha256=2c85a98288333cf49833a6f64af7aee38b7c97050d2826414df9893414f3a8e8, lordConfigEffectiveSource=embedded game data; bundled lordJson exists but its manifest does not match the installed CrusaderDE.dll, aivMode=Default, candidateId=0, aivName=Default 2, aivJson=E:\ProgrammeE\Steam\steamapps\common\Stronghold Crusader Definitive Edition\BepInEx\plugins\ActiveAIVDetector_Serp\VanillaAIV\abbot2.aivjson, aivJsonSha256=486ff3d30ba01c407d039d367a53b1391fd9f2feff500eb82e420cb297afdf07, checksum=2, effectiveSource=embedded game data; bundled aivJson is the equivalent official editor file and is not read by the game, aivSpecIndex=5, orientation=6 (270 degrees), placementState=1 (best partial fit), confirmationPoint=OnStartMap(Post).
[Info   :Active AIV Detector] [2026-09-24 16:10:23.008] Active AIV confirmed #6: playerId=7, lord=JEWEL, baseLordEnum=SK_JEWEL, runtimeLordEnum=SK_JEWEL, lordJson=E:\ProgrammeE\Steam\steamapps\common\Stronghold Crusader Definitive Edition\BepInEx\plugins\ActiveAIVDetector_Serp\VanillaAIC\Jewel.lordjson, lordConfigChecksum=<not-applicable>, lordJsonSha256=0560a1e700e5e33f521b3b5919d512051c5c750408da6d672fa552f6733f345a, lordConfigEffectiveSource=embedded game data; bundled lordJson exists but its manifest does not match the installed CrusaderDE.dll, aivMode=Default, candidateId=0, aivName=Default 5, aivJson=E:\ProgrammeE\Steam\steamapps\common\Stronghold Crusader Definitive Edition\BepInEx\plugins\ActiveAIVDetector_Serp\VanillaAIV\jewel5.aivjson, aivJsonSha256=fe15c680d1515b8b401f1edb19b99f79cdb726e0169cf2db096df6c139a46eb8, checksum=5, effectiveSource=embedded game data; bundled aivJson is the equivalent official editor file and is not read by the game, aivSpecIndex=6, orientation=4 (180 degrees), placementState=2 (complete fit), confirmationPoint=OnStartMap(Post).
[Info   :Active AIV Detector] [2026-09-24 16:10:23.013] Active AIV confirmed #7: playerId=8, lord=NOMAD, baseLordEnum=SK_NOMAD, runtimeLordEnum=SK_NOMAD, lordJson=E:\ProgrammeE\Steam\steamapps\common\Stronghold Crusader Definitive Edition\BepInEx\plugins\ActiveAIVDetector_Serp\VanillaAIC\Nomad.lordjson, lordConfigChecksum=<not-applicable>, lordJsonSha256=ae58acb5d0f491713d0dc23aa8ac174058aa829c468a48c34a2db34442f7250f, lordConfigEffectiveSource=embedded game data; bundled lordJson exists but its manifest does not match the installed CrusaderDE.dll, aivMode=Default, candidateId=0, aivName=Default 4, aivJson=E:\ProgrammeE\Steam\steamapps\common\Stronghold Crusader Definitive Edition\BepInEx\plugins\ActiveAIVDetector_Serp\VanillaAIV\nomad4.aivjson, aivJsonSha256=54a4bef2e38baf573124a9075a95ce0d94a3ea1941282f4af0b09481a421693b, checksum=4, effectiveSource=embedded game data; bundled aivJson is the equivalent official editor file and is not read by the game, aivSpecIndex=7, orientation=0 (0 degrees), placementState=2 (complete fit), confirmationPoint=OnStartMap(Post).
[Info   :Active AIV Detector] [2026-09-24 16:10:23.013] Active AIV finalization completed after MissionStart: activeAIs=7, reportedAIVs=7, capturedSelections=7.
[Debug  :Unit Limit] [2026-09-24 16:10:23.020] ActiveSiegeTentCache ResyncAll: countKeys 0
[Debug  :Unit Limit] [2026-09-24 16:10:23.021] Gameplay session started: NewMap
[Debug  :Unit Limit] [2026-09-24 16:10:23.021] Applied active unit limit rules: 32
[Debug  :Extra Features] [2026-09-24 16:10:23.023] Extra Features multiplayer feature gate captured map mode: realMultiplayer=False, singleplayerSkirmishMode=True, singleplayerSkirmish=True, singleplayerTrail=False, mapEditor=False, multiplayerSave=False, directorAvailable=True, directorMultiplayer=False, directorSkirmish=True, lowLevelNetworked=True, platformMultiplayer=False, lobbyMembers=8, realLobbyMembers=0, skirmishLobbyMembers=8, gameMembers=8, realNetworkGameMembers=0, gameType=3, skirmishGameType=0, skirmishTrailType=-1, coopTrailId=0, kind=CustomGame, launchVariant=Standard, allowsCustomGameMods=True, allowsRegularGameplayMods=True, campaignMapId=0, eventTrailType=-1, customizedTrailId=-1, customizedMissionId=-1, customizedOriginKind=0, conflictingCustomizedOrigin=False.
[Debug  :Extra Features] [2026-09-24 16:10:23.024] Extra Features gatehouse diagnostic: button visibility state: hidden: editor=False, playerId=1, selectedBuildingId=0, reason=not-a-live-gatehouse, selection=none.
[Info   :Extra Features] [2026-09-24 16:10:23.024] Extra Features gatehouse map state started: manualOnly=0.
[Info   :Extra Features] [2026-09-24 16:10:23.025] Extra Features church priest counts applied: enabled=True, church2=2, church3=3.
[Debug  :Extra Features] [2026-09-24 16:10:23.025] Extra Features Lord health initialized: session=1, savedBasis=False, humans=100%, AI=100%.
[Info   :Extra Features] [2026-09-24 16:10:23.026] Extra Features gatehouse map state resumed: manualOnly=0.
[Debug  :Bugfixes and QoL] [2026-09-24 16:10:23.026] Bugfixes and QoL multiplayer feature gate captured map mode: realMultiplayer=False, singleplayerSkirmishMode=True, singleplayerSkirmish=True, singleplayerTrail=False, mapEditor=False, multiplayerSave=False, directorAvailable=True, directorMultiplayer=False, directorSkirmish=True, lowLevelNetworked=True, platformMultiplayer=False, lobbyMembers=8, realLobbyMembers=0, skirmishLobbyMembers=8, gameMembers=8, realNetworkGameMembers=0, gameType=3, skirmishGameType=0, skirmishTrailType=-1, coopTrailId=0, kind=CustomGame, launchVariant=Standard, allowsCustomGameMods=True, allowsRegularGameplayMods=True, campaignMapId=0, eventTrailType=-1, customizedTrailId=-1, customizedMissionId=-1, customizedOriginKind=0, conflictingCustomizedOrigin=False.
[Debug  :Bugfixes and QoL] [2026-09-24 16:10:23.028] Reset surrender/statistics session state: reason=session-start:NewMap.
[Debug  :Bugfixes and QoL] [2026-09-24 16:10:23.029] Extended Shift queue mode: realMultiplayer=False, synchronizedQueueing=False.
[Debug  :Bugfixes and QoL] [2026-09-24 16:10:23.029] Plague popularity diagnostics armed: modEnabled=True, fixEnabled=True, source=NewMap, mode=realMultiplayer=False, singleplayerSkirmishMode=True, singleplayerSkirmish=True, singleplayerTrail=False, mapEditor=False, multiplayerSave=False, directorAvailable=True, directorMultiplayer=False, directorSkirmish=True, lowLevelNetworked=True, platformMultiplayer=False, lobbyMembers=8, realLobbyMembers=0, skirmishLobbyMembers=8, gameMembers=8, realNetworkGameMembers=0, gameType=3, skirmishGameType=0, skirmishTrailType=-1, coopTrailId=0, kind=CustomGame, launchVariant=Standard, allowsCustomGameMods=True, allowsRegularGameplayMods=True, campaignMapId=0, eventTrailType=-1, customizedTrailId=-1, customizedMissionId=-1, customizedOriginKind=0, conflictingCustomizedOrigin=False.
[Debug  :Bugfixes and QoL] [2026-09-24 16:10:23.031] Bugfixes and QoL quarry-pile runtime: loaded Vanilla structure-group repair completed: candidates=0, validPairs=0, alreadyValid=0, plannedRepairs=0, groupIdsCorrected=0, legacyReverseLinksCleared=0, invalid=0, ambiguous=0, rejectedGroups=0.
[Info   :AIV Lobby Preset Test] Test-series run completed: CL-A-off; next=2/2, session=1.
[Debug  :Building Costs] [2026-09-24 16:10:23.037] Gameplay session started: NewMap
[Debug  :Building Costs] [2026-09-24 16:10:23.039] Applied building cost materials: 0
[Debug  :Building Limit] [2026-09-24 16:10:23.042] ActiveBuildingCache RebuildCounts: humanCountKeys 6
[Debug  :Building Limit] [2026-09-24 16:10:23.042] ActiveBuildingCache ResyncAll: raiseEvents True scanned 3999 alive 137 humanActiveIds 9 humanCountKeys 6
[Debug  :Building Limit] [2026-09-24 16:10:23.043] ActiveBuildingCache ResyncAll count: player 1 type STRUCT_GOODS_YARD count 4
[Debug  :Building Limit] [2026-09-24 16:10:23.043] ActiveBuildingCache ResyncAll count: player 1 type STRUCT_KEEP_TWO count 1
[Debug  :Building Limit] [2026-09-24 16:10:23.043] ActiveBuildingCache ResyncAll count: player 1 type STRUCT_CAMPGROUND count 1
[Debug  :Building Limit] [2026-09-24 16:10:23.043] ActiveBuildingCache ResyncAll count: player 1 type STRUCT_KEEPDOOR_LEFT count 1
[Debug  :Building Limit] [2026-09-24 16:10:23.043] ActiveBuildingCache ResyncAll count: player 1 type STRUCT_KEEPDOOR_RIGHT count 1
[Debug  :Building Limit] [2026-09-24 16:10:23.043] ActiveBuildingCache ResyncAll count: player 1 type STRUCT_KEEPDOOR count 1
[Debug  :Building Limit] [2026-09-24 16:10:23.043] Gameplay session started: NewMap
[Debug  :Building Limit] [2026-09-24 16:10:23.043] Applied active building limit rules: 93
[Debug  :CastlePlanner] [2026-09-24 16:10:23.046] Blueprint preparation skipped because the local AIVJSON is unavailable and Spawn Castle is disabled: '[CustomLords] testlord_serp\testlord_serpcastle1.aivjson'.
[Debug  :CastlePlanner] [2026-09-24 16:10:23.046] Blueprint map-start lifecycle received; visibility reset to hidden.
[Debug  : Cheat Mod] [2026-09-24 16:10:23.046] Cheat Mod map runtime started; extreme-powers recharge interval=40 ticks, mana=7000, tickSubscribed=False.
[Debug  :Unit Costs] [2026-09-24 16:10:23.048] Applied unit cost values: 0
[Debug  :Unit Costs] [2026-09-24 16:10:23.048] Applied human extra unit cost rows: 0
[Info   :  SHCDE-SE] [T17-16:10:23.054] [GameProjectileManagerAPI] [.ctor] _projectileArray: 00007FFAAA6AA680
[Debug  :Bugfixes and QoL] [2026-09-24 16:10:23.054] Keep-flag rotation summary: session=1, tick=6, enabled=True, captured=8, correctedBeforeSpawn=5, alreadyCorrectBeforeSpawn=3, keeps=8, correctedAfterStart=0, verified=8, rejected=0.
[Error  :Random Events] [2026-09-24 16:10:23.060] Signpost initialization failed on this map; retrying: no active event participant is available for the Vanilla reachability check.
[Debug  :Extreme Powers] [2026-09-24 16:10:23.199] Extreme Powers session is ready.
[Debug  :Bugfixes and QoL] [2026-09-24 16:10:23.199] Bugfixes and QoL quarry-pile runtime: AI quarry spawn observation armed after map/load initialization: tick=3.
[Info   :Extra Features] [2026-09-24 16:10:23.259] Extra Features gatehouse automation icon loaded: asset='Assets/GUI/Sprites/ExtraFeatures_GatehouseAutomation.png', bytes=2443140.
[Debug  :CastlePlanner] [2026-09-24 16:10:23.259] Persistent Application.onBeforeRender blueprint callback is active.
[Info   :CastlePlanner] [2026-09-24 16:10:23.262] CastlePlanner cached AIVJSON choices including Steam Workshop content; unique=511, identicalDuplicatesIgnored=376, nonAivContainersIgnored=3.
[Info   :CastlePlanner] [2026-09-24 16:10:23.276] Blueprint prepared locally: reason=scheduled preparation, file=C:\Users\Serpens66\AppData\LocalLow\Firefly Studios\Stronghold Crusader Definitive Edition\CustomLords\testlord_serp\testlord_serpcastle1.aivjson, keep=(654,448), projectedKeep=(654,448), castleRotation=0, tiles=1683, icons=161, unknownMappers=0, miscItemsIgnored=0.
[Debug  :CastlePlanner] [2026-09-24 16:10:23.277] Blueprint HUD viewport updated: width=1365,0, height=768,0.
[Debug  :CastlePlanner] [2026-09-24 16:10:23.282] Decoded Blueprint depth atlas page: key=MAPPER_WOODWALL|Generic|Default, page=0, bytes=90300, size=68x540, pngDecodeMs=2,4, pagePrepareMs=3,0.
[Debug  :CastlePlanner] [2026-09-24 16:10:23.286] Prepared Blueprint depth visual: key=MAPPER_WOODWALL|Generic|Default, pages=1, fragments=1, layers=1, fileReadMs=4,8, pngDecodeMs=2,4, meshBuildMs=4,6, mainThreadMs=7,9.
[Debug  :CastlePlanner] [2026-09-24 16:10:23.299] Decoded Blueprint depth atlas page: key=MAPPER_WALL|Generic|Default, page=0, bytes=90046, size=68x540, pngDecodeMs=1,1, pagePrepareMs=1,1.
[Debug  :CastlePlanner] [2026-09-24 16:10:23.299] Prepared Blueprint depth visual: key=MAPPER_WALL|Generic|Default, pages=1, fragments=1, layers=1, fileReadMs=3,1, pngDecodeMs=1,1, meshBuildMs=0,1, mainThreadMs=1,2.
[Debug  :CastlePlanner] [2026-09-24 16:10:23.309] Decoded Blueprint depth atlas page: key=MAPPER_CRENAL|Generic|PlacedDefault, page=0, bytes=95445, size=68x576, pngDecodeMs=1,2, pagePrepareMs=1,3.
[Debug  :CastlePlanner] [2026-09-24 16:10:23.309] Prepared Blueprint depth visual: key=MAPPER_CRENAL|Generic|PlacedDefault, pages=1, fragments=1, layers=1, fileReadMs=4,9, pngDecodeMs=1,2, meshBuildMs=0,1, mainThreadMs=1,5.
[Debug  :CastlePlanner] [2026-09-24 16:10:23.315] Decoded Blueprint depth atlas page: key=MAPPER_CRENAL2|Generic|PlacedDefault, page=0, bytes=95445, size=68x576, pngDecodeMs=1,3, pagePrepareMs=1,3.
[Debug  :CastlePlanner] [2026-09-24 16:10:23.315] Prepared Blueprint depth visual: key=MAPPER_CRENAL2|Generic|PlacedDefault, pages=1, fragments=1, layers=1, fileReadMs=3,5, pngDecodeMs=1,3, meshBuildMs=0,1, mainThreadMs=1,5.
[Debug  :CastlePlanner] [2026-09-24 16:10:23.322] Decoded Blueprint depth atlas page: key=MAPPER_STAIR|Generic|StairNorth, page=0, bytes=8970, size=68x68, pngDecodeMs=0,2, pagePrepareMs=0,3.
[Debug  :CastlePlanner] [2026-09-24 16:10:23.324] Prepared Blueprint depth visual: key=MAPPER_STAIR|Generic|StairNorth, pages=1, fragments=1, layers=1, fileReadMs=3,6, pngDecodeMs=0,2, meshBuildMs=1,4, mainThreadMs=1,8.
[Debug  :CastlePlanner] [2026-09-24 16:10:23.335] Decoded Blueprint depth atlas page: key=MAPPER_TOWER1|Generic|Default, page=0, bytes=453661, size=596x680, pngDecodeMs=5,1, pagePrepareMs=6,2.
[Debug  :CastlePlanner] [2026-09-24 16:10:23.336] Prepared Blueprint depth visual: key=MAPPER_TOWER1|Generic|Default, pages=1, fragments=9, layers=5, fileReadMs=3,7, pngDecodeMs=5,1, meshBuildMs=0,5, mainThreadMs=6,9.
[Debug  :CastlePlanner] [2026-09-24 16:10:23.355] Decoded Blueprint depth atlas page: key=MAPPER_TOWER2|Generic|Default, page=0, bytes=413999, size=992x428, pngDecodeMs=5,2, pagePrepareMs=5,3.
[Debug  :CastlePlanner] [2026-09-24 16:10:23.355] Prepared Blueprint depth visual: key=MAPPER_TOWER2|Generic|Default, pages=1, fragments=16, layers=7, fileReadMs=2,9, pngDecodeMs=5,2, meshBuildMs=0,1, mainThreadMs=5,5.
[Debug  :CastlePlanner] [2026-09-24 16:10:23.363] Decoded Blueprint depth atlas page: key=MAPPER_TOWER3|Generic|Default, page=0, bytes=589632, size=992x468, pngDecodeMs=6,0, pagePrepareMs=6,0.
[Debug  :CastlePlanner] [2026-09-24 16:10:23.364] Prepared Blueprint depth visual: key=MAPPER_TOWER3|Generic|Default, pages=1, fragments=25, layers=9, fileReadMs=3,8, pngDecodeMs=6,0, meshBuildMs=0,4, mainThreadMs=6,4.
[Debug  :CastlePlanner] [2026-09-24 16:10:23.376] Decoded Blueprint depth atlas page: key=MAPPER_TOWER4|Generic|Default, page=0, bytes=812187, size=992x968, pngDecodeMs=10,6, pagePrepareMs=10,7.
[Debug  :CastlePlanner] [2026-09-24 16:10:23.376] Prepared Blueprint depth visual: key=MAPPER_TOWER4|Generic|Default, pages=1, fragments=36, layers=11, fileReadMs=3,3, pngDecodeMs=10,6, meshBuildMs=0,2, mainThreadMs=10,9.
[Debug  :CastlePlanner] [2026-09-24 16:10:23.392] Decoded Blueprint depth atlas page: key=MAPPER_TOWER5|Generic|Default, page=0, bytes=875698, size=2048x556, pngDecodeMs=12,9, pagePrepareMs=12,9.
[Debug  :CastlePlanner] [2026-09-24 16:10:23.392] Prepared Blueprint depth visual: key=MAPPER_TOWER5|Generic|Default, pages=1, fragments=36, layers=11, fileReadMs=4,6, pngDecodeMs=12,9, meshBuildMs=0,3, mainThreadMs=13,3.
[Debug  :CastlePlanner] [2026-09-24 16:10:23.397] Decoded Blueprint depth atlas page: key=MAPPER_OIL_SMELTER|Generic|ReservationFront, page=0, bytes=165724, size=464x424, pngDecodeMs=2,3, pagePrepareMs=2,3.
[Debug  :CastlePlanner] [2026-09-24 16:10:23.397] Prepared Blueprint depth visual: key=MAPPER_OIL_SMELTER|Generic|ReservationFront, pages=1, fragments=32, layers=11, fileReadMs=5,3, pngDecodeMs=2,3, meshBuildMs=0,1, mainThreadMs=2,5.
[Debug  :CastlePlanner] [2026-09-24 16:10:23.402] Decoded Blueprint depth atlas page: key=MAPPER_DOG_CAGE|Generic|Default, page=0, bytes=49882, size=200x216, pngDecodeMs=0,7, pagePrepareMs=0,7.
[Debug  :CastlePlanner] [2026-09-24 16:10:23.402] Prepared Blueprint depth visual: key=MAPPER_DOG_CAGE|Generic|Default, pages=1, fragments=9, layers=5, fileReadMs=4,5, pngDecodeMs=0,7, meshBuildMs=0,1, mainThreadMs=0,9.
[Debug  :CastlePlanner] [2026-09-24 16:10:23.408] Decoded Blueprint depth atlas page: key=MAPPER_GATE_STONE1A|Generic|Default, page=0, bytes=392752, size=992x340, pngDecodeMs=4,2, pagePrepareMs=4,2.
[Debug  :CastlePlanner] [2026-09-24 16:10:23.408] Prepared Blueprint depth visual: key=MAPPER_GATE_STONE1A|Generic|Default, pages=1, fragments=25, layers=9, fileReadMs=4,1, pngDecodeMs=4,2, meshBuildMs=0,1, mainThreadMs=4,4.
[Debug  :CastlePlanner] [2026-09-24 16:10:23.418] Decoded Blueprint depth atlas page: key=MAPPER_GATE_STONE2A|Generic|Default, page=0, bytes=696164, size=992x756, pngDecodeMs=8,4, pagePrepareMs=8,5.
[Debug  :CastlePlanner] [2026-09-24 16:10:23.418] Prepared Blueprint depth visual: key=MAPPER_GATE_STONE2A|Generic|Default, pages=1, fragments=49, layers=13, fileReadMs=10,8, pngDecodeMs=8,4, meshBuildMs=0,2, mainThreadMs=8,7.
[Debug  :CastlePlanner] [2026-09-24 16:10:23.423] Decoded Blueprint depth atlas page: key=MAPPER_DRAWBRIDGE|Generic|DrawbridgeFront, page=0, bytes=116940, size=992x284, pngDecodeMs=2,8, pagePrepareMs=2,8.
[Debug  :CastlePlanner] [2026-09-24 16:10:23.423] Prepared Blueprint depth visual: key=MAPPER_DRAWBRIDGE|Generic|DrawbridgeFront, pages=1, fragments=25, layers=9, fileReadMs=10,3, pngDecodeMs=2,8, meshBuildMs=0,1, mainThreadMs=3,0.
[Debug  :CastlePlanner] [2026-09-24 16:10:23.427] Decoded Blueprint depth atlas page: key=MAPPER_POLETURNER|Generic|Default, page=0, bytes=200416, size=464x336, pngDecodeMs=2,1, pagePrepareMs=2,1.
[Debug  :CastlePlanner] [2026-09-24 16:10:23.427] Prepared Blueprint depth visual: key=MAPPER_POLETURNER|Generic|Default, pages=1, fragments=16, layers=7, fileReadMs=4,9, pngDecodeMs=2,1, meshBuildMs=0,1, mainThreadMs=2,3.
[Debug  :CastlePlanner] [2026-09-24 16:10:23.430] Decoded Blueprint depth atlas page: key=MAPPER_FLETCHER|Generic|Default, page=0, bytes=200989, size=464x340, pngDecodeMs=2,3, pagePrepareMs=2,4.
[Debug  :CastlePlanner] [2026-09-24 16:10:23.430] Prepared Blueprint depth visual: key=MAPPER_FLETCHER|Generic|Default, pages=1, fragments=16, layers=7, fileReadMs=5,6, pngDecodeMs=2,3, meshBuildMs=0,1, mainThreadMs=2,5.
[Debug  :CastlePlanner] [2026-09-24 16:10:23.434] Decoded Blueprint depth atlas page: key=MAPPER_BLACKSMITH|Generic|Default, page=0, bytes=198094, size=464x352, pngDecodeMs=2,2, pagePrepareMs=2,2.
[Debug  :CastlePlanner] [2026-09-24 16:10:23.434] Prepared Blueprint depth visual: key=MAPPER_BLACKSMITH|Generic|Default, pages=1, fragments=16, layers=7, fileReadMs=5,4, pngDecodeMs=2,2, meshBuildMs=0,1, mainThreadMs=2,3.
[Debug  :CastlePlanner] [2026-09-24 16:10:23.437] Decoded Blueprint depth atlas page: key=MAPPER_TANNER|Generic|Default, page=0, bytes=184360, size=464x324, pngDecodeMs=2,0, pagePrepareMs=2,0.
[Debug  :CastlePlanner] [2026-09-24 16:10:23.437] Prepared Blueprint depth visual: key=MAPPER_TANNER|Generic|Default, pages=1, fragments=16, layers=7, fileReadMs=5,6, pngDecodeMs=2,0, meshBuildMs=0,1, mainThreadMs=2,1.
[Debug  :CastlePlanner] [2026-09-24 16:10:23.441] Decoded Blueprint depth atlas page: key=MAPPER_ARMOURER|Generic|Default, page=0, bytes=199906, size=464x356, pngDecodeMs=2,2, pagePrepareMs=2,3.
[Debug  :CastlePlanner] [2026-09-24 16:10:23.441] Prepared Blueprint depth visual: key=MAPPER_ARMOURER|Generic|Default, pages=1, fragments=16, layers=7, fileReadMs=3,7, pngDecodeMs=2,2, meshBuildMs=0,1, mainThreadMs=2,4.
[Debug  :CastlePlanner] [2026-09-24 16:10:23.446] Decoded Blueprint depth atlas page: key=MAPPER_ARMOURY|Generic|Default, page=0, bytes=273249, size=464x460, pngDecodeMs=3,2, pagePrepareMs=3,2.
[Debug  :CastlePlanner] [2026-09-24 16:10:23.446] Prepared Blueprint depth visual: key=MAPPER_ARMOURY|Generic|Default, pages=1, fragments=16, layers=7, fileReadMs=5,6, pngDecodeMs=3,2, meshBuildMs=0,1, mainThreadMs=3,3.
[Debug  :CastlePlanner] [2026-09-24 16:10:23.450] Decoded Blueprint depth atlas page: key=MAPPER_ENGINEERS_GUILD|Generic|ReservationFront, page=0, bytes=365609, size=992x276, pngDecodeMs=3,4, pagePrepareMs=3,4.
[Debug  :CastlePlanner] [2026-09-24 16:10:23.451] Prepared Blueprint depth visual: key=MAPPER_ENGINEERS_GUILD|Generic|ReservationFront, pages=1, fragments=50, layers=14, fileReadMs=5,4, pngDecodeMs=3,4, meshBuildMs=0,2, mainThreadMs=3,6.
[Debug  :CastlePlanner] [2026-09-24 16:10:23.455] Decoded Blueprint depth atlas page: key=MAPPER_TUNNELERS_GUILD|Generic|ReservationRear, page=0, bytes=373038, size=992x284, pngDecodeMs=3,5, pagePrepareMs=3,5.
[Debug  :CastlePlanner] [2026-09-24 16:10:23.455] Prepared Blueprint depth visual: key=MAPPER_TUNNELERS_GUILD|Generic|ReservationRear, pages=1, fragments=50, layers=14, fileReadMs=5,4, pngDecodeMs=3,5, meshBuildMs=0,2, mainThreadMs=3,7.
[Debug  :CastlePlanner] [2026-09-24 16:10:23.462] Decoded Blueprint depth atlas page: key=MAPPER_STABLES|Generic|Default, page=0, bytes=314293, size=992x396, pngDecodeMs=4,5, pagePrepareMs=4,5.
[Debug  :CastlePlanner] [2026-09-24 16:10:23.462] Prepared Blueprint depth visual: key=MAPPER_STABLES|Generic|Default, pages=1, fragments=36, layers=11, fileReadMs=6,1, pngDecodeMs=4,5, meshBuildMs=0,2, mainThreadMs=4,7.
[Debug  :CastlePlanner] [2026-09-24 16:10:23.470] Decoded Blueprint depth atlas page: key=MAPPER_BARRACKS_STONE|Generic|ReservationDefault, page=0, bytes=636911, size=992x572, pngDecodeMs=6,6, pagePrepareMs=6,7.
[Debug  :CastlePlanner] [2026-09-24 16:10:23.470] Prepared Blueprint depth visual: key=MAPPER_BARRACKS_STONE|Generic|ReservationDefault, pages=1, fragments=100, layers=19, fileReadMs=6,1, pngDecodeMs=6,6, meshBuildMs=0,3, mainThreadMs=7,0.
[Debug  :CastlePlanner] [2026-09-24 16:10:23.478] Decoded Blueprint depth atlas page: key=MAPPER_BARRACKS_WOOD|Generic|ReservationDefault, page=0, bytes=436519, size=992x464, pngDecodeMs=5,0, pagePrepareMs=5,0.
[Debug  :CastlePlanner] [2026-09-24 16:10:23.478] Prepared Blueprint depth visual: key=MAPPER_BARRACKS_WOOD|Generic|ReservationDefault, pages=1, fragments=100, layers=19, fileReadMs=14,5, pngDecodeMs=5,0, meshBuildMs=0,2, mainThreadMs=5,3.
[Debug  :CastlePlanner] [2026-09-24 16:10:23.485] Decoded Blueprint depth atlas page: key=MAPPER_BEDOUIN_STOCKADE|Generic|ReservationDefault, page=0, bytes=452884, size=992x544, pngDecodeMs=5,9, pagePrepareMs=5,9.
[Debug  :CastlePlanner] [2026-09-24 16:10:23.485] Prepared Blueprint depth visual: key=MAPPER_BEDOUIN_STOCKADE|Generic|ReservationDefault, pages=1, fragments=100, layers=19, fileReadMs=14,4, pngDecodeMs=5,9, meshBuildMs=0,2, mainThreadMs=6,1.
[Debug  :CastlePlanner] [2026-09-24 16:10:23.488] Decoded Blueprint depth atlas page: key=MAPPER_STORES|Generic|Default, page=0, bytes=109328, size=464x192, pngDecodeMs=1,1, pagePrepareMs=1,1.
[Debug  :CastlePlanner] [2026-09-24 16:10:23.488] Prepared Blueprint depth visual: key=MAPPER_STORES|Generic|Default, pages=1, fragments=25, layers=9, fileReadMs=4,5, pngDecodeMs=1,1, meshBuildMs=0,1, mainThreadMs=1,2.
[Debug  :CastlePlanner] [2026-09-24 16:10:23.490] Decoded Blueprint depth atlas page: key=MAPPER_WOODSMAN|Generic|Default, page=0, bytes=58393, size=464x160, pngDecodeMs=0,9, pagePrepareMs=0,9.
[Debug  :CastlePlanner] [2026-09-24 16:10:23.490] Prepared Blueprint depth visual: key=MAPPER_WOODSMAN|Generic|Default, pages=1, fragments=9, layers=5, fileReadMs=5,0, pngDecodeMs=0,9, meshBuildMs=0,1, mainThreadMs=1,1.
[Debug  :CastlePlanner] [2026-09-24 16:10:23.496] Decoded Blueprint depth atlas page: key=MAPPER_TRADEPOST|Generic|Default, page=0, bytes=259795, size=464x416, pngDecodeMs=2,6, pagePrepareMs=2,6.
[Debug  :CastlePlanner] [2026-09-24 16:10:23.496] Prepared Blueprint depth visual: key=MAPPER_TRADEPOST|Generic|Default, pages=1, fragments=25, layers=9, fileReadMs=4,1, pngDecodeMs=2,6, meshBuildMs=0,1, mainThreadMs=2,8.
[Debug  :CastlePlanner] [2026-09-24 16:10:23.499] Decoded Blueprint depth atlas page: key=MAPPER_GRANARY|Generic|Default, page=0, bytes=224910, size=464x408, pngDecodeMs=2,7, pagePrepareMs=2,7.
[Debug  :CastlePlanner] [2026-09-24 16:10:23.499] Prepared Blueprint depth visual: key=MAPPER_GRANARY|Generic|Default, pages=1, fragments=16, layers=7, fileReadMs=3,7, pngDecodeMs=2,7, meshBuildMs=0,1, mainThreadMs=2,8.
[Debug  :CastlePlanner] [2026-09-24 16:10:23.504] Decoded Blueprint depth atlas page: key=MAPPER_HUNTER|Generic|Default, page=0, bytes=55453, size=200x252, pngDecodeMs=0,8, pagePrepareMs=0,8.
[Debug  :CastlePlanner] [2026-09-24 16:10:23.504] Prepared Blueprint depth visual: key=MAPPER_HUNTER|Generic|Default, pages=1, fragments=9, layers=5, fileReadMs=3,7, pngDecodeMs=0,8, meshBuildMs=0,1, mainThreadMs=0,9.
[Debug  :CastlePlanner] [2026-09-24 16:10:23.508] Decoded Blueprint depth atlas page: key=MAPPER_MILL|Generic|Default, page=0, bytes=193862, size=464x480, pngDecodeMs=2,6, pagePrepareMs=2,6.
[Debug  :CastlePlanner] [2026-09-24 16:10:23.508] Prepared Blueprint depth visual: key=MAPPER_MILL|Generic|Default, pages=1, fragments=9, layers=5, fileReadMs=3,4, pngDecodeMs=2,6, meshBuildMs=0,1, mainThreadMs=2,7.
[Debug  :CastlePlanner] [2026-09-24 16:10:23.511] Decoded Blueprint depth atlas page: key=MAPPER_BAKER|Generic|Default, page=0, bytes=212576, size=464x364, pngDecodeMs=2,5, pagePrepareMs=2,5.
[Debug  :CastlePlanner] [2026-09-24 16:10:23.512] Prepared Blueprint depth visual: key=MAPPER_BAKER|Generic|Default, pages=1, fragments=16, layers=7, fileReadMs=3,9, pngDecodeMs=2,5, meshBuildMs=0,1, mainThreadMs=2,6.
[Debug  :CastlePlanner] [2026-09-24 16:10:23.514] Decoded Blueprint depth atlas page: key=MAPPER_BREWER|Generic|Default, page=0, bytes=206924, size=464x348, pngDecodeMs=2,2, pagePrepareMs=2,2.
[Debug  :CastlePlanner] [2026-09-24 16:10:23.514] Prepared Blueprint depth visual: key=MAPPER_BREWER|Generic|Default, pages=1, fragments=16, layers=7, fileReadMs=3,7, pngDecodeMs=2,2, meshBuildMs=0,1, mainThreadMs=2,3.
[Debug  :CastlePlanner] [2026-09-24 16:10:23.519] Decoded Blueprint depth atlas page: key=MAPPER_INN|Generic|Default, page=0, bytes=406032, size=992x304, pngDecodeMs=4,0, pagePrepareMs=4,0.
[Debug  :CastlePlanner] [2026-09-24 16:10:23.519] Prepared Blueprint depth visual: key=MAPPER_INN|Generic|Default, pages=1, fragments=25, layers=9, fileReadMs=3,1, pngDecodeMs=4,0, meshBuildMs=0,1, mainThreadMs=4,1.
[Debug  :CastlePlanner] [2026-09-24 16:10:23.521] Decoded Blueprint depth atlas page: key=MAPPER_HOVEL|Generic|Default, page=0, bytes=137741, size=464x212, pngDecodeMs=1,4, pagePrepareMs=1,4.
[Debug  :CastlePlanner] [2026-09-24 16:10:23.523] Prepared Blueprint depth visual: key=MAPPER_HOVEL|Generic|Default, pages=1, fragments=16, layers=7, fileReadMs=3,4, pngDecodeMs=1,4, meshBuildMs=0,1, mainThreadMs=1,5.
[Debug  :CastlePlanner] [2026-09-24 16:10:23.528] Decoded Blueprint depth atlas page: key=MAPPER_CHURCH1|European|Default, page=0, bytes=355865, size=992x344, pngDecodeMs=4,0, pagePrepareMs=4,0.
[Debug  :CastlePlanner] [2026-09-24 16:10:23.528] Prepared Blueprint depth visual: key=MAPPER_CHURCH1|European|Default, pages=1, fragments=36, layers=11, fileReadMs=4,1, pngDecodeMs=4,0, meshBuildMs=0,1, mainThreadMs=4,2.
[Debug  :CastlePlanner] [2026-09-24 16:10:23.539] Decoded Blueprint depth atlas page: key=MAPPER_CHURCH2|European|Default, page=0, bytes=695883, size=992x808, pngDecodeMs=8,9, pagePrepareMs=8,9.
[Debug  :CastlePlanner] [2026-09-24 16:10:23.539] Prepared Blueprint depth visual: key=MAPPER_CHURCH2|European|Default, pages=1, fragments=81, layers=17, fileReadMs=3,6, pngDecodeMs=8,9, meshBuildMs=0,3, mainThreadMs=9,2.
[Debug  :CastlePlanner] [2026-09-24 16:10:23.572] Decoded Blueprint depth atlas page: key=MAPPER_CHURCH3|European|Default, page=0, bytes=1676006, size=2048x1388, pngDecodeMs=30,3, pagePrepareMs=30,4.
[Debug  :CastlePlanner] [2026-09-24 16:10:23.572] Prepared Blueprint depth visual: key=MAPPER_CHURCH3|European|Default, pages=1, fragments=169, layers=25, fileReadMs=4,0, pngDecodeMs=30,3, meshBuildMs=0,4, mainThreadMs=30,8.
[Debug  :CastlePlanner] [2026-09-24 16:10:23.578] Decoded Blueprint depth atlas page: key=MAPPER_HEALER|Generic|Default, page=0, bytes=411126, size=992x376, pngDecodeMs=4,5, pagePrepareMs=4,6.
[Debug  :CastlePlanner] [2026-09-24 16:10:23.578] Prepared Blueprint depth visual: key=MAPPER_HEALER|Generic|Default, pages=1, fragments=36, layers=11, fileReadMs=3,2, pngDecodeMs=4,5, meshBuildMs=0,1, mainThreadMs=4,7.
[Debug  :CastlePlanner] [2026-09-24 16:10:23.580] Decoded Blueprint depth atlas page: key=MAPPER_WELL|Generic|Default, page=0, bytes=42912, size=200x196, pngDecodeMs=0,6, pagePrepareMs=0,6.
[Debug  :CastlePlanner] [2026-09-24 16:10:23.580] Prepared Blueprint depth visual: key=MAPPER_WELL|Generic|Default, pages=1, fragments=9, layers=5, fileReadMs=3,4, pngDecodeMs=0,6, meshBuildMs=0,1, mainThreadMs=0,7.
[Debug  :CastlePlanner] [2026-09-24 16:10:23.585] Decoded Blueprint depth atlas page: key=MAPPER_WATERPOT|Generic|Default, page=0, bytes=134683, size=464x388, pngDecodeMs=2,0, pagePrepareMs=2,0.
[Debug  :CastlePlanner] [2026-09-24 16:10:23.585] Prepared Blueprint depth visual: key=MAPPER_WATERPOT|Generic|Default, pages=1, fragments=16, layers=7, fileReadMs=3,9, pngDecodeMs=2,0, meshBuildMs=0,1, mainThreadMs=2,1.
[Debug  :CastlePlanner] [2026-09-24 16:10:23.587] Decoded Blueprint depth atlas page: key=MAPPER_MAYPOLE|Generic|Default, page=0, bytes=39232, size=200x200, pngDecodeMs=0,5, pagePrepareMs=0,6.
[Debug  :CastlePlanner] [2026-09-24 16:10:23.587] Prepared Blueprint depth visual: key=MAPPER_MAYPOLE|Generic|Default, pages=1, fragments=9, layers=5, fileReadMs=3,9, pngDecodeMs=0,5, meshBuildMs=0,1, mainThreadMs=0,7.
[Debug  :CastlePlanner] [2026-09-24 16:10:23.591] Decoded Blueprint depth atlas page: key=MAPPER_DANCING_BEAR|Generic|Default, page=0, bytes=98458, size=464x180, pngDecodeMs=1,0, pagePrepareMs=1,1.
[Debug  :CastlePlanner] [2026-09-24 16:10:23.591] Prepared Blueprint depth visual: key=MAPPER_DANCING_BEAR|Generic|Default, pages=1, fragments=25, layers=9, fileReadMs=2,8, pngDecodeMs=1,0, meshBuildMs=0,1, mainThreadMs=1,2.
[Debug  :CastlePlanner] [2026-09-24 16:10:23.592] Decoded Blueprint depth atlas page: key=MAPPER_STATUE1|Generic|Default, page=0, bytes=33434, size=200x208, pngDecodeMs=0,5, pagePrepareMs=0,5.
[Debug  :CastlePlanner] [2026-09-24 16:10:23.592] Prepared Blueprint depth visual: key=MAPPER_STATUE1|Generic|Default, pages=1, fragments=4, layers=3, fileReadMs=3,0, pngDecodeMs=0,5, meshBuildMs=0,0, mainThreadMs=0,6.
[Debug  :CastlePlanner] [2026-09-24 16:10:23.597] Decoded Blueprint depth atlas page: key=MAPPER_SHRINE1|Generic|Default, page=0, bytes=22715, size=200x112, pngDecodeMs=0,3, pagePrepareMs=0,3.
[Debug  :CastlePlanner] [2026-09-24 16:10:23.597] Prepared Blueprint depth visual: key=MAPPER_SHRINE1|Generic|Default, pages=1, fragments=4, layers=3, fileReadMs=2,9, pngDecodeMs=0,3, meshBuildMs=0,0, mainThreadMs=0,4.
[Debug  :CastlePlanner] [2026-09-24 16:10:23.601] Decoded Blueprint depth atlas page: key=MAPPER_GARDEN10|Generic|Default, page=0, bytes=87497, size=464x188, pngDecodeMs=1,1, pagePrepareMs=1,1.
[Debug  :CastlePlanner] [2026-09-24 16:10:23.601] Prepared Blueprint depth visual: key=MAPPER_GARDEN10|Generic|Default, pages=1, fragments=16, layers=7, fileReadMs=3,1, pngDecodeMs=1,1, meshBuildMs=0,1, mainThreadMs=1,2.
[Debug  :CastlePlanner] [2026-09-24 16:10:23.603] Decoded Blueprint depth atlas page: key=MAPPER_GARDEN7|Generic|Default, page=0, bytes=51107, size=200x204, pngDecodeMs=0,6, pagePrepareMs=0,6.
[Debug  :CastlePlanner] [2026-09-24 16:10:23.603] Prepared Blueprint depth visual: key=MAPPER_GARDEN7|Generic|Default, pages=1, fragments=9, layers=5, fileReadMs=3,7, pngDecodeMs=0,6, meshBuildMs=0,1, mainThreadMs=0,7.
[Debug  :CastlePlanner] [2026-09-24 16:10:23.609] Decoded Blueprint depth atlas page: key=MAPPER_GARDEN1|Generic|Default, page=0, bytes=22566, size=200x104, pngDecodeMs=0,3, pagePrepareMs=0,3.
[Debug  :CastlePlanner] [2026-09-24 16:10:23.609] Prepared Blueprint depth visual: key=MAPPER_GARDEN1|Generic|Default, pages=1, fragments=4, layers=3, fileReadMs=3,3, pngDecodeMs=0,3, meshBuildMs=0,0, mainThreadMs=0,4.
[Debug  :CastlePlanner] [2026-09-24 16:10:23.611] Decoded Blueprint depth atlas page: key=MAPPER_GALLOWS|Generic|Default, page=0, bytes=31927, size=264x256, pngDecodeMs=0,9, pagePrepareMs=0,9.
[Debug  :CastlePlanner] [2026-09-24 16:10:23.611] Prepared Blueprint depth visual: key=MAPPER_GALLOWS|Generic|Default, pages=1, fragments=4, layers=3, fileReadMs=2,9, pngDecodeMs=0,9, meshBuildMs=0,1, mainThreadMs=1,0.
[Debug  :CastlePlanner] [2026-09-24 16:10:23.614] Decoded Blueprint depth atlas page: key=MAPPER_CESS_PIT1|Generic|Default, page=0, bytes=93926, size=464x160, pngDecodeMs=0,9, pagePrepareMs=1,0.
[Debug  :CastlePlanner] [2026-09-24 16:10:23.614] Prepared Blueprint depth visual: key=MAPPER_CESS_PIT1|Generic|Default, pages=1, fragments=25, layers=9, fileReadMs=3,6, pngDecodeMs=0,9, meshBuildMs=0,1, mainThreadMs=1,1.
[Debug  :CastlePlanner] [2026-09-24 16:10:23.617] Decoded Blueprint depth atlas page: key=MAPPER_STOCKS|Generic|Default, page=0, bytes=37145, size=200x144, pngDecodeMs=0,4, pagePrepareMs=0,4.
[Debug  :CastlePlanner] [2026-09-24 16:10:23.617] Prepared Blueprint depth visual: key=MAPPER_STOCKS|Generic|Default, pages=1, fragments=9, layers=5, fileReadMs=3,3, pngDecodeMs=0,4, meshBuildMs=0,1, mainThreadMs=0,5.
[Debug  :CastlePlanner] [2026-09-24 16:10:23.621] Decoded Blueprint depth atlas page: key=MAPPER_BURNING_STAKE|Generic|Default, page=0, bytes=59112, size=464x220, pngDecodeMs=1,1, pagePrepareMs=1,1.
[Debug  :CastlePlanner] [2026-09-24 16:10:23.621] Prepared Blueprint depth visual: key=MAPPER_BURNING_STAKE|Generic|Default, pages=1, fragments=9, layers=5, fileReadMs=4,0, pngDecodeMs=1,1, meshBuildMs=0,1, mainThreadMs=1,2.
[Debug  :CastlePlanner] [2026-09-24 16:10:23.625] Decoded Blueprint depth atlas page: key=MAPPER_DUNGEON|Generic|Default, page=0, bytes=107207, size=464x256, pngDecodeMs=1,4, pagePrepareMs=1,4.
[Debug  :CastlePlanner] [2026-09-24 16:10:23.625] Prepared Blueprint depth visual: key=MAPPER_DUNGEON|Generic|Default, pages=1, fragments=25, layers=9, fileReadMs=3,1, pngDecodeMs=1,4, meshBuildMs=0,1, mainThreadMs=1,6.
[Debug  :CastlePlanner] [2026-09-24 16:10:23.627] Decoded Blueprint depth atlas page: key=MAPPER_RACK_STRETCHING|Generic|Default, page=0, bytes=51835, size=200x204, pngDecodeMs=0,6, pagePrepareMs=0,6.
[Debug  :CastlePlanner] [2026-09-24 16:10:23.627] Prepared Blueprint depth visual: key=MAPPER_RACK_STRETCHING|Generic|Default, pages=1, fragments=9, layers=5, fileReadMs=3,7, pngDecodeMs=0,6, meshBuildMs=0,1, mainThreadMs=0,7.
[Debug  :CastlePlanner] [2026-09-24 16:10:23.630] Decoded Blueprint depth atlas page: key=MAPPER_GIBBET|Generic|Default, page=0, bytes=59199, size=264x264, pngDecodeMs=0,8, pagePrepareMs=0,8.
[Debug  :CastlePlanner] [2026-09-24 16:10:23.630] Prepared Blueprint depth visual: key=MAPPER_GIBBET|Generic|Default, pages=1, fragments=4, layers=3, fileReadMs=3,5, pngDecodeMs=0,8, meshBuildMs=0,1, mainThreadMs=0,9.
[Debug  :CastlePlanner] [2026-09-24 16:10:23.634] Decoded Blueprint depth atlas page: key=MAPPER_CHOPPING_BLOCK|Generic|Default, page=0, bytes=64482, size=200x204, pngDecodeMs=0,6, pagePrepareMs=0,7.
[Debug  :CastlePlanner] [2026-09-24 16:10:23.634] Prepared Blueprint depth visual: key=MAPPER_CHOPPING_BLOCK|Generic|Default, pages=1, fragments=9, layers=5, fileReadMs=3,1, pngDecodeMs=0,6, meshBuildMs=0,1, mainThreadMs=0,7.
[Debug  :CastlePlanner] [2026-09-24 16:10:23.639] Decoded Blueprint depth atlas page: key=MAPPER_DUNKING_STOOL|Generic|Default, page=0, bytes=107136, size=464x376, pngDecodeMs=1,9, pagePrepareMs=1,9.
[Debug  :CastlePlanner] [2026-09-24 16:10:23.639] Prepared Blueprint depth visual: key=MAPPER_DUNKING_STOOL|Generic|Default, pages=1, fragments=25, layers=9, fileReadMs=2,9, pngDecodeMs=1,9, meshBuildMs=0,1, mainThreadMs=2,0.
[Debug  :Random Events] [2026-09-24 16:10:26.164] Random Events batch prepared: mode=SharedEvents, includeAIPlayers=False, dueAbsoluteMonth=14184, actions=0, targetPlayers=[1], prngBefore=759542AFC1722643:0AA97A5405A50BCA, prngAfter=5DF3E486968ABA12:7334F9C2ED2C8AD1, actionDigest=15EC7BF0B50732B49F8228E07D24365338F9E3AB994B00AF08E5A3BFFE55FD8B, actionOrder=[], stateDigest=B9413B0A0F439F6FC1F56B61E5F159584E03D35BC086E015E23CE64B5C95C6EB.
[Debug  :Extra Features] [2026-09-24 16:10:26.335] Extra Features applied Lord health: player=1, globalId=7331567, multiplier=100%, health=150000/150000->150000/150000, vanillaMax=150000.
[Debug  :Extra Features] [2026-09-24 16:10:26.335] Extra Features applied Lord health: player=2, globalId=7331569, multiplier=100%, health=360000/360000->360000/360000, vanillaMax=360000.
[Debug  :Extra Features] [2026-09-24 16:10:26.335] Extra Features applied Lord health: player=3, globalId=7331571, multiplier=100%, health=450000/450000->450000/450000, vanillaMax=450000.
[Debug  :Extra Features] [2026-09-24 16:10:26.335] Extra Features applied Lord health: player=4, globalId=7331573, multiplier=100%, health=270000/270000->270000/270000, vanillaMax=270000.
[Debug  :Extra Features] [2026-09-24 16:10:26.335] Extra Features applied Lord health: player=5, globalId=7331575, multiplier=100%, health=225000/225000->225000/225000, vanillaMax=225000.
[Debug  :Extra Features] [2026-09-24 16:10:26.335] Extra Features applied Lord health: player=6, globalId=7331577, multiplier=100%, health=315000/315000->315000/315000, vanillaMax=315000.
[Debug  :Extra Features] [2026-09-24 16:10:26.335] Extra Features applied Lord health: player=7, globalId=7331579, multiplier=100%, health=405000/405000->405000/405000, vanillaMax=405000.
[Debug  :Extra Features] [2026-09-24 16:10:26.335] Extra Features applied Lord health: player=8, globalId=7331581, multiplier=100%, health=315000/315000->315000/315000, vanillaMax=315000.
[Error  :Random Events] [2026-09-24 16:10:26.752] Signpost initialization completed: selectedBuildingIds=[-1,-1,-1,-1], usableRegistered=false, recoveredAfterFailure=true. Reason: Automatic signpost placement is disabled because Vanilla path connectivity could not be read safely; signpost-dependent events will be skipped. Error: System.IndexOutOfRangeException: Index was outside the bounds of the array.
  at System.ThrowHelper.ThrowIndexOutOfRangeException () [0x00005] in <27c7dfb4b639450089148d6e6caca8cb>:0 
  at SHCDESE.API.GameTileManagerAPI.GetTilePlayerOwnerId (System.Int32 tileId) [0x00001] in C:\Users\Serpens66\AppData\Local\Temp\shcdese-local-build-4384-28490\source\src\SHCDESE.BepInEx\API\GameTileManagerAPI.cs:751 
  at RandomEvents.SignpostPlacementService.AddOwnedWallApproachComponents (System.Collections.Generic.List`1[T] players) [0x00073] in D:\CDesktopLink\Unterlagen\Mods\Stronghold Crusader DE\Meine Mods\RandomEvents\src\SignpostPlacementService.cs:637 
  at RandomEvents.SignpostPlacementService.TryBuildParticipantReachability (System.Boolean includeAIPlayers, System.Collections.Generic.List`1[RandomEvents.SignpostPlacementService+PlayerReachability]& result, System.String& failure) [0x001e4] in D:\CDesktopLink\Unterlagen\Mods\Stronghold Crusader DE\Meine Mods\RandomEvents\src\SignpostPlacementService.cs:612 
  at RandomEvents.SignpostPlacementService.TryInitialize (RandomEvents.RandomEventsRuntimeState state) [0x0009c] in D:\CDesktopLink\Unterlagen\Mods\Stronghold Crusader DE\Meine Mods\RandomEvents\src\SignpostPlacementService.cs:77 
[Debug  :Bugfixes and QoL] [2026-09-24 16:10:31.402] AI stone-reserve first live calculation succeeded: player=6, slot=5, maximumBuildStep=117, reserve=35.
[Debug  :Bugfixes and QoL] [2026-09-24 16:10:31.402] AI stone-reserve first positive first-build buffer observed: player=6, reserve=35.
[Debug  :Building Limit] [2026-09-24 16:10:40.724] Building placement validation limit is unlimited: player 1 mapper MAPPER_GRANARY limit -1
[Debug  :Building Limit] [2026-09-24 16:10:40.749] Building placement validation limit is unlimited: player 1 mapper MAPPER_GRANARY limit -1
[Debug  :Building Limit] [2026-09-24 16:10:40.773] Building placement validation limit is unlimited: player 1 mapper MAPPER_GRANARY limit -1
[Debug  :Building Limit] [2026-09-24 16:10:40.798] Building placement validation limit is unlimited: player 1 mapper MAPPER_GRANARY limit -1
[Debug  :Building Limit] [2026-09-24 16:10:40.824] Building placement validation limit is unlimited: player 1 mapper MAPPER_GRANARY limit -1
[Debug  :Building Limit] [2026-09-24 16:10:40.849] Building placement validation limit is unlimited: player 1 mapper MAPPER_GRANARY limit -1
[Debug  :Building Limit] [2026-09-24 16:10:40.874] Building placement validation limit is unlimited: player 1 mapper MAPPER_GRANARY limit -1
[Debug  :Building Limit] [2026-09-24 16:10:40.898] Building placement validation limit is unlimited: player 1 mapper MAPPER_GRANARY limit -1
[Debug  :Building Limit] [2026-09-24 16:10:40.923] Building placement validation limit is unlimited: player 1 mapper MAPPER_GRANARY limit -1
[Debug  :Building Limit] [2026-09-24 16:10:40.948] Building placement validation limit is unlimited: player 1 mapper MAPPER_GRANARY limit -1
[Debug  :Building Limit] [2026-09-24 16:10:40.974] Building placement validation limit is unlimited: player 1 mapper MAPPER_GRANARY limit -1
[Debug  :Building Limit] [2026-09-24 16:10:40.999] Building placement validation limit is unlimited: player 1 mapper MAPPER_GRANARY limit -1
[Debug  :Building Limit] [2026-09-24 16:10:41.026] Building placement validation limit is unlimited: player 1 mapper MAPPER_GRANARY limit -1
[Debug  :Building Limit] [2026-09-24 16:10:41.049] Building placement validation limit is unlimited: player 1 mapper MAPPER_GRANARY limit -1
[Debug  :Building Limit] [2026-09-24 16:10:41.049] Building placement validation limit is unlimited: player 1 mapper MAPPER_GRANARY limit -1
[Debug  :Building Limit] [2026-09-24 16:10:41.049] ActiveBuildingCache NotifyNativeSnapshotChanged read snapshot: buildingId 206 owner 1 type STRUCT_GRANARY aliveState NeedsInit reason Created
[Debug  :Building Limit] [2026-09-24 16:10:41.049] ActiveBuildingCache UpdateSnapshot: buildingId 206 owner 1 type STRUCT_GRANARY aliveState NeedsInit reason Created changed True
[Debug  :Building Limit] [2026-09-24 16:10:41.049] ActiveBuildingCache count changed: player 1 type STRUCT_GRANARY old 0 new 1 delta 1 buildingId 206 reason Created
[Debug  :Building Limit] [2026-09-24 16:10:41.073] Building placement validation limit is unlimited: player 1 mapper MAPPER_GRANARY limit -1
[Debug  :Building Limit] [2026-09-24 16:10:41.099] Building placement validation limit is unlimited: player 1 mapper MAPPER_GRANARY limit -1
[Debug  :Building Limit] [2026-09-24 16:10:41.123] Building placement validation limit is unlimited: player 1 mapper MAPPER_GRANARY limit -1
[Debug  :Building Limit] [2026-09-24 16:10:41.149] Building placement validation limit is unlimited: player 1 mapper MAPPER_GRANARY limit -1
[Debug  :Building Limit] [2026-09-24 16:10:41.173] Building placement validation limit is unlimited: player 1 mapper MAPPER_GRANARY limit -1
[Debug  :Building Limit] [2026-09-24 16:10:41.198] Building placement validation limit is unlimited: player 1 mapper MAPPER_GRANARY limit -1
[Debug  :Building Limit] [2026-09-24 16:10:41.223] Building placement validation limit is unlimited: player 1 mapper MAPPER_GRANARY limit -1
[Debug  :Bugfixes and QoL] [2026-09-24 16:10:41.249] MOVE_FORMATION_DRAG: start-rejected; reason=selection-count; further occurrences of this reason are suppressed.
[Debug  :Bugfixes and QoL] [2026-09-24 16:10:41.403] Bugfixes and QoL quarry-pile runtime: AI quarry queued for Keep-facing pile placement: playerId=5, quarryId=207, quarryGlobalId=7332513, timeoutSeconds=10.
[Debug  :Bugfixes and QoL] [2026-09-24 16:10:41.453] Bugfixes and QoL quarry-pile runtime: AI Keep-facing target selected: playerId=5, quarryGlobalId=7332513, target=437,203, vanillaTry=1, candidateIndex=0, currentPositionIsBest=False.
[Debug  :Bugfixes and QoL] [2026-09-24 16:10:41.456] Bugfixes and QoL quarry-pile runtime: rotation completed: reason=singleplayer-ai-keep-facing, playerId=5, quarryGlobalId=7332513, newPileGlobalId=7332526, vanillaGroupId=7332513, target=437,203.
[Info   :  SHCDE-SE] [T1-16:10:44.797] [GameMapArchiveManagerAPI] [OnUnloadMap] Unloading archive
[Info   :  SHCDE-SE] [T1-16:10:44.797] [GameMapArchiveManagerAPI] [RemoveActiveArchive] Attempting to remove active archive
[Info   :  SHCDE-SE] [T1-16:10:44.797] [LuaManager] [OnUnloadMap] Attempting to unload lua state due to event, phase: Pre
[Info   :  SHCDE-SE] [T1-16:10:44.797] [LuaManager] [TryUnload] Attempting to unload lua state
[Warning:  SHCDE-SE] [T1-16:10:44.797] [LuaManager] [TryUnload] Lua state already unloaded!
[Info   :  SHCDE-SE] [T1-16:10:44.797] [DeterministicRandom] [OnUnloadMap] uninitializing shared state.
[Info   :  SHCDE-SE] [T1-16:10:44.797] [GamePlayerManagerAPI] [OnUnloadMap] Unloading
[Info   :  SHCDE-SE] [T1-16:10:44.797] [GameUnitManagerAPI] [OnUnloadMap] Unloading
[Info   :  SHCDE-SE] [T1-16:10:44.797] [GameBuildingManagerAPI] [OnUnloadMap] Unloading
[Info   :  SHCDE-SE] [T1-16:10:44.797] [GameMetadataManagerAPI] [OnUnloadMap] Unloading metadata
[Info   :  SHCDE-SE] [T1-16:10:44.797] [GameSoundManagerAPI] [Unload] Unloading sounds
[Info   :  SHCDE-SE] [T1-16:10:44.797] [GameSoundManagerAPI] [Unload] Unloading sounds complete
[Info   :  SHCDE-SE] [T1-16:10:44.797] [GameTriggerManager] [OnUnloadMap] Unloading
[Info   : APIShared] [2026-09-24 16:10:44.797] MissionEnd: session=1, source=NewGame, mode=CustomGame, phase=ManagedReady, reason=Unloaded, started=True, replay=False.
[Info   :  SHCDE-SE] [T1-16:10:44.797] [GameTimeManagerAPI] [OnUnloadMap] Unloading
[Info   :  SHCDE-SE] [T1-16:10:44.797] [GameAfterImageManager] [OnUnloadMap] Unloading active effects
[Info   :  SHCDE-SE] [T1-16:10:44.797] [GameBundleManager] [OnUnloadMap] Unloading
[Info   :Active AIV Detector] [2026-09-24 16:10:44.797] Active AIV detector reset for map unload; waiting for finalized AI selections. retainedPendingLobbyMetadata=False, retainedPendingPreBuildSetting=False.
[Info   :Unit Limit] [2026-09-24 16:10:44.797] [Unit Limit] gameplay-mod gate: modGuid=UnitLimit_Serp, source=MissionEnd, kind=Unknown, launchVariant=Standard, customized=False, customizedOrigin=0, modeAllowed=False, configuredEnabled=True, effectiveEnabled=False, action=disabled-by-mode, reason=unknown-fail-closed.
[Info   :Unit Limit] [2026-09-24 16:10:44.797] [UnitLimit_Serp] gameplay-feature gate: feature=UnitLimitEnforcement, source=MissionEnd, kind=Unknown, launchVariant=Standard, realMultiplayer=False, modeAllowed=False, action=disabled-by-feature-mode, reason=unknown-fail-closed.
[Debug  :Unit Limit] [2026-09-24 16:10:44.799] UnitLimit MakeTroop GameAction hook disposed.
[Debug  :Unit Limit] [2026-09-24 16:10:44.800] UnitLimit create troop hover hooks disposed.
[Debug  :Unit Limit] [2026-09-24 16:10:44.800] UnitLimit siege build hover hooks disposed.
[Debug  :Unit Limit] [2026-09-24 16:10:44.800] UnitLimit recruitment availability UI hook disposed.
[Debug  :Unit Limit] [2026-09-24 16:10:44.801] ActiveUnitCache cleared.
[Debug  :Unit Limit] [2026-09-24 16:10:44.801] ActiveSiegeTentCache cleared.
[Info   :Extra Features] [2026-09-24 16:10:44.802] [Extra Features] gameplay-mod gate: modGuid=ExtraFeatures_Serp, source=MissionEnd, kind=Unknown, launchVariant=Standard, customized=False, customizedOrigin=0, modeAllowed=False, configuredEnabled=True, effectiveEnabled=False, action=disabled-by-mode, reason=unknown-fail-closed.
[Info   :Extra Features] [2026-09-24 16:10:44.802] [ExtraFeatures_Serp] gameplay-feature gate: feature=LordHealthMultipliers, source=MissionEnd, kind=Unknown, launchVariant=Standard, realMultiplayer=False, modeAllowed=False, action=disabled-by-feature-mode, reason=unknown-fail-closed.
[Info   :Extra Features] [2026-09-24 16:10:44.802] Extra Features gatehouse map state cleared: manualOnly=0.
[Debug  :Extra Features] [2026-09-24 16:10:44.802] Extra Features apothecary plague-search maximum is now 30 (Vanilla).
[Debug  :Extra Features] [2026-09-24 16:10:44.802] Extra Features gatehouse diagnostic: button visibility state: hidden: mod-disabled.
[Info   :Extra Features] [2026-09-24 16:10:44.803] Extra Features church priest counts applied: enabled=False, church2=1, church3=1.
[Debug  :Bugfixes and QoL] [2026-09-24 16:10:44.803] Post-game lobby handoff state reset: reason=mission-end.
[Debug  :Bugfixes and QoL] [2026-09-24 16:10:44.804] Reset surrender/statistics session state: reason=mission-end.
[Info   :Building Costs] [2026-09-24 16:10:44.804] [Building Costs] gameplay-mod gate: modGuid=BuildingCosts_Serp, source=MissionEnd, kind=Unknown, launchVariant=Standard, customized=False, customizedOrigin=0, modeAllowed=False, configuredEnabled=True, effectiveEnabled=False, action=disabled-by-mode, reason=unknown-fail-closed.
[Info   :Building Costs] [2026-09-24 16:10:44.804] [BuildingCosts_Serp] gameplay-feature gate: feature=BuildingCostTooltip, source=MissionEnd, kind=Unknown, launchVariant=Standard, realMultiplayer=False, modeAllowed=False, action=disabled-by-feature-mode, reason=unknown-fail-closed.
[Debug  :Building Costs] [2026-09-24 16:10:44.805] Restored default building cost materials: 0
[Info   :Building Limit] [2026-09-24 16:10:44.805] [Building Limit] gameplay-mod gate: modGuid=BuildingLimit_Serp, source=MissionEnd, kind=Unknown, launchVariant=Standard, customized=False, customizedOrigin=0, modeAllowed=False, configuredEnabled=True, effectiveEnabled=False, action=disabled-by-mode, reason=unknown-fail-closed.
[Info   :Building Limit] [2026-09-24 16:10:44.805] [BuildingLimit_Serp] gameplay-feature gate: feature=BuildingLimitEnforcement, source=MissionEnd, kind=Unknown, launchVariant=Standard, realMultiplayer=False, modeAllowed=False, action=disabled-by-feature-mode, reason=unknown-fail-closed.
[Debug  :Building Limit] [2026-09-24 16:10:44.807] ActiveBuildingCache cleared.
[Info   :CastlePlanner] [2026-09-24 16:10:44.807] [CastlePlanner] gameplay-mod gate: modGuid=CastlePlanner_Serp, source=MissionEnd, kind=Unknown, launchVariant=Standard, customized=False, customizedOrigin=0, modeAllowed=False, configuredEnabled=True, effectiveEnabled=False, action=disabled-by-mode, reason=unknown-fail-closed.
[Info   :CastlePlanner] [2026-09-24 16:10:44.807] [CastlePlanner_Serp] gameplay-feature gate: feature=CastleSpawning, source=MissionEnd, kind=Unknown, launchVariant=Standard, realMultiplayer=False, modeAllowed=False, action=disabled-by-feature-mode, reason=unknown-fail-closed.
[Info   :CastlePlanner] [2026-09-24 16:10:44.807] [CastlePlanner_Serp] gameplay-feature gate: feature=FreeCastlePreview, source=MissionEnd, kind=Unknown, launchVariant=Standard, realMultiplayer=False, modeAllowed=False, action=disabled-by-feature-mode, reason=unknown-fail-closed.
[Info   :CastlePlanner] [2026-09-24 16:10:44.807] [CastlePlanner_Serp] gameplay-feature gate: feature=CastleBlueprints, source=MissionEnd, kind=Unknown, launchVariant=Standard, realMultiplayer=False, modeAllowed=False, action=disabled-by-feature-mode, reason=unknown-fail-closed.
[Debug  :CastlePlanner] [2026-09-24 16:10:44.807] Blueprint overlay cleared for map unload.
[Debug  :CastlePlanner] [2026-09-24 16:10:44.807] OnUnloadMap(Post) received; the next new map may spawn a native AIV castle.
[Info   : Cheat Mod] [2026-09-24 16:10:44.807] [Cheat Mod] gameplay-mod gate: modGuid=CheatMod_Serp, source=MissionEnd, kind=Unknown, launchVariant=Standard, customized=False, customizedOrigin=0, modeAllowed=False, configuredEnabled=False, effectiveEnabled=False, action=disabled-by-mode, reason=unknown-fail-closed.
[Info   : Cheat Mod] [2026-09-24 16:10:44.807] [CheatMod_Serp] gameplay-feature gate: feature=EndlessExtremePowersRecharge, source=MissionEnd, kind=Unknown, launchVariant=Standard, realMultiplayer=False, modeAllowed=False, action=disabled-by-feature-mode, reason=unknown-fail-closed.
[Info   :Extreme Powers] [2026-09-24 16:10:44.815] [Extreme Powers] gameplay-mod gate: modGuid=ExtremePowers_Serp, source=MissionEnd, kind=Unknown, launchVariant=Standard, customized=False, customizedOrigin=0, modeAllowed=False, configuredEnabled=True, effectiveEnabled=False, action=disabled-by-mode, reason=unknown-fail-closed.
[Info   :Random Events] [2026-09-24 16:10:44.815] [Random Events] gameplay-mod gate: modGuid=RandomEvents_Serp, source=MissionEnd, kind=Unknown, launchVariant=Standard, customized=False, customizedOrigin=0, modeAllowed=False, configuredEnabled=True, effectiveEnabled=False, action=disabled-by-mode, reason=unknown-fail-closed.
[Info   :Random Events] [2026-09-24 16:10:44.815] [RandomEvents_Serp] gameplay-feature gate: feature=RandomEventsRuntime, source=MissionEnd, kind=Unknown, launchVariant=Standard, realMultiplayer=False, modeAllowed=False, action=disabled-by-feature-mode, reason=unknown-fail-closed.
[Info   :Unit Costs] [2026-09-24 16:10:44.816] [Unit Costs] gameplay-mod gate: modGuid=UnitCosts_Serp, source=MissionEnd, kind=Unknown, launchVariant=Standard, customized=False, customizedOrigin=0, modeAllowed=False, configuredEnabled=True, effectiveEnabled=False, action=disabled-by-mode, reason=unknown-fail-closed.
[Info   :Unit Costs] [2026-09-24 16:10:44.816] [UnitCosts_Serp] gameplay-feature gate: feature=UnitCostEnforcement, source=MissionEnd, kind=Unknown, launchVariant=Standard, realMultiplayer=False, modeAllowed=False, action=disabled-by-feature-mode, reason=unknown-fail-closed.
[Debug  :Unit Costs] [2026-09-24 16:10:44.817] Restored vanilla unit cost values: 32
[Debug  :Unit Costs] [2026-09-24 16:10:44.817] UnitCosts MakeTroop GameAction hook disposed.
[Debug  :Unit Costs] [2026-09-24 16:10:44.818] UnitCosts create troop hover hooks disposed.
[Debug  :Unit Costs] [2026-09-24 16:10:44.818] UnitCosts siege build hover hooks disposed.
[Debug  :Unit Costs] [2026-09-24 16:10:44.818] UnitCosts recruitment availability UI hook disposed.
[Info   :  SHCDE-SE] [T1-16:10:44.977] [BulkMapLoaderDetours] [c_game_unload_map_hook_impl] pTileManager=00007FFAAB78EDB0, preventNotification=False
[Info   :  SHCDE-SE] [T1-16:10:44.977] [GameMapArchiveManagerAPI] [OnUnloadMap] Unloading archive
[Info   :  SHCDE-SE] [T1-16:10:44.977] [GameMapArchiveManagerAPI] [RemoveActiveArchive] Attempting to remove active archive
[Info   :  SHCDE-SE] [T1-16:10:44.977] [LuaManager] [OnUnloadMap] Attempting to unload lua state due to event, phase: Pre
[Info   :  SHCDE-SE] [T1-16:10:44.977] [LuaManager] [TryUnload] Attempting to unload lua state
[Warning:  SHCDE-SE] [T1-16:10:44.977] [LuaManager] [TryUnload] Lua state already unloaded!
[Info   :  SHCDE-SE] [T1-16:10:44.977] [DeterministicRandom] [OnUnloadMap] uninitializing shared state.
[Info   :  SHCDE-SE] [T1-16:10:44.977] [GamePlayerManagerAPI] [OnUnloadMap] Unloading
[Info   :  SHCDE-SE] [T1-16:10:44.977] [GameUnitManagerAPI] [OnUnloadMap] Unloading
[Info   :  SHCDE-SE] [T1-16:10:44.977] [GameBuildingManagerAPI] [OnUnloadMap] Unloading
[Info   :  SHCDE-SE] [T1-16:10:44.977] [GameMetadataManagerAPI] [OnUnloadMap] Unloading metadata
[Info   :  SHCDE-SE] [T1-16:10:44.977] [GameSoundManagerAPI] [Unload] Unloading sounds
[Info   :  SHCDE-SE] [T1-16:10:44.977] [GameSoundManagerAPI] [Unload] Unloading sounds complete
[Info   :  SHCDE-SE] [T1-16:10:44.977] [GameTriggerManager] [OnUnloadMap] Unloading
[Info   :  SHCDE-SE] [T1-16:10:44.977] [GameTimeManagerAPI] [OnUnloadMap] Unloading
[Info   :  SHCDE-SE] [T1-16:10:44.977] [GameAfterImageManager] [OnUnloadMap] Unloading active effects
[Info   :  SHCDE-SE] [T1-16:10:44.977] [GameBundleManager] [OnUnloadMap] Unloading
[Info   :  SHCDE-SE] [T1-16:10:44.995] [GameMapArchiveManagerAPI] [OnUnloadMap] Unloading archive
[Info   :  SHCDE-SE] [T1-16:10:44.995] [GameMapArchiveManagerAPI] [RemoveActiveArchive] Attempting to remove active archive
[Info   :  SHCDE-SE] [T1-16:10:44.995] [DeterministicRandom] [OnUnloadMap] uninitializing shared state.
[Info   :  SHCDE-SE] [T1-16:10:44.995] [GamePlayerManagerAPI] [OnUnloadMap] Unloading
[Info   :  SHCDE-SE] [T1-16:10:44.995] [GameUnitManagerAPI] [OnUnloadMap] Unloading
[Info   :  SHCDE-SE] [T1-16:10:44.996] [GameBuildingManagerAPI] [OnUnloadMap] Unloading
[Info   :  SHCDE-SE] [T1-16:10:44.996] [GameMetadataManagerAPI] [OnUnloadMap] Unloading metadata
[Info   :  SHCDE-SE] [T1-16:10:44.996] [GameSoundManagerAPI] [Unload] Unloading sounds
[Info   :  SHCDE-SE] [T1-16:10:44.996] [GameSoundManagerAPI] [Unload] Unloading sounds complete
[Info   :  SHCDE-SE] [T1-16:10:44.996] [GameTriggerManager] [OnUnloadMap] Unloading
[Info   :  SHCDE-SE] [T1-16:10:44.996] [GameTimeManagerAPI] [OnUnloadMap] Unloading
[Info   :  SHCDE-SE] [T1-16:10:44.996] [GameAfterImageManager] [OnUnloadMap] Unloading active effects
[Info   :  SHCDE-SE] [T1-16:10:44.996] [GameBundleManager] [OnUnloadMap] Unloading
[Info   :  SHCDE-SE] [T1-16:10:45.006] [BulkMapLoaderDetours] [c_game_unload_map_hook_impl] pTileManager=00007FFAAB78EDB0, preventNotification=False
[Info   :  SHCDE-SE] [T1-16:10:45.008] [GameMapArchiveManagerAPI] [OnUnloadMap] Unloading archive
[Info   :  SHCDE-SE] [T1-16:10:45.008] [GameMapArchiveManagerAPI] [RemoveActiveArchive] Attempting to remove active archive
[Info   :  SHCDE-SE] [T1-16:10:45.008] [LuaManager] [OnUnloadMap] Attempting to unload lua state due to event, phase: Pre
[Info   :  SHCDE-SE] [T1-16:10:45.008] [LuaManager] [TryUnload] Attempting to unload lua state
[Warning:  SHCDE-SE] [T1-16:10:45.008] [LuaManager] [TryUnload] Lua state already unloaded!
[Info   :  SHCDE-SE] [T1-16:10:45.008] [DeterministicRandom] [OnUnloadMap] uninitializing shared state.
[Info   :  SHCDE-SE] [T1-16:10:45.008] [GamePlayerManagerAPI] [OnUnloadMap] Unloading
[Info   :  SHCDE-SE] [T1-16:10:45.008] [GameUnitManagerAPI] [OnUnloadMap] Unloading
[Info   :  SHCDE-SE] [T1-16:10:45.008] [GameBuildingManagerAPI] [OnUnloadMap] Unloading
[Info   :  SHCDE-SE] [T1-16:10:45.008] [GameMetadataManagerAPI] [OnUnloadMap] Unloading metadata
[Info   :  SHCDE-SE] [T1-16:10:45.008] [GameSoundManagerAPI] [Unload] Unloading sounds
[Info   :  SHCDE-SE] [T1-16:10:45.008] [GameSoundManagerAPI] [Unload] Unloading sounds complete
[Info   :  SHCDE-SE] [T1-16:10:45.008] [GameTriggerManager] [OnUnloadMap] Unloading
[Info   :  SHCDE-SE] [T1-16:10:45.008] [GameTimeManagerAPI] [OnUnloadMap] Unloading
[Info   :  SHCDE-SE] [T1-16:10:45.008] [GameAfterImageManager] [OnUnloadMap] Unloading active effects
[Info   :  SHCDE-SE] [T1-16:10:45.008] [GameBundleManager] [OnUnloadMap] Unloading
[Info   :  SHCDE-SE] [T1-16:10:45.024] [GameMapArchiveManagerAPI] [OnUnloadMap] Unloading archive
[Info   :  SHCDE-SE] [T1-16:10:45.024] [GameMapArchiveManagerAPI] [RemoveActiveArchive] Attempting to remove active archive
[Info   :  SHCDE-SE] [T1-16:10:45.024] [DeterministicRandom] [OnUnloadMap] uninitializing shared state.
[Info   :  SHCDE-SE] [T1-16:10:45.024] [GamePlayerManagerAPI] [OnUnloadMap] Unloading
[Info   :  SHCDE-SE] [T1-16:10:45.024] [GameUnitManagerAPI] [OnUnloadMap] Unloading
[Info   :  SHCDE-SE] [T1-16:10:45.024] [GameBuildingManagerAPI] [OnUnloadMap] Unloading
[Info   :  SHCDE-SE] [T1-16:10:45.024] [GameMetadataManagerAPI] [OnUnloadMap] Unloading metadata
[Info   :  SHCDE-SE] [T1-16:10:45.024] [GameSoundManagerAPI] [Unload] Unloading sounds
[Info   :  SHCDE-SE] [T1-16:10:45.024] [GameSoundManagerAPI] [Unload] Unloading sounds complete
[Info   :  SHCDE-SE] [T1-16:10:45.024] [GameTriggerManager] [OnUnloadMap] Unloading
[Info   :  SHCDE-SE] [T1-16:10:45.024] [GameTimeManagerAPI] [OnUnloadMap] Unloading
[Info   :  SHCDE-SE] [T1-16:10:45.024] [GameAfterImageManager] [OnUnloadMap] Unloading active effects
[Info   :  SHCDE-SE] [T1-16:10:45.024] [GameBundleManager] [OnUnloadMap] Unloading
[Info   :AIV Lobby Preset Test] Preset Prepare entered; config=E:\ProgrammeE\Steam\steamapps\common\Stronghold Crusader Definitive Edition\BepInEx\config\AivLobbyPresetTest.json, lobby=True
[Info   :AIV Lobby Preset Test] Test series run 2/2: CL-A-on, Completed Castles=1
[Info   :AIV Lobby Preset Test] Validated lobby preset: Crater Lake.map, players=8, mapSha256=C5D9906AA37ED96EC1CF9B3EB0C7F6FB5B3E1D8063167FE22337E69C153BB887
[Warning:  SHCDE-SE] [T1-16:10:45.075] [MapArchive] [.ctor] ZIP EOCD-Header not found for [E:\ProgrammeE\Steam\steamapps\common\Stronghold Crusader Definitive Edition\Stronghold Crusader Definitive Edition_Data\StreamingAssets\Maps\Crater Lake.map]. Not a valid archive.
[Warning:  SHCDE-SE] [T1-16:10:45.082] [MapArchive] [.ctor] ZIP EOCD-Header not found for [E:\ProgrammeE\Steam\steamapps\common\Stronghold Crusader Definitive Edition\Stronghold Crusader Definitive Edition_Data\StreamingAssets\Maps\Crater Lake.map]. Not a valid archive.
[Warning:  SHCDE-SE] [T1-16:10:45.088] [MapArchive] [.ctor] ZIP EOCD-Header not found for [E:\ProgrammeE\Steam\steamapps\common\Stronghold Crusader Definitive Edition\Stronghold Crusader Definitive Edition_Data\StreamingAssets\Maps\Crater Lake.map]. Not a valid archive.
[Info   :CastlePlanner] [2026-09-24 16:10:45.096] AIV lobby placement result: generation=3, playerId=2, preBuild=0, status=Complete, evaluableCandidates=1/1, selectedCandidate=0, rotation=Degrees270, possibleCandidates=0, possibleRotations=Degrees270, reason=None: .
[Info   :CastlePlanner] [2026-09-24 16:10:45.096] AIV lobby placement result: generation=3, playerId=3, preBuild=0, status=Complete, evaluableCandidates=1/1, selectedCandidate=0, rotation=Degrees0, possibleCandidates=0, possibleRotations=Degrees0, reason=None: .
[Info   :CastlePlanner] [2026-09-24 16:10:45.096] AIV lobby placement result: generation=3, playerId=4, preBuild=0, status=Complete, evaluableCandidates=1/1, selectedCandidate=0, rotation=Degrees180, possibleCandidates=0, possibleRotations=Degrees180, reason=None: .
[Info   :CastlePlanner] [2026-09-24 16:10:45.096] AIV lobby placement result: generation=3, playerId=5, preBuild=0, status=Complete, evaluableCandidates=1/1, selectedCandidate=0, rotation=Degrees180, possibleCandidates=0, possibleRotations=Degrees180, reason=None: .
[Info   :CastlePlanner] [2026-09-24 16:10:45.096] AIV lobby placement result: generation=3, playerId=6, preBuild=0, status=Partial, evaluableCandidates=1/1, selectedCandidate=0, rotation=Degrees270, possibleCandidates=0, possibleRotations=Degrees270, reason=None: .
[Info   :CastlePlanner] [2026-09-24 16:10:45.096] AIV lobby placement result: generation=3, playerId=7, preBuild=0, status=Complete, evaluableCandidates=1/1, selectedCandidate=0, rotation=Degrees180, possibleCandidates=0, possibleRotations=Degrees180, reason=None: .
[Info   :CastlePlanner] [2026-09-24 16:10:45.096] AIV lobby placement result: generation=3, playerId=8, preBuild=0, status=NotEvaluable, evaluableCandidates=0/0, selectedCandidate=none, rotation=unknown, possibleCandidates=unproven, possibleRotations=unproven, reason=PriorAiSelectionUnknown: Earlier AI player 7 has no proven start state (None: the selected AIV has a shifted native start marker)..
[Info   :AIV Lobby Preset Test] Lobby observed: skirmish=True, host=True, visible=True, panelActive=True, managedViewNull=False, noesisViewNull=False
[Info   :AIV Lobby Preset Test] Lobby bridge before Tick: assembly=E:\ProgrammeE\Steam\steamapps\common\Stronghold Crusader Definitive Edition\BepInEx\plugins\APIShared_Serp\APIShared.dll, owner=AivLobbyPresetTest_Serp, callback=AivLobbyPresetTest.AivLobbyPresetTestPlugin, sameLobby=True, prepared=False, active=True, applyAttempted=False
[Info   :AIV Lobby Preset Test] Preset Prepare entered; config=E:\ProgrammeE\Steam\steamapps\common\Stronghold Crusader Definitive Edition\BepInEx\config\AivLobbyPresetTest.json, lobby=True
[Info   :AIV Lobby Preset Test] Test series run 2/2: CL-A-on, Completed Castles=1
[Info   :AIV Lobby Preset Test] Validated lobby preset: Crater Lake.map, players=8, mapSha256=C5D9906AA37ED96EC1CF9B3EB0C7F6FB5B3E1D8063167FE22337E69C153BB887
[Info   :AIV Lobby Preset Test] Preset Apply entered; map=E:\ProgrammeE\Steam\steamapps\common\Stronghold Crusader Definitive Edition\Stronghold Crusader Definitive Edition_Data\StreamingAssets\Maps\Crater Lake.map, players=8
[Info   :AIV Lobby Preset Test] Preset player=1 lord=human keepSlot=0 keep=654,448
[Info   :AIV Lobby Preset Test] Preset player=2 lord=12 keepSlot=6 keep=241,274 AIV=Default 6 rotation=auto aivDataSha256=F1D404B8018A15FA56F7ED340D54FFC544CBC507589C2DD757D4E6C00CE64158
[Info   :AIV Lobby Preset Test] Preset player=3 lord=3 keepSlot=5 keep=254,580 AIV=Default 8 rotation=auto aivDataSha256=7EE4519EAFBC46C7C1954F2941BC6F1C72BCC8E26853476BA053A8D168BB7110
[Info   :AIV Lobby Preset Test] Preset player=4 lord=14 keepSlot=2 keep=525,274 AIV=Default 7 rotation=auto aivDataSha256=DE54F8D2382B33263BBF3F8E8C6E1C9D64DFFEE9AEFC4F49F622557084BD8D1D
[Info   :AIV Lobby Preset Test] Preset player=5 lord=11 keepSlot=1 keep=406,121 AIV=Default 1 rotation=auto aivDataSha256=70C520BEA3D658F2B7F591630D9B30B493D7C80D32883444792F3D0B8A911D84
[Info   :AIV Lobby Preset Test] Preset player=6 lord=15 keepSlot=4 keep=187,407 AIV=Default 2 rotation=auto aivDataSha256=5B6CA96B80D5F35EC83125E58E15E42D59B125B92DEAD469C321E1EC845B6A41
[Info   :AIV Lobby Preset Test] Preset player=7 lord=16 keepSlot=3 keep=379,353 AIV=Default 5 rotation=auto aivDataSha256=2A0550938D2DDD4797800159589F287D0CCA9F77C48027880CB1153C69DE6DD0
[Info   :AIV Lobby Preset Test] Preset player=8 lord=18 keepSlot=7 keep=423,667 AIV=Default 4 rotation=auto aivDataSha256=3CC85D84AF2DB6CA50BA83A183642E850B1B06933C395CD6AD9DE38CB58C9385
[Info   :AIV Lobby Preset Test] Test series preset applied: CL-A-on, Completed Castles=1.
[Info   :AIV Lobby Preset Test] Lobby bridge after Tick: assembly=E:\ProgrammeE\Steam\steamapps\common\Stronghold Crusader Definitive Edition\BepInEx\plugins\APIShared_Serp\APIShared.dll, owner=AivLobbyPresetTest_Serp, callback=AivLobbyPresetTest.AivLobbyPresetTestPlugin, sameLobby=True, prepared=True, active=True, applyAttempted=True
[Info   :CastlePlanner] [2026-09-24 16:10:45.184] AIV lobby placement result: generation=4, playerId=2, preBuild=1, status=Complete, evaluableCandidates=1/1, selectedCandidate=0, rotation=Degrees270, possibleCandidates=0, possibleRotations=Degrees270, reason=None: .
[Info   :CastlePlanner] [2026-09-24 16:10:45.184] AIV lobby placement result: generation=4, playerId=3, preBuild=1, status=NotEvaluable, evaluableCandidates=0/0, selectedCandidate=none, rotation=unknown, possibleCandidates=unproven, possibleRotations=unproven, reason=RequestNotReady: PreBuildSequenceUnsupported.
[Info   :CastlePlanner] [2026-09-24 16:10:45.184] AIV lobby placement result: generation=4, playerId=4, preBuild=1, status=NotEvaluable, evaluableCandidates=0/0, selectedCandidate=none, rotation=unknown, possibleCandidates=unproven, possibleRotations=unproven, reason=RequestNotReady: PreBuildSequenceUnsupported.
[Info   :CastlePlanner] [2026-09-24 16:10:45.184] AIV lobby placement result: generation=4, playerId=5, preBuild=1, status=NotEvaluable, evaluableCandidates=0/0, selectedCandidate=none, rotation=unknown, possibleCandidates=unproven, possibleRotations=unproven, reason=RequestNotReady: PreBuildSequenceUnsupported.
[Info   :CastlePlanner] [2026-09-24 16:10:45.184] AIV lobby placement result: generation=4, playerId=6, preBuild=1, status=NotEvaluable, evaluableCandidates=0/0, selectedCandidate=none, rotation=unknown, possibleCandidates=unproven, possibleRotations=unproven, reason=RequestNotReady: PreBuildSequenceUnsupported.
[Info   :CastlePlanner] [2026-09-24 16:10:45.184] AIV lobby placement result: generation=4, playerId=7, preBuild=1, status=NotEvaluable, evaluableCandidates=0/0, selectedCandidate=none, rotation=unknown, possibleCandidates=unproven, possibleRotations=unproven, reason=RequestNotReady: PreBuildSequenceUnsupported.
[Info   :CastlePlanner] [2026-09-24 16:10:45.184] AIV lobby placement result: generation=4, playerId=8, preBuild=1, status=NotEvaluable, evaluableCandidates=0/0, selectedCandidate=none, rotation=unknown, possibleCandidates=unproven, possibleRotations=unproven, reason=RequestNotReady: PreBuildSequenceUnsupported.
[Info   :Active AIV Detector] [2026-09-24 16:10:59.893] Captured skirmish option before StartSkirmishGame: advopt_pre_build=1, mode=enabled.
[Info   :Active AIV Detector] [2026-09-24 16:10:59.893] Captured lord/AIV metadata for 7 AI lobby slots before StartSkirmishGame.
[Info   :  SHCDE-SE] [T1-16:10:59.924] [BulkMapLoaderDetours] [c_game_unload_map_hook_impl] pTileManager=00007FFAAB78EDB0, preventNotification=False
[Info   :  SHCDE-SE] [T1-16:10:59.924] [GameMapArchiveManagerAPI] [OnUnloadMap] Unloading archive
[Info   :  SHCDE-SE] [T1-16:10:59.924] [GameMapArchiveManagerAPI] [RemoveActiveArchive] Attempting to remove active archive
[Info   :  SHCDE-SE] [T1-16:10:59.924] [LuaManager] [OnUnloadMap] Attempting to unload lua state due to event, phase: Pre
[Info   :  SHCDE-SE] [T1-16:10:59.924] [LuaManager] [TryUnload] Attempting to unload lua state
[Warning:  SHCDE-SE] [T1-16:10:59.924] [LuaManager] [TryUnload] Lua state already unloaded!
[Info   :  SHCDE-SE] [T1-16:10:59.924] [DeterministicRandom] [OnUnloadMap] uninitializing shared state.
[Info   :  SHCDE-SE] [T1-16:10:59.924] [GamePlayerManagerAPI] [OnUnloadMap] Unloading
[Info   :  SHCDE-SE] [T1-16:10:59.924] [GameUnitManagerAPI] [OnUnloadMap] Unloading
[Info   :  SHCDE-SE] [T1-16:10:59.924] [GameBuildingManagerAPI] [OnUnloadMap] Unloading
[Info   :  SHCDE-SE] [T1-16:10:59.924] [GameMetadataManagerAPI] [OnUnloadMap] Unloading metadata
[Info   :  SHCDE-SE] [T1-16:10:59.924] [GameSoundManagerAPI] [Unload] Unloading sounds
[Info   :  SHCDE-SE] [T1-16:10:59.924] [GameSoundManagerAPI] [Unload] Unloading sounds complete
[Info   :  SHCDE-SE] [T1-16:10:59.924] [GameTriggerManager] [OnUnloadMap] Unloading
[Info   :  SHCDE-SE] [T1-16:10:59.924] [GameTimeManagerAPI] [OnUnloadMap] Unloading
[Info   :  SHCDE-SE] [T1-16:10:59.924] [GameAfterImageManager] [OnUnloadMap] Unloading active effects
[Info   :  SHCDE-SE] [T1-16:10:59.924] [GameBundleManager] [OnUnloadMap] Unloading
[Info   :  SHCDE-SE] [T1-16:10:59.942] [GameMapArchiveManagerAPI] [OnUnloadMap] Unloading archive
[Info   :  SHCDE-SE] [T1-16:10:59.942] [GameMapArchiveManagerAPI] [RemoveActiveArchive] Attempting to remove active archive
[Info   :  SHCDE-SE] [T1-16:10:59.942] [DeterministicRandom] [OnUnloadMap] uninitializing shared state.
[Info   :  SHCDE-SE] [T1-16:10:59.942] [GamePlayerManagerAPI] [OnUnloadMap] Unloading
[Info   :  SHCDE-SE] [T1-16:10:59.942] [GameUnitManagerAPI] [OnUnloadMap] Unloading
[Info   :  SHCDE-SE] [T1-16:10:59.942] [GameBuildingManagerAPI] [OnUnloadMap] Unloading
[Info   :  SHCDE-SE] [T1-16:10:59.942] [GameMetadataManagerAPI] [OnUnloadMap] Unloading metadata
[Info   :  SHCDE-SE] [T1-16:10:59.942] [GameSoundManagerAPI] [Unload] Unloading sounds
[Info   :  SHCDE-SE] [T1-16:10:59.942] [GameSoundManagerAPI] [Unload] Unloading sounds complete
[Info   :  SHCDE-SE] [T1-16:10:59.942] [GameTriggerManager] [OnUnloadMap] Unloading
[Info   :  SHCDE-SE] [T1-16:10:59.942] [GameTimeManagerAPI] [OnUnloadMap] Unloading
[Info   :  SHCDE-SE] [T1-16:10:59.942] [GameAfterImageManager] [OnUnloadMap] Unloading active effects
[Info   :  SHCDE-SE] [T1-16:10:59.943] [GameBundleManager] [OnUnloadMap] Unloading
[Info   :  SHCDE-SE] [T1-16:10:59.954] [BulkMapLoaderDetours] [c_game_unload_map_hook_impl] pTileManager=00007FFAAB78EDB0, preventNotification=False
[Info   :  SHCDE-SE] [T1-16:10:59.954] [GameMapArchiveManagerAPI] [OnUnloadMap] Unloading archive
[Info   :  SHCDE-SE] [T1-16:10:59.954] [GameMapArchiveManagerAPI] [RemoveActiveArchive] Attempting to remove active archive
[Info   :  SHCDE-SE] [T1-16:10:59.954] [LuaManager] [OnUnloadMap] Attempting to unload lua state due to event, phase: Pre
[Info   :  SHCDE-SE] [T1-16:10:59.954] [LuaManager] [TryUnload] Attempting to unload lua state
[Warning:  SHCDE-SE] [T1-16:10:59.954] [LuaManager] [TryUnload] Lua state already unloaded!
[Info   :  SHCDE-SE] [T1-16:10:59.954] [DeterministicRandom] [OnUnloadMap] uninitializing shared state.
[Info   :  SHCDE-SE] [T1-16:10:59.954] [GamePlayerManagerAPI] [OnUnloadMap] Unloading
[Info   :  SHCDE-SE] [T1-16:10:59.954] [GameUnitManagerAPI] [OnUnloadMap] Unloading
[Info   :  SHCDE-SE] [T1-16:10:59.954] [GameBuildingManagerAPI] [OnUnloadMap] Unloading
[Info   :  SHCDE-SE] [T1-16:10:59.954] [GameMetadataManagerAPI] [OnUnloadMap] Unloading metadata
[Info   :  SHCDE-SE] [T1-16:10:59.954] [GameSoundManagerAPI] [Unload] Unloading sounds
[Info   :  SHCDE-SE] [T1-16:10:59.954] [GameSoundManagerAPI] [Unload] Unloading sounds complete
[Info   :  SHCDE-SE] [T1-16:10:59.954] [GameTriggerManager] [OnUnloadMap] Unloading
[Info   :  SHCDE-SE] [T1-16:10:59.954] [GameTimeManagerAPI] [OnUnloadMap] Unloading
[Info   :  SHCDE-SE] [T1-16:10:59.954] [GameAfterImageManager] [OnUnloadMap] Unloading active effects
[Info   :  SHCDE-SE] [T1-16:10:59.954] [GameBundleManager] [OnUnloadMap] Unloading
[Info   :  SHCDE-SE] [T1-16:10:59.971] [GameMapArchiveManagerAPI] [OnUnloadMap] Unloading archive
[Info   :  SHCDE-SE] [T1-16:10:59.972] [GameMapArchiveManagerAPI] [RemoveActiveArchive] Attempting to remove active archive
[Info   :  SHCDE-SE] [T1-16:10:59.972] [DeterministicRandom] [OnUnloadMap] uninitializing shared state.
[Info   :  SHCDE-SE] [T1-16:10:59.972] [GamePlayerManagerAPI] [OnUnloadMap] Unloading
[Info   :  SHCDE-SE] [T1-16:10:59.972] [GameUnitManagerAPI] [OnUnloadMap] Unloading
[Info   :  SHCDE-SE] [T1-16:10:59.972] [GameBuildingManagerAPI] [OnUnloadMap] Unloading
[Info   :  SHCDE-SE] [T1-16:10:59.972] [GameMetadataManagerAPI] [OnUnloadMap] Unloading metadata
[Info   :  SHCDE-SE] [T1-16:10:59.972] [GameSoundManagerAPI] [Unload] Unloading sounds
[Info   :  SHCDE-SE] [T1-16:10:59.972] [GameSoundManagerAPI] [Unload] Unloading sounds complete
[Info   :  SHCDE-SE] [T1-16:10:59.972] [GameTriggerManager] [OnUnloadMap] Unloading
[Info   :  SHCDE-SE] [T1-16:10:59.972] [GameTimeManagerAPI] [OnUnloadMap] Unloading
[Info   :  SHCDE-SE] [T1-16:10:59.972] [GameAfterImageManager] [OnUnloadMap] Unloading active effects
[Info   :  SHCDE-SE] [T1-16:10:59.972] [GameBundleManager] [OnUnloadMap] Unloading
[Info   :  SHCDE-SE] [T1-16:10:59.972] [BulkAIDetours] [c_game_dll_importaiv_hook_impl] Loaded AIV bank=-1, variant=-1, elementCount=0, isCustom=0
[Info   :  SHCDE-SE] [T1-16:10:59.972] [BulkAIDetours] [c_game_dll_importaiv_hook_impl] Loaded AIV bank=1, variant=0, elementCount=1678, isCustom=1
[Info   :  SHCDE-SE] [T1-16:10:59.972] [BulkAIDetours] [c_game_dll_importaiv_hook_impl] Loaded AIV bank=2, variant=0, elementCount=1562, isCustom=1
[Info   :  SHCDE-SE] [T1-16:10:59.972] [BulkAIDetours] [c_game_dll_importaiv_hook_impl] Loaded AIV bank=3, variant=0, elementCount=651, isCustom=1
[Info   :  SHCDE-SE] [T1-16:10:59.972] [BulkAIDetours] [c_game_dll_importaiv_hook_impl] Loaded AIV bank=4, variant=0, elementCount=1006, isCustom=1
[Info   :  SHCDE-SE] [T1-16:10:59.972] [BulkAIDetours] [c_game_dll_importaiv_hook_impl] Loaded AIV bank=5, variant=0, elementCount=1301, isCustom=1
[Info   :  SHCDE-SE] [T1-16:10:59.972] [BulkAIDetours] [c_game_dll_importaiv_hook_impl] Loaded AIV bank=6, variant=0, elementCount=1082, isCustom=1
[Info   :  SHCDE-SE] [T1-16:10:59.972] [BulkAIDetours] [c_game_dll_importaiv_hook_impl] Loaded AIV bank=7, variant=0, elementCount=284, isCustom=1
[Info   : APIShared] [2026-09-24 16:10:59.972] MissionInitialization: session=2, source=NewGame, mode=CustomGame, phase=BeforeLoad, reason=None, started=False, replay=False.
[Info   :Active AIV Detector] [2026-09-24 16:10:59.972] Active AIV detector reset for map load; waiting for finalized AI selections. retainedPendingLobbyMetadata=True, retainedPendingPreBuildSetting=True.
[Info   :Unit Limit] [2026-09-24 16:11:00.030] [Unit Limit] gameplay-mod gate: modGuid=UnitLimit_Serp, source=MissionInitialization(BeforeLoad, session=2), kind=CustomGame, launchVariant=Standard, customized=False, customizedOrigin=0, modeAllowed=True, configuredEnabled=True, effectiveEnabled=True, action=enabled, reason=custom-game.
[Info   :Unit Limit] [2026-09-24 16:11:00.030] [UnitLimit_Serp] gameplay-feature gate: feature=UnitLimitEnforcement, source=MissionInitialization(BeforeLoad, session=2), kind=CustomGame, launchVariant=Standard, realMultiplayer=False, modeAllowed=True, action=enabled, reason=feature-context-allowed.
[Debug  :Unit Limit] [2026-09-24 16:11:00.030] Subscribing unit limit runtime hooks
[Debug  :Unit Limit] [2026-09-24 16:11:00.030] ActiveUnitCache hooks subscribed.
[Debug  :Unit Limit] [2026-09-24 16:11:00.030] ActiveSiegeTentCache hooks subscribed.
[Debug  :Unit Limit] [2026-09-24 16:11:00.032] UnitLimit MakeTroop GameAction hook installed.
[Debug  :Unit Limit] [2026-09-24 16:11:00.035] UnitLimit create troop hover hooks installed.
[Debug  :Unit Limit] [2026-09-24 16:11:00.035] UnitLimit recruitment availability UI hook installed.
[Debug  :Unit Limit] [2026-09-24 16:11:00.037] UnitLimit siege build hover hooks installed.
[Debug  :Unit Limit] [2026-09-24 16:11:00.037] Unit limit runtime hooks subscribed
[Debug  :Unit Limit] [2026-09-24 16:11:00.037] Applied active unit limit rules: 32
[Info   :Extra Features] [2026-09-24 16:11:00.037] [Extra Features] gameplay-mod gate: modGuid=ExtraFeatures_Serp, source=MissionInitialization(BeforeLoad, session=2), kind=CustomGame, launchVariant=Standard, customized=False, customizedOrigin=0, modeAllowed=True, configuredEnabled=True, effectiveEnabled=True, action=enabled, reason=custom-game.
[Info   :Extra Features] [2026-09-24 16:11:00.037] [ExtraFeatures_Serp] gameplay-feature gate: feature=LordHealthMultipliers, source=MissionInitialization(BeforeLoad, session=2), kind=CustomGame, launchVariant=Standard, realMultiplayer=False, modeAllowed=True, action=enabled, reason=feature-context-allowed.
[Debug  :Extra Features] [2026-09-24 16:11:00.037] Extra Features apothecary plague-search maximum is now 50 (configured).
[Debug  :Extra Features] [2026-09-24 16:11:00.037] Extra Features feature hooks reconciled.
[Info   :Extra Features] [2026-09-24 16:11:00.037] Extra Features church priest counts applied: enabled=True, church2=2, church3=3.
[Debug  :Extra Features] [2026-09-24 16:11:00.037] Extra Features gatehouse diagnostic: button visibility state: hidden: map-inactive, editor=False.
[Info   :Building Costs] [2026-09-24 16:11:00.037] [Building Costs] gameplay-mod gate: modGuid=BuildingCosts_Serp, source=MissionInitialization(BeforeLoad, session=2), kind=CustomGame, launchVariant=Standard, customized=False, customizedOrigin=0, modeAllowed=True, configuredEnabled=True, effectiveEnabled=True, action=enabled, reason=custom-game.
[Info   :Building Costs] [2026-09-24 16:11:00.037] [BuildingCosts_Serp] gameplay-feature gate: feature=BuildingCostTooltip, source=MissionInitialization(BeforeLoad, session=2), kind=CustomGame, launchVariant=Standard, realMultiplayer=False, modeAllowed=True, action=enabled, reason=feature-context-allowed.
[Debug  :Building Costs] [2026-09-24 16:11:00.039] HUD_Main.UpdateRollover hook installed
[Debug  :Building Costs] [2026-09-24 16:11:00.039] Building cost runtime hooks subscribed
[Debug  :Building Costs] [2026-09-24 16:11:00.040] Applied building cost materials: 0
[Info   :Building Limit] [2026-09-24 16:11:00.040] [Building Limit] gameplay-mod gate: modGuid=BuildingLimit_Serp, source=MissionInitialization(BeforeLoad, session=2), kind=CustomGame, launchVariant=Standard, customized=False, customizedOrigin=0, modeAllowed=True, configuredEnabled=True, effectiveEnabled=True, action=enabled, reason=custom-game.
[Info   :Building Limit] [2026-09-24 16:11:00.040] [BuildingLimit_Serp] gameplay-feature gate: feature=BuildingLimitEnforcement, source=MissionInitialization(BeforeLoad, session=2), kind=CustomGame, launchVariant=Standard, realMultiplayer=False, modeAllowed=True, action=enabled, reason=feature-context-allowed.
[Debug  :Building Limit] [2026-09-24 16:11:00.040] Subscribing building limit runtime hooks
[Debug  :Building Limit] [2026-09-24 16:11:00.040] ActiveBuildingCache hooks subscribed.
[Debug  :Building Limit] [2026-09-24 16:11:00.040] HUD_Main.UpdateRollover building limit hook installed
[Debug  :Building Limit] [2026-09-24 16:11:00.040] Building limit runtime hooks subscribed
[Debug  :Building Limit] [2026-09-24 16:11:00.041] Applied active building limit rules: 93
[Info   :CastlePlanner] [2026-09-24 16:11:00.041] [CastlePlanner] gameplay-mod gate: modGuid=CastlePlanner_Serp, source=MissionInitialization(BeforeLoad, session=2), kind=CustomGame, launchVariant=Standard, customized=False, customizedOrigin=0, modeAllowed=True, configuredEnabled=True, effectiveEnabled=True, action=enabled, reason=custom-game.
[Info   :CastlePlanner] [2026-09-24 16:11:00.041] [CastlePlanner_Serp] gameplay-feature gate: feature=CastleSpawning, source=MissionInitialization(BeforeLoad, session=2), kind=CustomGame, launchVariant=Standard, realMultiplayer=False, modeAllowed=True, action=enabled, reason=feature-context-allowed.
[Info   :CastlePlanner] [2026-09-24 16:11:00.041] [CastlePlanner_Serp] gameplay-feature gate: feature=FreeCastlePreview, source=MissionInitialization(BeforeLoad, session=2), kind=CustomGame, launchVariant=Standard, realMultiplayer=False, modeAllowed=True, action=enabled, reason=feature-context-allowed.
[Info   :CastlePlanner] [2026-09-24 16:11:00.041] [CastlePlanner_Serp] gameplay-feature gate: feature=CastleBlueprints, source=MissionInitialization(BeforeLoad, session=2), kind=CustomGame, launchVariant=Standard, realMultiplayer=False, modeAllowed=True, action=enabled, reason=feature-context-allowed.
[Info   : Cheat Mod] [2026-09-24 16:11:00.042] [Cheat Mod] gameplay-mod gate: modGuid=CheatMod_Serp, source=MissionInitialization(BeforeLoad, session=2), kind=CustomGame, launchVariant=Standard, customized=False, customizedOrigin=0, modeAllowed=True, configuredEnabled=False, effectiveEnabled=False, action=restriction-lifted-setting-disabled, reason=custom-game.
[Info   : Cheat Mod] [2026-09-24 16:11:00.042] [CheatMod_Serp] gameplay-feature gate: feature=EndlessExtremePowersRecharge, source=MissionInitialization(BeforeLoad, session=2), kind=CustomGame, launchVariant=Standard, realMultiplayer=False, modeAllowed=True, action=enabled, reason=feature-context-allowed.
[Info   :Extreme Powers] [2026-09-24 16:11:00.042] [Extreme Powers] gameplay-mod gate: modGuid=ExtremePowers_Serp, source=MissionInitialization(BeforeLoad, session=2), kind=CustomGame, launchVariant=Standard, customized=False, customizedOrigin=0, modeAllowed=True, configuredEnabled=True, effectiveEnabled=True, action=enabled, reason=custom-game.
[Info   :Random Events] [2026-09-24 16:11:00.042] [Random Events] gameplay-mod gate: modGuid=RandomEvents_Serp, source=MissionInitialization(BeforeLoad, session=2), kind=CustomGame, launchVariant=Standard, customized=False, customizedOrigin=0, modeAllowed=True, configuredEnabled=True, effectiveEnabled=True, action=enabled, reason=custom-game.
[Info   :Random Events] [2026-09-24 16:11:00.042] [RandomEvents_Serp] gameplay-feature gate: feature=RandomEventsRuntime, source=MissionInitialization(BeforeLoad, session=2), kind=CustomGame, launchVariant=Standard, realMultiplayer=False, modeAllowed=True, action=enabled, reason=feature-context-allowed.
[Info   :Unit Costs] [2026-09-24 16:11:00.042] [Unit Costs] gameplay-mod gate: modGuid=UnitCosts_Serp, source=MissionInitialization(BeforeLoad, session=2), kind=CustomGame, launchVariant=Standard, customized=False, customizedOrigin=0, modeAllowed=True, configuredEnabled=True, effectiveEnabled=True, action=enabled, reason=custom-game.
[Info   :Unit Costs] [2026-09-24 16:11:00.042] [UnitCosts_Serp] gameplay-feature gate: feature=UnitCostEnforcement, source=MissionInitialization(BeforeLoad, session=2), kind=CustomGame, launchVariant=Standard, realMultiplayer=False, modeAllowed=True, action=enabled, reason=feature-context-allowed.
[Debug  :Unit Costs] [2026-09-24 16:11:00.042] UnitCosts MakeTroop GameAction hook installed.
[Debug  :Unit Costs] [2026-09-24 16:11:00.043] UnitCosts create troop hover hooks installed.
[Debug  :Unit Costs] [2026-09-24 16:11:00.044] UnitCosts siege build hover hooks installed.
[Debug  :Unit Costs] [2026-09-24 16:11:00.045] UnitCosts recruitment availability UI hook installed.
[Debug  :Unit Costs] [2026-09-24 16:11:00.045] UnitCosts runtime hooks subscribed
[Debug  :Unit Costs] [2026-09-24 16:11:00.045] Applied unit cost values: 0
[Debug  :Unit Costs] [2026-09-24 16:11:00.046] Applied human extra unit cost rows: 0
[Info   :  SHCDE-SE] [T1-16:11:00.046] [BulkMapLoaderDetours] [c_game_dll_loadmaptoplay_hook_impl] campaignMapID=4294967295, safeFileName=E:\ProgrammeE\Steam\steamapps\common\Stronghold Crusader Definitive Edition\Stronghold Crusader Definitive Edition_Data\StreamingAssets\Maps\Crater Lake.map, length=312, retData=000002A21A769560, dummy=0, safeMapName=Crater Lake.map, maplength=30, multiplayerSave=0, trailType=-1, trailID=0, allow_classic_bedouins=0
[Info   :  SHCDE-SE] [T1-16:11:00.046] [GameMapArchiveManagerAPI] [OnLoadMap] Loading archive from map file
[Info   :  SHCDE-SE] [T1-16:11:00.046] [GameMapArchiveManagerAPI] [LoadMapArchive] Loading archive: [E:\ProgrammeE\Steam\steamapps\common\Stronghold Crusader Definitive Edition\Stronghold Crusader Definitive Edition_Data\StreamingAssets\Maps\Crater Lake.map]
[Warning:  SHCDE-SE] [T1-16:11:00.051] [MapArchive] [.ctor] ZIP EOCD-Header not found for [E:\ProgrammeE\Steam\steamapps\common\Stronghold Crusader Definitive Edition\Stronghold Crusader Definitive Edition_Data\StreamingAssets\Maps\Crater Lake.map]. Not a valid archive.
[Info   :  SHCDE-SE] [T1-16:11:00.051] [GameMapArchiveManagerAPI] [LoadMapArchive] No existing archive found - will create on-demand if needed
[Info   :  SHCDE-SE] [T1-16:11:00.051] [ModSaveDataAPI] [ReadAllModDataFromArchive] Reading mod data from archive (IsSaveFile=False)
[Info   :  SHCDE-SE] [T1-16:11:00.051] [ModSaveDataAPI] [ReadAllModDataFromArchive] No archive exists - skipping mod data load (this is normal for new maps)
[Info   :  SHCDE-SE] [T1-16:11:00.051] [GameMapArchiveManagerAPI] [LoadMapArchive] Archive loaded (or will be created on-demand)
[Info   :  SHCDE-SE] [T1-16:11:00.051] [GameMapArchiveManagerAPI] [OnLoadMap] Archive Contents: [
]
[Info   :  SHCDE-SE] [T1-16:11:00.051] [LuaManager] [OnLoadMap] Attempting to create lua state due to event, phase: Pre
[Info   :  SHCDE-SE] [T1-16:11:00.051] [LuaManager] [TryLoad] Loading file: [E:\ProgrammeE\Steam\steamapps\common\Stronghold Crusader Definitive Edition\Stronghold Crusader Definitive Edition_Data\StreamingAssets\Maps\Crater Lake.map]
[Info   :  SHCDE-SE] [T1-16:11:00.051] [LuaManager] [TryLoad] Loading [E:\ProgrammeE\Steam\steamapps\common\Stronghold Crusader Definitive Edition\Stronghold Crusader Definitive Edition_Data\StreamingAssets\Maps\Crater Lake.map] - Archive mode.
[Warning:  SHCDE-SE] [T1-16:11:00.051] [LuaManager] [TryLoad] No Lua source found for [E:\ProgrammeE\Steam\steamapps\common\Stronghold Crusader Definitive Edition\Stronghold Crusader Definitive Edition_Data\StreamingAssets\Maps\Crater Lake.map] and no lord AI or asset mod scripts registered. Skipping Lua init.
[Info   :  SHCDE-SE] [T1-16:11:00.051] [BulkMapLoaderDetours] [c_game_start_skirmish_game_handler_hook_impl] a1=000000AE4E8EA1E0, bMultiplayerSave=0, a3=0
[Info   : APIShared] [2026-09-24 16:11:00.051] MissionInitialization: session=2, source=NewGame, mode=CustomGame, phase=BeforeNativeStart, reason=None, started=False, replay=False.
[Debug  :Extra Features] [2026-09-24 16:11:00.051] Enemy-proximity runtime captured map mode: realMultiplayer=False, singleplayerSkirmishMode=True, singleplayerSkirmish=True, singleplayerTrail=False, mapEditor=False, multiplayerSave=False, directorAvailable=True, directorMultiplayer=False, directorSkirmish=False, lowLevelNetworked=True, platformMultiplayer=False, lobbyMembers=8, realLobbyMembers=0, skirmishLobbyMembers=8, gameMembers=8, realNetworkGameMembers=0, gameType=3, skirmishGameType=0, skirmishTrailType=-1, coopTrailId=0, kind=CustomGame, launchVariant=Standard, allowsCustomGameMods=True, allowsRegularGameplayMods=True, campaignMapId=0, eventTrailType=-1, customizedTrailId=-1, customizedMissionId=-1, customizedOriginKind=0, conflictingCustomizedOrigin=False.
[Debug  :Bugfixes and QoL] [2026-09-24 16:11:00.051] Post-game lobby handoff state reset: reason=map-start.
[Info   :AIV Lobby Preset Test] Test-series launch verified: CL-A-on, session=2.
[Debug  :CastlePlanner] [2026-09-24 16:11:00.081] OnStartMap(Pre) received: handledCurrentMap=False.
[Debug  :Extreme Powers] [2026-09-24 16:11:00.081] Extreme Powers map session captured: realMultiplayer=False, singleplayerSkirmishMode=True, singleplayerSkirmish=True, singleplayerTrail=False, mapEditor=False, multiplayerSave=False, directorAvailable=True, directorMultiplayer=False, directorSkirmish=False, lowLevelNetworked=True, platformMultiplayer=False, lobbyMembers=8, realLobbyMembers=0, skirmishLobbyMembers=8, gameMembers=8, realNetworkGameMembers=0, gameType=3, skirmishGameType=0, skirmishTrailType=-1, coopTrailId=0, kind=CustomGame, launchVariant=Standard, allowsCustomGameMods=True, allowsRegularGameplayMods=True, campaignMapId=0, eventTrailType=-1, customizedTrailId=-1, customizedMissionId=-1, customizedOriginKind=0, conflictingCustomizedOrigin=False, players=[1,2,3,4,5,6,7,8].
[Info   :  SHCDE-SE] [T1-16:11:00.081] [BulkMapLoaderDetours] [c_game_unload_map_hook_impl] pTileManager=00007FFAAB78EDB0, preventNotification=True
[Debug  :Building Limit] [2026-09-24 16:11:00.359] ActiveBuildingCache NotifyNativeSnapshotChanged read snapshot: buildingId 3 owner 1 type STRUCT_KEEP_TWO aliveState NeedsInit reason Created
[Debug  :Building Limit] [2026-09-24 16:11:00.359] ActiveBuildingCache UpdateSnapshot: buildingId 3 owner 1 type STRUCT_KEEP_TWO aliveState NeedsInit reason Created changed True
[Debug  :Building Limit] [2026-09-24 16:11:00.359] ActiveBuildingCache count changed: player 1 type STRUCT_KEEP_TWO old 0 new 1 delta 1 buildingId 3 reason Created
[Debug  :Building Limit] [2026-09-24 16:11:00.361] ActiveBuildingCache NotifyNativeSnapshotChanged read snapshot: buildingId 4 owner 1 type STRUCT_KEEPDOOR_LEFT aliveState NeedsInit reason Created
[Debug  :Building Limit] [2026-09-24 16:11:00.361] ActiveBuildingCache UpdateSnapshot: buildingId 4 owner 1 type STRUCT_KEEPDOOR_LEFT aliveState NeedsInit reason Created changed True
[Debug  :Building Limit] [2026-09-24 16:11:00.361] ActiveBuildingCache count changed: player 1 type STRUCT_KEEPDOOR_LEFT old 0 new 1 delta 1 buildingId 4 reason Created
[Debug  :Building Limit] [2026-09-24 16:11:00.361] ActiveBuildingCache NotifyNativeSnapshotChanged read snapshot: buildingId 5 owner 1 type STRUCT_KEEPDOOR aliveState NeedsInit reason Created
[Debug  :Building Limit] [2026-09-24 16:11:00.361] ActiveBuildingCache UpdateSnapshot: buildingId 5 owner 1 type STRUCT_KEEPDOOR aliveState NeedsInit reason Created changed True
[Debug  :Building Limit] [2026-09-24 16:11:00.361] ActiveBuildingCache count changed: player 1 type STRUCT_KEEPDOOR old 0 new 1 delta 1 buildingId 5 reason Created
[Debug  :Building Limit] [2026-09-24 16:11:00.361] ActiveBuildingCache NotifyNativeSnapshotChanged read snapshot: buildingId 6 owner 1 type STRUCT_KEEPDOOR_RIGHT aliveState NeedsInit reason Created
[Debug  :Building Limit] [2026-09-24 16:11:00.361] ActiveBuildingCache UpdateSnapshot: buildingId 6 owner 1 type STRUCT_KEEPDOOR_RIGHT aliveState NeedsInit reason Created changed True
[Debug  :Building Limit] [2026-09-24 16:11:00.361] ActiveBuildingCache count changed: player 1 type STRUCT_KEEPDOOR_RIGHT old 0 new 1 delta 1 buildingId 6 reason Created
[Debug  :Building Limit] [2026-09-24 16:11:00.361] ActiveBuildingCache NotifyNativeSnapshotChanged read snapshot: buildingId 7 owner 1 type STRUCT_CAMPGROUND aliveState NeedsInit reason Created
[Debug  :Building Limit] [2026-09-24 16:11:00.361] ActiveBuildingCache UpdateSnapshot: buildingId 7 owner 1 type STRUCT_CAMPGROUND aliveState NeedsInit reason Created changed True
[Debug  :Building Limit] [2026-09-24 16:11:00.361] ActiveBuildingCache count changed: player 1 type STRUCT_CAMPGROUND old 0 new 1 delta 1 buildingId 7 reason Created
[Debug  :Building Limit] [2026-09-24 16:11:00.361] ActiveBuildingCache NotifyNativeSnapshotChanged read snapshot: buildingId 8 owner 1 type STRUCT_GOODS_YARD aliveState NeedsInit reason Created
[Debug  :Building Limit] [2026-09-24 16:11:00.361] ActiveBuildingCache UpdateSnapshot: buildingId 8 owner 1 type STRUCT_GOODS_YARD aliveState NeedsInit reason Created changed True
[Info   :     Fixes] [T1-16:11:00.361] [BuildingDetours] [.ctor] Build goodsyard for player 1: True
[Debug  :Building Limit] [2026-09-24 16:11:00.361] ActiveBuildingCache count changed: player 1 type STRUCT_GOODS_YARD old 0 new 1 delta 1 buildingId 8 reason Created
[Debug  :Building Limit] [2026-09-24 16:11:00.361] ActiveBuildingCache NotifyNativeSnapshotChanged read snapshot: buildingId 9 owner 1 type STRUCT_GOODS_YARD aliveState NeedsInit reason Created
[Debug  :Building Limit] [2026-09-24 16:11:00.361] ActiveBuildingCache UpdateSnapshot: buildingId 9 owner 1 type STRUCT_GOODS_YARD aliveState NeedsInit reason Created changed True
[Debug  :Building Limit] [2026-09-24 16:11:00.361] ActiveBuildingCache count changed: player 1 type STRUCT_GOODS_YARD old 1 new 2 delta 1 buildingId 9 reason Created
[Debug  :Building Limit] [2026-09-24 16:11:00.361] ActiveBuildingCache NotifyNativeSnapshotChanged read snapshot: buildingId 10 owner 1 type STRUCT_GOODS_YARD aliveState NeedsInit reason Created
[Debug  :Building Limit] [2026-09-24 16:11:00.362] ActiveBuildingCache UpdateSnapshot: buildingId 10 owner 1 type STRUCT_GOODS_YARD aliveState NeedsInit reason Created changed True
[Debug  :Building Limit] [2026-09-24 16:11:00.362] ActiveBuildingCache count changed: player 1 type STRUCT_GOODS_YARD old 2 new 3 delta 1 buildingId 10 reason Created
[Debug  :Building Limit] [2026-09-24 16:11:00.362] ActiveBuildingCache NotifyNativeSnapshotChanged read snapshot: buildingId 11 owner 1 type STRUCT_GOODS_YARD aliveState NeedsInit reason Created
[Debug  :Building Limit] [2026-09-24 16:11:00.362] ActiveBuildingCache UpdateSnapshot: buildingId 11 owner 1 type STRUCT_GOODS_YARD aliveState NeedsInit reason Created changed True
[Debug  :Building Limit] [2026-09-24 16:11:00.362] ActiveBuildingCache count changed: player 1 type STRUCT_GOODS_YARD old 3 new 4 delta 1 buildingId 11 reason Created
[Info   :Active AIV Detector] [2026-09-24 16:11:00.376] Captured opt-in AIV cell trace 1/2048: playerId=2, candidateId=0, orientation=6, keep=(241,274), evaluated=2352, nativeBlocked=0, resultGridBlocked=0, validatorCalls=2352, validatorBlocked=0.
[Info   :     Fixes] [T1-16:11:00.386] [BuildingDetours] [.ctor] Build goodsyard for player 2: True
[Info   :Active AIV Detector] [2026-09-24 16:11:00.397] Started opt-in Oracle prebuild trace 1/8: playerId=2, aivStateAddress=0x7FFAAABD9F70.
[Debug  :Extra Features] [2026-09-24 16:11:00.915] Crash diagnostics 60s summary: AiDefenseBuildStep=498, AiDefensePlacement=178, AiFlagRoutine=102, AiMarketSellPrice=6, ApothecaryPlagueSearchHookInstalled=1, ApothecaryPlagueSearchMaximum=3, MonkMovementHookInstalled=1.
[Info   :Active AIV Detector] [2026-09-24 16:11:05.538] Captured opt-in AIV cell trace 2/2048: playerId=3, candidateId=0, orientation=0, keep=(254,580), evaluated=2068, nativeBlocked=0, resultGridBlocked=0, validatorCalls=2068, validatorBlocked=0.
[Info   :     Fixes] [T1-16:11:05.548] [BuildingDetours] [.ctor] Build goodsyard for player 3: True
[Info   :Active AIV Detector] [2026-09-24 16:11:05.558] Started opt-in Oracle prebuild trace 2/8: playerId=3, aivStateAddress=0x7FFAAABD9F70.
[Info   :Active AIV Detector] [2026-09-24 16:11:11.444] Captured opt-in AIV cell trace 3/2048: playerId=4, candidateId=0, orientation=4, keep=(525,274), evaluated=1770, nativeBlocked=0, resultGridBlocked=0, validatorCalls=1770, validatorBlocked=0.
[Info   :     Fixes] [T1-16:11:11.455] [BuildingDetours] [.ctor] Build goodsyard for player 4: True
[Info   :Active AIV Detector] [2026-09-24 16:11:11.465] Started opt-in Oracle prebuild trace 3/8: playerId=4, aivStateAddress=0x7FFAAABD9F70.
[Info   :Active AIV Detector] [2026-09-24 16:11:12.844] Captured opt-in AIV cell trace 4/2048: playerId=5, candidateId=0, orientation=4, keep=(406,121), evaluated=2616, nativeBlocked=0, resultGridBlocked=0, validatorCalls=2616, validatorBlocked=0.
[Info   :     Fixes] [T1-16:11:12.855] [BuildingDetours] [.ctor] Build goodsyard for player 5: True
[Info   :Active AIV Detector] [2026-09-24 16:11:12.865] Started opt-in Oracle prebuild trace 4/8: playerId=5, aivStateAddress=0x7FFAAABD9F70.
[Info   :Active AIV Detector] [2026-09-24 16:11:16.414] Captured opt-in AIV cell trace 5/2048: playerId=6, candidateId=0, orientation=6, keep=(187,407), evaluated=2870, nativeBlocked=90, resultGridBlocked=90, validatorCalls=2870, validatorBlocked=90.
[Info   :Active AIV Detector] [2026-09-24 16:11:16.422] Captured opt-in AIV cell trace 6/2048: playerId=6, candidateId=0, orientation=0, keep=(187,407), evaluated=2870, nativeBlocked=244, resultGridBlocked=244, validatorCalls=2870, validatorBlocked=244.
[Info   :Active AIV Detector] [2026-09-24 16:11:16.424] Captured opt-in AIV cell trace 7/2048: playerId=6, candidateId=0, orientation=2, keep=(187,407), evaluated=2870, nativeBlocked=82, resultGridBlocked=82, validatorCalls=2870, validatorBlocked=82.
[Info   :Active AIV Detector] [2026-09-24 16:11:16.425] Captured opt-in AIV cell trace 8/2048: playerId=6, candidateId=0, orientation=4, keep=(187,407), evaluated=2870, nativeBlocked=259, resultGridBlocked=259, validatorCalls=2870, validatorBlocked=259.
[Info   :     Fixes] [T1-16:11:16.436] [BuildingDetours] [.ctor] Build goodsyard for player 6: True
[Info   :Active AIV Detector] [2026-09-24 16:11:16.446] Started opt-in Oracle prebuild trace 5/8: playerId=6, aivStateAddress=0x7FFAAABD9F70.
[Info   :Active AIV Detector] [2026-09-24 16:11:18.498] Captured opt-in AIV cell trace 9/2048: playerId=7, candidateId=0, orientation=4, keep=(379,353), evaluated=2077, nativeBlocked=0, resultGridBlocked=0, validatorCalls=2077, validatorBlocked=0.
[Info   :     Fixes] [T1-16:11:18.508] [BuildingDetours] [.ctor] Build goodsyard for player 7: True
[Info   :Active AIV Detector] [2026-09-24 16:11:18.519] Started opt-in Oracle prebuild trace 6/8: playerId=7, aivStateAddress=0x7FFAAABD9F70.
[Info   :Active AIV Detector] [2026-09-24 16:11:20.955] Captured opt-in AIV cell trace 10/2048: playerId=8, candidateId=0, orientation=0, keep=(423,667), evaluated=534, nativeBlocked=0, resultGridBlocked=0, validatorCalls=534, validatorBlocked=0.
[Info   :     Fixes] [T1-16:11:20.966] [BuildingDetours] [.ctor] Build goodsyard for player 8: True
[Info   :Active AIV Detector] [2026-09-24 16:11:20.976] Started opt-in Oracle prebuild trace 7/8: playerId=8, aivStateAddress=0x7FFAAABD9F70.
[Info   :  SHCDE-SE] [T1-16:11:22.378] [LuaManager] [OnStartMap] Attempting to run init due to event, phase: Post
[Info   :  SHCDE-SE] [T1-16:11:22.378] [LuaManager] [TryRunInit] Attempting to execute lua-side init functions. Reason=NewGame
[Warning:  SHCDE-SE] [T1-16:11:22.378] [LuaManager] [TryRunInit] Lua state is null
[Info   :  SHCDE-SE] [T1-16:11:22.378] [DeterministicRandom] [OnStartMap] Initializing shared state.
[Info   :  SHCDE-SE] [T1-16:11:22.378] [DeterministicRandom] [InitializeSeedAsHost] Initializing random seed [292471539] as host.
[Warning:  SHCDE-SE] [T1-16:11:22.378] [GameNetworkAPI] [GetLocalPlayerId] Local SteamID [76561198102311542] has no assigned slot yet: returning -1
[Info   : APIShared] [2026-09-24 16:11:22.379] MissionInitialization: session=2, source=NewGame, mode=CustomGame, phase=AfterNativeStart, reason=None, started=False, replay=False.
[Debug  :Bugfixes and QoL] Corrupt Lord-data spawn fix session armed: session=2, eligible=True, phase=AfterNativeStart, startKind=NewGame, mode=CustomGame.
[Debug  :CastlePlanner] [2026-09-24 16:11:22.379] OnStartMap(Post) received: handledCurrentMap=False, preImports=0, keepPreSpawns=0, keepPostSpawns=0.
[Debug  :CastlePlanner] [2026-09-24 16:11:22.379] Game-mode diagnostics: campaignMapId=0, bMultiplayerSave=0, sharedRealMultiplayer=False, sharedSingleplayerSkirmish=True, sharedSingleplayerTrail=False, directorAvailable=True, directorMultiplayerGame=False, directorSkirmishModeGame=False, directorSimRunning=False, networkedEnvironment=True, networkActivePlayers=8, nativeLocalPlayerId=1, platformAvailable=True, platformMpGameActive=False, platformIsHost=False, activeLobbyAvailable=True, lobbyReportedMembers=8, lobbyMembers=8, lobbySkirmishMembers=8, lobbySkirmishHumans=1, lobbyNetworkHumans=0, gameMembers=8, realNetworkGameMembers=0, gameDataMultiplayerMap=True, gameDataSkirmishGameType=0, gameDataGameType=3.
[Debug  :CastlePlanner] [2026-09-24 16:11:22.379] Shared game-mode diagnostics: realMultiplayer=False, singleplayerSkirmishMode=True, singleplayerSkirmish=True, singleplayerTrail=False, mapEditor=False, multiplayerSave=False, directorAvailable=True, directorMultiplayer=False, directorSkirmish=False, lowLevelNetworked=True, platformMultiplayer=False, lobbyMembers=8, realLobbyMembers=0, skirmishLobbyMembers=8, gameMembers=8, realNetworkGameMembers=0, gameType=3, skirmishGameType=0, skirmishTrailType=-1, coopTrailId=0, kind=CustomGame, launchVariant=Standard, allowsCustomGameMods=True, allowsRegularGameplayMods=True, campaignMapId=0, eventTrailType=-1, customizedTrailId=-1, customizedMissionId=-1, customizedOriginKind=0, conflictingCustomizedOrigin=False.
[Debug  :CastlePlanner] [2026-09-24 16:11:22.379] Game-member diagnostics: [1:self=False,host=False,ai=False,steam=0,kicked=False | 2:self=False,host=False,ai=False,steam=0,kicked=False | 3:self=False,host=False,ai=False,steam=0,kicked=False | 4:self=False,host=False,ai=False,steam=0,kicked=False | 5:self=False,host=False,ai=False,steam=0,kicked=False | 6:self=False,host=False,ai=False,steam=0,kicked=False | 7:self=False,host=False,ai=False,steam=0,kicked=False | 8:self=False,host=False,ai=False,steam=0,kicked=False].
[Debug  :CastlePlanner] [2026-09-24 16:11:22.379] Active-player diagnostics (not used for multiplayer detection): [1:ai=False | 2:ai=True | 3:ai=True | 4:ai=True | 5:ai=True | 6:ai=True | 7:ai=True | 8:ai=True].
[Debug  :CastlePlanner] [2026-09-24 16:11:22.379] Native castle spawning skipped because this is not the committed restart pass.
[Info   :  SHCDE-SE] [T1-16:11:22.379] [GameMapArchiveManagerAPI] [OnLoadMap] Loading archive from map file
[Info   :  SHCDE-SE] [T1-16:11:22.379] [GameMapArchiveManagerAPI] [LoadMapArchive] Loading archive: [E:\ProgrammeE\Steam\steamapps\common\Stronghold Crusader Definitive Edition\Stronghold Crusader Definitive Edition_Data\StreamingAssets\Maps\Crater Lake.map]
[Warning:  SHCDE-SE] [T1-16:11:22.383] [MapArchive] [.ctor] ZIP EOCD-Header not found for [E:\ProgrammeE\Steam\steamapps\common\Stronghold Crusader Definitive Edition\Stronghold Crusader Definitive Edition_Data\StreamingAssets\Maps\Crater Lake.map]. Not a valid archive.
[Info   :  SHCDE-SE] [T1-16:11:22.383] [GameMapArchiveManagerAPI] [LoadMapArchive] No existing archive found - will create on-demand if needed
[Info   :  SHCDE-SE] [T1-16:11:22.383] [ModSaveDataAPI] [ReadAllModDataFromArchive] Reading mod data from archive (IsSaveFile=False)
[Info   :  SHCDE-SE] [T1-16:11:22.383] [ModSaveDataAPI] [ReadAllModDataFromArchive] No archive exists - skipping mod data load (this is normal for new maps)
[Info   :  SHCDE-SE] [T1-16:11:22.383] [GameMapArchiveManagerAPI] [LoadMapArchive] Archive loaded (or will be created on-demand)
[Info   :  SHCDE-SE] [T1-16:11:22.383] [GameMapArchiveManagerAPI] [OnLoadMap] Archive Contents: [
]
[Info   : APIShared] [2026-09-24 16:11:22.383] MissionInitialization: session=2, source=NewGame, mode=CustomGame, phase=NativeLoaded, reason=None, started=False, replay=False.
[Info   : APIShared] [2026-09-24 16:11:23.606] MissionStart: session=2, source=NewGame, mode=CustomGame, phase=ManagedReady, reason=None, started=True, replay=False.
[Info   :Active AIV Detector] [2026-09-24 16:11:23.618] Wrote opt-in Oracle prebuild trace: path=E:\ProgrammeE\Steam\steamapps\common\Stronghold Crusader Definitive Edition\BepInEx\plugins\ActiveAIVDetector_Serp\PrebuildTraces\oracle-prebuild-trace-20260924-161100-397-session002-p2-capture01.tsv, mapLoadSequence=2, playerId=2, frames=292, layerChanges=3864, beforeCaptureMs=2318,9, afterCaptureMs=2801,0, buildingRecordChanges=222, added=957, removed=0, replaced=0, pointerProblemFrames=0, captureErrorFrames=0.
[Info   :Active AIV Detector] [2026-09-24 16:11:23.618] Oracle prebuild highlighted mapper frame: playerId=2, frameIndex=2, mapper=52, returnValue=0, added=0, removed=0, replaced=0, pointerConsistent=True.
[Info   :Active AIV Detector] [2026-09-24 16:11:23.618] Oracle prebuild highlighted mapper frame: playerId=2, frameIndex=3, mapper=52, returnValue=0, added=0, removed=0, replaced=0, pointerConsistent=True.
[Info   :Active AIV Detector] [2026-09-24 16:11:23.618] Oracle prebuild highlighted mapper frame: playerId=2, frameIndex=28, mapper=105, returnValue=1, added=25, removed=0, replaced=0, pointerConsistent=True.
[Info   :Active AIV Detector] [2026-09-24 16:11:23.623] Wrote opt-in Oracle prebuild trace: path=E:\ProgrammeE\Steam\steamapps\common\Stronghold Crusader Definitive Edition\BepInEx\plugins\ActiveAIVDetector_Serp\PrebuildTraces\oracle-prebuild-trace-20260924-161105-558-session002-p3-capture02.tsv, mapLoadSequence=2, playerId=3, frames=337, layerChanges=3543, beforeCaptureMs=2656,7, afterCaptureMs=3203,9, buildingRecordChanges=295, added=1174, removed=0, replaced=0, pointerProblemFrames=0, captureErrorFrames=0.
[Info   :Active AIV Detector] [2026-09-24 16:11:23.623] Oracle prebuild highlighted mapper frame: playerId=3, frameIndex=2, mapper=52, returnValue=0, added=0, removed=0, replaced=0, pointerConsistent=True.
[Info   :Active AIV Detector] [2026-09-24 16:11:23.627] Wrote opt-in Oracle prebuild trace: path=E:\ProgrammeE\Steam\steamapps\common\Stronghold Crusader Definitive Edition\BepInEx\plugins\ActiveAIVDetector_Serp\PrebuildTraces\oracle-prebuild-trace-20260924-161111-465-session002-p4-capture03.tsv, mapLoadSequence=2, playerId=4, frames=80, layerChanges=3159, beforeCaptureMs=618,2, afterCaptureMs=753,3, buildingRecordChanges=46, added=982, removed=0, replaced=0, pointerProblemFrames=0, captureErrorFrames=0.
[Info   :Active AIV Detector] [2026-09-24 16:11:23.627] Oracle prebuild highlighted mapper frame: playerId=4, frameIndex=4, mapper=52, returnValue=0, added=0, removed=0, replaced=0, pointerConsistent=True.
[Info   :Active AIV Detector] [2026-09-24 16:11:23.627] Oracle prebuild highlighted mapper frame: playerId=4, frameIndex=5, mapper=52, returnValue=0, added=0, removed=0, replaced=0, pointerConsistent=True.
[Info   :Active AIV Detector] [2026-09-24 16:11:23.633] Wrote opt-in Oracle prebuild trace: path=E:\ProgrammeE\Steam\steamapps\common\Stronghold Crusader Definitive Edition\BepInEx\plugins\ActiveAIVDetector_Serp\PrebuildTraces\oracle-prebuild-trace-20260924-161112-865-session002-p5-capture04.tsv, mapLoadSequence=2, playerId=5, frames=205, layerChanges=4579, beforeCaptureMs=1599,8, afterCaptureMs=1929,7, buildingRecordChanges=72, added=1450, removed=0, replaced=0, pointerProblemFrames=0, captureErrorFrames=0.
[Info   :Active AIV Detector] [2026-09-24 16:11:23.633] Oracle prebuild highlighted mapper frame: playerId=5, frameIndex=2, mapper=52, returnValue=0, added=0, removed=0, replaced=0, pointerConsistent=True.
[Info   :Active AIV Detector] [2026-09-24 16:11:23.633] Oracle prebuild highlighted mapper frame: playerId=5, frameIndex=3, mapper=52, returnValue=0, added=0, removed=0, replaced=0, pointerConsistent=True.
[Info   :Active AIV Detector] [2026-09-24 16:11:23.640] Wrote opt-in Oracle prebuild trace: path=E:\ProgrammeE\Steam\steamapps\common\Stronghold Crusader Definitive Edition\BepInEx\plugins\ActiveAIVDetector_Serp\PrebuildTraces\oracle-prebuild-trace-20260924-161116-446-session002-p6-capture05.tsv, mapLoadSequence=2, playerId=6, frames=118, layerChanges=5225, beforeCaptureMs=915,5, afterCaptureMs=1120,9, buildingRecordChanges=57, added=1431, removed=0, replaced=0, pointerProblemFrames=0, captureErrorFrames=0.
[Info   :Active AIV Detector] [2026-09-24 16:11:23.640] Oracle prebuild highlighted mapper frame: playerId=6, frameIndex=9, mapper=52, returnValue=0, added=0, removed=0, replaced=0, pointerConsistent=True.
[Info   :Active AIV Detector] [2026-09-24 16:11:23.640] Oracle prebuild highlighted mapper frame: playerId=6, frameIndex=10, mapper=52, returnValue=0, added=0, removed=0, replaced=0, pointerConsistent=True.
[Info   :Active AIV Detector] [2026-09-24 16:11:23.640] Oracle prebuild highlighted mapper frame: playerId=6, frameIndex=13, mapper=52, returnValue=0, added=0, removed=0, replaced=0, pointerConsistent=True.
[Info   :Active AIV Detector] [2026-09-24 16:11:23.640] Oracle prebuild highlighted mapper frame: playerId=6, frameIndex=16, mapper=52, returnValue=0, added=0, removed=0, replaced=0, pointerConsistent=True.
[Info   :Active AIV Detector] [2026-09-24 16:11:23.640] Oracle prebuild highlighted mapper frame: playerId=6, frameIndex=17, mapper=52, returnValue=0, added=0, removed=0, replaced=0, pointerConsistent=True.
[Info   :Active AIV Detector] [2026-09-24 16:11:23.645] Wrote opt-in Oracle prebuild trace: path=E:\ProgrammeE\Steam\steamapps\common\Stronghold Crusader Definitive Edition\BepInEx\plugins\ActiveAIVDetector_Serp\PrebuildTraces\oracle-prebuild-trace-20260924-161118-519-session002-p7-capture06.tsv, mapLoadSequence=2, playerId=7, frames=141, layerChanges=4532, beforeCaptureMs=1091,1, afterCaptureMs=1331,9, buildingRecordChanges=52, added=1177, removed=0, replaced=0, pointerProblemFrames=0, captureErrorFrames=0.
[Info   :Active AIV Detector] [2026-09-24 16:11:23.645] Oracle prebuild highlighted mapper frame: playerId=7, frameIndex=3, mapper=52, returnValue=0, added=0, removed=0, replaced=0, pointerConsistent=True.
[Info   :Active AIV Detector] [2026-09-24 16:11:23.646] Wrote opt-in Oracle prebuild trace: path=E:\ProgrammeE\Steam\steamapps\common\Stronghold Crusader Definitive Edition\BepInEx\plugins\ActiveAIVDetector_Serp\PrebuildTraces\oracle-prebuild-trace-20260924-161120-976-session002-p8-capture07.tsv, mapLoadSequence=2, playerId=8, frames=80, layerChanges=756, beforeCaptureMs=625,4, afterCaptureMs=751,4, buildingRecordChanges=61, added=271, removed=0, replaced=0, pointerProblemFrames=0, captureErrorFrames=0.
[Info   :Active AIV Detector] [2026-09-24 16:11:23.646] Oracle prebuild highlighted mapper frame: playerId=8, frameIndex=3, mapper=52, returnValue=0, added=0, removed=0, replaced=0, pointerConsistent=True.
[Info   :Active AIV Detector] [2026-09-24 16:11:23.646] Wrote Oracle Keep-start trace: path=E:\ProgrammeE\Steam\steamapps\common\Stronghold Crusader Definitive Edition\BepInEx\plugins\ActiveAIVDetector_Serp\StartTraces\oracle-start-trace-20260924-161123-646-session002-p1-n01.tsv, playerId=1, selectionAccepted=False, postFailureFlag=0, postFailureReason=<not-applicable>, newBuildings=117, replacedBuildings=0, clearedBuildings=0, changes=224, scanMs=19,5.
[Info   :Active AIV Detector] [2026-09-24 16:11:23.647] Wrote Oracle Keep-start trace: path=E:\ProgrammeE\Steam\steamapps\common\Stronghold Crusader Definitive Edition\BepInEx\plugins\ActiveAIVDetector_Serp\StartTraces\oracle-start-trace-20260924-161123-646-session002-p2-n02.tsv, playerId=2, selectionAccepted=True, postFailureFlag=0, postFailureReason=<not-applicable>, newBuildings=117, replacedBuildings=0, clearedBuildings=0, changes=327, scanMs=19,3.
[Info   :Active AIV Detector] [2026-09-24 16:11:23.648] Wrote Oracle Keep-start trace: path=E:\ProgrammeE\Steam\steamapps\common\Stronghold Crusader Definitive Edition\BepInEx\plugins\ActiveAIVDetector_Serp\StartTraces\oracle-start-trace-20260924-161123-647-session002-p3-n03.tsv, playerId=3, selectionAccepted=True, postFailureFlag=0, postFailureReason=<not-applicable>, newBuildings=117, replacedBuildings=0, clearedBuildings=0, changes=248, scanMs=18,5.
[Info   :Active AIV Detector] [2026-09-24 16:11:23.649] Wrote Oracle Keep-start trace: path=E:\ProgrammeE\Steam\steamapps\common\Stronghold Crusader Definitive Edition\BepInEx\plugins\ActiveAIVDetector_Serp\StartTraces\oracle-start-trace-20260924-161123-648-session002-p4-n04.tsv, playerId=4, selectionAccepted=True, postFailureFlag=0, postFailureReason=<not-applicable>, newBuildings=117, replacedBuildings=0, clearedBuildings=0, changes=437, scanMs=19,2.
[Info   :Active AIV Detector] [2026-09-24 16:11:23.650] Wrote Oracle Keep-start trace: path=E:\ProgrammeE\Steam\steamapps\common\Stronghold Crusader Definitive Edition\BepInEx\plugins\ActiveAIVDetector_Serp\StartTraces\oracle-start-trace-20260924-161123-649-session002-p5-n05.tsv, playerId=5, selectionAccepted=True, postFailureFlag=0, postFailureReason=<not-applicable>, newBuildings=117, replacedBuildings=0, clearedBuildings=0, changes=273, scanMs=18,7.
[Info   :Active AIV Detector] [2026-09-24 16:11:23.650] Wrote Oracle Keep-start trace: path=E:\ProgrammeE\Steam\steamapps\common\Stronghold Crusader Definitive Edition\BepInEx\plugins\ActiveAIVDetector_Serp\StartTraces\oracle-start-trace-20260924-161123-650-session002-p6-n06.tsv, playerId=6, selectionAccepted=True, postFailureFlag=0, postFailureReason=<not-applicable>, newBuildings=117, replacedBuildings=0, clearedBuildings=0, changes=324, scanMs=19,4.
[Info   :Active AIV Detector] [2026-09-24 16:11:23.651] Wrote Oracle Keep-start trace: path=E:\ProgrammeE\Steam\steamapps\common\Stronghold Crusader Definitive Edition\BepInEx\plugins\ActiveAIVDetector_Serp\StartTraces\oracle-start-trace-20260924-161123-650-session002-p7-n07.tsv, playerId=7, selectionAccepted=True, postFailureFlag=0, postFailureReason=<not-applicable>, newBuildings=117, replacedBuildings=0, clearedBuildings=0, changes=249, scanMs=19,4.
[Info   :Active AIV Detector] [2026-09-24 16:11:23.652] Wrote Oracle Keep-start trace: path=E:\ProgrammeE\Steam\steamapps\common\Stronghold Crusader Definitive Edition\BepInEx\plugins\ActiveAIVDetector_Serp\StartTraces\oracle-start-trace-20260924-161123-651-session002-p8-n08.tsv, playerId=8, selectionAccepted=True, postFailureFlag=0, postFailureReason=<not-applicable>, newBuildings=117, replacedBuildings=0, clearedBuildings=0, changes=386, scanMs=19,1.
[Info   :Active AIV Detector] [2026-09-24 16:11:23.652] Oracle Keep-start capture summary: mapLoadSequence=2, captured=8, incomplete=False.
[Info   :Active AIV Detector] [2026-09-24 16:11:23.652] AIV placement oracle selection #8: mapName=<unknown>, mapFile=E:\ProgrammeE\Steam\steamapps\common\Stronghold Crusader Definitive Edition\Stronghold Crusader Definitive Edition_Data\StreamingAssets\Maps\Crater Lake.map, mapFileSha256=c5d9906aa37ed96ec1cf9b3eb0c7f6fb5b3e1d8063167fe22337e69c153bb887, nativeDllSha256=fbcb93195fc7efca9bdac5204852efdd76f9818f59a6711750d77c9cef2831e2, preBuildSetting=1, nativeStartOptions=mode=99,option2F0=0,option2F4=1,option2F8=4294967297, playerId=2, method=SelectBestFit, tryOtherRotations=True, aivSpecIndex=1, attempts=1, finalCandidateId=0, finalAivName=Default 6, finalAivJson=E:\ProgrammeE\Steam\steamapps\common\Stronghold Crusader Definitive Edition\BepInEx\plugins\ActiveAIVDetector_Serp\VanillaAIV\nizar6.aivjson, finalAivJsonSha256=1d86b141261297706ad65f60d870a3ae30a8c0da05b6b3b1d4d923c702cb11ad, finalOrientation=6 (270 degrees), placementState=2 (complete fit), directReturnSigned=<not-applicable>, confirmationPoint=OnStartMap(Post).
[Info   :Active AIV Detector] [2026-09-24 16:11:23.653] AIV placement oracle attempt #8.1: mapName=<unknown>, mapFile=E:\ProgrammeE\Steam\steamapps\common\Stronghold Crusader Definitive Edition\Stronghold Crusader Definitive Edition_Data\StreamingAssets\Maps\Crater Lake.map, mapFileSha256=c5d9906aa37ed96ec1cf9b3eb0c7f6fb5b3e1d8063167fe22337e69c153bb887, preBuildSetting=1, playerId=2, method=SelectBestFit, candidateId=0, aivName=Default 6, aivJson=E:\ProgrammeE\Steam\steamapps\common\Stronghold Crusader Definitive Edition\BepInEx\plugins\ActiveAIVDetector_Serp\VanillaAIV\nizar6.aivjson, aivJsonSha256=1d86b141261297706ad65f60d870a3ae30a8c0da05b6b3b1d4d923c702cb11ad, orientation=6 (270 degrees), result=Complete, rawFitScore=999999, fitPercent=100, evaluatedCells=2352, blockedCells=0, origin=(198,231), keepReference=(241,274).
[Info   :Active AIV Detector] [2026-09-24 16:11:23.662] Wrote opt-in AIV cell trace: path=E:\ProgrammeE\Steam\steamapps\common\Stronghold Crusader Definitive Edition\BepInEx\plugins\ActiveAIVDetector_Serp\CellTraces\oracle-cell-trace-20260924-161100-376-p2-c0-r6-keep241-274.tsv, rows=2352, nativeBlocked=0, resultGridBlocked=0, validatorCalls=2352, validatorBlocked=0.
[Info   :Active AIV Detector] [2026-09-24 16:11:23.663] Wrote opt-in live building grid: path=E:\ProgrammeE\Steam\steamapps\common\Stronghold Crusader Definitive Edition\BepInEx\plugins\ActiveAIVDetector_Serp\CellTraces\oracle-live-building-grid-20260924-161100-376-p2-r6-keep241-274.tsv, occupiedCells=592.
[Info   :Active AIV Detector] [2026-09-24 16:11:23.663] AIV placement oracle selection #9: mapName=<unknown>, mapFile=E:\ProgrammeE\Steam\steamapps\common\Stronghold Crusader Definitive Edition\Stronghold Crusader Definitive Edition_Data\StreamingAssets\Maps\Crater Lake.map, mapFileSha256=c5d9906aa37ed96ec1cf9b3eb0c7f6fb5b3e1d8063167fe22337e69c153bb887, nativeDllSha256=fbcb93195fc7efca9bdac5204852efdd76f9818f59a6711750d77c9cef2831e2, preBuildSetting=1, nativeStartOptions=mode=99,option2F0=0,option2F4=1,option2F8=4294967297, playerId=3, method=SelectBestFit, tryOtherRotations=True, aivSpecIndex=2, attempts=1, finalCandidateId=0, finalAivName=Default 8, finalAivJson=E:\ProgrammeE\Steam\steamapps\common\Stronghold Crusader Definitive Edition\BepInEx\plugins\ActiveAIVDetector_Serp\VanillaAIV\wolf8.aivjson, finalAivJsonSha256=0e59ca19225bfa86472a4b2a939ac8c97a1d6301e0fcc00b36cb998dd36eedd2, finalOrientation=0 (0 degrees), placementState=2 (complete fit), directReturnSigned=<not-applicable>, confirmationPoint=OnStartMap(Post).
[Info   :Active AIV Detector] [2026-09-24 16:11:23.663] AIV placement oracle attempt #9.1: mapName=<unknown>, mapFile=E:\ProgrammeE\Steam\steamapps\common\Stronghold Crusader Definitive Edition\Stronghold Crusader Definitive Edition_Data\StreamingAssets\Maps\Crater Lake.map, mapFileSha256=c5d9906aa37ed96ec1cf9b3eb0c7f6fb5b3e1d8063167fe22337e69c153bb887, preBuildSetting=1, playerId=3, method=SelectBestFit, candidateId=0, aivName=Default 8, aivJson=E:\ProgrammeE\Steam\steamapps\common\Stronghold Crusader Definitive Edition\BepInEx\plugins\ActiveAIVDetector_Serp\VanillaAIV\wolf8.aivjson, aivJsonSha256=0e59ca19225bfa86472a4b2a939ac8c97a1d6301e0fcc00b36cb998dd36eedd2, orientation=0 (0 degrees), result=Complete, rawFitScore=999999, fitPercent=100, evaluatedCells=2068, blockedCells=0, origin=(211,537), keepReference=(254,580).
[Info   :Active AIV Detector] [2026-09-24 16:11:23.671] Wrote opt-in AIV cell trace: path=E:\ProgrammeE\Steam\steamapps\common\Stronghold Crusader Definitive Edition\BepInEx\plugins\ActiveAIVDetector_Serp\CellTraces\oracle-cell-trace-20260924-161105-538-p3-c0-r0-keep254-580.tsv, rows=2068, nativeBlocked=0, resultGridBlocked=0, validatorCalls=2068, validatorBlocked=0.
[Info   :Active AIV Detector] [2026-09-24 16:11:23.675] Wrote opt-in live building grid: path=E:\ProgrammeE\Steam\steamapps\common\Stronghold Crusader Definitive Edition\BepInEx\plugins\ActiveAIVDetector_Serp\CellTraces\oracle-live-building-grid-20260924-161105-538-p3-r0-keep254-580.tsv, occupiedCells=1666.
[Info   :Active AIV Detector] [2026-09-24 16:11:23.675] AIV placement oracle selection #10: mapName=<unknown>, mapFile=E:\ProgrammeE\Steam\steamapps\common\Stronghold Crusader Definitive Edition\Stronghold Crusader Definitive Edition_Data\StreamingAssets\Maps\Crater Lake.map, mapFileSha256=c5d9906aa37ed96ec1cf9b3eb0c7f6fb5b3e1d8063167fe22337e69c153bb887, nativeDllSha256=fbcb93195fc7efca9bdac5204852efdd76f9818f59a6711750d77c9cef2831e2, preBuildSetting=1, nativeStartOptions=mode=99,option2F0=0,option2F4=1,option2F8=4294967297, playerId=4, method=SelectBestFit, tryOtherRotations=True, aivSpecIndex=3, attempts=1, finalCandidateId=0, finalAivName=Default 7, finalAivJson=E:\ProgrammeE\Steam\steamapps\common\Stronghold Crusader Definitive Edition\BepInEx\plugins\ActiveAIVDetector_Serp\VanillaAIV\marshal7.aivjson, finalAivJsonSha256=384abb01e5b4c0ff36ceddeac64c3a8dc8151d0113d1189a32d8c7feb9bb337f, finalOrientation=4 (180 degrees), placementState=2 (complete fit), directReturnSigned=<not-applicable>, confirmationPoint=OnStartMap(Post).
[Info   :Active AIV Detector] [2026-09-24 16:11:23.675] AIV placement oracle attempt #10.1: mapName=<unknown>, mapFile=E:\ProgrammeE\Steam\steamapps\common\Stronghold Crusader Definitive Edition\Stronghold Crusader Definitive Edition_Data\StreamingAssets\Maps\Crater Lake.map, mapFileSha256=c5d9906aa37ed96ec1cf9b3eb0c7f6fb5b3e1d8063167fe22337e69c153bb887, preBuildSetting=1, playerId=4, method=SelectBestFit, candidateId=0, aivName=Default 7, aivJson=E:\ProgrammeE\Steam\steamapps\common\Stronghold Crusader Definitive Edition\BepInEx\plugins\ActiveAIVDetector_Serp\VanillaAIV\marshal7.aivjson, aivJsonSha256=384abb01e5b4c0ff36ceddeac64c3a8dc8151d0113d1189a32d8c7feb9bb337f, orientation=4 (180 degrees), result=Complete, rawFitScore=999999, fitPercent=100, evaluatedCells=1770, blockedCells=0, origin=(482,231), keepReference=(525,274).
[Info   :Active AIV Detector] [2026-09-24 16:11:23.691] Wrote opt-in AIV cell trace: path=E:\ProgrammeE\Steam\steamapps\common\Stronghold Crusader Definitive Edition\BepInEx\plugins\ActiveAIVDetector_Serp\CellTraces\oracle-cell-trace-20260924-161111-444-p4-c0-r4-keep525-274.tsv, rows=1770, nativeBlocked=0, resultGridBlocked=0, validatorCalls=1770, validatorBlocked=0.
[Info   :Active AIV Detector] [2026-09-24 16:11:23.697] Wrote opt-in live building grid: path=E:\ProgrammeE\Steam\steamapps\common\Stronghold Crusader Definitive Edition\BepInEx\plugins\ActiveAIVDetector_Serp\CellTraces\oracle-live-building-grid-20260924-161111-444-p4-r4-keep525-274.tsv, occupiedCells=2957.
[Info   :Active AIV Detector] [2026-09-24 16:11:23.698] AIV placement oracle selection #11: mapName=<unknown>, mapFile=E:\ProgrammeE\Steam\steamapps\common\Stronghold Crusader Definitive Edition\Stronghold Crusader Definitive Edition_Data\StreamingAssets\Maps\Crater Lake.map, mapFileSha256=c5d9906aa37ed96ec1cf9b3eb0c7f6fb5b3e1d8063167fe22337e69c153bb887, nativeDllSha256=fbcb93195fc7efca9bdac5204852efdd76f9818f59a6711750d77c9cef2831e2, preBuildSetting=1, nativeStartOptions=mode=99,option2F0=0,option2F4=1,option2F8=4294967297, playerId=5, method=SelectBestFit, tryOtherRotations=True, aivSpecIndex=4, attempts=1, finalCandidateId=0, finalAivName=Default 1, finalAivJson=E:\ProgrammeE\Steam\steamapps\common\Stronghold Crusader Definitive Edition\BepInEx\plugins\ActiveAIVDetector_Serp\VanillaAIV\emir1.aivjson, finalAivJsonSha256=ffa393f8dfb7899742c7647645d3cd3fa582090c7770cf9d32d89c96d46bd658, finalOrientation=4 (180 degrees), placementState=2 (complete fit), directReturnSigned=<not-applicable>, confirmationPoint=OnStartMap(Post).
[Info   :Active AIV Detector] [2026-09-24 16:11:23.698] AIV placement oracle attempt #11.1: mapName=<unknown>, mapFile=E:\ProgrammeE\Steam\steamapps\common\Stronghold Crusader Definitive Edition\Stronghold Crusader Definitive Edition_Data\StreamingAssets\Maps\Crater Lake.map, mapFileSha256=c5d9906aa37ed96ec1cf9b3eb0c7f6fb5b3e1d8063167fe22337e69c153bb887, preBuildSetting=1, playerId=5, method=SelectBestFit, candidateId=0, aivName=Default 1, aivJson=E:\ProgrammeE\Steam\steamapps\common\Stronghold Crusader Definitive Edition\BepInEx\plugins\ActiveAIVDetector_Serp\VanillaAIV\emir1.aivjson, aivJsonSha256=ffa393f8dfb7899742c7647645d3cd3fa582090c7770cf9d32d89c96d46bd658, orientation=4 (180 degrees), result=Complete, rawFitScore=999999, fitPercent=100, evaluatedCells=2616, blockedCells=0, origin=(363,78), keepReference=(406,121).
[Info   :Active AIV Detector] [2026-09-24 16:11:23.710] Wrote opt-in AIV cell trace: path=E:\ProgrammeE\Steam\steamapps\common\Stronghold Crusader Definitive Edition\BepInEx\plugins\ActiveAIVDetector_Serp\CellTraces\oracle-cell-trace-20260924-161112-844-p5-c0-r4-keep406-121.tsv, rows=2616, nativeBlocked=0, resultGridBlocked=0, validatorCalls=2616, validatorBlocked=0.
[Info   :Active AIV Detector] [2026-09-24 16:11:23.722] Wrote opt-in live building grid: path=E:\ProgrammeE\Steam\steamapps\common\Stronghold Crusader Definitive Edition\BepInEx\plugins\ActiveAIVDetector_Serp\CellTraces\oracle-live-building-grid-20260924-161112-844-p5-r4-keep406-121.tsv, occupiedCells=4056.
[Info   :Active AIV Detector] [2026-09-24 16:11:23.722] AIV placement oracle selection #12: mapName=<unknown>, mapFile=E:\ProgrammeE\Steam\steamapps\common\Stronghold Crusader Definitive Edition\Stronghold Crusader Definitive Edition_Data\StreamingAssets\Maps\Crater Lake.map, mapFileSha256=c5d9906aa37ed96ec1cf9b3eb0c7f6fb5b3e1d8063167fe22337e69c153bb887, nativeDllSha256=fbcb93195fc7efca9bdac5204852efdd76f9818f59a6711750d77c9cef2831e2, preBuildSetting=1, nativeStartOptions=mode=99,option2F0=0,option2F4=1,option2F8=4294967297, playerId=6, method=SelectBestFit, tryOtherRotations=True, aivSpecIndex=5, attempts=4, finalCandidateId=0, finalAivName=Default 2, finalAivJson=E:\ProgrammeE\Steam\steamapps\common\Stronghold Crusader Definitive Edition\BepInEx\plugins\ActiveAIVDetector_Serp\VanillaAIV\abbot2.aivjson, finalAivJsonSha256=486ff3d30ba01c407d039d367a53b1391fd9f2feff500eb82e420cb297afdf07, finalOrientation=6 (270 degrees), placementState=1 (best partial fit), directReturnSigned=<not-applicable>, confirmationPoint=OnStartMap(Post).
[Info   :Active AIV Detector] [2026-09-24 16:11:23.722] AIV placement oracle attempt #12.1: mapName=<unknown>, mapFile=E:\ProgrammeE\Steam\steamapps\common\Stronghold Crusader Definitive Edition\Stronghold Crusader Definitive Edition_Data\StreamingAssets\Maps\Crater Lake.map, mapFileSha256=c5d9906aa37ed96ec1cf9b3eb0c7f6fb5b3e1d8063167fe22337e69c153bb887, preBuildSetting=1, playerId=6, method=SelectBestFit, candidateId=0, aivName=Default 2, aivJson=E:\ProgrammeE\Steam\steamapps\common\Stronghold Crusader Definitive Edition\BepInEx\plugins\ActiveAIVDetector_Serp\VanillaAIV\abbot2.aivjson, aivJsonSha256=486ff3d30ba01c407d039d367a53b1391fd9f2feff500eb82e420cb297afdf07, orientation=6 (270 degrees), result=Partial, rawFitScore=18, fitPercent=96, evaluatedCells=2870, blockedCells=90, origin=(144,364), keepReference=(187,407).
[Info   :Active AIV Detector] [2026-09-24 16:11:23.731] Wrote opt-in AIV cell trace: path=E:\ProgrammeE\Steam\steamapps\common\Stronghold Crusader Definitive Edition\BepInEx\plugins\ActiveAIVDetector_Serp\CellTraces\oracle-cell-trace-20260924-161116-412-p6-c0-r6-keep187-407.tsv, rows=2870, nativeBlocked=90, resultGridBlocked=90, validatorCalls=2870, validatorBlocked=90.
[Info   :Active AIV Detector] [2026-09-24 16:11:23.734] Wrote opt-in live building grid: path=E:\ProgrammeE\Steam\steamapps\common\Stronghold Crusader Definitive Edition\BepInEx\plugins\ActiveAIVDetector_Serp\CellTraces\oracle-live-building-grid-20260924-161116-412-p6-r6-keep187-407.tsv, occupiedCells=5623.
[Info   :Active AIV Detector] [2026-09-24 16:11:23.734] AIV placement oracle attempt #12.2: mapName=<unknown>, mapFile=E:\ProgrammeE\Steam\steamapps\common\Stronghold Crusader Definitive Edition\Stronghold Crusader Definitive Edition_Data\StreamingAssets\Maps\Crater Lake.map, mapFileSha256=c5d9906aa37ed96ec1cf9b3eb0c7f6fb5b3e1d8063167fe22337e69c153bb887, preBuildSetting=1, playerId=6, method=SelectBestFit, candidateId=0, aivName=Default 2, aivJson=E:\ProgrammeE\Steam\steamapps\common\Stronghold Crusader Definitive Edition\BepInEx\plugins\ActiveAIVDetector_Serp\VanillaAIV\abbot2.aivjson, aivJsonSha256=486ff3d30ba01c407d039d367a53b1391fd9f2feff500eb82e420cb297afdf07, orientation=0 (0 degrees), result=Partial, rawFitScore=14, fitPercent=91, evaluatedCells=2870, blockedCells=244, origin=(144,364), keepReference=(187,407).
[Info   :Active AIV Detector] [2026-09-24 16:11:23.742] Wrote opt-in AIV cell trace: path=E:\ProgrammeE\Steam\steamapps\common\Stronghold Crusader Definitive Edition\BepInEx\plugins\ActiveAIVDetector_Serp\CellTraces\oracle-cell-trace-20260924-161116-422-p6-c0-r0-keep187-407.tsv, rows=2870, nativeBlocked=244, resultGridBlocked=244, validatorCalls=2870, validatorBlocked=244.
[Info   :Active AIV Detector] [2026-09-24 16:11:23.745] Wrote opt-in live building grid: path=E:\ProgrammeE\Steam\steamapps\common\Stronghold Crusader Definitive Edition\BepInEx\plugins\ActiveAIVDetector_Serp\CellTraces\oracle-live-building-grid-20260924-161116-422-p6-r0-keep187-407.tsv, occupiedCells=5623.
[Info   :Active AIV Detector] [2026-09-24 16:11:23.746] AIV placement oracle attempt #12.3: mapName=<unknown>, mapFile=E:\ProgrammeE\Steam\steamapps\common\Stronghold Crusader Definitive Edition\Stronghold Crusader Definitive Edition_Data\StreamingAssets\Maps\Crater Lake.map, mapFileSha256=c5d9906aa37ed96ec1cf9b3eb0c7f6fb5b3e1d8063167fe22337e69c153bb887, preBuildSetting=1, playerId=6, method=SelectBestFit, candidateId=0, aivName=Default 2, aivJson=E:\ProgrammeE\Steam\steamapps\common\Stronghold Crusader Definitive Edition\BepInEx\plugins\ActiveAIVDetector_Serp\VanillaAIV\abbot2.aivjson, aivJsonSha256=486ff3d30ba01c407d039d367a53b1391fd9f2feff500eb82e420cb297afdf07, orientation=2 (90 degrees), result=Partial, rawFitScore=26, fitPercent=97, evaluatedCells=2870, blockedCells=82, origin=(144,364), keepReference=(187,407).
[Info   :Active AIV Detector] [2026-09-24 16:11:23.754] Wrote opt-in AIV cell trace: path=E:\ProgrammeE\Steam\steamapps\common\Stronghold Crusader Definitive Edition\BepInEx\plugins\ActiveAIVDetector_Serp\CellTraces\oracle-cell-trace-20260924-161116-424-p6-c0-r2-keep187-407.tsv, rows=2870, nativeBlocked=82, resultGridBlocked=82, validatorCalls=2870, validatorBlocked=82.
[Info   :Active AIV Detector] [2026-09-24 16:11:23.757] Wrote opt-in live building grid: path=E:\ProgrammeE\Steam\steamapps\common\Stronghold Crusader Definitive Edition\BepInEx\plugins\ActiveAIVDetector_Serp\CellTraces\oracle-live-building-grid-20260924-161116-424-p6-r2-keep187-407.tsv, occupiedCells=5623.
[Info   :Active AIV Detector] [2026-09-24 16:11:23.757] AIV placement oracle attempt #12.4: mapName=<unknown>, mapFile=E:\ProgrammeE\Steam\steamapps\common\Stronghold Crusader Definitive Edition\Stronghold Crusader Definitive Edition_Data\StreamingAssets\Maps\Crater Lake.map, mapFileSha256=c5d9906aa37ed96ec1cf9b3eb0c7f6fb5b3e1d8063167fe22337e69c153bb887, preBuildSetting=1, playerId=6, method=SelectBestFit, candidateId=0, aivName=Default 2, aivJson=E:\ProgrammeE\Steam\steamapps\common\Stronghold Crusader Definitive Edition\BepInEx\plugins\ActiveAIVDetector_Serp\VanillaAIV\abbot2.aivjson, aivJsonSha256=486ff3d30ba01c407d039d367a53b1391fd9f2feff500eb82e420cb297afdf07, orientation=4 (180 degrees), result=Partial, rawFitScore=13, fitPercent=90, evaluatedCells=2870, blockedCells=259, origin=(144,364), keepReference=(187,407).
[Info   :Active AIV Detector] [2026-09-24 16:11:23.766] Wrote opt-in AIV cell trace: path=E:\ProgrammeE\Steam\steamapps\common\Stronghold Crusader Definitive Edition\BepInEx\plugins\ActiveAIVDetector_Serp\CellTraces\oracle-cell-trace-20260924-161116-425-p6-c0-r4-keep187-407.tsv, rows=2870, nativeBlocked=259, resultGridBlocked=259, validatorCalls=2870, validatorBlocked=259.
[Info   :Active AIV Detector] [2026-09-24 16:11:23.769] Wrote opt-in live building grid: path=E:\ProgrammeE\Steam\steamapps\common\Stronghold Crusader Definitive Edition\BepInEx\plugins\ActiveAIVDetector_Serp\CellTraces\oracle-live-building-grid-20260924-161116-425-p6-r4-keep187-407.tsv, occupiedCells=5623.
[Info   :Active AIV Detector] [2026-09-24 16:11:23.770] AIV placement oracle selection #13: mapName=<unknown>, mapFile=E:\ProgrammeE\Steam\steamapps\common\Stronghold Crusader Definitive Edition\Stronghold Crusader Definitive Edition_Data\StreamingAssets\Maps\Crater Lake.map, mapFileSha256=c5d9906aa37ed96ec1cf9b3eb0c7f6fb5b3e1d8063167fe22337e69c153bb887, nativeDllSha256=fbcb93195fc7efca9bdac5204852efdd76f9818f59a6711750d77c9cef2831e2, preBuildSetting=1, nativeStartOptions=mode=99,option2F0=0,option2F4=1,option2F8=4294967297, playerId=7, method=SelectBestFit, tryOtherRotations=True, aivSpecIndex=6, attempts=1, finalCandidateId=0, finalAivName=Default 5, finalAivJson=E:\ProgrammeE\Steam\steamapps\common\Stronghold Crusader Definitive Edition\BepInEx\plugins\ActiveAIVDetector_Serp\VanillaAIV\jewel5.aivjson, finalAivJsonSha256=fe15c680d1515b8b401f1edb19b99f79cdb726e0169cf2db096df6c139a46eb8, finalOrientation=4 (180 degrees), placementState=2 (complete fit), directReturnSigned=<not-applicable>, confirmationPoint=OnStartMap(Post).
[Info   :Active AIV Detector] [2026-09-24 16:11:23.770] AIV placement oracle attempt #13.1: mapName=<unknown>, mapFile=E:\ProgrammeE\Steam\steamapps\common\Stronghold Crusader Definitive Edition\Stronghold Crusader Definitive Edition_Data\StreamingAssets\Maps\Crater Lake.map, mapFileSha256=c5d9906aa37ed96ec1cf9b3eb0c7f6fb5b3e1d8063167fe22337e69c153bb887, preBuildSetting=1, playerId=7, method=SelectBestFit, candidateId=0, aivName=Default 5, aivJson=E:\ProgrammeE\Steam\steamapps\common\Stronghold Crusader Definitive Edition\BepInEx\plugins\ActiveAIVDetector_Serp\VanillaAIV\jewel5.aivjson, aivJsonSha256=fe15c680d1515b8b401f1edb19b99f79cdb726e0169cf2db096df6c139a46eb8, orientation=4 (180 degrees), result=Complete, rawFitScore=999999, fitPercent=100, evaluatedCells=2077, blockedCells=0, origin=(336,310), keepReference=(379,353).
[Info   :Active AIV Detector] [2026-09-24 16:11:23.774] Wrote opt-in AIV cell trace: path=E:\ProgrammeE\Steam\steamapps\common\Stronghold Crusader Definitive Edition\BepInEx\plugins\ActiveAIVDetector_Serp\CellTraces\oracle-cell-trace-20260924-161118-497-p7-c0-r4-keep379-353.tsv, rows=2077, nativeBlocked=0, resultGridBlocked=0, validatorCalls=2077, validatorBlocked=0.
[Info   :Active AIV Detector] [2026-09-24 16:11:23.779] Wrote opt-in live building grid: path=E:\ProgrammeE\Steam\steamapps\common\Stronghold Crusader Definitive Edition\BepInEx\plugins\ActiveAIVDetector_Serp\CellTraces\oracle-live-building-grid-20260924-161118-497-p7-r4-keep379-353.tsv, occupiedCells=7171.
[Info   :Active AIV Detector] [2026-09-24 16:11:23.779] AIV placement oracle selection #14: mapName=<unknown>, mapFile=E:\ProgrammeE\Steam\steamapps\common\Stronghold Crusader Definitive Edition\Stronghold Crusader Definitive Edition_Data\StreamingAssets\Maps\Crater Lake.map, mapFileSha256=c5d9906aa37ed96ec1cf9b3eb0c7f6fb5b3e1d8063167fe22337e69c153bb887, nativeDllSha256=fbcb93195fc7efca9bdac5204852efdd76f9818f59a6711750d77c9cef2831e2, preBuildSetting=1, nativeStartOptions=mode=99,option2F0=0,option2F4=1,option2F8=4294967297, playerId=8, method=SelectBestFit, tryOtherRotations=True, aivSpecIndex=7, attempts=1, finalCandidateId=0, finalAivName=Default 4, finalAivJson=E:\ProgrammeE\Steam\steamapps\common\Stronghold Crusader Definitive Edition\BepInEx\plugins\ActiveAIVDetector_Serp\VanillaAIV\nomad4.aivjson, finalAivJsonSha256=54a4bef2e38baf573124a9075a95ce0d94a3ea1941282f4af0b09481a421693b, finalOrientation=0 (0 degrees), placementState=2 (complete fit), directReturnSigned=<not-applicable>, confirmationPoint=OnStartMap(Post).
[Info   :Active AIV Detector] [2026-09-24 16:11:23.779] AIV placement oracle attempt #14.1: mapName=<unknown>, mapFile=E:\ProgrammeE\Steam\steamapps\common\Stronghold Crusader Definitive Edition\Stronghold Crusader Definitive Edition_Data\StreamingAssets\Maps\Crater Lake.map, mapFileSha256=c5d9906aa37ed96ec1cf9b3eb0c7f6fb5b3e1d8063167fe22337e69c153bb887, preBuildSetting=1, playerId=8, method=SelectBestFit, candidateId=0, aivName=Default 4, aivJson=E:\ProgrammeE\Steam\steamapps\common\Stronghold Crusader Definitive Edition\BepInEx\plugins\ActiveAIVDetector_Serp\VanillaAIV\nomad4.aivjson, aivJsonSha256=54a4bef2e38baf573124a9075a95ce0d94a3ea1941282f4af0b09481a421693b, orientation=0 (0 degrees), result=Complete, rawFitScore=999999, fitPercent=100, evaluatedCells=534, blockedCells=0, origin=(380,624), keepReference=(423,667).
[Info   :Active AIV Detector] [2026-09-24 16:11:23.781] Wrote opt-in AIV cell trace: path=E:\ProgrammeE\Steam\steamapps\common\Stronghold Crusader Definitive Edition\BepInEx\plugins\ActiveAIVDetector_Serp\CellTraces\oracle-cell-trace-20260924-161120-955-p8-c0-r0-keep423-667.tsv, rows=534, nativeBlocked=0, resultGridBlocked=0, validatorCalls=534, validatorBlocked=0.
[Info   :Active AIV Detector] [2026-09-24 16:11:23.786] Wrote opt-in live building grid: path=E:\ProgrammeE\Steam\steamapps\common\Stronghold Crusader Definitive Edition\BepInEx\plugins\ActiveAIVDetector_Serp\CellTraces\oracle-live-building-grid-20260924-161120-955-p8-r0-keep423-667.tsv, occupiedCells=8465.
[Info   :Active AIV Detector] [2026-09-24 16:11:23.786] Active AIV confirmed #8: playerId=2, lord=NIZAR, baseLordEnum=SK_NIZAR, runtimeLordEnum=SK_NIZAR, lordJson=E:\ProgrammeE\Steam\steamapps\common\Stronghold Crusader Definitive Edition\BepInEx\plugins\ActiveAIVDetector_Serp\VanillaAIC\Nizar.lordjson, lordConfigChecksum=<not-applicable>, lordJsonSha256=361070a6c6c91b7733d07182d916fdbfbd3d8242e5103031182312d00643d9b7, lordConfigEffectiveSource=embedded game data; bundled lordJson exists but its manifest does not match the installed CrusaderDE.dll, aivMode=Default, candidateId=0, aivName=Default 6, aivJson=E:\ProgrammeE\Steam\steamapps\common\Stronghold Crusader Definitive Edition\BepInEx\plugins\ActiveAIVDetector_Serp\VanillaAIV\nizar6.aivjson, aivJsonSha256=1d86b141261297706ad65f60d870a3ae30a8c0da05b6b3b1d4d923c702cb11ad, checksum=6, effectiveSource=embedded game data; bundled aivJson is the equivalent official editor file and is not read by the game, aivSpecIndex=1, orientation=6 (270 degrees), placementState=2 (complete fit), confirmationPoint=OnStartMap(Post).
[Info   :Active AIV Detector] [2026-09-24 16:11:23.787] Active AIV confirmed #9: playerId=3, lord=WOLF, baseLordEnum=SK_WOLF, runtimeLordEnum=SK_WOLF, lordJson=E:\ProgrammeE\Steam\steamapps\common\Stronghold Crusader Definitive Edition\BepInEx\plugins\ActiveAIVDetector_Serp\VanillaAIC\Wolf.lordjson, lordConfigChecksum=<not-applicable>, lordJsonSha256=c79627657a2ee5f402a3deea637fefdc8467876f92edf3a8c2aad17b8af2e2c1, lordConfigEffectiveSource=embedded game data; bundled lordJson exists but its manifest does not match the installed CrusaderDE.dll, aivMode=Default, candidateId=0, aivName=Default 8, aivJson=E:\ProgrammeE\Steam\steamapps\common\Stronghold Crusader Definitive Edition\BepInEx\plugins\ActiveAIVDetector_Serp\VanillaAIV\wolf8.aivjson, aivJsonSha256=0e59ca19225bfa86472a4b2a939ac8c97a1d6301e0fcc00b36cb998dd36eedd2, checksum=8, effectiveSource=embedded game data; bundled aivJson is the equivalent official editor file and is not read by the game, aivSpecIndex=2, orientation=0 (0 degrees), placementState=2 (complete fit), confirmationPoint=OnStartMap(Post).
[Info   :Active AIV Detector] [2026-09-24 16:11:23.787] Active AIV confirmed #10: playerId=4, lord=MARSHAL, baseLordEnum=SK_MARSHAL, runtimeLordEnum=SK_MARSHAL, lordJson=E:\ProgrammeE\Steam\steamapps\common\Stronghold Crusader Definitive Edition\BepInEx\plugins\ActiveAIVDetector_Serp\VanillaAIC\Marshal.lordjson, lordConfigChecksum=<not-applicable>, lordJsonSha256=5814c0445a51d1dabb346ac61e2e9b7573ebc707ac265287e00aa6faf14c4bd9, lordConfigEffectiveSource=embedded game data; bundled lordJson exists but its manifest does not match the installed CrusaderDE.dll, aivMode=Default, candidateId=0, aivName=Default 7, aivJson=E:\ProgrammeE\Steam\steamapps\common\Stronghold Crusader Definitive Edition\BepInEx\plugins\ActiveAIVDetector_Serp\VanillaAIV\marshal7.aivjson, aivJsonSha256=384abb01e5b4c0ff36ceddeac64c3a8dc8151d0113d1189a32d8c7feb9bb337f, checksum=7, effectiveSource=embedded game data; bundled aivJson is the equivalent official editor file and is not read by the game, aivSpecIndex=3, orientation=4 (180 degrees), placementState=2 (complete fit), confirmationPoint=OnStartMap(Post).
[Info   :Active AIV Detector] [2026-09-24 16:11:23.787] Active AIV confirmed #11: playerId=5, lord=EMIR, baseLordEnum=SK_EMIR, runtimeLordEnum=SK_EMIR, lordJson=E:\ProgrammeE\Steam\steamapps\common\Stronghold Crusader Definitive Edition\BepInEx\plugins\ActiveAIVDetector_Serp\VanillaAIC\Emir.lordjson, lordConfigChecksum=<not-applicable>, lordJsonSha256=b947bf4baee3fc7529db6c598df6f2a2bd7372b819cf8c6438014294fb14c8fe, lordConfigEffectiveSource=embedded game data; bundled lordJson exists but its manifest does not match the installed CrusaderDE.dll, aivMode=Default, candidateId=0, aivName=Default 1, aivJson=E:\ProgrammeE\Steam\steamapps\common\Stronghold Crusader Definitive Edition\BepInEx\plugins\ActiveAIVDetector_Serp\VanillaAIV\emir1.aivjson, aivJsonSha256=ffa393f8dfb7899742c7647645d3cd3fa582090c7770cf9d32d89c96d46bd658, checksum=1, effectiveSource=embedded game data; bundled aivJson is the equivalent official editor file and is not read by the game, aivSpecIndex=4, orientation=4 (180 degrees), placementState=2 (complete fit), confirmationPoint=OnStartMap(Post).
[Info   :Active AIV Detector] [2026-09-24 16:11:23.788] Active AIV confirmed #12: playerId=6, lord=ABBOT, baseLordEnum=SK_ABBOT, runtimeLordEnum=SK_ABBOT, lordJson=E:\ProgrammeE\Steam\steamapps\common\Stronghold Crusader Definitive Edition\BepInEx\plugins\ActiveAIVDetector_Serp\VanillaAIC\Abbot.lordjson, lordConfigChecksum=<not-applicable>, lordJsonSha256=2c85a98288333cf49833a6f64af7aee38b7c97050d2826414df9893414f3a8e8, lordConfigEffectiveSource=embedded game data; bundled lordJson exists but its manifest does not match the installed CrusaderDE.dll, aivMode=Default, candidateId=0, aivName=Default 2, aivJson=E:\ProgrammeE\Steam\steamapps\common\Stronghold Crusader Definitive Edition\BepInEx\plugins\ActiveAIVDetector_Serp\VanillaAIV\abbot2.aivjson, aivJsonSha256=486ff3d30ba01c407d039d367a53b1391fd9f2feff500eb82e420cb297afdf07, checksum=2, effectiveSource=embedded game data; bundled aivJson is the equivalent official editor file and is not read by the game, aivSpecIndex=5, orientation=6 (270 degrees), placementState=1 (best partial fit), confirmationPoint=OnStartMap(Post).
[Info   :Active AIV Detector] [2026-09-24 16:11:23.788] Active AIV confirmed #13: playerId=7, lord=JEWEL, baseLordEnum=SK_JEWEL, runtimeLordEnum=SK_JEWEL, lordJson=E:\ProgrammeE\Steam\steamapps\common\Stronghold Crusader Definitive Edition\BepInEx\plugins\ActiveAIVDetector_Serp\VanillaAIC\Jewel.lordjson, lordConfigChecksum=<not-applicable>, lordJsonSha256=0560a1e700e5e33f521b3b5919d512051c5c750408da6d672fa552f6733f345a, lordConfigEffectiveSource=embedded game data; bundled lordJson exists but its manifest does not match the installed CrusaderDE.dll, aivMode=Default, candidateId=0, aivName=Default 5, aivJson=E:\ProgrammeE\Steam\steamapps\common\Stronghold Crusader Definitive Edition\BepInEx\plugins\ActiveAIVDetector_Serp\VanillaAIV\jewel5.aivjson, aivJsonSha256=fe15c680d1515b8b401f1edb19b99f79cdb726e0169cf2db096df6c139a46eb8, checksum=5, effectiveSource=embedded game data; bundled aivJson is the equivalent official editor file and is not read by the game, aivSpecIndex=6, orientation=4 (180 degrees), placementState=2 (complete fit), confirmationPoint=OnStartMap(Post).
[Info   :Active AIV Detector] [2026-09-24 16:11:23.788] Active AIV confirmed #14: playerId=8, lord=NOMAD, baseLordEnum=SK_NOMAD, runtimeLordEnum=SK_NOMAD, lordJson=E:\ProgrammeE\Steam\steamapps\common\Stronghold Crusader Definitive Edition\BepInEx\plugins\ActiveAIVDetector_Serp\VanillaAIC\Nomad.lordjson, lordConfigChecksum=<not-applicable>, lordJsonSha256=ae58acb5d0f491713d0dc23aa8ac174058aa829c468a48c34a2db34442f7250f, lordConfigEffectiveSource=embedded game data; bundled lordJson exists but its manifest does not match the installed CrusaderDE.dll, aivMode=Default, candidateId=0, aivName=Default 4, aivJson=E:\ProgrammeE\Steam\steamapps\common\Stronghold Crusader Definitive Edition\BepInEx\plugins\ActiveAIVDetector_Serp\VanillaAIV\nomad4.aivjson, aivJsonSha256=54a4bef2e38baf573124a9075a95ce0d94a3ea1941282f4af0b09481a421693b, checksum=4, effectiveSource=embedded game data; bundled aivJson is the equivalent official editor file and is not read by the game, aivSpecIndex=7, orientation=0 (0 degrees), placementState=2 (complete fit), confirmationPoint=OnStartMap(Post).
[Info   :Active AIV Detector] [2026-09-24 16:11:23.788] Active AIV finalization completed after MissionStart: activeAIs=7, reportedAIVs=7, capturedSelections=7.
[Debug  :Unit Limit] [2026-09-24 16:11:23.790] ActiveSiegeTentCache ResyncAll: countKeys 0
[Debug  :Unit Limit] [2026-09-24 16:11:23.790] Gameplay session started: NewMap
[Debug  :Unit Limit] [2026-09-24 16:11:23.790] Applied active unit limit rules: 32
[Debug  :Extra Features] [2026-09-24 16:11:23.790] Extra Features multiplayer feature gate captured map mode: realMultiplayer=False, singleplayerSkirmishMode=True, singleplayerSkirmish=True, singleplayerTrail=False, mapEditor=False, multiplayerSave=False, directorAvailable=True, directorMultiplayer=False, directorSkirmish=True, lowLevelNetworked=True, platformMultiplayer=False, lobbyMembers=8, realLobbyMembers=0, skirmishLobbyMembers=8, gameMembers=8, realNetworkGameMembers=0, gameType=3, skirmishGameType=0, skirmishTrailType=-1, coopTrailId=0, kind=CustomGame, launchVariant=Standard, allowsCustomGameMods=True, allowsRegularGameplayMods=True, campaignMapId=0, eventTrailType=-1, customizedTrailId=-1, customizedMissionId=-1, customizedOriginKind=0, conflictingCustomizedOrigin=False.
[Debug  :Extra Features] [2026-09-24 16:11:23.790] Extra Features gatehouse diagnostic: button visibility state: hidden: editor=False, playerId=1, selectedBuildingId=0, reason=not-a-live-gatehouse, selection=none.
[Info   :Extra Features] [2026-09-24 16:11:23.790] Extra Features gatehouse map state started: manualOnly=0.
[Info   :Extra Features] [2026-09-24 16:11:23.791] Extra Features church priest counts applied: enabled=True, church2=2, church3=3.
[Debug  :Extra Features] [2026-09-24 16:11:23.791] Extra Features Lord health initialized: session=2, savedBasis=False, humans=100%, AI=100%.
[Info   :Extra Features] [2026-09-24 16:11:23.791] Extra Features gatehouse map state resumed: manualOnly=0.
[Debug  :Bugfixes and QoL] [2026-09-24 16:11:23.791] Bugfixes and QoL multiplayer feature gate captured map mode: realMultiplayer=False, singleplayerSkirmishMode=True, singleplayerSkirmish=True, singleplayerTrail=False, mapEditor=False, multiplayerSave=False, directorAvailable=True, directorMultiplayer=False, directorSkirmish=True, lowLevelNetworked=True, platformMultiplayer=False, lobbyMembers=8, realLobbyMembers=0, skirmishLobbyMembers=8, gameMembers=8, realNetworkGameMembers=0, gameType=3, skirmishGameType=0, skirmishTrailType=-1, coopTrailId=0, kind=CustomGame, launchVariant=Standard, allowsCustomGameMods=True, allowsRegularGameplayMods=True, campaignMapId=0, eventTrailType=-1, customizedTrailId=-1, customizedMissionId=-1, customizedOriginKind=0, conflictingCustomizedOrigin=False.
[Debug  :Bugfixes and QoL] [2026-09-24 16:11:23.791] Reset surrender/statistics session state: reason=session-start:NewMap.
[Debug  :Bugfixes and QoL] [2026-09-24 16:11:23.791] Plague popularity diagnostics armed: modEnabled=True, fixEnabled=True, source=NewMap, mode=realMultiplayer=False, singleplayerSkirmishMode=True, singleplayerSkirmish=True, singleplayerTrail=False, mapEditor=False, multiplayerSave=False, directorAvailable=True, directorMultiplayer=False, directorSkirmish=True, lowLevelNetworked=True, platformMultiplayer=False, lobbyMembers=8, realLobbyMembers=0, skirmishLobbyMembers=8, gameMembers=8, realNetworkGameMembers=0, gameType=3, skirmishGameType=0, skirmishTrailType=-1, coopTrailId=0, kind=CustomGame, launchVariant=Standard, allowsCustomGameMods=True, allowsRegularGameplayMods=True, campaignMapId=0, eventTrailType=-1, customizedTrailId=-1, customizedMissionId=-1, customizedOriginKind=0, conflictingCustomizedOrigin=False.
[Debug  :Bugfixes and QoL] [2026-09-24 16:11:23.791] Bugfixes and QoL quarry-pile runtime: loaded Vanilla structure-group repair completed: candidates=0, validPairs=0, alreadyValid=0, plannedRepairs=0, groupIdsCorrected=0, legacyReverseLinksCleared=0, invalid=0, ambiguous=0, rejectedGroups=0.
[Info   :AIV Lobby Preset Test] Test-series run completed: CL-A-on; next=complete, session=2.
[Debug  :Building Costs] [2026-09-24 16:11:23.795] Gameplay session started: NewMap
[Debug  :Building Costs] [2026-09-24 16:11:23.795] Applied building cost materials: 0
[Debug  :Building Limit] [2026-09-24 16:11:23.796] ActiveBuildingCache RebuildCounts: humanCountKeys 6
[Debug  :Building Limit] [2026-09-24 16:11:23.796] ActiveBuildingCache ResyncAll: raiseEvents True scanned 3999 alive 942 humanActiveIds 9 humanCountKeys 6
[Debug  :Building Limit] [2026-09-24 16:11:23.796] ActiveBuildingCache ResyncAll count: player 1 type STRUCT_GOODS_YARD count 4
[Debug  :Building Limit] [2026-09-24 16:11:23.796] ActiveBuildingCache ResyncAll count: player 1 type STRUCT_KEEP_TWO count 1
[Debug  :Building Limit] [2026-09-24 16:11:23.796] ActiveBuildingCache ResyncAll count: player 1 type STRUCT_CAMPGROUND count 1
[Debug  :Building Limit] [2026-09-24 16:11:23.796] ActiveBuildingCache ResyncAll count: player 1 type STRUCT_KEEPDOOR_LEFT count 1
[Debug  :Building Limit] [2026-09-24 16:11:23.796] ActiveBuildingCache ResyncAll count: player 1 type STRUCT_KEEPDOOR_RIGHT count 1
[Debug  :Building Limit] [2026-09-24 16:11:23.796] ActiveBuildingCache ResyncAll count: player 1 type STRUCT_KEEPDOOR count 1
[Debug  :Building Limit] [2026-09-24 16:11:23.796] Gameplay session started: NewMap
[Debug  :Building Limit] [2026-09-24 16:11:23.797] Applied active building limit rules: 93
[Info   :CastlePlanner] [2026-09-24 16:11:23.798] Blueprint prepared locally: reason=scheduled preparation, file=C:\Users\Serpens66\AppData\LocalLow\Firefly Studios\Stronghold Crusader Definitive Edition\CustomLords\testlord_serp\testlord_serpcastle1.aivjson, keep=(654,448), projectedKeep=(654,448), castleRotation=0, tiles=1683, icons=161, unknownMappers=0, miscItemsIgnored=0.
[Debug  :CastlePlanner] [2026-09-24 16:11:23.798] Blueprint map-start lifecycle received; visibility reset to hidden.
[Debug  : Cheat Mod] [2026-09-24 16:11:23.798] Cheat Mod map runtime started; extreme-powers recharge interval=40 ticks, mana=7000, tickSubscribed=False.
[Debug  :Unit Costs] [2026-09-24 16:11:23.798] Applied unit cost values: 0
[Debug  :Unit Costs] [2026-09-24 16:11:23.799] Applied human extra unit cost rows: 0
[Error  :Random Events] [2026-09-24 16:11:23.888] Signpost initialization failed on this map; retrying: no active event participant is available for the Vanilla reachability check.
[Debug  :Bugfixes and QoL] [2026-09-24 16:11:23.916] Bugfixes and QoL quarry-pile runtime: AI quarry spawn observation armed after map/load initialization: tick=5.
[Debug  :Bugfixes and QoL] [2026-09-24 16:11:28.878] Keep-flag rotation summary: session=2, tick=13, enabled=True, captured=8, correctedBeforeSpawn=5, alreadyCorrectBeforeSpawn=3, keeps=8, correctedAfterStart=0, verified=8, rejected=0.
[Debug  :Extra Features] [2026-09-24 16:11:30.282] Extra Features gatehouse query hook confirmed: buildingId=339, eventUnitId=1, validatedUnitId=1, globalId=7331656, owner=3, tileX=255, tileY=595.
[Error  :Random Events] [2026-09-24 16:11:31.122] Signpost initialization completed: selectedBuildingIds=[-1,-1,-1,-1], usableRegistered=false, recoveredAfterFailure=true. Reason: Automatic signpost placement is disabled because Vanilla path connectivity could not be read safely; signpost-dependent events will be skipped. Error: System.IndexOutOfRangeException: Index was outside the bounds of the array.
  at System.ThrowHelper.ThrowIndexOutOfRangeException () [0x00005] in <27c7dfb4b639450089148d6e6caca8cb>:0 
  at SHCDESE.API.GameTileManagerAPI.GetTilePlayerOwnerId (System.Int32 tileId) [0x00001] in C:\Users\Serpens66\AppData\Local\Temp\shcdese-local-build-4384-28490\source\src\SHCDESE.BepInEx\API\GameTileManagerAPI.cs:751 
  at RandomEvents.SignpostPlacementService.AddOwnedWallApproachComponents (System.Collections.Generic.List`1[T] players) [0x00073] in D:\CDesktopLink\Unterlagen\Mods\Stronghold Crusader DE\Meine Mods\RandomEvents\src\SignpostPlacementService.cs:637 
  at RandomEvents.SignpostPlacementService.TryBuildParticipantReachability (System.Boolean includeAIPlayers, System.Collections.Generic.List`1[RandomEvents.SignpostPlacementService+PlayerReachability]& result, System.String& failure) [0x001e4] in D:\CDesktopLink\Unterlagen\Mods\Stronghold Crusader DE\Meine Mods\RandomEvents\src\SignpostPlacementService.cs:612 
  at RandomEvents.SignpostPlacementService.TryInitialize (RandomEvents.RandomEventsRuntimeState state) [0x0009c] in D:\CDesktopLink\Unterlagen\Mods\Stronghold Crusader DE\Meine Mods\RandomEvents\src\SignpostPlacementService.cs:77 
[Debug  :Random Events] [2026-09-24 16:11:31.124] Random Events batch prepared: mode=SharedEvents, includeAIPlayers=False, dueAbsoluteMonth=14184, actions=0, targetPlayers=[1], prngBefore=807D4B4061ABB9AB:F77D2197FA39BF25, prngAfter=FCD1EB8A6D08614A:5E1424789A4C8FF5, actionDigest=15EC7BF0B50732B49F8228E07D24365338F9E3AB994B00AF08E5A3BFFE55FD8B, actionOrder=[], stateDigest=65910A9354DE7DE2A19B01202E16C4E961442EBA20E7F86CE4C51D99263ECCB9.
[Debug  :Extra Features] [2026-09-24 16:11:31.312] Extra Features applied Lord health: player=1, globalId=7332914, multiplier=100%, health=150000/150000->150000/150000, vanillaMax=150000.
[Debug  :Extra Features] [2026-09-24 16:11:31.312] Extra Features applied Lord health: player=2, globalId=7332916, multiplier=100%, health=360000/360000->360000/360000, vanillaMax=360000.
[Debug  :Extra Features] [2026-09-24 16:11:31.312] Extra Features applied Lord health: player=3, globalId=7332918, multiplier=100%, health=450000/450000->450000/450000, vanillaMax=450000.
[Debug  :Extra Features] [2026-09-24 16:11:31.312] Extra Features applied Lord health: player=4, globalId=7332920, multiplier=100%, health=270000/270000->270000/270000, vanillaMax=270000.
[Debug  :Extra Features] [2026-09-24 16:11:31.312] Extra Features applied Lord health: player=5, globalId=7332922, multiplier=100%, health=225000/225000->225000/225000, vanillaMax=225000.
[Debug  :Extra Features] [2026-09-24 16:11:31.312] Extra Features applied Lord health: player=6, globalId=7332924, multiplier=100%, health=315000/315000->315000/315000, vanillaMax=315000.
[Debug  :Extra Features] [2026-09-24 16:11:31.312] Extra Features applied Lord health: player=7, globalId=7332926, multiplier=100%, health=405000/405000->405000/405000, vanillaMax=405000.
[Debug  :Extra Features] [2026-09-24 16:11:31.312] Extra Features applied Lord health: player=8, globalId=7332928, multiplier=100%, health=315000/315000->315000/315000, vanillaMax=315000.
[Debug  :Bugfixes and QoL] [2026-09-24 16:11:33.704] Bugfixes and QoL AI inaccessible-building sample: tick=205, buildingId=944, buildingGlobalId=7332948, buildingType=STRUCT_HOPSFARM, owner=6, vanillaAccessibilityResult=2, effectiveAccessibilityResult=2, buildingPcl=1, keepPcl=141, mode=1, modClassification=UnreachableEvenWithFriendlyGates, modDecision=AllowVanilla, friendlyPortalCount=1, usedPortalPath=[]
[Info   :  SHCDE-SE] [T1-16:11:36.446] [GameMapArchiveManagerAPI] [OnUnloadMap] Unloading archive
[Info   :  SHCDE-SE] [T1-16:11:36.446] [GameMapArchiveManagerAPI] [RemoveActiveArchive] Attempting to remove active archive
[Info   :  SHCDE-SE] [T1-16:11:36.446] [LuaManager] [OnUnloadMap] Attempting to unload lua state due to event, phase: Pre
[Info   :  SHCDE-SE] [T1-16:11:36.446] [LuaManager] [TryUnload] Attempting to unload lua state
[Warning:  SHCDE-SE] [T1-16:11:36.446] [LuaManager] [TryUnload] Lua state already unloaded!
[Info   :  SHCDE-SE] [T1-16:11:36.446] [DeterministicRandom] [OnUnloadMap] uninitializing shared state.
[Info   :  SHCDE-SE] [T1-16:11:36.446] [GamePlayerManagerAPI] [OnUnloadMap] Unloading
[Info   :  SHCDE-SE] [T1-16:11:36.446] [GameUnitManagerAPI] [OnUnloadMap] Unloading
[Info   :  SHCDE-SE] [T1-16:11:36.446] [GameBuildingManagerAPI] [OnUnloadMap] Unloading
[Info   :  SHCDE-SE] [T1-16:11:36.446] [GameMetadataManagerAPI] [OnUnloadMap] Unloading metadata
[Info   :  SHCDE-SE] [T1-16:11:36.446] [GameSoundManagerAPI] [Unload] Unloading sounds
[Info   :  SHCDE-SE] [T1-16:11:36.446] [GameSoundManagerAPI] [Unload] Unloading sounds complete
[Info   :  SHCDE-SE] [T1-16:11:36.446] [GameTriggerManager] [OnUnloadMap] Unloading
[Info   :  SHCDE-SE] [T1-16:11:36.446] [GameTimeManagerAPI] [OnUnloadMap] Unloading
[Info   :  SHCDE-SE] [T1-16:11:36.446] [GameAfterImageManager] [OnUnloadMap] Unloading active effects
[Info   : APIShared] [2026-09-24 16:11:36.446] MissionEnd: session=2, source=NewGame, mode=CustomGame, phase=ManagedReady, reason=Unloaded, started=True, replay=False.
[Info   :  SHCDE-SE] [T1-16:11:36.446] [GameBundleManager] [OnUnloadMap] Unloading
[Info   :Active AIV Detector] [2026-09-24 16:11:36.446] Active AIV detector reset for map unload; waiting for finalized AI selections. retainedPendingLobbyMetadata=False, retainedPendingPreBuildSetting=False.
[Info   :Unit Limit] [2026-09-24 16:11:36.446] [Unit Limit] gameplay-mod gate: modGuid=UnitLimit_Serp, source=MissionEnd, kind=Unknown, launchVariant=Standard, customized=False, customizedOrigin=0, modeAllowed=False, configuredEnabled=True, effectiveEnabled=False, action=disabled-by-mode, reason=unknown-fail-closed.
[Info   :Unit Limit] [2026-09-24 16:11:36.446] [UnitLimit_Serp] gameplay-feature gate: feature=UnitLimitEnforcement, source=MissionEnd, kind=Unknown, launchVariant=Standard, realMultiplayer=False, modeAllowed=False, action=disabled-by-feature-mode, reason=unknown-fail-closed.
[Debug  :Unit Limit] [2026-09-24 16:11:36.446] UnitLimit MakeTroop GameAction hook disposed.
[Debug  :Unit Limit] [2026-09-24 16:11:36.447] UnitLimit create troop hover hooks disposed.
[Debug  :Unit Limit] [2026-09-24 16:11:36.447] UnitLimit siege build hover hooks disposed.
[Debug  :Unit Limit] [2026-09-24 16:11:36.447] UnitLimit recruitment availability UI hook disposed.
[Debug  :Unit Limit] [2026-09-24 16:11:36.447] ActiveUnitCache cleared.
[Debug  :Unit Limit] [2026-09-24 16:11:36.447] ActiveSiegeTentCache cleared.
[Info   :Extra Features] [2026-09-24 16:11:36.447] [Extra Features] gameplay-mod gate: modGuid=ExtraFeatures_Serp, source=MissionEnd, kind=Unknown, launchVariant=Standard, customized=False, customizedOrigin=0, modeAllowed=False, configuredEnabled=True, effectiveEnabled=False, action=disabled-by-mode, reason=unknown-fail-closed.
[Info   :Extra Features] [2026-09-24 16:11:36.447] [ExtraFeatures_Serp] gameplay-feature gate: feature=LordHealthMultipliers, source=MissionEnd, kind=Unknown, launchVariant=Standard, realMultiplayer=False, modeAllowed=False, action=disabled-by-feature-mode, reason=unknown-fail-closed.
[Info   :Extra Features] [2026-09-24 16:11:36.447] Extra Features gatehouse map state cleared: manualOnly=0.
[Debug  :Extra Features] [2026-09-24 16:11:36.447] Extra Features apothecary plague-search maximum is now 30 (Vanilla).
[Debug  :Extra Features] [2026-09-24 16:11:36.447] Extra Features gatehouse diagnostic: button visibility state: hidden: mod-disabled.
[Info   :Extra Features] [2026-09-24 16:11:36.447] Extra Features church priest counts applied: enabled=False, church2=1, church3=1.
[Debug  :Bugfixes and QoL] [2026-09-24 16:11:36.447] Post-game lobby handoff state reset: reason=mission-end.
[Debug  :Bugfixes and QoL] [2026-09-24 16:11:36.447] Reset surrender/statistics session state: reason=mission-end.
[Info   :Building Costs] [2026-09-24 16:11:36.448] [Building Costs] gameplay-mod gate: modGuid=BuildingCosts_Serp, source=MissionEnd, kind=Unknown, launchVariant=Standard, customized=False, customizedOrigin=0, modeAllowed=False, configuredEnabled=True, effectiveEnabled=False, action=disabled-by-mode, reason=unknown-fail-closed.
[Info   :Building Costs] [2026-09-24 16:11:36.448] [BuildingCosts_Serp] gameplay-feature gate: feature=BuildingCostTooltip, source=MissionEnd, kind=Unknown, launchVariant=Standard, realMultiplayer=False, modeAllowed=False, action=disabled-by-feature-mode, reason=unknown-fail-closed.
[Debug  :Building Costs] [2026-09-24 16:11:36.448] Restored default building cost materials: 0
[Info   :Building Limit] [2026-09-24 16:11:36.448] [Building Limit] gameplay-mod gate: modGuid=BuildingLimit_Serp, source=MissionEnd, kind=Unknown, launchVariant=Standard, customized=False, customizedOrigin=0, modeAllowed=False, configuredEnabled=True, effectiveEnabled=False, action=disabled-by-mode, reason=unknown-fail-closed.
[Info   :Building Limit] [2026-09-24 16:11:36.448] [BuildingLimit_Serp] gameplay-feature gate: feature=BuildingLimitEnforcement, source=MissionEnd, kind=Unknown, launchVariant=Standard, realMultiplayer=False, modeAllowed=False, action=disabled-by-feature-mode, reason=unknown-fail-closed.
[Debug  :Building Limit] [2026-09-24 16:11:36.448] ActiveBuildingCache cleared.
[Info   :CastlePlanner] [2026-09-24 16:11:36.448] [CastlePlanner] gameplay-mod gate: modGuid=CastlePlanner_Serp, source=MissionEnd, kind=Unknown, launchVariant=Standard, customized=False, customizedOrigin=0, modeAllowed=False, configuredEnabled=True, effectiveEnabled=False, action=disabled-by-mode, reason=unknown-fail-closed.
[Info   :CastlePlanner] [2026-09-24 16:11:36.448] [CastlePlanner_Serp] gameplay-feature gate: feature=CastleSpawning, source=MissionEnd, kind=Unknown, launchVariant=Standard, realMultiplayer=False, modeAllowed=False, action=disabled-by-feature-mode, reason=unknown-fail-closed.
[Info   :CastlePlanner] [2026-09-24 16:11:36.448] [CastlePlanner_Serp] gameplay-feature gate: feature=FreeCastlePreview, source=MissionEnd, kind=Unknown, launchVariant=Standard, realMultiplayer=False, modeAllowed=False, action=disabled-by-feature-mode, reason=unknown-fail-closed.
[Info   :CastlePlanner] [2026-09-24 16:11:36.448] [CastlePlanner_Serp] gameplay-feature gate: feature=CastleBlueprints, source=MissionEnd, kind=Unknown, launchVariant=Standard, realMultiplayer=False, modeAllowed=False, action=disabled-by-feature-mode, reason=unknown-fail-closed.
[Debug  :CastlePlanner] [2026-09-24 16:11:36.448] Blueprint overlay cleared for map unload.
[Debug  :CastlePlanner] [2026-09-24 16:11:36.448] OnUnloadMap(Post) received; the next new map may spawn a native AIV castle.
[Info   : Cheat Mod] [2026-09-24 16:11:36.448] [Cheat Mod] gameplay-mod gate: modGuid=CheatMod_Serp, source=MissionEnd, kind=Unknown, launchVariant=Standard, customized=False, customizedOrigin=0, modeAllowed=False, configuredEnabled=False, effectiveEnabled=False, action=disabled-by-mode, reason=unknown-fail-closed.
[Info   : Cheat Mod] [2026-09-24 16:11:36.448] [CheatMod_Serp] gameplay-feature gate: feature=EndlessExtremePowersRecharge, source=MissionEnd, kind=Unknown, launchVariant=Standard, realMultiplayer=False, modeAllowed=False, action=disabled-by-feature-mode, reason=unknown-fail-closed.
[Info   :Extreme Powers] [2026-09-24 16:11:36.452] [Extreme Powers] gameplay-mod gate: modGuid=ExtremePowers_Serp, source=MissionEnd, kind=Unknown, launchVariant=Standard, customized=False, customizedOrigin=0, modeAllowed=False, configuredEnabled=True, effectiveEnabled=False, action=disabled-by-mode, reason=unknown-fail-closed.
[Info   :Random Events] [2026-09-24 16:11:36.452] [Random Events] gameplay-mod gate: modGuid=RandomEvents_Serp, source=MissionEnd, kind=Unknown, launchVariant=Standard, customized=False, customizedOrigin=0, modeAllowed=False, configuredEnabled=True, effectiveEnabled=False, action=disabled-by-mode, reason=unknown-fail-closed.
[Info   :Random Events] [2026-09-24 16:11:36.452] [RandomEvents_Serp] gameplay-feature gate: feature=RandomEventsRuntime, source=MissionEnd, kind=Unknown, launchVariant=Standard, realMultiplayer=False, modeAllowed=False, action=disabled-by-feature-mode, reason=unknown-fail-closed.
[Info   :Unit Costs] [2026-09-24 16:11:36.452] [Unit Costs] gameplay-mod gate: modGuid=UnitCosts_Serp, source=MissionEnd, kind=Unknown, launchVariant=Standard, customized=False, customizedOrigin=0, modeAllowed=False, configuredEnabled=True, effectiveEnabled=False, action=disabled-by-mode, reason=unknown-fail-closed.
[Info   :Unit Costs] [2026-09-24 16:11:36.452] [UnitCosts_Serp] gameplay-feature gate: feature=UnitCostEnforcement, source=MissionEnd, kind=Unknown, launchVariant=Standard, realMultiplayer=False, modeAllowed=False, action=disabled-by-feature-mode, reason=unknown-fail-closed.
[Debug  :Unit Costs] [2026-09-24 16:11:36.452] Restored vanilla unit cost values: 32
[Debug  :Unit Costs] [2026-09-24 16:11:36.452] UnitCosts MakeTroop GameAction hook disposed.
[Debug  :Unit Costs] [2026-09-24 16:11:36.454] UnitCosts create troop hover hooks disposed.
[Debug  :Unit Costs] [2026-09-24 16:11:36.454] UnitCosts siege build hover hooks disposed.
[Debug  :Unit Costs] [2026-09-24 16:11:36.454] UnitCosts recruitment availability UI hook disposed.
[Info   :  SHCDE-SE] [T1-16:11:36.605] [BulkMapLoaderDetours] [c_game_unload_map_hook_impl] pTileManager=00007FFAAB78EDB0, preventNotification=False
[Info   :  SHCDE-SE] [T1-16:11:36.605] [GameMapArchiveManagerAPI] [OnUnloadMap] Unloading archive
[Info   :  SHCDE-SE] [T1-16:11:36.605] [GameMapArchiveManagerAPI] [RemoveActiveArchive] Attempting to remove active archive
[Info   :  SHCDE-SE] [T1-16:11:36.605] [LuaManager] [OnUnloadMap] Attempting to unload lua state due to event, phase: Pre
[Info   :  SHCDE-SE] [T1-16:11:36.605] [LuaManager] [TryUnload] Attempting to unload lua state
[Warning:  SHCDE-SE] [T1-16:11:36.605] [LuaManager] [TryUnload] Lua state already unloaded!
[Info   :  SHCDE-SE] [T1-16:11:36.606] [DeterministicRandom] [OnUnloadMap] uninitializing shared state.
[Info   :  SHCDE-SE] [T1-16:11:36.606] [GamePlayerManagerAPI] [OnUnloadMap] Unloading
[Info   :  SHCDE-SE] [T1-16:11:36.606] [GameUnitManagerAPI] [OnUnloadMap] Unloading
[Info   :  SHCDE-SE] [T1-16:11:36.606] [GameBuildingManagerAPI] [OnUnloadMap] Unloading
[Info   :  SHCDE-SE] [T1-16:11:36.606] [GameMetadataManagerAPI] [OnUnloadMap] Unloading metadata
[Info   :  SHCDE-SE] [T1-16:11:36.606] [GameSoundManagerAPI] [Unload] Unloading sounds
[Info   :  SHCDE-SE] [T1-16:11:36.606] [GameSoundManagerAPI] [Unload] Unloading sounds complete
[Info   :  SHCDE-SE] [T1-16:11:36.606] [GameTriggerManager] [OnUnloadMap] Unloading
[Info   :  SHCDE-SE] [T1-16:11:36.606] [GameTimeManagerAPI] [OnUnloadMap] Unloading
[Info   :  SHCDE-SE] [T1-16:11:36.606] [GameAfterImageManager] [OnUnloadMap] Unloading active effects
[Info   :  SHCDE-SE] [T1-16:11:36.606] [GameBundleManager] [OnUnloadMap] Unloading
[Info   :  SHCDE-SE] [T1-16:11:36.622] [GameMapArchiveManagerAPI] [OnUnloadMap] Unloading archive
[Info   :  SHCDE-SE] [T1-16:11:36.622] [GameMapArchiveManagerAPI] [RemoveActiveArchive] Attempting to remove active archive
[Info   :  SHCDE-SE] [T1-16:11:36.622] [DeterministicRandom] [OnUnloadMap] uninitializing shared state.
[Info   :  SHCDE-SE] [T1-16:11:36.622] [GamePlayerManagerAPI] [OnUnloadMap] Unloading
[Info   :  SHCDE-SE] [T1-16:11:36.622] [GameUnitManagerAPI] [OnUnloadMap] Unloading
[Info   :  SHCDE-SE] [T1-16:11:36.622] [GameBuildingManagerAPI] [OnUnloadMap] Unloading
[Info   :  SHCDE-SE] [T1-16:11:36.622] [GameMetadataManagerAPI] [OnUnloadMap] Unloading metadata
[Info   :  SHCDE-SE] [T1-16:11:36.622] [GameSoundManagerAPI] [Unload] Unloading sounds
[Info   :  SHCDE-SE] [T1-16:11:36.622] [GameSoundManagerAPI] [Unload] Unloading sounds complete
[Info   :  SHCDE-SE] [T1-16:11:36.622] [GameTriggerManager] [OnUnloadMap] Unloading
[Info   :  SHCDE-SE] [T1-16:11:36.622] [GameTimeManagerAPI] [OnUnloadMap] Unloading
[Info   :  SHCDE-SE] [T1-16:11:36.622] [GameAfterImageManager] [OnUnloadMap] Unloading active effects
[Info   :  SHCDE-SE] [T1-16:11:36.622] [GameBundleManager] [OnUnloadMap] Unloading
[Info   :  SHCDE-SE] [T1-16:11:36.635] [BulkMapLoaderDetours] [c_game_unload_map_hook_impl] pTileManager=00007FFAAB78EDB0, preventNotification=False
[Info   :  SHCDE-SE] [T1-16:11:36.635] [GameMapArchiveManagerAPI] [OnUnloadMap] Unloading archive
[Info   :  SHCDE-SE] [T1-16:11:36.635] [GameMapArchiveManagerAPI] [RemoveActiveArchive] Attempting to remove active archive
[Info   :  SHCDE-SE] [T1-16:11:36.635] [LuaManager] [OnUnloadMap] Attempting to unload lua state due to event, phase: Pre
[Info   :  SHCDE-SE] [T1-16:11:36.635] [LuaManager] [TryUnload] Attempting to unload lua state
[Warning:  SHCDE-SE] [T1-16:11:36.635] [LuaManager] [TryUnload] Lua state already unloaded!
[Info   :  SHCDE-SE] [T1-16:11:36.635] [DeterministicRandom] [OnUnloadMap] uninitializing shared state.
[Info   :  SHCDE-SE] [T1-16:11:36.635] [GamePlayerManagerAPI] [OnUnloadMap] Unloading
[Info   :  SHCDE-SE] [T1-16:11:36.635] [GameUnitManagerAPI] [OnUnloadMap] Unloading
[Info   :  SHCDE-SE] [T1-16:11:36.635] [GameBuildingManagerAPI] [OnUnloadMap] Unloading
[Info   :  SHCDE-SE] [T1-16:11:36.635] [GameMetadataManagerAPI] [OnUnloadMap] Unloading metadata
[Info   :  SHCDE-SE] [T1-16:11:36.635] [GameSoundManagerAPI] [Unload] Unloading sounds
[Info   :  SHCDE-SE] [T1-16:11:36.635] [GameSoundManagerAPI] [Unload] Unloading sounds complete
[Info   :  SHCDE-SE] [T1-16:11:36.635] [GameTriggerManager] [OnUnloadMap] Unloading
[Info   :  SHCDE-SE] [T1-16:11:36.635] [GameTimeManagerAPI] [OnUnloadMap] Unloading
[Info   :  SHCDE-SE] [T1-16:11:36.635] [GameAfterImageManager] [OnUnloadMap] Unloading active effects
[Info   :  SHCDE-SE] [T1-16:11:36.635] [GameBundleManager] [OnUnloadMap] Unloading
[Info   :  SHCDE-SE] [T1-16:11:36.652] [GameMapArchiveManagerAPI] [OnUnloadMap] Unloading archive
[Info   :  SHCDE-SE] [T1-16:11:36.652] [GameMapArchiveManagerAPI] [RemoveActiveArchive] Attempting to remove active archive
[Info   :  SHCDE-SE] [T1-16:11:36.652] [DeterministicRandom] [OnUnloadMap] uninitializing shared state.
[Info   :  SHCDE-SE] [T1-16:11:36.652] [GamePlayerManagerAPI] [OnUnloadMap] Unloading
[Info   :  SHCDE-SE] [T1-16:11:36.652] [GameUnitManagerAPI] [OnUnloadMap] Unloading
[Info   :  SHCDE-SE] [T1-16:11:36.652] [GameBuildingManagerAPI] [OnUnloadMap] Unloading
[Info   :  SHCDE-SE] [T1-16:11:36.652] [GameMetadataManagerAPI] [OnUnloadMap] Unloading metadata
[Info   :  SHCDE-SE] [T1-16:11:36.652] [GameSoundManagerAPI] [Unload] Unloading sounds
[Info   :  SHCDE-SE] [T1-16:11:36.652] [GameSoundManagerAPI] [Unload] Unloading sounds complete
[Info   :  SHCDE-SE] [T1-16:11:36.652] [GameTriggerManager] [OnUnloadMap] Unloading
[Info   :  SHCDE-SE] [T1-16:11:36.652] [GameTimeManagerAPI] [OnUnloadMap] Unloading
[Info   :  SHCDE-SE] [T1-16:11:36.652] [GameAfterImageManager] [OnUnloadMap] Unloading active effects
[Info   :  SHCDE-SE] [T1-16:11:36.652] [GameBundleManager] [OnUnloadMap] Unloading
[Info   :AIV Lobby Preset Test] Preset Prepare entered; config=E:\ProgrammeE\Steam\steamapps\common\Stronghold Crusader Definitive Edition\BepInEx\config\AivLobbyPresetTest.json, lobby=True
[Info   :AIV Lobby Preset Test] Test series complete; no preset will override this lobby.
[Warning:  SHCDE-SE] [T1-16:11:36.672] [MapArchive] [.ctor] ZIP EOCD-Header not found for [E:\ProgrammeE\Steam\steamapps\common\Stronghold Crusader Definitive Edition\Stronghold Crusader Definitive Edition_Data\StreamingAssets\Maps\Crater Lake.map]. Not a valid archive.
[Warning:  SHCDE-SE] [T1-16:11:36.685] [MapArchive] [.ctor] ZIP EOCD-Header not found for [E:\ProgrammeE\Steam\steamapps\common\Stronghold Crusader Definitive Edition\Stronghold Crusader Definitive Edition_Data\StreamingAssets\Maps\Crater Lake.map]. Not a valid archive.
[Warning:  SHCDE-SE] [T1-16:11:36.690] [MapArchive] [.ctor] ZIP EOCD-Header not found for [E:\ProgrammeE\Steam\steamapps\common\Stronghold Crusader Definitive Edition\Stronghold Crusader Definitive Edition_Data\StreamingAssets\Maps\Crater Lake.map]. Not a valid archive.
[Info   :CastlePlanner] [2026-09-24 16:11:36.697] AIV lobby placement result: generation=5, playerId=2, preBuild=1, status=Complete, evaluableCandidates=1/1, selectedCandidate=0, rotation=Degrees270, possibleCandidates=0, possibleRotations=Degrees270, reason=None: .
[Info   :CastlePlanner] [2026-09-24 16:11:36.697] AIV lobby placement result: generation=5, playerId=3, preBuild=1, status=NotEvaluable, evaluableCandidates=0/0, selectedCandidate=none, rotation=unknown, possibleCandidates=unproven, possibleRotations=unproven, reason=RequestNotReady: PreBuildSequenceUnsupported.
[Info   :CastlePlanner] [2026-09-24 16:11:36.697] AIV lobby placement result: generation=5, playerId=4, preBuild=1, status=NotEvaluable, evaluableCandidates=0/0, selectedCandidate=none, rotation=unknown, possibleCandidates=unproven, possibleRotations=unproven, reason=RequestNotReady: PreBuildSequenceUnsupported.
[Info   :CastlePlanner] [2026-09-24 16:11:36.697] AIV lobby placement result: generation=5, playerId=5, preBuild=1, status=NotEvaluable, evaluableCandidates=0/0, selectedCandidate=none, rotation=unknown, possibleCandidates=unproven, possibleRotations=unproven, reason=RequestNotReady: PreBuildSequenceUnsupported.
[Info   :CastlePlanner] [2026-09-24 16:11:36.697] AIV lobby placement result: generation=5, playerId=6, preBuild=1, status=NotEvaluable, evaluableCandidates=0/0, selectedCandidate=none, rotation=unknown, possibleCandidates=unproven, possibleRotations=unproven, reason=RequestNotReady: PreBuildSequenceUnsupported.
[Info   :CastlePlanner] [2026-09-24 16:11:36.697] AIV lobby placement result: generation=5, playerId=7, preBuild=1, status=NotEvaluable, evaluableCandidates=0/0, selectedCandidate=none, rotation=unknown, possibleCandidates=unproven, possibleRotations=unproven, reason=RequestNotReady: PreBuildSequenceUnsupported.
[Info   :CastlePlanner] [2026-09-24 16:11:36.697] AIV lobby placement result: generation=5, playerId=8, preBuild=1, status=NotEvaluable, evaluableCandidates=0/0, selectedCandidate=none, rotation=unknown, possibleCandidates=unproven, possibleRotations=unproven, reason=RequestNotReady: PreBuildSequenceUnsupported.
[Info   :AIV Lobby Preset Test] Lobby observed: skirmish=True, host=True, visible=True, panelActive=True, managedViewNull=False, noesisViewNull=False
[Info   :AIV Lobby Preset Test] Lobby bridge before Tick: assembly=E:\ProgrammeE\Steam\steamapps\common\Stronghold Crusader Definitive Edition\BepInEx\plugins\APIShared_Serp\APIShared.dll, owner=AivLobbyPresetTest_Serp, callback=AivLobbyPresetTest.AivLobbyPresetTestPlugin, sameLobby=True, prepared=False, active=False, applyAttempted=False
[Info   :AIV Lobby Preset Test] Preset Prepare entered; config=E:\ProgrammeE\Steam\steamapps\common\Stronghold Crusader Definitive Edition\BepInEx\config\AivLobbyPresetTest.json, lobby=True
[Info   :AIV Lobby Preset Test] Test series complete; no preset will override this lobby.
[Info   :AIV Lobby Preset Test] Lobby bridge after Tick: assembly=E:\ProgrammeE\Steam\steamapps\common\Stronghold Crusader Definitive Edition\BepInEx\plugins\APIShared_Serp\APIShared.dll, owner=AivLobbyPresetTest_Serp, callback=AivLobbyPresetTest.AivLobbyPresetTestPlugin, sameLobby=True, prepared=True, active=False, applyAttempted=False
