
#line 1: "D:\CDesktopLink\Unterlagen\Mods\Stronghold Crusader DE\Meine Mods\_inspect\CrusaderDE-Native-Baseline\sem\FBCB9319\sources\script-extender-types-ghidra.h"
///+ #ifndef SERPS_SHCDE_GHIDRA_TYPES_H ===true
///+ #define SERPS_SHCDE_GHIDRA_TYPES_H ===DEFINED
typedef signed char int8_t;
typedef unsigned char uint8_t;
typedef signed short int16_t;
typedef unsigned short uint16_t;
typedef signed int int32_t;
typedef unsigned int uint32_t;
typedef signed long long int64_t;
typedef unsigned long long uint64_t;





typedef enum eGlobals
{
    eGlobals_maxColorPicks = 18,
    eGlobals_maxDefinedColours = 141
} eGlobals;


typedef enum eSortOrders
{
    eSortOrders_startingOrder = -20000,
    eSortOrders_chevronTile = 1,
    eSortOrders_tilemapTile = 0,
    eSortOrders_numSortLayers = 49,
    eSortOrders_tilemapLayer = 0,
    eSortOrders_tilemapAlphaLayer,
    eSortOrders_wallFillinLayer,
    eSortOrders_pixieLo,
    eSortOrders_orgLayer,
    eSortOrders_orgLayer2,
    eSortOrders_orgLayer3,
    eSortOrders_orgLayer4,
    eSortOrders_chimpLayer,
    eSortOrders_chimpLayer2,
    eSortOrders_chimpLayer3,
    eSortOrders_chimpLayer4,
    eSortOrders_chimpLayer5,
    eSortOrders_chimpLayer6,
    eSortOrders_chimpLayer7,
    eSortOrders_flyLayer,
    eSortOrders_buildingLayer1,
    eSortOrders_buildingLayer25 = 40,
    eSortOrders_pixieHi,
    eSortOrders_chimplayer_buffered_diff = 34,
    eSortOrders_chimpLayer_buffered = 42,
    eSortOrders_chimpLayer2_buffered,
    eSortOrders_chimpLayer3_buffered,
    eSortOrders_chimpLayer4_buffered,
    eSortOrders_chimpLayer5_buffered,
    eSortOrders_chimpLayer6_buffered,
    eSortOrders_chimpLayer7_buffered
} eSortOrders;


typedef enum eDefines
{
    eDefines_maxSpriteNameLength = 30,
    eDefines_maxTagNameLength = 30,
    eDefines_maxTitleLength = 30,
    eDefines_maxSprites = 4000,
    eDefines_randomSeed = 1066,
    eDefines_tileScale = 1
} eDefines;


typedef enum mode
{
    mode_temp,
    mode_final,
    mode_add = 0,
    mode_delete,
    mode_updateOn,
    mode_updateOff,
    mode_permenant = 1,
    mode_removable,
    mode_building = 1,
    mode_mapElement,
    mode_looping = 0,
    mode_oneShot,
    mode_oneShotHold,
    mode_directionBased,
    mode_running = 0,
    mode_stopped = -1,
    mode_advance = -2
} mode;


typedef enum eGameVars
{
    eGameVars_maxMapSize = 800
} eGameVars;


typedef enum Logic
{
    Logic_empty,
    Logic_open,
    Logic_wall,
    Logic_road,
    Logic_building_Logic = 11,
    Logic_sea = 23,
    Logic_river,
    Logic_lake,
    Logic_rocks
} Logic;


typedef enum Terrain
{
    Terrain_basic,
    Terrain_sea_Terrain,
    Terrain_grass
} Terrain;


typedef enum Structure
{
    Structure_realityEdge,
    Structure_empty_Structure,
    Structure_Occupied,
    Structure_open_Structure,
    Structure_NOGO,
    Structure_mapEdge
} Structure;


typedef enum RegionType
{
    RegionType_open_RegionType,
    RegionType_impassable,
    RegionType_special1,
    RegionType_special2
} RegionType;


typedef enum Operation
{
    Operation_getSize = 1,
    Operation_clear,
    Operation_save = 11,
    Operation_load
} Operation;


typedef enum Dircs
{
    Dircs_Invalid = -1,
    Dircs_Centre,
    Dircs_North,
    Dircs_NE,
    Dircs_East,
    Dircs_SE,
    Dircs_South,
    Dircs_SW,
    Dircs_West,
    Dircs_NW,
    Dircs_Base
} Dircs;


typedef enum eDebugData
{
    eDebugData_none,
    eDebugData_logic,
    eDebugData_Spreads,
    eDebugData_road_eDebugData,
    eDebugData_structure,
    eDebugData_random,
    eDebugData_scan = 7
} eDebugData;


typedef enum editorActions
{
    editorActions_none_editorActions,
    editorActions_changeMap = 3,
    editorActions_placingBuilding = 5,
    editorActions_deleteBuilding,
    editorActions_placeEditorTroop,
    editorActions_troopSelection,
    editorActions_troopSelectionEnding
} editorActions;


typedef enum editorItemTypes
{
    editorItemTypes_none_editorItemTypes,
    editorItemTypes_itemTerrain
} editorItemTypes;


typedef enum eTerrainModes
{
    eTerrainModes_Undefined,
    eTerrainModes_delete_eTerrainModes,
    eTerrainModes_raise,
    eTerrainModes_lower,
    eTerrainModes_landHi,
    eTerrainModes_landMid,
    eTerrainModes_landLo,
    eTerrainModes_seaHi,
    eTerrainModes_plataeu,
    eTerrainModes_smooth,
    eTerrainModes_paintGrass,
    eTerrainModes_paintRock,
    eTerrainModes_paintMegaRock,
    eTerrainModes_paintMegaGrass,
    eTerrainModes_paintLake
} eTerrainModes;


typedef enum eTints
{
    eTints_grass_eTints,
    eTints_rock = 16,
    eTints_lake_eTints = 20
} eTints;


typedef enum eCSSColors
{
    eCSSColors_ALICEBLUE,
    eCSSColors_ANTIQUEWHITE,
    eCSSColors_AQUA,
    eCSSColors_AQUAMARINE,
    eCSSColors_AZURE,
    eCSSColors_BEIGE,
    eCSSColors_BISQUE,
    eCSSColors_BLACK,
    eCSSColors_BLANCHEDALMOND,
    eCSSColors_BLUE,
    eCSSColors_BLUEVIOLET,
    eCSSColors_BROWN,
    eCSSColors_BURLYWOOD,
    eCSSColors_CADETBLUE,
    eCSSColors_CHARTREUSE,
    eCSSColors_CHOCOLATE,
    eCSSColors_CORAL = 6,
    eCSSColors_CORNFLOWERBLUE = 17,
    eCSSColors_CORNSILK,
    eCSSColors_CRIMSON,
    eCSSColors_CYAN,
    eCSSColors_DARKBLUE,
    eCSSColors_DARKCYAN,
    eCSSColors_DARKGOLDENROD,
    eCSSColors_DARKGRAY,
    eCSSColors_DARKGREY,
    eCSSColors_DARKGREEN,
    eCSSColors_DARKKHAKI,
    eCSSColors_DARKMAGENTA,
    eCSSColors_DARKOLIVEGREEN,
    eCSSColors_DARKORANGE,
    eCSSColors_DARKORCHID,
    eCSSColors_DARKRED,
    eCSSColors_DARKSALMON,
    eCSSColors_DARKSEAGREEN,
    eCSSColors_DARKSLATEBLUE,
    eCSSColors_DARKSLATEGRAY,
    eCSSColors_DARKSLATEGREY,
    eCSSColors_DARKTURQUOISE,
    eCSSColors_DARKVIOLET,
    eCSSColors_DEEPPINK,
    eCSSColors_DEEPSKYBLUE,
    eCSSColors_DIMGRAY,
    eCSSColors_DIMGREY,
    eCSSColors_DODGERBLUE,
    eCSSColors_FIREBRICK,
    eCSSColors_FLORALWHITE,
    eCSSColors_FORESTGREEN,
    eCSSColors_FUCHSIA,
    eCSSColors_GAINSBORO,
    eCSSColors_GHOSTWHITE,
    eCSSColors_GOLD,
    eCSSColors_GOLDENROD,
    eCSSColors_GRAY,
    eCSSColors_GREY,
    eCSSColors_GREEN,
    eCSSColors_GREENYELLOW,
    eCSSColors_HONEYDEW,
    eCSSColors_HOTPINK,
    eCSSColors_INDIANRED,
    eCSSColors_INDIGO,
    eCSSColors_IVORY,
    eCSSColors_KHAKI,
    eCSSColors_LAVENDER,
    eCSSColors_LAVENDERBLUSH,
    eCSSColors_LAWNGREEN,
    eCSSColors_LEMONCHIFFON,
    eCSSColors_LIGHTBLUE,
    eCSSColors_LIGHTCORAL,
    eCSSColors_LIGHTCYAN,
    eCSSColors_LIGHTGOLDENRODYELLOW,
    eCSSColors_LIGHTGRAY,
    eCSSColors_LIGHTGREY,
    eCSSColors_LIGHTGREEN,
    eCSSColors_LIGHTPINK,
    eCSSColors_LIGHTSALMON,
    eCSSColors_LIGHTSEAGREEN,
    eCSSColors_LIGHTSKYBLUE,
    eCSSColors_LIGHTSLATEGRAY,
    eCSSColors_LIGHTSLATEGREY,
    eCSSColors_LIGHTSTEELBLUE,
    eCSSColors_LIGHTYELLOW,
    eCSSColors_LIME,
    eCSSColors_LIMEGREEN,
    eCSSColors_LINEN,
    eCSSColors_MAGENTA,
    eCSSColors_MAROON,
    eCSSColors_MEDIUMAQUAMARINE,
    eCSSColors_MEDIUMBLUE,
    eCSSColors_MEDIUMORCHID,
    eCSSColors_MEDIUMPURPLE,
    eCSSColors_MEDIUMSEAGREEN,
    eCSSColors_MEDIUMSLATEBLUE,
    eCSSColors_MEDIUMSPRINGGREEN,
    eCSSColors_MEDIUMTURQUOISE,
    eCSSColors_MEDIUMVIOLETRED,
    eCSSColors_MIDNIGHTBLUE,
    eCSSColors_MINTCREAM,
    eCSSColors_MISTYROSE,
    eCSSColors_MOCCASIN,
    eCSSColors_NAVAJOWHITE,
    eCSSColors_NAVY,
    eCSSColors_OLDLACE,
    eCSSColors_OLIVE,
    eCSSColors_OLIVEDRAB,
    eCSSColors_ORANGE,
    eCSSColors_ORANGERED,
    eCSSColors_ORCHID,
    eCSSColors_PALEGOLDENROD,
    eCSSColors_PALEGREEN,
    eCSSColors_PALETURQUOISE,
    eCSSColors_PALEVIOLETRED,
    eCSSColors_PAPAYAWHIP,
    eCSSColors_PEACHPUFF,
    eCSSColors_PERU,
    eCSSColors_PINK,
    eCSSColors_PLUM,
    eCSSColors_POWDERBLUE,
    eCSSColors_PURPLE,
    eCSSColors_REBECCAPURPLE,
    eCSSColors_RED,
    eCSSColors_ROSYBROWN,
    eCSSColors_ROYALBLUE,
    eCSSColors_SADDLEBROWN,
    eCSSColors_SALMON,
    eCSSColors_SANDYBROWN,
    eCSSColors_SEAGREEN,
    eCSSColors_SEASHELL,
    eCSSColors_SIENNA,
    eCSSColors_SILVER,
    eCSSColors_SKYBLUE,
    eCSSColors_SLATEBLUE,
    eCSSColors_SLATEGRAY,
    eCSSColors_SLATEGREY,
    eCSSColors_SNOW,
    eCSSColors_SPRINGGREEN,
    eCSSColors_STEELBLUE,
    eCSSColors_TAN,
    eCSSColors_TEAL,
    eCSSColors_THISTLE,
    eCSSColors_TOMATO,
    eCSSColors_TURQUOISE,
    eCSSColors_VIOLET,
    eCSSColors_WHEAT,
    eCSSColors_WHITE,
    eCSSColors_WHITESMOKE,
    eCSSColors_YELLOW,
    eCSSColors_YELLOWGREEN
} eCSSColors;


typedef enum eGameColors
{
    eGameColors_white_eGameColors,
    eGameColors_black_eGameColors,
    eGameColors_blue_eGameColors,
    eGameColors_green_eGameColors,
    eGameColors_red_eGameColors,
    eGameColors_darkred_eGameColors,
    eGameColors_orange_eGameColors,
    eGameColors_yellow_eGameColors,
    eGameColors_maxCols
} eGameColors;


typedef enum eObjectDefines
{
    eObjectDefines_maxGroups = 2,
    eObjectDefines_maxPoolTypes = 1
} eObjectDefines;


typedef enum eObjectGroups
{
    eObjectGroups_general,
    eObjectGroups_orgs
} eObjectGroups;


typedef enum eSH1Defines
{
    eSH1Defines_FILENAME_MAX_LENGTH = 80,
    eSH1Defines_ENGINEER_COST = 30,
    eSH1Defines_TUNNELER_COST = 30,
    eSH1Defines_LADDERMAN_COST = 4,
    eSH1Defines_ARCHER_COST = 12,
    eSH1Defines_XBOWMAN_COST = 20,
    eSH1Defines_SPEARMAN_COST = 8,
    eSH1Defines_PIKEMAN_COST = 20,
    eSH1Defines_MACEMAN_COST = 20,
    eSH1Defines_SWORDSMAN_COST = 40,
    eSH1Defines_KNIGHT_COST = 40,
    eSH1Defines_LADDERMAN_COST_ADVANCED = 20
} eSH1Defines;


typedef enum eStructs
{
    eStructs_STRUCT_NULL,
    eStructs_STRUCT_HOVEL,
    eStructs_STRUCT_OUTPOST_BEDOUIN,
    eStructs_STRUCT_WOODCUTTERS_HUT,
    eStructs_STRUCT_OXEN_BASE,
    eStructs_STRUCT_IRON_MINE,
    eStructs_STRUCT_PITCH_DIGGER,
    eStructs_STRUCT_HUNTERS_HUT,
    eStructs_STRUCT_BARRACKS_WOOD,
    eStructs_STRUCT_BARRACKS_STONE,
    eStructs_STRUCT_GOODS_YARD,
    eStructs_STRUCT_ARMOURY,
    eStructs_STRUCT_FLETCHERS_WORKSHOP,
    eStructs_STRUCT_BLACKSMITHS_WORKSHOP,
    eStructs_STRUCT_POLETURNERS_WORKSHOP,
    eStructs_STRUCT_ARMOURERS_WORKSHOP,
    eStructs_STRUCT_TANNERS_WORKSHOP,
    eStructs_STRUCT_BAKERS_WORKSHOP,
    eStructs_STRUCT_BREWERS_WORKSHOP,
    eStructs_STRUCT_GRANARY,
    eStructs_STRUCT_QUARRY,
    eStructs_STRUCT_QUARRYPILE,
    eStructs_STRUCT_INN,
    eStructs_STRUCT_HEALER,
    eStructs_STRUCT_ENGINEERS_GUILD,
    eStructs_STRUCT_TUNNELLERS_GUILD,
    eStructs_STRUCT_TRADEPOST,
    eStructs_STRUCT_WELL,
    eStructs_STRUCT_OIL_SMELTER,
    eStructs_STRUCT_SIEGE_TENT,
    eStructs_STRUCT_WHEATFARM,
    eStructs_STRUCT_HOPSFARM,
    eStructs_STRUCT_APPLEFARM,
    eStructs_STRUCT_CATTLEFARM,
    eStructs_STRUCT_MILL,
    eStructs_STRUCT_STABLES,
    eStructs_STRUCT_CHURCH1,
    eStructs_STRUCT_CHURCH2,
    eStructs_STRUCT_CHURCH3,
    eStructs_STRUCT_RUINS,
    eStructs_STRUCT_KEEP_ONE,
    eStructs_STRUCT_KEEP_TWO,
    eStructs_STRUCT_KEEP_THREE,
    eStructs_STRUCT_KEEP_FOUR,
    eStructs_STRUCT_KEEP_FIVE,
    eStructs_STRUCT_GATE_MAIN,
    eStructs_STRUCT_GATE_INNER,
    eStructs_STRUCT_GATE_WOOD,
    eStructs_STRUCT_GATE_POSTERN,
    eStructs_STRUCT_DRAWBRIDGE,
    eStructs_STRUCT_TUNNEL_ENTERANCE,
    eStructs_STRUCT_PARADEGROUND_OIL,
    eStructs_STRUCT_SIGNPOST,
    eStructs_STRUCT_PARADEGROUND_ENG,
    eStructs_STRUCT_SIEGE_TENT_ARAB_BALLISTA,
    eStructs_STRUCT_CAMPGROUND,
    eStructs_STRUCT_PARADEGROUND_MISS,
    eStructs_STRUCT_PARADEGROUND_LGT,
    eStructs_STRUCT_PARADEGROUND_HVY,
    eStructs_STRUCT_PARADEGROUND_TUN,
    eStructs_STRUCT_GATEHOUSE,
    eStructs_STRUCT_TOWER,
    eStructs_STRUCT_GALLOWS,
    eStructs_STRUCT_STOCKS,
    eStructs_STRUCT_WITCH_HOIST,
    eStructs_STRUCT_MAYPOLE,
    eStructs_STRUCT_GARDEN,
    eStructs_STRUCT_KILLING_PIT,
    eStructs_STRUCT_PITCH_DITCH,
    eStructs_STRUCT_SIEGE_TOWER,
    eStructs_STRUCT_WATERPOT,
    eStructs_STRUCT_KEEPDOOR_LEFT,
    eStructs_STRUCT_KEEPDOOR_RIGHT,
    eStructs_STRUCT_KEEPDOOR,
    eStructs_STRUCT_TOWER1,
    eStructs_STRUCT_TOWER2,
    eStructs_STRUCT_TOWER3,
    eStructs_STRUCT_TOWER4,
    eStructs_STRUCT_TOWER5,
    eStructs_STRUCT_TOWER5_DESTROYED,
    eStructs_STRUCT_SIEGE_TENT_CATAPULT,
    eStructs_STRUCT_SIEGE_TENT_TREBUCHET,
    eStructs_STRUCT_SIEGE_TENT_SIEGE_TOWER,
    eStructs_STRUCT_SIEGE_TENT_BATTERING_RAM,
    eStructs_STRUCT_SIEGE_TENT_PORTABLE_SHIELD,
    eStructs_STRUCT_TUNNEL_CONSTRUCTION,
    eStructs_STRUCT_TOWER1_DESTROYED,
    eStructs_STRUCT_TOWER2_DESTROYED,
    eStructs_STRUCT_TOWER3_DESTROYED,
    eStructs_STRUCT_TOWER4_DESTROYED,
    eStructs_STRUCT_WAS_WALL,
    eStructs_STRUCT_CESS_PIT,
    eStructs_STRUCT_BURNING_STAKE,
    eStructs_STRUCT_GIBBET,
    eStructs_STRUCT_DUNGEON,
    eStructs_STRUCT_RACK_STRETCHING,
    eStructs_STRUCT_RACK_FLOGGING,
    eStructs_STRUCT_CHOPPING_BLOCK,
    eStructs_STRUCT_DUNKING_STOOL,
    eStructs_STRUCT_DOG_CAGE,
    eStructs_STRUCT_STATUE,
    eStructs_STRUCT_SHRINE,
    eStructs_STRUCT_BEE_HIVE,
    eStructs_STRUCT_DANCING_BEAR,
    eStructs_STRUCT_POND,
    eStructs_STRUCT_BEAR_CAVE,
    eStructs_STRUCT_OUTPOST,
    eStructs_STRUCT_OUTPOST_ARAB,
    eStructs_STRUCT_BEDOUIN_STOCKADE,
    eStructs_STRUCT_DOCK,
    eStructs_STRUCT_MAX,
    eStructs_STRUCT_WOOD_WALL = 110,
    eStructs_STRUCT_STONE_WALL,
    eStructs_STRUCT_CRENAL_WALL,
    eStructs_STRUCT_STAIRS,
    eStructs_STRUCT_BRAZIER,
    eStructs_STRUCT_MANGONEL,
    eStructs_STRUCT_BALLISTA,
    eStructs_STRUCT_HEAD_ON_SPIKE,
    eStructs_STRUCT_GARDEN_SMALL,
    eStructs_STRUCT_GARDEN_MED,
    eStructs_STRUCT_GARDEN_LARGE,
    eStructs_STRUCT_POND_SMALL,
    eStructs_STRUCT_POND_LARGE,
    eStructs_STRUCT_FLAG1,
    eStructs_STRUCT_FLAG2,
    eStructs_STRUCT_FLAG3,
    eStructs_STRUCT_FLAG4,
    eStructs_STRUCT_GATE_WOOD1A,
    eStructs_STRUCT_GATE_WOOD1B,
    eStructs_STRUCT_GATE_WOOD1C,
    eStructs_STRUCT_GATE_WOOD1D,
    eStructs_STRUCT_GATE_STONE1A,
    eStructs_STRUCT_GATE_STONE1B,
    eStructs_STRUCT_GATE_STONE2A,
    eStructs_STRUCT_GATE_STONE2B,
    eStructs_STRUCT_RUINS01,
    eStructs_STRUCT_RUINS02,
    eStructs_STRUCT_RUINS03,
    eStructs_STRUCT_RUINS04,
    eStructs_STRUCT_RUINS05,
    eStructs_STRUCT_RUINS06,
    eStructs_STRUCT_RUINS07,
    eStructs_STRUCT_RUINS08,
    eStructs_STRUCT_RUINS09,
    eStructs_STRUCT_RUINS10,
    eStructs_STRUCT_RUINS11,
    eStructs_STRUCT_RUINS12,
    eStructs_STRUCT_RUINS13,
    eStructs_STRUCT_PEOPLE_ARCHERS,
    eStructs_STRUCT_PEOPLE_SPEARMEN,
    eStructs_STRUCT_PEOPLE_PIKEMEN,
    eStructs_STRUCT_PEOPLE_MACEMEN,
    eStructs_STRUCT_PEOPLE_XBOWMEN,
    eStructs_STRUCT_PEOPLE_SWORDSMEN,
    eStructs_STRUCT_PEOPLE_KNIGHTS,
    eStructs_STRUCT_PEOPLE_LADDERMEN,
    eStructs_STRUCT_PEOPLE_ENGINEERS,
    eStructs_STRUCT_PEOPLE_ENGINEERS_POTS,
    eStructs_STRUCT_PEOPLE_MONKS,
    eStructs_STRUCT_PEOPLE_CATAPULTS,
    eStructs_STRUCT_PEOPLE_TREBUCHETS,
    eStructs_STRUCT_PEOPLE_BATTERING_RAMS,
    eStructs_STRUCT_PEOPLE_SIEGE_TOWERS,
    eStructs_STRUCT_PEOPLE_PORTABLE_SHIELDS,
    eStructs_STRUCT_PEOPLE_TUNNELERS,
    eStructs_STRUCT_NEW_DIG_MOAT = 168,
    eStructs_STRUCT_NEW_FILL_MOAT,
    eStructs_STRUCT_MARKER_POINT1,
    eStructs_STRUCT_MARKER_POINT2,
    eStructs_STRUCT_MARKER_POINT3,
    eStructs_STRUCT_MARKER_POINT4,
    eStructs_STRUCT_MARKER_POINT5,
    eStructs_STRUCT_MARKER_POINT6,
    eStructs_STRUCT_MARKER_POINT7,
    eStructs_STRUCT_MARKER_POINT8,
    eStructs_STRUCT_MARKER_POINT9,
    eStructs_STRUCT_MARKER_POINT10,
    eStructs_STRUCT_RUINS14,
    eStructs_STRUCT_RUINS15,
    eStructs_STRUCT_RUINS16,
    eStructs_STRUCT_RUINS17,
    eStructs_STRUCT_POND5,
    eStructs_STRUCT_POND6,
    eStructs_STRUCT_POND7,
    eStructs_STRUCT_POND8,
    eStructs_STRUCT_IN_REPORTS = 190,
    eStructs_STRUCT_SUB_MENU_TOWERS = 200,
    eStructs_STRUCT_SUB_MENU_MILITARY,
    eStructs_STRUCT_SUB_MENU_GATEHOUSES,
    eStructs_STRUCT_SUB_MENU_KEEPS,
    eStructs_STRUCT_SUB_MENU_GATEHOUSES_WOOD,
    eStructs_STRUCT_SUB_MENU_GATEHOUSES_STONESMALL,
    eStructs_STRUCT_SUB_MENU_GATEHOUSES_STONELARGE,
    eStructs_STRUCT_SUB_MENU_GOOD,
    eStructs_STRUCT_SUB_MENU_BAD,
    eStructs_STRUCT_NEW_EDITOR_DELETE,
    eStructs_STRUCT_MENU_RETURN_TOWERS,
    eStructs_STRUCT_MENU_RETURN_GATEHOUSES,
    eStructs_STRUCT_MENU_RETURN_MILITARY,
    eStructs_STRUCT_MENU_RETURN_KEEPS,
    eStructs_STRUCT_MENU_RETURN_GOOD,
    eStructs_STRUCT_MENU_RETURN_BAD,
    eStructs_STRUCT_NEW_DELETE,
    eStructs_STRUCT_PEOPLE_ARAB_BOW = 220,
    eStructs_STRUCT_PEOPLE_ARAB_SLAVE,
    eStructs_STRUCT_PEOPLE_ARAB_SLINGER,
    eStructs_STRUCT_PEOPLE_ARAB_ASSASIN,
    eStructs_STRUCT_PEOPLE_ARAB_HORSEMAN,
    eStructs_STRUCT_PEOPLE_ARAB_SWORDSMAN,
    eStructs_STRUCT_PEOPLE_ARAB_GRENADIER,
    eStructs_STRUCT_PEOPLE_ARAB_BALLISTA,
    eStructs_STRUCT_RUINS18 = 230,
    eStructs_STRUCT_RUINS19,
    eStructs_STRUCT_RUINS20,
    eStructs_STRUCT_RUINS21,
    eStructs_STRUCT_RUINS22,
    eStructs_STRUCT_RUINS23,
    eStructs_STRUCT_RUINS24,
    eStructs_STRUCT_RUINS25,
    eStructs_STRUCT_RUINS26,
    eStructs_STRUCT_RUINS27,
    eStructs_STRUCT_RUINS28,
    eStructs_STRUCT_RUINS29,
    eStructs_STRUCT_RUINS30,
    eStructs_STRUCT_RUINS31,
    eStructs_STRUCT_RUINS32,
    eStructs_STRUCT_RUINS33,
    eStructs_STRUCT_RUINS34,
    eStructs_STRUCT_PEOPLE_BEDOUIN_CAMEL_LANCER,
    eStructs_STRUCT_PEOPLE_BEDOUIN_HEALER,
    eStructs_STRUCT_PEOPLE_BEDOUIN_EUNUCH,
    eStructs_STRUCT_PEOPLE_BEDOUIN_AMBUSHER,
    eStructs_STRUCT_PEOPLE_BEDOUIN_SKIRMISHER,
    eStructs_STRUCT_PEOPLE_BEDOUIN_HEAVY_CAMEL,
    eStructs_STRUCT_PEOPLE_BEDOUIN_SAPPER,
    eStructs_STRUCT_PEOPLE_BEDOUIN_DEMOLISHER
} eStructs;


typedef enum eChimps
{
    eChimps_CHIMP_TYPE_NULL,
    eChimps_CHIMP_TYPE_PEASANT,
    eChimps_CHIMP_TYPE_BURNING_MAN,
    eChimps_CHIMP_TYPE_WOODCUTTER,
    eChimps_CHIMP_TYPE_FLETCHER,
    eChimps_CHIMP_TYPE_TUNNELER,
    eChimps_CHIMP_TYPE_HUNTER,
    eChimps_CHIMP_TYPE_QUARRY_MASON,
    eChimps_CHIMP_TYPE_QUARRY_GRUNT,
    eChimps_CHIMP_TYPE_QUARRY_OX,
    eChimps_CHIMP_TYPE_PITCHMAN,
    eChimps_CHIMP_TYPE_FARMER_WHEAT,
    eChimps_CHIMP_TYPE_FARMER_HOPS,
    eChimps_CHIMP_TYPE_FARMER_APPLE,
    eChimps_CHIMP_TYPE_FARMER_CATTLE,
    eChimps_CHIMP_TYPE_MILLER,
    eChimps_CHIMP_TYPE_BAKER,
    eChimps_CHIMP_TYPE_BREWER,
    eChimps_CHIMP_TYPE_POLETURNER,
    eChimps_CHIMP_TYPE_BLACKSMITH,
    eChimps_CHIMP_TYPE_ARMOURER,
    eChimps_CHIMP_TYPE_TANNER,
    eChimps_CHIMP_TYPE_ARCHER,
    eChimps_CHIMP_TYPE_XBOWMAN,
    eChimps_CHIMP_TYPE_SPEARMAN,
    eChimps_CHIMP_TYPE_PIKEMAN,
    eChimps_CHIMP_TYPE_MACEMAN,
    eChimps_CHIMP_TYPE_SWORDSMAN,
    eChimps_CHIMP_TYPE_KNIGHT,
    eChimps_CHIMP_TYPE_LADDERMAN,
    eChimps_CHIMP_TYPE_ENGINEER,
    eChimps_CHIMP_TYPE_MINER1,
    eChimps_CHIMP_TYPE_MINER2,
    eChimps_CHIMP_TYPE_PRIEST,
    eChimps_CHIMP_TYPE_HEALER,
    eChimps_CHIMP_TYPE_DRUNKARD,
    eChimps_CHIMP_TYPE_INNKEEPER,
    eChimps_CHIMP_TYPE_MONK,
    eChimps_CHIMP_TYPE_ARCHER_debug,
    eChimps_CHIMP_TYPE_CATAPULT,
    eChimps_CHIMP_TYPE_TREBUCHET,
    eChimps_CHIMP_TYPE_MANGONEL,
    eChimps_CHIMP_TYPE_TRADER,
    eChimps_CHIMP_TYPE_TRADER_HORSE,
    eChimps_CHIMP_TYPE_DEER,
    eChimps_CHIMP_TYPE_LION,
    eChimps_CHIMP_TYPE_RABBIT,
    eChimps_CHIMP_TYPE_CAMEL,
    eChimps_CHIMP_TYPE_CROW,
    eChimps_CHIMP_TYPE_SEAGULL,
    eChimps_CHIMP_SIEGE_TENT,
    eChimps_CHIMP_TYPE_COW,
    eChimps_CHIMP_TYPE_DOG,
    eChimps_CHIMP_TYPE_FIREMAN,
    eChimps_CHIMP_TYPE_GHOST,
    eChimps_CHIMP_TYPE_LORD,
    eChimps_CHIMP_TYPE_LADY,
    eChimps_CHIMP_TYPE_JESTER,
    eChimps_CHIMP_TYPE_SIEGE_TOWER,
    eChimps_CHIMP_TYPE_BATTERING_RAM,
    eChimps_CHIMP_TYPE_PORTABLE_SHIELD,
    eChimps_CHIMP_TYPE_BALLISTA,
    eChimps_CHIMP_TYPE_CHICKEN,
    eChimps_CHIMP_TYPE_MOTHER,
    eChimps_CHIMP_TYPE_CHILD,
    eChimps_CHIMP_TYPE_JUGGLER,
    eChimps_CHIMP_TYPE_FIREEATER,
    eChimps_CHIMP_TYPE_WAR_DOG,
    eChimps_CHIMP_TYPE_BURNING_ANIMAL_BIG,
    eChimps_CHIMP_TYPE_BURNING_ANIMAL_SMALL,
    eChimps_CHIMP_TYPE_ARAB_BOW,
    eChimps_CHIMP_TYPE_ARAB_SLAVE,
    eChimps_CHIMP_TYPE_ARAB_SLINGER,
    eChimps_CHIMP_TYPE_ARAB_ASSASIN,
    eChimps_CHIMP_TYPE_ARAB_HORSEMAN,
    eChimps_CHIMP_TYPE_ARAB_SWORDSMAN,
    eChimps_CHIMP_TYPE_ARAB_GRENADIER,
    eChimps_CHIMP_TYPE_ARAB_BALLISTA,
    eChimps_CHIMP_TYPE_BEDOUIN_CAMEL_LANCER,
    eChimps_CHIMP_TYPE_BEDOUIN_HEALER,
    eChimps_CHIMP_TYPE_BEDOUIN_EUNUCH,
    eChimps_CHIMP_TYPE_BEDOUIN_AMBUSHER,
    eChimps_CHIMP_TYPE_BEDOUIN_SKIRMISHER,
    eChimps_CHIMP_TYPE_BEDOUIN_HEAVY_CAMEL,
    eChimps_CHIMP_TYPE_BEDOUIN_SAPPER,
    eChimps_CHIMP_TYPE_BEDOUIN_DEMOLISHER,
    eChimps_CHIMP_TYPE_GOAT,
    eChimps_CHIMP_TYPE_HYENA,
    eChimps_CHIMP_TYPE_CROCODILE,
    eChimps_CHIMP_NUM_TYPES
} eChimps;


typedef enum eMappers
{
    eMappers_MAPPER_NULL,
    eMappers_MAPPER_AREA,
    eMappers_MAPPER_RAISE,
    eMappers_MAPPER_LOWER,
    eMappers_MAPPER_SEA,
    eMappers_MAPPER_LAND,
    eMappers_MAPPER_FOREST,
    eMappers_MAPPER_SCRUB,
    eMappers_MAPPER_BEACH,
    eMappers_MAPPER_SHALLOWS,
    eMappers_MAPPER_ROCKY,
    eMappers_MAPPER_STONES,
    eMappers_MAPPER_BOULDERS,
    eMappers_MAPPER_PEBBLES,
    eMappers_MAPPER_RIVER,
    eMappers_MAPPER_FORD,
    eMappers_MAPPER_IRON,
    eMappers_MAPPER_MARSH,
    eMappers_MAPPER_DIRT,
    eMappers_MAPPER_GRASS,
    eMappers_MAPPER_BIGROCKS,
    eMappers_MAPPER_MIN,
    eMappers_MAPPER_MAX,
    eMappers_MAPPER_EQUALISE,
    eMappers_MAPPER_PLATEAU,
    eMappers_MAPPER_WALL,
    eMappers_MAPPER_CRENAL,
    eMappers_MAPPER_STAIR,
    eMappers_MAPPER_TOWER,
    eMappers_MAPPER_UP,
    eMappers_MAPPER_DOWN = 20,
    eMappers_MAPPER_EXIT = 31,
    eMappers_MAPPER_TOMAIN,
    eMappers_MAPPER_TOTEST,
    eMappers_MAPPER_PATROL,
    eMappers_MAPPER_CRENAL2,
    eMappers_MAPPER_MOUNTAIN,
    eMappers_MAPPER_HILL,
    eMappers_MAPPER_AFFECT_TYPE,
    eMappers_MAPPER_DELETE,
    eMappers_MAPPER_CHESTNUT,
    eMappers_MAPPER_OAK,
    eMappers_MAPPER_PINE,
    eMappers_MAPPER_BIRCH,
    eMappers_MAPPER_UNDUGMOAT,
    eMappers_MAPPER_DUGMOAT,
    eMappers_MAPPER_WOODWALL,
    eMappers_MAPPER_PLAIN1,
    eMappers_MAPPER_PLAIN2,
    eMappers_MAPPER_OIL,
    eMappers_MAPPER_FLETCHER,
    eMappers_MAPPER_WOODSMAN,
    eMappers_MAPPER_STORES,
    eMappers_MAPPER_OUTPOST_BEDOUIN,
    eMappers_MAPPER_HOVEL,
    eMappers_MAPPER_OXENBASE,
    eMappers_MAPPER_QUARRY,
    eMappers_MAPPER_TUNNEL,
    eMappers_MAPPER_CAMP_FIRE,
    eMappers_MAPPER_SIGNPOST,
    eMappers_MAPPER_KEEP1,
    eMappers_MAPPER_KEEP2,
    eMappers_MAPPER_KEEP3,
    eMappers_MAPPER_KEEP4,
    eMappers_MAPPER_KEEP5,
    eMappers_MAPPER_STABLES,
    eMappers_MAPPER_TUNNEL_CONSTRUCTION,
    eMappers_MAPPER_UNUSED_2 = 68,
    eMappers_MAPPER_UNUSED_3,
    eMappers_MAPPER_WHEATFARM,
    eMappers_MAPPER_HOPSFARM,
    eMappers_MAPPER_APPLEFARM,
    eMappers_MAPPER_CATTLEFARM,
    eMappers_MAPPER_MILL,
    eMappers_MAPPER_BAKER,
    eMappers_MAPPER_BREWER,
    eMappers_MAPPER_TRADEPOST,
    eMappers_MAPPER_HUNTER,
    eMappers_MAPPER_BEDOUIN_STOCKADE,
    eMappers_MAPPER_GRANARY,
    eMappers_MAPPER_ARMOURY,
    eMappers_MAPPER_POLETURNER,
    eMappers_MAPPER_BLACKSMITH,
    eMappers_MAPPER_ARMOURER,
    eMappers_MAPPER_TANNER,
    eMappers_MAPPER_BARRACKS_WOOD,
    eMappers_MAPPER_BARRACKS_STONE,
    eMappers_MAPPER_ENGINEERS_GUILD,
    eMappers_MAPPER_TUNNELERS_GUILD,
    eMappers_MAPPER_IRON_MINE,
    eMappers_MAPPER_PITCH_WORKINGS,
    eMappers_MAPPER_INN,
    eMappers_MAPPER_HEALER,
    eMappers_MAPPER_SIEGE_TOWER_BASE,
    eMappers_MAPPER_CHURCH1,
    eMappers_MAPPER_CHURCH2,
    eMappers_MAPPER_CHURCH3,
    eMappers_MAPPER_KILLING_PIT,
    eMappers_MAPPER_PITCH_DITCH,
    eMappers_MAPPER_GATEHOUSE,
    eMappers_MAPPER_GATE_MAIN,
    eMappers_MAPPER_GATE_INNER,
    eMappers_MAPPER_GATE_WOOD,
    eMappers_MAPPER_GATE_POSTERN,
    eMappers_MAPPER_DRAWBRIDGE,
    eMappers_MAPPER_MOAT,
    eMappers_MAPPER_ANTIMOAT,
    eMappers_MAPPER_GENERIC,
    eMappers_MAPPER_QUARRYPILE,
    eMappers_MAPPER_TOWER1,
    eMappers_MAPPER_TOWER2,
    eMappers_MAPPER_TOWER3,
    eMappers_MAPPER_TOWER4,
    eMappers_MAPPER_TOWER5,
    eMappers_MAPPER_TOWER1_DESTROYED,
    eMappers_MAPPER_TOWER2_DESTROYED,
    eMappers_MAPPER_TOWER3_DESTROYED,
    eMappers_MAPPER_TOWER4_DESTROYED,
    eMappers_MAPPER_TOWER5_DESTROYED,
    eMappers_MAPPER_FLAG_TYPE0,
    eMappers_MAPPER_FLAG_TYPE1,
    eMappers_MAPPER_FLAG_TYPE2,
    eMappers_MAPPER_FLAG_TYPE3,
    eMappers_MAPPER_FLAG_TYPE4,
    eMappers_MAPPER_FLAG_TYPE5,
    eMappers_MAPPER_FLAG_TYPE6,
    eMappers_MAPPER_FLAG_TYPE7,
    eMappers_MAPPER_FLAG_TYPE8,
    eMappers_MAPPER_HEADS,
    eMappers_MAPPER_SHRUB1A,
    eMappers_MAPPER_SHRUB1B,
    eMappers_MAPPER_SHRUB1C,
    eMappers_MAPPER_SHRUB1D,
    eMappers_MAPPER_SHRUB1E,
    eMappers_MAPPER_SHRUB2A,
    eMappers_MAPPER_SHRUB2B,
    eMappers_MAPPER_SHRUB2C,
    eMappers_MAPPER_SHRUB2D,
    eMappers_MAPPER_SHRUB2E,
    eMappers_MAPPER_GATE_WOOD1A,
    eMappers_MAPPER_GATE_WOOD1B,
    eMappers_MAPPER_GATE_WOOD1C,
    eMappers_MAPPER_GATE_WOOD1D,
    eMappers_MAPPER_GATE_STONE1A,
    eMappers_MAPPER_GATE_STONE1B,
    eMappers_MAPPER_GATE_STONE2A,
    eMappers_MAPPER_GATE_STONE2B,
    eMappers_MAPPER_BRAZIER,
    eMappers_MAPPER_UNUSED_7,
    eMappers_MAPPER_FOAM,
    eMappers_MAPPER_RIPPLE,
    eMappers_MAPPER_TO_MAP_EDIT,
    eMappers_MAPPER_SHRUB3A,
    eMappers_MAPPER_SHRUB3B,
    eMappers_MAPPER_SHRUB3C,
    eMappers_MAPPER_SHRUB3D,
    eMappers_MAPPER_UNUSED_12,
    eMappers_MAPPER_UNUSED_13,
    eMappers_MAPPER_UNUSED_14,
    eMappers_MAPPER_GARDEN1,
    eMappers_MAPPER_GARDEN2,
    eMappers_MAPPER_GARDEN3,
    eMappers_MAPPER_GARDEN4,
    eMappers_MAPPER_GARDEN5,
    eMappers_MAPPER_GARDEN6,
    eMappers_MAPPER_GARDEN7,
    eMappers_MAPPER_GARDEN8,
    eMappers_MAPPER_GARDEN9,
    eMappers_MAPPER_GARDEN10,
    eMappers_MAPPER_GARDEN11,
    eMappers_MAPPER_GARDEN12,
    eMappers_MAPPER_UNUSED_15,
    eMappers_MAPPER_UNUSED_16,
    eMappers_MAPPER_UNUSED_17,
    eMappers_MAPPER_MAYPOLE,
    eMappers_MAPPER_GALLOWS,
    eMappers_MAPPER_STOCKS,
    eMappers_MAPPER_OUTPOST,
    eMappers_MAPPER_OUTPOST_ARAB,
    eMappers_MAPPER_OIL_SMELTER,
    eMappers_MAPPER_STAIR1,
    eMappers_MAPPER_STAIR2,
    eMappers_MAPPER_STAIR3,
    eMappers_MAPPER_STAIR4,
    eMappers_MAPPER_STAIR5,
    eMappers_MAPPER_STAIR6,
    eMappers_MAPPER_UNUSED_26,
    eMappers_MAPPER_UNUSED_27,
    eMappers_MAPPER_UNUSED_28,
    eMappers_MAPPER_CATAPULT,
    eMappers_MAPPER_TREBUCHET,
    eMappers_MAPPER_SIEGE_TOWER,
    eMappers_MAPPER_BATTERING_RAM,
    eMappers_MAPPER_PORTABLE_SHIELD,
    eMappers_MAPPER_DOCK,
    eMappers_MAPPER_DOCK2,
    eMappers_MAPPER_DOCK3,
    eMappers_MAPPER_DOCK4,
    eMappers_MAPPER_UNUSED_33,
    eMappers_MAPPER_BACK,
    eMappers_MAPPER_CHECK_BOX,
    eMappers_MAPPER_TEST,
    eMappers_MAPPER_REBUILD,
    eMappers_MAPPER_SNAP_TO,
    eMappers_MAPPER_BIGROCK1,
    eMappers_MAPPER_BIGROCK2,
    eMappers_MAPPER_BIGROCK3,
    eMappers_MAPPER_BIGROCK4,
    eMappers_MAPPER_BIGROCK5,
    eMappers_MAPPER_MANGONEL,
    eMappers_MAPPER_BALLISTA,
    eMappers_MAPPER_UNUSED_34,
    eMappers_MAPPER_UNUSED_35,
    eMappers_MAPPER_UNUSED_36,
    eMappers_MAPPER_UNUSED_37,
    eMappers_MAPPER_UNUSED_38,
    eMappers_MAPPER_UNUSED_39,
    eMappers_MAPPER_UNUSED_40,
    eMappers_MAPPER_UNUSED_41,
    eMappers_MAPPER_DEER,
    eMappers_MAPPER_LION,
    eMappers_MAPPER_RABBIT,
    eMappers_MAPPER_BEAR,
    eMappers_MAPPER_CROW,
    eMappers_MAPPER_SEAGULL,
    eMappers_MAPPER_GOAT,
    eMappers_MAPPER_HYENA,
    eMappers_MAPPER_CONDOR,
    eMappers_MAPPER_CROCODILE,
    eMappers_MAPPER_MAP_SIZE,
    eMappers_MAPPER_SUB_MODE_HEIGHT,
    eMappers_MAPPER_SUB_MODE_TYPE,
    eMappers_MAPPER_SUB_MODE_OBJ = 234,
    eMappers_MAPPER_SUB_MODE_ANIMAL,
    eMappers_MAPPER_SUB_MODE_WATER,
    eMappers_MAPPER_SUB_MODE_FEATURE,
    eMappers_MAPPER_ESTUARY,
    eMappers_MAPPER_SUB_MODE_FEATURE_MP,
    eMappers_MAPPER_REPORT1,
    eMappers_MAPPER_REPORT2,
    eMappers_MAPPER_REPORT3,
    eMappers_MAPPER_REPORT4,
    eMappers_MAPPER_REPORT5,
    eMappers_MAPPER_REPORT6,
    eMappers_MAPPER_REPORT7,
    eMappers_MAPPER_REPORT8,
    eMappers_MAPPER_MP_KEEP1 = 240,
    eMappers_MAPPER_MP_KEEP2,
    eMappers_MAPPER_MP_KEEP3,
    eMappers_MAPPER_MP_KEEP4,
    eMappers_MAPPER_MP_KEEP5,
    eMappers_MAPPER_MP_KEEP6,
    eMappers_MAPPER_MP_KEEP7,
    eMappers_MAPPER_MP_KEEP8,
    eMappers_MAPPER_POND5 = 265,
    eMappers_MAPPER_POND6,
    eMappers_MAPPER_POND7,
    eMappers_MAPPER_POND8,
    eMappers_MAPPER_UNUSED_56,
    eMappers_MAPPER_PEOPLE_ARCHERS,
    eMappers_MAPPER_PEOPLE_SPEARMEN,
    eMappers_MAPPER_PEOPLE_PIKEMEN,
    eMappers_MAPPER_PEOPLE_MACEMEN,
    eMappers_MAPPER_PEOPLE_XBOWMEN,
    eMappers_MAPPER_PEOPLE_SWORDSMEN,
    eMappers_MAPPER_PEOPLE_KNIGHTS,
    eMappers_MAPPER_PEOPLE_LADDERMEN,
    eMappers_MAPPER_PEOPLE_ENGINEERS,
    eMappers_MAPPER_PEOPLE_ENGINEERS_POTS,
    eMappers_MAPPER_PEOPLE_MONKS,
    eMappers_MAPPER_PEOPLE_CATAPULTS,
    eMappers_MAPPER_PEOPLE_TREBUCHETS,
    eMappers_MAPPER_PEOPLE_BATTERING_RAMS,
    eMappers_MAPPER_PEOPLE_SIEGE_TOWERS,
    eMappers_MAPPER_PEOPLE_PORTABLE_SHIELDS,
    eMappers_MAPPER_PEOPLE_TUNNELERS,
    eMappers_MAPPER_STANCE_STAND,
    eMappers_MAPPER_STANCE_DEFENSIVE,
    eMappers_MAPPER_STANCE_AGGRESSIVE,
    eMappers_MAPPER_TROOP_STOP,
    eMappers_MAPPER_ENGINEER_BUILD,
    eMappers_MAPPER_BUILD_BACK,
    eMappers_MAPPER_BUY_AMMO,
    eMappers_MAPPER_UNUSED_57,
    eMappers_MAPPER_UNUSED_58,
    eMappers_MAPPER_UNUSED_59,
    eMappers_MAPPER_UNUSED_60,
    eMappers_MAPPER_UNUSED_61,
    eMappers_MAPPER_UNUSED_62,
    eMappers_MAPPER_UNUSED_63,
    eMappers_MAPPER_CESS_PIT1,
    eMappers_MAPPER_CESS_PIT2,
    eMappers_MAPPER_CESS_PIT3,
    eMappers_MAPPER_CESS_PIT4,
    eMappers_MAPPER_BURNING_STAKE,
    eMappers_MAPPER_GIBBET,
    eMappers_MAPPER_DUNGEON,
    eMappers_MAPPER_RACK_STRETCHING,
    eMappers_MAPPER_RACK_FLOGGING,
    eMappers_MAPPER_CHOPPING_BLOCK,
    eMappers_MAPPER_DUNKING_STOOL,
    eMappers_MAPPER_DOG_CAGE,
    eMappers_MAPPER_STATUE1,
    eMappers_MAPPER_STATUE2,
    eMappers_MAPPER_STATUE3,
    eMappers_MAPPER_STATUE4,
    eMappers_MAPPER_STATUE5,
    eMappers_MAPPER_SHRINE1,
    eMappers_MAPPER_SHRINE2,
    eMappers_MAPPER_SHRINE3,
    eMappers_MAPPER_SHRINE4,
    eMappers_MAPPER_SHRINE5,
    eMappers_MAPPER_BEE_HIVE,
    eMappers_MAPPER_DANCING_BEAR,
    eMappers_MAPPER_POND1,
    eMappers_MAPPER_POND2,
    eMappers_MAPPER_POND3,
    eMappers_MAPPER_POND4,
    eMappers_MAPPER_BEAR_CAVE,
    eMappers_MAPPER_WELL,
    eMappers_MAPPER_AREA_BACK,
    eMappers_MAPPER_PLACE_ASSEMBLY_POINT1,
    eMappers_MAPPER_PLACE_ASSEMBLY_POINT2,
    eMappers_MAPPER_PLACE_ASSEMBLY_POINT3,
    eMappers_MAPPER_PLACE_ASSEMBLY_POINT4,
    eMappers_MAPPER_PLACE_ASSEMBLY_POINT5,
    eMappers_MAPPER_PLACE_ASSEMBLY_POINT6,
    eMappers_MAPPER_PLACE_ASSEMBLY_POINT7,
    eMappers_MAPPER_SUB_MENU_TOWERS = 377,
    eMappers_MAPPER_SUB_MENU_MILITARY,
    eMappers_MAPPER_SUB_MENU_GATEHOUSES,
    eMappers_MAPPER_SUB_MENU_KEEPS = 343,
    eMappers_MAPPER_SUB_MENU_GATEHOUSES_WOOD,
    eMappers_MAPPER_SUB_MENU_GATEHOUSES_STONESMALL,
    eMappers_MAPPER_SUB_MENU_GATEHOUSES_STONELARGE,
    eMappers_MAPPER_SUB_MENU_GOOD,
    eMappers_MAPPER_SUB_MENU_BAD,
    eMappers_MAPPER_DELETE_EDITOR,
    eMappers_MAPPER_DUNES = 340,
    eMappers_MAPPER_SCRUBGRASS,
    eMappers_MAPPER_WATERPOT,
    eMappers_MAPPER_PEOPLE_ARAB_BOW = 350,
    eMappers_MAPPER_PEOPLE_ARAB_SLAVE,
    eMappers_MAPPER_PEOPLE_ARAB_SLINGER,
    eMappers_MAPPER_PEOPLE_ARAB_ASSASIN,
    eMappers_MAPPER_PEOPLE_ARAB_HORSEMAN,
    eMappers_MAPPER_PEOPLE_ARAB_SWORDSMAN,
    eMappers_MAPPER_PEOPLE_ARAB_GRENADIER,
    eMappers_MAPPER_PEOPLE_ARAB_BALLISTA,
    eMappers_MAPPER_ARAB_BALLISTA,
    eMappers_MAPPER_PLACE_ASSEMBLY_POINTM1 = 360,
    eMappers_MAPPER_PLACE_ASSEMBLY_POINTM2,
    eMappers_MAPPER_PLACE_ASSEMBLY_POINTM3,
    eMappers_MAPPER_PLACE_ASSEMBLY_POINTM4,
    eMappers_MAPPER_PLACE_ASSEMBLY_POINTM5,
    eMappers_MAPPER_PLACE_ASSEMBLY_POINTM6,
    eMappers_MAPPER_PLACE_ASSEMBLY_POINTM7,
    eMappers_MAPPER_PLACE_ASSEMBLY_POINTE1,
    eMappers_MAPPER_PLACE_ASSEMBLY_POINTE2,
    eMappers_MAPPER_PLACE_ASSEMBLY_POINTT1,
    eMappers_MAPPER_PLACE_ASSEMBLY_POINTK1,
    eMappers_MAPPER_MARKER_POINT1 = 380,
    eMappers_MAPPER_MARKER_POINT2,
    eMappers_MAPPER_MARKER_POINT3,
    eMappers_MAPPER_MARKER_POINT4,
    eMappers_MAPPER_MARKER_POINT5,
    eMappers_MAPPER_MARKER_POINT6,
    eMappers_MAPPER_MARKER_POINT7,
    eMappers_MAPPER_MARKER_POINT8,
    eMappers_MAPPER_MARKER_POINT9,
    eMappers_MAPPER_MARKER_POINT10,
    eMappers_MAPPER_MENU_RETURN_TOWERS = 371,
    eMappers_MAPPER_MENU_RETURN_GATEHOUSES,
    eMappers_MAPPER_MENU_RETURN_MILITARY,
    eMappers_MAPPER_MENU_RETURN_KEEPS,
    eMappers_MAPPER_MENU_RETURN_GOOD,
    eMappers_MAPPER_MENU_RETURN_BAD,
    eMappers_MAPPER_PLACE_ASSEMBLY_POINTBS1 = 391,
    eMappers_MAPPER_PLACE_ASSEMBLY_POINTBS2,
    eMappers_MAPPER_PLACE_ASSEMBLY_POINTBS3,
    eMappers_MAPPER_PLACE_ASSEMBLY_POINTBS4,
    eMappers_MAPPER_PLACE_ASSEMBLY_POINTBS5,
    eMappers_MAPPER_PLACE_ASSEMBLY_POINTBS6,
    eMappers_MAPPER_PLACE_ASSEMBLY_POINTBS7,
    eMappers_MAPPER_PLACE_ASSEMBLY_POINTBS8,
    eMappers_MAPPER_PEOPLE_BEDOUIN_CAMEL_LANCER = 400,
    eMappers_MAPPER_PEOPLE_BEDOUIN_HEALER,
    eMappers_MAPPER_PEOPLE_BEDOUIN_EUNUCH,
    eMappers_MAPPER_PEOPLE_BEDOUIN_AMBUSHER,
    eMappers_MAPPER_PEOPLE_BEDOUIN_SKIRMISHER,
    eMappers_MAPPER_PEOPLE_BEDOUIN_HEAVY_CAMEL,
    eMappers_MAPPER_PEOPLE_BEDOUIN_SAPPER,
    eMappers_MAPPER_PEOPLE_BEDOUIN_DEMOLISHER,
    eMappers_MAPPER_RUINS1 = 410,
    eMappers_MAPPER_RUINS2,
    eMappers_MAPPER_RUINS3,
    eMappers_MAPPER_RUINS4,
    eMappers_MAPPER_RUINS5,
    eMappers_MAPPER_RUINS6,
    eMappers_MAPPER_RUINS7,
    eMappers_MAPPER_RUINS8,
    eMappers_MAPPER_RUINS9,
    eMappers_MAPPER_RUINS10,
    eMappers_MAPPER_RUINS11,
    eMappers_MAPPER_RUINS12,
    eMappers_MAPPER_RUINS13,
    eMappers_MAPPER_RUINS14,
    eMappers_MAPPER_RUINS15,
    eMappers_MAPPER_RUINS16,
    eMappers_MAPPER_RUINS17,
    eMappers_MAPPER_RUINS18,
    eMappers_MAPPER_RUINS19,
    eMappers_MAPPER_RUINS20,
    eMappers_MAPPER_RUINS21,
    eMappers_MAPPER_RUINS22,
    eMappers_MAPPER_RUINS23,
    eMappers_MAPPER_RUINS24,
    eMappers_MAPPER_RUINS25,
    eMappers_MAPPER_RUINS26,
    eMappers_MAPPER_RUINS27,
    eMappers_MAPPER_RUINS28,
    eMappers_MAPPER_RUINS29,
    eMappers_MAPPER_RUINS30,
    eMappers_MAPPER_RUINS31,
    eMappers_MAPPER_RUINS32,
    eMappers_MAPPER_RUINS33,
    eMappers_MAPPER_RUINS34,
    eMappers_MAPPER_POND9_RAVINE1A,
    eMappers_MAPPER_POND10_RAVINE1B,
    eMappers_MAPPER_POND11_RAVINE1C,
    eMappers_MAPPER_POND12_RAVINE1AR,
    eMappers_MAPPER_POND13_RAVINE1BR,
    eMappers_MAPPER_POND14_RAVINE1CR,
    eMappers_MAPPER_POND15_RAVINE2A,
    eMappers_MAPPER_POND16_RAVINE2B,
    eMappers_MAPPER_POND17_RAVINE2C,
    eMappers_MAPPER_POND18_RAVINE2AR,
    eMappers_MAPPER_POND19_RAVINE2BR,
    eMappers_MAPPER_POND20_RAVINE2CR,
    eMappers_END_OF_MAPPERS = 460
} eMappers;


typedef enum eIcons
{
    eIcons_ICON_NULL,
    eIcons_ICON_BLD_HOUSE,
    eIcons_ICON_BLD_WOODCUTTER,
    eIcons_ICON_BLD_STOREHOUSE,
    eIcons_ICON_BLD_GRANARY,
    eIcons_ICON_BLD_ARMOURY,
    eIcons_ICON_BLD_BARRACKS,
    eIcons_ICON_BLD_BARRACKS_WOOD,
    eIcons_ICON_BLD_BARRACKS_STONE,
    eIcons_ICON_BLD_WORKSHOP,
    eIcons_ICON_BLD_FLETCHER,
    eIcons_ICON_BLD_POLETURNER,
    eIcons_ICON_BLD_BLACKSMITH,
    eIcons_ICON_BLD_TANNER,
    eIcons_ICON_BLD_ARMOURER,
    eIcons_ICON_BLD_BAKER,
    eIcons_ICON_BLD_BREWER,
    eIcons_ICON_BLD_FARM,
    eIcons_ICON_BLD_FARM_WHEAT,
    eIcons_ICON_BLD_FARM_APPLES,
    eIcons_ICON_BLD_FARM_HOPS,
    eIcons_ICON_BLD_FARM_COWS,
    eIcons_ICON_BLD_FARM_HUNTER,
    eIcons_ICON_BLD_MILL,
    eIcons_ICON_BLD_QUARRY,
    eIcons_ICON_BLD_OX_TETHER,
    eIcons_ICON_BLD_IRON_MINE,
    eIcons_ICON_BLD_HOVEL,
    eIcons_ICON_BLD_PITCH_DUGOUT,
    eIcons_ICON_BLD_WOOD_GATEHOUSE_WEST,
    eIcons_ICON_BLD_TRADEPOST,
    eIcons_ICON_BLD_STABLES,
    eIcons_ICON_BLD_CHURCH,
    eIcons_ICON_BLD_INN,
    eIcons_ICON_BLD_HEALER,
    eIcons_ICON_BLD_ENGINEERS,
    eIcons_ICON_BLD_TUNNELER,
    eIcons_ICON_BLD_WOOD_GATEHOUSE_SOUTH,
    eIcons_ICON_BLD_WOOD_GATEHOUSE_EAST,
    eIcons_ICON_BLD_WOOD_GATEHOUSE_NORTH,
    eIcons_ICON_BLD_GALLOWS,
    eIcons_ICON_BLD_MAYPOLE,
    eIcons_ICON_BLD_FAIR,
    eIcons_ICON_BLD_JOUSTING,
    eIcons_ICON_BLD_STOCKS,
    eIcons_ICON_BLD_DWELLING,
    eIcons_ICON_BLD_SMELTER,
    eIcons_ICON_BLD_MANGONEL,
    eIcons_ICON_BLD_BALLISTA,
    eIcons_ICON_REPORTS,
    eIcons_ICON_BLD_WALL_SINGLE,
    eIcons_ICON_BLD_WALL_STAIRS,
    eIcons_ICON_BLD_WALL_CRENAL,
    eIcons_ICON_BLD_WALL_WOODEN,
    eIcons_ICON_BLD_PITCH_DITCH,
    eIcons_ICON_BLD_BRAZIER,
    eIcons_ICON_BLD_KILLING_PITS,
    eIcons_ICON_BLD_SIEGE_TENT_1,
    eIcons_ICON_BLD_SIEGE_TENT_2,
    eIcons_ICON_BLD_SIEGE_TENT_3,
    eIcons_ICON_TOWERS,
    eIcons_ICON_BLD_TOWER_A,
    eIcons_ICON_BLD_TOWER_B,
    eIcons_ICON_BLD_TOWER_C,
    eIcons_ICON_BLD_TOWER_D,
    eIcons_ICON_BLD_TOWER_E,
    eIcons_ICON_MOATS,
    eIcons_ICON_DECORATIONS,
    eIcons_ICON_MILITARY_BUILDINGS,
    eIcons_ICON_GARDENS,
    eIcons_ICON_GATES,
    eIcons_ICON_BLD_GATE_SMALL_WOODEN,
    eIcons_ICON_BLD_GATE_LARGE_WOODEN,
    eIcons_ICON_BLD_GATE_SMALL_STONE,
    eIcons_ICON_BLD_DRAWBRIDGE,
    eIcons_ICON_BLD_MOAT,
    eIcons_ICON_BLD_GATE_LARGE_STONE,
    eIcons_ICON_BLD_ANTIMOAT,
    eIcons_ICON_PUNISHMENTS,
    eIcons_ICON_KEEPS = 80,
    eIcons_ICON_BLD_KEEP_A,
    eIcons_ICON_BLD_KEEP_B,
    eIcons_ICON_BLD_KEEP_C,
    eIcons_ICON_BLD_OUTPOST_ARAB,
    eIcons_ICON_BLD_OUTPOST,
    eIcons_ICON_BLD_HEADSONSPIKES,
    eIcons_ICON_BLD_CHURCH_1,
    eIcons_ICON_BLD_CHURCH_2,
    eIcons_ICON_BLD_CHURCH_3,
    eIcons_ICON_TROOPS,
    eIcons_ICON_TROOP_SPEAR,
    eIcons_ICON_TROOP_PIKE,
    eIcons_ICON_TROOP_BOW,
    eIcons_ICON_TROOP_XBOW,
    eIcons_ICON_TROOP_MACE,
    eIcons_ICON_TROOP_SWORD,
    eIcons_ICON_TROOP_KNIGHT,
    eIcons_ICON_WEAPONS = 100,
    eIcons_ICON_WEAPON_SPEAR,
    eIcons_ICON_WEAPON_PIKE,
    eIcons_ICON_WEAPON_BOW,
    eIcons_ICON_WEAPON_XBOW,
    eIcons_ICON_WEAPON_MACE,
    eIcons_ICON_WEAPON_SWORD,
    eIcons_ICON_WEAPON_L_ARMOUR,
    eIcons_ICON_WEAPON_M_ARMOUR,
    eIcons_ICON_WEAPON_HORSE,
    eIcons_ICON_BACK,
    eIcons_ICON_TICK,
    eIcons_ICON_CROSS,
    eIcons_ICON_CHECKBOX,
    eIcons_ICON_ARMY,
    eIcons_ICON_ARMY2,
    eIcons_ICON_BRIEFING_TUTOR_BACK,
    eIcons_ICON_TUNGUILD_TUNNELER,
    eIcons_ICON_ENGGUILD_ENGINEER,
    eIcons_ICON_ENGGUILD_LADDERMAN,
    eIcons_ICON_PRODUCING_SWORD,
    eIcons_ICON_PRODUCING_MACE,
    eIcons_ICON_PRODUCING_BOW,
    eIcons_ICON_PRODUCING_CROSSBOW,
    eIcons_ICON_PRODUCING_SPEAR,
    eIcons_ICON_PRODUCING_PIKE,
    eIcons_ICON_DRAWBRIDGE_UP,
    eIcons_ICON_DRAWBRIDGE_DOWN,
    eIcons_ICON_GATE_CLOSE,
    eIcons_ICON_GATE_OPEN,
    eIcons_ICON_TRADEPOST_PRICES,
    eIcons_ICON_TRADEPOST_FOOD,
    eIcons_ICON_TRADEPOST_BULK,
    eIcons_ICON_TRADEPOST_ARMS,
    eIcons_ICON_TRADE_WOOD_PLANKS,
    eIcons_ICON_TRADE_RAW_HOPS,
    eIcons_ICON_TRADE_STONE_BLOCKS,
    eIcons_ICON_TRADE_IRON_INGOTS,
    eIcons_ICON_TRADE_PITCH_REFINED,
    eIcons_ICON_TRADE_RAW_WHEAT,
    eIcons_ICON_TRADE_FOOD_BREAD,
    eIcons_ICON_TRADE_FOOD_CHEESE,
    eIcons_ICON_TRADE_FOOD_MEAT,
    eIcons_ICON_TRADE_FOOD_FRUIT,
    eIcons_ICON_TRADE_FOOD_ALE,
    eIcons_ICON_TRADE_BOWS,
    eIcons_ICON_TRADE_CROSSBOWS,
    eIcons_ICON_TRADE_SPEARS,
    eIcons_ICON_TRADE_PIKES,
    eIcons_ICON_TRADE_MACES,
    eIcons_ICON_TRADE_SWORDS,
    eIcons_ICON_TRADE_LEATHER_ARMOUR,
    eIcons_ICON_TRADE_METAL_ARMOUR,
    eIcons_ICON_TRADE_FLOUR,
    eIcons_ICON_SUB_PEOPLE = 158,
    eIcons_ICON_SUB_RUINS,
    eIcons_ICON_SUB_INDUSTRY,
    eIcons_ICON_SUB_CASTLE,
    eIcons_ICON_SUB_FARMS,
    eIcons_ICON_SUB_TOWN,
    eIcons_ICON_OPTIONS,
    eIcons_ICON_SUB_WEAPONS,
    eIcons_ICON_UNDO,
    eIcons_ICON_DELETE,
    eIcons_ICON_HELP,
    eIcons_ICON_SUB_FOODPROCESS,
    eIcons_ICON_BLD_FLAG_1,
    eIcons_ICON_BLD_FLAG_2,
    eIcons_ICON_BLD_FLAG_3,
    eIcons_ICON_BLD_CREST,
    eIcons_ICON_BLD_CREST_2,
    eIcons_ICON_BLD_BANNER,
    eIcons_ICON_BLD_GARDEN_1,
    eIcons_ICON_BLD_GARDEN_2,
    eIcons_ICON_BLD_GARDEN_3,
    eIcons_ICON_BLD_GARDEN_4,
    eIcons_ICON_BLD_GARDEN_5,
    eIcons_ICON_BLD_FINGERPRESS,
    eIcons_ICON_BLD_THUMBSCREW,
    eIcons_ICON_BLD_DUNKINGSTOOL,
    eIcons_ICON_BLD_STAKE,
    eIcons_ICON_BLD_FLOGGINGHORSE,
    eIcons_ICON_BLD_GARDEN_6,
    eIcons_ICON_BLD_GARDEN_7,
    eIcons_ICON_BLD_GARDEN_8,
    eIcons_ICON_BLD_GARDEN_9,
    eIcons_ICON_BLD_GARDEN_10,
    eIcons_ICON_BLD_GARDEN_11,
    eIcons_ICON_BLD_GARDEN_12,
    eIcons_ICON_HELP_BARRACKS = 196,
    eIcons_ICON_BRIEFING,
    eIcons_ICON_RATIONS_EXTRA,
    eIcons_ICON_BLD_FLAG_4,
    eIcons_ICON_RATIONS_NONE,
    eIcons_ICON_RATIONS_HALF,
    eIcons_ICON_RATIONS_FULL,
    eIcons_ICON_RATIONS_DOUBLE,
    eIcons_ICON_SUB_REPORT,
    eIcons_ICON_SLEEP,
    eIcons_ICON_VSMALL_CHECK_ON,
    eIcons_ICON_VSMALL_CHECK_OFF,
    eIcons_ICON_SMALL_CHECK_ON,
    eIcons_ICON_SMALL_CHECK_OFF,
    eIcons_ICON_POUR_OIL,
    eIcons_ICON_CATAPULT,
    eIcons_ICON_TREBUCHET,
    eIcons_ICON_SIEGE_TOWER,
    eIcons_ICON_BATTERING_RAM,
    eIcons_ICON_PORTABLE_SHIELD,
    eIcons_ICON_PATROL,
    eIcons_ICON_DISBAND,
    eIcons_ICON_TUNNELHERE,
    eIcons_ICON_ATTACKHERE,
    eIcons_ICON_LAUNCH_COW,
    eIcons_ICON_AM_HEIGHT = 240,
    eIcons_ICON_AM_LANDTYPE,
    eIcons_ICON_AM_OBJ,
    eIcons_ICON_AM_ANIMAL,
    eIcons_ICON_AM_WATER,
    eIcons_ICON_AM_FEATURE,
    eIcons_ICON_AM_GAME,
    eIcons_ICON_AM_BRUSH,
    eIcons_ICON_AM_SNAP,
    eIcons_ICON_AM_DELETE,
    eIcons_ICON_AM_RAISE,
    eIcons_ICON_AM_LOWER,
    eIcons_ICON_AM_MIN,
    eIcons_ICON_AM_MAX,
    eIcons_ICON_AM_EQUALIZE,
    eIcons_ICON_AM_MOUNTAIN,
    eIcons_ICON_AM_HILL,
    eIcons_ICON_AM_MID_PLAIN,
    eIcons_ICON_AM_HI_PLAIN,
    eIcons_ICON_AM_LAND,
    eIcons_ICON_AM_GRASS,
    eIcons_ICON_AM_ROCKS,
    eIcons_ICON_AM_PEBBLES,
    eIcons_ICON_AM_BOULDERS,
    eIcons_ICON_AM_IRON,
    eIcons_ICON_AM_DIRT,
    eIcons_ICON_AM_STONES,
    eIcons_ICON_AM_CHESTNUT,
    eIcons_ICON_AM_OAK,
    eIcons_ICON_AM_PINE,
    eIcons_ICON_AM_BIRCH,
    eIcons_ICON_AM_SHRUB1,
    eIcons_ICON_AM_SHRUB2,
    eIcons_ICON_AM_DEER,
    eIcons_ICON_AM_WOLF,
    eIcons_ICON_AM_RABBIT,
    eIcons_ICON_AM_BEAR,
    eIcons_ICON_AM_SEAGULL,
    eIcons_ICON_AM_CROW,
    eIcons_ICON_AM_SEA,
    eIcons_ICON_AM_SHALLOW,
    eIcons_ICON_AM_BEACH,
    eIcons_ICON_AM_MARSH,
    eIcons_ICON_AM_OIL,
    eIcons_ICON_AM_RIVER,
    eIcons_ICON_AM_FORD,
    eIcons_ICON_AM_FOAM,
    eIcons_ICON_AM_RIPPLE,
    eIcons_ICON_AM_BIGROCK1,
    eIcons_ICON_AM_BIGROCK2,
    eIcons_ICON_AM_BIGROCK3,
    eIcons_ICON_AM_BIGROCK4,
    eIcons_ICON_AM_BIGROCK5,
    eIcons_ICON_AM_SIGNPOST,
    eIcons_ICON_AM_ESTUARY,
    eIcons_ICON_AM_SHRUB1A,
    eIcons_ICON_AM_SHRUB1B,
    eIcons_ICON_AM_SHRUB1C,
    eIcons_ICON_AM_SHRUB1D,
    eIcons_ICON_AM_SHRUB1E,
    eIcons_ICON_SMALL_ARCHERS,
    eIcons_ICON_SMALL_XBOWMEN,
    eIcons_ICON_SMALL_SPEARMEN,
    eIcons_ICON_SMALL_PIKEMEN,
    eIcons_ICON_SMALL_MACEMEN,
    eIcons_ICON_SMALL_SWORDSMEN,
    eIcons_ICON_SMALL_KNIGHTS,
    eIcons_ICON_SMALL_LADDERMEN,
    eIcons_ICON_SMALL_ENGINEERS,
    eIcons_ICON_SMALL_MONKS,
    eIcons_ICON_SMALL_CATAPULT,
    eIcons_ICON_SMALL_TREBUCHET,
    eIcons_ICON_SMALL_SIEGE_TOWER,
    eIcons_ICON_SMALL_BATTERING_RAM,
    eIcons_ICON_SMALL_PORTABLE_SHIELD,
    eIcons_ICON_SMALL_TUNNELERS,
    eIcons_ICON_TRADER_RESOURCES = 317,
    eIcons_ICON_TRADER_FOOD,
    eIcons_ICON_TRADER_WEAPONS,
    eIcons_ICON_AM_KEEP1,
    eIcons_ICON_AM_KEEP2,
    eIcons_ICON_AM_KEEP3,
    eIcons_ICON_AM_KEEP4,
    eIcons_ICON_AM_KEEP5,
    eIcons_ICON_AM_KEEP6,
    eIcons_ICON_AM_KEEP7,
    eIcons_ICON_AM_KEEP8,
    eIcons_ICON_STORY_NEXT = 330,
    eIcons_ICON_STORY_BUTTON,
    eIcons_ICON_REPORT,
    eIcons_ICON_BUYSELL_BUTTON,
    eIcons_ICON_STORY_PREV,
    eIcons_ICON_STORY_BRIEF,
    eIcons_ICON_STORY_HINTS,
    eIcons_ICON_STORY_TUTORIAL,
    eIcons_ICON_KEEPS_ARROWS_LEFT = 340,
    eIcons_ICON_KEEPS_ARROWS_RIGHT,
    eIcons_ICON_BUILDER_BACK,
    eIcons_ICON_BUILDER_SECTION_CAS_SEL = 345,
    eIcons_ICON_BUILDER_SECTION_LAN_SEL,
    eIcons_ICON_BUILDER_SECTION_CAS_NORM,
    eIcons_ICON_BUILDER_SECTION_LAN_NORM,
    eIcons_ICON_FRONTEND_BUILDER_BACK,
    eIcons_ICON_FRONTEND_SHIELD1,
    eIcons_ICON_FRONTEND_SHIELD2,
    eIcons_ICON_FRONTEND_SHIELD3,
    eIcons_ICON_FRONTEND_SHIELD4,
    eIcons_ICON_FRONTEND_BACK,
    eIcons_ICON_FRONTEND_COMBAT_SHIELD1,
    eIcons_ICON_FRONTEND_COMBAT_SHIELD2,
    eIcons_ICON_FRONTEND_COMBAT_SHIELD3,
    eIcons_ICON_FRONTEND_COMBAT_SHIELD4,
    eIcons_ICON_FRONTEND_SHIELD5,
    eIcons_ICON_FRONTEND_ECONOMICS_SHIELD1,
    eIcons_ICON_FRONTEND_ECONOMICS_SHIELD2,
    eIcons_ICON_FRONTEND_ECONOMICS_SHIELD3,
    eIcons_ICON_FRONTEND_ECONOMICS_SHIELD4,
    eIcons_ICON_FRONTEND_BUILDER_SHIELD1,
    eIcons_ICON_FRONTEND_BUILDER_SHIELD2,
    eIcons_ICON_FRONTEND_BUILDER_SHIELD3,
    eIcons_ICON_FRONTEND_BUILDER_SHIELD4,
    eIcons_ICON_FRONTEND_COMBAT_BACK,
    eIcons_ICON_FRONTEND_ECONOMICS_BACK,
    eIcons_ICON_STANCE_STAND,
    eIcons_ICON_STANCE_DEFENSIVE,
    eIcons_ICON_STANCE_AGGRESSIVE,
    eIcons_ICON_TROOP_STOP,
    eIcons_ICON_TROOP_BUILD,
    eIcons_ICON_TROOP_FIRE_HERE,
    eIcons_ICON_TROOP_BACK,
    eIcons_ICON_TROOP_AMMO,
    eIcons_ICON_FRONTEND_COMBAT_FORWARD,
    eIcons_ICON_FRONTEND_ECONOMICS_FORWARD,
    eIcons_ICON_SUB_KEEPS_RTN,
    eIcons_ICON_SUB_TOWERS_RTN,
    eIcons_ICON_SUB_GATES_RTN,
    eIcons_ICON_SUB_MILITARY_BUILDINGS_RTN,
    eIcons_ICON_SUB_BADSTUFF_RTN,
    eIcons_ICON_SUB_GOODSTUFF_RTN,
    eIcons_ICON_SUB_SUB_WOODENGATES_RTN,
    eIcons_ICON_SUB_SUB_SMALLGATES_RTN,
    eIcons_ICON_SUB_SUB_LARGEGATES_RTN,
    eIcons_ICON_BLD_SMALL_GATEHOUSE_NS,
    eIcons_ICON_BLD_SMALL_GATEHOUSE_EW,
    eIcons_ICON_BLD_LARGE_GATEHOUSE_NS,
    eIcons_ICON_BLD_LARGE_GATEHOUSE_EW,
    eIcons_ICON_BLDMODE_TERRAIN,
    eIcons_ICON_BLDMODE_BUILDINGS,
    eIcons_ICON_BLD_CESS_PIT = 400,
    eIcons_ICON_BLD_BURNING_STAKE,
    eIcons_ICON_BLD_GIBBET,
    eIcons_ICON_BLD_DUNGEON,
    eIcons_ICON_BLD_RACK_STRETCHING,
    eIcons_ICON_BLD_RACK_FLOGGING,
    eIcons_ICON_BLD_CHOPPING_BLOCK,
    eIcons_ICON_BLD_DUNKING_STOOL,
    eIcons_ICON_BLD_DOG_CAGE,
    eIcons_ICON_BLD_STATUE,
    eIcons_ICON_BLD_SHRINE,
    eIcons_ICON_BLD_BEE_HIVE,
    eIcons_ICON_BLD_DANCING_BEAR,
    eIcons_ICON_BLD_POND,
    eIcons_ICON_BEAR_CAVE,
    eIcons_ICON_BLD_WELL,
    eIcons_ICON_BLD_POND_LARGE,
    eIcons_ICON_BLD_CROSS,
    eIcons_ICON_CREDITS = 420,
    eIcons_ICON_TRADE_BULK_OFF,
    eIcons_ICON_TRADE_BULK_ON,
    eIcons_ICON_TRADE_FOOD_OFF,
    eIcons_ICON_TRADE_FOOD_ON,
    eIcons_ICON_TRADE_WEAP_OFF,
    eIcons_ICON_TRADE_WEAP_ON,
    eIcons_ICON_MP_LOAD,
    eIcons_ICON_MP_READY,
    eIcons_ICON_MP_UNREADY,
    eIcons_ICON_GAMESPY,
    eIcons_ICON_CROWN,
    eIcons_ICON_MP_ENEMY,
    eIcons_ICON_MP_YOUR,
    eIcons_ICON_MP_GOLD,
    eIcons_ICON_MP_POP,
    eIcons_ICON_MP_FEAR,
    eIcons_ICON_MP_BUILDING_DESTROYED,
    eIcons_ICON_MP_FOOD,
    eIcons_ICON_MP_WOOD,
    eIcons_ICON_EDIT_SHIELDS_1,
    eIcons_ICON_EDIT_SHIELDS_2,
    eIcons_ICON_EDIT_SHIELDS_3,
    eIcons_ICON_EDIT_SHIELDS_4,
    eIcons_ICON_EDIT_SHIELDS_5,
    eIcons_ICON_EDIT_SHIELDS_6,
    eIcons_ICON_EDIT_SHIELDS_7,
    eIcons_ICON_EDIT_SHIELDS_8,
    eIcons_ICON_MP_STONE = 450,
    eIcons_ICON_MP_IRON,
    eIcons_ICON_MP_PITCH,
    eIcons_ICON_MP_STAR,
    eIcons_ICON_MP_CROWN,
    eIcons_ICON_MP_FEARPIE,
    eIcons_ICON_WP_XBOW = 457,
    eIcons_ICON_WP_PIKE,
    eIcons_ICON_WP_SWORD,
    eIcons_ICON_ARMY_ARCHERS,
    eIcons_ICON_ARMY_XBOWMEN,
    eIcons_ICON_ARMY_SPEARMEN,
    eIcons_ICON_ARMY_PIKEMEN,
    eIcons_ICON_ARMY_MACEMEN,
    eIcons_ICON_ARMY_SWORDSMEN,
    eIcons_ICON_ARMY_KNIGHTS,
    eIcons_ICON_IF_ARCHER = 480,
    eIcons_ICON_IF_SPEARMAN,
    eIcons_ICON_IF_PIKEMAN,
    eIcons_ICON_IF_MACEMAN,
    eIcons_ICON_IF_CROSSBOWMAN,
    eIcons_ICON_IF_SWORDSMAN,
    eIcons_ICON_IF_KNIGHT,
    eIcons_ICON_IF_LADDERMAN,
    eIcons_ICON_IF_ENGINEER,
    eIcons_ICON_IF_MONK,
    eIcons_ICON_IF_CATAPULT,
    eIcons_ICON_IF_TREBUCHET,
    eIcons_ICON_IF_BATTERINGRAM,
    eIcons_ICON_IF_SIEGETOWER,
    eIcons_ICON_IF_PORTABLESHIELD,
    eIcons_ICON_IF_TUNNELER,
    eIcons_ICON_IF_ENGINEER_POT,
    eIcons_ICON_IF_RUINS1 = 500,
    eIcons_ICON_IF_RUINS2,
    eIcons_ICON_IF_RUINS3,
    eIcons_ICON_IF_RUINS4,
    eIcons_ICON_IF_RUINS5,
    eIcons_ICON_IF_RUINS6,
    eIcons_ICON_IF_RUINS7,
    eIcons_ICON_IF_RUINS8,
    eIcons_ICON_IF_RUINS9,
    eIcons_ICON_IF_RUINS10,
    eIcons_ICON_IF_RUINS11,
    eIcons_ICON_IF_RUINS12,
    eIcons_ICON_IF_RUINS13,
    eIcons_ICON_MINI_LEFT_HAND = 520,
    eIcons_ICON_MINI_RIGHT_HAND,
    eIcons_ICON_ACTION_POINT,
    eIcons_ICON_MOUSE_CURSOR1 = 530,
    eIcons_ICON_MOUSE_CURSOR2,
    eIcons_ICON_MOUSE_CURSOR3,
    eIcons_ICON_MOUSE_CURSOR4,
    eIcons_ICON_IF_ARAB_BOW,
    eIcons_ICON_IF_ARAB_SLAVE,
    eIcons_ICON_IF_ARAB_SLINGER,
    eIcons_ICON_IF_ARAB_ASSASSIN,
    eIcons_ICON_IF_ARAB_HORSEARCHER,
    eIcons_ICON_IF_ARAB_SWORDSMAN,
    eIcons_ICON_IF_ARAB_GRENDADIER,
    eIcons_ICON_IF_ARAB_BALLISTA,
    eIcons_ICON_BLD_WATERPOT,
    eIcons_ICON_BLD_BEDOUIN_STOCKADE,
    eIcons_ICON_IF_CAMEL_LANCER,
    eIcons_ICON_IF_HEALER,
    eIcons_ICON_IF_EUNUCH,
    eIcons_ICON_IF_AMBUSHER,
    eIcons_ICON_IF_SKIRMISHER,
    eIcons_ICON_IF_HEAVY_CAMEL,
    eIcons_ICON_IF_SAPPER,
    eIcons_ICON_IF_DEMOLISHER,
    eIcons_ICON_IF_RUINS14,
    eIcons_ICON_IF_RUINS15,
    eIcons_ICON_IF_RUINS16,
    eIcons_ICON_IF_RUINSToggle1,
    eIcons_ICON_IF_RUINSToggle2,
    eIcons_ICON_IF_RUINS17,
    eIcons_ICON_IF_DOCK,
    eIcons_ICON_IF_RUINS18,
    eIcons_ICON_IF_RUINS19,
    eIcons_ICON_IF_RUINS20,
    eIcons_ICON_IF_RUINS21,
    eIcons_ICON_IF_RUINS22,
    eIcons_ICON_IF_RUINS23,
    eIcons_ICON_IF_RUINS24,
    eIcons_ICON_IF_RUINS25,
    eIcons_ICON_IF_RUINS26,
    eIcons_ICON_IF_RUINS27,
    eIcons_ICON_IF_RUINS28,
    eIcons_ICON_IF_RUINSToggle3,
    eIcons_ICON_IF_RUINS29,
    eIcons_ICON_IF_RUINS30,
    eIcons_ICON_IF_RUINS31,
    eIcons_ICON_IF_RUINS32,
    eIcons_ICON_IF_RUINS33,
    eIcons_ICON_IF_RUINS34,
    eIcons_ICON_IF_RUINSToggle4,
    eIcons_ICON_IF_RUINSToggle1b,
    eIcons_ICON_IF_RUINSToggle2b,
    eIcons_ICON_IF_RUINSToggle3b,
    eIcons_ICON_IF_RUINSToggle4b,
    eIcons_ICON_BLD_OUTPOST_BEDOUIN,
    eIcons_ICON_BLD_CHURCH_1M,
    eIcons_ICON_BLD_CHURCH_2M,
    eIcons_ICON_BLD_CHURCH_3M,
    eIcons_ICON_BLD_STATUE_M,
    eIcons_ICON_BLD_FLAG_3A,
    eIcons_ICON_ARRAYSIZE
} eIcons;


typedef enum eImages
{
    eImages_IMAGE_FRONTEND_LOGO,
    eImages_IMAGE_FRONTEND_SH1LOGO,
    eImages_IMAGE_CREDITS1,
    eImages_IMAGE_CREDITS2,
    eImages_IMAGE_CREDITS3,
    eImages_IMAGE_CREDITS4,
    eImages_IMAGE_CREDITS5,
    eImages_IMAGE_CREDITS6,
    eImages_IMAGE_CREDITS7,
    eImages_IMAGE_CREDITS8,
    eImages_IMAGE_DEMOWISHLIST,
    eImages_IMAGE_DEMOSANDS,
    eImages_IMAGE_SKETCH_HOUSE,
    eImages_IMAGE_SKETCH_WOODCUTTERS_HUT,
    eImages_IMAGE_SKETCH_OXEN_BASE,
    eImages_IMAGE_SKETCH_IRON_MINE,
    eImages_IMAGE_SKETCH_PITCH_DIGGER,
    eImages_IMAGE_SKETCH_HUNTERS_HUT,
    eImages_IMAGE_SKETCH_FLETCHERS_WORKSHOP,
    eImages_IMAGE_SKETCH_BLACKSMITHS_WORKSHOP,
    eImages_IMAGE_SKETCH_POLETURNERS_WORKSHOP,
    eImages_IMAGE_SKETCH_ARMOURERS_WORKSHOP,
    eImages_IMAGE_SKETCH_TANNERS_WORKSHOP,
    eImages_IMAGE_SKETCH_BAKERS_WORKSHOP,
    eImages_IMAGE_SKETCH_BREWERS_WORKSHOP,
    eImages_IMAGE_SKETCH_QUARRY,
    eImages_IMAGE_SKETCH_INN,
    eImages_IMAGE_SKETCH_APOCATHERY,
    eImages_IMAGE_SKETCH_WELL,
    eImages_IMAGE_SKETCH_OIL_SMELTER,
    eImages_IMAGE_SKETCH_WHEATFARM,
    eImages_IMAGE_SKETCH_HOPSFARM,
    eImages_IMAGE_SKETCH_APPLEFARM,
    eImages_IMAGE_SKETCH_CATTLEFARM,
    eImages_IMAGE_SKETCH_MILL,
    eImages_IMAGE_SKETCH_STABLES,
    eImages_IMAGE_SKETCH_CHURCH1,
    eImages_IMAGE_SKETCH_KEEP_ONE,
    eImages_IMAGE_SKETCH_CAMPGROUND,
    eImages_IMAGE_SKETCH_TOWER,
    eImages_IMAGE_SKETCH_GALLOWS,
    eImages_IMAGE_SKETCH_STOCKS,
    eImages_IMAGE_SKETCH_MAYPOLE,
    eImages_IMAGE_SKETCH_GARDEN,
    eImages_IMAGE_SKETCH_KILLING_PIT,
    eImages_IMAGE_SKETCH_CESS_PIT,
    eImages_IMAGE_SKETCH_BURNING_STAKE,
    eImages_IMAGE_SKETCH_GIBBET,
    eImages_IMAGE_SKETCH_DUNGEON,
    eImages_IMAGE_SKETCH_RACK_STRETCHING,
    eImages_IMAGE_SKETCH_CHOPPING_BLOCK,
    eImages_IMAGE_SKETCH_DUNKING_STOOL,
    eImages_IMAGE_SKETCH_DOG_CAGE,
    eImages_IMAGE_SKETCH_STATUE,
    eImages_IMAGE_SKETCH_DANCING_BEAR,
    eImages_IMAGE_SKETCH_POND,
    eImages_IMAGE_SKETCH_ARMY,
    eImages_IMAGE_SKETCH_BAKER,
    eImages_IMAGE_SKETCH_BLACKSMITHX,
    eImages_IMAGE_SKETCH_CHICKEN,
    eImages_IMAGE_SKETCH_CHILD,
    eImages_IMAGE_SKETCH_CROSSBOWMAN,
    eImages_IMAGE_SKETCH_DRUNK,
    eImages_IMAGE_SKETCH_FARMER,
    eImages_IMAGE_SKETCH_FEARFACTOR,
    eImages_IMAGE_SKETCH_FIREWATCH,
    eImages_IMAGE_SKETCH_FOOD,
    eImages_IMAGE_SKETCH_GHOST,
    eImages_IMAGE_SKETCH_HEADS_ON_SPIKES,
    eImages_IMAGE_SKETCH_HEALER,
    eImages_IMAGE_SKETCH_HUNTER,
    eImages_IMAGE_SKETCH_INNKEEPER,
    eImages_IMAGE_SKETCH_IRON_MINER,
    eImages_IMAGE_SKETCH_JESTER,
    eImages_IMAGE_SKETCH_MOTHER,
    eImages_IMAGE_SKETCH_NULL,
    eImages_IMAGE_SKETCH_PITCHWORKER,
    eImages_IMAGE_SKETCH_POLETURNER,
    eImages_IMAGE_SKETCH_POPULARITY,
    eImages_IMAGE_SKETCH_POPULATION,
    eImages_IMAGE_SKETCH_PRIEST,
    eImages_IMAGE_SKETCH_RELIGION,
    eImages_IMAGE_SKETCH_SIEGE_ENGINEER,
    eImages_IMAGE_SKETCH_STOCKPILE,
    eImages_IMAGE_SKETCH_STONE_QUARRY,
    eImages_IMAGE_SKETCH_STONEMASON,
    eImages_IMAGE_SKETCH_TRADER,
    eImages_IMAGE_SKETCH_TUNNELOR,
    eImages_IMAGE_SKETCH_WEAPONS,
    eImages_IMAGE_SKETCH_WEDDING,
    eImages_IMAGE_SKETCH_LADY,
    eImages_IMAGE_SKETCH_BLACKSMITH,
    eImages_IMAGE_SKETCH_TANNER,
    eImages_IMAGE_SKETCH_WOODCUTTER,
    eImages_IMAGE_SKETCH_BREWER,
    eImages_IMAGE_SKETCH_FLETCHER,
    eImages_IMAGE_SKETCH_WATERPOT,
    eImages_IMAGE_SKETCH_TUNNELLERS_GUILD,
    eImages_IMAGE_SKETCH_MOSQUE,
    eImages_IMAGE_SKETCH_IMAM,
    eImages_IMAGE_SKETCH_ENGINEERS_GUILD,
    eImages_IMAGE_SKETCH_HUNTERS_DOG,
    eImages_IMAGE_SKETCH_TUNNEL,
    eImages_IMAGE_SKETCH_SIGNPOST,
    eImages_IMAGE_SKETCH_TENT,
    eImages_IMAGE_SKETCH_TRAVELLING_FAIR,
    eImages_IMAGE_SKETCH_JUGGLER,
    eImages_IMAGE_SKETCH_ARAB_STATUE,
    eImages_IMAGE_AD,
    eImages_IMAGE_LISTSIZE
} eImages;


typedef enum eUISprites
{
    eUISprites_SPRITE_GREEN_POP_HEAD,
    eUISprites_SPRITE_YELLOW_POP_HEAD,
    eUISprites_SPRITE_RED_POP_HEAD,
    eUISprites_SPRITE_GOODS_LARGE_WOOD,
    eUISprites_SPRITE_GOODS_LARGE_HOPS,
    eUISprites_SPRITE_GOODS_LARGE_STONE,
    eUISprites_SPRITE_GOODS_LARGE_IRON,
    eUISprites_SPRITE_GOODS_LARGE_PITCH,
    eUISprites_SPRITE_GOODS_LARGE_WHEAT,
    eUISprites_SPRITE_GOODS_LARGE_BREAD,
    eUISprites_SPRITE_GOODS_LARGE_CHEESE,
    eUISprites_SPRITE_GOODS_LARGE_MEAT,
    eUISprites_SPRITE_GOODS_LARGE_APPLES,
    eUISprites_SPRITE_GOODS_LARGE_ALE,
    eUISprites_SPRITE_GOODS_LARGE_GOLD,
    eUISprites_SPRITE_GOODS_LARGE_FLOUR,
    eUISprites_SPRITE_GOODS_LARGE_BOWS,
    eUISprites_SPRITE_GOODS_LARGE_XBOWS,
    eUISprites_SPRITE_GOODS_LARGE_SPEARS,
    eUISprites_SPRITE_GOODS_LARGE_PIKES,
    eUISprites_SPRITE_GOODS_LARGE_MACES,
    eUISprites_SPRITE_GOODS_LARGE_SWORDS,
    eUISprites_SPRITE_GOODS_LARGE_LEATHER_ARMOUR,
    eUISprites_SPRITE_GOODS_LARGE_ARMOUR,
    eUISprites_SPRITE_SCRIBE_001_C,
    eUISprites_SPRITE_SCRIBE_002_C,
    eUISprites_SPRITE_SCRIBE_003_C,
    eUISprites_SPRITE_SCRIBE_004_C,
    eUISprites_SPRITE_SCRIBE_005_C,
    eUISprites_SPRITE_SCRIBE_006_C,
    eUISprites_SPRITE_SCRIBE_007_C,
    eUISprites_SPRITE_SCRIBE_008_C,
    eUISprites_SPRITE_SCRIBE_009_C,
    eUISprites_SPRITE_SCRIBE_010_C,
    eUISprites_SPRITE_SCRIBE_011_C,
    eUISprites_SPRITE_SCRIBE_012_C,
    eUISprites_SPRITE_SCRIBE_013_C,
    eUISprites_SPRITE_SCRIBE_014_C,
    eUISprites_SPRITE_SCRIBE_015_C,
    eUISprites_SPRITE_SCRIBE_016_C,
    eUISprites_SPRITE_SCRIBE_017_C,
    eUISprites_SPRITE_SCRIBE_018_C,
    eUISprites_SPRITE_SCRIBE_019_C,
    eUISprites_SPRITE_SCRIBE_020_C,
    eUISprites_SPRITE_SCRIBE_021_C,
    eUISprites_SPRITE_SCRIBE_022_C,
    eUISprites_SPRITE_SCRIBE_023_C,
    eUISprites_SPRITE_SCRIBE_024_C,
    eUISprites_SPRITE_SCRIBE_025_C,
    eUISprites_SPRITE_SCRIBE_026_C,
    eUISprites_SPRITE_SCRIBE_027_C,
    eUISprites_SPRITE_SCRIBE_028_C,
    eUISprites_SPRITE_SCRIBE_029_C,
    eUISprites_SPRITE_SCRIBE_030_C,
    eUISprites_SPRITE_SCRIBE_031_C,
    eUISprites_SPRITE_SCRIBE_032_C,
    eUISprites_SPRITE_SCRIBE_033_C,
    eUISprites_SPRITE_SCRIBE_034_C,
    eUISprites_SPRITE_SCRIBE_035_C,
    eUISprites_SPRITE_SCRIBE_036_C,
    eUISprites_SPRITE_SCRIBE_037_C,
    eUISprites_SPRITE_SCRIBE_038_C,
    eUISprites_SPRITE_SCRIBE_039_C,
    eUISprites_SPRITE_SCRIBE_040_C,
    eUISprites_SPRITE_SCRIBE_041_C,
    eUISprites_SPRITE_SCRIBE_042_C,
    eUISprites_SPRITE_SCRIBE_043_C,
    eUISprites_SPRITE_SCRIBE_044_C,
    eUISprites_SPRITE_TUT_ARROW_1 = 73,
    eUISprites_SPRITE_TUT_ARROW_2,
    eUISprites_SPRITE_TUT_ARROW_3,
    eUISprites_SPRITE_TUT_ARROW_4,
    eUISprites_SPRITE_TUT_ARROW_5,
    eUISprites_SPRITE_TUT_ARROW_6,
    eUISprites_SPRITE_TUT_ARROW_7,
    eUISprites_SPRITE_TUT_ARROW_8,
    eUISprites_SPRITE_TUT_ARROW_9,
    eUISprites_SPRITE_TUT_ARROW_10,
    eUISprites_BUTTON_GATE_OPEN,
    eUISprites_BUTTON_GATE_OPEN_PRESSED,
    eUISprites_BUTTON_GATE_CLOSED,
    eUISprites_BUTTON_GATE_CLOSED_PRESSED,
    eUISprites_MAP_LOWER_EDGE_MASK,
    eUISprites_MAP_FF,
    eUISprites_MAP_STEAM,
    eUISprites_MAP_USER,
    eUISprites_RIGHTCLICK_FLATTEN_HIGH,
    eUISprites_RIGHTCLICK_FLATTEN_LOW,
    eUISprites_RIGHTCLICK_ROTATION_NORTH,
    eUISprites_RIGHTCLICK_ROTATION_EAST,
    eUISprites_RIGHTCLICK_ROTATION_SOUTH,
    eUISprites_RIGHTCLICK_ROTATION_WEST,
    eUISprites_RIGHTCLICK_ZOOM,
    eUISprites_RIGHTCLICK_ZOOMED_IN,
    eUISprites_RIGHTCLICK_ZOOMED_OUT,
    eUISprites_RIGHTCLICK_UI_VISIBLE,
    eUISprites_RIGHTCLICK_UI_HIDDEN,
    eUISprites_BALANCED,
    eUISprites_READYSTATE_NOTREADY,
    eUISprites_READYSTATE_NOTREADY_OVER,
    eUISprites_READYSTATE_READY,
    eUISprites_READYSTATE_READY_OVER,
    eUISprites_MP_TEAM_BLUE,
    eUISprites_MP_TEAM_ORANGE,
    eUISprites_MP_TEAM_YELLOW,
    eUISprites_MP_TEAM_RED,
    eUISprites_MP_TEAM_BLACK,
    eUISprites_MP_TEAM_PURPLE,
    eUISprites_MP_TEAM_CYAN,
    eUISprites_MP_TEAM_GREEN,
    eUISprites_PIE1,
    eUISprites_IMAGE_PARTNER_WOODCUTTER = 151,
    eUISprites_IMAGE_PARTNER_FLETCHER,
    eUISprites_IMAGE_PARTNER_TUNELLER,
    eUISprites_IMAGE_PARTNER_BREWER,
    eUISprites_IMAGE_PARTNER_TANNER,
    eUISprites_IMAGE_PARTNER_MOTHER,
    eUISprites_IMAGE_PARTNER_HUNTER,
    eUISprites_IMAGE_PARTNER_MASON,
    eUISprites_IMAGE_PARTNER_PITCHWORKER,
    eUISprites_IMAGE_PARTNER_FARMER,
    eUISprites_IMAGE_PARTNER_MILLER,
    eUISprites_IMAGE_PARTNER_BAKER,
    eUISprites_IMAGE_PARTNER_POLETURNER,
    eUISprites_IMAGE_PARTNER_BLACKSMITH,
    eUISprites_IMAGE_PARTNER_ARMOURER,
    eUISprites_IMAGE_PARTNER_MINER,
    eUISprites_IMAGE_PARTNER_PRIEST,
    eUISprites_IMAGE_PARTNER_HEALER,
    eUISprites_IMAGE_PARTNER_DRUNK,
    eUISprites_IMAGE_PARTNER_INNKEEPER,
    eUISprites_IMAGE_PARTNER_TRADER,
    eUISprites_IMAGE_PARTNER_JESTER,
    eUISprites_IMAGE_PARTNER_JUGGLER,
    eUISprites_IMAGE_PARTNER_PEASANT,
    eUISprites_IMAGE_MISC_REPORTSHIELD,
    eUISprites_IMAGE_SKETCH_HOUSE_eUISprites,
    eUISprites_IMAGE_SKETCH_WOODCUTTERS_HUT_eUISprites,
    eUISprites_IMAGE_SKETCH_OXEN_BASE_eUISprites,
    eUISprites_IMAGE_SKETCH_IRON_MINE_eUISprites,
    eUISprites_IMAGE_SKETCH_PITCH_DIGGER_eUISprites,
    eUISprites_IMAGE_SKETCH_HUNTERS_HUT_eUISprites,
    eUISprites_IMAGE_SKETCH_FLETCHERS_WORKSHOP_eUISprites,
    eUISprites_IMAGE_SKETCH_BLACKSMITHS_WORKSHOP_eUISprites,
    eUISprites_IMAGE_SKETCH_POLETURNERS_WORKSHOP_eUISprites,
    eUISprites_IMAGE_SKETCH_ARMOURERS_WORKSHOP_eUISprites,
    eUISprites_IMAGE_SKETCH_TANNERS_WORKSHOP_eUISprites,
    eUISprites_IMAGE_SKETCH_BAKERS_WORKSHOP_eUISprites,
    eUISprites_IMAGE_SKETCH_BREWERS_WORKSHOP_eUISprites,
    eUISprites_IMAGE_SKETCH_QUARRY_eUISprites,
    eUISprites_IMAGE_SKETCH_INN_eUISprites,
    eUISprites_IMAGE_SKETCH_APOCATHERY_eUISprites,
    eUISprites_IMAGE_SKETCH_WELL_eUISprites,
    eUISprites_IMAGE_SKETCH_OIL_SMELTER_eUISprites,
    eUISprites_IMAGE_SKETCH_WHEATFARM_eUISprites,
    eUISprites_IMAGE_SKETCH_HOPSFARM_eUISprites,
    eUISprites_IMAGE_SKETCH_APPLEFARM_eUISprites,
    eUISprites_IMAGE_SKETCH_CATTLEFARM_eUISprites,
    eUISprites_IMAGE_SKETCH_MILL_eUISprites,
    eUISprites_IMAGE_SKETCH_STABLES_eUISprites,
    eUISprites_IMAGE_SKETCH_CHURCH1_eUISprites,
    eUISprites_IMAGE_SKETCH_KEEP_ONE_eUISprites,
    eUISprites_IMAGE_SKETCH_CAMPGROUND_eUISprites,
    eUISprites_IMAGE_SKETCH_TOWER_eUISprites,
    eUISprites_IMAGE_SKETCH_GALLOWS_eUISprites,
    eUISprites_IMAGE_SKETCH_STOCKS_eUISprites,
    eUISprites_IMAGE_SKETCH_MAYPOLE_eUISprites,
    eUISprites_IMAGE_SKETCH_GARDEN_eUISprites,
    eUISprites_IMAGE_SKETCH_KILLING_PIT_eUISprites,
    eUISprites_IMAGE_SKETCH_CESS_PIT_eUISprites,
    eUISprites_IMAGE_SKETCH_BURNING_STAKE_eUISprites,
    eUISprites_IMAGE_SKETCH_GIBBET_eUISprites,
    eUISprites_IMAGE_SKETCH_DUNGEON_eUISprites,
    eUISprites_IMAGE_SKETCH_RACK_STRETCHING_eUISprites,
    eUISprites_IMAGE_SKETCH_CHOPPING_BLOCK_eUISprites,
    eUISprites_IMAGE_SKETCH_DUNKING_STOOL_eUISprites,
    eUISprites_IMAGE_SKETCH_DOG_CAGE_eUISprites,
    eUISprites_IMAGE_SKETCH_STATUE_eUISprites,
    eUISprites_IMAGE_SKETCH_DANCING_BEAR_eUISprites,
    eUISprites_IMAGE_SKETCH_POND_eUISprites,
    eUISprites_IMAGE_SKETCH_ARMY_eUISprites,
    eUISprites_IMAGE_SKETCH_BAKER_eUISprites,
    eUISprites_IMAGE_SKETCH_BLACKSMITHX_eUISprites,
    eUISprites_IMAGE_SKETCH_CHICKEN_eUISprites,
    eUISprites_IMAGE_SKETCH_CHILD_eUISprites,
    eUISprites_IMAGE_SKETCH_CROSSBOWMAN_eUISprites,
    eUISprites_IMAGE_SKETCH_DRUNK_eUISprites,
    eUISprites_IMAGE_SKETCH_FARMER_eUISprites,
    eUISprites_IMAGE_SKETCH_FEARFACTOR_eUISprites,
    eUISprites_IMAGE_SKETCH_FIREWATCH_eUISprites,
    eUISprites_IMAGE_SKETCH_FOOD_eUISprites,
    eUISprites_IMAGE_SKETCH_GHOST_eUISprites,
    eUISprites_IMAGE_SKETCH_HEADS_ON_SPIKES_eUISprites,
    eUISprites_IMAGE_SKETCH_HEALER_eUISprites,
    eUISprites_IMAGE_SKETCH_HUNTER_eUISprites,
    eUISprites_IMAGE_SKETCH_INNKEEPER_eUISprites,
    eUISprites_IMAGE_SKETCH_IRON_MINER_eUISprites,
    eUISprites_IMAGE_SKETCH_JESTER_eUISprites,
    eUISprites_IMAGE_SKETCH_MOTHER_eUISprites,
    eUISprites_IMAGE_SKETCH_NULL_eUISprites,
    eUISprites_IMAGE_SKETCH_PITCHWORKER_eUISprites,
    eUISprites_IMAGE_SKETCH_POLETURNER_eUISprites,
    eUISprites_IMAGE_SKETCH_POPULARITY_eUISprites,
    eUISprites_IMAGE_SKETCH_POPULATION_eUISprites,
    eUISprites_IMAGE_SKETCH_PRIEST_eUISprites,
    eUISprites_IMAGE_SKETCH_RELIGION_eUISprites,
    eUISprites_IMAGE_SKETCH_SIEGE_ENGINEER_eUISprites,
    eUISprites_IMAGE_SKETCH_STOCKPILE_eUISprites,
    eUISprites_IMAGE_SKETCH_STONE_QUARRY_eUISprites,
    eUISprites_IMAGE_SKETCH_STONEMASON_eUISprites,
    eUISprites_IMAGE_SKETCH_TRADER_eUISprites,
    eUISprites_IMAGE_SKETCH_TUNNELOR_eUISprites,
    eUISprites_IMAGE_SKETCH_WEAPONS_eUISprites,
    eUISprites_IMAGE_SKETCH_WEDDING_eUISprites,
    eUISprites_SPRITE_COW,
    eUISprites_IMAGE_SKETCH_LADY_eUISprites,
    eUISprites_IMAGE_SKETCH_BLACKSMITH_eUISprites,
    eUISprites_IMAGE_SKETCH_TANNER_eUISprites,
    eUISprites_IMAGE_SKETCH_WOODCUTTER_eUISprites,
    eUISprites_IMAGE_SKETCH_BREWER_eUISprites,
    eUISprites_IMAGE_SKETCH_FLETCHER_eUISprites,
    eUISprites_IMAGE_SUBTITLES_GREEN,
    eUISprites_IMAGE_SUBTITLES_RED,
    eUISprites_SPRITE_CURSOR_OVER,
    eUISprites_SPRITE_CURSOR_SELECTED,
    eUISprites_SPRITE_CURSOR_UP,
    eUISprites_SPRITE_SWORD_OVER,
    eUISprites_SPRITE_SWORD_SELECTED,
    eUISprites_SPRITE_SWORD_UP,
    eUISprites_SPRITE_AUTOTRADE_ON_NORM,
    eUISprites_SPRITE_AUTOTRADE_ON_OVER,
    eUISprites_SPRITE_AUTOTRADE_OFF_NORM,
    eUISprites_SPRITE_AUTOTRADE_OFF_OVER,
    eUISprites_SPRITE_AUTOTRADE_SELECT_ON_NORM,
    eUISprites_SPRITE_AUTOTRADE_SELECT_ON_OVER,
    eUISprites_SPRITE_AUTOTRADE_SELECT_OFF_NORM,
    eUISprites_SPRITE_AUTOTRADE_SELECT_OFF_OVER,
    eUISprites_SPRITE_TROOP_ARCHER,
    eUISprites_SPRITE_TROOP_SPEARMAN,
    eUISprites_SPRITE_TROOP_PIKEMAN,
    eUISprites_SPRITE_TROOP_MACEMAN,
    eUISprites_SPRITE_TROOP_XBOWMAN,
    eUISprites_SPRITE_TROOP_SWORDSMAN,
    eUISprites_SPRITE_TROOP_KNIGHT,
    eUISprites_SPRITE_TROOP_LADDERMAN,
    eUISprites_SPRITE_TROOP_ENGINEER,
    eUISprites_SPRITE_TROOP_ENGINEERPOT,
    eUISprites_SPRITE_TROOP_MONK,
    eUISprites_SPRITE_TROOP_CATAPULT,
    eUISprites_SPRITE_TROOP_TREBUCHET,
    eUISprites_SPRITE_TROOP_BATTERINGRAM,
    eUISprites_SPRITE_TROOP_SIEGETOWER,
    eUISprites_SPRITE_TROOP_SHIELD,
    eUISprites_SPRITE_TROOP_TUNNELLOR,
    eUISprites_SPRITE_TROOP_BALLISTA,
    eUISprites_SPRITE_TROOP_MANGONEL,
    eUISprites_SPRITE_SCRIBE_001_B,
    eUISprites_SPRITE_SCRIBE_002_B,
    eUISprites_SPRITE_SCRIBE_003_B,
    eUISprites_SPRITE_SCRIBE_004_B,
    eUISprites_SPRITE_SCRIBE_005_B,
    eUISprites_SPRITE_SCRIBE_006_B,
    eUISprites_SPRITE_SCRIBE_007_B,
    eUISprites_SPRITE_SCRIBE_008_B,
    eUISprites_SPRITE_SCRIBE_009_B,
    eUISprites_SPRITE_SCRIBE_010_B,
    eUISprites_SPRITE_SCRIBE_011_B,
    eUISprites_SPRITE_SCRIBE_012_B,
    eUISprites_SPRITE_SCRIBE_013_B,
    eUISprites_SPRITE_SCRIBE_014_B,
    eUISprites_SPRITE_SCRIBE_015_B,
    eUISprites_SPRITE_SCRIBE_016_B,
    eUISprites_SPRITE_SCRIBE_017_B,
    eUISprites_SPRITE_SCRIBE_018_B,
    eUISprites_SPRITE_SCRIBE_019_B,
    eUISprites_SPRITE_SCRIBE_020_B,
    eUISprites_SPRITE_SCRIBE_021_B,
    eUISprites_SPRITE_SCRIBE_022_B,
    eUISprites_SPRITE_SCRIBE_023_B,
    eUISprites_SPRITE_SCRIBE_024_B,
    eUISprites_SPRITE_SCRIBE_025_B,
    eUISprites_SPRITE_SCRIBE_026_B,
    eUISprites_SPRITE_SCRIBE_027_B,
    eUISprites_SPRITE_SCRIBE_028_B,
    eUISprites_SPRITE_SCRIBE_029_B,
    eUISprites_SPRITE_SCRIBE_030_B,
    eUISprites_SPRITE_SCRIBE_031_B,
    eUISprites_SPRITE_SCRIBE_032_B,
    eUISprites_SPRITE_SCRIBE_033_B,
    eUISprites_SPRITE_SCRIBE_034_B,
    eUISprites_SPRITE_SCRIBE_035_B,
    eUISprites_SPRITE_SCRIBE_036_B,
    eUISprites_SPRITE_SCRIBE_037_B,
    eUISprites_SPRITE_SCRIBE_038_B,
    eUISprites_SPRITE_SCRIBE_039_B,
    eUISprites_SPRITE_SCRIBE_040_B,
    eUISprites_SPRITE_SCRIBE_041_B,
    eUISprites_SPRITE_SCRIBE_042_B,
    eUISprites_SPRITE_SCRIBE_043_B,
    eUISprites_SPRITE_SCRIBE_044_B,
    eUISprites_SPRITE_SCRIBE_B_OVER,
    eUISprites_SPRITE_SCRIBE_B_SELECTED,
    eUISprites_SPRITE_SCRIBE_B_UP,
    eUISprites_SPRITE_SCRIBE_C_OVER,
    eUISprites_SPRITE_SCRIBE_C_SELECTED,
    eUISprites_SPRITE_SCRIBE_C_UP,
    eUISprites_SPRITE_CART1,
    eUISprites_SPRITE_CART2,
    eUISprites_SPRITE_CART3,
    eUISprites_SPRITE_CART4,
    eUISprites_SPRITE_CART5,
    eUISprites_SPRITE_CART6,
    eUISprites_MP_TEAM_BLUE_OVER,
    eUISprites_MP_TEAM_ORANGE_OVER,
    eUISprites_MP_TEAM_YELLOW_OVER,
    eUISprites_MP_TEAM_RED_OVER,
    eUISprites_MP_TEAM_BLACK_OVER,
    eUISprites_MP_TEAM_PURPLE_OVER,
    eUISprites_MP_TEAM_CYAN_OVER,
    eUISprites_MP_TEAM_GREEN_OVER,
    eUISprites_MP_TEAM_BLUE_SELECTED,
    eUISprites_MP_TEAM_ORANGE_SELECTED,
    eUISprites_MP_TEAM_YELLOW_SELECTED,
    eUISprites_MP_TEAM_RED_SELECTED,
    eUISprites_MP_TEAM_BLACK_SELECTED,
    eUISprites_MP_TEAM_PURPLE_SELECTED,
    eUISprites_MP_TEAM_CYAN_SELECTED,
    eUISprites_MP_TEAM_GREEN_SELECTED,
    eUISprites_MAP_COMPLETED,
    eUISprites_MAP_NOTCOMPLETED,
    eUISprites_IMAGE_SKETCH_WATERPOT_eUISprites,
    eUISprites_IMAGE_SKETCH_TUNNELLERS_GUILD_eUISprites,
    eUISprites_IMAGE_AI_FACE_01,
    eUISprites_IMAGE_AI_FACE_02,
    eUISprites_IMAGE_AI_FACE_03,
    eUISprites_IMAGE_AI_FACE_04,
    eUISprites_IMAGE_AI_FACE_05,
    eUISprites_IMAGE_AI_FACE_06,
    eUISprites_IMAGE_AI_FACE_07,
    eUISprites_IMAGE_AI_FACE_08,
    eUISprites_IMAGE_AI_FACE_09,
    eUISprites_IMAGE_AI_FACE_10,
    eUISprites_IMAGE_AI_FACE_11,
    eUISprites_IMAGE_AI_FACE_12,
    eUISprites_IMAGE_AI_FACE_13,
    eUISprites_IMAGE_AI_FACE_14,
    eUISprites_IMAGE_AI_FACE_15,
    eUISprites_IMAGE_AI_FACE_16,
    eUISprites_IMAGE_AI_FACE_BACKGROUND_RED,
    eUISprites_IMAGE_AI_FACE_BACKGROUND_ORANGE,
    eUISprites_IMAGE_AI_FACE_BACKGROUND_YELLOW,
    eUISprites_IMAGE_AI_FACE_BACKGROUND_BLUE,
    eUISprites_IMAGE_AI_FACE_BACKGROUND_BLACK,
    eUISprites_IMAGE_AI_FACE_BACKGROUND_PURPLE,
    eUISprites_IMAGE_AI_FACE_BACKGROUND_CYAN,
    eUISprites_IMAGE_AI_FACE_BACKGROUND_GREEN,
    eUISprites_SPRITE_CRUSADER_LORD,
    eUISprites_SPRITE_CRUSADER_LORD_OVER,
    eUISprites_SPRITE_ARABIC_LORD,
    eUISprites_SPRITE_ARABIC_LORD_OVER,
    eUISprites_SPRITE_TEAM_ALLIES_SHIELD_SMALL_1,
    eUISprites_SPRITE_TEAM_ALLIES_SHIELD_SMALL_2,
    eUISprites_SPRITE_TEAM_ALLIES_SHIELD_SMALL_3,
    eUISprites_SPRITE_TEAM_ALLIES_SHIELD_SMALL_4,
    eUISprites_SPRITE_TEAM_ALLIES_SHIELD_LARGE_1,
    eUISprites_SPRITE_TEAM_ALLIES_SHIELD_LARGE_2,
    eUISprites_SPRITE_TEAM_ALLIES_SHIELD_LARGE_3,
    eUISprites_SPRITE_TEAM_ALLIES_SHIELD_LARGE_4,
    eUISprites_SPRITE_TEAM_SHIELD_RED,
    eUISprites_SPRITE_TEAM_SHIELD_ORANGE,
    eUISprites_SPRITE_TEAM_SHIELD_YELLOW,
    eUISprites_SPRITE_TEAM_SHIELD_BLUE,
    eUISprites_SPRITE_TEAM_SHIELD_BLACK,
    eUISprites_SPRITE_TEAM_SHIELD_PURPLE,
    eUISprites_SPRITE_TEAM_SHIELD_CYAN,
    eUISprites_SPRITE_TEAM_SHIELD_GREEN,
    eUISprites_IMAGE_MISC_REPORTSHIELD2,
    eUISprites_SPRITE_ALLIES_GOODS1,
    eUISprites_SPRITE_ALLIES_GOODS2,
    eUISprites_SPRITE_ALLIES_GOODS3,
    eUISprites_SPRITE_ALLIES_GOODS4,
    eUISprites_SPRITE_ALLIES_GOODS5,
    eUISprites_SPRITE_ALLIES_GOODS6,
    eUISprites_SPRITE_ALLIES_GOODS7,
    eUISprites_SPRITE_ALLIES_GOODS8,
    eUISprites_SPRITE_ALLIES_GOODS9,
    eUISprites_SPRITE_ALLIES_GOODS10,
    eUISprites_SPRITE_ALLIES_GOODS11,
    eUISprites_SPRITE_ALLIES_GOODS12,
    eUISprites_SPRITE_ALLIES_GOODS13,
    eUISprites_SPRITE_ALLIES_GOODS14,
    eUISprites_SPRITE_ALLIES_GOODS15,
    eUISprites_SPRITE_ALLIES_GOODS16,
    eUISprites_SPRITE_ALLIES_GOODS17,
    eUISprites_SPRITE_ALLIES_GOODS18,
    eUISprites_SPRITE_ALLIES_GOODS19,
    eUISprites_SPRITE_ALLIES_GOODS20,
    eUISprites_SPRITE_ALLIES_GOODS21,
    eUISprites_SPRITE_ALLIES_GOODS22,
    eUISprites_SPRITE_ALLIES_GOODS23,
    eUISprites_SPRITE_ALLIES_GOODS24,
    eUISprites_SPRITE_ALLIES_GOODS25,
    eUISprites_SPRITE_GOODS_SMALL_WOOD,
    eUISprites_SPRITE_GOODS_SMALL_HOPS,
    eUISprites_SPRITE_GOODS_SMALL_STONE,
    eUISprites_SPRITE_GOODS_SMALL_IRON,
    eUISprites_SPRITE_GOODS_SMALL_PITCH,
    eUISprites_SPRITE_GOODS_SMALL_WHEAT,
    eUISprites_SPRITE_GOODS_SMALL_BREAD,
    eUISprites_SPRITE_GOODS_SMALL_CHEESE,
    eUISprites_SPRITE_GOODS_SMALL_MEAT,
    eUISprites_SPRITE_GOODS_SMALL_APPLES,
    eUISprites_SPRITE_GOODS_SMALL_ALE,
    eUISprites_SPRITE_GOODS_SMALL_GOLD,
    eUISprites_SPRITE_GOODS_SMALL_FLOUR,
    eUISprites_SPRITE_GOODS_SMALL_BOWS,
    eUISprites_SPRITE_GOODS_SMALL_XBOWS,
    eUISprites_SPRITE_GOODS_SMALL_SPEARS,
    eUISprites_SPRITE_GOODS_SMALL_PIKES,
    eUISprites_SPRITE_GOODS_SMALL_MACES,
    eUISprites_SPRITE_GOODS_SMALL_SWORDS,
    eUISprites_SPRITE_GOODS_SMALL_LEATHERARMOUR,
    eUISprites_SPRITE_GOODS_SMALL_METALARMOUR,
    eUISprites_MP_TEAM_BLUE_DARK,
    eUISprites_MP_TEAM_ORANGE_DARK,
    eUISprites_MP_TEAM_YELLOW_DARK,
    eUISprites_MP_TEAM_RED_DARK,
    eUISprites_MP_TEAM_BLACK_DARK,
    eUISprites_MP_TEAM_PURPLE_DARK,
    eUISprites_MP_TEAM_CYAN_DARK,
    eUISprites_MP_TEAM_GREEN_DARK,
    eUISprites_TRAIL_SWORD_1,
    eUISprites_TRAIL_SWORD_12 = 482,
    eUISprites_SPRITE_BODY_CHICKEN_1,
    eUISprites_SPRITE_BODY_CHICKEN_2,
    eUISprites_SPRITE_BODY_CHICKEN_3,
    eUISprites_SPRITE_BODY_CHICKEN_5,
    eUISprites_SPRITE_BODY_CHICKEN_6,
    eUISprites_SPRITE_BODY_CHICKEN_7,
    eUISprites_SPRITE_BODY_CHICKEN_73,
    eUISprites_SPRITE_BODY_CHICKEN_74,
    eUISprites_SPRITE_BODY_CHICKEN_75,
    eUISprites_SPRITE_BODY_CHICKEN_77,
    eUISprites_SPRITE_BODY_CHICKEN_78,
    eUISprites_SPRITE_BODY_CHICKEN_79,
    eUISprites_SPRITE_BODY_CHICKEN_83,
    eUISprites_SPRITE_BODY_CHICKEN_137,
    eUISprites_SPRITE_BODY_CHICKEN_138,
    eUISprites_SPRITE_BODY_CHICKEN_139,
    eUISprites_SPRITE_BODY_CHICKEN_141,
    eUISprites_SPRITE_BODY_CHICKEN_142,
    eUISprites_SPRITE_BODY_CHICKEN_143,
    eUISprites_SPRITE_BODY_CHICKEN_144,
    eUISprites_SPRITE_BODY_CHICKEN_261,
    eUISprites_SPRITE_BODY_CHICKEN_BROWN_2,
    eUISprites_SPRITE_BODY_CHICKEN_BROWN_3,
    eUISprites_SPRITE_BODY_CHICKEN_BROWN_5,
    eUISprites_SPRITE_BODY_CHICKEN_BROWN_6,
    eUISprites_SPRITE_BODY_CHICKEN_BROWN_7,
    eUISprites_SPRITE_BODY_CHICKEN_BROWN_73,
    eUISprites_SPRITE_BODY_CHICKEN_BROWN_78,
    eUISprites_SPRITE_BODY_CHICKEN_BROWN_79,
    eUISprites_SPRITE_BODY_CHICKEN_BROWN_81,
    eUISprites_SPRITE_BODY_CHICKEN_BROWN_137,
    eUISprites_SPRITE_BODY_CHICKEN_BROWN_138,
    eUISprites_SPRITE_BODY_CHICKEN_BROWN_139,
    eUISprites_SPRITE_BODY_CHICKEN_BROWN_141,
    eUISprites_SPRITE_BODY_CHICKEN_BROWN_142,
    eUISprites_SPRITE_BODY_CHICKEN_BROWN_143,
    eUISprites_SPRITE_BODY_CHICKEN_BROWN_147,
    eUISprites_SPRITE_BODY_CHICKEN_BROWN_261,
    eUISprites_SPRITE_BODY_CHICKEN_BROWN_1,
    eUISprites_SPRITE_BODY_CHICKEN_BROWN_74,
    eUISprites_SPRITE_BODY_CHICKEN_BROWN_75,
    eUISprites_SPRITE_BODY_CHICKEN_BROWN_77,
    eUISprites_SPRITE_BODY_CHICKEN_BROWN_82,
    eUISprites_SPRITE_TRAIL_KNIGHT1,
    eUISprites_SPRITE_TRAIL_KNIGHT50 = 575,
    eUISprites_MP_TEAM_BLANK_DARK,
    eUISprites_IMAGE_AI_FACE_17,
    eUISprites_IMAGE_AI_FACE_18,
    eUISprites_IMAGE_AI_FACE_19,
    eUISprites_IMAGE_AI_FACE_20,
    eUISprites_IMAGE_AI_FACE_21,
    eUISprites_IMAGE_AI_FACE_22,
    eUISprites_IMAGE_AI_FACE_23,
    eUISprites_IMAGE_AI_FACE_24,
    eUISprites_IMAGE_AI_FACE_25,
    eUISprites_IMAGE_SKIRMISHMASTERS_BAR1,
    eUISprites_IMAGE_SKIRMISHMASTERS_BAR2,
    eUISprites_IMAGE_SANDS_LEVEL1,
    eUISprites_IMAGE_SANDS_LEVEL2,
    eUISprites_IMAGE_SANDS_LEVEL3,
    eUISprites_IMAGE_SANDS_LEVEL4,
    eUISprites_IMAGE_SANDS_LEVEL5,
    eUISprites_SPRITE_LARGE_CHICKEN1,
    eUISprites_SPRITE_LARGE_CHICKEN47 = 639,
    eUISprites_SPRITE_CHECK_YES,
    eUISprites_SPRITE_CHECK_NO,
    eUISprites_SPRITE_SKIPPED_MISSION,
    eUISprites_SPRITE_TROOP_ARAB_BOW,
    eUISprites_SPRITE_TROOP_ARAB_SLAVE,
    eUISprites_SPRITE_TROOP_ARAB_SLINGER,
    eUISprites_SPRITE_TROOP_ARAB_ASSASIN,
    eUISprites_SPRITE_TROOP_ARAB_HORSEMAN,
    eUISprites_SPRITE_TROOP_ARAB_SWORDSMAN,
    eUISprites_SPRITE_TROOP_ARAB_GRENADIER,
    eUISprites_SPRITE_TROOP_ARAB_BALLISTA,
    eUISprites_SPRITE_TROOP_BEDOUIN_CAMEL_LANCER,
    eUISprites_SPRITE_TROOP_BEDOUIN_HEALER,
    eUISprites_SPRITE_TROOP_BEDOUIN_EUNUCH,
    eUISprites_SPRITE_TROOP_BEDOUIN_AMBUSHER,
    eUISprites_SPRITE_TROOP_BEDOUIN_SKIRMISHER,
    eUISprites_SPRITE_TROOP_BEDOUIN_HEAVY_CAMEL,
    eUISprites_SPRITE_TROOP_BEDOUIN_SAPPER,
    eUISprites_SPRITE_TROOP_BEDOUIN_DEMOLISHER,
    eUISprites_SPRITE_BEDOUIN_LORD,
    eUISprites_SPRITE_BEDOUIN_LORD_OVER,
    eUISprites_SPRITE_SCRIBE_LORD,
    eUISprites_SPRITE_SCRIBE_LORD_OVER,
    eUISprites_SPRITE_FEMALE_LORD,
    eUISprites_SPRITE_FEMALE_LORD_OVER,
    eUISprites_SPRITE_MP_OPTIONS,
    eUISprites_SPRITE_MP_OPTIONS_ADV,
    eUISprites_SPRITE_BESSY_LORD,
    eUISprites_SPRITE_BESSY_LORD_OVER,
    eUISprites_SPRITE_MP_OPTIONS_EXTREME,
    eUISprites_SPRITE_MP_OPTIONS_ADV_EXTREME,
    eUISprites_SPRITE_MERIT_KEEP1,
    eUISprites_SPRITE_MERIT_KEEP2,
    eUISprites_SPRITE_MERIT_KEEP3,
    eUISprites_SPRITE_MERIT_KEEP4,
    eUISprites_SPRITE_MERIT_KEEP5,
    eUISprites_SPRITE_MERIT_KEEP6,
    eUISprites_SPRITE_MERIT_KEEP7,
    eUISprites_SPRITE_MERIT_KEEP8,
    eUISprites_SPRITE_MERIT_OVER_KEEP1,
    eUISprites_SPRITE_MERIT_OVER_KEEP2,
    eUISprites_SPRITE_MERIT_OVER_KEEP3,
    eUISprites_SPRITE_MERIT_OVER_KEEP4,
    eUISprites_SPRITE_MERIT_OVER_KEEP5,
    eUISprites_SPRITE_MERIT_OVER_KEEP6,
    eUISprites_SPRITE_MERIT_OVER_KEEP7,
    eUISprites_SPRITE_MERIT_OVER_KEEP8,
    eUISprites_UNBALANCED,
    eUISprites_READYSTATE_LOCKED,
    eUISprites_READYSTATE_LOCKED_OVER,
    eUISprites_READYSTATE_UNLOCKED,
    eUISprites_READYSTATE_UNLOCKED_OVER,
    eUISprites_SPRITE_DEAD_LORD,
    eUISprites_SPRITE_CHAT_NOT_MUTE,
    eUISprites_SPRITE_CHAT_NOT_MUTE_OVER,
    eUISprites_SPRITE_CHAT_MUTE,
    eUISprites_SPRITE_CHAT_MUTE_OVER,
    eUISprites_IMAGE_SANDS_LEVEL1_GREY,
    eUISprites_IMAGE_SANDS_LEVEL2_GREY,
    eUISprites_IMAGE_SANDS_LEVEL3_GREY,
    eUISprites_IMAGE_SANDS_LEVEL4_GREY,
    eUISprites_IMAGE_SANDS_LEVEL5_GREY,
    eUISprites_IMAGE_SANDS_LEVEL1_LARGE,
    eUISprites_IMAGE_SANDS_LEVEL2_LARGE,
    eUISprites_IMAGE_SANDS_LEVEL3_LARGE,
    eUISprites_IMAGE_SANDS_LEVEL4_LARGE,
    eUISprites_IMAGE_SANDS_LEVEL5_LARGE,
    eUISprites_IMAGE_TRAIL_COMPLETE_KNIGHT,
    eUISprites_IMAGE_TRAIL_COMPLETE_CHICKEN,
    eUISprites_SPRITE_ARABIC_LORD_FEMALE,
    eUISprites_SPRITE_ARABIC_LORD_OVER_FEMALE,
    eUISprites_SPRITE_BEDOUIN_LORD_FEMALE,
    eUISprites_SPRITE_BEDOUIN_LORD_OVER_FEMALE,
    eUISprites_IMAGE_SANDS_LEVEL1_SMALL,
    eUISprites_IMAGE_SANDS_LEVEL2_SMALL,
    eUISprites_IMAGE_SANDS_LEVEL3_SMALL,
    eUISprites_IMAGE_SANDS_LEVEL4_SMALL,
    eUISprites_IMAGE_SANDS_LEVEL5_SMALL,
    eUISprites_SPRITE_TRAIL_COOP_KNIGHTS,
    eUISprites_IMAGE_MISC_REPORTSHIELD3,
    eUISprites_COA_LOCKED,
    eUISprites_COA_LOCKED_OVER,
    eUISprites_COA_UNLOCKED,
    eUISprites_COA_UNLOCKED_OVER,
    eUISprites_SHIELD_OPTIONS,
    eUISprites_SPRITE_MP_COOP_OPTIONS,
    eUISprites_SPRITE_MP_COOP_OPTIONS_ADV,
    eUISprites_SPRITE_MP_COOP_OPTIONS_EXTREME,
    eUISprites_SPRITE_MP_COOP_OPTIONS_ADV_EXTREME,
    eUISprites_SPRITE_MP_COOP,
    eUISprites_IMAGE_AI_FACE_26,
    eUISprites_IMAGE_AI_FACE_27,
    eUISprites_IMAGE_AI_FACE_28,
    eUISprites_IMAGE_AI_FACE_29,
    eUISprites_IMAGE_TRAIL_FLAG,
    eUISprites_IMAGE_TRAIL_CROSS,
    eUISprites_IMAGE_TRAIL_WORKSHOP_LARGE,
    eUISprites_IMAGE_WORKSHOP_INVERTED,
    eUISprites_IMAGE_CUSTOM_LORD_TYPE1,
    eUISprites_IMAGE_CUSTOM_LORD_TYPE2,
    eUISprites_IMAGE_CUSTOM_LORD_TYPE3,
    eUISprites_IMAGE_CUSTOM_LORD_TYPE4,
    eUISprites_IMAGE_CUSTOM_LORD_TYPE5,
    eUISprites_IMAGE_CUSTOM_LORD_TYPE6,
    eUISprites_IMAGE_CUSTOM_LORD_TYPE7,
    eUISprites_IMAGE_CUSTOM_LORD_TYPE8,
    eUISprites_IMAGE_WORKSHOP_UPLOADED,
    eUISprites_SPRITE_LISTSIZE
} eUISprites;


typedef enum eTextSections
{
    eTextSections_TEXT_MONTHS = 1,
    eTextSections_TEXT_GOODS,
    eTextSections_TEXT_POPULARITY_EFFECTS,
    eTextSections_TEXT_STARTUP,
    eTextSections_TEXT_MAINOPTIONS,
    eTextSections_TEXT_LANGUAGE,
    eTextSections_TEXT_BUBBLE_HELP_SUBTEXT,
    eTextSections_TEXT_BUBBLE_HELP_TEXT,
    eTextSections_TEXT_BUBBLE_HELP_DATA,
    eTextSections_TEXT_FEEDBACK,
    eTextSections_TEXT_MAPEDIT,
    eTextSections_TEXT_DEMOSCORE,
    eTextSections_TEXT_MAP_TITLES,
    eTextSections_TEXT_REPORTS,
    eTextSections_TEXT_IN_GENERAL_BUILDINGS = 18,
    eTextSections_TEXT_IN_KEEP,
    eTextSections_TEXT_IN_INN,
    eTextSections_TEXT_IN_BARRACKS = 22,
    eTextSections_TEXT_IN_GRANARY,
    eTextSections_TEXT_IN_HOUSE,
    eTextSections_TEXT_IN_WOODCUTTERS_HUT,
    eTextSections_TEXT_IN_OXEN_BASE,
    eTextSections_TEXT_IN_IRON_MINE,
    eTextSections_TEXT_IN_PITCH_DIGGER,
    eTextSections_TEXT_IN_HUNTERS_HUT,
    eTextSections_TEXT_IN_GOODS_YARD,
    eTextSections_TEXT_IN_ARMOURY,
    eTextSections_TEXT_IN_FLETCHERS_WORKSHOP,
    eTextSections_TEXT_IN_BLACKSMITHS_WORKSHOP,
    eTextSections_TEXT_IN_POLETURNERS_WORKSHOP,
    eTextSections_TEXT_IN_ARMOURERS_WORKSHOP,
    eTextSections_TEXT_IN_TANNERS_WORKSHOP,
    eTextSections_TEXT_IN_BAKERS_WORKSHOP,
    eTextSections_TEXT_IN_BREWERS_WORKSHOP,
    eTextSections_TEXT_IN_QUARRY,
    eTextSections_TEXT_IN_QUARRYPILE,
    eTextSections_TEXT_IN_HEALERS,
    eTextSections_TEXT_IN_ENGINEERS_GUILD,
    eTextSections_TEXT_IN_TUNNELLERS_GUILD,
    eTextSections_TEXT_IN_TRADEPOST,
    eTextSections_TEXT_IN_WELL,
    eTextSections_TEXT_IN_OIL_SMELTER,
    eTextSections_TEXT_IN_SIEGE_TENT,
    eTextSections_TEXT_IN_WHEATFARM,
    eTextSections_TEXT_IN_HOPSFARM,
    eTextSections_TEXT_IN_APPLEFARM,
    eTextSections_TEXT_IN_CATTLEFARM,
    eTextSections_TEXT_IN_MILL,
    eTextSections_TEXT_IN_STABLES,
    eTextSections_TEXT_IN_CHURCH,
    eTextSections_TEXT_IN_GATEHOUSE,
    eTextSections_TEXT_IN_DRAWBRIDGE,
    eTextSections_TEXT_IN_POSTERN_GATE,
    eTextSections_TEXT_IN_TUNNEL_ENTERANCE,
    eTextSections_TEXT_IN_CAMP_FIRE,
    eTextSections_TEXT_IN_SIGNPOST,
    eTextSections_TEXT_IN_KILLING_PIT,
    eTextSections_TEXT_IN_CATAPULT,
    eTextSections_TEXT_IN_TREBUCHET,
    eTextSections_TEXT_IN_OUTPOST,
    eTextSections_TEXT_IN_TOWER,
    eTextSections_TEXT_IN_GALLOWS,
    eTextSections_TEXT_IN_STOCKS,
    eTextSections_TEXT_IN_WITCH_HOIST,
    eTextSections_TEXT_IN_MAYPOLE,
    eTextSections_TEXT_IN_TRAINING_GROUND = 71,
    eTextSections_TEXT_IN_GARDEN,
    eTextSections_TEXT_GAME_OPTIONS = 74,
    eTextSections_TEXT_HELP,
    eTextSections_TEXT_MULTIPLAYER_CONNECTION,
    eTextSections_TEXT_PANEL_FEEDBACK,
    eTextSections_TEXT_STRUCTURE_WAS,
    eTextSections_TEXT_XPLAY_WAITING_ROOM,
    eTextSections_TEXT_MISSION_BUTTONS,
    eTextSections_TEXT_OBJECTIVES,
    eTextSections_TEXT_REPORT_BUTTONS,
    eTextSections_TEXT_PLAYER_DESC,
    eTextSections_TEXT_PEASANT_NAMES,
    eTextSections_TEXT_PEASANT_SURNAMES,
    eTextSections_TEXT_UNIT_ACTIONS,
    eTextSections_TEXT_MARRIAGE,
    eTextSections_TEXT_CHIMP_NAMES,
    eTextSections_TEXT_CHIMP_COMMENT,
    eTextSections_TEXT_NEWMAP_TYPES_HELP = 92,
    eTextSections_TEXT_INSULTS,
    eTextSections_TEXT_PREVIEW,
    eTextSections_TEXT_TUTORIAL,
    eTextSections_TEXT_TUTORIAL_BUTTONS,
    eTextSections_TEXT_MAP_SCREEN,
    eTextSections_TEXT_MISSION1_STORY = 99,
    eTextSections_TEXT_MISSION1_BRIEFING,
    eTextSections_TEXT_MISSION1_OBJECTIVES,
    eTextSections_TEXT_MISSION1_HINTS,
    eTextSections_TEXT_MISSION2_STORY,
    eTextSections_TEXT_MISSION2_BRIEFING,
    eTextSections_TEXT_MISSION2_OBJECTIVES,
    eTextSections_TEXT_MISSION2_HINTS,
    eTextSections_TEXT_MISSION3_STORY,
    eTextSections_TEXT_MISSION3_BRIEFING,
    eTextSections_TEXT_MISSION3_OBJECTIVES,
    eTextSections_TEXT_MISSION3_HINTS,
    eTextSections_TEXT_MISSION4_STORY,
    eTextSections_TEXT_MISSION4_BRIEFING,
    eTextSections_TEXT_MISSION4_OBJECTIVES,
    eTextSections_TEXT_MISSION4_HINTS,
    eTextSections_TEXT_MISSION5_STORY,
    eTextSections_TEXT_MISSION5_BRIEFING,
    eTextSections_TEXT_MISSION5_OBJECTIVES,
    eTextSections_TEXT_MISSION5_HINTS,
    eTextSections_TEXT_MISSION6_STORY,
    eTextSections_TEXT_MISSION6_BRIEFING,
    eTextSections_TEXT_MISSION6_OBJECTIVES,
    eTextSections_TEXT_MISSION6_HINTS,
    eTextSections_TEXT_MISSION7_STORY,
    eTextSections_TEXT_MISSION7_BRIEFING,
    eTextSections_TEXT_MISSION7_OBJECTIVES,
    eTextSections_TEXT_MISSION7_HINTS,
    eTextSections_TEXT_MISSION8_STORY,
    eTextSections_TEXT_MISSION8_BRIEFING,
    eTextSections_TEXT_MISSION8_OBJECTIVES,
    eTextSections_TEXT_MISSION8_HINTS,
    eTextSections_TEXT_MISSION9_STORY,
    eTextSections_TEXT_MISSION9_BRIEFING,
    eTextSections_TEXT_MISSION9_OBJECTIVES,
    eTextSections_TEXT_MISSION9_HINTS,
    eTextSections_TEXT_MISSION10_STORY,
    eTextSections_TEXT_MISSION10_BRIEFING,
    eTextSections_TEXT_MISSION10_OBJECTIVES,
    eTextSections_TEXT_MISSION10_HINTS,
    eTextSections_TEXT_MISSION11_STORY,
    eTextSections_TEXT_MISSION11_BRIEFING,
    eTextSections_TEXT_MISSION11_OBJECTIVES,
    eTextSections_TEXT_MISSION11_HINTS,
    eTextSections_TEXT_MISSION12_STORY,
    eTextSections_TEXT_MISSION12_BRIEFING,
    eTextSections_TEXT_MISSION12_OBJECTIVES,
    eTextSections_TEXT_MISSION12_HINTS,
    eTextSections_TEXT_MISSION13_STORY,
    eTextSections_TEXT_MISSION13_BRIEFING,
    eTextSections_TEXT_MISSION13_OBJECTIVES,
    eTextSections_TEXT_MISSION13_HINTS,
    eTextSections_TEXT_MISSION14_STORY,
    eTextSections_TEXT_MISSION14_BRIEFING,
    eTextSections_TEXT_MISSION14_OBJECTIVES,
    eTextSections_TEXT_MISSION14_HINTS,
    eTextSections_TEXT_MISSION15_STORY,
    eTextSections_TEXT_MISSION15_BRIEFING,
    eTextSections_TEXT_MISSION15_OBJECTIVES,
    eTextSections_TEXT_MISSION15_HINTS,
    eTextSections_TEXT_MISSION16_STORY,
    eTextSections_TEXT_MISSION16_BRIEFING,
    eTextSections_TEXT_MISSION16_OBJECTIVES,
    eTextSections_TEXT_MISSION16_HINTS,
    eTextSections_TEXT_MISSION17_STORY,
    eTextSections_TEXT_MISSION17_BRIEFING,
    eTextSections_TEXT_MISSION17_OBJECTIVES,
    eTextSections_TEXT_MISSION17_HINTS,
    eTextSections_TEXT_MISSION18_STORY,
    eTextSections_TEXT_MISSION18_BRIEFING,
    eTextSections_TEXT_MISSION18_OBJECTIVES,
    eTextSections_TEXT_MISSION18_HINTS,
    eTextSections_TEXT_MISSION19_STORY,
    eTextSections_TEXT_MISSION19_BRIEFING,
    eTextSections_TEXT_MISSION19_OBJECTIVES,
    eTextSections_TEXT_MISSION19_HINTS,
    eTextSections_TEXT_MISSION20_STORY,
    eTextSections_TEXT_MISSION20_BRIEFING,
    eTextSections_TEXT_MISSION20_OBJECTIVES,
    eTextSections_TEXT_MISSION20_HINTS,
    eTextSections_TEXT_CAMPAIGN_INFO,
    eTextSections_TEXT_DEMO_BRIEFINGS = 189,
    eTextSections_TEXT_HINTS,
    eTextSections_TEXT_ECO1_HINTS,
    eTextSections_TEXT_ECO2_HINTS,
    eTextSections_TEXT_ECO3_HINTS,
    eTextSections_TEXT_ECO4_HINTS,
    eTextSections_TEXT_ECO5_HINTS,
    eTextSections_TEXT_ECO_MISSION_BRIEFINGS,
    eTextSections_TEXT_MISSION_NAMES,
    eTextSections_TEXT_PREATTACK,
    eTextSections_TEXT_SCENARIO,
    eTextSections_TEXT_TRADER_NAMES,
    eTextSections_TEXT_ACTION,
    eTextSections_TEXT_IN_CESS_PIT,
    eTextSections_TEXT_IN_BURNING_STAKE,
    eTextSections_TEXT_IN_GIBBET,
    eTextSections_TEXT_IN_DUNGEON,
    eTextSections_TEXT_IN_STRETCHING_RACK,
    eTextSections_TEXT_IN_FLOGGING_RACK,
    eTextSections_TEXT_IN_CHOPPING_BLOCK,
    eTextSections_TEXT_IN_DUNKING_STOOL,
    eTextSections_TEXT_IN_DOG_CAGE,
    eTextSections_TEXT_IN_STATUE,
    eTextSections_TEXT_IN_SHRINE,
    eTextSections_TEXT_IN_BEEHIVE,
    eTextSections_TEXT_IN_DANCING_BEAR,
    eTextSections_TEXT_IN_POND,
    eTextSections_TEXT_IN_BEAR_CAVE,
    eTextSections_TEXT_IN_WATERPOT,
    eTextSections_TEXT_IN_CATHEDRAL,
    eTextSections_TEXT_MAP_NAMES,
    eTextSections_TEXT_ALLIES = 224,
    eTextSections_TEXT_MP_RANK,
    eTextSections_TEXT_SCENARIO_OPP = 220,
    eTextSections_TEXT_SKIRMISH_SPEECH,
    eTextSections_TEXT_CUSTOM_HOOKS = 223,
    eTextSections_TEXT_NEW_PRE_ATTACK = 226,
    eTextSections_TEXT_CUSTOMISATION,
    eTextSections_TEXT_NEW_CTEXT,
    eTextSections_TEXT_MP_VERSION_CONTROL,
    eTextSections_TEXT_NEW_TEXT,
    eTextSections_TEXT_HOT_KEYS,
    eTextSections_TEXT_NEW_DEMO,
    eTextSections_TEXT_NEW_TEXT2,
    eTextSections_TEXT_SANDS_OF_TIME,
    eTextSections_TEXT_BUILDING_DESCRIPTIONS,
    eTextSections_TEXT_CREDITS,
    eTextSections_TEXT_SUBTITLES,
    eTextSections_TEXT_ECOBRIEFINGS,
    eTextSections_TEXT_OTHER,
    eTextSections_TEXT_SKIRMISH_MASTERS,
    eTextSections_TEXT_GAME_TYPE,
    eTextSections_TEXT_SKIRMISH_CHOOSE,
    eTextSections_TEXT_ROADMAP,
    eTextSections_TEXT_TRAIL_NAMES_CRU = 245,
    eTextSections_TEXT_EXTREME_DEMO = 247,
    eTextSections_TEXT_EXTREME_POWERS,
    eTextSections_TEXT_DEMO_GAMENAMES,
    eTextSections_TEXT_SKIRMISH_CHOOSE2,
    eTextSections_TEXT_SHC_STANDALONE,
    eTextSections_TEXT_SKIRMISH_MISC,
    eTextSections_TEXT_SKTRAIL_WIN,
    eTextSections_TEXT_ALLIES2,
    eTextSections_TEXT_SKMASTERS,
    eTextSections_TEXT_CHEATS,
    eTextSections_TEXT_MISC2,
    eTextSections_TEXT_ISLAMIC = 259,
    eTextSections_TEXT_COOP,
    eTextSections_TEXT_TROOP_HELP,
    eTextSections_TEXT_AI_LORD_HELP,
    eTextSections_TEXT_MISSION21_STORY = 270,
    eTextSections_TEXT_MISSION21_BRIEFING,
    eTextSections_TEXT_MISSION21_OBJECTIVES,
    eTextSections_TEXT_MISSION21_HINTS,
    eTextSections_TEXT_MISSION22_STORY,
    eTextSections_TEXT_MISSION22_BRIEFING,
    eTextSections_TEXT_MISSION22_OBJECTIVES,
    eTextSections_TEXT_MISSION22_HINTS,
    eTextSections_TEXT_MISSION23_STORY,
    eTextSections_TEXT_MISSION23_BRIEFING,
    eTextSections_TEXT_MISSION23_OBJECTIVES,
    eTextSections_TEXT_MISSION23_HINTS,
    eTextSections_TEXT_MISSION24_STORY,
    eTextSections_TEXT_MISSION24_BRIEFING,
    eTextSections_TEXT_MISSION24_OBJECTIVES,
    eTextSections_TEXT_MISSION24_HINTS,
    eTextSections_TEXT_MISSION25_STORY,
    eTextSections_TEXT_MISSION25_BRIEFING,
    eTextSections_TEXT_MISSION25_OBJECTIVES,
    eTextSections_TEXT_MISSION25_HINTS,
    eTextSections_TEXT_MISSION26_STORY,
    eTextSections_TEXT_MISSION26_BRIEFING,
    eTextSections_TEXT_MISSION26_OBJECTIVES,
    eTextSections_TEXT_MISSION26_HINTS,
    eTextSections_TEXT_MISSION27_STORY,
    eTextSections_TEXT_MISSION27_BRIEFING,
    eTextSections_TEXT_MISSION27_OBJECTIVES,
    eTextSections_TEXT_MISSION27_HINTS,
    eTextSections_TEXT_MISSION28_STORY,
    eTextSections_TEXT_MISSION28_BRIEFING,
    eTextSections_TEXT_MISSION28_OBJECTIVES,
    eTextSections_TEXT_MISSION28_HINTS,
    eTextSections_TEXT_MISSION29_STORY,
    eTextSections_TEXT_MISSION29_BRIEFING,
    eTextSections_TEXT_MISSION29_OBJECTIVES,
    eTextSections_TEXT_MISSION29_HINTS,
    eTextSections_TEXT_MISSION30_STORY,
    eTextSections_TEXT_MISSION30_BRIEFING,
    eTextSections_TEXT_MISSION30_OBJECTIVES,
    eTextSections_TEXT_MISSION30_HINTS,
    eTextSections_TEXT_MISSION31_STORY,
    eTextSections_TEXT_MISSION31_BRIEFING,
    eTextSections_TEXT_MISSION31_OBJECTIVES,
    eTextSections_TEXT_MISSION31_HINTS,
    eTextSections_TEXT_MISSION32_STORY,
    eTextSections_TEXT_MISSION32_BRIEFING,
    eTextSections_TEXT_MISSION32_OBJECTIVES,
    eTextSections_TEXT_MISSION32_HINTS,
    eTextSections_TEXT_MISSION33_STORY,
    eTextSections_TEXT_MISSION33_BRIEFING,
    eTextSections_TEXT_MISSION33_OBJECTIVES,
    eTextSections_TEXT_MISSION33_HINTS,
    eTextSections_TEXT_MISSION34_STORY,
    eTextSections_TEXT_MISSION34_BRIEFING,
    eTextSections_TEXT_MISSION34_OBJECTIVES,
    eTextSections_TEXT_MISSION34_HINTS,
    eTextSections_TEXT_MISSION35_STORY,
    eTextSections_TEXT_MISSION35_BRIEFING,
    eTextSections_TEXT_MISSION35_OBJECTIVES,
    eTextSections_TEXT_MISSION35_HINTS
} eTextSections;


typedef enum eTextValues
{
    eTextValues_TEXT_SCN_MESSAGE_LIBRARY = 1,
    eTextValues_TEXT_SCN_SCENARIO_EDITOR,
    eTextValues_TEXT_SCN_EXIT,
    eTextValues_TEXT_SCN_HELP,
    eTextValues_TEXT_SCN_TITLES,
    eTextValues_TEXT_SCN_BRIEFINGS,
    eTextValues_TEXT_SCN_ADVISER_PROMPTS,
    eTextValues_TEXT_SCN_CHARACTERS,
    eTextValues_TEXT_SCN_RAT,
    eTextValues_TEXT_SCN_SNAKE,
    eTextValues_TEXT_SCN_PIG,
    eTextValues_TEXT_SCN_WOLF,
    eTextValues_TEXT_SCN_TAUNT,
    eTextValues_TEXT_SCN_ANGER,
    eTextValues_TEXT_SCN_MOOD3,
    eTextValues_TEXT_SCN_MOOD4,
    eTextValues_TEXT_SCN_NEW_MESSAGE,
    eTextValues_TEXT_SCN_SELECT,
    eTextValues_TEXT_SCN_DELETE,
    eTextValues_TEXT_SCN_RELOAD,
    eTextValues_TEXT_SCN_SAVE,
    eTextValues_TEXT_SCN_SAVEEXIT,
    eTextValues_TEXT_SCN_EVENTS,
    eTextValues_TEXT_SCN_CIVIL,
    eTextValues_TEXT_SCN_MILITARY,
    eTextValues_TEXT_SCN_NARRATIVE,
    eTextValues_TEXT_SCN_MAX_TITLE_LENGTH,
    eTextValues_TEXT_SCN_PLAYWAV,
    eTextValues_TEXT_SCN_PLAYBINK,
    eTextValues_TEXT_SCN_NEW,
    eTextValues_TEXT_SCN_LOAD,
    eTextValues_TEXT_SCN_NAME,
    eTextValues_TEXT_SCN_MAPFILE,
    eTextValues_TEXT_SCN_TITLE,
    eTextValues_TEXT_SCN_BRIEFING,
    eTextValues_TEXT_SCN_CANCEL,
    eTextValues_TEXT_SCN_OK,
    eTextValues_TEXT_SCN_TRADER,
    eTextValues_TEXT_SCN_STARTDATE,
    eTextValues_TEXT_SCN_SELECT_MESSAGE,
    eTextValues_TEXT_SCN_START_GOODS,
    eTextValues_TEXT_SCN_NEW_INVASION,
    eTextValues_TEXT_SCN_NEW_EVENTS,
    eTextValues_TEXT_SCN_EDIT,
    eTextValues_TEXT_SCN_LOAD_MAPFILE,
    eTextValues_TEXT_SCN_INVASION,
    eTextValues_TEXT_SCN_MESSAGE,
    eTextValues_TEXT_SCN_EVENT,
    eTextValues_TEXT_SCN_LOAD_SCN,
    eTextValues_TEXT_SCN_WOOD_PLANKS,
    eTextValues_TEXT_SCN_HOPS,
    eTextValues_TEXT_SCN_STONE_BLOCKS,
    eTextValues_TEXT_SCN_IRON_INGOTS,
    eTextValues_TEXT_SCN_PITCH,
    eTextValues_TEXT_SCN_WHEAT,
    eTextValues_TEXT_SCN_BREAD,
    eTextValues_TEXT_SCN_CHEESE,
    eTextValues_TEXT_SCN_MEAT,
    eTextValues_TEXT_SCN_FRUIT,
    eTextValues_TEXT_SCN_ALE,
    eTextValues_TEXT_SCN_GOLD,
    eTextValues_TEXT_SCN_BOWS,
    eTextValues_TEXT_SCN_CROSSBOWS,
    eTextValues_TEXT_SCN_SPEARS,
    eTextValues_TEXT_SCN_PIKES,
    eTextValues_TEXT_SCN_MACES,
    eTextValues_TEXT_SCN_SWORDS,
    eTextValues_TEXT_SCN_LEATHER_ARMOUR,
    eTextValues_TEXT_SCN_METAL_ARMOUR,
    eTextValues_TEXT_SCN_ARCHER,
    eTextValues_TEXT_SCN_XBOWMAN,
    eTextValues_TEXT_SCN_SPEARMAN,
    eTextValues_TEXT_SCN_PIKEMAN,
    eTextValues_TEXT_SCN_MACEMAN,
    eTextValues_TEXT_SCN_SWORDSMAN,
    eTextValues_TEXT_SCN_KNIGHT,
    eTextValues_TEXT_SCN_LADDERMAN,
    eTextValues_TEXT_SCN_ENGINEER,
    eTextValues_TEXT_SCN_POPULARITY,
    eTextValues_TEXT_SCN_BUY,
    eTextValues_TEXT_SCN_SELL,
    eTextValues_TEXT_SCN_WEEKSOFFMAP,
    eTextValues_TEXT_SCN_WEEKSATMARKET,
    eTextValues_TEXT_SCN_AVAILABLE,
    eTextValues_TEXT_SCN_NOTAVAILABLE,
    eTextValues_TEXT_SCN_SAVE_ALL,
    eTextValues_TEXT_SCN_OTHER,
    eTextValues_TEXT_SCN_TYPE,
    eTextValues_TEXT_SCN_FROM,
    eTextValues_TEXT_SCN_SIZE,
    eTextValues_TEXT_SCN_ARCHERS,
    eTextValues_TEXT_SCN_XBOWMEN,
    eTextValues_TEXT_SCN_SPEARMEN,
    eTextValues_TEXT_SCN_PIKEMEN,
    eTextValues_TEXT_SCN_MACEMEN,
    eTextValues_TEXT_SCN_SWORDSMEN,
    eTextValues_TEXT_SCN_KNIGHTS,
    eTextValues_TEXT_SCN_LADDERMEN,
    eTextValues_TEXT_SCN_ENGINEERS,
    eTextValues_TEXT_SCN_EDIT_CONDITIONS,
    eTextValues_TEXT_SCN_EDIT_ACTIONS,
    eTextValues_TEXT_SCN_EVENT_CONDITIONS,
    eTextValues_TEXT_SCN_EVENT_ACTIONS,
    eTextValues_TEXT_SCN_ANY_OF_THESE,
    eTextValues_TEXT_SCN_ALL_OF_THESE,
    eTextValues_TEXT_SCN_EVENT_CONDITION0,
    eTextValues_TEXT_SCN_EVENT_CONDITION1,
    eTextValues_TEXT_SCN_EVENT_CONDITION2,
    eTextValues_TEXT_SCN_EVENT_CONDITION3,
    eTextValues_TEXT_SCN_EVENT_CONDITION4,
    eTextValues_TEXT_SCN_EVENT_CONDITION5,
    eTextValues_TEXT_SCN_EVENT_CONDITION6,
    eTextValues_TEXT_SCN_EVENT_CONDITION7,
    eTextValues_TEXT_SCN_EVENT_CONDITION8,
    eTextValues_TEXT_SCN_EVENT_CONDITION9,
    eTextValues_TEXT_SCN_EVENT_CONDITION10,
    eTextValues_TEXT_SCN_EVENT_CONDITION11,
    eTextValues_TEXT_SCN_EVENT_CONDITION12,
    eTextValues_TEXT_SCN_EVENT_CONDITION13,
    eTextValues_TEXT_SCN_EVENT_CONDITION14,
    eTextValues_TEXT_SCN_EVENT_CONDITION15,
    eTextValues_TEXT_SCN_EVENT_CONDITION16,
    eTextValues_TEXT_SCN_EVENT_CONDITION17,
    eTextValues_TEXT_SCN_EVENT_CONDITION18,
    eTextValues_TEXT_SCN_EVENT_CONDITION19,
    eTextValues_TEXT_SCN_ACTIVE,
    eTextValues_TEXT_SCN_INACTIVE,
    eTextValues_TEXT_SCN_ACTION1,
    eTextValues_TEXT_SCN_ACTION2,
    eTextValues_TEXT_SCN_ACTION3,
    eTextValues_TEXT_SCN_ACTION4,
    eTextValues_TEXT_SCN_ACTION5,
    eTextValues_TEXT_SCN_ACTION6,
    eTextValues_TEXT_SCN_ACTION7,
    eTextValues_TEXT_SCN_ACTION8,
    eTextValues_TEXT_SCN_ACTION9,
    eTextValues_TEXT_SCN_ACTION10,
    eTextValues_TEXT_SCN_ACTION11,
    eTextValues_TEXT_SCN_ACTION12,
    eTextValues_TEXT_SCN_ACTION13,
    eTextValues_TEXT_SCN_ACTION14,
    eTextValues_TEXT_SCN_ACTION15,
    eTextValues_TEXT_SCN_ACTION16,
    eTextValues_TEXT_SCN_ACTION17,
    eTextValues_TEXT_SCN_ACTION18,
    eTextValues_TEXT_SCN_ACTION19,
    eTextValues_TEXT_SCN_ACTION20,
    eTextValues_TEXT_SCN_ACTION21,
    eTextValues_TEXT_SCN_ACTION22,
    eTextValues_TEXT_SCN_ACTION23,
    eTextValues_TEXT_SCN_ACTION24,
    eTextValues_TEXT_SCN_ACTION25,
    eTextValues_TEXT_SCN_ACTION26,
    eTextValues_TEXT_SCN_ACTION27,
    eTextValues_TEXT_SCN_ACTION28,
    eTextValues_TEXT_SCN_ANY,
    eTextValues_TEXT_SCN_CATAPULT,
    eTextValues_TEXT_SCN_TREBUCHET,
    eTextValues_TEXT_SCN_BATTERINGRAM,
    eTextValues_TEXT_SCN_SIEGETOWER,
    eTextValues_TEXT_SCN_PORTABLESHIELD,
    eTextValues_TEXT_SCN_MONKS,
    eTextValues_TEXT_SCN_REPEAT,
    eTextValues_TEXT_SCN_ATTACKING_FORCE,
    eTextValues_TEXT_SCN_TOTAL,
    eTextValues_TEXT_SCN_RATIONING,
    eTextValues_TEXT_SCN_TAXRATE,
    eTextValues_TEXT_SCN_STARTING_GOLD,
    eTextValues_TEXT_SCN_STARTING_PITCH,
    eTextValues_TEXT_SCN_TUNNELERS,
    eTextValues_TEXT_SCN_BUILDING_AVAILABILITY,
    eTextValues_TEXT_SCN_ON,
    eTextValues_TEXT_SCN_OFF,
    eTextValues_TEXT_SCN_RANDOMEVENTS,
    eTextValues_TEXT_SCN_REPEAT_MONTHS,
    eTextValues_TEXT_SCN_REPEAT_COUNT,
    eTextValues_TEXT_SCN_ACTION29,
    eTextValues_TEXT_SCN_ACTION30,
    eTextValues_TEXT_SCN_ACTION31,
    eTextValues_TEXT_SCN_ACTION32,
    eTextValues_TEXT_SCN_ACTION33,
    eTextValues_TEXT_SCN_ACTION34,
    eTextValues_TEXT_SCN_ACTION35,
    eTextValues_TEXT_SCN_ACTION36,
    eTextValues_TEXT_SCN_ACTION37,
    eTextValues_TEXT_SCN_ACTION38,
    eTextValues_TEXT_SCN_ACTION39,
    eTextValues_TEXT_SCN_TROOPS,
    eTextValues_TEXT_SCN_WEAPONS,
    eTextValues_TEXT_SCN_EVENT_CONDITION20,
    eTextValues_TEXT_SCN_EVENT_CONDITION21,
    eTextValues_TEXT_SCN_EVENT_CONDITION22,
    eTextValues_TEXT_SCN_EVENT_CONDITION23,
    eTextValues_TEXT_SCN_EVENT_CONDITION24,
    eTextValues_TEXT_SCN_EVENT_CONDITION25,
    eTextValues_TEXT_SCN_EVENT_CONDITION26,
    eTextValues_TEXT_SCN_EVENT_CONDITION27,
    eTextValues_TEXT_SCN_EVENT_CONDITION28,
    eTextValues_TEXT_SCN_EVENT_CONDITION29,
    eTextValues_TEXT_SCN_EVENT_CONDITION30,
    eTextValues_TEXT_SCN_EVENT_CONDITION31,
    eTextValues_TEXT_SCN_EVENT_CONDITION32,
    eTextValues_TEXT_SCN_EVENT_CONDITION33,
    eTextValues_TEXT_SCN_EVENT_CONDITION34,
    eTextValues_TEXT_SCN_EVENT_CONDITION35,
    eTextValues_TEXT_SCN_EVENT_CONDITION36,
    eTextValues_TEXT_SCN_EVENT_CONDITION37,
    eTextValues_TEXT_SCN_EVENT_CONDITION38,
    eTextValues_TEXT_SCN_EVENT_CONDITION39,
    eTextValues_TEXT_SCN_MONTH,
    eTextValues_TEXT_SCN_MONTHS,
    eTextValues_TEXT_SCN_INVADE_NOW,
    eTextValues_TEXT_SCN_ALL,
    eTextValues_TEXT_SCN_KILL_ALL_ENEMY_LORDS,
    eTextValues_TEXT_SCN_ARAB_ARCHER,
    eTextValues_TEXT_SCN_ARAB_SLAVE,
    eTextValues_TEXT_SCN_ARAB_SLINGER,
    eTextValues_TEXT_SCN_ARAB_ASSASIN,
    eTextValues_TEXT_SCN_ARAB_HORSEARCHER,
    eTextValues_TEXT_SCN_ARAB_SWORDSMAN,
    eTextValues_TEXT_SCN_ARAB_GRENADIER,
    eTextValues_TEXT_SCN_ARAB_BALLISTA,
    eTextValues_TEXT_SCN_CRUSADER,
    eTextValues_TEXT_SCN_ARABIC,
    eTextValues_FEEDBACK_NULL = 0,
    eTextValues_FEEDBACK_IRON_NEEDED,
    eTextValues_FEEDBACK_PITCH_NEEDED,
    eTextValues_FEEDBACK_GOLD_NEEDED,
    eTextValues_FEEDBACK_WOOD_AND_STONE_NEEDED,
    eTextValues_FEEDBACK_WOOD_NEEDED,
    eTextValues_FEEDBACK_STONE_NEEDED,
    eTextValues_FEEDBACK_NO_FOOD_DISTRIBUTED,
    eTextValues_FEEDBACK_REVOLUTION,
    eTextValues_FEEDBACK_WOODCUTTERS_REVOLT,
    eTextValues_FEEDBACK_PLACEKEEP,
    eTextValues_FEEDBACK_PLACEGRANARY,
    eTextValues_TEXT_MAIN_STARTGAME = 1,
    eTextValues_TEXT_MAIN_MULTIGAME,
    eTextValues_TEXT_MAIN_GAMESPYARCADE,
    eTextValues_TEXT_MAIN_LOADGAME,
    eTextValues_TEXT_MAIN_EXITSTRONGHOLD,
    eTextValues_TEXT_MAIN_NEWIDENTITY,
    eTextValues_TEXT_MAIN_WELCOME,
    eTextValues_TEXT_MAIN_OK,
    eTextValues_TEXT_MAIN_START_CAMPAIGN,
    eTextValues_TEXT_MAIN_START_BUILDER,
    eTextValues_TEXT_MAIN_START_MAP,
    eTextValues_TEXT_MAIN_MAINOPTIONS,
    eTextValues_TEXT_MAIN_START_MISSION,
    eTextValues_TEXT_MAIN_QUIT_GAME,
    eTextValues_TEXT_MAIN_MISSION,
    eTextValues_TEXT_VICTORY,
    eTextValues_TEXT_DEFEAT,
    eTextValues_TEXT_MAIN_BACK,
    eTextValues_TEXT_MAIN_EASY,
    eTextValues_TEXT_MAIN_NORMAL,
    eTextValues_TEXT_MAIN_HARD,
    eTextValues_TEXT_MAIN_VERYHARD,
    eTextValues_TEXT_STARTING_MISSION,
    eTextValues_TEXT_DIFFICULTY,
    eTextValues_TEXT_MAIN_CHANGETITLE,
    eTextValues_TEXT_MAIN_BUTTON1,
    eTextValues_TEXT_MAIN_BUTTON2,
    eTextValues_TEXT_MAIN_BUTTON3,
    eTextValues_TEXT_MAIN_BUTTON4,
    eTextValues_TEXT_MAIN_BUTTON5,
    eTextValues_TEXT_MAIN_BUTTONX1,
    eTextValues_TEXT_MAIN_BUTTONX2,
    eTextValues_TEXT_MAIN_QUITX,
    eTextValues_BHELP_TEXT_CASTLE_BUILDINGS = 1,
    eTextValues_BHELP_TEXT_INDUSTRY_BUILDINGS,
    eTextValues_BHELP_TEXT_OTHER_BUILDINGS,
    eTextValues_BHELP_TEXT_REPORTS,
    eTextValues_BHELP_TEXT_TOWERS,
    eTextValues_BHELP_TEXT_GATEHOUSES,
    eTextValues_BHELP_TEXT_KEEPS,
    eTextValues_BHELP_TEXT_ARMOURY,
    eTextValues_BHELP_TEXT_BARRACKS_STONE,
    eTextValues_BHELP_TEXT_BARRACKS_WOOD,
    eTextValues_BHELP_TEXT_STABLES,
    eTextValues_BHELP_TEXT_STONE_WALLS,
    eTextValues_BHELP_TEXT_CRENAL,
    eTextValues_BHELP_TEXT_STAIRS,
    eTextValues_BHELP_TEXT_WOODEN_WALLS,
    eTextValues_BHELP_TEXT_BRAZIER,
    eTextValues_BHELP_TEXT_KILLINGS_PITS,
    eTextValues_BHELP_TEXT_SIEGE_TENT_1,
    eTextValues_BHELP_TEXT_SIEGE_TENT_2,
    eTextValues_BHELP_TEXT_SIEGE_TENT_3,
    eTextValues_BHELP_TEXT_TOWER_A,
    eTextValues_BHELP_TEXT_TOWER_B,
    eTextValues_BHELP_TEXT_TOWER_C,
    eTextValues_BHELP_TEXT_TOWER_D,
    eTextValues_BHELP_TEXT_TOWER_E,
    eTextValues_BHELP_TEXT_MOATS,
    eTextValues_BHELP_TEXT_GATEHOUSE_A,
    eTextValues_BHELP_TEXT_GATEHOUSE_B,
    eTextValues_BHELP_TEXT_GATEHOUSE_C,
    eTextValues_BHELP_TEXT_DRAWBRIDGE,
    eTextValues_BHELP_TEXT_MOAT,
    eTextValues_BHELP_TEXT_KEEPS_A,
    eTextValues_BHELP_TEXT_KEEPS_B,
    eTextValues_BHELP_TEXT_KEEPS_C,
    eTextValues_BHELP_TEXT_KEEPS_D,
    eTextValues_BHELP_TEXT_KEEPS_E,
    eTextValues_BHELP_TEXT_FARMS,
    eTextValues_BHELP_TEXT_WORKSHOPS,
    eTextValues_BHELP_TEXT_HOVEL,
    eTextValues_BHELP_TEXT_OUTPOST_BEDOUIN,
    eTextValues_BHELP_TEXT_QUARRY,
    eTextValues_BHELP_TEXT_WOODCUTTER,
    eTextValues_BHELP_TEXT_IRON_MINE,
    eTextValues_BHELP_TEXT_PITCH_DUGOUT,
    eTextValues_BHELP_TEXT_STOCKPILE,
    eTextValues_BHELP_TEXT_GRANARY,
    eTextValues_BHELP_TEXT_WELL,
    eTextValues_BHELP_TEXT_MILL,
    eTextValues_BHELP_TEXT_TRADEPOST,
    eTextValues_BHELP_TEXT_OX_TETHER,
    eTextValues_BHELP_TEXT_BLACKSMITHS_WORKSHOP,
    eTextValues_BHELP_TEXT_ARMOURERS_WORKSHOP,
    eTextValues_BHELP_TEXT_TANNERS_WORKSHOP,
    eTextValues_BHELP_TEXT_FLETCHERS_WORKSHOP,
    eTextValues_BHELP_TEXT_POLETURNERS_WORKSHOP,
    eTextValues_BHELP_TEXT_BAKERY,
    eTextValues_BHELP_TEXT_BREWERY,
    eTextValues_BHELP_TEXT_WHEAT_FARM,
    eTextValues_BHELP_TEXT_APPLE_ORCHARD,
    eTextValues_BHELP_TEXT_HOPS_FARM,
    eTextValues_BHELP_TEXT_CATTLE_FARM,
    eTextValues_BHELP_TEXT_HUNTERS_LODGE,
    eTextValues_BHELP_TEXT_CHURCHS,
    eTextValues_BHELP_TEXT_INN,
    eTextValues_BHELP_TEXT_HEALERS,
    eTextValues_BHELP_TEXT_ENGINEERS_GUILD,
    eTextValues_BHELP_TEXT_TUNNELLERS_GUILD,
    eTextValues_BHELP_TEXT_LATRINES,
    eTextValues_BHELP_TEXT_BARRED_WINDOWS,
    eTextValues_BHELP_TEXT_PARAPETS,
    eTextValues_BHELP_TEXT_GALLOWS,
    eTextValues_BHELP_TEXT_MAYPOLE,
    eTextValues_BHELP_TEXT_ARCHERY_TARGETS,
    eTextValues_BHELP_TEXT_TROOP_TARGETS,
    eTextValues_BHELP_TEXT_STOCKS,
    eTextValues_BHELP_TEXT_SPEARMAN,
    eTextValues_BHELP_TEXT_PIKEMAN,
    eTextValues_BHELP_TEXT_ARCHER,
    eTextValues_BHELP_TEXT_CROSSBOWMAN,
    eTextValues_BHELP_TEXT_MACEMAN,
    eTextValues_BHELP_TEXT_SWORDSMAN,
    eTextValues_BHELP_TEXT_KNIGHT,
    eTextValues_BHELP_TEXT_SPEAR,
    eTextValues_BHELP_TEXT_PIKE,
    eTextValues_BHELP_TEXT_BOW,
    eTextValues_BHELP_TEXT_CROSSBOW,
    eTextValues_BHELP_TEXT_MACE,
    eTextValues_BHELP_TEXT_SWORD,
    eTextValues_BHELP_TEXT_LEATHER_ARMOUR,
    eTextValues_BHELP_TEXT_METAL_ARMOUR,
    eTextValues_BHELP_TEXT_GATEHOUSE_D,
    eTextValues_BHELP_TEXT_ANTIMOAT,
    eTextValues_BHELP_TEXT_CASTLE_DECORATIONS,
    eTextValues_BHELP_TEXT_DWELLINGS,
    eTextValues_BHELP_TEXT_FLAG_1,
    eTextValues_BHELP_TEXT_FLAG_2,
    eTextValues_BHELP_TEXT_FLAG_3,
    eTextValues_BHELP_TEXT_CREST,
    eTextValues_BHELP_TEXT_CREST_2,
    eTextValues_BHELP_TEXT_BANNER,
    eTextValues_BHELP_TEXT_WOODEN_CHURCH,
    eTextValues_BHELP_TEXT_STONE_CHURCH,
    eTextValues_BHELP_TEXT_CATHEDRAL,
    eTextValues_BHELP_TEXT_SHRUB_GARDEN,
    eTextValues_BHELP_TEXT_VEGETABLE_GARDEN,
    eTextValues_BHELP_TEXT_TOWN_GARDEN,
    eTextValues_BHELP_TEXT_LARGE_GARDEN,
    eTextValues_BHELP_TEXT_COMMUNIAL_GARDEN,
    eTextValues_BHELP_TEXT_FINGER_PRESS,
    eTextValues_BHELP_TEXT_THUMB_SCREW,
    eTextValues_BHELP_TEXT_STAKE,
    eTextValues_BHELP_TEXT_FLOGGING_HORSE,
    eTextValues_BHELP_TEXT_TRAVELLING_FAIR,
    eTextValues_BHELP_TEXT_JOUSTING,
    eTextValues_BHELP_TEXT_DUNKING_STOOL,
    eTextValues_BHELP_TEXT_GARDEN_6,
    eTextValues_BHELP_TEXT_GARDEN_7,
    eTextValues_BHELP_TEXT_GARDEN_8,
    eTextValues_BHELP_TEXT_GARDEN_9,
    eTextValues_BHELP_TEXT_GARDEN_10,
    eTextValues_BHELP_TEXT_GARDEN_11,
    eTextValues_BHELP_TEXT_GARDEN_12,
    eTextValues_BHELP_TEXT_MILITARY_BUILDINGS,
    eTextValues_BHELP_TEXT_GARDENS,
    eTextValues_BHELP_TEXT_PUNISHMENTS,
    eTextValues_BHELP_TEXT_AMUSEMENTS,
    eTextValues_BHELP_TEXT_FOOD_BUILDINGS,
    eTextValues_BHELP_TEXT_OPTIONS,
    eTextValues_BHELP_TEXT_BACKTOCASTLES,
    eTextValues_BHELP_TEXT_BACKTOINDUSTRY,
    eTextValues_BHELP_TEXT_BACKTOTOWN,
    eTextValues_BHELP_TEXT_BACKTOFOOD,
    eTextValues_BHELP_TEXT_MANGONEL,
    eTextValues_BHELP_TEXT_CATAPULT,
    eTextValues_BHELP_TEXT_TREBUCHET,
    eTextValues_BHELP_TEXT_SIEGE_TOWER,
    eTextValues_BHELP_TEXT_BATTERING_RAM,
    eTextValues_BHELP_TEXT_PORTABLE_SHIELD,
    eTextValues_BHELP_TEXT_OIL_SMELTER,
    eTextValues_BHELP_TEXT_OUTPOST_ARAB,
    eTextValues_BHELP_TEXT_OUTPOST,
    eTextValues_BHELP_TEXT_GAME,
    eTextValues_BHELP_TEXT_BRUSH_SIZE,
    eTextValues_BHELP_TEXT_SNAP,
    eTextValues_BHELP_TEXT_DELETE,
    eTextValues_BHELP_TEXT_HEIGHT_MODE,
    eTextValues_BHELP_TEXT_LAND_MODE,
    eTextValues_BHELP_TEXT_VEG_MODE,
    eTextValues_BHELP_TEXT_ANIMAL_MODE,
    eTextValues_BHELP_TEXT_WATER_MODE,
    eTextValues_BHELP_TEXT_FEATURE_MODE,
    eTextValues_BHELP_TEXT_RAISE,
    eTextValues_BHELP_TEXT_LOWER,
    eTextValues_BHELP_TEXT_MIN,
    eTextValues_BHELP_TEXT_MAX,
    eTextValues_BHELP_TEXT_EQUALIZE,
    eTextValues_BHELP_TEXT_MOUNTAIN,
    eTextValues_BHELP_TEXT_HILL,
    eTextValues_BHELP_TEXT_MID_PLAIN,
    eTextValues_BHELP_TEXT_HI_PLAIN,
    eTextValues_BHELP_TEXT_LAND,
    eTextValues_BHELP_TEXT_GRASS,
    eTextValues_BHELP_TEXT_ROCKS,
    eTextValues_BHELP_TEXT_PEBBLES,
    eTextValues_BHELP_TEXT_BOULDERS,
    eTextValues_BHELP_TEXT_IRON,
    eTextValues_BHELP_TEXT_DIRT,
    eTextValues_BHELP_TEXT_STONES,
    eTextValues_BHELP_TEXT_CHESTNUT,
    eTextValues_BHELP_TEXT_OAK,
    eTextValues_BHELP_TEXT_PINE,
    eTextValues_BHELP_TEXT_BIRCH,
    eTextValues_BHELP_TEXT_SHRUB,
    eTextValues_BHELP_TEXT_DEER,
    eTextValues_BHELP_TEXT_WOLF,
    eTextValues_BHELP_TEXT_RABBIT,
    eTextValues_BHELP_TEXT_BEAR,
    eTextValues_BHELP_TEXT_SEAGULL,
    eTextValues_BHELP_TEXT_CROW,
    eTextValues_BHELP_TEXT_SEA,
    eTextValues_BHELP_TEXT_SHALLOW,
    eTextValues_BHELP_TEXT_BEACH,
    eTextValues_BHELP_TEXT_MARSH,
    eTextValues_BHELP_TEXT_OIL,
    eTextValues_BHELP_TEXT_RIVER,
    eTextValues_BHELP_TEXT_FORD,
    eTextValues_BHELP_TEXT_FOAM,
    eTextValues_BHELP_TEXT_RIPPLE,
    eTextValues_BHELP_TEXT_BIGROCK1,
    eTextValues_BHELP_TEXT_BIGROCK2,
    eTextValues_BHELP_TEXT_BIGROCK3,
    eTextValues_BHELP_TEXT_BIGROCK4,
    eTextValues_BHELP_TEXT_BIGROCK5,
    eTextValues_BHELP_TEXT_BIGROCK = 189,
    eTextValues_BHELP_TEXT_ROCKSIZE,
    eTextValues_BHELP_TEXT_ROCKTYPE,
    eTextValues_BHELP_TEXT_ROCKDIR,
    eTextValues_BHELP_TEXT_SIGNPOST = 194,
    eTextValues_BHELP_TEXT_ESTUARY,
    eTextValues_BHELP_TEXT_UNDO,
    eTextValues_BHELP_TEXT_BALLISTA,
    eTextValues_BHELP_TEXT_POUR_OIL,
    eTextValues_BHELP_TEXT_PATROL,
    eTextValues_BHELP_TEXT_DISBAND,
    eTextValues_BHELP_TEXT_TUNNELHERE,
    eTextValues_BHELP_TEXT_ATTACKHERE,
    eTextValues_BHELP_TEXT_LAUNCH_COW,
    eTextValues_BHELP_TEXT_PITCH_DITCH,
    eTextValues_BHELP_TEXT_MP_KEEP1,
    eTextValues_BHELP_TEXT_MP_KEEP2,
    eTextValues_BHELP_TEXT_MP_KEEP3,
    eTextValues_BHELP_TEXT_MP_KEEP4,
    eTextValues_BHELP_TEXT_MP_KEEP5,
    eTextValues_BHELP_TEXT_MP_KEEP6,
    eTextValues_BHELP_TEXT_MP_KEEP7,
    eTextValues_BHELP_TEXT_MP_KEEP8,
    eTextValues_BHELP_TEXT_FOODPROCESS_BUILDINGS,
    eTextValues_BHELP_TEXT_WEAPONS_BUILDINGS,
    eTextValues_BHELP_TEXT_FLAG_4,
    eTextValues_BHELP_TEXT_REPORTS1,
    eTextValues_BHELP_TEXT_REPORTS2,
    eTextValues_BHELP_TEXT_REPORTS3,
    eTextValues_BHELP_TEXT_REPORTS4,
    eTextValues_BHELP_TEXT_REPORTS5,
    eTextValues_BHELP_TEXT_REPORTS6,
    eTextValues_BHELP_TEXT_REPORTS7,
    eTextValues_BHELP_TEXT_REPORTS8,
    eTextValues_BHELP_TEXT_HORSE,
    eTextValues_BHELP_TEXT_BACK_TO_BUILDER,
    eTextValues_BHELP_TEXT_FRONTEND_SHIELD1,
    eTextValues_BHELP_TEXT_FRONTEND_SHIELD2,
    eTextValues_BHELP_TEXT_FRONTEND_SHIELD3,
    eTextValues_BHELP_TEXT_FRONTEND_SHIELD4,
    eTextValues_BHELP_TEXT_FRONTEND_QUIT,
    eTextValues_BHELP_TEXT_RUINS1,
    eTextValues_BHELP_TEXT_PEOPLE,
    eTextValues_BHELP_TEXT_RUINS,
    eTextValues_BHELP_TEXT_SELECT_SPEARMEN,
    eTextValues_BHELP_TEXT_SELECT_ARCHERS,
    eTextValues_BHELP_TEXT_SELECT_ENGINEERS,
    eTextValues_BHELP_TEXT_SELECT_PIKEMEN,
    eTextValues_BHELP_TEXT_SELECT_MACEMEN,
    eTextValues_BHELP_TEXT_SELECT_SWORDSMEN,
    eTextValues_BHELP_TEXT_SELECT_XBOWMEN,
    eTextValues_BHELP_TEXT_SELECT_KNIGHTS,
    eTextValues_BHELP_TEXT_SELECT_MONKS,
    eTextValues_BHELP_TEXT_SELECT_LADDERMEN,
    eTextValues_BHELP_TEXT_ARCHERS,
    eTextValues_BHELP_TEXT_SPEARMEN,
    eTextValues_BHELP_TEXT_PIKEMEN,
    eTextValues_BHELP_TEXT_MACEMEN,
    eTextValues_BHELP_TEXT_XBOWMEN,
    eTextValues_BHELP_TEXT_SWORDSMEN,
    eTextValues_BHELP_TEXT_KNIGHTS,
    eTextValues_BHELP_TEXT_LADDERMEN,
    eTextValues_BHELP_TEXT_ENGINEERS,
    eTextValues_BHELP_TEXT_ENGINEERS_POTS,
    eTextValues_BHELP_TEXT_MONKS,
    eTextValues_BHELP_TEXT_TUNNELERS,
    eTextValues_BHELP_TEXT_SELECT_TUNNELERS,
    eTextValues_BHELP_TEXT_REPAIR,
    eTextValues_BHELP_TEXT_FRONTEND_COMBAT_SHIELD1,
    eTextValues_BHELP_TEXT_FRONTEND_COMBAT_SHIELD2,
    eTextValues_BHELP_TEXT_FRONTEND_COMBAT_SHIELD3,
    eTextValues_BHELP_TEXT_FRONTEND_COMBAT_SHIELD4,
    eTextValues_BHELP_TEXT_FRONTEND_ECONOMICS_SHIELD1,
    eTextValues_BHELP_TEXT_FRONTEND_ECONOMICS_SHIELD2,
    eTextValues_BHELP_TEXT_FRONTEND_ECONOMICS_SHIELD3,
    eTextValues_BHELP_TEXT_FRONTEND_ECONOMICS_SHIELD4,
    eTextValues_BHELP_TEXT_FRONTEND_BUILDER_SHIELD1,
    eTextValues_BHELP_TEXT_FRONTEND_BUILDER_SHIELD2,
    eTextValues_BHELP_TEXT_FRONTEND_BUILDER_SHIELD3,
    eTextValues_BHELP_TEXT_FRONTEND_BUILDER_SHIELD4,
    eTextValues_BHELP_TEXT_FRONTEND_BACK,
    eTextValues_BHELP_TEXT_CESSPIT,
    eTextValues_BHELP_TEXT_BURNING_STAKE,
    eTextValues_BHELP_TEXT_GIBBET,
    eTextValues_BHELP_TEXT_DUNGEON,
    eTextValues_BHELP_TEXT_STRETCHING_RACK,
    eTextValues_BHELP_TEXT_FLOGGING_RACK,
    eTextValues_BHELP_TEXT_CHOPPING_BLOCK,
    eTextValues_BHELP_TEXT_DUNKING_STOOL2,
    eTextValues_BHELP_TEXT_DOG_CAGE,
    eTextValues_BHELP_TEXT_STATUE,
    eTextValues_BHELP_TEXT_SHRINE,
    eTextValues_BHELP_TEXT_BEE_HIVE,
    eTextValues_BHELP_TEXT_DANCING_BEAR,
    eTextValues_BHELP_TEXT_POND,
    eTextValues_BHELP_TEXT_BEAR_CAVE,
    eTextValues_BHELP_TEXT_FRONTEND_TUTORIAL,
    eTextValues_BHELP_TEXT_STANCE_STAND,
    eTextValues_BHELP_TEXT_STANCE_DEFENSIVE,
    eTextValues_BHELP_TEXT_STANCE_AGGRESSIVE,
    eTextValues_BHELP_TEXT_STOP,
    eTextValues_BHELP_TEXT_BUILD,
    eTextValues_BHELP_TEXT_BUILD_BACK,
    eTextValues_BHELP_TEXT_SELECT_CATAPULTS,
    eTextValues_BHELP_TEXT_SELECT_TREBUCHETS,
    eTextValues_BHELP_TEXT_SELECT_BATTERINGRAMS,
    eTextValues_BHELP_TEXT_SELECT_SIEGETOWERS,
    eTextValues_BHELP_TEXT_SELECT_PORTABLESHIELDS,
    eTextValues_BHELP_TEXT_SELECT_MANGONELS,
    eTextValues_BHELP_TEXT_SELECT_BALLISTAS,
    eTextValues_BHELP_TEXT_POND_LARGE,
    eTextValues_BHELP_TEXT_FRONTEND_CREDITS,
    eTextValues_BHELP_TEXT_BRIEF_STARTGAME,
    eTextValues_BHELP_TEXT_BRIEF_TUTORIAL,
    eTextValues_BHELP_TEXT_BRIEF_HINTS,
    eTextValues_BHELP_TEXT_BRIEF_OBJECTIVES,
    eTextValues_BHELP_TEXT_BRIEF_REPLAYSTORY,
    eTextValues_BHELP_TEXT_NO_MAP_EDITOR,
    eTextValues_BHELP_TEXT_AMMO,
    eTextValues_BHELP_TEXT_HEADS_ON_SPIKES,
    eTextValues_BHELP_TEXT_FE_SECTION_1,
    eTextValues_BHELP_TEXT_FE_SECTION_2,
    eTextValues_BHELP_TEXT_FE_SECTION_3,
    eTextValues_BHELP_TEXT_FE_SECTION_4,
    eTextValues_BHELP_TEXT_PEOPLE2,
    eTextValues_BHELP_TEXT_ARAB_BOW,
    eTextValues_BHELP_TEXT_ARAB_SLAVE,
    eTextValues_BHELP_TEXT_ARAB_SLINGER,
    eTextValues_BHELP_TEXT_ARAB_ASSASIN,
    eTextValues_BHELP_TEXT_ARAB_HORSEMAN,
    eTextValues_BHELP_TEXT_ARAB_SWORDSMAN,
    eTextValues_BHELP_TEXT_ARAB_GRENADIER,
    eTextValues_BHELP_TEXT_ARAB_BALLISTA,
    eTextValues_BHELP_TEXT_SELECT_LORD,
    eTextValues_BHELP_TEXT_SELECT_ARAB_BOW,
    eTextValues_BHELP_TEXT_SELECT_ARAB_SLAVE,
    eTextValues_BHELP_TEXT_SELECT_ARAB_SLINGER,
    eTextValues_BHELP_TEXT_SELECT_ARAB_ASSASIN,
    eTextValues_BHELP_TEXT_SELECT_ARAB_HORSEMAN,
    eTextValues_BHELP_TEXT_SELECT_ARAB_SWORDSMAN,
    eTextValues_BHELP_TEXT_SELECT_ARAB_GRENADIER,
    eTextValues_BHELP_TEXT_SELECT_ARAB_BALLISTA,
    eTextValues_BHELP_TEXT_WATERPOT,
    eTextValues_BHELP_TEXT_MAX_LIMIT,
    eTextValues_BHELP_TEXT_TEAM_OK,
    eTextValues_BHELP_TEXT_TEAM_CANCEL,
    eTextValues_BHELP_TEXT_TEAM_PLAYER,
    eTextValues_BHELP_TEXT_TEAM_LEAVE,
    eTextValues_BHELP_TEXT_ADD_CPU,
    eTextValues_BHELP_TEXT_SETUP_TEAMS,
    eTextValues_BHELP_TEXT_XP_KICK,
    eTextValues_BHELP_TEXT_ALLIES,
    eTextValues_BHELP_TEXT_POSITIONS,
    eTextValues_BHELP_TEXT_RANDOM_CPU,
    eTextValues_BHELP_TEXT_DIRECTX,
    eTextValues_BHELP_TEXT_FRONTEND_SHIELDX1,
    eTextValues_BHELP_TEXT_FRONTEND_SHIELDX2,
    eTextValues_BHELP_TEXT_FRONTEND_SHIELDX3,
    eTextValues_BHELP_TEXT_BEDOUIN_STOCKADE,
    eTextValues_BHELP_TEXT_BEDOUIN_CAMEL_LANCER,
    eTextValues_BHELP_TEXT_BEDOUIN_HEALER,
    eTextValues_BHELP_TEXT_BEDOUIN_EUNUCH,
    eTextValues_BHELP_TEXT_BEDOUIN_AMBUSHER,
    eTextValues_BHELP_TEXT_BEDOUIN_SKIRMISHER,
    eTextValues_BHELP_TEXT_BEDOUIN_HEAVY_CAMEL,
    eTextValues_BHELP_TEXT_BEDOUIN_SAPPER,
    eTextValues_BHELP_TEXT_BEDOUIN_DEMOLISHER,
    eTextValues_TEXT_WR_LOAD = 1,
    eTextValues_TEXT_WR_CANCEL,
    eTextValues_TEXT_WR_READY,
    eTextValues_TEXT_WR_LAUNCHGAME,
    eTextValues_TEXT_WR_WAITING,
    eTextValues_TEXT_WR_NOTREADY,
    eTextValues_TEXT_WR_PREVIEW,
    eTextValues_TEXT_WR_CLICKTO,
    eTextValues_TEXT_WR_TRADING,
    eTextValues_TEXT_WR_WEAPONS,
    eTextValues_TEXT_WR_FOOD,
    eTextValues_TEXT_WR_GOODS,
    eTextValues_TEXT_WR_RESOURCES,
    eTextValues_TEXT_WR_GOLD,
    eTextValues_TEXT_WR_POPULARITY,
    eTextValues_TEXT_WR_START_GOODS,
    eTextValues_TEXT_WR_NONE,
    eTextValues_TEXT_WR_LOW,
    eTextValues_TEXT_WR_MED,
    eTextValues_TEXT_WR_HIGH,
    eTextValues_TEXT_WR_CUSTOM,
    eTextValues_TEXT_WR_START_TROOPS,
    eTextValues_TEXT_WR_NONE2,
    eTextValues_TEXT_WR_FEW,
    eTextValues_TEXT_WR_SOME,
    eTextValues_TEXT_WR_MANY,
    eTextValues_TEXT_WR_CUSTOM2,
    eTextValues_TEXT_WR_PLAYERS,
    eTextValues_TEXT_WR_STATUS,
    eTextValues_TEXT_WR_TEAM,
    eTextValues_TEXT_WR_SAXONHALL,
    eTextValues_TEXT_WR_WOODENKEEP,
    eTextValues_TEXT_WR_STONEKEEP,
    eTextValues_TEXT_WR_FORTRESS,
    eTextValues_TEXT_WR_STRONGHOLD,
    eTextValues_TEXT_WR_WINCONDITION1,
    eTextValues_TEXT_WR_WINCONDITION2,
    eTextValues_TEXT_WR_WINCONDITION3,
    eTextValues_TEXT_WR_WINCONDITION4,
    eTextValues_TEXT_WR_WINCONDITION5,
    eTextValues_TEXT_WR_WINCONDITION6,
    eTextValues_TEXT_WR_WINCONDITION7,
    eTextValues_TEXT_WR_WINCONDITION8,
    eTextValues_TEXT_WR_WINCONDITION9,
    eTextValues_TEXT_WR_WINCONDITION10,
    eTextValues_TEXT_WR_LSAXONHALL,
    eTextValues_TEXT_WR_LWOODENKEEP,
    eTextValues_TEXT_WR_LSTONEKEEP,
    eTextValues_TEXT_WR_LFORTRESS,
    eTextValues_TEXT_WR_LSTRONGHOLD,
    eTextValues_TEXT_WR_LWINCONDITION1,
    eTextValues_TEXT_WR_LWINCONDITION2,
    eTextValues_TEXT_WR_LWINCONDITION3,
    eTextValues_TEXT_WR_LWINCONDITION4,
    eTextValues_TEXT_WR_LWINCONDITION5,
    eTextValues_TEXT_WR_LWINCONDITION6,
    eTextValues_TEXT_WR_LWINCONDITION7,
    eTextValues_TEXT_WR_LWINCONDITION8,
    eTextValues_TEXT_WR_LWINCONDITION9,
    eTextValues_TEXT_WR_LWINCONDITION10,
    eTextValues_TEXT_WR_NO,
    eTextValues_TEXT_WR_NAME,
    eTextValues_TEXT_MP_GAME_OVER,
    eTextValues_TEXT_MP_WINS,
    eTextValues_TEXT_SA_STARTGAME,
    eTextValues_TEXT_SA_JUSTBUILD,
    eTextValues_TEXT_SA_NONCOMBAT,
    eTextValues_TEXT_SA_COMBATSIEGE,
    eTextValues_TEXT_SA_LEVEL,
    eTextValues_TEXT_SA_EASY,
    eTextValues_TEXT_SA_NORMAL,
    eTextValues_TEXT_SA_HARD,
    eTextValues_TEXT_SA_VERYHARD,
    eTextValues_TEXT_SA_ADVANCED,
    eTextValues_TEXT_SA_POINTS,
    eTextValues_TEXT_SA_COMBATINVASION,
    eTextValues_TEXT_SA_ATTACK,
    eTextValues_TEXT_SA_DEFEND,
    eTextValues_TEXT_WR_EARLY,
    eTextValues_TEXT_WR_MIDDLE,
    eTextValues_TEXT_WR_LATE,
    eTextValues_TEXT_WR_GAMESPEED,
    eTextValues_TEXT_WR_FREETROOPS,
    eTextValues_TEXT_WR_GOLDTROOPS,
    eTextValues_TEXT_WR_TECHLEVEL,
    eTextValues_TEXT_WR_TROOPS,
    eTextValues_TEXT_WR_SET_READY_STATE,
    eTextValues_TEXT_WR_POINTS,
    eTextValues_TEXT_WR_LEFTGAME,
    eTextValues_TEXT_WR_KINGPOINTS,
    eTextValues_TEXT_WR_EJECT,
    eTextValues_TEXT_WR_YOUWEREEJECTED,
    eTextValues_TEXT_WR_CONNECTION_OPTIONS,
    eTextValues_TEXT_WR_AUTOSAVE,
    eTextValues_TEXT_WR_OFF,
    eTextValues_TEXT_WR_5MINS,
    eTextValues_TEXT_WR_10MINS,
    eTextValues_TEXT_WR_20MINS,
    eTextValues_TEXT_WR_WALLS,
    eTextValues_TEXT_WR_ALLIES,
    eTextValues_TEXT_WR_ANYTIME,
    eTextValues_TEXT_WR_STARTONLY,
    eTextValues_TEXT_WR_PLAYOPTIONS,
    eTextValues_TEXT_WR_NO_ALLIANCES,
    eTextValues_TEXT_WR_SENDMAP,
    eTextValues_TEXT_WR_SENDMAPTO,
    eTextValues_TEXT_WR_RECEIVINGMAP,
    eTextValues_TEXT_WR_PLEASEWAIT,
    eTextValues_TEXT_WR_FOGOFWAR,
    eTextValues_TEXT_WR_REVEALMAP,
    eTextValues_TEXT_WR_RAT1,
    eTextValues_TEXT_WR_RAT2,
    eTextValues_TEXT_WR_RAT3,
    eTextValues_TEXT_WR_RAT4,
    eTextValues_TEXT_WR_RAT5,
    eTextValues_TEXT_WR_RAT6,
    eTextValues_TEXT_WR_RAT7,
    eTextValues_TEXT_WR_RAT8,
    eTextValues_TEXT_WR_SNAKE1,
    eTextValues_TEXT_WR_SNAKE2,
    eTextValues_TEXT_WR_SNAKE3,
    eTextValues_TEXT_WR_SNAKE4,
    eTextValues_TEXT_WR_SNAKE5,
    eTextValues_TEXT_WR_SNAKE6,
    eTextValues_TEXT_WR_SNAKE7,
    eTextValues_TEXT_WR_SNAKE8,
    eTextValues_TEXT_WR_PIG1,
    eTextValues_TEXT_WR_PIG2,
    eTextValues_TEXT_WR_PIG3,
    eTextValues_TEXT_WR_PIG4,
    eTextValues_TEXT_WR_PIG5,
    eTextValues_TEXT_WR_PIG6,
    eTextValues_TEXT_WR_PIG7,
    eTextValues_TEXT_WR_PIG8,
    eTextValues_TEXT_WR_WOLF1,
    eTextValues_TEXT_WR_WOLF2,
    eTextValues_TEXT_WR_WOLF3,
    eTextValues_TEXT_WR_WOLF4 = 118,
    eTextValues_TEXT_WR_WOLF5 = 139,
    eTextValues_TEXT_WR_WOLF6,
    eTextValues_TEXT_WR_WOLF7,
    eTextValues_TEXT_WR_WOLF8,
    eTextValues_TEXT_WR_AI5,
    eTextValues_TEXT_WR_AI6 = 151,
    eTextValues_TEXT_WR_AI7 = 159,
    eTextValues_TEXT_WR_AI8 = 167,
    eTextValues_TEXT_WR_AI9 = 175,
    eTextValues_TEXT_WR_AI10 = 183,
    eTextValues_TEXT_WR_AI11 = 191,
    eTextValues_TEXT_WR_AI12 = 199,
    eTextValues_TEXT_WR_AI13 = 207,
    eTextValues_TEXT_WR_AI14 = 215,
    eTextValues_TEXT_WR_AI15 = 223,
    eTextValues_TEXT_WR_AI16 = 231,
    eTextValues_TEXT_WR_AI_TYPE1 = 239,
    eTextValues_TEXT_WR_AI_NAME1,
    eTextValues_TEXT_WR_AI_TYPE2 = 248,
    eTextValues_TEXT_WR_AI_NAME2,
    eTextValues_TEXT_WR_AI_TYPE3 = 257,
    eTextValues_TEXT_WR_AI_NAME3,
    eTextValues_TEXT_WR_AI_TYPE4 = 266,
    eTextValues_TEXT_WR_AI_NAME4,
    eTextValues_TEXT_WR_AI_TYPE5 = 275,
    eTextValues_TEXT_WR_AI_NAME5,
    eTextValues_TEXT_WR_AI_TYPE6 = 284,
    eTextValues_TEXT_WR_AI_NAME6,
    eTextValues_TEXT_WR_AI_TYPE7 = 293,
    eTextValues_TEXT_WR_AI_NAME7,
    eTextValues_TEXT_WR_AI_TYPE8 = 302,
    eTextValues_TEXT_WR_AI_NAME8,
    eTextValues_TEXT_WR_AI_TYPE9 = 311,
    eTextValues_TEXT_WR_AI_NAME9,
    eTextValues_TEXT_WR_AI_TYPE10 = 320,
    eTextValues_TEXT_WR_AI_NAME10,
    eTextValues_TEXT_WR_AI_TYPE11 = 329,
    eTextValues_TEXT_WR_AI_NAME11,
    eTextValues_TEXT_WR_AI_TYPE12 = 338,
    eTextValues_TEXT_WR_AI_NAME12,
    eTextValues_TEXT_WR_AI_TYPE13 = 347,
    eTextValues_TEXT_WR_AI_NAME13,
    eTextValues_TEXT_WR_AI_TYPE14 = 356,
    eTextValues_TEXT_WR_AI_NAME14,
    eTextValues_TEXT_WR_AI_TYPE15 = 365,
    eTextValues_TEXT_WR_AI_NAME15,
    eTextValues_TEXT_WR_AI_TYPE16 = 374,
    eTextValues_TEXT_WR_AI_NAME16,
    eTextValues_TEXT_WR_AI_NAME = 383,
    eTextValues_TEXT_WR_AI_DESC,
    eTextValues_TEXT_WR_AI_DESC1,
    eTextValues_TEXT_WR_CHOOSE_OPP = 401,
    eTextValues_TEXT_WR_HUMAN,
    eTextValues_TEXT_WR_THIS_YOU,
    eTextValues_TEXT_WR_HUMAN_OPP,
    eTextValues_TEXT_WR_CPU_OPP,
    eTextValues_TEXT_WR_IN_TEAM1,
    eTextValues_TEXT_WR_IN_TEAM2,
    eTextValues_TEXT_WR_IN_TEAM3,
    eTextValues_TEXT_WR_IN_TEAM4,
    eTextValues_TEXT_WR_BALANCED_ABBR,
    eTextValues_TEXT_WR_BALANCED,
    eTextValues_TEXT_WR_UNBALANCED,
    eTextValues_TEXT_WR_SKIRMISH_MASTERS,
    eTextValues_TEXT_ALLY_TITLE = 0,
    eTextValues_TEXT_ALLY_GOODS_REQ,
    eTextValues_TEXT_ALLY_ORDERS,
    eTextValues_TEXT_ALLY_NONE,
    eTextValues_TEXT_ALLY_HELP_NEED,
    eTextValues_TEXT_ALLY_SET_ORDERS,
    eTextValues_TEXT_ALLY_SEND_GOODS,
    eTextValues_TEXT_ALLY_REQ_GOODS,
    eTextValues_TEXT_ALLY_NO_ORDER,
    eTextValues_TEXT_ALLY_DEFEND_ME,
    eTextValues_TEXT_ALLY_ATTACK,
    eTextValues_TEXT_ALLY_AMOUNT,
    eTextValues_TEXT_ALLY_REQUESTS,
    eTextValues_TEXT_ALLY_CHOOSE_GOODS,
    eTextValues_TEXT_ALLY_CHOOSE_AMOUNT,
    eTextValues_TEXT_ALLY_SEND_REQUESTED,
    eTextValues_TEXT_ALLY_ORDERSLABEL,
    eTextValues_TEXT_ALLY_DEFEND,
    eTextValues_TEXT_ALLY_YOU,
    eTextValues_TEXT_ALLY_NO_ALLIES,
    eTextValues_TEXT_MP_REQUEST_DEFEND = 70,
    eTextValues_TEXT_MP_REQUEST_ATTACK,
    eTextValues_TEXT_MP_REQUEST_GOODS,
    eTextValues_TEXT_MP_ONLYHAVE1ALLY = 47,
    eTextValues_TEXT_MP_ALLIANCENOTPOSSIBLE,
    eTextValues_TEXT_MP_CONNECTION_LOST,
    eTextValues_TEXT_MP_SENDINGGAMESTATE,
    eTextValues_TEXT_MP_RECEIVINGGAMESTATE,
    eTextValues_TEXT_MP_CANCELGAME,
    eTextValues_TEXT_MP_AUTOSAVEOFF,
    eTextValues_TEXT_MP_AUTOSAVEON,
    eTextValues_TEXT_MP_LASTSAVED,
    eTextValues_TEXT_MP_MINUTES,
    eTextValues_TEXT_MP_OFFERS_ALLIANCE,
    eTextValues_TEXT_MP_KILLGAME,
    eTextValues_TEXT_MAP_TITLE1 = 0,
    eTextValues_TEXT_MAP_TITLE2,
    eTextValues_TEXT_MAP_LOAD,
    eTextValues_TEXT_MAP_SAVE,
    eTextValues_TEXT_MAP_NEW,
    eTextValues_TEXT_MAP_BACK,
    eTextValues_TEXT_MAP_TOMAP,
    eTextValues_TEXT_MAPNEW_BACK,
    eTextValues_TEXT_MAPNEW_TOMAP,
    eTextValues_TEXT_MAP_EDIT,
    eTextValues_TEXT_MAP_NEXT,
    eTextValues_TEXT_MAP_DONE,
    eTextValues_TEXT_MAP_SINGLE_PLAYER,
    eTextValues_TEXT_MAP_MULTI_PLAYER,
    eTextValues_TEXT_MAP_SAXON_HALL,
    eTextValues_TEXT_MAP_WOODEN_KEEP,
    eTextValues_TEXT_MAP_STONE_KEEP,
    eTextValues_TEXT_MAP_FORTRESS,
    eTextValues_TEXT_MAP_STRONGHOLD,
    eTextValues_TEXT_MAP_SELECT_GAMETYPE,
    eTextValues_TEXT_MAP_SELECT_NEWMAPSIZE,
    eTextValues_TEXT_MAP_SELECT_KEEPTYPES,
    eTextValues_TEXT_MAP_NO_MAP_AVAILABLE,
    eTextValues_TEXT_MAP_NO_MAP_AVAILABLE2,
    eTextValues_TEXT_MAP_UNTITLED,
    eTextValues_TEXT_MAP_INVASIONS,
    eTextValues_TEXT_MAP_NEW_INVASION,
    eTextValues_TEXT_MAP_GAME_TYPE,
    eTextValues_TEXT_MAP_SIEGE,
    eTextValues_TEXT_MAP_INVASION,
    eTextValues_TEXT_MAP_ECONOMIC,
    eTextValues_TEXT_MAP_PLAYMAP,
    eTextValues_TEXT_MAP_MESSAGE,
    eTextValues_TEXT_MAP_JUSTBUILD,
    eTextValues_TEXT_MAP_SIEGE_THAT_BUILDER,
    eTextValues_TEXT_MAP_SAVE_WORKING_MAP,
    eTextValues_TEXT_MAP_SAVE_FINAL_MAP,
    eTextValues_TEXT_MAP_SIEGE_THAT_EXPLANATION,
    eTextValues_TEXT_MAP_BALANCED = 45,
    eTextValues_TEXT_MAP_UNBALANCED,
    eTextValues_TEXT_NEW_PEOPLE = 16,
    eTextValues_TEXT_NEW_STRUCTS,
    eTextValues_TEXT_NEW_TREES,
    eTextValues_TEXT_NEW_ROCKS,
    eTextValues_TEXT_NEW_TRIBES,
    eTextValues_TEXT_WR_JEWEL = 16,
    eTextValues_TEXT_WR_SENTINEL = 24,
    eTextValues_TEXT_WR_NOMAD = 32,
    eTextValues_TEXT_WR_KAHIN = 40,
    eTextValues_TEXT_WR_CANARY = 48,
    eTextValues_TEXT_WR_TRADER = 56,
    eTextValues_TEXT_WR_SERGEANT = 64,
    eTextValues_TEXT_WR_LIONESS = 72,
    eTextValues_TEXT_WR_CROCODILE = 80,
    eTextValues_TEXT_WR_AI_TYPE17 = 88,
    eTextValues_TEXT_WR_AI_NAME17,
    eTextValues_TEXT_WR_AI_TYPE18 = 97,
    eTextValues_TEXT_WR_AI_NAME18,
    eTextValues_TEXT_WR_AI_TYPE19 = 106,
    eTextValues_TEXT_WR_AI_NAME19,
    eTextValues_TEXT_WR_AI_TYPE20 = 115,
    eTextValues_TEXT_WR_AI_NAME20,
    eTextValues_TEXT_WR_AI_TYPE21 = 124,
    eTextValues_TEXT_WR_AI_NAME21,
    eTextValues_TEXT_WR_AI_TYPE22 = 133,
    eTextValues_TEXT_WR_AI_NAME22,
    eTextValues_TEXT_WR_AI_TYPE23 = 142,
    eTextValues_TEXT_WR_AI_NAME23,
    eTextValues_TEXT_WR_AI_TYPE24 = 151,
    eTextValues_TEXT_WR_AI_NAME24,
    eTextValues_TEXT_WR_AI_TYPE25 = 160,
    eTextValues_TEXT_WR_AI_NAME25,
    eTextValues_TEXT_WR_AI_DESC17 = 169,
    eTextValues_TEXT_WR_AI_TYPE26 = 453,
    eTextValues_TEXT_WR_AI_NAME26,
    eTextValues_TEXT_WR_AI_NICK26 = 462,
    eTextValues_TEXT_WR_AI_TYPE27 = 470,
    eTextValues_TEXT_WR_AI_NAME27,
    eTextValues_TEXT_WR_AI_NICK27 = 479,
    eTextValues_TEXT_WR_AI_TYPE28 = 487,
    eTextValues_TEXT_WR_AI_NAME28,
    eTextValues_TEXT_WR_AI_NICK28 = 496,
    eTextValues_TEXT_WR_AI_TYPE29 = 504,
    eTextValues_TEXT_WR_AI_NAME29,
    eTextValues_TEXT_WR_AI_NICK29 = 513,
    eTextValues_TEXT_WR_AI_DESC26 = 521,
    eTextValues_TEXT_SANDS_TRAIL_1 = 7,
    eTextValues_TEXT_SANDS_TRAIL_2 = 12,
    eTextValues_TEXT_SANDS_TRAIL_3 = 19,
    eTextValues_TEXT_SANDS_TRAIL_4 = 28,
    eTextValues_TEXT_SANDS_TRAIL_5 = 39,
    eTextValues_TEXT_SANDS_TRAIL_6 = 49,
    eTextValues_TEXT_SANDS_TRAIL_7 = 82,
    eTextValues_TEXT_SANDS_TRAIL_8 = 92
} eTextValues;


typedef enum Owner
{
    Owner_NONE_Owner,
    Owner_NEUTRAL,
    Owner_PLAYER,
    Owner_PIG,
    Owner_RAT,
    Owner_SNAKE,
    Owner_WOLF
} Owner;


typedef enum UIMode
{
    UIMode_BLANK,
    UIMode_CHOOSEBUILDING,
    UIMode_MAPEDITOR,
    UIMode_TROOPSSELECTED,
    UIMode_INBUILDING
} UIMode;


typedef enum AppModes
{
    AppModes_APP_MODE_MANAGER = 10,
    AppModes_APP_MODE_EDITOR,
    AppModes_APP_MODE_TEST_MAP,
    AppModes_APP_MODE_MAIN_GAME = 14,
    AppModes_APP_MODE_IN_BUILDING = 16,
    AppModes_APP_MODE_EDIT_MAP,
    AppModes_APP_MODE_NEW_MAP,
    AppModes_APP_MODE_XPLAY_CONNECT,
    AppModes_APP_MODE_XPLAY_WAITING_ROOM,
    AppModes_APP_MODE_XPLAY_CONNECT_GAMESPY,
    AppModes_APP_MODE_HELP,
    AppModes_APP_MODE_MAIN_OPTIONS,
    AppModes_APP_MODE_1PLAYER_OPTIONS,
    AppModes_APP_MODE_NEW_CAMPAIGN_LEVEL,
    AppModes_APP_MODE_NARRATIVE,
    AppModes_APP_MODE_MAP_SCREEN,
    AppModes_APP_MODE_BRIEFING,
    AppModes_APP_MODE_WIN_MISSION,
    AppModes_APP_MODE_FAIL_MISSION,
    AppModes_APP_MODE_NEW_MAP2,
    AppModes_APP_MODE_NEW_MAP3,
    AppModes_APP_MODE_XPLAY_WAIT_FOR_SYNC,
    AppModes_APP_MODE_STAND_ALONE_OPTIONS = 35,
    AppModes_APP_MODE_EDIT_INVASIONS,
    AppModes_APP_MODE_NEW_MAP4,
    AppModes_APP_MODE_DIFFICULTY_LEVEL,
    AppModes_APP_MODE_ECO_DIFFICULTY_LEVEL,
    AppModes_APP_MODE_NEW_FRONTEND1,
    AppModes_APP_MODE_NEW_FRONTEND2,
    AppModes_APP_MODE_NEW_FRONTEND_COMBAT,
    AppModes_APP_MODE_NEW_FRONTEND_ECONOMICS,
    AppModes_APP_MODE_NEW_FRONTEND_BUILDER,
    AppModes_APP_MODE_CREDITS,
    AppModes_APP_MODE_NET_DEMO_SCREEN,
    AppModes_APP_MODE_SIEGE_THAT,
    AppModes_APP_MODE_INTRO_BINK,
    AppModes_APP_MODE_DUMMY,
    AppModes_APP_MODE_MISSION_START1,
    AppModes_APP_MODE_MISSION_START2,
    AppModes_APP_MODE_CAMPAIGN_START,
    AppModes_APP_MODE_CAMPAIGN_END,
    AppModes_APP_MODE_SKIRMISH_OPP,
    AppModes_APP_MODE_SKIRMISH_CHOICE,
    AppModes_APP_MODE_SKIRMISH_BRIEF,
    AppModes_APP_MODE_SKIRMISH_TRAIL,
    AppModes_APP_MODE_SKIRMISH_MASTERS,
    AppModes_APP_MODE_NOT_SEEING,
    AppModes_APP_MODE_ASK_FOR_DISC,
    AppModes_APP_MODE_XPLAY_FAKE,
    AppModes_APP_MODE_SKTRAIL_WIN,
    AppModes_APP_MODE_SCN_SCENARIO_EDITOR = 1002
} AppModes;


typedef enum GameModes
{
    GameModes_SIEGE = 2,
    GameModes_INVASION,
    GameModes_ECO = 1,
    GameModes_BUILD = 0,
    GameModes_MAP_EDITOR = 10
} GameModes;


typedef enum SubModes
{
    SubModes_SUB_MODE_CASTLE = 10,
    SubModes_SUB_MODE_TOWERS,
    SubModes_SUB_MODE_GATEHOUSES,
    SubModes_SUB_MODE_KEEPS,
    SubModes_SUB_MODE_MILITARY,
    SubModes_SUB_MODE_CASTLE_DECORATIONS,
    SubModes_SUB_MODE_MOATS,
    SubModes_SUB_MODE_GATEDIRC_WOOD,
    SubModes_SUB_MODE_GATEDIRC_STONE1,
    SubModes_SUB_MODE_GATEDIRC_STONE2,
    SubModes_SUB_MODE_INDUSTRY,
    SubModes_SUB_MODE_WORKSHOPS,
    SubModes_SUB_MODE_FOODPROCESS = 25,
    SubModes_SUB_MODE_PEOPLE,
    SubModes_SUB_MODE_RUINS,
    SubModes_SUB_MODE_WEAPONS,
    SubModes_SUB_MODE_PEOPLE2,
    SubModes_SUB_MODE_TOWN,
    SubModes_SUB_MODE_CHURCHS,
    SubModes_SUB_MODE_GARDENS,
    SubModes_SUB_MODE_PUNISHMENTS,
    SubModes_SUB_MODE_AMUSEMENTS,
    SubModes_SUB_MODE_FOOD = 40,
    SubModes_SUB_MODE_FARMS,
    SubModes_SUB_MODE_BLANK = 48,
    SubModes_SUB_MODE_KEEPONLY,
    SubModes_SUB_MODE_PEOPLE3,
    SubModes_SUB_MODE_PEOPLE4,
    SubModes_SUB_MODE_FULLMAP = 60,
    SubModes_SUB_MODE_TROOP_INSTRUCTIONS,
    SubModes_SUB_MODE_TROOP_INSTRUCTIONS_FULLMAP
} SubModes;


typedef enum ForcedAppModes
{
    ForcedAppModes_none_ForcedAppModes,
    ForcedAppModes_keeps,
    ForcedAppModes_granary,
    ForcedAppModes_castle,
    ForcedAppModes_blank_ForcedAppModes,
    ForcedAppModes_refresh_current
} ForcedAppModes;


typedef enum InBuildingModes
{
    InBuildingModes_INSIDE_NULL,
    InBuildingModes_INSIDE_BARRACKS,
    InBuildingModes_INSIDE_KEEP,
    InBuildingModes_INSIDE_INN,
    InBuildingModes_INSIDE_GRANARY,
    InBuildingModes_INSIDE_HOUSE,
    InBuildingModes_INSIDE_WOODCUTTERS_HUT,
    InBuildingModes_INSIDE_OXEN_BASE,
    InBuildingModes_INSIDE_IRON_MINE,
    InBuildingModes_INSIDE_PITCH_DIGGER,
    InBuildingModes_INSIDE_HUNTERS_HUT,
    InBuildingModes_INSIDE_GOODS_YARD,
    InBuildingModes_INSIDE_ARMOURY,
    InBuildingModes_INSIDE_FLETCHERS_WORKSHOP,
    InBuildingModes_INSIDE_BLACKSMITHS_WORKSHOP,
    InBuildingModes_INSIDE_POLETURNERS_WORKSHOP,
    InBuildingModes_INSIDE_ARMOURERS_WORKSHOP,
    InBuildingModes_INSIDE_TANNERS_WORKSHOP,
    InBuildingModes_INSIDE_BAKERS_WORKSHOP,
    InBuildingModes_INSIDE_BREWERS_WORKSHOP,
    InBuildingModes_INSIDE_QUARRY,
    InBuildingModes_INSIDE_QUARRYPILE,
    InBuildingModes_INSIDE_HEALERS,
    InBuildingModes_INSIDE_ENGINEERS_GUILD,
    InBuildingModes_INSIDE_TUNNELLERS_GUILD,
    InBuildingModes_INSIDE_TRADEPOST,
    InBuildingModes_INSIDE_WELL,
    InBuildingModes_INSIDE_OIL_SMELTER,
    InBuildingModes_INSIDE_SIEGE_TENT,
    InBuildingModes_INSIDE_WHEATFARM,
    InBuildingModes_INSIDE_HOPSFARM,
    InBuildingModes_INSIDE_APPLEFARM,
    InBuildingModes_INSIDE_CATTLEFARM,
    InBuildingModes_INSIDE_MILL,
    InBuildingModes_INSIDE_STABLES,
    InBuildingModes_INSIDE_CHURCH,
    InBuildingModes_INSIDE_GATEHOUSE,
    InBuildingModes_INSIDE_DRAWBRIDGE,
    InBuildingModes_INSIDE_POSTERN_GATE,
    InBuildingModes_INSIDE_TUNNEL_ENTERANCE,
    InBuildingModes_INSIDE_WATERPOT,
    InBuildingModes_INSIDE_SIGNPOST,
    InBuildingModes_INSIDE_KILLING_PIT,
    InBuildingModes_INSIDE_CAMPGROUND,
    InBuildingModes_INSIDE_MERCPOST,
    InBuildingModes_INSIDE_OUTPOST,
    InBuildingModes_INSIDE_TOWER,
    InBuildingModes_INSIDE_GALLOWS,
    InBuildingModes_INSIDE_STOCKS,
    InBuildingModes_INSIDE_WITCH_HOIST,
    InBuildingModes_INSIDE_MAYPOLE,
    InBuildingModes_INSIDE_GARDEN,
    InBuildingModes_INSIDE_PARADEGROUND,
    InBuildingModes_INSIDE_TRADEPOST_PRICES,
    InBuildingModes_INSIDE_TRADEPOST_FOOD,
    InBuildingModes_INSIDE_TRADEPOST_BULK,
    InBuildingModes_INSIDE_TRADEPOST_ARMS,
    InBuildingModes_INSIDE_TRADEPOST_DO_THE_TRADE,
    InBuildingModes_INSIDE_CATAPULT,
    InBuildingModes_INSIDE_TREBUCHET,
    InBuildingModes_INSIDE_SIEGE_TOWER,
    InBuildingModes_INSIDE_BATTERING_RAM,
    InBuildingModes_INSIDE_PORTABLE_SHIELD,
    InBuildingModes_INSIDE_BEDOUIN_STOCKADE,
    InBuildingModes_INSIDE_PEACETIME,
    InBuildingModes_SUB_MODE_REPORTS_ARMY4 = 66,
    InBuildingModes_SUB_MODE_REPORTS_ARMY3,
    InBuildingModes_SUB_MODE_REPORTS_ARMY2,
    InBuildingModes_SUB_MODE_REPORTS_EVENTS,
    InBuildingModes_INSIDE_CHIMP,
    InBuildingModes_SUB_MODE_REPORTS,
    InBuildingModes_SUB_MODE_REPORTS_POPULARITY,
    InBuildingModes_SUB_MODE_REPORTS_FEARFACTOR,
    InBuildingModes_SUB_MODE_REPORTS_POPULATION,
    InBuildingModes_SUB_MODE_REPORTS_FOOD,
    InBuildingModes_SUB_MODE_REPORTS_ARMY,
    InBuildingModes_SUB_MODE_REPORTS_STORES,
    InBuildingModes_SUB_MODE_REPORTS_WEAPONS,
    InBuildingModes_SUB_MODE_REPORTS_RELIGION,
    InBuildingModes_INSIDE_CESS_PIT,
    InBuildingModes_INSIDE_BURNING_STAKE,
    InBuildingModes_INSIDE_GIBBET,
    InBuildingModes_INSIDE_DUNGEON,
    InBuildingModes_INSIDE_STRETCHING_RACK,
    InBuildingModes_INSIDE_FLOGGING_RACK,
    InBuildingModes_INSIDE_CHOPPING_BLOCK,
    InBuildingModes_INSIDE_DUNKING_STOOL,
    InBuildingModes_INSIDE_DOG_CAGE,
    InBuildingModes_INSIDE_STATUE,
    InBuildingModes_INSIDE_SHRINE,
    InBuildingModes_INSIDE_BEEHIVE,
    InBuildingModes_INSIDE_DANCING_BEAR,
    InBuildingModes_INSIDE_POND,
    InBuildingModes_INSIDE_BEAR_CAVE,
    InBuildingModes_INSIDE_ARAB_BALLISTA,
    InBuildingModes_INSIDE_CATHEDRAL
} InBuildingModes;


typedef enum eGameTypeModes
{
    eGameTypeModes_GAMETYPE_CAMPAIGN,
    eGameTypeModes_GAMETYPE_BUILDER,
    eGameTypeModes_GAMETYPE_MAP,
    eGameTypeModes_GAMETYPE_MULTIPLAYER,
    eGameTypeModes_GAMETYPE_TUTORIAL,
    eGameTypeModes_GAMETYPE_SIEGE_THAT_BUILDER = 6,
    eGameTypeModes_GAMETYPE_MAP_TRAIL = 11,
    eGameTypeModes_GAMETYPE_MAP_TRAIL2 = 13
} eGameTypeModes;


typedef enum Goods
{
    Goods_STORED_NULL,
    Goods_STORED_WOOD_LOGS,
    Goods_STORED_WOOD_PLANKS,
    Goods_STORED_RAW_HOPS,
    Goods_STORED_STONE_BLOCKS,
    Goods_STORED_COW_HIDES,
    Goods_STORED_IRON_INGOTS,
    Goods_STORED_PITCH_RAW,
    Goods_STORED_PITCH_REFINED,
    Goods_STORED_RAW_WHEAT,
    Goods_STORED_FOOD_BREAD,
    Goods_STORED_FOOD_CHEESE,
    Goods_STORED_FOOD_MEAT,
    Goods_STORED_FOOD_FRUIT,
    Goods_STORED_FOOD_ALE,
    Goods_STORED_GOLD,
    Goods_STORED_FLOUR,
    Goods_STORED_BOWS,
    Goods_STORED_CROSSBOWS,
    Goods_STORED_SPEARS,
    Goods_STORED_PIKES,
    Goods_STORED_MACES,
    Goods_STORED_SWORDS,
    Goods_STORED_LEATHER_ARMOUR,
    Goods_STORED_METAL_ARMOUR,
    Goods_Count
} Goods;


typedef enum Troops
{
    Troops_TROOP_NULL,
    Troops_TROOP_ARCHER,
    Troops_TROOP_SPEARMAN,
    Troops_TROOP_MACEMAN,
    Troops_TROOP_XBOWMAN,
    Troops_TROOP_PIKEMAN,
    Troops_TROOP_SWORDSMAN,
    Troops_TROOP_KNIGHT,
    Troops_TROOP_ENGINEER,
    Troops_TROOP_MONK,
    Troops_TROOP_LADDERMAN,
    Troops_TROOP_MANTLET,
    Troops_TROOP_RAM,
    Troops_TROOP_TOWER,
    Troops_TROOP_CATAPULT,
    Troops_TROOP_TREBUCHET,
    Troops_TROOP_MANGONEL,
    Troops_TROOP_BALISTA,
    Troops_TROOP_TUNNELER,
    Troops_TROOP_ARAB_BOW,
    Troops_TROOP_ARAB_SLAVE,
    Troops_TROOP_ARAB_SLINGER,
    Troops_TROOP_ARAB_ASSASIN,
    Troops_TROOP_ARAB_HORSEMAN,
    Troops_TROOP_ARAB_SWORDSMAN,
    Troops_TROOP_ARAB_GRENADIER,
    Troops_TROOP_ARAB_BALLISTA,
    Troops_TROOP_BEDOUIN_CAMEL_LANCER,
    Troops_TROOP_BEDOUIN_HEALER,
    Troops_TROOP_BEDOUIN_EUNUCH,
    Troops_TROOP_BEDOUIN_AMBUSHER,
    Troops_TROOP_BEDOUIN_SKIRMISHER,
    Troops_TROOP_BEDOUIN_HEAVY_CAMEL,
    Troops_TROOP_BEDOUIN_SAPPER,
    Troops_TROOP_BEDOUIN_DEMOLISHER,
    Troops_Count_Troops
} Troops;


typedef enum ScenarioEvents
{
    ScenarioEvents_WEEKS_TURN_TO_MONTHS = 4,
    ScenarioEvents_ECO2_TIMER = 19200,
    ScenarioEvents_SIEGE_THAT_GOLD = 1500,
    ScenarioEvents_SIEGE_THAT_STONE = 1000,
    ScenarioEvents_SIEGE_THAT_TROOP_POINTS = 2000,
    ScenarioEvents_SA_TROOP_DIVIDER = 7,
    ScenarioEvents_DIR_TYPE_CAS = 1,
    ScenarioEvents_DIR_TYPE_SCN,
    ScenarioEvents_ACTION_BINK_FAIR = 0,
    ScenarioEvents_ACTION_BINK_PLAGUE,
    ScenarioEvents_ACTION_BINK_WHEAT,
    ScenarioEvents_ACTION_BINK_HOPS,
    ScenarioEvents_ACTION_BINK_APPLES,
    ScenarioEvents_ACTION_BINK_TREES,
    ScenarioEvents_ACTION_BINK_RABBITS,
    ScenarioEvents_ACTION_BINK_WOLVES,
    ScenarioEvents_ACTION_BINK_BANDITS,
    ScenarioEvents_ACTION_BINK_MAD_COWS,
    ScenarioEvents_ACTION_BINK_ARCHERS,
    ScenarioEvents_ACTION_BINK_MARRIAGE,
    ScenarioEvents_ACTION_BINK_JESTER,
    ScenarioEvents_ACTION_BINK_GRANARY,
    ScenarioEvents_ACTION_BINK_FIRE,
    ScenarioEvents_MAX_ML_MESSAGES = 1000,
    ScenarioEvents_MAX_ML_MESSAGE_LENGTH = 1000,
    ScenarioEvents_ML_TYPE_HELP = 1,
    ScenarioEvents_ML_TYPE_TITLES,
    ScenarioEvents_ML_TYPE_BRIEFINGS,
    ScenarioEvents_ML_TYPE_RAT_TAUNT = 5,
    ScenarioEvents_ML_TYPE_RAT_ANGER,
    ScenarioEvents_ML_TYPE_RAT_MOOD3,
    ScenarioEvents_ML_TYPE_RAT_MOOD4,
    ScenarioEvents_ML_TYPE_SNAKE_TAUNT,
    ScenarioEvents_ML_TYPE_SNAKE_ANGER,
    ScenarioEvents_ML_TYPE_SNAKE_MOOD3,
    ScenarioEvents_ML_TYPE_SNAKE_MOOD4,
    ScenarioEvents_ML_TYPE_PIG_TAUNT,
    ScenarioEvents_ML_TYPE_PIG_ANGER,
    ScenarioEvents_ML_TYPE_PIG_MOOD3,
    ScenarioEvents_ML_TYPE_PIG_MOOD4,
    ScenarioEvents_ML_TYPE_WOLF_TAUNT,
    ScenarioEvents_ML_TYPE_WOLF_ANGER,
    ScenarioEvents_ML_TYPE_WOLF_MOOD3,
    ScenarioEvents_ML_TYPE_WOLF_MOOD4,
    ScenarioEvents_ML_TYPE_ADVISER_PROMPTS_EVENTS,
    ScenarioEvents_ML_TYPE_ADVISER_PROMPTS_CIVIL,
    ScenarioEvents_ML_TYPE_ADVISER_PROMPTS_MILITARY,
    ScenarioEvents_ML_TYPE_ADVISER_PROMPTS_NARRATIVE,
    ScenarioEvents_ML_TYPE_NEW_1,
    ScenarioEvents_ML_TYPE_NEW_2,
    ScenarioEvents_ML_TYPE_NEW_3,
    ScenarioEvents_ML_TYPE_NEW_4,
    ScenarioEvents_MAX_GROUPS_IN_INVASION = 17,
    ScenarioEvents_MAX_EVENT_OLD_TYPES = 20,
    ScenarioEvents_MAX_EVENT_TYPES = 40,
    ScenarioEvents_TL_INVASION = 1,
    ScenarioEvents_TL_MESSAGE,
    ScenarioEvents_TL_EVENT,
    ScenarioEvents_TL_EVENT_AUTO = 0,
    ScenarioEvents_TL_EVENT_POPULATION,
    ScenarioEvents_TL_EVENT_LORD_KILLED,
    ScenarioEvents_TL_EVENT_ENEMY_LORD_KILLED,
    ScenarioEvents_TL_EVENT_GOLD_ACQUIRED,
    ScenarioEvents_TL_EVENT_FOOD_ACQUIRED,
    ScenarioEvents_TL_EVENT_WEAPONS_ACQUIRED,
    ScenarioEvents_TL_EVENT_GOODS_ACQUIRED,
    ScenarioEvents_TL_EVENT_NO_ENEMY_ON_MAP,
    ScenarioEvents_TL_EVENT_KEEP_ENCLOSED,
    ScenarioEvents_TL_EVENT_NO_WOLVES_ON_MAP,
    ScenarioEvents_TL_EVENT_ENEMY_ON_MAP,
    ScenarioEvents_TL_EVENT_NO_PEOPLE_LEFT,
    ScenarioEvents_TL_EVENT_YOUR_TROOPS_KILLED,
    ScenarioEvents_TL_EVENT_ENEMY_TROOPS_KILLED,
    ScenarioEvents_TL_EVENT_NO_ENEMY_ON_MAP_ONLY,
    ScenarioEvents_TL_EVENT_WEAPONS_ACQUIRED2 = 17,
    ScenarioEvents_TL_EVENT_4_CATTLE_FARMS,
    ScenarioEvents_TL_EVENT_2_WORKING_INNS,
    ScenarioEvents_TL_EVENT_BLESSED,
    ScenarioEvents_TL_EVENT_ALE,
    ScenarioEvents_TL_EVENT_MAXFEAR,
    ScenarioEvents_TL_EVENT_MINFEAR,
    ScenarioEvents_TL_EVENT_MARKER_PROXIMITY,
    ScenarioEvents_TL_EVENT_NO_ENEMY_GRANARIES,
    ScenarioEvents_TL_EVENT_PROXIMITY_2,
    ScenarioEvents_TL_EVENT_PROXIMITY_3,
    ScenarioEvents_TL_EVENT_PROXIMITY_4,
    ScenarioEvents_TL_EVENT_NO_BUILDING_AT_MARKER,
    ScenarioEvents_TL_EVENT_PROXIMITY_5,
    ScenarioEvents_TL_EVENT_NO_ENEMY_ON_MAP_DE,
    ScenarioEvents_TL_EVENT_HAVESTONEWALLS,
    ScenarioEvents_TL_EVENT_HAVESTONETOWERS,
    ScenarioEvents_TL_EVENT_34,
    ScenarioEvents_TL_EVENT_35,
    ScenarioEvents_TL_EVENT_36,
    ScenarioEvents_TL_EVENT_37,
    ScenarioEvents_TL_EVENT_38,
    ScenarioEvents_TL_EVENT_WIN_TIMER,
    ScenarioEvents_TL_ACTION_WIN = 0,
    ScenarioEvents_TL_ACTION_LOSE,
    ScenarioEvents_TL_ACTION_MESSAGE,
    ScenarioEvents_TL_ACTION_WOLF_SLEEPS,
    ScenarioEvents_TL_ACTION_WOLF_AWAKES,
    ScenarioEvents_TL_ACTION_TRAVELLING_FAIR,
    ScenarioEvents_TL_ACTION_TIME_OFF,
    ScenarioEvents_TL_ACTION_TIME_ON,
    ScenarioEvents_TL_ACTION_CEDE_CASTLE,
    ScenarioEvents_TL_ACTION_CROSSBOW_AVAILABLE,
    ScenarioEvents_TL_ACTION_UMESSAGE,
    ScenarioEvents_TL_ACTION_PLAGUE,
    ScenarioEvents_TL_ACTION_WHEATDIE,
    ScenarioEvents_TL_ACTION_HOPSDIE,
    ScenarioEvents_TL_ACTION_APPLEDIE,
    ScenarioEvents_TL_ACTION_TREESDIE,
    ScenarioEvents_TL_ACTION_RABBITEXPLOSION,
    ScenarioEvents_TL_ACTION_WOLFATTACK,
    ScenarioEvents_TL_ACTION_BANDITS,
    ScenarioEvents_TL_ACTION_MAD_COWS,
    ScenarioEvents_TL_ACTION_ARCHERS,
    ScenarioEvents_TL_ACTION_MARRIAGE,
    ScenarioEvents_TL_ACTION_JESTER,
    ScenarioEvents_TL_ACTION_SPECIAL1,
    ScenarioEvents_TL_ACTION_AUTO_BINKS_ON,
    ScenarioEvents_TL_ACTION_AUTO_BINKS_OFF,
    ScenarioEvents_TL_ACTION_WIN_MESSAGE,
    ScenarioEvents_TL_ACTION_LOSE_MESSAGE,
    ScenarioEvents_TL_ACTION_TURNOFF_REPEATING_INVASIONS,
    ScenarioEvents_TL_ACTION_THEFTFROMGRANARY,
    ScenarioEvents_TL_ACTION_FIRE,
    ScenarioEvents_TL_ACTION_CHANGE_ALLEGIANCE,
    ScenarioEvents_TL_ACTION_REINFORCEMENTS,
    ScenarioEvents_TL_ACTION_INVASION_ROUTING,
    ScenarioEvents_TL_ACTION_35,
    ScenarioEvents_TL_ACTION_36,
    ScenarioEvents_TL_ACTION_37,
    ScenarioEvents_TL_ACTION_38,
    ScenarioEvents_TL_ACTION_39,
    ScenarioEvents_MAX_TOTAL_TROOPS_IN_INVASION = 500
} ScenarioEvents;


typedef enum GM
{
    GM_LAND = 2,
    GM_PILLARS,
    GM_SEA_CHEVRONS,
    GM_SEA,
    GM_BUILDINGS1,
    GM_BUILDINGS2,
    GM_WORKSHOPS,
    GM_CLIFFS,
    GM_WALLS,
    GM_SPECIAL_LAND,
    GM_MISC_LAND,
    GM_RIVERS,
    GM_FARMLAND,
    GM_GOODS,
    GM_FLOATS,
    GM_BODY_PEASANT,
    GM_BODY_ARCHER,
    GM_BODY_WOODCUTTER,
    GM_BODY_FLETCHER,
    GM_BODY_OXCART,
    GM_BUILDING_ANIMS2,
    GM_SMOKE_ANIMS,
    GM_55X55_ANIMS,
    GM_QUARRY_ANIMS,
    GM_WINDMILL_ANIMS,
    GM_FLETCHER_ANIMS,
    GM_GOODS_ANIMS,
    GM_TREE_BIRCH,
    GM_TREE_PINE,
    GM_TREE_CHESTNUT,
    GM_BODY_STONEMASON,
    GM_BODY_FARMER,
    GM_BODY_MISSILE,
    GM_BODY_LADDERMAN,
    GM_BODY_BAKER,
    GM_BODY_MILLER,
    GM_DATA,
    GM_BODY_SPEARMAN,
    GM_BODY_PIKEMAN,
    GM_BODY_CROSSBOWMAN,
    GM_BODY_SWORDSMAN,
    GM_BODY_MACEMAN,
    GM_BODY_KNIGHT,
    GM_INTERFACE_BUTTONS,
    GM_INTERFACE_ICONS2,
    GM_MINE_ANIMS,
    GM_TILE_BURNT,
    GM_CHURCHS,
    GM_INTERFACE_PANELS,
    GM_WORKSHOP_BREW_ANIMS,
    GM_CASTLES,
    GM_BODY_BREWER,
    GM_CASTLE_ANIMS,
    GM_MACRO_LAND,
    GM_ROCKS,
    GM_ROCKS_CHEVRONS,
    GM_WORKSHOP_SMITH_ANIMS,
    GM_BODY_BLACKSMITH,
    GM_LAND_AND_STONES,
    GM_BODY_IRONMINER,
    GM_BODY_CATAPULT,
    GM_BODY_COW,
    GM_WORKSHOP_POLE_ANIMS,
    GM_PITCH_ANIMS,
    GM_WORKSHOP_BAKER_ANIMS,
    GM_WOODCUTTER_ANIMS,
    GM_DRAWBRIDGE_ANIMS,
    GM_WORKSHOP_TANNER_ANIMS,
    GM_TREE_OAK,
    GM_TREE_SHRUB1,
    GM_TREE_SHRUB2,
    GM_BODY_PITCHWORKER,
    GM_BODY_POLETURNER,
    GM_BODY_TANNER,
    GM_FLAG_ANIMS,
    GM_BODY_TRADER_HORSE,
    GM_BODY_TRADER,
    GM_ICONS,
    GM_ICONS_ALPHA,
    GM_BODY_DRUNKARD,
    GM_BODY_TENT,
    GM_BODY_MANGONEL,
    GM_BODY_TREBUCHET,
    GM_FLOAT_POP_CIRC,
    GM_BODY_SIEGE_ENGINEER,
    GM_FONT_STRONGHOLD_AA,
    GM_FARMER_ANIMS,
    GM_BODY_HUNTER,
    GM_HUNTER_ANIMS,
    GM_BODY_DEER,
    GM_BODY_LION,
    GM_BODY_RABBIT,
    GM_BODY_CAMEL,
    GM_BODY_DOG,
    GM_BODY_PRIEST,
    GM_TREE_APPLE,
    GM_STABLE_ANIMS,
    GM_BODY_LADY,
    GM_BODY_LORD,
    GM_BODY_JESTER,
    GM_BODY_ARMOURER,
    GM_ARMOURER_ANIMS,
    GM_SHEILD_ANIMS,
    GM_ANIM_TUNNELERS_GUILD,
    GM_BODY_TUNNELER,
    GM_CURSORS,
    GM_MAPEDIT_BUTTONS,
    GM_BODY_FIGHTING_MONK,
    GM_OIL_ANIMS = 113,
    GM_GALLOWS_ANIMS,
    GM_MAYPOLE_ANIMS,
    GM_BODY_OIL,
    GM_FONT_STRONGHOLD,
    GM_BODY_FIRE,
    GM_BODY_BURNING_MAN,
    GM_BODY_BALLISTA,
    GM_BODY_SHIELD,
    GM_BODY_MISSILE_2,
    GM_BODY_BATTERING_RAM,
    GM_BODY_SIEGE_TOWER,
    GM_BODY_STEAM,
    GM_BODY_CHICKEN,
    GM_BODY_MOTHER,
    GM_BODY_BOY,
    GM_BODY_GIRL,
    GM_ANIM_TUNNELS,
    GM_BODY_JUGGLER,
    GM_BODY_FIREEATER,
    GM_BODY_HEALER,
    GM_BODY_DISEASE,
    GM_BODY_MISSILE_COW,
    GM_CRACKS,
    GM_BODY_GATE,
    GM_BODY_BRAZIER,
    GM_KILLING_PITS,
    GM_PITCH_DITCHES,
    GM_BLAST,
    GM_SCRIBE,
    GM_ANIM_ICON_KNIGHT,
    GM_BODY_FIRE2,
    GM_ANIM_MISSILE_FIRE,
    GM_FONT_SLANTED,
    GM_BODY_INNKEEPER,
    GM_ICONS_FRONT_END,
    GM_TILE_RUINS,
    GM_ICONS_FRONT_END_COMBAT,
    GM_ICONS_FRONT_END_ECONOMICS,
    GM_ICONS_FRONT_END_BUILDER,
    GM_MINI_CURSORS,
    GM_BODY_CHICKEN_BROWN,
    GM_ANIM_MARKET,
    GM_INTERFACE_ICONS3,
    GM_TILE_FLATTIES,
    GM_ROCK_CHIPS,
    GM_ANIM_DUNKING_STOOL,
    GM_ANIM_DUNGEON,
    GM_ANIM_GIBBET,
    GM_ANIM_HEALER,
    GM_ANIM_STOCKS,
    GM_INTERFACE_SLIDER,
    GM_MAP_FLAGS,
    GM_NEW_SEA,
    GM_BODY_SEAGULL,
    GM_BODY_CROW,
    GM_PUFF_OF_SMOKE,
    GM_BODY_SPLASH,
    GM_ANIM_INN,
    GM_FLOATS_NEW,
    GM_ANIM_WHITECAPS,
    GM_ARMY_UNITS,
    GM_ANIM_STAKE,
    GM_ANIM_KILLING_PITS,
    GM_ENEMY_FACES,
    GM_ANIM_RACK,
    GM_ANIM_DOG_CAGE,
    GM_ANIM_DANCING_BEAR,
    GM_ANIM_CHOPPING_BLOCK,
    GM_BODY_FIREMAN,
    GM_INTERFACE_ARMY,
    GM_INTERFACE_RUINS,
    GM_BODY_ANIMAL_BURNING_BIG,
    GM_BODY_ANIMAL_BURNING_SMALL,
    GM_ANIM_HEADS,
    GM_BODY_GHOST,
    GM_ANIM_FLAG_SMALL,
    GM_BODY_ARAB_BOW,
    GM_BODY_ARAB_SLAVE,
    GM_BODY_ARAB_SLINGER,
    GM_BODY_ARAB_ASSASIN,
    GM_BODY_ARAB_HORSEMAN,
    GM_BODY_ARAB_SWORDSMAN,
    GM_BODY_ARAB_GRENADIER,
    GM_BODY_ARAB_BALLISTA,
    GM_ASSASIN_ROPE,
    GM_BODY_ARAB_HORSE,
    GM_TREE_CACTII,
    GM_ANIM_CRUSADER_FLAG,
    GM_BODY_INFO,
    GM_BODY_WOLF,
    GM_BODY_ARABIC_LORD = 205,
    GM_ADDITIONAL_GFX = 207,
    GM_BODY_BEDOUIN_CAMEL_LANCER,
    GM_BODY_BEDOUIN_HEALER,
    GM_BODY_BEDOUIN_EUNUCH,
    GM_BODY_BEDOUIN_AMBUSHER,
    GM_BODY_BEDOUIN_SKIRMISHER,
    GM_BODY_BEDOUIN_HEAVY_CAMEL,
    GM_BODY_BEDOUIN_SAPPER,
    GM_BODY_BEDOUIN_DEMOLISHER,
    GM_FLOAT_POP_CIRC_2 = 218,
    GM_BODY_MISSILE_FIREPOT,
    GM_BODY_JAVELIN,
    GM_BODY_GOAT,
    GM_BODY_HYENA,
    GM_BODY_CONDOR,
    GM_BODY_CROCODILE,
    GM_BODY_IMAM,
    GM_BODY_BEDOUIN_LORD,
    GM_BODY_SCRIBE_LORD,
    GM_BODY_LORD_FEMALE,
    GM_BODY_TEMPLE_GUARD,
    GM_BODY_LORD_BESSY,
    GM_BODY_ARABIC_LORD_FEMALE,
    GM_BODY_BEDOUIN_LORD_FEMALE,
    GM_ANIM_ARAB_FLAG
} GM;


typedef enum GameActionCommand
{
    GameActionCommand_GateHouseState = 1001,
    GameActionCommand_RepairBuilding,
    GameActionCommand_ToggleSleep,
    GameActionCommand_SetTaxRate,
    GameActionCommand_SetRationing,
    GameActionCommand_SetFoodEaten,
    GameActionCommand_MakeTroop,
    GameActionCommand_DrawbridgeState,
    GameActionCommand_OpenDogCage,
    GameActionCommand_Troops_Stop,
    GameActionCommand_Troops_Disband,
    GameActionCommand_Troops_AttackHere,
    GameActionCommand_Troops_Cow,
    GameActionCommand_EngBuild_Catapult,
    GameActionCommand_EngBuild_Trebuchet,
    GameActionCommand_EngBuild_SiegeTower,
    GameActionCommand_EngBuild_Shield,
    GameActionCommand_EngBuild_BatteringRam,
    GameActionCommand_Troops_Patrol,
    GameActionCommand_Troops_ChangeStance,
    GameActionCommand_Troops_DeSelectType,
    GameActionCommand_Troops_DeSelectExceptType,
    GameActionCommand_SetNextWeaponMade,
    GameActionCommand_BuyGoods,
    GameActionCommand_SellGoods,
    GameActionCommand_CycleBookmarks,
    GameActionCommand_SetCurrentTradedGood,
    GameActionCommand_RadarClicked,
    GameActionCommand_AlignSprites,
    GameActionCommand_ResizeRadarMapBuffer,
    GameActionCommand_FreeBuild_Event,
    GameActionCommand_FreeBuild_InvasionCharSet,
    GameActionCommand_FreeBuild_InvasionCount,
    GameActionCommand_FreeBuild_InvasionStart,
    GameActionCommand_ActionPointClicked,
    GameActionCommand_Undo,
    GameActionCommand_SetStartingTeam,
    GameActionCommand_Set_AI_Patrolling,
    GameActionCommand_Fix_Tribes,
    GameActionCommand_CloseTroopsPanel,
    GameActionCommand_AmmoRecharge,
    GameActionCommand_AI_Target_Special,
    GameActionCommand_CentreMarker,
    GameActionCommand_SH1Cheats,
    GameActionCommand_HideObjectiveProgress,
    GameActionCommand_SetRadarMapRotationType,
    GameActionCommand_SelectBuildingType,
    GameActionCommand_Game_Paused,
    GameActionCommand_RotateBuilding,
    GameActionCommand_Autotrade_Pause,
    GameActionCommand_Autotrade_OnOff,
    GameActionCommand_Autotrade_SetBuy,
    GameActionCommand_Autotrade_SetSell,
    GameActionCommand_Autotrade_Apply,
    GameActionCommand_SetOutpostState,
    GameActionCommand_SetOutpostSize,
    GameActionCommand_SetOutpostDelay,
    GameActionCommand_GenieSpeech,
    GameActionCommand_LordType,
    GameActionCommand_EngBuild_ArabBallista,
    GameActionCommand_Ally_Orders,
    GameActionCommand_Ally_CancelGoodsReq,
    GameActionCommand_Ally_SendGoods,
    GameActionCommand_Ally_RequestGoods,
    GameActionCommand_Ally_ConfirmOrders,
    GameActionCommand_Ally_CancelOrders,
    GameActionCommand_ShowPlannedMoat,
    GameActionCommand_ExtremePower,
    GameActionCommand_SkirmishInsult,
    GameActionCommand_MPConfig,
    GameActionCommand_ResetTime,
    GameActionCommand_SandsCheatAllowed,
    GameActionCommand_SpectatorMode,
    GameActionCommand_Scenario_Set_Starting_Month = 2000,
    GameActionCommand_Scenario_Set_Starting_Year,
    GameActionCommand_Scenario_Set_Trading,
    GameActionCommand_Scenario_Set_Special,
    GameActionCommand_Scenario_Set_StartingGoods,
    GameActionCommand_Scenario_Set_Starting_Popularity,
    GameActionCommand_Scenario_Set_Starting_Special_Gold,
    GameActionCommand_Scenario_Set_Starting_Special_Rations,
    GameActionCommand_Scenario_Set_Starting_Special_Tax,
    GameActionCommand_Scenario_Set_BuildingAvailable,
    GameActionCommand_Scenario_Set_TroopAvailable,
    GameActionCommand_Scenario_Set_SwordAvailable,
    GameActionCommand_Scenario_Set_XbowAvailable,
    GameActionCommand_Scenario_Set_PikeAvailable,
    GameActionCommand_EditorWipeGoods = 2015,
    GameActionCommand_RespawnLord,
    GameActionCommand_WipeAnimals,
    GameActionCommand_HoldTime,
    GameActionCommand_SetMarkerState,
    GameActionCommand_FastGoodsFeedin,
    GameActionCommand_Scenario_Set_MaceAvailable,
    GameActionCommand_Scenario_Set_bowAvailable,
    GameActionCommand_Scenario_Set_SpearAvailable,
    GameActionCommand_Scenario_Set_MercTroopAvailable,
    GameActionCommand_Scenario_Set_BedouinTroopAvailable,
    GameActionCommand_Balanced_GameActionCommand
} GameActionCommand;


typedef enum GameActionValues
{
    GameActionValues_CLOSE_GATE = 10,
    GameActionValues_OPEN_GATE,
    GameActionValues_RAISE_DRAWBRIDGE = 10,
    GameActionValues_LOWER_DRAWBRIDGE
} GameActionValues;


typedef enum ScenarioViews
{
    ScenarioViews_Blank_ScenarioViews,
    ScenarioViews_Main,
    ScenarioViews_StartingGoods,
    ScenarioViews_TradedGoods,
    ScenarioViews_BuildingAvailibilty,
    ScenarioViews_Invasions,
    ScenarioViews_Events,
    ScenarioViews_EventsConditions,
    ScenarioViews_EventsActions,
    ScenarioViews_AttackingForce,
    ScenarioViews_EditMessage,
    ScenarioViews_EditTeams,
    ScenarioViews_AdjustDates
} ScenarioViews;


typedef enum StartUpUIPanels
{
    StartUpUIPanels_Off,
    StartUpUIPanels_Invasion_StartUpUIPanels,
    StartUpUIPanels_FreeBuild
} StartUpUIPanels;


typedef enum GameDifficulty
{
    GameDifficulty_DIFFICULTY_EASY,
    GameDifficulty_DIFFICULTY_NORMAL,
    GameDifficulty_DIFFICULTY_HARD,
    GameDifficulty_DIFFICULTY_VERYHARD,
    GameDifficulty_DIFFICULTY_EXTREME,
    GameDifficulty_DIFFICULTY_NA = -1
} GameDifficulty;


typedef enum KeyFunctions
{
    KeyFunctions_Left = 1,
    KeyFunctions_Right,
    KeyFunctions_Up,
    KeyFunctions_Down,
    KeyFunctions_Pause,
    KeyFunctions_HomeKeep,
    KeyFunctions_Market,
    KeyFunctions_Signpost,
    KeyFunctions_Barracks,
    KeyFunctions_Granary_KeyFunctions,
    KeyFunctions_MapRotateLeft,
    KeyFunctions_MapRotateRight,
    KeyFunctions_FlattenLandscape,
    KeyFunctions_ZoomIn,
    KeyFunctions_ZoomOut,
    KeyFunctions_StanceStand,
    KeyFunctions_StanceDefensive,
    KeyFunctions_StanceAggressive,
    KeyFunctions_GroupTroops0,
    KeyFunctions_GroupTroops1,
    KeyFunctions_GroupTroops2,
    KeyFunctions_GroupTroops3,
    KeyFunctions_GroupTroops4,
    KeyFunctions_GroupTroops5,
    KeyFunctions_GroupTroops6,
    KeyFunctions_GroupTroops7,
    KeyFunctions_GroupTroops8,
    KeyFunctions_GroupTroops9,
    KeyFunctions_SelectClan0,
    KeyFunctions_SelectClan1,
    KeyFunctions_SelectClan2,
    KeyFunctions_SelectClan3,
    KeyFunctions_SelectClan4,
    KeyFunctions_SelectClan5,
    KeyFunctions_SelectClan6,
    KeyFunctions_SelectClan7,
    KeyFunctions_SelectClan8,
    KeyFunctions_SelectClan9,
    KeyFunctions_SetBookmark0,
    KeyFunctions_SetBookmark1,
    KeyFunctions_SetBookmark2,
    KeyFunctions_SetBookmark3,
    KeyFunctions_SetBookmark4,
    KeyFunctions_SetBookmark5,
    KeyFunctions_SetBookmark6,
    KeyFunctions_SetBookmark7,
    KeyFunctions_SetBookmark8,
    KeyFunctions_SetBookmark9,
    KeyFunctions_GotoBookmark0,
    KeyFunctions_GotoBookmark1,
    KeyFunctions_GotoBookmark2,
    KeyFunctions_GotoBookmark3,
    KeyFunctions_GotoBookmark4,
    KeyFunctions_GotoBookmark5,
    KeyFunctions_GotoBookmark6,
    KeyFunctions_GotoBookmark7,
    KeyFunctions_GotoBookmark8,
    KeyFunctions_GotoBookmark9,
    KeyFunctions_Patrol,
    KeyFunctions_Load_KeyFunctions,
    KeyFunctions_Save_KeyFunctions,
    KeyFunctions_IncreaseEngineSpeed,
    KeyFunctions_DecreaseEngineSpeed,
    KeyFunctions_ToggleUI,
    KeyFunctions_ToggleFrameRate,
    KeyFunctions_ToggleMuteSounds,
    KeyFunctions_Special,
    KeyFunctions_FreeBuildEvents,
    KeyFunctions_OpenChat,
    KeyFunctions_ShowPings,
    KeyFunctions_OptionsMenu,
    KeyFunctions_Insult1,
    KeyFunctions_Insult2,
    KeyFunctions_Insult3,
    KeyFunctions_Insult4,
    KeyFunctions_Insult5,
    KeyFunctions_Insult6,
    KeyFunctions_Insult7,
    KeyFunctions_Insult8,
    KeyFunctions_Insult9,
    KeyFunctions_Insult10,
    KeyFunctions_Insult11,
    KeyFunctions_Insult12,
    KeyFunctions_EditorHoldTime,
    KeyFunctions_EditorRespawnLord,
    KeyFunctions_EditorWipeAnimals,
    KeyFunctions_RadarZoomIn,
    KeyFunctions_RadarZoomOut,
    KeyFunctions_ToggleGoods,
    KeyFunctions_ToggleObjectives,
    KeyFunctions_QuickSave,
    KeyFunctions_Lord,
    KeyFunctions_CycleLord,
    KeyFunctions_RotateBuilding_KeyFunctions,
    KeyFunctions_Cheat_gold,
    KeyFunctions_Cheat_freestuff,
    KeyFunctions_MercPost,
    KeyFunctions_AllyToggle,
    KeyFunctions_BedouinStockade,
    KeyFunctions_ExtremePower1,
    KeyFunctions_ExtremePower2,
    KeyFunctions_ExtremePower3,
    KeyFunctions_ExtremePower4,
    KeyFunctions_ExtremePower5,
    KeyFunctions_ExtremePower6,
    KeyFunctions_ExtremePower7,
    KeyFunctions_ExtremePower8,
    KeyFunctions_ToggleHealthBars,
    KeyFunctions_Insult13,
    KeyFunctions_Insult14,
    KeyFunctions_Insult15,
    KeyFunctions_Insult16,
    KeyFunctions_Insult17,
    KeyFunctions_Insult18,
    KeyFunctions_Insult19,
    KeyFunctions_Insult20,
    KeyFunctions_TunnelersGuild,
    KeyFunctions_EngineersGuild,
    KeyFunctions_Armoury,
    KeyFunctions_Stop,
    KeyFunctions_PlaceWalls,
    KeyFunctions_PlaceStairs,
    KeyFunctions_PlaceLowWalls,
    KeyFunctions_PlaceCrenal,
    KeyFunctions_PlaceBarracks,
    KeyFunctions_PlaceMercPost,
    KeyFunctions_PlaceBedouinStockade,
    KeyFunctions_PlaceArmoury,
    KeyFunctions_PlaceTower1,
    KeyFunctions_PlaceTower2,
    KeyFunctions_PlaceTower3,
    KeyFunctions_PlaceTower4,
    KeyFunctions_PlaceTower5,
    KeyFunctions_PlaceEngineersGuild,
    KeyFunctions_PlaceTunnelGuild,
    KeyFunctions_PlaceBallista,
    KeyFunctions_PlaceMangonel,
    KeyFunctions_PlaceStables,
    KeyFunctions_PlaceSmelter,
    KeyFunctions_PlaceSmallGatehouse,
    KeyFunctions_PlaceLargeGatehouse,
    KeyFunctions_PlaceDrawbridge,
    KeyFunctions_PlaceDogCage,
    KeyFunctions_PlacePitchDitch,
    KeyFunctions_PlaceKillingPit,
    KeyFunctions_PlaceDigMoat,
    KeyFunctions_PlaceClearMoat,
    KeyFunctions_PlaceBrazier,
    KeyFunctions_PlaceStockpile,
    KeyFunctions_PlaceWoodcutter,
    KeyFunctions_PlaceQuarry,
    KeyFunctions_PlaceOxen,
    KeyFunctions_PlaceIronMine,
    KeyFunctions_PlacePitchRig,
    KeyFunctions_PlaceMarket,
    KeyFunctions_PlaceHunter,
    KeyFunctions_PlaceDairyFarm,
    KeyFunctions_PlaceAppleFarm,
    KeyFunctions_PlaceWheatFarm,
    KeyFunctions_PlaceHopsFarm,
    KeyFunctions_PlaceHouse,
    KeyFunctions_PlaceChurchMosque1,
    KeyFunctions_PlaceChurchMosque2,
    KeyFunctions_PlaceChurchMosque3,
    KeyFunctions_PlaceApothecary,
    KeyFunctions_PlaceWell,
    KeyFunctions_PlaceWaterpot,
    KeyFunctions_PlaceFletcher,
    KeyFunctions_PlacePoleturner,
    KeyFunctions_PlaceBlacksmith,
    KeyFunctions_PlaceTanner,
    KeyFunctions_PlaceArmourer,
    KeyFunctions_PlaceGranary,
    KeyFunctions_PlaceBaker,
    KeyFunctions_PlaceMill,
    KeyFunctions_PlaceBrewer,
    KeyFunctions_PlaceInn,
    KeyFunctions_PlaceMaypole,
    KeyFunctions_PlaceDancingBear,
    KeyFunctions_PlaceGardens1,
    KeyFunctions_PlaceGardens2,
    KeyFunctions_PlaceGardens3,
    KeyFunctions_PlaceStatue,
    KeyFunctions_PlaceShrine,
    KeyFunctions_PlaceFlag1,
    KeyFunctions_PlaceFlag2,
    KeyFunctions_PlaceFlag3,
    KeyFunctions_PlaceFlag4,
    KeyFunctions_PlaceGallows,
    KeyFunctions_PlaceCesspit,
    KeyFunctions_PlaceStocks,
    KeyFunctions_PlaceHeads,
    KeyFunctions_PlaceBurningStake,
    KeyFunctions_PlaceDungeon,
    KeyFunctions_PlaceRack,
    KeyFunctions_PlaceGibbett,
    KeyFunctions_PlaceChoppingBlock,
    KeyFunctions_PlaceDunkingStool,
    KeyFunctions_AttackHere,
    KeyFunctions_EditorShowConnections,
    KeyFunctions_Cathedral,
    KeyFunctions_MPPing,
    KeyFunctions_NumActions
} KeyFunctions;


typedef enum eOnScreenText
{
    eOnScreenText_OST_CHAT,
    eOnScreenText_OST_DATE,
    eOnScreenText_OST_MULTI_CHAT = 3,
    eOnScreenText_OST_FEEDBACK_1,
    eOnScreenText_OST_FEEDBACK_2,
    eOnScreenText_OST_FRAMERATE,
    eOnScreenText_OST_POPULARITY = 11,
    eOnScreenText_OST_STARTING_GOODS,
    eOnScreenText_OST_MP_GAME_OVER = 16,
    eOnScreenText_OST_MISSION_FINISHED,
    eOnScreenText_OST_SPLIT_MESSAGE = 19,
    eOnScreenText_OST_KEEP_MESSAGE,
    eOnScreenText_OST_WHO_OWNS,
    eOnScreenText_OST_PINGS,
    eOnScreenText_OST_GAME_PAUSED,
    eOnScreenText_OST_GAME_SPEED,
    eOnScreenText_OST_KING_OF_THE_HILL,
    eOnScreenText_OST_WIN_TIMER,
    eOnScreenText_OST_TIMETODEFEAT,
    eOnScreenText_OST_PING_ERROR,
    eOnScreenText_OST_PEOPLE_LEFT,
    eOnScreenText_OST_MESSAGE_BAR,
    eOnScreenText_OST_PEACETIMER,
    eOnScreenText_NUM_OST
} eOnScreenText;


typedef enum eMusicIDS
{
    eMusicIDS_MUSIC_TUNE_OFF,
    eMusicIDS_MUSIC_TUNE_MAIN = 10,
    eMusicIDS_MUSIC_TUNE_BATTLE = 2,
    eMusicIDS_MUSIC_TUNE_INTRO,
    eMusicIDS_MUSIC_TUNE_NARR1,
    eMusicIDS_MUSIC_TUNE_NARR2,
    eMusicIDS_MUSIC_TUNE_MONK,
    eMusicIDS_MUSIC_TUNE_CHOIR,
    eMusicIDS_MUSIC_TUNE_CHOIR2,
    eMusicIDS_MUSIC_TUNE_TUTORIAL,
    eMusicIDS_MUSIC_TUNE_SAD,
    eMusicIDS_MUSIC_TUNE_SAD2,
    eMusicIDS_MUSIC_TUNE_AVG,
    eMusicIDS_MUSIC_TUNE_AVG2,
    eMusicIDS_MUSIC_TUNE_HAPPY,
    eMusicIDS_MUSIC_TUNE_HAPPY2,
    eMusicIDS_MUSIC_TUNE_GOOD,
    eMusicIDS_MUSIC_TUNE_BAD,
    eMusicIDS_MUSIC_TUNE_SAD3,
    eMusicIDS_MUSIC_TUNE_SAD4,
    eMusicIDS_MUSIC_TUNE_HAPPY3,
    eMusicIDS_MUSIC_GERMAN_EGG,
    eMusicIDS_MUSIC_TUNE_BATTLE1A,
    eMusicIDS_MUSIC_TUNE_BATTLE1B,
    eMusicIDS_MUSIC_TUNE_BATTLE2A,
    eMusicIDS_MUSIC_TUNE_BATTLE2B,
    eMusicIDS_MUSIC_TUNE_BATTLE2C,
    eMusicIDS_MUSIC_TUNE_BATTLE3,
    eMusicIDS_MUSIC_TUNE_BATTLE4,
    eMusicIDS_MUSIC_TUNE_BATTLE_L1A,
    eMusicIDS_MUSIC_TUNE_BATTLE_L1B,
    eMusicIDS_MUSIC_TUNE_BATTLE_L1C,
    eMusicIDS_MUSIC_TUNE_BATTLE_L1D,
    eMusicIDS_MUSIC_TUNE_BATTLE_L2_GLORY1,
    eMusicIDS_MUSIC_TUNE_BATTLE_L2_GLORY2,
    eMusicIDS_MUSIC_TUNE_BATTLE_L2_GLORY3,
    eMusicIDS_MUSIC_TUNE_BATTLE_L2_GLORY4,
    eMusicIDS_MUSIC_TUNE_BATTLE_L2_GLORY5,
    eMusicIDS_MUSIC_TUNE_BATTLE_L2_GLORY6,
    eMusicIDS_MUSIC_TUNE_BATTLE_L2_PLOOP,
    eMusicIDS_MUSIC_TUNE_BATTLE_L2_DLOOP1,
    eMusicIDS_MUSIC_TUNE_BATTLE_L2_DLOOP2,
    eMusicIDS_MUSIC_TUNE_WIN1,
    eMusicIDS_MUSIC_TUNE_WIN2,
    eMusicIDS_MUSIC_TUNE_WIN3,
    eMusicIDS_MUSIC_TUNE_LOSE1,
    eMusicIDS_MUSIC_TUNE_LOSE2,
    eMusicIDS_MUSIC_PRE_MISSION1,
    eMusicIDS_MUSIC_PRE_MISSION2,
    eMusicIDS_MUSIC_PRE_MISSION3,
    eMusicIDS_MUSIC_PRE_MISSION4,
    eMusicIDS_MUSIC_AFTERMATH = 67,
    eMusicIDS_MUSIC_FLUTE7 = 72,
    eMusicIDS_MUSIC_OUD1,
    eMusicIDS_MUSIC_FLUTE1 = 97,
    eMusicIDS_MUSIC_PRE_MISSION21 = 116,
    eMusicIDS_MUSIC_PRE_MISSION22,
    eMusicIDS_MUSIC_PRE_MISSION23,
    eMusicIDS_MUSIC_PRE_MISSION24,
    eMusicIDS_MUSIC_PRE_MISSION25,
    eMusicIDS_MUSIC_PRE_MISSION26,
    eMusicIDS_MUSIC_PRE_MISSION27,
    eMusicIDS_MUSIC_PRE_MISSION28,
    eMusicIDS_MUSIC_PRE_MISSION29,
    eMusicIDS_MUSIC_PRE_MISSION30,
    eMusicIDS_MUSIC_PRE_MISSION31,
    eMusicIDS_MUSIC_PRE_MISSION32,
    eMusicIDS_MUSIC_PRE_MISSION33,
    eMusicIDS_MUSIC_PRE_MISSION34,
    eMusicIDS_MUSIC_PRE_MISSION35,
    eMusicIDS_MUSIC_TRAILER
} eMusicIDS;


typedef enum eSFX
{
    eSFX_FX_NULL,
    eSFX_FX_CLICK,
    eSFX_FX_CHOP,
    eSFX_FX_SAW,
    eSFX_FX_STOCKS,
    eSFX_FX_ARROW_FIRE,
    eSFX_FX_ARROW_HIT_BODY,
    eSFX_FX_TABLE_CLICK,
    eSFX_FX_LITTLE_PLOP,
    eSFX_FX_MED_PLOP,
    eSFX_FX_DROP_PLANK,
    eSFX_FX_WINDMILL,
    eSFX_FX_INN,
    eSFX_FX_MASON_CHIP,
    eSFX_FX_MASON_CRUMBLE,
    eSFX_FX_PULLER_LOWER,
    eSFX_FX_PULLER_STRAIN,
    eSFX_FX_PULLER_ROCK,
    eSFX_FX_PULLER_IMPACT,
    eSFX_FX_PULLER_RETURN,
    eSFX_FX_ARMY_CHARGE,
    eSFX_FX_PRYER_LEVER,
    eSFX_FX_DRAWBRIDGE_LOWERING,
    eSFX_FX_DRAWBRIDGE_LOWERED,
    eSFX_FX_DRAWBRIDGE_RAISING,
    eSFX_FX_DRAWBRIDGE_RAISED,
    eSFX_FX_DRAWBRIDGE_CONTROL,
    eSFX_FX_IRON_DUMP,
    eSFX_FX_IRON_LDUMP,
    eSFX_FX_IRON_BOIL,
    eSFX_FX_IRON_POUR,
    eSFX_FX_IRON_PULL,
    eSFX_FX_IRON_STRAIN,
    eSFX_FX_STOCK_FOOD,
    eSFX_FX_STOCK_ALE,
    eSFX_FX_STOCK_HOPS,
    eSFX_FX_STOCK_IRON,
    eSFX_FX_STOCK_PITCH,
    eSFX_FX_STOCK_STONE,
    eSFX_FX_STOCK_WEAPON,
    eSFX_FX_STOCK_WHEAT,
    eSFX_FX_STOCK_WOOD,
    eSFX_FX_TREE_FALL,
    eSFX_FX_LILTREE_FALL,
    eSFX_FX_BS_ANVIL,
    eSFX_FX_BS_BELLOW,
    eSFX_FX_BS_COOL,
    eSFX_FX_BS_POUR,
    eSFX_FX_BS_OPEN,
    eSFX_FX_BS_FILE,
    eSFX_FX_BAKE,
    eSFX_FX_BAKE2,
    eSFX_FX_MUDBUB,
    eSFX_FX_PITCH_WATERLAP,
    eSFX_FX_PITCH_SCOOP,
    eSFX_FX_PITCH_POUR,
    eSFX_FX_TANNER_CUT,
    eSFX_FX_TANNER_BRUSH1,
    eSFX_FX_TANNER_BRUSH2,
    eSFX_FX_FLETCH_LONG,
    eSFX_FX_GHOST,
    eSFX_FX_CAULDRON,
    eSFX_FX_STIR,
    eSFX_FX_CAMPFIRE,
    eSFX_FX_ARROW_BOUNCE,
    eSFX_FX_STEEL1,
    eSFX_FX_STEEL2,
    eSFX_FX_POLE_TURN,
    eSFX_FX_POLE_GRIND,
    eSFX_FX_MOAT_DIG,
    eSFX_FX_XBOW_FIRE,
    eSFX_FX_XBOW_WIND,
    eSFX_FX_BEAR_ATTACK,
    eSFX_FX_BEAR_DIE,
    eSFX_FX_COW_SLAUGHTER,
    eSFX_FX_COW_MILK,
    eSFX_FX_COW_MOO,
    eSFX_FX_MILK_POUR,
    eSFX_FX_DOG_BARK,
    eSFX_FX_DOG_DIE,
    eSFX_FX_DOG_PANT,
    eSFX_FX_DOG_WHIMPER,
    eSFX_FX_BROOM,
    eSFX_FX_SHARPEN,
    eSFX_FX_DEER_FALL,
    eSFX_FX_HUNTER_CUT,
    eSFX_FX_HORSES_1,
    eSFX_FX_HORSES_3,
    eSFX_FX_HORSES_4,
    eSFX_FX_HORSE_WHINNY,
    eSFX_FX_HORSE_DIE,
    eSFX_FX_HORSE_FALL,
    eSFX_FX_RABBIT_DIE,
    eSFX_FX_WOLF_DIE,
    eSFX_FX_WOLF_ATTACK,
    eSFX_FX_LION_DIE,
    eSFX_FX_ARMOUR_HIT,
    eSFX_FX_MAN_BURN2,
    eSFX_FX_POT_FLARE_UP,
    eSFX_FX_POT_OPEN,
    eSFX_FX_MAN_BURN,
    eSFX_FX_FIRE_START,
    eSFX_FX_OIL_DUMP,
    eSFX_FX_MENU_SLIDE,
    eSFX_FX_SIEGE_ROLL,
    eSFX_FX_CA_LOAD,
    eSFX_FX_CA_FIRE,
    eSFX_FX_MA_LOAD,
    eSFX_FX_MA_FIRE,
    eSFX_FX_TR_LOAD,
    eSFX_FX_TR_FIRE,
    eSFX_FX_TR_DIE,
    eSFX_FX_SIEGE_DIE,
    eSFX_FX_ROCK_HIT_WALL,
    eSFX_FX_ROCK_HIT_GROUND,
    eSFX_FX_WOOD_HIT,
    eSFX_FX_DEATH_CLUB,
    eSFX_FX_DEATH_ARROW,
    eSFX_FX_DEATH_SPEAR,
    eSFX_FX_DEATH_SWORD,
    eSFX_FX_BODY_HIT,
    eSFX_FX_IGNITE_PITCH = 122,
    eSFX_FX_MET_PUSH1,
    eSFX_FX_MET_PUSH2,
    eSFX_FX_MET_PUSH3,
    eSFX_FX_MET_PUSH4,
    eSFX_FX_MET_PUSH5,
    eSFX_FX_MET_PUSH6,
    eSFX_FX_METAL_ROLLOVER1,
    eSFX_FX_METAL_ROLLOVER2,
    eSFX_FX_METAL_ROLLOVER3,
    eSFX_FX_METAL_ROLLOVER4,
    eSFX_FX_METAL_ROLLOVER5,
    eSFX_FX_METAL_ROLLOVER6,
    eSFX_FX_WOOD_PUSH,
    eSFX_FX_WOOD_ROLLOVER,
    eSFX_FX_CHICKEN_START,
    eSFX_FX_CHICKEN_FLAP,
    eSFX_FX_CHICKEN_CLUCK,
    eSFX_FX_PC_DROP_CLICK,
    eSFX_FX_PC_DROP,
    eSFX_FX_PC_LIFT_CLICK,
    eSFX_FX_PC_LIFT,
    eSFX_FX_MAYPOLE,
    eSFX_FX_SWISH,
    eSFX_FX_SHIELDROLLOVER,
    eSFX_FX_PC_SLAM,
    eSFX_FX_ARROW_HIT_ANIMAL,
    eSFX_FX_HORSE_SNORT,
    eSFX_FX_TOWER_SMASH,
    eSFX_FX_DEATH_CLUB2,
    eSFX_FX_DEATH_ARROW2,
    eSFX_FX_DEATH_SPEAR2,
    eSFX_FX_DEATH_SWORD2,
    eSFX_FX_BODY_HIT2,
    eSFX_FX_BODY_HIT3,
    eSFX_FX_BODY_HIT4,
    eSFX_FX_DIG1,
    eSFX_FX_DIG2,
    eSFX_FX_WALLDROP,
    eSFX_FX_DROP_LOG,
    eSFX_FX_BABY,
    eSFX_FX_ATTACK_STONE,
    eSFX_FX_ATTACK_WOOD,
    eSFX_FX_SPLAT,
    eSFX_FX_COW_SPLAT,
    eSFX_FX_DEER_RUN,
    eSFX_FX_BALLISTA_LOAD,
    eSFX_FX_BALLISTA_FIRE,
    eSFX_FX_BUILDING_SMASH,
    eSFX_FX_DEATH_SHIELD,
    eSFX_FX_FLAME_ARROW,
    eSFX_FX_SWORDWALK_1,
    eSFX_FX_SWORDWALK_2,
    eSFX_FX_SWORDWALK_3,
    eSFX_FX_ROCK_SPLASH,
    eSFX_FX_RAM_SWING,
    eSFX_FX_RAM_HIT,
    eSFX_FX_SHEATH_IN,
    eSFX_FX_SHEATH_OUT,
    eSFX_FX_BUILD_UNIT,
    eSFX_FX_GIRL_DIE,
    eSFX_FX_GIRL_SCREAM,
    eSFX_FX_ARROW_HIT,
    eSFX_FX_MACE_HIT,
    eSFX_FX_PIKE_HIT,
    eSFX_FX_SPEAR_HIT,
    eSFX_FX_SWORD_HIT,
    eSFX_FX_FLIES,
    eSFX_FX_HARVEST,
    eSFX_FX_HOE,
    eSFX_FX_WOLF_HOWL,
    eSFX_FX_DOG_CAGE,
    eSFX_FX_OX_DIE,
    eSFX_FX_LADDER_PLACE,
    eSFX_FX_LADDER_BREAK,
    eSFX_FX_JESTER_DIE,
    eSFX_FX_LORD_DIE,
    eSFX_FX_ENEMY_LORD_DIE,
    eSFX_FX_CROW,
    eSFX_FX_GULL,
    eSFX_FX_OIL_REFILL,
    eSFX_FX_SMALL_FLAG,
    eSFX_FX_LARGE_FLAG,
    eSFX_FX_SNAKE_LORD_DIE,
    eSFX_FX_WOLF_LORD_DIE,
    eSFX_FX_CHURCH1,
    eSFX_FX_CHURCH2,
    eSFX_FX_CHURCH3,
    eSFX_FX_STRETCH,
    eSFX_FX_GALLOWS,
    eSFX_FX_DUNGEON,
    eSFX_FX_GULL_DIVE,
    eSFX_FX_GULL_SURFACE,
    eSFX_FX_WH_BREATH1,
    eSFX_FX_WH_BREATH2,
    eSFX_FX_WH_LIFT,
    eSFX_FX_WH_DUNK,
    eSFX_FX_GIRL_GRUNT,
    eSFX_FX_FIRE_OUT,
    eSFX_FX_FIRE_POP,
    eSFX_FX_THROW_WATER,
    eSFX_FX_WITCH_BURN,
    eSFX_FX_WITCH_SCREAM,
    eSFX_FX_LION_ATTACK,
    eSFX_FX_GH_SWING,
    eSFX_FX_GH_CATCH,
    eSFX_FX_ROPE_SLIDE,
    eSFX_FX_ASS_LAND,
    eSFX_FX_ASS_SWISH,
    eSFX_FX_SLING_THROW,
    eSFX_FX_SLAVE_FIRE,
    eSFX_FX_LORD_SWING,
    eSFX_FX_HORSE_ARCHER1,
    eSFX_FX_HORSE_ARCHER2,
    eSFX_FX_HORSE_ARCHER3,
    eSFX_FX_FIRE_THROW,
    eSFX_FX_DEATH_SLINGSTONE,
    eSFX_FX_HIT_SLINGSTONE,
    eSFX_FX_LORD_KILL,
    eSFX_FX_ARAB_LORD_KILL,
    eSFX_FX_LORD_HIT,
    eSFX_FX_ARAB_BALLISTA_FIRE,
    eSFX_FX_DECIMATE,
    eSFX_FX_CAMEL_DIE,
    eSFX_FX_BODY_HIT5,
    eSFX_FX_BODY_HIT6,
    eSFX_FX_BODY_HIT7,
    eSFX_FX_BODY_HIT8,
    eSFX_FX_HORSE_ARMY_CHARGE,
    eSFX_FX_EXIT_ROLLOVER,
    eSFX_FX_DICE,
    eSFX_FX_SKMASTER,
    eSFX_FX_SKGOLD1,
    eSFX_FX_SKGOLD2,
    eSFX_FX_SKGOLD3,
    eSFX_FX_KEY,
    eSFX_FX_TRAIL_CHICKEN,
    eSFX_FX_EXTREME_TROOPS_CLICK = 260,
    eSFX_FX_EXTREME_ROCK_VOLLEY,
    eSFX_FX_BUILDING_PLACEMENT = 265,
    eSFX_FX_BUILDING_PLACEMENT_SMALL,
    eSFX_FX_APOTHECARY_EXPLOSION,
    eSFX_FX_MILLER_WORKING,
    eSFX_FX_MILLER_WORKING_LOOP,
    eSFX_FX_PICK_APPLE,
    eSFX_FX_PICK_HOPS,
    eSFX_FX_GIBBET,
    eSFX_FX_OX_SELECT,
    eSFX_FX_OX_WALK,
    eSFX_FX_MARKET_SELECT,
    eSFX_FX_SIEGE_DOCK,
    eSFX_FX_XBOW_SAND,
    eSFX_FX_XBOW_INSPECT,
    eSFX_FX_XBOW_PICKUP,
    eSFX_FX_XBOW_HAMMER1,
    eSFX_FX_XBOW_HAMMER2,
    eSFX_FX_XBOW_PUTDOWN,
    eSFX_FX_DUNGEON_WHIP,
    eSFX_FX_STOCKS_CLICK,
    eSFX_FX_WOODWALL_PLACEMENT,
    eSFX_FX_STONEWALL_PLACEMENT,
    eSFX_FX_WOODTOWER_PLACEMENT,
    eSFX_FX_STONETOWER_PLACEMENT,
    eSFX_FX_WOOD_ROLLOVER2,
    eSFX_FX_BUILDING_PLACEMENT_STONE,
    eSFX_FX_BATTLEHORN,
    eSFX_FX_SKIRMISHER_THROWSPEAR,
    eSFX_FX_CAMEL_TROT_SING,
    eSFX_FX_CAMEL_TROT_SEVERAL,
    eSFX_FX_CAMEL_TROT_MANY,
    eSFX_FX_HEAVYCAMEL_TROT_SING,
    eSFX_FX_HEAVYCAMEL_TROT_SEVERAL,
    eSFX_FX_HEAVYCAMEL_TROT_MANY,
    eSFX_FX_DEMOLISHER_WALL,
    eSFX_FX_DEMOLISHER_STRUCK,
    eSFX_FX_DEMOLISHER_SHIELDDEST,
    eSFX_FX_AMBUSH_THROW,
    eSFX_FX_AMBUSH_LANDS,
    eSFX_FX_EUNUCH_SWORD,
    eSFX_FX_EUNUCH_WALL,
    eSFX_FX_EUNUCH_FORWARDSWING,
    eSFX_FX_DANCING_BEAR,
    eSFX_FX_CROC_GENERAL,
    eSFX_FX_CROC_KILLBITE,
    eSFX_FX_HYENA_IDLE,
    eSFX_FX_HYENA_ATTACK,
    eSFX_FX_HYENA_DIE,
    eSFX_FX_GOAT_IDLE,
    eSFX_FX_GOAT_DIE,
    eSFX_FX_MOSQUE_SMALL,
    eSFX_FX_MOSQUE_MEDIUM,
    eSFX_FX_MOSQUE_LARGE,
    eSFX_FX_MP_JOINER,
    eSFX_FX_MP_LEAVER,
    eSFX_FX_VICTORY,
    eSFX_FX_DEFEAT,
    eSFX_FX_FEMALE_LORD_DIE,
    eSFX_FX_BESSY_LORD_DIE,
    eSFX_FX_ENEMY_FEMALE_LORD_DIE,
    eSFX_FX_ENEMY_BESSY_LORD_DIE,
    eSFX_FX_FREEBUILD_GOLD
} eSFX;


typedef enum TutorialActions
{
    TutorialActions_TUT_SCROLL = 1,
    TutorialActions_TUT_ROTATE,
    TutorialActions_TUT_ZOOM,
    TutorialActions_TUT_FLATTEN,
    TutorialActions_TUT_FLATTEN2,
    TutorialActions_TUT_CLICK_BUILD_ITEM,
    TutorialActions_TUT_BUILT,
    TutorialActions_TUT_CLICK_BUILDING,
    TutorialActions_TUT_NEW_PEASANT,
    TutorialActions_TUT_EXIT_PANEL_MODE = 11,
    TutorialActions_TUT_SET_RATIONS,
    TutorialActions_TUT_SET_TAXES,
    TutorialActions_TUT_REPORTS_MENU,
    TutorialActions_TUT_REPORT_SELECT,
    TutorialActions_TUT_FULLSCREEN = 17
} TutorialActions;


typedef enum VictoryScreens
{
    VictoryScreens_banquet,
    VictoryScreens_economic,
    VictoryScreens_military_big,
    VictoryScreens_military_small,
    VictoryScreens_pig_VictoryScreens,
    VictoryScreens_rat_VictoryScreens,
    VictoryScreens_resources,
    VictoryScreens_snake_VictoryScreens,
    VictoryScreens_stockpile
} VictoryScreens;


typedef enum DefeatScreens
{
    DefeatScreens_baddies,
    DefeatScreens_general_DefeatScreens,
    DefeatScreens_pig_DefeatScreens,
    DefeatScreens_rat_DefeatScreens,
    DefeatScreens_ruins,
    DefeatScreens_snake_DefeatScreens,
    DefeatScreens_stocks,
    DefeatScreens_wolf_DefeatScreens
} DefeatScreens;


typedef enum Achievements
{
    Achievements_Complete_Tutorial = 1,
    Achievements_Complete_Campaign_1 = 11,
    Achievements_Complete_Campaign_2,
    Achievements_Complete_Campaign_3,
    Achievements_Complete_Campaign_4,
    Achievements_Complete_Campaign_5,
    Achievements_Complete_Campaign_6,
    Achievements_Complete_Campaign_7,
    Achievements_Complete_FirstEdition_Trail = 21,
    Achievements_Complete_Warchest_Trail,
    Achievements_Complete_Extreme_Trail,
    Achievements_Complete_Sands_Trail_1 = 31,
    Achievements_Complete_Sands_Trail_2,
    Achievements_Complete_Sands_Trail_3,
    Achievements_Complete_Sands_Trail_4,
    Achievements_Complete_Sands_Trail_5,
    Achievements_Complete_Sands_Trail_6,
    Achievements_Complete_Sands_Trail_7,
    Achievements_Complete_Sands_Trail_8,
    Achievements_Kill_Units_10k = 41,
    Achievements_Kill_Units_100k,
    Achievements_Kill_Units_1M,
    Achievements_Complete_Sands_Warrior = 51,
    Achievements_Complete_Sands_Champion,
    Achievements_Complete_Sands_Prince,
    Achievements_Win_Skirmish_Game = 61,
    Achievements_Win_Skirmish_Game_vs_7,
    Achievements_Win_Skirmish_Game_vs_Team_of_7,
    Achievements_Win_Skirmish_Game_vs_New_Lords,
    Achievements_Skirmish_Beating_All_Lords,
    Achievements_Win_Skirmish_No_Ranged,
    Achievements_Win_Skirmish_All_Ranged,
    Achievements_Map_Uploaded_To_Workshop = 91,
    Achievements_Scribe_Unlock,
    Achievements_Kill_1000_Lions = 113,
    Achievements_Store_1000_Food,
    Achievements_Store_1000_Weapons,
    Achievements_Store_10000_Wood,
    Achievements_Amass_10000_Gold,
    Achievements_Population_300,
    Achievements_Place_Dairy_Farms
} Achievements;


typedef enum AchievementStat
{
    AchievementStat_UnitsKilled = 1,
    AchievementStat_LionsKilled,
    AchievementStat_DairyFarms
} AchievementStat;


typedef enum AchievementMessage
{
    AchievementMessage_Wood_Stored = 1,
    AchievementMessage_Food_Stored,
    AchievementMessage_Weapon_Stored,
    AchievementMessage_Gold_Level,
    AchievementMessage_Lion_Killed,
    AchievementMessage_Jester_Killed,
    AchievementMessage_Unit_Killed_By_Player,
    AchievementMessage_Dairy_Farms,
    AchievementMessage_Population = 10
} AchievementMessage;


typedef enum SandsRanks
{
    SandsRanks_Peasant,
    SandsRanks_Tribesman,
    SandsRanks_Warrior,
    SandsRanks_Champion,
    SandsRanks_Prince
} SandsRanks;


typedef enum MPFlags
{
    MPFlags_GamePacket = 1,
    MPFlags_InitialSeedPacket,
    MPFlags_InitialAcknowledgePacket,
    MPFlags_StartGamePacket,
    MPFlags_ChatPacket,
    MPFlags_ChatInsultPacket,
    MPFlags_KickPlayerPacket,
    MPFlags_LeaveGamePacket,
    MPFlags_playerRemapPacket,
    MPFlags_CoopContinuationPacket
} MPFlags;


typedef enum RequesterTypes
{
    RequesterTypes_LoadSinglePlayerGame,
    RequesterTypes_SaveSinglePlayerGame,
    RequesterTypes_LoadMultiplayerGame,
    RequesterTypes_SaveMultiplayerGame,
    RequesterTypes_LoadEditorMap,
    RequesterTypes_SaveEditorMap,
    RequesterTypes_LoadUserWorkshopMap,
    RequesterTypes_LoadSinglePlayerCoopGame,
    RequesterTypes_LoadMultiplayerCoopGame
} RequesterTypes;


typedef enum SceneIDS
{
    SceneIDS_ActualMainGame = 2,
    SceneIDS_Story = 10,
    SceneIDS_Intro = 94,
    SceneIDS_Tutorial,
    SceneIDS_MapEditor_SceneIDS = 97,
    SceneIDS_MainGame,
    SceneIDS_FrontEnd,
    SceneIDS_Options = 101
} SceneIDS;


typedef enum AILords
{
    AILords_SK_NULL,
    AILords_SK_RAT,
    AILords_SK_SNAKE,
    AILords_SK_PIG,
    AILords_SK_WOLF,
    AILords_SK_SALADIN,
    AILords_SK_CALIPH,
    AILords_SK_SULTAN,
    AILords_SK_RICHARD,
    AILords_SK_FREDERICK,
    AILords_SK_PHILLIP,
    AILords_SK_WAZIR,
    AILords_SK_EMIR,
    AILords_SK_NIZAR,
    AILords_SK_SHERIFF,
    AILords_SK_MARSHAL,
    AILords_SK_ABBOT,
    AILords_SK_JEWEL,
    AILords_SK_SENTINEL,
    AILords_SK_NOMAD,
    AILords_SK_KAHIN,
    AILords_SK_CANARY,
    AILords_SK_TRADER,
    AILords_SK_SERGEANT,
    AILords_SK_LIONESS,
    AILords_SK_CROCODILE,
    AILords_SK_BALDWIN,
    AILords_SK_BULLSEYE,
    AILords_SK_SURGEON,
    AILords_SK_BAIBARS,
    AILords_SK_X1,
    AILords_SK_X2,
    AILords_SK_X3,
    AILords_SK_X4,
    AILords_SK_X5,
    AILords_SK_X6,
    AILords_SK_X7,
    AILords_SK_X8,
    AILords_SK_TEMP
} AILords;


typedef enum AvatarItems
{
    AvatarItems_None_AvatarItems,
    AvatarItems_Colour_BLACK,
    AvatarItems_Colour_BLUE,
    AvatarItems_Colour_BROWN,
    AvatarItems_Colour_DARKBLUE,
    AvatarItems_Colour_DARKBROWN,
    AvatarItems_Colour_DARKGREEN,
    AvatarItems_Colour_DARKPURPLE,
    AvatarItems_Colour_DARKRED,
    AvatarItems_Colour_FLESH,
    AvatarItems_Colour_GOLD,
    AvatarItems_Colour_GREEN,
    AvatarItems_Colour_GREY,
    AvatarItems_Colour_LIGHTBLUE,
    AvatarItems_Colour_LIGHTGREEN,
    AvatarItems_Colour_LIGHTORANGE,
    AvatarItems_Colour_LIGHTPINK,
    AvatarItems_Colour_LIGHTPURPLE,
    AvatarItems_Colour_LIGHTYELLOW,
    AvatarItems_Colour_ORANGE,
    AvatarItems_Colour_PINK,
    AvatarItems_Colour_PURPLE,
    AvatarItems_Colour_RED,
    AvatarItems_Colour_TEAL,
    AvatarItems_Colour_TURQUOISE,
    AvatarItems_Colour_WHITE,
    AvatarItems_Colour_Alt_BLACK = 101,
    AvatarItems_Colour_Alt_BLUE,
    AvatarItems_Colour_Alt_BROWN,
    AvatarItems_Colour_Alt_DARKBLUE,
    AvatarItems_Colour_Alt_DARKBROWN,
    AvatarItems_Colour_Alt_DARKGREEN,
    AvatarItems_Colour_Alt_DARKPURPLE,
    AvatarItems_Colour_Alt_DARKRED,
    AvatarItems_Colour_Alt_FLESH,
    AvatarItems_Colour_Alt_GOLD,
    AvatarItems_Colour_Alt_GREEN,
    AvatarItems_Colour_Alt_GREY,
    AvatarItems_Colour_Alt_LIGHTBLUE,
    AvatarItems_Colour_Alt_LIGHTGREEN,
    AvatarItems_Colour_Alt_LIGHTORANGE,
    AvatarItems_Colour_Alt_LIGHTPINK,
    AvatarItems_Colour_Alt_LIGHTPURPLE,
    AvatarItems_Colour_Alt_LIGHTYELLOW,
    AvatarItems_Colour_Alt_ORANGE,
    AvatarItems_Colour_Alt_PINK,
    AvatarItems_Colour_Alt_PURPLE,
    AvatarItems_Colour_Alt_RED,
    AvatarItems_Colour_Alt_TEAL,
    AvatarItems_Colour_Alt_TURQUOISE,
    AvatarItems_Colour_Alt_WHITE,
    AvatarItems_BackMask_001 = 1001,
    AvatarItems_BackMask_002,
    AvatarItems_BackMask_003,
    AvatarItems_BackMask_004,
    AvatarItems_BackMask_005,
    AvatarItems_BackMask_006,
    AvatarItems_BackMask_007,
    AvatarItems_BackMask_008,
    AvatarItems_BackMask_009,
    AvatarItems_BackMask_010,
    AvatarItems_BackMask_011,
    AvatarItems_BackMask_012,
    AvatarItems_BackMask_013,
    AvatarItems_BackMask_014,
    AvatarItems_BackMask_015,
    AvatarItems_BackMask_016,
    AvatarItems_BackMask_017,
    AvatarItems_BackMask_018,
    AvatarItems_BackMask_019,
    AvatarItems_BackMask_020,
    AvatarItems_BackMask_021,
    AvatarItems_BackMask_022,
    AvatarItems_BackMask_023,
    AvatarItems_BackMask_024,
    AvatarItems_BackMask_025,
    AvatarItems_BackMask_026,
    AvatarItems_BackMask_027,
    AvatarItems_BackMask_028,
    AvatarItems_BackMask_029,
    AvatarItems_BackMask_030,
    AvatarItems_BackMask_031,
    AvatarItems_BackMask_032,
    AvatarItems_BackMask_033,
    AvatarItems_BackMask_034,
    AvatarItems_BackMask_035,
    AvatarItems_BackMask_036,
    AvatarItems_BackMask_037,
    AvatarItems_BackMask_038,
    AvatarItems_BackMask_039,
    AvatarItems_BackMask_040,
    AvatarItems_BackMask_041,
    AvatarItems_BackMask_042,
    AvatarItems_BackMask_043,
    AvatarItems_BackMask_044,
    AvatarItems_BackMask_045,
    AvatarItems_BackMask_046,
    AvatarItems_BackMask_047,
    AvatarItems_BackMask_048,
    AvatarItems_BackMask_049,
    AvatarItems_BackMask_050,
    AvatarItems_BackMask_051,
    AvatarItems_BackMask_052,
    AvatarItems_BackMask_053,
    AvatarItems_BackMask_054,
    AvatarItems_BackMask_055,
    AvatarItems_BackMask_056,
    AvatarItems_BackMask_057,
    AvatarItems_BackMask_058,
    AvatarItems_BackMask_059,
    AvatarItems_BackMask_060,
    AvatarItems_BackMask_061,
    AvatarItems_BackMask_062,
    AvatarItems_BackMask_063,
    AvatarItems_BackMask_064,
    AvatarItems_BackMask_065,
    AvatarItems_BackMask_066,
    AvatarItems_BackMask_067,
    AvatarItems_BackMask_068,
    AvatarItems_BackMask_069,
    AvatarItems_BackMask_070,
    AvatarItems_BackMask_071,
    AvatarItems_BackMask_072,
    AvatarItems_BackMask_073,
    AvatarItems_BackMask_074,
    AvatarItems_BackMask_075,
    AvatarItems_BackMask_076,
    AvatarItems_BackMask_077,
    AvatarItems_BackMask_078,
    AvatarItems_BackMask_079,
    AvatarItems_BackMask_080,
    AvatarItems_BackMask_081,
    AvatarItems_BackMask_082,
    AvatarItems_BackMask_083,
    AvatarItems_BackMask_084,
    AvatarItems_BackMask_085,
    AvatarItems_BackMask_086,
    AvatarItems_BackMask_087,
    AvatarItems_BackMask_088,
    AvatarItems_BackMask_089,
    AvatarItems_BackMask_090,
    AvatarItems_BackMask_091,
    AvatarItems_BackMask_END = 1091,
    AvatarItems_BackMask_COUNT = 91,
    AvatarItems_Item_AF = 2001,
    AvatarItems_Item_AM,
    AvatarItems_Item_BESSY = 2004,
    AvatarItems_Item_BF,
    AvatarItems_Item_BM,
    AvatarItems_Item_COTL,
    AvatarItems_Item_EF,
    AvatarItems_Item_EM,
    AvatarItems_Item_GOING,
    AvatarItems_Item_GUNGEON,
    AvatarItems_Item_INK,
    AvatarItems_Item_INSCRYPTION,
    AvatarItems_Item_KZERO,
    AvatarItems_Item_NEVA,
    AvatarItems_Item_NORTH,
    AvatarItems_Item_REIGNS = 2018,
    AvatarItems_Item_SCRIBE,
    AvatarItems_Item_STYX,
    AvatarItems_Item_TALOS,
    AvatarItems_Item_THRONE,
    AvatarItems_Item_VOLVY,
    AvatarItems_Item_KTC,
    AvatarItems_Item_BLANK,
    AvatarItems_Item_SABERS,
    AvatarItems_Item_SARROW,
    AvatarItems_Item_SCHECKER,
    AvatarItems_Item_SCROSS,
    AvatarItems_Item_SDRAGON,
    AvatarItems_Item_SFDL,
    AvatarItems_Item_SKULL,
    AvatarItems_Item_SKULL2,
    AvatarItems_Item_SLION,
    AvatarItems_Item_SMOON,
    AvatarItems_Item_SPHX,
    AvatarItems_Item_SSTRIPE,
    AvatarItems_Item_SSUN,
    AvatarItems_Item_SUNICORN,
    AvatarItems_Item_SWORDS,
    AvatarItems_Item_ABBOT = 2042,
    AvatarItems_Item_CALIPH,
    AvatarItems_Item_CANARY,
    AvatarItems_Item_CROCODILE,
    AvatarItems_Item_EMIR,
    AvatarItems_Item_FREDERICK,
    AvatarItems_Item_JEWEL,
    AvatarItems_Item_KAHINAH,
    AvatarItems_Item_MARSHAL,
    AvatarItems_Item_NIZAR,
    AvatarItems_Item_NOMAD,
    AvatarItems_Item_PHILIP,
    AvatarItems_Item_PIG,
    AvatarItems_Item_RAT,
    AvatarItems_Item_RICHARD,
    AvatarItems_Item_SALADIN,
    AvatarItems_Item_SHERIFF,
    AvatarItems_Item_SNAKE,
    AvatarItems_Item_SULTAN,
    AvatarItems_Item_TRADER,
    AvatarItems_Item_WAZIR,
    AvatarItems_Item_WOLF,
    AvatarItems_Item_SENTINEL,
    AvatarItems_Item_GOAT,
    AvatarItems_Item_JACKAL,
    AvatarItems_Item_LAMB,
    AvatarItems_Item_LEOPARD,
    AvatarItems_Item_FALCON,
    AvatarItems_Item_LIONESS,
    AvatarItems_Item_SERGEANT,
    AvatarItems_Item_COBRA,
    AvatarItems_Item_FISH,
    AvatarItems_Item_CROWN,
    AvatarItems_Item_ROSE,
    AvatarItems_Item_FLOWERS,
    AvatarItems_Item_CAT,
    AvatarItems_Item_PAW,
    AvatarItems_Item_SUN,
    AvatarItems_Item_ANKH,
    AvatarItems_Item_CROSSA,
    AvatarItems_Item_CROSSB,
    AvatarItems_Item_CROSSC,
    AvatarItems_Item_CROSSD,
    AvatarItems_Item_CIRCLE,
    AvatarItems_Item_CIRCLEB,
    AvatarItems_Item_CIRCLEC,
    AvatarItems_Item_BALDWIN,
    AvatarItems_Item_BULLSEYE,
    AvatarItems_Item_SURGEON,
    AvatarItems_Item_BAIBARS,
    AvatarItems_Item_VULTURE,
    AvatarItems_Item_FOOLKING,
    AvatarItems_Item_END = 2093
} AvatarItems;


typedef enum eSkirmishGameMode
{
    eSkirmishGameMode_SKIRMISH_GAME_CUSTOM,
    eSkirmishGameMode_SKIRMISH_GAME_TRAIL,
    eSkirmishGameMode_SKIRMISH_GAME_NOT_SKIRMISH = -1,
    eSkirmishGameMode_SKIRMISH_GAME_CUSTOM_TRAIL = 2,
    eSkirmishGameMode_SKIRMISH_GAME_TEST_MISSION
} eSkirmishGameMode;




typedef enum eGoodStorageType
{
	eGoodStorageType_eMarketGoodType_None           = 0x0,
	eGoodStorageType_eMarketGoodType_Default        = 0xA,
	eGoodStorageType_eMarketGoodType_Food           = 0x13,
	eGoodStorageType_eMarketGoodType_Weapon         = 0xB,
	eGoodStorageType_eMarketGoodType_PlayerGold	   = 0x28
} eGoodStorageType;

typedef enum eAliveState
{
	eAliveState_NULL            = 0x0,
	eAliveState_NeedInit        = 0x1,
	eAliveState_Alive           = 0x2,
	eAliveState_MarkedForDelete = 0x3
} eAliveState;

typedef struct PlayerResources
{
	uint32_t N000039F7;
	uint32_t N000044FF;
	uint32_t N000039F8;
	uint32_t N00004501;
	uint32_t N000039F9;
	uint32_t N00004503;
	uint32_t N000039FA;
	uint32_t N00004505;
	uint32_t N000039FB;
	uint32_t N00004507;
	uint32_t N000039FC;
	uint32_t N00004509;
	uint16_t N000039FD;
	uint16_t N000047DF;
	uint32_t N0000450B;
	uint32_t N000039FE;
	uint32_t N0000450D;
	uint32_t N000039FF;
	uint32_t N0000450F;
	uint32_t N00003A00;
	uint32_t N00004511;
	uint16_t N00003A01;
	uint16_t N000047DA;
	uint32_t N00004513;
	uint32_t N00003A02;
	uint32_t N00004515;
	uint32_t r_CurrentPopularity;
	uint32_t N00004517;
	uint32_t N00003A04;
	uint32_t r_PeasantSpawnTimer;
	uint32_t N00003A05;
	uint32_t r_CivilianHousingSpace;
	uint32_t r_CiviliansTotal;
	uint32_t N0000451D;
	uint32_t N00003A07;
	uint32_t N0000451F;
	uint32_t r_ReadyPeasants;
	uint32_t r_ExistingPeasants;
	uint32_t N00003A09;
	uint32_t N00004523;
	uint32_t N00003A0A;
	uint32_t N00004525;
	uint32_t N00003A0B;
	uint32_t N00004527;
	uint32_t N00003A0C;
	uint32_t N00004529;
	uint32_t N00003A0D;
	uint32_t N0000452B;
	uint32_t N00003A0E;
	uint32_t N0000452D;
	uint32_t N00003A0F;
	uint32_t N0000452F;
	uint32_t N00003A10;
	uint32_t N00004531;
	uint32_t N00003A11;
	uint32_t N00004533;
	uint32_t N00003A12;
	uint32_t N00004535;
	uint32_t N00003A13;
	uint32_t N00004537;
	uint32_t N00003A14;
	uint32_t N00004539;
	uint32_t N00003A15;
	uint32_t N0000453B;
	uint32_t N00003A16;
	uint32_t N0000453D;
	uint32_t N00003A17;
	uint32_t N0000453F;
	uint32_t N00003A18;
	uint32_t N00004541;
	uint32_t N00003A19;
	uint32_t N00004543;
	uint32_t N00003A1A;
	uint32_t N00004545;
	uint32_t N00003A1B;
	uint32_t N00004547;
	uint32_t N00003A1C;
	uint32_t N00004549;
	uint32_t N00003A1D;
	uint32_t N0000454B;
	uint32_t N00003A1E;
	uint32_t N0000454D;
	uint32_t N00003A1F;
	uint32_t N0000454F;
	uint32_t N00003A20;
	uint32_t N00004551;
	uint32_t N00003A21;
	uint32_t N00004553;
	uint32_t N00003A22;
	uint32_t N00004555;
	uint32_t N00003A23;
	uint32_t N00004557;
	uint32_t N00003A24;
	uint32_t N00004559;
	uint32_t N00003A25;
	uint32_t N0000455B;
	uint32_t N00003A26;
	uint32_t N0000455D;
	uint32_t N00003A27;
	uint32_t N0000455F;
	uint32_t N00003A28;
	uint32_t N00004561;
	uint32_t N00003A29;
	uint32_t N00004563;
	uint32_t N00003A2A;
	uint32_t N00004565;
	uint32_t N00003A2B;
	uint32_t N00004567;
	uint32_t N00003A2C;
	uint32_t N00004569;
	uint32_t N00003A2D;
	uint32_t N0000456B;
	uint32_t N00003A2E;
	uint32_t N0000456D;
	uint32_t N00003A2F;
	uint32_t N0000456F;
	uint32_t N00003A30;
	uint32_t N00004571;
	uint32_t N00003A31;
	uint32_t N00004573;
	uint32_t N00003A32;
	uint32_t N00004575;
	uint32_t N00003A33;
	uint32_t N00004577;
	uint32_t N00003A34;
	uint32_t N00004579;
	uint32_t N00003A35;
	uint32_t N0000457B;
	uint32_t N00003A36;
	uint32_t N0000457D;
	uint32_t N00003A37;
	uint32_t N0000457F;
	uint32_t N00003A38;
	uint32_t N00004581;
	uint32_t N00003A39;
	uint32_t N00004583;
	uint32_t N00003A3A;
	uint32_t N00004585;
	uint32_t N00003A3B;
	uint32_t N00004587;
	uint32_t N00003A3C;
	uint32_t N00004589;
	uint32_t N00003A3D;
	uint32_t N0000458B;
	uint32_t N00003A3E;
	uint32_t N0000458D;
	uint32_t N00003A3F;
	uint32_t N0000458F;
	uint32_t N00003A40;
	uint32_t N00004591;
	uint32_t N00003A41;
	uint32_t N00004593;
	uint32_t N00003A42;
	uint32_t N00004595;
	uint32_t N00003A43;
	uint32_t N00004597;
	uint32_t N00003A44;
	uint32_t N00004599;
	uint32_t N00003A45;
	uint32_t N0000459B;
	uint32_t N00003A46;
	uint32_t N0000459D;
	uint32_t N00003A47;
	uint32_t N0000459F;
	uint32_t N00003A48;
	uint32_t N000045A1;
	uint32_t N00003A49;
	uint32_t N000045A3;
	uint32_t N00003A4A;
	uint32_t N000045A5;
	uint32_t N00003A4B;
	uint32_t N000045A7;
	uint32_t N00003A4C;
	uint32_t N000045A9;
	uint32_t N00003A4D;
	uint32_t N000045AB;
	uint32_t N00003A4E;
	uint32_t N000045AD;
	uint32_t N00003A4F;
	uint32_t N000045AF;
	uint32_t N00003A50;
	uint32_t N000045B1;
	uint32_t N00003A51;
	uint32_t N000045B3;
	uint32_t N00003A52;
	uint32_t N000045B5;
	uint32_t N00003A53;
	uint32_t N000045B7;
	uint32_t N00003A54;
	uint32_t N000045B9;
	uint32_t N00003A55;
	uint32_t N000045BB;
	uint32_t N00003A56;
	uint32_t N000045BD;
	uint32_t N00003A57;
	uint32_t N000045BF;
	uint32_t N00003A58;
	uint32_t N000045C1;
	uint32_t N00003A59;
	uint32_t N000045C3;
	uint32_t N00003A5A;
	uint32_t N000045C5;
	uint32_t N00003A5B;
	uint32_t N000045C7;
	uint32_t N00003A5C;
	uint32_t N000045C9;
	uint32_t N00003A5D;
	uint32_t N000045CB;
	uint32_t N00003A5E;
	uint32_t N000045CD;
	uint32_t N00003A5F;
	uint32_t N000045CF;
	uint32_t N00003A60;
	uint32_t N000045D1;
	uint32_t N00003A61;
	uint32_t N000045D3;
	uint32_t N00003A62;
	uint32_t N000045D5;
	uint32_t N00003A63;
	uint32_t N000045D7;
	uint32_t N00003A64;
	uint32_t N000045D9;
	uint32_t N00003A65;
	uint32_t N000045DB;
	uint32_t N00003A66;
	uint32_t N000045DD;
	uint32_t N00003A67;
	uint32_t N000045DF;
	uint32_t N00003A68;
	uint32_t N000045E1;
	uint32_t N00003A69;
	uint32_t N000045E3;
	uint32_t N00003A6A;
	uint32_t N000045E5;
	uint32_t N00003A6B;
	uint32_t N000045E7;
	uint32_t N00003A6C;
	uint32_t N000045E9;
	uint32_t N00003A6D;
	uint32_t r_PreviousPopularity;
	uint32_t N00003A6E;
	uint32_t N000045ED;
	uint32_t N00003A6F;
	uint32_t N000045EF;
	uint32_t N00003A70;
	uint32_t N000045F1;
	uint32_t N00003A71;
	uint32_t N000045F3;
	uint32_t N00003A72;
	uint32_t N000045F5;
	uint32_t N00003A73;
	uint32_t N000045F7;
	uint32_t N00003A74;
	uint32_t N000045F9;
	uint32_t N00003A75;
	uint32_t N000045FB;
	uint32_t N00003A76;
	uint32_t N000045FD;
	uint32_t N00003A77;
	uint32_t N000045FF;
	uint32_t N00003A78;
	uint32_t N00004601;
	uint32_t N00003A79;
	uint32_t N00004603;
	uint32_t N00003A7A;
	uint32_t N00004605;
	uint32_t N00003A7B;
	uint32_t N00004607;
	uint32_t N00003A7C;
	uint32_t N00004609;
	uint32_t N00003A7D;
	uint32_t N0000460B;
	uint32_t N00003A7E;
	uint32_t N0000460D;
	uint32_t N00003A7F;
	uint32_t N0000460F;
	uint32_t N00003A80;
	uint32_t N00004611;
	uint32_t N00003A81;
	uint32_t N00004613;
	uint32_t N00003A82;
	uint32_t N00004615;
	uint32_t N00003A83;
	uint32_t N00004617;
	uint32_t N00003A84;
	uint32_t N00004619;
	uint32_t N00003A85;
	uint32_t N0000461B;
	uint32_t N00003A86;
	uint32_t N0000461D;
	uint32_t N00003A87;
	uint32_t N0000461F;
	uint32_t N00003A88;
	uint32_t N00004621;
	uint32_t N00003A89;
	uint32_t N00004623;
	uint32_t N00003A8A;
	uint32_t N00004625;
	uint32_t N00003A8B;
	uint32_t N00004627;
	uint32_t N00003A8C;
	uint32_t N00004629;
	uint32_t N00003A8D;
	uint32_t N0000462B;
	uint32_t N00003A8E;
	uint32_t N0000462D;
	uint32_t N00003A8F;
	uint32_t N0000462F;
	uint32_t N00003A90;
	uint32_t N00004631;
	uint32_t N00003A91;
	uint32_t N00004633;
	uint32_t r_WoodPlanks;
	uint32_t r_RawHops;
	uint32_t r_StoneBlocks;
	uint32_t r_CowHides;
	uint32_t r_IronIngots;
	uint32_t r_PitchRaw;
	uint32_t r_PitchRefined;
	uint32_t r_RawWheat;
	uint32_t r_FoodBread;
	uint32_t r_FoodCheese;
	uint32_t r_FoodMeat;
	uint32_t r_FoodFruit;
	uint32_t r_FoodAle;
	uint32_t r_Gold;
	uint32_t r_Flour;
	uint32_t r_Bows;
	uint32_t r_Crossbows;
	uint32_t r_Spears;
	uint32_t r_Pikes;
	uint32_t r_Maces;
	uint32_t r_Swords;
	uint32_t r_LeatherArmour;
	uint32_t r_MetalArmour;
	uint32_t N0000464B;
	uint32_t N00003A9E;
	uint32_t N0000464D;
	uint32_t N00003A9F;
	uint32_t N0000464F;
	uint32_t N00003AA0;
	uint32_t N00004651;
	uint32_t N00003AA1;
	uint32_t N00004653;
	uint32_t N00003AA2;
	uint32_t N00004655;
	uint32_t N00003AA3;
	uint32_t N00004657;
	uint32_t N00003AA4;
	uint32_t N00004659;
	uint32_t N00003AA5;
	uint32_t N0000465B;
	uint32_t N00003AA6;
	uint32_t N0000465D;
	uint32_t N00003AA7;
	uint32_t N0000465F;
	uint32_t N00003AA8;
	uint32_t N00004661;
	uint32_t N00003AA9;
	uint32_t N00004663;
	uint32_t N00003AAA;
	uint32_t N00004665;
	uint32_t N00003AAB;
	uint32_t N00004667;
	uint32_t N00003AAC;
	uint32_t N00004669;
	uint32_t N00003AAD;
	uint32_t N0000466B;
	uint32_t N00003AAE;
	uint32_t N0000466D;
	uint32_t N00003AAF;
	uint32_t N0000466F;
	uint32_t N00003AB0;
	uint32_t N00004671;
	uint32_t N00003AB1;
	uint32_t N00004673;
	uint32_t N00003AB2;
	uint32_t N00004675;
	uint32_t N00003AB3;
	uint32_t N00004677;
	uint32_t N00003AB4;
	uint32_t N00004679;
	uint32_t N00003AB5;
	uint32_t N0000467B;
	uint32_t N00003AB6;
	uint32_t N0000467D;
	uint32_t N00003AB7;
	uint32_t N0000467F;
	uint32_t N00003AB8;
	uint32_t N00004681;
	uint32_t N00003AB9;
	uint32_t N00004683;
	uint32_t N00003ABA;
	uint32_t N00004685;
	uint32_t N00003ABB;
	uint32_t N00004687;
	uint32_t N00003ABC;
	uint32_t N00004689;
	uint32_t N00003ABD;
	uint32_t N0000468B;
	uint32_t N00003ABE;
	uint32_t N0000468D;
	uint32_t N00003ABF;
	uint32_t N0000468F;
	uint32_t N00003AC0;
	uint32_t N00004691;
	uint32_t N00003AC1;
	uint32_t N00004693;
	uint32_t N00003AC2;
	uint32_t N00004695;
	uint32_t N00003AC3;
	uint32_t N00004697;
	uint32_t N00003AC4;
	uint32_t N00004699;
	uint32_t N00003AC5;
	uint32_t N0000469B;
	uint32_t N00003AC6;
	uint32_t N0000469D;
	uint32_t N00003AC7;
	uint32_t N0000469F;
	uint32_t N00003AC8;
	uint32_t N000046A1;
	uint32_t N00003AC9;
	uint32_t N000046A3;
	uint32_t N00003ACA;
	uint32_t N000046A5;
	uint32_t N00003ACB;
	uint32_t N000046A7;
	uint32_t N00003ACC;
	uint32_t N000046A9;
	uint32_t N00003ACD;
	uint32_t N000046AB;
	uint32_t N00003ACE;
	uint32_t N000046AD;
	uint32_t N00003ACF;
	uint32_t N000046AF;
	uint32_t N00003AD0;
	uint32_t N000046B1;
	uint32_t N00003AD1;
	uint32_t N000046B3;
	uint32_t N00003AD2;
	uint32_t N000046B5;
	uint32_t N00003AD3;
	uint32_t N000046B7;
	uint32_t N00003AD4;
	uint32_t N000046B9;
	uint32_t N00003AD5;
	uint32_t N000046BB;
	uint32_t N00003AD6;
	uint32_t N000046BD;
	uint32_t N00003AD7;
	uint32_t N000046BF;
	uint32_t N00003AD8;
	uint32_t N000046C1;
	uint32_t N00003AD9;
	uint32_t N000046C3;
	uint32_t N00003ADA;
	uint32_t N000046C5;
	uint32_t N00003ADB;
	uint32_t N000046C7;
	uint32_t N00003ADC;
	uint32_t N000046C9;
	uint32_t N00003ADD;
	uint32_t N000046CB;
	uint32_t N00003ADE;
	uint32_t N000046CD;
	uint32_t N00003ADF;
	uint32_t N000046CF;
	uint32_t N00003AE0;
	uint32_t N000046D1;
	uint32_t N00003AE1;
	uint32_t N000046D3;
	uint32_t N00003AE2;
	uint32_t N000046D5;
	uint32_t N00003AE3;
	uint32_t N000046D7;
	uint32_t N00003AE4;
	uint32_t N000046D9;
	uint32_t N00003AE5;
	uint32_t N000046DB;
	uint32_t N00003AE6;
	uint32_t N000046DD;
	uint32_t N00003AE7;
	uint32_t N000046DF;
	uint32_t N00003AE8;
	uint32_t N000046E1;
	uint32_t N00003AE9;
	uint32_t N000046E3;
	uint32_t N00003AEA;
	uint32_t N000046E5;
	uint32_t N00003AEB;
	uint32_t N000046E7;
	uint32_t N00003AEC;
	uint32_t N000046E9;
	uint32_t N00003AED;
	uint32_t N000046EB;
	uint32_t N00003AEE;
	uint32_t N000046ED;
	uint32_t N00003AEF;
	uint32_t N000046EF;
	uint32_t N00003AF0;
	uint32_t N000046F1;
	uint32_t N00003AF1;
	uint32_t N000046F3;
	uint32_t N00003AF2;
	uint32_t N000046F5;
	uint32_t N00003AF3;
	uint32_t N000046F7;
	uint32_t N00003AF4;
	uint32_t N000046F9;
	uint32_t N00003AF5;
	uint32_t N000046FB;
	uint32_t N00003AF6;
	uint32_t N000046FD;
	uint32_t N00003AF7;
	uint32_t N000046FF;
	uint32_t N00003AF8;
	uint32_t N00004701;
	uint32_t N00003AF9;
	uint32_t N00004703;
	uint32_t N00003AFA;
	uint32_t N00004705;
	uint32_t N00003AFB;
	uint32_t N00004707;
	uint32_t N00003AFC;
	uint32_t N00004709;
	uint32_t N00003AFD;
	uint32_t N0000470B;
	uint32_t N00003AFE;
	uint32_t N0000470D;
	uint32_t N00003AFF;
	uint32_t N0000470F;
	uint32_t N00003B00;
	uint32_t N00004711;
	uint32_t N00003B01;
	uint32_t N00004713;
	uint32_t N00003B02;
	uint32_t N00004715;
	uint32_t N00003B03;
	uint32_t N00004717;
	uint32_t N00003B04;
	uint32_t N00004719;
	uint32_t N00003B05;
	uint32_t N0000471B;
	uint32_t N00003B06;
	uint32_t N0000471D;
	uint32_t N00003B07;
	uint32_t N0000471F;
	uint32_t N00003B08;
	uint32_t N00004721;
	uint32_t N00003B09;
	uint32_t N00004723;
	uint32_t N00003B0A;
	uint32_t N00004725;
	uint32_t N00003B0B;
	uint32_t N00004727;
	uint32_t N00003B0C;
	uint32_t N00004729;
	uint32_t N00003B0D;
	uint32_t N0000472B;
	uint32_t N00003B0E;
	uint32_t N0000472D;
	uint32_t N00003B0F;
	uint32_t N0000472F;
	uint32_t N00003B10;
	uint32_t N00004731;
	uint32_t N00003B11;
	uint32_t N00004733;
	uint32_t N00003B12;
	uint32_t N00004735;
	uint32_t N00003B13;
	uint32_t N00004737;
	uint32_t N00003B14;
	uint32_t N00004739;
	uint32_t N00003B15;
	uint32_t N0000473B;
	uint32_t N00003B16;
	uint32_t N0000473D;
	uint32_t N00003B17;
	uint32_t N0000473F;
	uint32_t N00003B18;
	uint32_t N00004741;
	uint32_t N00003B19;
	uint32_t N00004743;
	uint32_t N00003B1A;
	uint32_t N00004745;
	uint32_t N00003B1B;
	uint32_t N00004747;
	uint32_t N00003B1C;
	uint32_t N00004749;
	uint32_t N00003B1D;
	uint32_t N0000474B;
	uint32_t N00003B1E;
	uint32_t N0000474D;
	uint32_t N00003B1F;
	uint32_t N0000474F;
	uint32_t N00003B20;
	uint32_t N00004751;
	uint32_t N00003B21;
	uint32_t N00004753;
	uint32_t N00003B22;
	uint32_t N00004755;
	uint32_t N00003B23;
	uint32_t N00004757;
	uint32_t N00003B24;
	uint32_t N00004759;
	uint32_t N00003B25;
	uint32_t N0000475B;
	uint32_t N00003B26;
	uint32_t N0000475D;
	uint32_t N00003B27;
	uint32_t N0000475F;
	uint32_t N00003B28;
	uint32_t N00004761;
	uint32_t N00003B29;
	uint32_t N00004763;
	uint32_t N00003B2A;
	uint32_t N00004765;
	uint32_t N00003B2B;
	uint32_t N00004767;
	uint32_t N00003B2C;
	uint32_t N00004769;
	uint32_t N00003B2D;
	uint32_t N0000476B;
	uint32_t N00003B2E;
	uint32_t N0000476D;
	uint32_t N00003B2F;
	uint32_t N0000476F;
	uint32_t N00003B30;
	uint32_t N00004771;
	uint32_t N00003B31;
	uint32_t N00004773;
	uint32_t N00003B32;
	uint32_t N00004775;
	uint32_t N00003B33;
	uint32_t N00004777;
	uint32_t N00003B34;
	uint32_t N00004779;
	uint32_t N00003B35;
	uint32_t N0000477B;
	uint32_t N00003B36;
	uint32_t N0000477D;
	uint32_t N00003B37;
	uint32_t N0000477F;
	uint32_t N00003B38;
	uint32_t N00004781;
	uint32_t N00003B39;
	uint32_t N00004783;
	uint32_t N00003B3A;
	uint32_t N00004785;
	uint32_t N00003B3B;
	uint32_t N00004787;
	uint32_t N00003B3C;
	uint32_t N00004789;
	uint32_t N00003B3D;
	uint32_t N0000478B;
	uint32_t N00003B3E;
	uint32_t N0000478D;
	uint32_t N00003B3F;
	uint32_t N0000478F;
	uint32_t N00003B40;
	uint32_t N00004791;
	uint32_t N00003B41;
	uint32_t N00004793;
	uint32_t N00003B42;
	uint32_t N00004795;
	uint32_t N00003B43;
	uint32_t N00004797;
	uint32_t N00003B44;
	uint32_t N00004799;
	uint32_t N00003B45;
	uint32_t N0000479B;
	uint32_t N00003B46;
	uint32_t N0000479D;
	uint32_t N00003B47;
	uint32_t N0000479F;
	uint32_t N00003B48;
	uint32_t N000047A1;
	uint32_t N00003B49;
	uint32_t N000047A3;
	uint32_t N00003B4A;
	uint32_t N000047A5;
	uint32_t N00003B4B;
	uint32_t N000047A7;
	uint32_t N00003B4C;
	uint32_t N000047A9;
	uint32_t N00003B4D;
	uint32_t N000047AB;
	uint32_t N00003B4E;
	uint32_t N000047AD;
	uint32_t N00003B4F;
	uint32_t N000047AF;
	uint32_t N00003B50;
	uint32_t N000047B1;
	uint32_t N00003B51;
	uint32_t N000047B3;
	uint32_t N00003B52;
	uint32_t N000047B5;
	uint32_t N00003B53;
	uint32_t N000047B7;
	uint32_t N00003B54;
	uint32_t N000047B9;
	uint32_t N00003B55;
	uint32_t N000047BB;
	uint32_t N00003B56;
	uint32_t N000047BD;
	uint32_t N00003B57;
	uint32_t N000047BF;
	uint32_t N00003B58;
	uint32_t N000047C1;
	uint32_t N00003B59;
	uint32_t N000047C3;
	uint32_t N00003B5A;
	uint32_t N000047C5;
	uint32_t N00003B5B;
	uint32_t N000047C7;
	uint32_t N00003B5C;
	uint32_t N000047C9;
	uint32_t N00003B5D;
	uint32_t N000047CB;
	uint32_t N00003B5E;
	uint32_t N000047CD;
	uint32_t N00003B5F;
	uint32_t N000047CF;
	uint32_t N00003B60;
	uint32_t N000047D1;
	uint32_t N00003B61;
	uint32_t N000047D3;
	uint32_t N00003B62;
	uint32_t N000047D5;
	uint32_t N00003B63;
	uint32_t N000047D7;
	uint32_t N00003B64;
	uint32_t N000047D9;
	uint32_t N00003B65;
	uint32_t N000047DB;
	uint32_t N00003B66;
	uint32_t N000047DD;
	uint32_t N00003B67;
	uint32_t N000047DF_y;
	uint32_t N00003B68;
	uint32_t N000047E1;
	uint32_t N00003B69;
	uint32_t N000047E3;
	uint32_t N00003B6A;
	uint32_t N000047E5;
	uint32_t N00003B6B;
	uint32_t N000047E7;
	uint32_t N00003B6C;
	uint32_t N000047E9;
	uint32_t N00003B6D;
	uint32_t N000047EB;
	uint32_t N00003B6E;
	uint32_t N000047ED;
	uint32_t N00003B6F;
	uint32_t N000047EF;
	uint32_t N00003B70;
	uint32_t N000047F1;
	uint32_t N00003B71;
	uint32_t N000047F3;
	uint32_t N00003B72;
	uint32_t N000047F5;
	uint32_t N00003B73;
	uint32_t N000047F7;
	uint32_t N00003B74;
	uint32_t N000047F9;
	uint32_t N00003B75;
	uint32_t N000047FB;
	uint32_t N00003B76;
	uint32_t N000047FD;
	uint32_t N00003B77;
	uint32_t N000047FF;
	uint32_t N00003B78;
	uint32_t N00004801;
	uint32_t N00003B79;
	uint32_t N00004803;
	uint32_t N00003B7A;
	uint32_t N00004805;
	uint32_t N00003B7B;
	uint32_t N00004807;
	uint32_t N00003B7C;
	uint32_t N00004809;
	uint32_t N00003B7D;
	uint32_t N0000480B;
	uint32_t N00003B7E;
	uint32_t N0000480D;
	uint32_t N00003B7F;
	uint32_t N0000480F;
	uint32_t N00003B80;
	uint32_t N00004811;
	uint32_t N00003B81;
	uint32_t N00004813;
	uint32_t N00003B82;
	uint32_t N00004815;
	uint32_t N00003B83;
	uint32_t N00004817;
	uint32_t N00003B84;
	uint32_t N00004819;
	uint32_t N00003B85;
	uint32_t N0000481B;
	uint32_t N00003B86;
	uint32_t N0000481D;
	uint32_t N00003B87;
	uint32_t N0000481F;
	uint32_t N00003B88;
	uint32_t N00004821;
	uint32_t N00003B89;
	uint32_t N00004823;
	uint32_t N00003B8A;
	uint32_t N00004825;
	uint32_t N00003B8B;
	uint32_t N00004827;
	uint32_t N00003B8C;
	uint32_t N00004829;
	uint32_t N00003B8D;
	uint32_t N0000482B;
	uint32_t N00003B8E;
	uint32_t N0000482D;
	uint32_t N00003B8F;
	uint32_t N0000482F;
	uint32_t N00003B90;
	uint32_t N00004831;
	uint32_t N00003B91;
	uint32_t N00004833;
	uint32_t N00003B92;
	uint32_t N00004835;
	uint32_t N00003B93;
	uint32_t N00004837;
	uint32_t N00003B94;
	uint32_t N00004839;
	uint32_t N00003B95;
	uint32_t N0000483B;
	uint32_t N00003B96;
	uint32_t N0000483D;
	uint32_t N00003B97;
	uint32_t N0000483F;
	uint32_t N00003B98;
	uint32_t N00004841;
	uint32_t N00003B99;
	uint32_t N00004843;
	uint32_t N00003B9A;
	uint32_t N00004845;
	uint32_t N00003B9B;
	uint32_t N00004847;
	uint32_t N00003B9C;
	uint32_t N00004849;
	uint32_t N00003B9D;
	uint32_t N0000484B;
	uint32_t N00003B9E;
	uint32_t N0000484D;
	uint32_t N00003B9F;
	uint32_t N0000484F;
	uint32_t N00003BA0;
	uint32_t N00004851;
	uint32_t N00003BA1;
	uint32_t N00004853;
	uint32_t N00003BA2;
	uint32_t N00004855;
	uint32_t N00003BA3;
	uint32_t N00004857;
	uint32_t N00003BA4;
	uint32_t N00004859;
	uint32_t N00003BA5;
	uint32_t N0000485B;
	uint32_t N00003BA6;
	uint32_t N0000485D;
	uint32_t N00003BA7;
	uint32_t N0000485F;
	uint32_t N00003BA8;
	uint32_t N00004861;
	uint32_t N00003BA9;
	uint32_t N00004863;
	uint32_t N00003BAA;
	uint32_t N00004865;
	uint32_t N00003BAB;
	uint32_t N00004867;
	uint32_t N00003BAC;
	uint32_t N00004869;
	uint32_t N00003BAD;
	uint32_t N0000486B;
	uint32_t N00003BAE;
	uint32_t N0000486D;
	uint32_t N00003BAF;
	uint32_t N0000486F;
	uint32_t N00003BB0;
	uint32_t N00004871;
	uint32_t N00003BB1;
	uint32_t N00004873;
	uint32_t N00003BB2;
	uint32_t N00004875;
	uint32_t N00003BB3;
	uint32_t N00004877;
	uint32_t N00003BB4;
	uint32_t N00004879;
	uint32_t N00003BB5;
	uint32_t N0000487B;
	uint32_t N00003BB6;
	uint32_t N0000487D;
	uint32_t N00003BB7;
	uint32_t N0000487F;
	uint32_t N00003BB8;
	uint32_t N00004881;
	uint32_t N00003BB9;
	uint32_t N00004883;
	uint32_t N00003BBA;
	uint32_t N00004885;
	uint32_t N00003BBB;
	uint32_t N00004887;
	uint32_t N00003BBC;
	uint32_t N00004889;
	uint32_t N00003BBD;
	uint32_t N0000488B;
	uint32_t N00003BBE;
	uint32_t N0000488D;
	uint32_t N00003BBF;
	uint32_t N0000488F;
	uint32_t N00003BC0;
	uint32_t N00004891;
	uint32_t N00003BC1;
	uint32_t N00004893;
	uint32_t N00003BC2;
	uint32_t N00004895;
	uint32_t N00003BC3;
	uint32_t N00004897;
	uint32_t N00003BC4;
	uint32_t N00004899;
	uint32_t N00003BC5;
	uint32_t N0000489B;
	uint32_t N00003BC6;
	uint32_t N0000489D;
	uint32_t N00003BC7;
	uint32_t N0000489F;
	uint32_t N00003BC8;
	uint32_t N000048A1;
	uint32_t N00003BC9;
	uint32_t N000048A3;
	uint32_t N00003BCA;
	uint32_t N000048A5;
	uint32_t N00003BCB;
	uint32_t N000048A7;
	uint32_t N00003BCC;
	uint32_t N000048A9;
	uint32_t N00003BCD;
	uint32_t N000048AB;
	uint32_t N00003BCE;
	uint32_t N000048AD;
	uint32_t N00003BCF;
	uint32_t N000048AF;
	uint32_t N00003BD0;
	uint32_t N000048B1;
	uint32_t N00003BD1;
	uint32_t N000048B3;
	uint32_t N00003BD2;
	uint32_t N000048B5;
	uint32_t N00003BD3;
	uint32_t N000048B7;
	uint32_t N00003BD4;
	uint32_t N000048B9;
	uint32_t N00003BD5;
	uint32_t N000048BB;
	uint32_t N00003BD6;
	uint32_t N000048BD;
	uint32_t N00003BD7;
	uint32_t N000048BF;
	uint32_t N00003BD8;
	uint32_t N000048C1;
	uint32_t N00003BD9;
	uint32_t N000048C3;
	uint32_t N00003BDA;
	uint32_t N000048C5;
	uint32_t N00003BDB;
	uint32_t N000048C7;
	uint32_t N00003BDC;
	uint32_t N000048C9;
	uint32_t N00003BDD;
	uint32_t N000048CB;
	uint32_t N00003BDE;
	uint32_t N000048CD;
	uint32_t N00003BDF;
	uint32_t N000048CF;
	uint32_t N00003BE0;
	uint32_t N000048D1;
	uint32_t N00003BE1;
	uint32_t N000048D3;
	uint32_t N00003BE2;
	uint32_t N000048D5;
	uint32_t N00003BE3;
	uint32_t N000048D7;
	uint32_t N00003BE4;
	uint32_t N000048D9;
	uint32_t N00003BE5;
	uint32_t N000048DB;
	uint32_t N00003BE6;
	uint32_t N000048DD;
	uint32_t N00003BE7;
	uint32_t N000048DF;
	uint32_t N00003BE8;
	uint32_t N000048E1;
	uint32_t N00003BE9;
	uint32_t N000048E3;
	uint32_t N00003BEA;
	uint32_t N000048E5;
	uint32_t N00003BEB;
	uint32_t N000048E7;
	uint32_t N00003BEC;
	uint32_t N000048E9;
	uint32_t N00003BED;
	uint32_t N000048EB;
	uint32_t N00003BEE;
	uint32_t N000048ED;
	uint32_t N00003BEF;
	uint32_t N000048EF;
	uint32_t N00003BF0;
	uint32_t N000048F1;
	uint32_t N00003BF1;
	uint32_t N000048F3;
	uint32_t N00003BF2;
	uint32_t N000048F5;
	uint32_t N00003BF3;
	uint32_t N000048F7;
	uint32_t N00003BF4;
	uint32_t N000048F9;
	uint32_t N00003BF5;
	uint32_t N000048FB;
	uint32_t N00003BF6;
	uint32_t N000048FD;
	uint32_t N00003BF7;
	uint32_t N000048FF;
	uint32_t N00003BF8;
	uint32_t N00004901;
	uint32_t N00003BF9;
	uint32_t N00004903;
	uint32_t N00003BFA;
	uint32_t N00004905;
	uint32_t N00003BFB;
	uint32_t N00004907;
	uint32_t N00003BFC;
	uint32_t N00004909;
	uint32_t N00003BFD;
	uint32_t N0000490B;
	uint32_t N00003BFE;
	uint32_t N0000490D;
	uint32_t N00003BFF;
	uint32_t N0000490F;
	uint32_t N00003C00;
	uint32_t N00004911;
	uint32_t N00003C01;
	uint32_t N00004913;
	uint32_t N00003C02;
	uint32_t N00004915;
	uint32_t N00003C03;
	uint32_t N00004917;
	uint32_t N00003C04;
	uint32_t N00004919;
	uint32_t N00003C05;
	uint32_t N0000491B;
	uint32_t N00003C06;
	uint32_t N0000491D;
	uint32_t N00003C07;
	uint32_t N0000491F;
	uint32_t N00003C08;
	uint32_t N00004921;
	uint32_t N00003C09;
	uint32_t N00004923;
	uint32_t N00003C0A;
	uint32_t N00004925;
	uint32_t N00003C0B;
	uint32_t N00004927;
	uint32_t N00003C0C;
	uint32_t N00004929;
	uint32_t N00003C0D;
	uint32_t N0000492B;
	uint32_t N00003C0E;
	uint32_t N0000492D;
	uint32_t N00003C0F;
	uint32_t N0000492F;
	uint32_t N00003C10;
	uint32_t N00004931;
	uint32_t N00003C11;
	uint32_t N00004933;
	uint32_t N00003C12;
	uint32_t N00004935;
	uint32_t N00003C13;
	uint32_t N00004937;
	uint32_t N00003C14;
	uint32_t N00004939;
	uint32_t N00003C15;
	uint32_t N0000493B;
	uint32_t N00003C16;
	uint32_t N0000493D;
	uint32_t N00003C17;
	uint32_t N0000493F;
	uint32_t N00003C18;
	uint32_t N00004941;
	uint32_t N00003C19;
	uint32_t N00004943;
	uint32_t N00003C1A;
	uint32_t N00004945;
	uint32_t N00003C1B;
	uint32_t N00004947;
	uint32_t N00003C1C;
	uint32_t N00004949;
	uint32_t N00003C1D;
	uint32_t N0000494B;
	uint32_t N00003C1E;
	uint32_t N0000494D;
	uint32_t N00003C1F;
	uint32_t N0000494F;
	uint32_t N00003C20;
	uint32_t N00004951;
	uint32_t N00003C21;
	uint32_t N00004953;
	uint32_t N00003C22;
	uint32_t N00004955;
	uint32_t N00003C23;
	uint32_t N00004957;
	uint32_t N00003C24;
	uint32_t N00004959;
	uint32_t N00003C25;
	uint32_t N0000495B;
	uint32_t N00003C26;
	uint32_t N0000495D;
	uint32_t N00003C27;
	uint32_t N0000495F;
	uint32_t N00003C28;
	uint32_t N00004961;
	uint32_t N00003C29;
	uint32_t N00004963;
	uint32_t N00003C2A;
	uint32_t N00004965;
	uint32_t N00003C2B;
	uint32_t N00004967;
	uint32_t N00003C2C;
	uint32_t N00004969;
	uint32_t N00003C2D;
	uint32_t N0000496B;
	uint32_t N00003C2E;
	uint32_t N0000496D;
	uint32_t N00003C2F;
	uint32_t N0000496F;
	uint32_t N00003C30;
	uint32_t N00004971;
	uint32_t N00003C31;
	uint32_t N00004973;
	uint32_t N00003C32;
	uint32_t N00004975;
	uint32_t N00003C33;
	uint32_t N00004977;
	uint32_t N00003C34;
	uint32_t N00004979;
	uint32_t N00003C35;
	uint32_t N0000497B;
	uint32_t N00003C36;
	uint32_t N0000497D;
	uint32_t N00003C37;
	uint32_t N0000497F;
	uint32_t N00003C38;
	uint32_t N00004981;
	uint32_t N00003C39;
	uint32_t N00004983;
	uint32_t N00003C3A;
	uint32_t N00004985;
	uint32_t N00003C3B;
	uint32_t N00004987;
	uint32_t N00003C3C;
	uint32_t N00004989;
	uint32_t N00003C3D;
	uint32_t N0000498B;
	uint32_t N00003C3E;
	uint32_t N0000498D;
	uint32_t N00003C3F;
	uint32_t N0000498F;
	uint32_t N00003C40;
	uint32_t N00004991;
	uint32_t N00003C41;
	uint32_t N00004993;
	uint32_t N00003C42;
	uint32_t N00004995;
	uint32_t N00003C43;
	uint32_t N00004997;
	uint32_t N00003C44;
	uint32_t N00004999;
	uint32_t N00003C45;
	uint32_t N0000499B;
	uint32_t N00003C46;
	uint32_t N0000499D;
	uint32_t N00003C47;
	uint32_t N0000499F;
	uint32_t N00003C48;
	uint32_t N000049A1;
	uint32_t N00003C49;
	uint32_t N000049A3;
	uint32_t N00003C4A;
	uint32_t N000049A5;
	uint32_t N00003C4B;
	uint32_t N000049A7;
	uint32_t N00003C4C;
	uint32_t N000049A9;
	uint32_t N00003C4D;
	uint32_t N000049AB;
	uint32_t N00003C4E;
	uint32_t N000049AD;
	uint32_t N00003C4F;
	uint32_t N000049AF;
	uint32_t N00003C50;
	uint32_t N000049B1;
	uint32_t N00003C51;
	uint32_t N000049B3;
	uint32_t N00003C52;
	uint32_t N000049B5;
	uint32_t N00003C53;
	uint32_t N000049B7;
	uint32_t N00003C54;
	uint32_t N000049B9;
	uint32_t N00003C55;
	uint32_t N000049BB;
	uint32_t N00003C56;
	uint32_t N000049BD;
	uint32_t N00003C57;
	uint32_t N000049BF;
	uint32_t N00003C58;
	uint32_t N000049C1;
	uint32_t N00003C59;
	uint32_t N000049C3;
	uint32_t N00003C5A;
	uint32_t N000049C5;
	uint32_t N00003C5B;
	uint32_t N000049C7;
	uint32_t N00003C5C;
	uint32_t N000049C9;
	uint32_t N00003C5D;
	uint32_t N000049CB;
	uint32_t N00003C5E;
	uint32_t N000049CD;
	uint32_t N00003C5F;
	uint32_t N000049CF;
	uint32_t N00003C60;
	uint32_t N000049D1;
	uint32_t N00003C61;
	uint32_t N000049D3;
	uint32_t N00003C62;
	uint32_t N000049D5;
	uint32_t N00003C63;
	uint32_t N000049D7;
	uint32_t N00003C64;
	uint32_t N000049D9;
	uint32_t N00003C65;
	uint32_t N000049DB;
	uint32_t N00003C66;
	uint32_t N000049DD;
	uint32_t N00003C67;
	uint32_t N000049DF;
	uint32_t N00003C68;
	uint32_t N000049E1;
	uint32_t N00003C69;
	uint32_t N000049E3;
	uint32_t N00003C6A;
	uint32_t N000049E5;
	uint32_t N00003C6B;
	uint32_t N000049E7;
	uint32_t N00003C6C;
	uint32_t N000049E9;
	uint32_t N00003C6D;
	uint32_t N000049EB;
	uint32_t N00003C6E;
	uint32_t N000049ED;
	uint32_t N00003C6F;
	uint32_t N000049EF;
	uint32_t N00003C70;
	uint32_t N000049F1;
	uint32_t N00003C71;
	uint32_t N000049F3;
	uint32_t N00003C72;
	uint32_t N000049F5;
	uint32_t N00003C73;
	uint32_t N000049F7;
	uint32_t N00003C74;
	uint32_t N000049F9;
	uint32_t N00003C75;
	uint32_t N000049FB;
	uint32_t N00003C76;
	uint32_t N000049FD;
	uint32_t N00003C77;
	uint32_t N000049FF;
	uint32_t N00003C78;
	uint32_t N00004A01;
	uint32_t N00003C79;
	uint32_t N00004A03;
	uint32_t N00003C7A;
	uint32_t N00004A05;
	uint32_t N00003C7B;
	uint32_t N00004A07;
	uint32_t N00003C7C;
	uint32_t N00004A09;
	uint32_t N00003C7D;
	uint32_t N00004A0B;
	uint32_t N00003C7E;
	uint32_t N00004A0D;
	uint32_t N00003C7F;
	uint32_t N00004A0F;
	uint32_t N00003C80;
	uint32_t N00004A11;
	uint32_t N00003C81;
	uint32_t N00004A13;
	uint32_t N00003C82;
	uint32_t N00004A15;
	uint32_t N00003C83;
	uint32_t N00004A17;
	uint32_t N00003C84;
	uint32_t N00004A19;
	uint32_t N00003C85;
	uint32_t N00004A1B;
	uint32_t N00003C86;
	uint32_t N00004A1D;
	uint32_t N00003C87;
	uint32_t N00004A1F;
	uint32_t N00003C88;
	uint32_t N00004A21;
	uint32_t N00003C89;
	uint32_t N00004A23;
	uint32_t N00003C8A;
	uint32_t N00004A25;
	uint32_t N00003C8B;
	uint32_t N00004A27;
	uint32_t N00003C8C;
	uint32_t N00004A29;
	uint32_t N00003C8D;
	uint32_t N00004A2B;
	uint32_t N00003C8E;
	uint32_t N00004A2D;
	uint32_t N00003C8F;
	uint32_t N00004A2F;
	uint32_t N00003C90;
	uint32_t N00004A31;
	uint32_t N00003C91;
	uint32_t N00004A33;
	uint32_t N00003C92;
	uint32_t N00004A35;
	uint32_t N00003C93;
	uint32_t N00004A37;
	uint32_t N00003C94;
	uint32_t N00004A39;
	uint32_t N00003C95;
	uint32_t N00004A3B;
	uint32_t N00003C96;
	uint32_t N00004A3D;
	uint32_t N00003C97;
	uint32_t N00004A3F;
	uint32_t N00003C98;
	uint32_t N00004A41;
	uint32_t N00003C99;
	uint32_t N00004A43;
	uint32_t N00003C9A;
	uint32_t N00004A45;
	uint32_t N00003C9B;
	uint32_t N00004A47;
	uint32_t N00003C9C;
	uint32_t N00004A49;
	uint32_t N00003C9D;
	uint32_t N00004A4B;
	uint32_t N00003C9E;
	uint32_t N00004A4D;
	uint32_t N00003C9F;
	uint32_t N00004A4F;
	uint32_t N00003CA0;
	uint32_t N00004A51;
	uint32_t N00003CA1;
	uint32_t N00004A53;
	uint32_t N00003CA2;
	uint32_t N00004A55;
	uint32_t N00003CA3;
	uint32_t N00004A57;
	uint32_t N00003CA4;
	uint32_t N00004A59;
	uint32_t N00003CA5;
	uint32_t N00004A5B;
	uint32_t N00003CA6;
	uint32_t N00004A5D;
	uint32_t N00003CA7;
	uint32_t N00004A5F;
	uint32_t N00003CA8;
	uint32_t N00004A61;
	uint32_t N00003CA9;
	uint32_t N00004A63;
	uint32_t N00003CAA;
	uint32_t N00004A65;
	uint32_t N00003CAB;
	uint32_t N00004A67;
	uint32_t N00003CAC;
	uint32_t N00004A69;
	uint32_t N00003CAD;
	uint32_t N00004A6B;
	uint32_t N00003CAE;
	uint32_t N00004A6D;
	uint32_t N00003CAF;
	uint32_t N00004A6F;
	uint32_t N00003CB0;
	uint32_t N00004A71;
	uint32_t N00003CB1;
	uint32_t N00004A73;
	uint32_t N00003CB2;
	uint32_t N00004A75;
	uint32_t N00003CB3;
	uint32_t N00004A77;
	uint32_t N00003CB4;
	uint32_t N00004A79;
	uint32_t N00003CB5;
	uint32_t N00004A7B;
	uint32_t N00003CB6;
	uint32_t N00004A7D;
	uint32_t N00003CB7;
	uint32_t N00004A7F;
	uint32_t N00003CB8;
	uint32_t N00004A81;
	uint32_t N00003CB9;
	uint32_t N00004A83;
	uint32_t N00003CBA;
	uint32_t N00004A85;
	uint32_t N00003CBB;
	uint32_t N00004A87;
	uint32_t N00003CBC;
	uint32_t N00004A89;
	uint32_t N00003CBD;
	uint32_t N00004A8B;
	uint32_t N00003CBE;
	uint32_t N00004A8D;
	uint32_t N00003CBF;
	uint32_t N00004A8F;
	uint32_t N00003CC0;
	uint32_t N00004A91;
	uint32_t N00003CC1;
	uint32_t N00004A93;
	uint32_t N00003CC2;
	uint32_t N00004A95;
	uint32_t N00003CC3;
	uint32_t N00004A97;
	uint32_t N00003CC4;
	uint32_t N00004A99;
	uint32_t N00003CC5;
	uint32_t N00004A9B;
	uint32_t N00003CC6;
	uint32_t N00004A9D;
	uint32_t N00003CC7;
	uint32_t N00004A9F;
	uint32_t N00003CC8;
	uint32_t N00004AA1;
	uint32_t N00003CC9;
	uint32_t N00004AA3;
	uint32_t N00003CCA;
	uint32_t N00004AA5;
	uint32_t N00003CCB;
	uint32_t N00004AA7;
	uint32_t N00003CCC;
	uint32_t N00004AA9;
	uint32_t N00003CCD;
	uint32_t N00004AAB;
	uint32_t N00003CCE;
	uint32_t N00004AAD;
	uint32_t N00003CCF;
	uint32_t N00004AAF;
	uint32_t N00003CD0;
	uint32_t N00004AB1;
	uint32_t N00003CD1;
	uint32_t N00004AB3;
	uint32_t N00003CD2;
	uint32_t N00004AB5;
	uint32_t N00003CD3;
	uint32_t N00004AB7;
	uint32_t N00003CD4;
	uint32_t N00004AB9;
	uint32_t N00003CD5;
	uint32_t N00004ABB;
	uint32_t N00003CD6;
	uint32_t N00004ABD;
	uint32_t N00003CD7;
	uint32_t N00004ABF;
	uint32_t N00003CD8;
	uint32_t N00004AC1;
	uint32_t N00003CD9;
	uint32_t N00004AC3;
	uint32_t N00003CDA;
	uint32_t N00004AC5;
	uint32_t N00003CDB;
	uint32_t N00004AC7;
	uint32_t N00003CDC;
	uint32_t N00004AC9;
	uint32_t N00003CDD;
	uint32_t N00004ACB;
	uint32_t N00003CDE;
	uint32_t N00004ACD;
	uint32_t N00003CDF;
	uint32_t N00004ACF;
	uint32_t N00003CE0;
	uint32_t N00004AD1;
	uint32_t N00003CE1;
	uint32_t N00004AD3;
	uint32_t N00003CE2;
	uint32_t N00004AD5;
	uint32_t N00003CE3;
	uint32_t N00004AD7;
	uint32_t N00003CE4;
	uint32_t N00004AD9;
	uint32_t N00003CE5;
	uint32_t N00004ADB;
	uint32_t N00003CE6;
	uint32_t N00004ADD;
	uint32_t N00003CE7;
	uint32_t N00004ADF;
	uint32_t N00003CE8;
	uint32_t N00004AE1;
	uint32_t N00003CE9;
	uint32_t N00004AE3;
	uint32_t N00003CEA;
	uint32_t N00004AE5;
	uint32_t N00003CEB;
	uint32_t N00004AE7;
	uint32_t N00003CEC;
	uint32_t N00004AE9;
	uint32_t N00003CED;
	uint32_t N00004AEB;
	uint32_t N00003CEE;
	uint32_t N00004AED;
	uint32_t N00003CEF;
	uint32_t N00004AEF;
	uint32_t N00003CF0;
	uint32_t N00004AF1;
	uint32_t N00003CF1;
	uint32_t N00004AF3;
	uint32_t N00003CF2;
	uint32_t N00004AF5;
	uint32_t N00003CF3;
	uint32_t N00004AF7;
	uint32_t N00003CF4;
	uint32_t N00004AF9;
	uint32_t N00003CF5;
	uint32_t N00004AFB;
	uint32_t N00003CF6;
	uint32_t N00004AFD;
	uint32_t N00003CF7;
	uint32_t N00004AFF;
	uint32_t N00003CF8;
	uint32_t N00004B01;
	uint32_t N00003CF9;
	uint32_t N00004B03;
	uint32_t N00003CFA;
	uint32_t N00004B05;
	uint32_t N00003CFB;
	uint32_t N00004B07;
	uint32_t N00003CFC;
	uint32_t N00004B09;
	uint32_t N00003CFD;
	uint32_t N00004B0B;
	uint32_t N00003CFE;
	uint32_t N00004B0D;
	uint32_t N00003CFF;
	uint32_t N00004B0F;
	uint32_t N00003D00;
	uint32_t N00004B11;
	uint32_t N00003D01;
	uint32_t N00004B13;
	uint32_t N00003D02;
	uint32_t N00004B15;
	uint32_t N00003D03;
	uint32_t N00004B17;
	uint32_t N00003D04;
	uint32_t N00004B19;
	uint32_t N00003D05;
	uint32_t N00004B1B;
	uint32_t N00003D06;
	uint32_t N00004B1D;
	uint32_t N00003D07;
	uint32_t N00004B1F;
	uint32_t N00003D08;
	uint32_t N00004B21;
	uint32_t N00003D09;
	uint32_t N00004B23;
	uint32_t N00003D0A;
	uint32_t N00004B25;
	uint32_t N00003D0B;
	uint32_t N00004B27;
	uint32_t N00003D0C;
	uint32_t N00004B29;
	uint32_t N00003D0D;
	uint32_t N00004B2B;
	uint32_t N00003D0E;
	uint32_t N00004B2D;
	uint32_t N00003D0F;
	uint32_t N00004B2F;
	uint32_t N00003D10;
	uint32_t N00004B31;
	uint32_t N00003D11;
	uint32_t N00004B33;
	uint32_t N00003D12;
	uint32_t N00004B35;
	uint32_t N00003D13;
	uint32_t N00004B37;
	uint32_t N00003D14;
	uint32_t N00004B39;
	uint32_t N00003D15;
	uint32_t N00004B3B;
	uint32_t N00003D16;
	uint32_t N00004B3D;
	uint32_t N00003D17;
	uint32_t N00004B3F;
	uint32_t N00003D18;
	uint32_t N00004B41;
	uint32_t N00003D19;
	uint32_t N00004B43;
	uint32_t N00003D1A;
	uint32_t N00004B45;
	uint32_t N00003D1B;
	uint32_t N00004B47;
	uint32_t N00003D1C;
	uint32_t N00004B49;
	uint32_t N00003D1D;
	uint32_t N00004B4B;
	uint32_t N00003D1E;
	uint32_t N00004B4D;
	uint32_t N00003D1F;
	uint32_t N00004B4F;
	uint32_t N00003D20;
	uint32_t N00004B51;
	uint32_t N00003D21;
	uint32_t N00004B53;
	uint32_t N00003D22;
	uint32_t N00004B55;
	uint32_t N00003D23;
	uint32_t N00004B57;
	uint32_t N00003D24;
	uint32_t N00004B59;
	uint32_t N00003D25;
	uint32_t N00004B5B;
	uint32_t N00003D26;
	uint32_t N00004B5D;
	uint32_t N00003D27;
	uint32_t N00004B5F;
	uint32_t N00003D28;
	uint32_t N00004B61;
	uint32_t N00003D29;
	uint32_t N00004B63;
	uint32_t N00003D2A;
	uint32_t N00004B65;
	uint32_t N00003D2B;
	uint32_t N00004B67;
	uint32_t N00003D2C;
	uint32_t N00004B69;
	uint32_t N00003D2D;
	uint32_t N00004B6B;
	uint32_t N00003D2E;
	uint32_t N00004B6D;
	uint32_t N00003D2F;
	uint32_t N00004B6F;
	uint32_t N00003D30;
	uint32_t N00004B71;
	uint32_t N00003D31;
	uint32_t N00004B73;
	uint32_t N00003D32;
	uint32_t N00004B75;
	uint32_t N00003D33;
	uint32_t N00004B77;
	uint32_t N00003D34;
	uint32_t N00004B79;
	uint32_t N00003D35;
	uint32_t N00004B7B;
	uint32_t N00003D36;
	uint32_t N00004B7D;
	uint32_t N00003D37;
	uint32_t N00004B7F;
	uint32_t N00003D38;
	uint32_t N00004B81;
	uint32_t N00003D39;
	uint32_t N00004B83;
	uint32_t N00003D3A;
	uint32_t N00004B85;
	uint32_t N00003D3B;
	uint32_t N00004B87;
	uint32_t N00003D3C;
	uint32_t N00004B89;
	uint32_t N00003D3D;
	uint32_t N00004B8B;
	uint32_t N00003D3E;
	uint32_t N00004B8D;
	uint32_t N00003D3F;
	uint32_t N00004B8F;
	uint32_t N00003D40;
	uint32_t N00004B91;
	uint32_t N00003D41;
	uint32_t N00004B93;
	uint32_t N00003D42;
	uint32_t N00004B95;
	uint32_t N00003D43;
	uint32_t N00004B97;
	uint32_t N00003D44;
	uint32_t N00004B99;
	uint32_t N00003D45;
	uint32_t N00004B9B;
	uint32_t N00003D46;
	uint32_t N00004B9D;
	uint32_t N00003D47;
	uint32_t N00004B9F;
	uint32_t N00003D48;
	uint32_t N00004BA1;
	uint32_t N00003D49;
	uint32_t N00004BA3;
	uint32_t N00003D4A;
	uint32_t N00004BA5;
	uint32_t N00003D4B;
	uint32_t N00004BA7;
	uint32_t N00003D4C;
	uint32_t N00004BA9;
	uint32_t N00003D4D;
	uint32_t N00004BAB;
	uint32_t N00003D4E;
	uint32_t N00004BAD;
	uint32_t N00003D4F;
	uint32_t N00004BAF;
	uint32_t N00003D50;
	uint32_t N00004BB1;
	uint32_t N00003D51;
	uint32_t N00004BB3;
	uint32_t N00003D52;
	uint32_t N00004BB5;
	uint32_t N00003D53;
	uint32_t N00004BB7;
	uint32_t N00003D54;
	uint32_t N00004BB9;
	uint32_t N00003D55;
	uint32_t N00004BBB;
	uint32_t N00003D56;
	uint32_t N00004BBD;
	uint32_t N00003D57;
	uint32_t N00004BBF;
	uint32_t N00003D58;
	uint32_t N00004BC1;
	uint32_t N00003D59;
	uint32_t N00004BC3;
	uint32_t N00003D5A;
	uint32_t N00004BC5;
	uint32_t N00003D5B;
	uint32_t N00004BC7;
	uint32_t N00003D5C;
	uint32_t N00004BC9;
	uint32_t N00003D5D;
	uint32_t N00004BCB;
	uint32_t N00003D5E;
	uint32_t N00004BCD;
	uint32_t N00003D5F;
	uint32_t N00004BCF;
	uint32_t N00003D60;
	uint32_t N00004BD1;
	uint32_t N00003D61;
	uint32_t N00004BD3;
	uint32_t N00003D62;
	uint32_t N00004BD5;
	uint32_t N00003D63;
	uint32_t N00004BD7;
	uint32_t N00003D64;
	uint32_t N00004BD9;
	uint32_t N00003D65;
	uint32_t N00004BDB;
	uint32_t N00003D66;
	uint32_t N00004BDD;
	uint32_t N00003D67;
	uint32_t N00004BDF;
	uint32_t N00003D68;
	uint32_t N00004BE1;
	uint32_t N00003D69;
	uint32_t N00004BE3;
	uint32_t N00003D6A;
	uint32_t N00004BE5;
	uint32_t N00003D6B;
	uint32_t N00004BE7;
	uint32_t N00003D6C;
	uint32_t N00004BE9;
	uint32_t N00003D6D;
	uint32_t N00004BEB;
	uint32_t N00003D6E;
	uint32_t N00004BED;
	uint32_t N00003D6F;
	uint32_t N00004BEF;
	uint32_t N00003D70;
	uint32_t N00004BF1;
	uint32_t N00003D71;
	uint32_t N00004BF3;
	uint32_t N00003D72;
	uint32_t N00004BF5;
	uint32_t N00003D73;
	uint32_t N00004BF7;
	uint32_t N00003D74;
	uint32_t N00004BF9;
	uint32_t N00003D75;
	uint32_t N00004BFB;
	uint32_t N00003D76;
	uint32_t N00004BFD;
	uint32_t N00003D77;
	uint32_t N00004BFF;
	uint32_t N00003D78;
	uint32_t N00004C01;
	uint32_t N00003D79;
	uint32_t N00004C03;
	uint32_t N00003D7A;
	uint32_t N00004C05;
	uint32_t N00003D7B;
	uint32_t N00004C07;
	uint32_t N00003D7C;
	uint32_t N00004C09;
	uint32_t N00003D7D;
	uint32_t N00004C0B;
	uint32_t N00003D7E;
	uint32_t N00004C0D;
	uint32_t N00003D7F;
	uint32_t N00004C0F;
	uint32_t N00003D80;
	uint32_t N00004C11;
	uint32_t N00003D81;
	uint32_t N00004C13;
	uint32_t N00003D82;
	uint32_t N00004C15;
	uint32_t N00003D83;
	uint32_t N00004C17;
	uint32_t N00003D84;
	uint32_t N00004C19;
	uint32_t N00003D85;
	uint32_t N00004C1B;
	uint32_t N00003D86;
	uint32_t N00004C1D;
	uint32_t N00003D87;
	uint32_t N00004C1F;
	uint32_t N00003D88;
	uint32_t N00004C21;
	uint32_t N00003D89;
	uint32_t N00004C23;
	uint32_t N00003D8A;
	uint32_t N00004C25;
	uint32_t N00003D8B;
	uint32_t N00004C27;
	uint32_t N00003D8C;
	uint32_t N00004C29;
	uint32_t N00003D8D;
	uint32_t N00004C2B;
	uint32_t N00003D8E;
	uint32_t N00004C2D;
	uint32_t N00003D8F;
	uint32_t N00004C2F;
	uint32_t N00003D90;
	uint32_t N00004C31;
	uint32_t N00003D91;
	uint32_t N00004C33;
	uint32_t N00003D92;
	uint32_t N00004C35;
	uint32_t N00003D93;
	uint32_t N00004C37;
	uint32_t N00003D94;
	uint32_t N00004C39;
	uint32_t N00003D95;
	uint32_t N00004C3B;
	uint32_t N00003D96;
	uint32_t N00004C3D;
	uint32_t N00003D97;
	uint32_t N00004C3F;
	uint32_t N00003D98;
	uint32_t N00004C41;
	uint32_t N00003D99;
	uint32_t N00004C43;
	uint32_t N00003D9A;
	uint32_t N00004C45;
	uint32_t N00003D9B;
	uint32_t N00004C47;
	uint32_t N00003D9C;
	uint32_t N00004C49;
	uint32_t N00003D9D;
	uint32_t N00004C4B;
	uint32_t N00003D9E;
	uint32_t N00004C4D;
	uint32_t N00003D9F;
	uint32_t N00004C4F;
	uint32_t N00003DA0;
	uint32_t N00004C51;
	uint32_t N00003DA1;
	uint32_t N00004C53;
	uint32_t N00003DA2;
	uint32_t N00004C55;
	uint32_t N00003DA3;
	uint32_t N00004C57;
	uint32_t N00003DA4;
	uint32_t N00004C59;
	uint32_t N00003DA5;
	uint32_t N00004C5B;
	uint32_t N00003DA6;
	uint32_t N00004C5D;
	uint32_t N00003DA7;
	uint32_t N00004C5F;
	uint32_t N00003DA8;
	uint32_t N00004C61;
	uint32_t N00003DA9;
	uint32_t N00004C63;
	uint32_t N00003DAA;
	uint32_t N00004C65;
	uint32_t N00003DAB;
	uint32_t N00004C67;
	uint32_t N00003DAC;
	uint32_t N00004C69;
	uint32_t N00003DAD;
	uint32_t N00004C6B;
	uint32_t N00003DAE;
	uint32_t N00004C6D;
	uint32_t N00003DAF;
	uint32_t N00004C6F;
	uint32_t N00003DB0;
	uint32_t N00004C71;
	uint32_t N00003DB1;
	uint32_t N00004C73;
	uint32_t N00003DB2;
	uint32_t N00004C75;
	uint32_t N00003DB3;
	uint32_t N00004C77;
	uint32_t N00003DB4;
	uint32_t N00004C79;
	uint32_t N00003DB5;
	uint32_t N00004C7B;
	uint32_t N00003DB6;
	uint32_t N00004C7D;
	uint32_t N00003DB7;
	uint32_t N00004C7F;
	uint32_t N00003DB8;
	uint32_t N00004C81;
	uint32_t N00003DB9;
	uint32_t N00004C83;
	uint32_t N00003DBA;
	uint32_t N00004C85;
	uint32_t N00003DBB;
	uint32_t N00004C87;
	uint32_t N00003DBC;
	uint32_t N00004C89;
	uint32_t N00003DBD;
	uint32_t N00004C8B;
	uint32_t N00003DBE;
	uint32_t N00004C8D;
	uint32_t N00003DBF;
	uint32_t N00004C8F;
	uint32_t N00003DC0;
	uint32_t N00004C91;
	uint32_t N00003DC1;
	uint32_t N00004C93;
	uint32_t N00003DC2;
	uint32_t N00004C95;
	uint32_t N00003DC3;
	uint32_t N00004C97;
	uint32_t N00003DC4;
	uint32_t N00004C99;
	uint32_t N00003DC5;
	uint32_t N00004C9B;
	uint32_t N00003DC6;
	uint32_t N00004C9D;
	uint32_t N00003DC7;
	uint32_t N00004C9F;
	uint32_t N00003DC8;
	uint32_t N00004CA1;
	uint32_t N00003DC9;
	uint32_t N00004CA3;
	uint32_t N00003DCA;
	uint32_t N00004CA5;
	uint32_t N00003DCB;
	uint32_t N00004CA7;
	uint32_t N00003DCC;
	uint32_t N00004CA9;
	uint32_t N00003DCD;
	uint32_t N00004CAB;
	uint32_t N00003DCE;
	uint32_t N00004CAD;
	uint32_t N00003DCF;
	uint32_t N00004CAF;
	uint32_t N00003DD0;
	uint32_t N00004CB1;
	uint32_t N00003DD1;
	uint32_t N00004CB3;
	uint32_t N00003DD2;
	uint32_t N00004CB5;
	uint32_t N00003DD3;
	uint32_t N00004CB7;
	uint32_t N00003DD4;
	uint32_t N00004CB9;
	uint32_t N00003DD5;
	uint32_t N00004CBB;
	uint32_t N00003DD6;
	uint32_t N00004CBD;
	uint32_t N00003DD7;
	uint32_t N00004CBF;
	uint32_t N00003DD8;
	uint32_t N00004CC1;
	uint32_t N00003DD9;
	uint32_t N00004CC3;
	uint32_t N00003DDA;
	uint32_t N00004CC5;
	uint32_t N00003DDB;
	uint32_t N00004CC7;
	uint32_t N00003DDC;
	uint32_t N00004CC9;
	uint32_t N00003DDD;
	uint32_t N00004CCB;
	uint32_t N00003DDE;
	uint32_t N00004CCD;
	uint32_t N00003DDF;
	uint32_t N00004CCF;
	uint32_t N00003DE0;
	uint32_t N00004CD1;
	uint32_t N00003DE1;
	uint32_t N00004CD3;
	uint32_t N00003DE2;
	uint32_t N00004CD5;
	uint32_t N00003DE3;
	uint32_t N00004CD7;
	uint32_t N00003DE4;
	uint32_t N00004CD9;
	uint32_t N00003DE5;
	uint32_t N00004CDB;
	uint32_t N00003DE6;
	uint32_t N00004CDD;
	uint32_t N00003DE7;
	uint32_t N00004CDF;
	uint32_t N00003DE8;
	uint32_t N00004CE1;
	uint32_t N00003DE9;
	uint32_t N00004CE3;
	uint32_t N00003DEA;
	uint32_t N00004CE5;
	uint32_t N00003DEB;
	uint32_t N00004CE7;
	uint32_t N00003DEC;
	uint32_t N00004CE9;
	uint32_t N00003DED;
	uint32_t N00004CEB;
	uint32_t N00003DEE;
	uint32_t N00004CED;
	uint32_t N00003DEF;
	uint32_t N00004CEF;
	uint32_t N00003DF0;
	uint32_t N00004CF1;
	uint32_t N00003DF1;
	uint32_t N00004CF3;
	uint32_t N00003DF2;
	uint32_t N00004CF5;
	uint32_t N00003DF3;
	uint32_t N00004CF7;
	uint32_t N00003DF4;
	uint32_t N00004CF9;
	uint32_t N00003DF5;
	uint32_t N00004CFB;
	uint32_t N00003DF6;
	uint32_t N00004CFD;
	uint32_t N00003DF7;
	uint32_t N00004CFF;
	uint32_t N00003DF8;
	uint32_t N00004D01;
	uint32_t N00003DF9;
	uint32_t N00004D03;
	uint32_t N00003DFA;
	uint32_t N00004D05;
	uint32_t N00003DFB;
	uint32_t N00004D07;
	uint32_t N00003DFC;
	uint32_t N00004D09;
	uint32_t N00003DFD;
	uint32_t N00004D0B;
	uint32_t N00003DFE;
	uint32_t N00004D0D;
	uint32_t N00003DFF;
	uint32_t N00004D0F;
	uint32_t N00003E00;
	uint32_t N00004D11;
	uint32_t N00003E01;
	uint32_t N00004D13;
	uint32_t N00003E02;
	uint32_t N00004D15;
	uint32_t N00003E03;
	uint32_t N00004D17;
	uint32_t N00003E04;
	uint32_t N00004D19;
	uint32_t N00003E05;
	uint32_t N00004D1B;
	uint32_t N00003E06;
	uint32_t N00004D1D;
	uint32_t N00003E07;
	uint32_t N00004D1F;
	uint32_t N00003E08;
	uint32_t N00004D21;
	uint32_t N00003E09;
	uint32_t N00004D23;
	uint32_t N00003E0A;
	uint32_t N00004D25;
	uint32_t N00003E0B;
	uint32_t N00004D27;
	uint32_t N00003E0C;
	uint32_t N00004D29;
	uint32_t N00003E0D;
	uint32_t N00004D2B;
	uint32_t N00003E0E;
	uint32_t N00004D2D;
	uint32_t N00003E0F;
	uint32_t N00004D2F;
	uint32_t N00003E10;
	uint32_t N00004D31;
	uint32_t N00003E11;
	uint32_t N00004D33;
	uint32_t N00003E12;
	uint32_t N00004D35;
	uint32_t N00003E13;
	uint32_t N00004D37;
	uint32_t N00003E14;
	uint32_t N00004D39;
	uint32_t N00003E15;
	uint32_t N00004D3B;
	uint32_t N00003E16;
	uint32_t N00004D3D;
	uint32_t N00003E17;
	uint32_t N00004D3F;
	uint32_t N00003E18;
	uint32_t N00004D41;
	uint32_t N00003E19;
	uint32_t N00004D43;
	uint32_t N00003E1A;
	uint32_t N00004D45;
	uint32_t N00003E1B;
	uint32_t N00004D47;
	uint32_t N00003E1C;
	uint32_t r_BadThingsNum;
	uint32_t r_GoodThingsNum;
	int32_t r_GoodBadThingBoost;
	uint32_t r_GoodBadThingsForNextStage;
	uint32_t N00004D4D;
	uint32_t N00003E1F;
	uint32_t N00004D4F;
	uint32_t N00003E20;
	uint32_t N00004D51;
	uint32_t N00003E21;
	uint32_t N00004D53;
	uint32_t N00003E22;
	uint32_t N00004D55;
	uint32_t N00003E23;
	int32_t N00004D57;
	uint32_t N00003E24;
	uint32_t N00004D59;
	uint32_t N00003E25;
	uint32_t N00004D5B;
	uint32_t N00003E26;
	uint32_t N00004D5D;
	uint32_t N00003E27;
	uint32_t N00004D5F;
	uint32_t N00003E28;
	uint32_t N00004D61;
	uint32_t N00003E29;
	uint32_t N00004D63;
	uint32_t N00003E2A;
	uint32_t N00004D65;
	uint32_t N00003E2B;
	uint32_t N00004D67;
	uint32_t N00003E2C;
	uint32_t N00004D69;
	uint32_t N00003E2D;
	uint32_t N00004D6B;
	uint32_t N00003E2E;
	uint32_t N00004D6D;
	uint32_t N00003E2F;
	uint32_t N00004D6F;
	uint32_t N00003E30;
	uint32_t N00004D71;
	uint32_t N00003E31;
	uint32_t N00004D73;
	uint32_t N00003E32;
	uint32_t N00004D75;
	uint32_t N00003E33;
	uint32_t N00004D77;
	uint32_t N00003E34;
	uint32_t N00004D79;
	uint32_t N00003E35;
	uint32_t N00004D7B;
	uint32_t N00003E36;
	uint32_t N00004D7D;
	uint32_t N00003E37;
	uint32_t N00004D7F;
	uint32_t N00003E38;
	uint32_t N00004D81;
	uint32_t N00003E39;
	uint32_t N00004D83;
	uint32_t N00003E3A;
	uint32_t N00004D85;
	uint32_t N00003E3B;
	uint32_t N00004D87;
	uint32_t N00003E3C;
	uint32_t N00004D89;
	uint32_t N00003E3D;
	uint32_t N00004D8B;
	uint32_t N00003E3E;
	uint32_t N00004D8D;
	uint32_t N00003E3F;
	uint32_t N00004D8F;
	uint32_t N00003E40;
	uint32_t N00004D91;
	uint32_t N00003E41;
	uint32_t N00004D93;
	uint32_t N00003E42;
	uint32_t N00004D95;
	uint32_t N00003E43;
	uint32_t N00004D97;
	uint32_t N00003E44;
	uint32_t N00004D99;
	uint32_t N00003E45;
	uint16_t N00004D9B;
	uint16_t N000047E5_x;
	uint32_t N00003E46;
	uint16_t N00004D9D;
	uint16_t r_BlessedCiviliansPercent;
	uint32_t N00003E47;
	uint32_t N00004D9F;
	uint32_t r_Chapels;
	uint32_t r_Churches;
	uint32_t r_Cathedrals;
	uint32_t N00004DA3;
	uint32_t r_Priests;
	uint32_t N00004DA5;
	uint32_t N00003E4B;
	uint32_t N00004DA7;
	uint32_t N00003E4C;
	uint32_t N00004DA9;
	uint32_t N00003E4D;
	uint32_t N00004DAB;
	uint32_t N00003E4E;
	uint32_t N00004DAD;
	uint32_t N00003E4F;
	uint32_t N00004DAF;
	uint32_t N00003E50;
	uint32_t N00004DB1;
	uint32_t N00003E51;
	uint32_t N00004DB3;
	uint32_t N00003E52;
	uint32_t N00004DB5;
	uint32_t N00003E53;
	uint32_t N00004DB7;
	uint32_t N00003E54;
	uint32_t N00004DB9;
	uint32_t N00003E55;
	uint32_t N00004DBB;
	uint32_t N00003E56;
	uint32_t N00004DBD;
	uint32_t N00003E57;
	uint32_t N00004DBF;
	uint32_t N00003E58;
	uint32_t N00004DC1;
	uint32_t N00003E59;
	uint32_t N00004DC3;
	uint32_t N00003E5A;
	uint32_t N00004DC5;
	uint32_t N00003E5B;
	uint32_t N00004DC7;
	uint32_t N00003E5C;
	uint32_t N00004DC9;
	uint32_t N00003E5D;
	uint32_t N00004DCB;
	uint32_t N00003E5E;
	uint32_t N00004DCD;
	uint32_t N00003E5F;
	uint32_t N00004DCF;
	uint32_t N00003E60;
	uint32_t N00004DD1;
	uint32_t N00003E61;
	uint32_t N00004DD3;
	uint32_t N00003E62;
	uint32_t N00004DD5;
	uint32_t N00003E63;
	uint32_t N00004DD7;
	uint32_t N00003E64;
	uint32_t N00004DD9;
	uint32_t N00003E65;
	uint32_t N00004DDB;
	uint32_t N00003E66;
	uint32_t N00004DDD;
	uint32_t N00003E67;
	uint32_t N00004DDF;
	uint32_t N00003E68;
	uint32_t N00004DE1;
	uint32_t N00003E69;
	uint32_t N00004DE3;
	uint32_t N00003E6A;
	uint32_t N00004DE5;
	uint32_t N00003E6B;
	uint32_t N00004DE7;
	uint32_t N00003E6C;
	uint32_t N00004DE9;
	uint32_t N00003E6D;
	uint32_t N00004DEB;
	uint32_t N00003E6E;
	uint32_t N00004DED;
	uint32_t N00003E6F;
	uint32_t N00004DEF;
	uint32_t N00003E70;
	uint32_t N00004DF1;
	uint32_t N00003E71;
	uint32_t N00004DF3;
	uint32_t N00003E72;
	uint32_t N00004DF5;
	uint32_t N00003E73;
	uint32_t N00004DF7;
	uint32_t N00003E74;
	uint32_t N00004DF9;
	uint32_t N00003E75;
	uint32_t N00004DFB;
	uint32_t N00003E76;
	uint32_t N00004DFD;
	uint32_t N00003E77;
	uint32_t N00004DFF;
	uint32_t N00003E78;
	uint32_t N00004E01;
	uint32_t N00003E79;
	uint32_t N00004E03;
	uint32_t N00003E7A;
	uint32_t N00004E05;
	uint32_t N00003E7B;
	uint32_t N00004E07;
	uint32_t N00003E7C;
	uint32_t N00004E09;
	uint32_t N00003E7D;
	uint32_t N00004E0B;
	uint32_t N00003E7E;
	uint32_t N00004E0D;
	uint32_t N00003E7F;
	uint32_t N00004E0F;
	uint32_t N00003E80;
	uint32_t N00004E11;
	uint32_t N00003E81;
	uint32_t N00004E13;
	uint32_t N00003E82;
	uint32_t N00004E15;
	uint32_t N00003E83;
	uint32_t N00004E17;
	uint32_t N00003E84;
	uint32_t N00004E19;
	uint32_t N00003E85;
	uint32_t N00004E1B;
	uint32_t N00003E86;
	uint32_t N00004E1D;
	uint32_t N00003E87;
	uint32_t N00004E1F;
	uint32_t N00003E88;
	uint32_t N00004E21;
	uint32_t N00003E89;
	uint32_t N00004E23;
	uint32_t N00003E8A;
	uint32_t N00004E25;
	uint32_t N00003E8B;
	uint32_t N00004E27;
	uint32_t N00003E8C;
	uint32_t N00004E29;
	uint32_t N00003E8D;
	uint32_t N00004E2B;
	uint32_t N00003E8E;
	uint32_t N00004E2D;
	uint32_t N00003E8F;
	uint32_t N00004E2F;
	uint32_t N00003E90;
	uint32_t N00004E31;
	uint32_t N00003E91;
	uint32_t N00004E33;
	uint32_t N00003E92;
	uint32_t N00004E35;
	uint32_t N00003E93;
	uint32_t N00004E37;
	uint32_t N00003E94;
	uint32_t N00004E39;
	uint32_t N00003E95;
	uint32_t N00004E3B;
	uint32_t N00003E96;
	uint32_t N00004E3D;
	uint32_t N00003E97;
	uint32_t N00004E3F;
	uint32_t N00003E98;
	uint32_t N00004E41;
	uint32_t N00003E99;
	uint32_t N00004E43;
	uint32_t N00003E9A;
	uint32_t N00004E45;
	uint32_t N00003E9B;
	uint32_t N00004E47;
	uint32_t N00003E9C;
	uint32_t N00004E49;
	uint32_t N00003E9D;
	uint32_t N00004E4B;
	uint32_t N00003E9E;
	uint32_t N00004E4D;
	uint32_t N00003E9F;
	uint32_t N00004E4F;
	uint32_t N00003EA0;
	uint32_t N00004E51;
	uint32_t N00003EA1;
	uint32_t N00004E53;
	uint32_t N00003EA2;
	uint32_t N00004E55;
	uint32_t N00003EA3;
	uint32_t N00004E57;
	uint32_t N00003EA4;
	uint32_t N00004E59;
	uint32_t N00003EA5;
	uint32_t N00004E5B;
	uint32_t N00003EA6;
	uint32_t N00004E5D;
	uint32_t N00003EA7;
	uint32_t N00004E5F;
	uint32_t N00003EA8;
	uint32_t N00004E61;
	uint32_t N00003EA9;
	uint32_t N00004E63;
	uint32_t N00003EAA;
	uint32_t N00004E65;
	uint32_t N00003EAB;
	uint32_t N00004E67;
	uint32_t N00003EAC;
	uint32_t N00004E69;
	uint32_t N00003EAD;
	uint32_t N00004E6B;
	uint32_t N00003EAE;
	uint32_t N00004E6D;
	uint32_t N00003EAF;
	uint32_t N00004E6F;
	uint32_t N00003EB0;
	uint32_t N00004E71;
	uint32_t N00003EB1;
	uint32_t N00004E73;
	uint32_t N00003EB2;
	uint32_t N00004E75;
	uint32_t N00003EB3;
	uint32_t N00004E77;
	uint32_t N00003EB4;
	uint32_t N00004E79;
	uint32_t N00003EB5;
	uint32_t N00004E7B;
	uint32_t N00003EB6;
	uint32_t N00004E7D;
	uint32_t N00003EB7;
	uint32_t N00004E7F;
	uint32_t N00003EB8;
	uint32_t N00004E81;
	uint32_t N00003EB9;
	uint32_t N00004E83;
	uint32_t N00003EBA;
	uint32_t N00004E85;
	uint32_t N00003EBB;
	uint32_t N00004E87;
	uint32_t N00003EBC;
	uint32_t N00004E89;
	uint32_t N00003EBD;
	uint32_t N00004E8B;
	uint32_t N00003EBE;
	uint32_t N00004E8D;
	uint32_t N00003EBF;
	uint32_t N00004E8F;
	uint32_t N00003EC0;
	uint32_t N00004E91;
	uint32_t N00003EC1;
	uint32_t N00004E93;
	uint32_t N00003EC2;
	uint32_t N00004E95;
	uint32_t N00003EC3;
	uint32_t N00004E97;
	uint32_t N00003EC4;
	uint32_t N00004E99;
	uint32_t N00003EC5;
	uint32_t N00004E9B;
	uint32_t N00003EC6;
	uint32_t N00004E9D;
	uint32_t N00003EC7;
	uint32_t N00004E9F;
	uint32_t N00003EC8;
	uint32_t N00004EA1;
	uint32_t N00003EC9;
	uint32_t N00004EA3;
	uint32_t N00003ECA;
	uint32_t N00004EA5;
	uint32_t N00003ECB;
	uint32_t N00004EA7;
	uint32_t N00003ECC;
	uint32_t N00004EA9;
	uint32_t N00003ECD;
	uint32_t N00004EAB;
	uint32_t N00003ECE;
	uint32_t N00004EAD;
	uint32_t N00003ECF;
	uint32_t N00004EAF;
	uint32_t N00003ED0;
	uint32_t N00004EB1;
	uint32_t N00003ED1;
	uint32_t N00004EB3;
	uint32_t N00003ED2;
	uint32_t N00004EB5;
	uint32_t N00003ED3;
	uint32_t N00004EB7;
	uint32_t N00003ED4;
	uint32_t N00004EB9;
	uint32_t N00003ED5;
	uint32_t N00004EBB;
	uint32_t N00003ED6;
	uint32_t N00004EBD;
	uint32_t N00003ED7;
	uint32_t N00004EBF;
	uint32_t N00003ED8;
	uint32_t N00004EC1;
	uint32_t N00003ED9;
	uint32_t N00004EC3;
	uint32_t N00003EDA;
	uint32_t N00004EC5;
	uint32_t N00003EDB;
	uint32_t N00004EC7;
	uint32_t N00003EDC;
	uint32_t N00004EC9;
	uint32_t N00003EDD;
	uint32_t N00004ECB;
	uint32_t N00003EDE;
	uint32_t N00004ECD;
	uint32_t N00003EDF;
	uint32_t N00004ECF;
	uint32_t N00003EE0;
	uint32_t N00004ED1;
	uint32_t N00003EE1;
	uint32_t N00004ED3;
	uint32_t N00003EE2;
	uint32_t N00004ED5;
	uint32_t N00003EE3;
	uint32_t N00004ED7;
	uint32_t N00003EE4;
	uint32_t N00004ED9;
	uint32_t N00003EE5;
	uint32_t N00004EDB;
	uint32_t N00003EE6;
	uint32_t N00004EDD;
	uint32_t N00003EE7;
	uint32_t N00004EDF;
	uint32_t N00003EE8;
	uint32_t N00004EE1;
	uint32_t N00003EE9;
	uint32_t N00004EE3;
	uint32_t N00003EEA;
	uint32_t N00004EE5;
	uint32_t N00003EEB;
	uint32_t N00004EE7;
	uint32_t N00003EEC;
	uint32_t N00004EE9;
	uint32_t N00003EED;
	uint32_t N00004EEB;
	uint32_t N00003EEE;
	uint32_t N00004EED;
	uint32_t N00003EEF;
	uint32_t N00004EEF;
	uint32_t N00003EF0;
	uint32_t N00004EF1;
	uint32_t N00003EF1;
	uint32_t N00004EF3;
	uint32_t N00003EF2;
	uint32_t N00004EF5;
	uint32_t N00003EF3;
	uint32_t N00004EF7;
	uint32_t N00003EF4;
	uint32_t N00004EF9;
	uint32_t N00003EF5;
	uint32_t N00004EFB;
	uint32_t N00003EF6;
	uint32_t N00004EFD;
	uint32_t N00003EF7;
	uint32_t N00004EFF;
	uint32_t N00003EF8;
	uint32_t N00004F01;
	uint32_t N00003EF9;
	uint32_t N00004F03;
	uint32_t N00003EFA;
	uint32_t N00004F05;
	uint32_t N00003EFB;
	uint32_t N00004F07;
	uint32_t N00003EFC;
	uint32_t N00004F09;
	uint32_t N00003EFD;
	uint32_t N00004F0B;
	uint32_t N00003EFE;
	uint32_t N00004F0D;
	uint32_t N00003EFF;
	uint32_t N00004F0F;
	uint32_t N00003F00;
	uint32_t N00004F11;
	uint32_t N00003F01;
	uint32_t N00004F13;
	uint32_t N00003F02;
	uint32_t N00004F15;
	uint32_t N00003F03;
	uint32_t N00004F17;
	uint32_t N00003F04;
	uint32_t N00004F19;
	uint32_t N00003F05;
	uint32_t N00004F1B;
	uint32_t N00003F06;
	uint32_t N00004F1D;
	uint32_t N00003F07;
	uint32_t N00004F1F;
	uint32_t N00003F08;
	uint32_t N00004F21;
	uint32_t N00003F09;
	uint32_t N00004F23;
	uint32_t N00003F0A;
	uint32_t N00004F25;
	uint32_t N00003F0B;
	uint32_t N00004F27;
	uint32_t N00003F0C;
	uint32_t N00004F29;
	uint32_t N00003F0D;
	uint32_t N00004F2B;
	uint32_t N00003F0E;
	uint32_t N00004F2D;
	uint32_t N00003F0F;
	uint32_t N00004F2F;
	uint32_t N00003F10;
	uint32_t N00004F31;
	uint32_t N00003F11;
	uint32_t N00004F33;
	uint32_t N00003F12;
	uint32_t N00004F35;
	uint32_t N00003F13;
	uint32_t N00004F37;
	uint32_t N00003F14;
	uint32_t N00004F39;
	uint32_t N00003F15;
	uint32_t N00004F3B;
	uint32_t N00003F16;
	uint32_t N00004F3D;
	uint32_t N00003F17;
	uint32_t N00004F3F;
	uint32_t N00003F18;
	uint32_t N00004F41;
	uint32_t N00003F19;
	uint32_t N00004F43;
	uint32_t N00003F1A;
	uint32_t N00004F45;
	uint32_t N00003F1B;
	uint32_t N00004F47;
	uint32_t N00003F1C;
	uint32_t N00004F49;
	uint32_t N00003F1D;
	uint32_t N00004F4B;
	uint32_t N00003F1E;
	uint32_t N00004F4D;
	uint32_t N00003F1F;
	uint32_t N00004F4F;
	uint32_t N00003F20;
	uint32_t N00004F51;
	uint32_t N00003F21;
	uint32_t N00004F53;
	uint32_t N00003F22;
	uint32_t N00004F55;
	uint32_t N00003F23;
	uint32_t N00004F57;
	uint32_t N00003F24;
	uint32_t N00004F59;
	uint32_t N00003F25;
	uint32_t N00004F5B;
	uint32_t N00003F26;
	uint32_t N00004F5D;
	uint32_t N00003F27;
	uint32_t N00004F5F;
	uint32_t N00003F28;
	uint32_t N00004F61;
	uint32_t N00003F29;
	uint32_t N00004F63;
	uint32_t N00003F2A;
	uint32_t N00004F65;
	uint32_t N00003F2B;
	uint32_t N00004F67;
	uint32_t N00003F2C;
	uint32_t N00004F69;
	uint32_t N00003F2D;
	uint32_t N00004F6B;
	uint32_t N00003F2E;
	uint32_t N00004F6D;
	uint32_t N00003F2F;
	uint32_t N00004F6F;
	uint32_t N00003F30;
	uint32_t N00004F71;
	uint32_t N00003F31;
	uint32_t N00004F73;
	uint32_t N00003F32;
	uint32_t N00004F75;
	uint32_t N00003F33;
	uint32_t N00004F77;
	uint32_t N00003F34;
	uint32_t N00004F79;
	uint32_t N00003F35;
	uint32_t N00004F7B;
	uint32_t N00003F36;
	uint32_t N00004F7D;
	uint32_t N00003F37;
	uint32_t N00004F7F;
	uint32_t N00003F38;
	uint32_t N00004F81;
	uint32_t N00003F39;
	uint32_t N00004F83;
	uint32_t N00003F3A;
	uint32_t N00004F85;
	uint32_t N00003F3B;
	uint32_t N00004F87;
	uint32_t N00003F3C;
	uint32_t N00004F89;
	uint32_t N00003F3D;
	uint32_t N00004F8B;
	uint32_t N00003F3E;
	uint32_t N00004F8D;
	uint32_t N00003F3F;
	uint32_t N00004F8F;
	uint32_t N00003F40;
	uint32_t N00004F91;
	uint32_t N00003F41;
	uint32_t N00004F93;
	uint32_t N00003F42;
	uint32_t N00004F95;
	uint32_t N00003F43;
	uint32_t N00004F97;
	uint32_t N00003F44;
	uint32_t N00004F99;
	uint32_t N00003F45;
	uint32_t N00004F9B;
	uint32_t N00003F46;
	uint32_t N00004F9D;
	uint32_t N00003F47;
	uint32_t N00004F9F;
	uint32_t N00003F48;
	uint32_t N00004FA1;
	uint32_t N00003F49;
	uint32_t N00004FA3;
	uint32_t N00003F4A;
	uint32_t N00004FA5;
	uint32_t N00003F4B;
	uint32_t N00004FA7;
	uint32_t N00003F4C;
	uint32_t N00004FA9;
	uint32_t N00003F4D;
	uint32_t N00004FAB;
	uint32_t N00003F4E;
	uint32_t N00004FAD;
	uint32_t N00003F4F;
	uint32_t N00004FAF;
	uint32_t N00003F50;
	uint32_t N00004FB1;
	uint32_t N00003F51;
	uint32_t N00004FB3;
	uint32_t N00003F52;
	uint32_t N00004FB5;
	uint32_t N00003F53;
	uint32_t N00004FB7;
	uint32_t N00003F54;
	uint32_t N00004FB9;
	uint32_t N00003F55;
	uint32_t N00004FBB;
	uint32_t N00003F56;
	uint32_t N00004FBD;
	uint32_t N00003F57;
	uint32_t N00004FBF;
	uint32_t N00003F58;
	uint32_t N00004FC1;
	uint32_t N00003F59;
	uint32_t N00004FC3;
	uint32_t N00003F5A;
	uint32_t N00004FC5;
	uint32_t N00003F5B;
	uint32_t N00004FC7;
	uint32_t N00003F5C;
	uint32_t N00004FC9;
	uint32_t N00003F5D;
	uint32_t N00004FCB;
	uint32_t N00003F5E;
	uint32_t N00004FCD;
	uint32_t N00003F5F;
	uint32_t N00004FCF;
	uint32_t N00003F60;
	uint32_t N00004FD1;
	uint32_t N00003F61;
	uint32_t N00004FD3;
	uint32_t N00003F62;
	uint32_t N00004FD5;
	uint32_t N00003F63;
	uint32_t N00004FD7;
	uint32_t N00003F64;
	uint32_t N00004FD9;
	uint32_t N00003F65;
	uint32_t N00004FDB;
	uint32_t N00003F66;
	uint32_t N00004FDD;
	uint32_t N00003F67;
	uint32_t N00004FDF;
	uint32_t N00003F68;
	uint32_t N00004FE1;
	uint32_t N00003F69;
	uint32_t N00004FE3;
	uint32_t N00003F6A;
	uint32_t N00004FE5;
	uint32_t N00003F6B;
	uint32_t N00004FE7;
	uint32_t N00003F6C;
	uint32_t N00004FE9;
	uint32_t N00003F6D;
	uint32_t N00004FEB;
	uint32_t N00003F6E;
	uint32_t N00004FED;
	uint32_t N00003F6F;
	uint32_t N00004FEF;
	uint32_t N00003F70;
	uint32_t N00004FF1;
	uint32_t N00003F71;
	uint32_t N00004FF3;
	uint32_t N00003F72;
	uint32_t N00004FF5;
	uint32_t N00003F73;
	uint32_t N00004FF7;
	uint32_t N00003F74;
	uint32_t N00004FF9;
	uint32_t N00003F75;
	uint32_t N00004FFB;
	uint32_t N00003F76;
	uint32_t N00004FFD;
	uint32_t N00003F77;
	uint32_t N00004FFF;
	uint32_t N00003F78;
	uint32_t N00005001;
	uint32_t N00003F79;
	uint32_t N00005003;
	uint32_t N00003F7A;
	uint32_t N00005005;
	uint32_t N00003F7B;
	uint32_t N00005007;
	uint32_t N00003F7C;
	uint32_t N00005009;
	uint32_t N00003F7D;
	uint32_t N0000500B;
	uint32_t N00003F7E;
	uint32_t N0000500D;
	uint32_t N00003F7F;
	uint32_t N0000500F;
	uint32_t N00003F80;
	uint32_t N00005011;
	uint32_t N00003F81;
	uint32_t N00005013;
	uint32_t N00003F82;
	uint32_t N00005015;
	uint32_t N00003F83;
	uint32_t N00005017;
	uint32_t N00003F84;
	uint32_t N00005019;
	uint32_t N00003F85;
	uint32_t N0000501B;
	uint32_t N00003F86;
	uint32_t N0000501D;
	uint32_t N00003F87;
	uint32_t N0000501F;
	uint32_t N00003F88;
	uint32_t N00005021;
	uint32_t N00003F89;
	uint32_t N00005023;
	uint32_t N00003F8A;
	uint32_t N00005025;
	uint32_t N00003F8B;
	uint32_t N00005027;
	uint32_t N00003F8C;
	uint32_t N00005029;
	uint32_t N00003F8D;
	uint32_t N0000502B;
	uint32_t N00003F8E;
	uint32_t N0000502D;
	uint32_t N00003F8F;
	uint32_t N0000502F;
	uint32_t N00003F90;
	uint32_t N00005031;
	uint32_t N00003F91;
	uint32_t N00005033;
	uint32_t N00003F92;
	uint32_t N00005035;
	uint32_t N00003F93;
	uint32_t N00005037;
	uint32_t N00003F94;
	uint32_t N00005039;
	uint32_t N00003F95;
	uint32_t N0000503B;
	uint32_t N00003F96;
	uint32_t N0000503D;
	uint32_t N00003F97;
	uint32_t N0000503F;
	uint32_t N00003F98;
	uint32_t N00005041;
	uint32_t N00003F99;
	uint32_t N00005043;
	uint32_t N00003F9A;
	uint32_t N00005045;
	uint32_t N00003F9B;
	uint32_t N00005047;
	uint32_t N00003F9C;
	uint32_t N00005049;
	uint32_t N00003F9D;
	uint32_t N0000504B;
	uint32_t N00003F9E;
	uint32_t N0000504D;
	uint32_t N00003F9F;
	uint32_t N0000504F;
	uint32_t N00003FA0;
	uint32_t N00005051;
	uint32_t N00003FA1;
	uint32_t N00005053;
	uint32_t N00003FA2;
	uint32_t N00005055;
	uint32_t N00003FA3;
	uint32_t N00005057;
	uint32_t N00003FA4;
	uint32_t N00005059;
	uint32_t N00003FA5;
	uint32_t N0000505B;
	uint32_t N00003FA6;
	uint32_t N0000505D;
	uint32_t N00003FA7;
	uint32_t N0000505F;
	uint32_t N00003FA8;
	uint32_t N00005061;
	uint32_t N00003FA9;
	uint32_t N00005063;
	uint32_t N00003FAA;
	uint32_t N00005065;
	uint32_t N00003FAB;
	uint32_t N00005067;
	uint32_t N00003FAC;
	uint32_t N00005069;
	uint32_t N00003FAD;
	uint32_t N0000506B;
	uint32_t N00003FAE;
	uint32_t N0000506D;
	uint32_t N00003FAF;
	uint32_t N0000506F;
	uint32_t N00003FB0;
	uint32_t N00005071;
	uint32_t N00003FB1;
	uint32_t N00005073;
	uint32_t N00003FB2;
	uint32_t N00005075;
	uint32_t N00003FB3;
	uint32_t N00005077;
	uint32_t N00003FB4;
	uint32_t N00005079;
	uint32_t N00003FB5;
	uint32_t N0000507B;
	uint32_t N00003FB6;
	uint32_t N0000507D;
	uint32_t N00003FB7;
	uint32_t N0000507F;
	uint32_t N00003FB8;
	uint32_t N00005081;
	uint32_t N00003FB9;
	uint32_t N00005083;
	uint32_t N00003FBA;
	uint32_t N00005085;
	uint32_t N00003FBB;
	uint32_t N00005087;
	uint32_t N00003FBC;
	uint32_t N00005089;
	uint32_t N00003FBD;
	uint32_t N0000508B;
	uint32_t N00003FBE;
	uint32_t N0000508D;
	uint32_t N00003FBF;
	uint32_t N0000508F;
	uint32_t N00003FC0;
	uint32_t N00005091;
	uint32_t N00003FC1;
	uint32_t N00005093;
	uint32_t N00003FC2;
	uint32_t N00005095;
	uint32_t N00003FC3;
	uint32_t N00005097;
	uint32_t N00003FC4;
	uint32_t N00005099;
	uint32_t N00003FC5;
	uint32_t N0000509B;
	uint32_t N00003FC6;
	uint32_t N0000509D;
	uint32_t N00003FC7;
	uint32_t N0000509F;
	uint32_t N00003FC8;
	uint32_t N000050A1;
	uint32_t N00003FC9;
	uint32_t N000050A3;
	uint32_t N00003FCA;
	uint32_t N000050A5;
	uint32_t N00003FCB;
	uint32_t N000050A7;
	uint32_t N00003FCC;
	uint32_t N000050A9;
	uint32_t N00003FCD;
	uint32_t N000050AB;
	uint32_t N00003FCE;
	uint32_t N000050AD;
	uint32_t N00003FCF;
	uint32_t N000050AF;
	uint32_t N00003FD0;
	uint32_t N000050B1;
	uint32_t N00003FD1;
	uint32_t N000050B3;
	uint32_t N00003FD2;
	uint32_t N000050B5;
	uint32_t N00003FD3;
	uint32_t N000050B7;
	uint32_t N00003FD4;
	uint32_t N000050B9;
	uint32_t N00003FD5;
	uint32_t N000050BB;
	uint32_t N00003FD6;
	uint32_t N000050BD;
	uint32_t N00003FD7;
	uint32_t N000050BF;
	uint32_t N00003FD8;
	uint32_t N000050C1;
	uint32_t N00003FD9;
	uint32_t N000050C3;
	uint32_t N00003FDA;
	uint32_t N000050C5;
	uint32_t N00003FDB;
	uint32_t N000050C7;
	uint32_t N00003FDC;
	uint32_t N000050C9;
	uint32_t N00003FDD;
	uint32_t N000050CB;
	uint32_t N00003FDE;
	uint32_t N000050CD;
	uint32_t N00003FDF;
	uint32_t N000050CF;
	uint32_t N00003FE0;
	uint32_t N000050D1;
	uint32_t N00003FE1;
	uint32_t N000050D3;
	uint32_t N00003FE2;
	uint32_t N000050D5;
	uint32_t N00003FE3;
	uint32_t N000050D7;
	uint32_t N00003FE4;
	uint32_t N000050D9;
	uint32_t N00003FE5;
	uint32_t N000050DB;
	uint32_t N00003FE6;
	uint32_t N000050DD;
	uint32_t N00003FE7;
	uint32_t N000050DF;
	uint32_t N00003FE8;
	uint32_t N000050E1;
	uint32_t N00003FE9;
	uint32_t N000050E3;
	uint32_t N00003FEA;
	uint32_t N000050E5;
	uint32_t N00003FEB;
	uint32_t N000050E7;
	uint32_t N00003FEC;
	uint32_t N000050E9;
	uint32_t N00003FED;
	uint32_t N000050EB;
	uint32_t N00003FEE;
	uint32_t N000050ED;
	uint32_t N00003FEF;
	uint32_t N000050EF;
	uint32_t N00003FF0;
	uint32_t N000050F1;
	uint32_t N00003FF1;
	uint32_t N000050F3;
	uint32_t N00003FF2;
	uint32_t N000050F5;
	uint32_t N00003FF3;
	uint32_t N000050F7;
	uint32_t N00003FF4;
	uint32_t N000050F9;
	uint32_t N00003FF5;
	uint32_t N000050FB;
	uint32_t N00003FF6;
	uint32_t N000050FD;
	uint32_t N00003FF7;
	uint32_t N000050FF;
	uint32_t N00003FF8;
	uint32_t N00005101;
	uint32_t N00003FF9;
	uint32_t N00005103;
	uint32_t N00003FFA;
	uint32_t N00005105;
	uint32_t N00003FFB;
	uint32_t N00005107;
	uint32_t N00003FFC;
	uint32_t N00005109;
	uint32_t N00003FFD;
	uint32_t N0000510B;
	uint32_t N00003FFE;
	uint32_t N0000510D;
	uint32_t N00003FFF;
	uint32_t N0000510F;
	uint32_t N00004000;
	uint32_t N00005111;
	uint32_t N00004001;
	uint32_t N00005113;
	uint32_t N00004002;
	uint32_t N00005115;
	uint32_t N00004003;
	uint32_t N00005117;
	uint32_t N00004004;
	uint32_t N00005119;
	uint32_t N00004005;
	uint32_t N0000511B;
	uint32_t N00004006;
	uint32_t N0000511D;
	uint32_t N00004007;
	uint32_t N0000511F;
	uint32_t N00004008;
	uint32_t N00005121;
	uint32_t N00004009;
	uint32_t N00005123;
	uint32_t N0000400A;
	uint32_t N00005125;
	uint32_t N0000400B;
	uint32_t N00005127;
	uint32_t N0000400C;
	uint32_t N00005129;
	uint32_t N0000400D;
	uint32_t N0000512B;
	uint32_t N0000400E;
	uint32_t N0000512D;
	uint32_t N0000400F;
	uint32_t N0000512F;
	uint32_t N00004010;
	uint32_t N00005131;
	uint32_t N00004011;
	uint32_t N00005133;
	uint32_t N00004012;
	uint32_t N00005135;
	uint32_t N00004013;
	uint32_t N00005137;
	uint32_t N00004014;
	uint32_t N00005139;
	uint32_t N00004015;
	uint32_t N0000513B;
	uint32_t N00004016;
	uint32_t N0000513D;
	uint32_t N00004017;
	uint32_t N0000513F;
	uint32_t N00004018;
	uint32_t N00005141;
	uint32_t N00004019;
	uint32_t N00005143;
	uint32_t N0000401A;
	uint32_t N00005145;
	uint32_t N0000401B;
	uint32_t N00005147;
	uint32_t N0000401C;
	uint32_t N00005149;
	uint32_t N0000401D;
	uint32_t N0000514B;
	uint32_t N0000401E;
	uint32_t N0000514D;
	uint32_t N0000401F;
	uint32_t N0000514F;
	uint32_t N00004020;
	uint32_t N00005151;
	uint32_t N00004021;
	uint32_t N00005153;
	uint32_t N00004022;
	uint32_t N00005155;
	uint32_t N00004023;
	uint32_t N00005157;
	uint32_t N00004024;
	uint32_t N00005159;
	uint32_t N00004025;
	uint32_t N0000515B;
	uint32_t N00004026;
	uint32_t N0000515D;
	uint32_t N00004027;
	uint32_t N0000515F;
	uint32_t N00004028;
	uint32_t N00005161;
	uint32_t N00004029;
	uint32_t N00005163;
	uint32_t N0000402A;
	uint32_t N00005165;
	uint32_t N0000402B;
	uint32_t N00005167;
	uint32_t N0000402C;
	uint32_t N00005169;
	uint32_t N0000402D;
	uint32_t N0000516B;
	uint32_t N0000402E;
	uint32_t N0000516D;
	uint32_t N0000402F;
	uint32_t N0000516F;
	uint32_t N00004030;
	uint32_t N00005171;
	uint32_t N00004031;
	uint32_t N00005173;
	uint32_t N00004032;
	uint32_t N00005175;
	uint32_t N00004033;
	uint32_t N00005177;
	uint32_t N00004034;
	uint32_t N00005179;
	uint32_t N00004035;
	uint32_t N0000517B;
	uint32_t N00004036;
	uint32_t N0000517D;
	uint32_t N00004037;
	uint32_t N0000517F;
	uint32_t N00004038;
	uint32_t N00005181;
	uint32_t N00004039;
	uint32_t N00005183;
	uint32_t N0000403A;
	uint32_t N00005185;
	uint32_t N0000403B;
	uint32_t N00005187;
	uint32_t N0000403C;
	uint32_t N00005189;
	uint32_t N0000403D;
	uint32_t N0000518B;
	uint32_t N0000403E;
	uint32_t N0000518D;
	uint32_t N0000403F;
	uint32_t N0000518F;
	uint32_t N00004040;
	uint32_t N00005191;
	uint32_t N00004041;
	uint32_t N00005193;
	uint32_t N00004042;
	uint32_t N00005195;
	uint32_t N00004043;
	uint32_t N00005197;
	uint32_t N00004044;
	uint32_t N00005199;
	uint32_t N00004045;
	uint32_t N0000519B;
	uint32_t N00004046;
	uint32_t N0000519D;
	uint32_t N00004047;
	uint32_t N0000519F;
	uint32_t N00004048;
	uint32_t N000051A1;
	uint32_t N00004049;
	uint32_t N000051A3;
	uint32_t N0000404A;
	uint32_t N000051A5;
	uint32_t N0000404B;
	uint32_t N000051A7;
	uint32_t N0000404C;
	uint32_t N000051A9;
	uint32_t N0000404D;
	uint32_t N000051AB;
	uint32_t N0000404E;
	uint32_t N000051AD;
	uint32_t N0000404F;
	uint32_t N000051AF;
	uint32_t N00004050;
	uint32_t N000051B1;
	uint32_t N00004051;
	uint32_t N000051B3;
	uint32_t N00004052;
	uint32_t N000051B5;
	uint32_t N00004053;
	uint32_t N000051B7;
	uint32_t N00004054;
	uint32_t N000051B9;
	uint32_t N00004055;
	uint32_t N000051BB;
	uint32_t N00004056;
	uint32_t N000051BD;
	uint32_t N00004057;
	uint32_t N000051BF;
	uint32_t N00004058;
	uint32_t N000051C1;
	uint32_t N00004059;
	uint32_t N000051C3;
	uint32_t N0000405A;
	uint32_t N000051C5;
	uint32_t N0000405B;
	uint32_t N000051C7;
	uint32_t N0000405C;
	uint32_t N000051C9;
	uint32_t N0000405D;
	uint32_t N000051CB;
	uint32_t N0000405E;
	uint32_t N000051CD;
	uint32_t N0000405F;
	uint32_t N000051CF;
	uint32_t N00004060;
	uint32_t N000051D1;
	uint32_t N00004061;
	uint32_t N000051D3;
	uint32_t N00004062;
	uint32_t N000051D5;
	uint32_t N00004063;
	uint32_t N000051D7;
	uint32_t N00004064;
	uint32_t N000051D9;
	uint32_t N00004065;
	uint32_t N000051DB;
	uint32_t N00004066;
	uint32_t N000051DD;
	uint32_t N00004067;
	uint32_t N000051DF;
	uint32_t N00004068;
	uint32_t N000051E1;
	uint32_t N00004069;
	uint32_t N000051E3;
	uint32_t N0000406A;
	uint32_t N000051E5;
	uint32_t N0000406B;
	uint32_t N000051E7;
	uint32_t N0000406C;
	uint32_t N000051E9;
	uint32_t N0000406D;
	uint32_t N000051EB;
	uint32_t N0000406E;
	uint32_t N000051ED;
	uint32_t N0000406F;
	uint32_t N000051EF;
	uint32_t N00004070;
	uint32_t N000051F1;
	uint32_t N00004071;
	uint32_t N000051F3;
	uint32_t N00004072;
	uint32_t N000051F5;
	uint32_t N00004073;
	uint32_t N000051F7;
	uint32_t N00004074;
	uint32_t N000051F9;
	uint32_t N00004075;
	uint32_t N000051FB;
	uint32_t N00004076;
	uint32_t N000051FD;
	uint32_t N00004077;
	uint32_t N000051FF;
	uint32_t N00004078;
	uint32_t N00005201;
	uint32_t N00004079;
	uint32_t N00005203;
	uint32_t N0000407A;
	uint32_t N00005205;
	uint32_t N0000407B;
	uint32_t N00005207;
	uint32_t N0000407C;
	uint32_t N00005209;
	uint32_t N0000407D;
	uint32_t N0000520B;
	uint32_t N0000407E;
	uint32_t N0000520D;
	uint32_t N0000407F;
	uint32_t N0000520F;
	uint32_t N00004080;
	uint32_t N00005211;
	uint32_t N00004081;
	uint32_t N00005213;
	uint32_t N00004082;
	uint32_t N00005215;
	uint32_t N00004083;
	uint32_t N00005217;
	uint32_t N00004084;
	uint32_t N00005219;
	uint32_t N00004085;
	uint32_t N0000521B;
	uint32_t N00004086;
	uint32_t N0000521D;
	uint32_t N00004087;
	uint32_t N0000521F;
	uint32_t N00004088;
	uint32_t N00005221;
	uint32_t N00004089;
	uint32_t N00005223;
	uint32_t N0000408A;
	uint32_t N00005225;
	uint32_t N0000408B;
	uint32_t N00005227;
	uint32_t N0000408C;
	uint32_t N00005229;
	uint32_t N0000408D;
	uint32_t N0000522B;
	uint32_t N0000408E;
	uint32_t N0000522D;
	uint32_t N0000408F;
	uint32_t N0000522F;
	uint32_t N00004090;
	uint32_t N00005231;
	uint32_t N00004091;
	uint32_t N00005233;
	uint32_t N00004092;
	uint32_t N00005235;
	uint32_t N00004093;
	uint32_t N00005237;
	uint32_t N00004094;
	uint32_t N00005239;
	uint32_t N00004095;
	uint32_t N0000523B;
	uint32_t N00004096;
	uint32_t N0000523D;
	uint32_t N00004097;
	uint32_t N0000523F;
	uint32_t N00004098;
	uint32_t N00005241;
	uint32_t N00004099;
	uint32_t N00005243;
	uint32_t N0000409A;
	uint32_t N00005245;
	uint32_t N0000409B;
	uint32_t N00005247;
	uint32_t N0000409C;
	uint32_t N00005249;
	uint32_t N0000409D;
	uint32_t N0000524B;
	uint32_t N0000409E;
	uint32_t N0000524D;
	uint32_t N0000409F;
	uint32_t N0000524F;
	uint32_t N000040A0;
	uint32_t N00005251;
	uint32_t N000040A1;
	uint32_t N00005253;
	uint32_t N000040A2;
	uint32_t N00005255;
	uint32_t N000040A3;
	uint32_t N00005257;
	uint32_t N000040A4;
	uint32_t N00005259;
	uint32_t N000040A5;
	uint32_t N0000525B;
	uint32_t N000040A6;
	uint32_t N0000525D;
	uint32_t N000040A7;
	uint32_t N0000525F;
	uint32_t N000040A8;
	uint32_t N00005261;
	uint32_t N000040A9;
	uint32_t N00005263;
	uint32_t N000040AA;
	uint32_t N00005265;
	uint32_t N000040AB;
	uint32_t N00005267;
	uint32_t N000040AC;
	uint32_t N00005269;
	uint32_t N000040AD;
	uint32_t N0000526B;
	uint32_t N000040AE;
	uint32_t N0000526D;
	uint32_t N000040AF;
	uint32_t N0000526F;
	uint32_t N000040B0;
	uint32_t N00005271;
	uint32_t N000040B1;
	uint32_t N00005273;
	uint32_t N000040B2;
	uint32_t N00005275;
	uint32_t N000040B3;
	uint32_t N00005277;
	uint32_t N000040B4;
	uint32_t N00005279;
	uint32_t N000040B5;
	uint32_t N0000527B;
	uint32_t N000040B6;
	uint32_t N0000527D;
	uint32_t N000040B7;
	uint32_t N0000527F;
	uint32_t N000040B8;
	uint32_t N00005281;
	uint32_t N000040B9;
	uint32_t N00005283;
	uint32_t N000040BA;
	uint32_t N00005285;
	uint32_t N000040BB;
	uint32_t N00005287;
	uint32_t N000040BC;
	uint32_t N00005289;
	uint32_t N000040BD;
	uint32_t N0000528B;
	uint32_t N000040BE;
	uint32_t N0000528D;
	uint32_t N000040BF;
	uint32_t N0000528F;
	uint32_t N000040C0;
	uint32_t N00005291;
	uint32_t N000040C1;
	uint32_t N00005293;
	uint32_t N000040C2;
	uint32_t N00005295;
	uint32_t N000040C3;
	uint32_t N00005297;
	uint32_t N000040C4;
	uint32_t N00005299;
	uint32_t N000040C5;
	uint32_t N0000529B;
	uint32_t N000040C6;
	uint32_t N0000529D;
	uint32_t N000040C7;
	uint32_t N0000529F;
	uint32_t N000040C8;
	uint32_t N000052A1;
	uint32_t N000040C9;
	uint32_t N000052A3;
	uint32_t N000040CA;
	uint32_t N000052A5;
	uint32_t N000040CB;
	uint32_t N000052A7;
	uint32_t N000040CC;
	uint32_t N000052A9;
	uint32_t N000040CD;
	uint32_t N000052AB;
	uint32_t N000040CE;
	uint32_t N000052AD;
	uint32_t N000040CF;
	uint32_t N000052AF;
	uint32_t N000040D0;
	uint32_t N000052B1;
	uint32_t N000040D1;
	uint32_t N000052B3;
	uint32_t N000040D2;
	uint32_t N000052B5;
	uint32_t N000040D3;
	uint32_t N000052B7;
	uint32_t N000040D4;
	uint32_t N000052B9;
	uint32_t N000040D5;
	uint32_t N000052BB;
	uint32_t N000040D6;
	uint32_t N000052BD;
	uint32_t N000040D7;
	uint32_t N000052BF;
	uint32_t N000040D8;
	uint32_t N000052C1;
	uint32_t N000040D9;
	uint32_t N000052C3;
	uint32_t N000040DA;
	uint32_t N000052C5;
	uint32_t N000040DB;
	uint32_t N000052C7;
	uint32_t N000040DC;
	uint32_t N000052C9;
	uint32_t N000040DD;
	uint32_t N000052CB;
	uint32_t N000040DE;
	uint32_t N000052CD;
	uint32_t N000040DF;
	uint32_t N000052CF;
	uint32_t N000040E0;
	uint32_t N000052D1;
	uint32_t N000040E1;
	uint32_t N000052D3;
	uint32_t N000040E2;
	uint32_t N000052D5;
	uint32_t N000040E3;
	uint32_t N000052D7;
	uint32_t N000040E4;
	uint32_t N000052D9;
	uint32_t N000040E5;
	uint32_t N000052DB;
	uint32_t N000040E6;
	uint32_t N000052DD;
	uint32_t N000040E7;
	uint32_t N000052DF;
	uint32_t N000040E8;
	uint32_t N000052E1;
	uint32_t N000040E9;
	uint32_t N000052E3;
	uint32_t N000040EA;
	uint32_t N000052E5;
	uint32_t N000040EB;
	uint32_t N000052E7;
	uint32_t N000040EC;
	uint32_t N000052E9;
	uint32_t N000040ED;
	uint32_t N000052EB;
	uint32_t N000040EE;
	uint32_t N000052ED;
	uint32_t N000040EF;
	uint32_t N000052EF;
	uint32_t N000040F0;
	uint32_t N000052F1;
	uint32_t N000040F1;
	uint32_t N000052F3;
	uint32_t N000040F2;
	uint32_t N000052F5;
	uint32_t N000040F3;
	uint32_t N000052F7;
	uint32_t N000040F4;
	uint32_t N000052F9;
	uint32_t N000040F5;
	uint32_t N000052FB;
	uint32_t N000040F6;
	uint32_t N000052FD;
	uint32_t N000040F7;
	uint32_t N000052FF;
	uint32_t N000040F8;
	uint32_t N00005301;
	uint32_t N000040F9;
	uint32_t N00005303;
	uint32_t N000040FA;
	uint32_t N00005305;
	uint32_t N000040FB;
	uint32_t N00005307;
	uint32_t N000040FC;
	uint32_t N00005309;
	uint32_t N000040FD;
	uint32_t N0000530B;
	uint32_t N000040FE;
	uint32_t N0000530D;
	uint32_t N000040FF;
	uint32_t N0000530F;
	uint32_t N00004100;
	uint32_t N00005311;
	uint32_t N00004101;
	uint32_t N00005313;
	uint32_t N00004102;
	uint32_t N00005315;
	uint32_t N00004103;
	uint32_t N00005317;
	uint32_t N00004104;
	uint32_t N00005319;
	uint32_t N00004105;
	uint32_t N0000531B;
	uint32_t N00004106;
	uint32_t N0000531D;
	uint32_t N00004107;
	uint32_t N0000531F;
	uint32_t N00004108;
	uint32_t N00005321;
	uint32_t N00004109;
	uint32_t N00005323;
	uint32_t N0000410A;
	uint32_t N00005325;
	uint32_t N0000410B;
	uint32_t N00005327;
	uint32_t N0000410C;
	uint32_t N00005329;
	uint32_t N0000410D;
	uint32_t N0000532B;
	uint32_t N0000410E;
	uint32_t N0000532D;
	uint32_t N0000410F;
	uint32_t N0000532F;
	uint32_t N00004110;
	uint32_t N00005331;
	uint32_t N00004111;
	uint32_t N00005333;
	uint32_t N00004112;
	uint32_t N00005335;
	uint32_t N00004113;
	uint32_t N00005337;
	uint32_t N00004114;
	uint32_t N00005339;
	uint32_t N00004115;
	uint32_t N0000533B;
	uint32_t N00004116;
	uint32_t N0000533D;
	uint32_t N00004117;
	uint32_t N0000533F;
	uint32_t N00004118;
	uint32_t N00005341;
	uint32_t N00004119;
	uint32_t N00005343;
	uint32_t N0000411A;
	uint32_t N00005345;
	uint32_t N0000411B;
	uint32_t N00005347;
	uint32_t N0000411C;
	uint32_t N00005349;
	uint32_t N0000411D;
	uint32_t N0000534B;
	uint32_t N0000411E;
	uint32_t N0000534D;
	uint32_t N0000411F;
	uint32_t N0000534F;
	uint32_t N00004120;
	uint32_t N00005351;
	uint32_t N00004121;
	uint32_t N00005353;
	uint32_t N00004122;
	uint32_t N00005355;
	uint32_t N00004123;
	uint32_t N00005357;
	uint32_t N00004124;
	uint32_t N00005359;
	uint32_t N00004125;
	uint32_t N0000535B;
	uint32_t N00004126;
	uint32_t N0000535D;
	uint32_t N00004127;
	uint32_t N0000535F;
	uint32_t N00004128;
	uint32_t N00005361;
	uint32_t N00004129;
	uint32_t N00005363;
	uint32_t N0000412A;
	uint32_t N00005365;
	uint32_t N0000412B;
	uint32_t N00005367;
	uint32_t N0000412C;
	uint32_t N00005369;
	uint32_t N0000412D;
	uint32_t N0000536B;
	uint32_t N0000412E;
	uint32_t N0000536D;
	uint32_t N0000412F;
	uint32_t N0000536F;
	uint32_t N00004130;
	uint32_t N00005371;
	uint32_t N00004131;
	uint32_t N00005373;
	uint32_t N00004132;
	uint32_t N00005375;
	uint32_t N00004133;
	uint32_t N00005377;
	uint32_t N00004134;
	uint32_t N00005379;
	uint32_t N00004135;
	uint32_t N0000537B;
	uint32_t N00004136;
	uint32_t N0000537D;
	uint32_t N00004137;
	uint32_t N0000537F;
	uint32_t N00004138;
	uint32_t N00005381;
	uint32_t N00004139;
	uint32_t N00005383;
	uint32_t N0000413A;
	uint32_t N00005385;
	uint32_t N0000413B;
	uint32_t N00005387;
	uint32_t N0000413C;
	uint32_t N00005389;
	uint32_t N0000413D;
	uint32_t N0000538B;
	uint32_t N0000413E;
	uint32_t N0000538D;
	uint32_t N0000413F;
	uint32_t N0000538F;
	uint32_t N00004140;
	uint32_t N00005391;
	uint32_t N00004141;
	uint32_t N00005393;
	uint32_t N00004142;
	uint32_t N00005395;
	uint32_t N00004143;
	uint32_t N00005397;
	uint32_t N00004144;
	uint32_t N00005399;
	uint32_t N00004145;
	uint32_t N0000539B;
	uint32_t N00004146;
	uint32_t N0000539D;
	uint32_t N00004147;
	uint32_t N0000539F;
	uint32_t N00004148;
	uint32_t N000053A1;
	uint32_t N00004149;
	uint32_t N000053A3;
	uint32_t N0000414A;
	uint32_t N000053A5;
	uint32_t N0000414B;
	uint32_t N000053A7;
	uint32_t N0000414C;
	uint32_t N000053A9;
	uint32_t N0000414D;
	uint32_t N000053AB;
	uint32_t N0000414E;
	uint32_t N000053AD;
	uint32_t N0000414F;
	uint32_t N000053AF;
	uint32_t N00004150;
	uint32_t N000053B1;
	uint32_t N00004151;
	uint32_t N000053B3;
	uint32_t N00004152;
	uint32_t N000053B5;
	uint32_t N00004153;
	uint32_t N000053B7;
	uint32_t N00004154;
	uint32_t N000053B9;
	uint32_t N00004155;
	uint32_t N000053BB;
	uint32_t N00004156;
	uint32_t N000053BD;
	uint32_t N00004157;
	uint32_t N000053BF;
	uint32_t N00004158;
	uint32_t N000053C1;
	uint32_t N00004159;
	uint32_t N000053C3;
	uint32_t N0000415A;
	uint32_t N000053C5;
	uint32_t N0000415B;
	uint32_t N000053C7;
	uint32_t N0000415C;
	uint32_t N000053C9;
	uint32_t N0000415D;
	uint32_t N000053CB;
	uint32_t N0000415E;
	uint32_t N000053CD;
	uint32_t N0000415F;
	uint32_t N000053CF;
	uint32_t N00004160;
	uint32_t N000053D1;
	uint32_t N00004161;
	uint32_t N000053D3;
	uint32_t N00004162;
	uint32_t N000053D5;
	uint32_t N00004163;
	uint32_t N000053D7;
	uint32_t N00004164;
	uint32_t N000053D9;
	uint32_t N00004165;
	uint32_t N000053DB;
	uint32_t N00004166;
	uint32_t N000053DD;
	uint32_t N00004167;
	uint32_t N000053DF;
	uint32_t N00004168;
	uint32_t N000053E1;
	uint32_t N00004169;
	uint32_t N000053E3;
	uint32_t N0000416A;
	uint32_t N000053E5;
	uint32_t N0000416B;
	uint32_t N000053E7;
	uint32_t N0000416C;
	uint32_t N000053E9;
	uint32_t N0000416D;
	uint32_t N000053EB;
	uint32_t N0000416E;
	uint32_t N000053ED;
	uint32_t N0000416F;
	uint32_t N000053EF;
	uint32_t N00004170;
	uint32_t N000053F1;
	uint32_t N00004171;
	uint32_t N000053F3;
	uint32_t N00004172;
	uint32_t N000053F5;
	uint32_t N00004173;
	uint32_t N000053F7;
	uint32_t N00004174;
	uint32_t N000053F9;
	uint32_t N00004175;
	uint32_t N000053FB;
	uint32_t N00004176;
	uint32_t N000053FD;
	uint32_t N00004177;
	uint32_t N000053FF;
	uint32_t N00004178;
	uint32_t N00005401;
	uint32_t N00004179;
	uint32_t N00005403;
	uint32_t N0000417A;
	uint32_t N00005405;
	uint32_t N0000417B;
	uint32_t N00005407;
	uint32_t N0000417C;
	uint32_t N00005409;
	uint32_t N0000417D;
	uint32_t N0000540B;
	uint32_t N0000417E;
	uint32_t N0000540D;
	uint32_t N0000417F;
	uint32_t N0000540F;
	uint32_t N00004180;
	uint32_t N00005411;
	uint32_t N00004181;
	uint32_t N00005413;
	uint32_t N00004182;
	uint32_t N00005415;
	uint32_t N00004183;
	uint32_t N00005417;
	uint32_t N00004184;
	uint32_t N00005419;
	uint32_t N00004185;
	uint32_t N0000541B;
	uint32_t N00004186;
	uint32_t N0000541D;
	uint32_t N00004187;
	uint32_t N0000541F;
	uint32_t N00004188;
	uint32_t N00005421;
	uint32_t N00004189;
	uint32_t N00005423;
	uint32_t N0000418A;
	uint32_t N00005425;
	uint32_t N0000418B;
	uint32_t N00005427;
	uint32_t N0000418C;
	uint32_t N00005429;
	uint32_t N0000418D;
	uint32_t N0000542B;
	uint32_t N0000418E;
	uint32_t N0000542D;
	uint32_t N0000418F;
	uint32_t N0000542F;
	uint32_t N00004190;
	uint32_t N00005431;
	uint32_t N00004191;
	uint32_t N00005433;
	uint32_t N00004192;
	uint32_t N00005435;
	uint32_t N00004193;
	uint32_t N00005437;
	uint32_t N00004194;
	uint32_t N00005439;
	uint32_t N00004195;
	uint32_t N0000543B;
	uint32_t N00004196;
	uint32_t N0000543D;
	uint32_t N00004197;
	uint32_t N0000543F;
	uint32_t N00004198;
	uint32_t N00005441;
	uint32_t N00004199;
	uint32_t N00005443;
	uint32_t N0000419A;
	uint32_t N00005445;
	uint32_t N0000419B;
	uint32_t N00005447;
	uint32_t N0000419C;
	uint32_t N00005449;
	uint32_t N0000419D;
	uint32_t N0000544B;
	uint32_t N0000419E;
	uint32_t N0000544D;
	uint32_t N0000419F;
	uint32_t N0000544F;
	uint32_t N000041A0;
	uint32_t N00005451;
	uint32_t N000041A1;
	uint32_t N00005453;
	uint32_t N000041A2;
	uint32_t N00005455;
	uint32_t N000041A3;
	uint32_t N00005457;
	uint32_t N000041A4;
	uint32_t N00005459;
	uint32_t N000041A5;
	uint32_t N0000545B;
	uint32_t N000041A6;
	uint32_t N0000545D;
	uint32_t N000041A7;
	uint32_t N0000545F;
	uint32_t N000041A8;
	uint32_t N00005461;
	uint32_t N000041A9;
	uint32_t N00005463;
	uint32_t N000041AA;
	uint32_t N00005465;
	uint32_t N000041AB;
	uint32_t N00005467;
	uint32_t N000041AC;
	uint32_t N00005469;
	uint32_t N000041AD;
	uint32_t N0000546B;
	uint32_t N000041AE;
	uint32_t N0000546D;
	uint32_t N000041AF;
	uint32_t N0000546F;
	uint32_t N000041B0;
	uint32_t N00005471;
	uint32_t N000041B1;
	uint32_t N00005473;
	uint32_t N000041B2;
	uint32_t N00005475;
	uint32_t N000041B3;
	uint32_t N00005477;
	uint32_t N000041B4;
	uint32_t N00005479;
	uint32_t N000041B5;
	uint32_t N0000547B;
	uint32_t N000041B6;
	uint32_t N0000547D;
	uint32_t N000041B7;
	uint32_t N0000547F;
	uint32_t N000041B8;
	uint32_t N00005481;
	uint32_t N000041B9;
	uint32_t N00005483;
	uint32_t N000041BA;
	uint32_t N00005485;
	uint32_t N000041BB;
	uint32_t N00005487;
	uint32_t N000041BC;
	uint32_t N00005489;
	uint32_t N000041BD;
	uint32_t N0000548B;
	uint32_t N000041BE;
	uint32_t N0000548D;
	uint32_t N000041BF;
	uint32_t N0000548F;
	uint32_t N000041C0;
	uint32_t N00005491;
	uint32_t N000041C1;
	uint32_t N00005493;
	uint32_t N000041C2;
	uint32_t N00005495;
	uint32_t N000041C3;
	uint32_t N00005497;
	uint32_t N000041C4;
	uint32_t N00005499;
	uint32_t N000041C5;
	uint32_t N0000549B;
	uint32_t N000041C6;
	uint32_t N0000549D;
	uint32_t N000041C7;
	uint32_t N0000549F;
	uint32_t N000041C8;
	uint32_t N000054A1;
	uint32_t N000041C9;
	uint32_t N000054A3;
	uint32_t N000041CA;
	uint32_t N000054A5;
	uint32_t N000041CB;
	uint32_t N000054A7;
	uint32_t N000041CC;
	uint32_t N000054A9;
	uint32_t N000041CD;
	uint32_t N000054AB;
	uint32_t N000041CE;
	uint32_t N000054AD;
	uint32_t N000041CF;
	uint32_t N000054AF;
	uint32_t N000041D0;
	uint32_t N000054B1;
	uint32_t N000041D1;
	uint32_t N000054B3;
	uint32_t N000041D2;
	uint32_t N000054B5;
	uint32_t N000041D3;
	uint32_t N000054B7;
	uint32_t N000041D4;
	uint32_t N000054B9;
	uint32_t N000041D5;
	uint32_t N000054BB;
	uint32_t N000041D6;
	uint32_t N000054BD;
	uint32_t N000041D7;
	uint32_t N000054BF;
	uint32_t N000041D8;
	uint32_t N000054C1;
	uint32_t N000041D9;
	uint32_t N000054C3;
	uint32_t N000041DA;
	uint32_t N000054C5;
	uint32_t N000041DB;
	uint32_t N000054C7;
	uint32_t N000041DC;
	uint32_t N000054C9;
	uint32_t N000041DD;
	uint32_t N000054CB;
	uint32_t N000041DE;
	uint32_t N000054CD;
	uint32_t N000041DF;
	uint32_t N000054CF;
	uint32_t N000041E0;
	uint32_t N000054D1;
	uint32_t N000041E1;
	uint32_t N000054D3;
	uint32_t N000041E2;
	uint32_t N000054D5;
	uint32_t N000041E3;
	uint32_t N000054D7;
	uint32_t N000041E4;
	uint32_t N000054D9;
	uint32_t N000041E5;
	uint32_t N000054DB;
	uint32_t N000041E6;
	uint32_t N000054DD;
	uint32_t N000041E7;
	uint32_t N000054DF;
	uint32_t N000041E8;
	uint32_t N000054E1;
	uint32_t N000041E9;
	uint32_t N000054E3;
	uint32_t N000041EA;
	uint32_t N000054E5;
	uint32_t N000041EB;
	uint32_t N000054E7;
	uint32_t N000041EC;
	uint32_t N000054E9;
	uint32_t N000041ED;
	uint32_t N000054EB;
	uint32_t N000041EE;
	uint32_t N000054ED;
	uint32_t N000041EF;
	uint32_t N000054EF;
	uint32_t N000041F0;
	uint32_t N000054F1;
	uint32_t N000041F1;
	uint32_t N000054F3;
	uint32_t N000041F2;
	uint32_t N000054F5;
	uint32_t N000041F3;
	uint32_t N000054F7;
	uint32_t N000041F4;
	uint32_t N000054F9;
	uint32_t N000041F5;
	uint32_t N000054FB;
	uint32_t N000041F6;
	uint32_t N000054FD;
	uint32_t N000041F7;
	uint32_t N000054FF;
	uint32_t N000041F8;
	uint32_t N00005501;
	uint32_t N000041F9;
	uint32_t N00005503;
	uint32_t N000041FA;
	uint32_t N00005505;
	uint32_t N000041FB;
	uint32_t N00005507;
	uint32_t N000041FC;
	uint32_t N00005509;
	uint32_t N000041FD;
	uint32_t N0000550B;
	uint32_t N000041FE;
	uint32_t N0000550D;
	uint32_t N000041FF;
	uint32_t N0000550F;
	uint32_t N00004200;
	uint32_t N00005511;
	uint32_t N00004201;
	uint32_t N00005513;
	uint32_t N00004202;
	uint32_t N00005515;
	uint32_t N00004203;
	uint32_t N00005517;
	uint32_t N00004204;
	uint32_t N00005519;
	uint32_t N00004205;
	uint32_t N0000551B;
	uint32_t N00004206;
	uint32_t N0000551D;
	uint32_t N00004207;
	uint32_t N0000551F;
	uint32_t N00004208;
	uint32_t N00005521;
	uint32_t N00004209;
	uint32_t N00005523;
	uint32_t N0000420A;
	uint32_t N00005525;
	uint32_t N0000420B;
	uint32_t N00005527;
	uint32_t N0000420C;
	uint32_t N00005529;
	uint32_t N0000420D;
	uint32_t N0000552B;
	uint32_t N0000420E;
	uint32_t N0000552D;
	uint32_t N0000420F;
	uint32_t N0000552F;
	uint32_t N00004210;
	uint32_t N00005531;
	uint32_t N00004211;
	uint32_t N00005533;
	uint32_t N00004212;
	uint32_t N00005535;
	uint32_t N00004213;
	uint32_t N00005537;
	uint32_t N00004214;
	uint32_t N00005539;
	uint32_t N00004215;
	uint32_t N0000553B;
	uint32_t N00004216;
	uint32_t N0000553D;
	uint32_t N00004217;
	uint32_t N0000553F;
	uint32_t N00004218;
	uint32_t N00005541;
	uint32_t N00004219;
	uint32_t N00005543;
	uint32_t N0000421A;
	uint32_t N00005545;
	uint32_t N0000421B;
	uint32_t N00005547;
	uint32_t N0000421C;
	uint32_t N00005549;
	uint32_t N0000421D;
	uint32_t N0000554B;
	uint32_t N0000421E;
	uint32_t N0000554D;
	uint32_t N0000421F;
	uint32_t N0000554F;
	uint32_t N00004220;
	uint32_t N00005551;
	uint32_t N00004221;
	uint32_t N00005553;
	uint32_t N00004222;
	uint32_t N00005555;
	uint32_t N00004223;
	uint32_t N00005557;
	uint32_t N00004224;
	uint32_t N00005559;
	uint32_t N00004225;
	uint32_t N0000555B;
	uint32_t N00004226;
	uint32_t N0000555D;
	uint32_t N00004227;
	uint32_t N0000555F;
	uint32_t N00004228;
	uint32_t N00005561;
	uint32_t N00004229;
	uint32_t N00005563;
	uint32_t N0000422A;
	uint32_t N00005565;
	uint32_t N0000422B;
	uint32_t N00005567;
	uint32_t N0000422C;
	uint32_t N00005569;
	uint32_t N0000422D;
	uint32_t N0000556B;
	uint32_t N0000422E;
	uint32_t N0000556D;
	uint32_t N0000422F;
	uint32_t N0000556F;
	uint32_t N00004230;
	uint32_t N00005571;
	uint32_t N00004231;
	uint32_t N00005573;
	uint32_t N00004232;
	uint32_t N00005575;
	uint32_t N00004233;
	uint32_t N00005577;
	uint32_t N00004234;
	uint32_t N00005579;
	uint32_t N00004235;
	uint32_t N0000557B;
	uint32_t N00004236;
	uint32_t N0000557D;
	uint32_t N00004237;
	uint32_t N0000557F;
	uint32_t N00004238;
	uint32_t N00005581;
	uint32_t N00004239;
	uint32_t N00005583;
	uint32_t N0000423A;
	uint32_t N00005585;
	uint32_t N0000423B;
	uint32_t N00005587;
	uint32_t N0000423C;
	uint32_t N00005589;
	uint32_t N0000423D;
	uint32_t N0000558B;
	uint32_t N0000423E;
	uint32_t N0000558D;
	uint32_t N0000423F;
	uint32_t N0000558F;
	uint32_t N00004240;
	uint32_t N00005591;
	uint32_t N00004241;
	uint32_t N00005593;
	uint32_t N00004242;
	uint32_t N00005595;
	uint32_t N00004243;
	uint32_t N00005597;
	uint32_t N00004244;
	uint32_t N00005599;
	uint32_t N00004245;
	uint32_t N0000559B;
	uint32_t N00004246;
	uint32_t N0000559D;
	uint32_t N00004247;
	uint32_t N0000559F;
	uint32_t N00004248;
	uint32_t N000055A1;
	uint32_t N00004249;
	uint32_t N000055A3;
	uint32_t N0000424A;
	uint32_t N000055A5;
	uint32_t N0000424B;
	uint32_t N000055A7;
	uint32_t N0000424C;
	uint32_t N000055A9;
	uint32_t N0000424D;
	uint32_t N000055AB;
	uint32_t N0000424E;
	uint32_t N000055AD;
	uint32_t N0000424F;
	uint32_t N000055AF;
	uint32_t N00004250;
	uint32_t N000055B1;
	uint32_t N00004251;
	uint32_t N000055B3;
	uint32_t N00004252;
	uint32_t N000055B5;
	uint32_t N00004253;
	uint32_t N000055B7;
	uint32_t N00004254;
	uint32_t N000055B9;
	uint32_t N00004255;
	uint32_t N000055BB;
	uint32_t N00004256;
	uint32_t N000055BD;
	uint32_t N00004257;
	uint32_t N000055BF;
	uint32_t N00004258;
	uint32_t N000055C1;
	uint32_t N00004259;
	uint32_t N000055C3;
	uint32_t N0000425A;
	uint32_t N000055C5;
	uint32_t N0000425B;
	uint32_t N000055C7;
	uint32_t N0000425C;
	uint32_t N000055C9;
	uint32_t N0000425D;
	uint32_t N000055CB;
	uint32_t N0000425E;
	uint32_t N000055CD;
	uint32_t N0000425F;
	uint32_t N000055CF;
	uint32_t N00004260;
	uint32_t N000055D1;
	uint32_t N00004261;
	uint32_t N000055D3;
	uint32_t N00004262;
	uint32_t N000055D5;
	uint32_t N00004263;
	uint32_t N000055D7;
	uint32_t N00004264;
	uint32_t N000055D9;
	uint32_t N00004265;
	uint32_t N000055DB;
	uint32_t N00004266;
	uint32_t N000055DD;
	uint32_t N00004267;
	uint32_t N000055DF;
	uint32_t N00004268;
	uint32_t N000055E1;
	uint32_t N00004269;
	uint32_t N000055E3;
	uint32_t N0000426A;
	uint32_t N000055E5;
	uint32_t N0000426B;
	uint32_t N000055E7;
	uint32_t N0000426C;
	uint32_t N000055E9;
	uint32_t N0000426D;
	uint32_t N000055EB;
	uint32_t N0000426E;
	uint32_t N000055ED;
	uint32_t N0000426F;
	uint32_t N000055EF;
	uint32_t N00004270;
	uint32_t N000055F1;
	uint32_t N00004271;
	uint32_t N000055F3;
	uint32_t N00004272;
	uint32_t N000055F5;
	uint32_t N00004273;
	uint32_t N000055F7;
	uint32_t N00004274;
	uint32_t N000055F9;
	uint32_t N00004275;
	uint32_t N000055FB;
	uint32_t N00004276;
	uint32_t N000055FD;
	uint32_t N00004277;
	uint32_t N000055FF;
	uint32_t N00004278;
	uint32_t N00005601;
	uint32_t N00004279;
	uint32_t N00005603;
	uint32_t N0000427A;
	uint32_t N00005605;
	uint32_t N0000427B;
	uint32_t N00005607;
	uint32_t N0000427C;
	uint32_t N00005609;
	uint32_t N0000427D;
	uint32_t N0000560B;
	uint32_t N0000427E;
	uint32_t N0000560D;
	uint32_t N0000427F;
	uint32_t N0000560F;
	uint32_t N00004280;
	uint32_t N00005611;
	uint32_t N00004281;
	uint32_t N00005613;
	uint32_t N00004282;
	uint32_t N00005615;
	uint32_t N00004283;
	uint32_t N00005617;
	uint32_t N00004284;
	uint32_t N00005619;
	uint32_t N00004285;
	uint32_t N0000561B;
	uint32_t N00004286;
	uint32_t N0000561D;
	uint32_t N00004287;
	uint32_t N0000561F;
	uint32_t N00004288;
	uint32_t N00005621;
	uint32_t N00004289;
	uint32_t N00005623;
	uint32_t N0000428A;
	uint32_t N00005625;
	uint32_t N0000428B;
	uint32_t N00005627;
	uint32_t N0000428C;
	uint32_t N00005629;
	uint32_t N0000428D;
	uint32_t N0000562B;
	uint32_t N0000428E;
	uint32_t N0000562D;
	uint32_t N0000428F;
	uint32_t N0000562F;
	uint32_t N00004290;
	uint32_t N00005631;
	uint32_t N00004291;
	uint32_t N00005633;
	uint32_t N00004292;
	uint32_t N00005635;
	uint32_t N00004293;
	uint32_t N00005637;
	uint32_t N00004294;
	uint32_t N00005639;
	uint32_t N00004295;
	uint32_t N0000563B;
	uint32_t N00004296;
	uint32_t N0000563D;
	uint32_t N00004297;
	uint32_t N0000563F;
	uint32_t N00004298;
	uint32_t N00005641;
	uint32_t N00004299;
	uint32_t N00005643;
	uint32_t N0000429A;
	uint32_t N00005645;
	uint32_t N0000429B;
	uint32_t N00005647;
	uint32_t N0000429C;
	uint32_t N00005649;
	uint32_t N0000429D;
	uint32_t N0000564B;
	uint32_t N0000429E;
	uint32_t N0000564D;
	uint32_t N0000429F;
	uint32_t N0000564F;
	uint32_t N000042A0;
	uint32_t N00005651;
	uint32_t N000042A1;
	uint32_t N00005653;
	uint32_t N000042A2;
	uint32_t N00005655;
	uint32_t N000042A3;
	uint32_t N00005657;
	uint32_t N000042A4;
	uint32_t N00005659;
	uint32_t N000042A5;
	uint32_t N0000565B;
	uint32_t N000042A6;
	uint32_t N0000565D;
	uint32_t N000042A7;
	uint32_t N0000565F;
	uint32_t N000042A8;
	uint32_t N00005661;
	uint32_t N000042A9;
	uint32_t N00005663;
	uint32_t N000042AA;
	uint32_t N00005665;
	uint32_t N000042AB;
	uint32_t N00005667;
	uint32_t N000042AC;
	uint32_t N00005669;
	uint32_t N000042AD;
	uint32_t N0000566B;
	uint32_t N000042AE;
	uint32_t N0000566D;
	uint32_t N000042AF;
	uint32_t N0000566F;
	uint32_t N000042B0;
	uint32_t N00005671;
	uint32_t N000042B1;
	uint32_t N00005673;
	uint32_t N000042B2;
	uint32_t N00005675;
	uint32_t N000042B3;
	uint32_t N00005677;
	uint32_t N000042B4;
	uint32_t N00005679;
	uint32_t N000042B5;
	uint32_t N0000567B;
	uint32_t N000042B6;
	uint32_t N0000567D;
	uint32_t N000042B7;
	uint32_t N0000567F;
	uint32_t N000042B8;
	uint32_t N00005681;
	uint32_t N000042B9;
	uint32_t N00005683;
	uint32_t N000042BA;
	uint32_t N00005685;
	uint32_t N000042BB;
	uint32_t N00005687;
	uint32_t N000042BC;
	uint32_t N00005689;
	uint32_t N000042BD;
	uint32_t N0000568B;
	uint32_t N000042BE;
	uint32_t N0000568D;
	uint32_t N000042BF;
	uint32_t N0000568F;
	uint32_t N000042C0;
	uint32_t N00005691;
	uint32_t N000042C1;
	uint32_t N00005693;
	uint32_t N000042C2;
	uint32_t N00005695;
	uint32_t N000042C3;
	uint32_t N00005697;
	uint32_t N000042C4;
	uint32_t N00005699;
	uint32_t N000042C5;
	uint32_t N0000569B;
	uint32_t N000042C6;
	uint32_t N0000569D;
	uint32_t N000042C7;
	uint32_t N0000569F;
	uint32_t N000042C8;
	uint32_t N000056A1;
	uint32_t N000042C9;
	uint32_t N000056A3;
	uint32_t N000042CA;
	uint32_t N000056A5;
	uint32_t N000042CB;
	uint32_t N000056A7;
	uint32_t N000042CC;
	uint32_t N000056A9;
	uint32_t N000042CD;
	uint32_t N000056AB;
	uint32_t N000042CE;
	uint32_t N000056AD;
	uint32_t N000042CF;
	uint32_t N000056AF;
	uint32_t N000042D0;
	uint32_t N000056B1;
	uint32_t N000042D1;
	uint32_t N000056B3;
	uint32_t N000042D2;
	uint32_t N000056B5;
	uint32_t N000042D3;
	uint32_t N000056B7;
	uint32_t N000042D4;
	uint32_t N000056B9;
	uint32_t N000042D5;
	uint32_t N000056BB;
	uint32_t N000042D6;
	uint32_t N000056BD;
	uint32_t N000042D7;
	uint32_t N000056BF;
	uint32_t N000042D8;
	uint32_t N000056C1;
	uint32_t N000042D9;
	uint32_t N000056C3;
	uint32_t N000042DA;
	uint32_t N000056C5;
	uint32_t N000042DB;
	uint32_t N000056C7;
	uint32_t N000042DC;
	uint32_t N000056C9;
	uint32_t N000042DD;
	uint32_t N000056CB;
	uint32_t N000042DE;
	uint32_t N000056CD;
	uint32_t N000042DF;
	uint32_t N000056CF;
	uint32_t N000042E0;
	uint32_t N000056D1;
	uint32_t N000042E1;
	uint32_t N000056D3;
	uint32_t N000042E2;
	uint32_t N000056D5;
	uint32_t N000042E3;
	uint32_t N000056D7;
	uint32_t N000042E4;
	uint32_t N000056D9;
	uint32_t N000042E5;
	uint32_t N000056DB;
	uint32_t N000042E6;
	uint32_t N000056DD;
	uint32_t N000042E7;
	uint32_t N000056DF;
	uint32_t N000042E8;
	uint32_t N000056E1;
	uint32_t N000042E9;
	uint32_t N000056E3;
	uint32_t N000042EA;
	uint32_t N000056E5;
	uint32_t N000042EB;
	uint32_t N000056E7;
	uint32_t N000042EC;
	uint32_t N000056E9;
	uint32_t N000042ED;
	uint32_t N000056EB;
	uint32_t N000042EE;
	uint32_t N000056ED;
	uint32_t N000042EF;
	uint32_t N000056EF;
	uint32_t N000042F0;
	uint32_t N000056F1;
	uint32_t N000042F1;
	uint32_t N000056F3;
	uint32_t N000042F2;
	uint32_t N000056F5;
	uint32_t N000042F3;
	uint32_t N000056F7;
	uint32_t N000042F4;
	uint32_t N000056F9;
	uint32_t N000042F5;
	uint32_t N000056FB;
	uint32_t N000042F6;
	uint32_t N000056FD;
	uint32_t N000042F7;
	uint32_t N000056FF;
	uint32_t N000042F8;
	uint32_t N00005701;
	uint32_t N000042F9;
	uint32_t N00005703;
	uint32_t N000042FA;
	uint32_t N00005705;
	uint32_t N000042FB;
	uint32_t N00005707;
	uint32_t N000042FC;
	uint32_t N00005709;
	uint32_t N000042FD;
	uint32_t N0000570B;
	uint32_t N000042FE;
	uint32_t N0000570D;
	uint32_t N000042FF;
	uint32_t N0000570F;
	uint32_t N00004300;
	uint32_t N00005711;
	uint32_t N00004301;
	uint32_t N00005713;
	uint32_t N00004302;
	uint32_t N00005715;
	uint32_t N00004303;
	uint32_t N00005717;
	uint32_t N00004304;
	uint32_t N00005719;
	uint32_t N00004305;
	uint32_t N0000571B;
	uint32_t N00004306;
	uint32_t N0000571D;
	uint32_t N00004307;
	uint32_t N0000571F;
	uint32_t N00004308;
	uint32_t N00005721;
	uint32_t N00004309;
	uint32_t N00005723;
	uint32_t N0000430A;
	uint32_t N00005725;
	uint32_t N0000430B;
	uint32_t N00005727;
	uint32_t N0000430C;
	uint32_t N00005729;
	uint32_t N0000430D;
	uint32_t N0000572B;
	uint32_t N0000430E;
	uint32_t N0000572D;
	uint32_t N0000430F;
	uint32_t N0000572F;
	uint32_t N00004310;
	uint32_t N00005731;
	uint32_t N00004311;
	uint32_t N00005733;
	uint32_t N00004312;
	uint32_t N00005735;
	uint32_t N00004313;
	uint32_t N00005737;
	uint32_t N00004314;
	uint32_t N00005739;
	uint32_t N00004315;
	uint32_t N0000573B;
	uint32_t N00004316;
	uint32_t N0000573D;
	uint32_t N00004317;
	uint32_t N0000573F;
	uint32_t N00004318;
	uint32_t N00005741;
	uint32_t N00004319;
	uint32_t N00005743;
	uint32_t N0000431A;
	uint32_t N00005745;
	uint32_t N0000431B;
	uint32_t N00005747;
	uint32_t N0000431C;
	uint32_t N00005749;
	uint32_t N0000431D;
	uint32_t N0000574B;
	uint32_t N0000431E;
	uint32_t N0000574D;
	uint32_t N0000431F;
	uint32_t N0000574F;
	uint32_t N00004320;
	uint32_t N00005751;
	uint32_t N00004321;
	uint32_t N00005753;
	uint32_t N00004322;
	uint32_t N00005755;
	uint32_t N00004323;
	uint32_t N00005757;
	uint32_t N00004324;
	uint32_t N00005759;
	uint32_t N00004325;
	uint32_t N0000575B;
	uint32_t N00004326;
	uint32_t N0000575D;
	uint32_t N00004327;
	uint32_t N0000575F;
	uint32_t N00004328;
	uint32_t N00005761;
	uint32_t N00004329;
	uint32_t N00005763;
	uint32_t N0000432A;
	uint32_t N00005765;
	uint32_t N0000432B;
	uint32_t N00005767;
	uint32_t N0000432C;
	uint32_t N00005769;
	uint32_t N0000432D;
	uint32_t N0000576B;
	uint32_t N0000432E;
	uint32_t N0000576D;
	uint32_t N0000432F;
	uint32_t N0000576F;
	uint32_t N00004330;
	uint32_t N00005771;
	uint32_t N00004331;
	uint32_t N00005773;
	uint32_t N00004332;
	uint32_t N00005775;
	uint32_t N00004333;
	uint32_t N00005777;
	uint32_t N00004334;
	uint32_t N00005779;
	uint32_t N00004335;
	uint32_t N0000577B;
	uint32_t N00004336;
	uint32_t N0000577D;
	uint32_t N00004337;
	uint32_t N0000577F;
	uint32_t N00004338;
	uint32_t N00005781;
	uint32_t N00004339;
	uint32_t N00005783;
	uint32_t N0000433A;
	uint32_t N00005785;
	uint32_t N0000433B;
	uint32_t N00005787;
	uint32_t N0000433C;
	uint32_t N00005789;
	uint32_t N0000433D;
	uint32_t N0000578B;
	uint32_t N0000433E;
	uint32_t N0000578D;
	uint32_t N0000433F;
	uint32_t N0000578F;
	uint32_t N00004340;
	uint32_t N00005791;
	uint32_t N00004341;
	uint32_t N00005793;
	uint32_t N00004342;
	uint32_t N00005795;
	uint32_t N00004343;
	uint32_t N00005797;
	uint32_t N00004344;
	uint32_t N00005799;
	uint32_t N00004345;
	uint32_t N0000579B;
	uint32_t N00004346;
	uint32_t N0000579D;
	uint32_t N00004347;
	uint32_t N0000579F;
	uint32_t N00004348;
	uint32_t N000057A1;
	uint32_t N00004349;
	uint32_t N000057A3;
	uint32_t N0000434A;
	uint32_t N000057A5;
	uint32_t N0000434B;
	uint32_t N000057A7;
	uint32_t N0000434C;
	uint32_t N000057A9;
	uint32_t N0000434D;
	uint32_t N000057AB;
	uint32_t N0000434E;
	uint32_t N000057AD;
	uint32_t N0000434F;
	uint32_t N000057AF;
	uint32_t N00004350;
	uint32_t N000057B1;
	uint32_t N00004351;
	uint32_t N000057B3;
	uint32_t N00004352;
	uint32_t N000057B5;
	uint32_t N00004353;
	uint32_t N000057B7;
	uint32_t N00004354;
	uint32_t N000057B9;
	uint32_t N00004355;
	uint32_t N000057BB;
	uint32_t N00004356;
	uint32_t N000057BD;
	uint32_t N00004357;
	uint32_t N000057BF;
	uint32_t N00004358;
	uint32_t N000057C1;
	uint32_t N00004359;
	uint32_t N000057C3;
	uint32_t N0000435A;
	uint32_t N000057C5;
	uint32_t N0000435B;
	uint32_t N000057C7;
	uint32_t N0000435C;
	uint32_t N000057C9;
	uint32_t N0000435D;
	uint32_t N000057CB;
	uint32_t N0000435E;
	uint32_t N000057CD;
	uint32_t N0000435F;
	uint32_t N000057CF;
	uint32_t N00004360;
	uint32_t N000057D1;
	uint32_t N00004361;
	uint32_t N000057D3;
	uint32_t N00004362;
	uint32_t N000057D5;
	uint32_t N00004363;
	uint32_t N000057D7;
	uint32_t N00004364;
	uint32_t N000057D9;
	uint32_t N00004365;
	uint32_t N000057DB;
	uint32_t N00004366;
	uint32_t N000057DD;
	uint32_t N00004367;
	uint32_t N000057DF;
	uint32_t N00004368;
	uint32_t N000057E1;
	uint32_t N00004369;
	uint32_t N000057E3;
	uint32_t N0000436A;
	uint32_t N000057E5;
	uint32_t N0000436B;
	uint32_t N000057E7;
	uint32_t N0000436C;
	uint32_t N000057E9;
	uint32_t N0000436D;
	uint32_t N000057EB;
	uint32_t N0000436E;
	uint32_t N000057ED;
	uint32_t N0000436F;
	uint32_t N000057EF;
	uint32_t N00004370;
	uint32_t N000057F1;
	uint32_t N00004371;
	uint32_t N000057F3;
	uint32_t N00004372;
	uint32_t N000057F5;
	uint32_t N00004373;
	uint32_t N000057F7;
	uint32_t N00004374;
	uint32_t N000057F9;
	uint32_t N00004375;
	uint32_t N000057FB;
	uint32_t N00004376;
	uint32_t N000057FD;
	uint32_t N00004377;
	uint32_t N000057FF;
	uint32_t N00004378;
	uint32_t N00005801;
	uint32_t N00004379;
	uint32_t N00005803;
	uint32_t N0000437A;
	uint32_t N00005805;
	uint32_t N0000437B;
	uint32_t N00005807;
	uint32_t N0000437C;
	uint32_t N00005809;
	uint32_t N0000437D;
	uint32_t N0000580B;
	uint32_t N0000437E;
	uint32_t N0000580D;
	uint32_t N0000437F;
	uint32_t N0000580F;
	uint32_t N00004380;
	uint32_t N00005811;
	uint32_t N00004381;
	uint32_t N00005813;
	uint32_t N00004382;
	uint32_t N00005815;
	uint32_t N00004383;
	uint32_t N00005817;
	uint32_t N00004384;
	uint32_t N00005819;
	uint32_t N00004385;
	uint32_t N0000581B;
	uint32_t N00004386;
	uint32_t N0000581D;
	uint32_t N00004387;
	uint32_t N0000581F;
	uint32_t N00004388;
	uint32_t N00005821;
	uint32_t N00004389;
	uint32_t N00005823;
	uint32_t N0000438A;
	uint32_t N00005825;
	uint32_t N0000438B;
	uint32_t N00005827;
	uint32_t N0000438C;
	uint32_t N00005829;
	uint32_t N0000438D;
	uint32_t N0000582B;
	uint32_t N0000438E;
	uint32_t N0000582D;
	uint32_t N0000438F;
	uint32_t N0000582F;
	uint32_t N00004390;
	uint32_t N00005831;
	uint32_t N00004391;
	uint32_t N00005833;
	uint32_t N00004392;
	uint32_t N00005835;
	uint32_t N00004393;
	uint32_t N00005837;
	uint32_t N00004394;
	uint32_t N00005839;
	uint32_t N00004395;
	uint32_t N0000583B;
	uint32_t N00004396;
	uint32_t N0000583D;
	uint32_t N00004397;
	uint32_t N0000583F;
	uint32_t N00004398;
	uint32_t N00005841;
	uint32_t N00004399;
	uint32_t N00005843;
	uint32_t N0000439A;
	uint32_t N00005845;
	uint32_t N0000439B;
	uint32_t N00005847;
	uint32_t N0000439C;
	uint32_t N00005849;
	uint32_t N0000439D;
	uint32_t N0000584B;
	uint32_t N0000439E;
	uint32_t N0000584D;
	uint32_t N0000439F;
	uint32_t N0000584F;
	uint32_t N000043A0;
	uint32_t N00005851;
	uint32_t N000043A1;
	uint32_t N00005853;
	uint32_t N000043A2;
	uint32_t N00005855;
	uint32_t N000043A3;
	uint32_t N00005857;
	uint32_t N000043A4;
	uint32_t N00005859;
	uint32_t N000043A5;
	uint32_t N0000585B;
	uint32_t N000043A6;
	uint32_t N0000585D;
	uint32_t N000043A7;
	uint32_t N0000585F;
	uint32_t N000043A8;
	uint32_t N00005861;
	uint32_t N000043A9;
	uint32_t N00005863;
	uint32_t N000043AA;
	uint32_t N00005865;
	uint32_t N000043AB;
	uint32_t N00005867;
	uint32_t N000043AC;
	uint32_t N00005869;
	uint32_t N000043AD;
	uint32_t N0000586B;
	uint32_t N000043AE;
	uint32_t N0000586D;
	uint32_t N000043AF;
	uint32_t N0000586F;
	uint32_t N000043B0;
	uint32_t N00005871;
	uint32_t N000043B1;
	uint32_t N00005873;
	uint32_t N000043B2;
	uint32_t N00005875;
	uint32_t N000043B3;
	uint32_t N00005877;
	uint32_t N000043B4;
	uint32_t N00005879;
	uint32_t N000043B5;
	uint32_t N0000587B;
	uint32_t N000043B6;
	uint32_t N0000587D;
	uint32_t N000043B7;
	uint32_t N0000587F;
	uint32_t N000043B8;
	uint32_t N00005881;
	uint32_t N000043B9;
	uint32_t N00005883;
	uint32_t N000043BA;
	uint32_t N00005885;
	uint32_t N000043BB;
	uint32_t N00005887;
	uint32_t N000043BC;
	uint32_t N00005889;
	uint32_t N000043BD;
	uint32_t N0000588B;
	uint32_t N000043BE;
	uint32_t N0000588D;
	uint32_t N000043BF;
	uint32_t N0000588F;
	uint32_t N000043C0;
	uint32_t N00005891;
	uint32_t N000043C1;
	uint32_t N00005893;
	uint32_t N000043C2;
	uint32_t N00005895;
	uint32_t N000043C3;
	uint32_t N00005897;
	uint32_t N000043C4;
	uint32_t N00005899;
	uint32_t N000043C5;
	uint32_t N0000589B;
	uint32_t N000043C6;
	uint32_t N0000589D;
	uint32_t N000043C7;
	uint32_t N0000589F;
	uint32_t N000043C8;
	uint32_t N000058A1;
	uint32_t N000043C9;
	uint32_t N000058A3;
	uint32_t N000043CA;
	uint32_t N000058A5;
	uint32_t N000043CB;
	uint32_t N000058A7;
	uint32_t N000043CC;
	uint32_t N000058A9;
	uint32_t N000043CD;
	uint32_t N000058AB;
	uint32_t N000043CE;
	uint32_t N000058AD;
	uint32_t N000043CF;
	uint32_t N000058AF;
	uint32_t N000043D0;
	uint32_t N000058B1;
	uint32_t N000043D1;
	uint32_t N000058B3;
	uint32_t N000043D2;
	uint32_t N000058B5;
	uint32_t N000043D3;
	uint32_t N000058B7;
	uint32_t N000043D4;
	uint32_t N000058B9;
	uint32_t N000043D5;
	uint32_t N000058BB;
	uint32_t N000043D6;
	uint32_t N000058BD;
	uint32_t N000043D7;
	uint32_t N000058BF;
	uint32_t N000043D8;
	uint32_t N000058C1;
	uint32_t N000043D9;
	uint32_t N000058C3;
	uint32_t N000043DA;
	uint32_t N000058C5;
	uint32_t N000043DB;
	uint32_t N000058C7;
	uint32_t N000043DC;
	uint32_t N000058C9;
	uint32_t N000043DD;
	uint32_t N000058CB;
	uint32_t N000043DE;
	uint32_t N000058CD;
	uint32_t N000043DF;
	uint32_t N000058CF;
	uint32_t N000043E0;
	uint32_t N000058D1;
	uint32_t N000043E1;
	uint32_t N000058D3;
	uint32_t N000043E2;
	uint32_t N000058D5;
	uint32_t N000043E3;
	uint32_t N000058D7;
	uint32_t N000043E4;
	uint32_t N000058D9;
	uint32_t N000043E5;
	uint32_t N000058DB;
	uint32_t N000043E6;
	uint32_t N000058DD;
	uint32_t N000043E7;
	uint32_t N000058DF;
	uint32_t N000043E8;
	uint32_t N000058E1;
	uint32_t N000043E9;
	uint32_t N000058E3;
	uint32_t N000043EA;
	uint32_t N000058E5;
	uint32_t N000043EB;
	uint32_t N000058E7;
	uint32_t N000043EC;
	uint32_t N000058E9;
	uint32_t N000043ED;
	uint32_t N000058EB;
	uint32_t N000043EE;
	uint32_t N000058ED;
	uint32_t N000043EF;
	uint32_t N000058EF;
	uint32_t N000043F0;
	uint32_t N000058F1;
	uint32_t N000043F1;
	uint32_t N000058F3;
	uint32_t N000043F2;
	uint32_t N000058F5;
	uint32_t N000043F3;
	uint32_t N000058F7;
	uint32_t N000043F4;
	uint32_t N000058F9;
	uint32_t N000043F5;
	uint32_t N000058FB;
	uint32_t N000043F6;
	uint32_t N000058FD;
	uint32_t N000043F7;
	uint32_t N000058FF;
	uint32_t N000043F8;
	uint32_t N00005901;
	uint32_t N000043F9;
	uint32_t N00005903;
	uint32_t N000043FA;
	uint32_t N00005905;
	uint32_t N000043FB;
	uint32_t N00005907;
	uint32_t N000043FC;
	uint32_t N00005909;
	uint32_t N000043FD;
	uint32_t N0000590B;
	uint32_t N000043FE;
	uint32_t N0000590D;
	uint32_t N000043FF;
	uint32_t N0000590F;
	uint32_t N00004400;
	uint32_t N00005911;
	uint32_t N00004401;
	uint32_t N00005913;
	uint32_t N00004402;
	uint32_t N00005915;
	uint32_t N00004403;
	uint32_t N00005917;
	uint32_t N00004404;
	uint32_t N00005919;
	uint32_t N00004405;
	uint32_t N0000591B;
	uint32_t N00004406;
	uint32_t N0000591D;
	uint32_t N00004407;
	uint32_t N0000591F;
	uint32_t N00004408;
	uint32_t N00005921;
	uint32_t N00004409;
	uint32_t N00005923;
	uint32_t N0000440A;
	uint32_t N00005925;
	uint32_t N0000440B;
	uint32_t N00005927;
	uint32_t N0000440C;
	uint32_t N00005929;
	uint32_t N0000440D;
	uint32_t N0000592B;
	uint32_t N0000440E;
	uint32_t N0000592D;
	uint32_t N0000440F;
	uint32_t N0000592F;
	uint32_t N00004410;
	uint32_t N00005931;
	uint32_t N00004411;
	uint32_t N00005933;
	uint32_t N00004412;
	uint32_t N00005935;
	uint32_t N00004413;
	uint32_t N00005937;
	uint32_t N00004414;
	uint32_t N00005939;
	uint32_t N00004415;
	uint32_t N0000593B;
	uint32_t N00004416;
	uint32_t N0000593D;
	uint32_t N00004417;
	uint32_t N0000593F;
	uint32_t N00004418;
	uint32_t N00005941;
	uint32_t N00004419;
	uint32_t N00005943;
	uint32_t N0000441A;
	uint32_t N00005945;
	uint32_t N0000441B;
	uint32_t N00005947;
	uint32_t N0000441C;
	uint32_t N00005949;
	uint32_t N0000441D;
	uint32_t N0000594B;
	uint32_t N0000441E;
	uint32_t N0000594D;
	uint32_t N0000441F;
	uint32_t N0000594F;
	uint32_t N00004420;
	uint32_t N00005951;
	uint32_t N00004421;
	uint32_t N00005953;
	uint32_t N00004422;
	uint32_t N00005955;
	uint32_t N00004423;
	uint32_t N00005957;
	uint32_t N00004424;
	uint32_t N00005959;
	uint32_t N00004425;
	uint32_t N0000595B;
	uint32_t N00004426;
	uint32_t N0000595D;
	uint32_t N00004427;
	uint32_t N0000595F;
	uint32_t N00004428;
	uint32_t N00005961;
	uint32_t N00004429;
	uint32_t N00005963;
	uint32_t N0000442A;
	uint32_t N00005965;
	uint32_t N0000442B;
	uint32_t N00005967;
	uint32_t N0000442C;
	uint32_t N00005969;
	uint32_t N0000442D;
	uint32_t N0000596B;
	uint32_t N0000442E;
	uint32_t N0000596D;
	uint32_t N0000442F;
	uint32_t N0000596F;
	uint32_t N00004430;
	uint32_t N00005971;
	uint32_t N00004431;
	uint32_t N00005973;
	uint32_t N00004432;
	uint32_t N00005975;
	uint32_t N00004433;
	uint32_t N00005977;
	uint32_t N00004434;
	uint32_t N00005979;
	uint32_t N00004435;
	uint32_t N0000597B;
	uint32_t N00004436;
	uint32_t N0000597D;
	uint32_t N00004437;
	uint32_t N0000597F;
	uint32_t N00004438;
	uint32_t N00005981;
	uint32_t N00004439;
	uint32_t N00005983;
	uint32_t N0000443A;
	uint32_t N00005985;
	uint32_t N0000443B;
	uint32_t N00005987;
	uint32_t N0000443C;
	uint32_t N00005989;
	uint32_t N0000443D;
	uint32_t N0000598B;
	uint32_t N0000443E;
	uint32_t N0000598D;
	uint32_t N0000443F;
	uint32_t N0000598F;
	uint32_t N00004440;
	uint32_t N00005991;
	uint32_t N00004441;
	uint32_t N00005993;
	uint32_t N00004442;
	uint32_t N00005995;
	uint32_t N00004443;
	uint32_t N00005997;
	uint32_t N00004444;
	uint32_t N00005999;
	uint32_t N00004445;
	uint32_t N0000599B;
	uint32_t N00004446;
	uint32_t N0000599D;
	uint32_t N00004447;
	uint32_t N0000599F;
	uint32_t N00004448;
	uint32_t N000059A1;
	uint32_t N00004449;
	uint32_t N000059A3;
	uint32_t N0000444A;
	uint32_t N000059A5;
	uint32_t N0000444B;
	uint32_t N000059A7;
	uint32_t N0000444C;
	uint32_t N000059A9;
	uint32_t N0000444D;
	uint32_t N000059AB;
	uint32_t N0000444E;
	uint32_t N000059AD;
	uint32_t N0000444F;
	uint32_t N000059AF;
	uint32_t N00004450;
	uint32_t N000059B1;
	uint32_t N00004451;
	uint32_t N000059B3;
	uint32_t N00004452;
	uint32_t N000059B5;
	uint32_t N00004453;
	uint32_t N000059B7;
	uint32_t N00004454;
	uint32_t N000059B9;
	uint32_t N00004455;
	uint32_t N000059BB;
	uint32_t N00004456;
	uint32_t N000059BD;
	uint32_t N00004457;
	uint32_t N000059BF;
	uint32_t N00004458;
	uint32_t N000059C1;
	uint32_t N00004459;
	uint32_t N000059C3;
	uint32_t N0000445A;
	uint32_t N000059C5;
	uint32_t N0000445B;
	uint32_t N000059C7;
	uint32_t N0000445C;
	uint32_t N000059C9;
	uint32_t N0000445D;
	uint32_t N000059CB;
	uint32_t N0000445E;
	uint32_t N000059CD;
	uint32_t N0000445F;
	uint32_t N000059CF;
	uint32_t N00004460;
	uint32_t N000059D1;
	uint32_t N00004461;
	uint32_t N000059D3;
	uint32_t N00004462;
	uint32_t N000059D5;
	uint32_t N00004463;
	uint32_t N000059D7;
	uint32_t N00004464;
	uint32_t N000059D9;
	uint32_t N00004465;
	uint32_t N000059DB;
	uint32_t N00004466;
	uint32_t N000059DD;
	uint32_t N00004467;
	uint32_t N000059DF;
	uint32_t N00004468;
	uint32_t N000059E1;
	uint32_t N00004469;
	uint32_t N000059E3;
	uint32_t N0000446A;
	uint32_t N000059E5;
	uint32_t N0000446B;
	uint32_t N000059E7;
	uint32_t N0000446C;
	uint32_t N000059E9;
	uint32_t N0000446D;
	uint32_t N000059EB;
	uint32_t N0000446E;
	uint32_t N000059ED;
	uint32_t N0000446F;
	uint32_t N000059EF;
	uint32_t N00004470;
	uint32_t N000059F1;
	uint32_t N00004471;
	uint32_t N000059F3;
	uint32_t N00004472;
	uint32_t N000059F5;
	uint32_t N00004473;
	uint32_t N000059F7;
	uint32_t N00004474;
	uint32_t N000059F9;
	uint32_t N00004475;
	uint32_t N000059FB;
	uint32_t N00004476;
	uint32_t N000059FD;
	uint32_t N00004477;
	uint32_t N000059FF;
	uint32_t N00004478;
	uint32_t N00005A01;
	uint32_t N00004479;
	uint32_t N00005A03;
	uint32_t N0000447A;
	uint32_t N00005A05;
	uint32_t N0000447B;
	uint32_t N00005A07;
	uint32_t N0000447C;
	uint32_t N00005A09;
	uint32_t N0000447D;
	uint32_t N00005A0B;
	uint32_t N0000447E;
	uint32_t N00005A0D;
	uint32_t N0000447F;
	uint32_t N00005A0F;
	uint32_t N00004480;
	uint32_t N00005A11;
	uint32_t N00004481;
	uint32_t N00005A13;
	uint32_t N00004482;
	uint32_t N00005A15;
	uint32_t N00004483;
	uint32_t N00005A17;
	uint32_t N00004484;
	uint32_t N00005A19;
	uint32_t N00004485;
	uint32_t N00005A1B;
	uint32_t N00004486;
	uint32_t N00005A1D;
	uint32_t N00004487;
	uint32_t N00005A1F;
	uint32_t N00004488;
	uint32_t N00005A21;
	uint32_t N00004489;
	uint32_t N00005A23;
	uint32_t N0000448A;
	uint32_t N00005A25;
	uint32_t N0000448B;
	uint32_t N00005A27;
	uint32_t N0000448C;
	uint32_t N00005A29;
	uint32_t N0000448D;
	uint32_t N00005A2B;
	uint32_t N0000448E;
	uint32_t N00005A2D;
	uint32_t N0000448F;
	uint32_t N00005A2F;
	uint32_t N00004490;
	uint32_t N00005A31;
	uint32_t N00004491;
	uint32_t N00005A33;
	uint32_t N00004492;
	uint32_t N00005A35;
	uint32_t N00004493;
	uint32_t N00005A37;
	uint32_t N00004494;
	uint32_t N00005A39;
	uint32_t N00004495;
	uint32_t N00005A3B;
	uint32_t N00004496;
	uint32_t N00005A3D;
	uint32_t N00004497;
	uint32_t N00005A3F;
	uint32_t N00004498;
	uint32_t N00005A41;
	uint32_t N00004499;
	uint32_t N00005A43;
	uint32_t N0000449A;
	uint32_t N00005A45;
	uint32_t N0000449B;
	uint32_t N00005A47;
	uint32_t N0000449C;
	uint32_t N00005A49;
	uint32_t N0000449D;
	uint32_t N00005A4B;
	uint32_t N0000449E;
	uint32_t N00005A4D;
	uint32_t N0000449F;
	uint32_t N00005A4F;
	uint32_t N000044A0;
	uint32_t N00005A51;
	uint32_t N000044A1;
	uint32_t N00005A53;
	uint32_t N000044A2;
	uint32_t N00005A55;
	uint32_t N000044A3;
	uint32_t N00005A57;
	uint32_t N000044A4;
	uint32_t N00005A59;
	uint32_t N000044A5;
	uint32_t N00005A5B;
	uint32_t N000044A6;
	uint32_t N00005A5D;
	uint32_t N000044A7;
	uint32_t N00005A5F;
	uint32_t N000044A8;
	uint32_t N00005A61;
	uint32_t N000044A9;
	uint32_t N00005A63;
	uint32_t N000044AA;
	uint32_t N00005A65;
	uint32_t N000044AB;
	uint32_t N00005A67;
	uint32_t N000044AC;
	uint32_t N00005A69;
	uint32_t N000044AD;
	uint32_t N00005A6B;
	uint32_t N000044AE;
	uint32_t N00005A6D;
	uint32_t N000044AF;
	uint32_t N00005A6F;
	uint32_t N000044B0;
	uint32_t N00005A71;
	uint32_t N000044B1;
	uint32_t N00005A73;
	uint32_t N000044B2;
	uint32_t N00005A75;
	uint32_t N000044B3;
	uint32_t N00005A77;
	uint32_t N000044B4;
	uint32_t N00005A79;
	uint32_t N000044B5;
	uint32_t N00005A7B;
	uint32_t N000044B6;
	uint32_t N00005A7D;
	uint32_t N000044B7;
	uint32_t N00005A7F;
	uint32_t N000044B8;
	uint32_t N00005A81;
	uint32_t N000044B9;
	uint32_t N00005A83;
	uint32_t N000044BA;
	uint32_t N00005A85;
	uint32_t N000044BB;
	uint32_t N00005A87;
	uint32_t N000044BC;
	uint32_t N00005A89;
	uint32_t N000044BD;
	uint32_t N00005A8B;
	uint32_t N000044BE;
	uint32_t N00005A8D;
	uint32_t N000044BF;
	uint32_t N00005A8F;
	uint32_t N000044C0;
	uint32_t N00005A91;
	uint32_t N000044C1;
	uint32_t N00005A93;
	uint32_t N000044C2;
	uint32_t N00005A95;
	uint32_t N000044C3;
	uint32_t N00005A97;
	uint32_t N000044C4;
	uint32_t N00005A99;
	uint32_t N000044C5;
	uint32_t N00005A9B;
	uint32_t N000044C6;
	uint32_t N00005A9D;
	uint32_t N000044C7;
	uint32_t N00005A9F;
	uint32_t N000044C8;
	uint32_t N00005AA1;
	uint32_t N000044C9;
	uint32_t N00005AA3;
	uint32_t N000044CA;
	uint32_t N00005AA5;
	uint32_t N000044CB;
	uint32_t N00005AA7;
	uint32_t N000044CC;
	uint32_t N00005AA9;
	uint32_t N000044CD;
	uint32_t N00005AAB;
	uint32_t N000044CE;
	uint32_t N00005AAD;
	uint32_t N000044CF;
	uint32_t N00005AAF;
	uint32_t N000044D0;
	uint32_t N00005AB1;
	uint32_t N000044D1;
	uint32_t N00005AB3;
	uint32_t N000044D2;
	uint32_t N00005AB5;
	uint32_t N000044D3;
	uint32_t N00005AB7;
	uint32_t N000044D4;
	uint32_t N00005AB9;
	uint32_t N000044D5;
	uint32_t N00005ABB;
	uint32_t N000044D6;
	uint32_t N00005ABD;
	uint32_t N000044D7;
	uint32_t N00005ABF;
	uint32_t N000044D8;
	uint32_t N00005AC1;
	uint32_t N000044D9;
	uint32_t N00005AC3;
	uint32_t N000044DA;
	uint32_t N00005AC5;
	uint32_t N000044DB;
	uint32_t N00005AC7;
	uint32_t N000044DC;
	uint32_t N00005AC9;
	uint32_t N000044DD;
	uint32_t N00005ACB;
	uint32_t N000044DE;
	uint32_t N00005ACD;
	uint32_t N000044DF;
	uint32_t N00005ACF;
	uint32_t N000044E0;
	uint32_t N00005AD1;
	uint32_t N000044E1;
	uint32_t N00005AD3;
	uint32_t N000044E2;
	uint32_t N00005AD5;
	uint32_t N000044E3;
	uint32_t N00005AD7;
	uint32_t N000044E4;
	uint32_t N00005AD9;
	uint32_t N000044E5;
	uint32_t N00005ADB;
	uint32_t N000044E6;
	uint32_t N00005ADD;
	uint32_t N000044E7;
	uint32_t N00005ADF;
	uint32_t N000044E8;
	uint32_t N00005AE1;
	uint32_t N000044E9;
	uint32_t N00005AE3;
	uint32_t N000044EA;
	uint32_t N00005AE5;
	uint32_t N000044EB;
	uint32_t N00005AE7;
	uint32_t N000044EC;
	uint32_t N00005AE9;
	uint32_t N000044ED;
	uint32_t N00005AEB;
	uint32_t N000044EE;
	uint32_t N00005AED;
	uint32_t N000044EF;
	uint32_t N00005AEF;
	uint32_t N000044F0;
	uint32_t N00005AF1;
	uint32_t N000044F1;
	uint32_t N00005AF3;
	uint32_t N000044F2;
	uint32_t N00005AF5;
	uint32_t N000044F3;
	uint32_t N00005AF7;
	uint32_t N000044F4;
	uint32_t N00005AF9;
	uint32_t N000044F5;
	uint32_t N00005AFB;
	uint32_t N000044F6;
	uint32_t N00005AFD;
	uint32_t N000044F7;
	uint32_t N00005AFF;
	uint32_t N000044F8;
	uint32_t N00005B01;
	uint32_t N000044F9;
	uint32_t N00005B03;
	uint32_t N000044FA;
	uint32_t N00005B05;
	uint32_t N000044FB;
	uint32_t N00005B07;
	uint32_t N000044FC;
	uint32_t N00005B09;
	uint32_t N000044FD;
	uint32_t N00003966;
	uint32_t N00005B0C;
};


struct CursorManager
{
	uint32_t r_ScreenCenterPosX;
	uint32_t r_ScreenCenterPosY;
	uint32_t r_IsCursorInGame;
	uint32_t r_PlacingBuildingTileX;
	uint32_t r_PlacingBuildingTileY;
	uint32_t r_PlacingBuildingTileId;
	uint32_t N00004CB4;
	uint32_t N00004D48;
	uint32_t N00004CB5;
	uint32_t r_HoverOverBuildingId;
	uint32_t N00004CB6;
	uint32_t N00004D4C;
	uint32_t r_HoverOverUnitId;
	uint32_t N00004D4E;
	uint32_t N00004CB8;
	uint32_t N00004D50;
	uint32_t N00004CB9;
	uint32_t N00004D52;
	uint32_t N00004CBA;
	uint32_t N00004D54;
	uint32_t N00004CBB;
	uint32_t N00004D56;
	uint32_t N00004CBC;
	uint32_t r_HoverOverWallTileId;
	uint32_t N00004CBD;
	uint32_t N00004D5A;
	uint32_t r_MouseTileId2;
	uint32_t r_MouseTileX;
	uint32_t r_MouseTileY;
	uint32_t N00004D5E;
	uint32_t r_MouseTileId;
	uint32_t N00004D60;
	uint32_t N00004CC1;
	uint32_t N00004D62;
	uint32_t N00004CC2;
	uint32_t N00004D64;
	uint32_t N00004CC3;
	uint32_t N00004D66;
	uint32_t N00004CC4;
	uint32_t N00004D68;
	uint32_t N00004CC5;
	uint32_t N00004D6A;
	uint32_t N00004CC6;
	uint32_t N00004D6C;
	uint32_t N00004CC7;
	uint32_t N00004D6E;
	uint32_t N00004CC8;
	uint32_t N00004D70;
	uint32_t N00004CC9;
	uint32_t N00004D72;
	uint32_t N00004CCA;
	uint32_t N00004D74;
	uint32_t N00004CCB;
	uint32_t N00004D76;
	uint32_t N00004CCC;
	uint32_t N00004D78;
	uint32_t N00004CCD;
	uint32_t N00004D7A;
	uint32_t N00004CCE;
	uint32_t N00004D7C;
	uint32_t N00004CCF;
	uint32_t N00004DA0;
	uint32_t N00004CD0;
	uint32_t N00004DA2;
	uint32_t N00004CD1;
	uint32_t N00004DA4;
	uint32_t N00004CD2;
	uint32_t N00004DA6;
	uint32_t N00004CD3;
	uint32_t N00004DA8;
	uint32_t N00004CD4;
	uint32_t N00004DAA;
	uint32_t N00004CD5;
	uint32_t N00004DAC;
	uint32_t N00004CD6;
	uint32_t N00004DAE;
	uint32_t N00004CD7;
	uint32_t N00004DB0;
	uint32_t N00004CD8;
	uint32_t N00004DB2;
	uint32_t N00004CD9;
	uint32_t N00004DB4;
	uint32_t N00004CDA;
	uint32_t N00004DB6;
	uint32_t N00004CDB;
	uint32_t N00004DB8;
	uint32_t N00004CDC;
	uint32_t N00004DBA;
	uint32_t N00004CDD;
	uint32_t N00004DBC;
	uint32_t N00004CDE;
	uint32_t N00004DBE;
	uint32_t N00004CDF;
	uint32_t N00004DC0;
	uint32_t N00004CE0;
	uint32_t N00004DC2;
	uint32_t N00004CE1;
	uint32_t N00004DC4;
	uint32_t N00004CE2;
	uint32_t N00004DC6;
	uint32_t N00004CE3;
	uint32_t N00004DC8;
	uint32_t N00004CE4;
	uint32_t N00004DCA;
	uint32_t N00004CE5;
	uint32_t N00004DCC;
	uint32_t N00004CE6;
	uint32_t N00004DCE;
	uint32_t N00004CE7;
	uint32_t N00004DD0;
	uint32_t N00004CE8;
	uint32_t N00004DD2;
	uint32_t N00004CE9;
	uint32_t N00004DD4;
	uint32_t N00004CEA;
	uint32_t N00004DD6;
	uint32_t N00004CEB;
	uint32_t N00004DD8;
	uint32_t N00004CEC;
	uint32_t N00004DDA;
	uint32_t N00004CED;
	uint32_t N00004DDC;
	uint32_t N00004CEE;
	uint32_t N00004DDE;
	uint32_t N00004CEF;
	uint32_t N00004DE0;
	uint32_t N00004CF0;
	uint32_t N00004DE2;
	uint32_t N00004CF1;
	uint32_t N00004DE4;
	uint32_t N00004CF2;
	uint32_t N00004DE6;
	uint32_t N00004CF3;
	uint32_t N00004DE8;
	uint32_t N00004CF4;
	uint32_t N00004DEA;
	uint32_t N00004CF5;
	uint32_t N00004DEC;
	uint32_t N00004CF6;
	uint32_t N00004DEE;
	uint32_t N00004CF7;
	uint32_t N00004DF0;
	uint32_t N00004CF8;
	uint32_t N00004DF2;
	uint32_t N00004CF9;
	uint32_t N00004DF4;
	uint32_t N00004CFA;
	uint32_t N00004DF6;
	uint32_t N00004CFB;
	uint32_t N00004DF8;
	uint32_t N00004CFC;
	uint32_t N00004DFA;
	uint32_t N00004CFD;
	uint32_t N00004DFC;
	uint32_t N00004CFE;
	uint32_t N00004DFE;
	uint32_t N00004CFF;
	uint32_t N00004E00;
	uint32_t N00004D00;
	uint32_t N00004E33;
	uint32_t N00004D01;
	uint32_t N00004E35;
	uint32_t N00004D02;
	uint32_t N00004E37;
	uint32_t N00004D03;
	uint32_t N00004E39;
	uint32_t N00004D04;
	uint32_t N00004E3B;
	uint32_t N00004D05;
	uint32_t N00004E3D;
	uint32_t N00004D06;
	uint32_t N00004E3F;
	uint32_t N00004D07;
	uint32_t N00004E41;
	uint32_t N00004D08;
	uint32_t N00004E43;
	uint32_t N00004D09;
	uint32_t N00004E45;
	uint32_t N00004D0A;
	uint32_t N00004E47;
	uint32_t N00004D0B;
	uint32_t N00004E49;
	uint32_t N00004D0C;
	uint32_t N00004E4B;
	uint32_t N00004D0D;
	uint32_t N00004E4D;
	uint32_t N00004D0E;
	uint32_t N00004E4F;
	uint32_t N00004D0F;
	uint32_t N00004E51;
	uint32_t N00004D10;
	uint32_t N00004E53;
	uint32_t N00004D11;
	uint32_t N00004E55;
	uint32_t N00004D12;
	uint32_t N00004E57;
	uint32_t N00004D13;
	uint32_t N00004E59;
	uint32_t N00004D14;
	uint32_t N00004E5B;
	uint32_t N00004D15;
	uint32_t N00004E5D;
	uint32_t N00004D16;
	uint32_t N00004E5F;
	uint32_t N00004D17;
	uint32_t N00004E61;
	uint32_t N00004D18;
	uint32_t N00004E63;
	uint32_t N00004D19;
	uint32_t N00004E65;
	uint32_t N00004D1A;
	uint32_t N00004E67;
	uint32_t N00004D1B;
	uint32_t N00004E69;
	uint32_t N00004D1C;
	uint32_t N00004E6B;
	uint32_t N00004D1D;
	uint32_t N00004E6D;
	uint32_t N00004D1E;
	uint32_t N00004E6F;
	uint32_t N00004D1F;
	uint32_t N00004E71;
	uint32_t N00004D20;
	uint32_t N00004E73;
	uint32_t N00004D21;
	uint32_t N00004E75;
	uint32_t N00004D22;
	uint32_t N00004E77;
	uint32_t N00004D23;
	uint32_t N00004E79;
	uint32_t N00004D24;
	uint32_t N00004E7B;
	uint32_t N00004D25;
	uint32_t N00004E7D;
	uint32_t N00004D26;
	uint32_t N00004E7F;
	uint32_t N00004D27;
	uint32_t N00004E81;
	uint32_t N00004D28;
	uint32_t N00004E83;
	uint32_t N00004D29;
	uint32_t N00004E85;
	uint32_t N00004D2A;
	uint32_t N00004E87;
	uint32_t N00004D2B;
	uint32_t N00004E89;
	uint32_t N00004D2C;
	uint32_t N00004E8B;
	uint32_t N00004D2D;
	uint32_t N00004E8D;
	uint32_t N00004D2E;
	uint32_t N00004E8F;
	uint32_t N00004D2F;
	uint32_t N00004E91;
	uint32_t N00004D30;
	uint32_t N00004E93;
	uint32_t N00004D31;
	uint32_t N00004E95;
	uint32_t N00004D32;
	uint32_t N00004E97;
	uint32_t N00004D33;
	uint32_t N00004E99;
	uint32_t N00004D34;
	uint32_t N00004E9B;
	uint32_t N00004D35;
	uint32_t N00004E9D;
	uint32_t N00004D36;
	uint32_t N00004E9F;
	uint32_t N00004D37;
	uint32_t N00004EA1;
	uint32_t N00004D38;
	uint32_t N00004EA3;
	uint32_t N00004D39;
	uint32_t N00004EA5;
	uint32_t N00004D3A;
	uint32_t N00004EA7;
	uint32_t N00004D3B;
	uint32_t N00004EA9;
	uint32_t N00004D3C;
	uint32_t N00004EAB;
	uint32_t N00004D3D;
	uint32_t N00004EAD;
	uint32_t N00004D3E;
	uint32_t N00004EAF;
	uint32_t N00004D3F;
	uint32_t N00004EB1;
	uint32_t N00004D40;
	uint32_t N00004EB3;
};

typedef enum VegType
{
	VegType_None             = 0x0,
	VegType_OliveTree        = 0x1,
	VegType_DatePalm         = 0x2,
	VegType_CocoPalm         = 0x3,
	VegType_CherryTree       = 0x4,
	VegType_DesertShrub1     = 0x5,
	VegType_DesertShrub1Var2 = 0x6,
	VegType_DesertShrub1Var3 = 0x7,
	VegType_DesertShrub1Var4 = 0x8,
	VegType_DesertShrub1Var5 = 0x9,
	VegType_Cactus1          = 0xA,
	VegType_Unused1          = 0xB,
	VegType_Unused2          = 0xC,
	VegType_Unused3          = 0xD,
	VegType_Unused4          = 0xE,
	VegType_BigBush          = 0xF,
	VegType_Cactus2          = 0x10,
	VegType_Cactus3          = 0x11,
	VegType_DesertShrub2     = 0x12,
	VegType_Cactus4          = 0x13
} VegType;

typedef enum ProjectileType
{
    ProjectileType_Unknown = 0x0,
    ProjectileType_ArcherArrow = 0x1,
    ProjectileType_CatapultRocks = 0x2,
    ProjectileType_TrebutchetRocks = 0x3,
    ProjectileType_MangongelRocks = 0x4,
    ProjectileType_Steam1 = 0x5,
    ProjectileType_AfterImage = 0x6,
    ProjectileType_CrossbowBolt = 0x7,
    ProjectileType_EngineerLava = 0x8,
    ProjectileType_StaticFire = 0x9,
    ProjectileType_Flag1 = 0xA,
    ProjectileType_Flag3 = 0xB,
    ProjectileType_Flag2 = 0xC,
    ProjectileType_CrusaderFlag = 0xD,
    ProjectileType_Brazier = 0xE,
    ProjectileType_Heads = 0xF,
    ProjectileType_UnkFlag1 = 0x10,
    ProjectileType_UnkFlag2 = 0x11,
    ProjectileType_UnkFlag3 = 0x12,
    ProjectileType_UnkFlag4 = 0x13,
    ProjectileType_BallistaBolt = 0x14,
    ProjectileType_Steam2 = 0x15,
    ProjectileType_Disease = 0x16,
    ProjectileType_Cow = 0x17,
    ProjectileType_UnkMissile24 = 0x18,
    ProjectileType_UnkMissile25 = 0x19,
    ProjectileType_UnkBlast = 0x1A,
    ProjectileType_CatapultOrTrebutchetRocksImpactDebris1 = 0x1B,
    ProjectileType_Crow = 0x1C,
    ProjectileType_Seagull = 0x1D,
    ProjectileType_CatapultOrTrebutchetRocksImpactDebris2 = 0x1E,
    ProjectileType_BodySplash = 0x1F,
    ProjectileType_RockChipsFire1 = 0x20,
    ProjectileType_SlingerStone = 0x21,
    ProjectileType_ArabGrenadierOrBedouinAmbusherOrDiseaseCloud = 0x22,
    ProjectileType_RockChips3 = 0x23,
    ProjectileType_GrenadierGrenade = 0x24,
    ProjectileType_ArabBallistaBolt = 0x25,
    ProjectileType_BedouinLance = 0x26,
    ProjectileType_UnkJavelin39 = 0x27,
    ProjectileType_UnkInfo1 = 0x28,
    ProjectileType_UnkInfo2 = 0x29,
    ProjectileType_UnkInfo3 = 0x2A,
    ProjectileType_UnkInfo4 = 0x2B,
    ProjectileType_Condor = 0x31
} ProjectileType;


typedef enum AILordMessageType
{
    IncomingMessage = 0,
    WillAttack = 1,
    TauntSiege2 = 2,
    TauntSiege3 = 3,
    TauntSiege4 = 4,
    AngerSiegeFailed = 5,
    AngerFortressDamaged = 6,
    PleadDeath = 7,
    PleadOutsideWalls = 8,
    NervousInsideWalls = 9,
    Counterattack = 10,
    Unk11 = 11,
    Won = 12,
    Unk13 = 13,
    RequestGoods = 14,
    ReceivedGoods = 15,
    DefeatedAgain = 16,
    AllyNotificationCongratulations = 16,
    AllyNotificationHasDefeatedEnemy = 18,
    AllyNotificationRequestReinforcements = 19,
    AllyNotificationMerryChristmas = 20,
    Unk21 = 21,
    Unk22 = 22,
    AllyNotificationWillSiegeEnemySoon = 23,
    AllyNotificationCannotAttackEnemy = 24,
    AllyNotificationWillNotAttackToday = 25,
    AllyNotificationCannotNotHelp = 26,
    AllyNotificationWillNotHelp = 27,
    AllyNotificationWillNotSendRequestedGoods = 28,
    AllyNotificationHasSentRequestedGoods = 29,
    AllyNotificationConfidentInVictory = 30,
    AllyNotificationConfidentInLosing = 31,
    AllyNotificationSentReinforcements = 32,
    AllyNotificationAgree = 33
} AILordMessageType;


typedef enum RationsMode
{
    None = 0,
	Half = 1,
	Full = 2,
	Extra = 3,
	Double = 4
} RationsMode;


typedef enum TaxesMode
{
    HugeDonation = 0,
	BigDonation = 1,
	SmallDonation = 2,
	None = 3,
	Low = 4,
	Moderate = 5,
	High = 6,
	Mean = 7,
	Usurious = 8,
	Cruel = 9,
	MostCruel = 10,
	Cruellest = 11
} TaxesMode;


typedef enum TilePropertyFlag
{
    TilePropertyFlag_None = 0,
    TilePropertyFlag_Sea = 1 << 0,
    TilePropertyFlag_GoodsyardRelated = 1 << 1,
    TilePropertyFlag_IsFarm = 1 << 2,
    TilePropertyFlag_PitchTrap = 1 << 3,
    TilePropertyFlag_RealityEdge = 1 << 4,
    TilePropertyFlag_MapBorder = 1 << 5,
    TilePropertyFlag_ImpassableEdge = 1 << 7,
    TilePropertyFlag_IsWall = 1 << 8,
    TilePropertyFlag_CrenelationComponent = 1 << 9,
    TilePropertyFlag_IsBuilding = 1 << 10,
    TilePropertyFlag_IsStairs = 1 << 11,
    TilePropertyFlag_IsTree = 1 << 12,
    TilePropertyFlag_TreeProximity = 1 << 13,
    TilePropertyFlag_PlannedMoat = 1 << 14,
    TilePropertyFlag_IsLand = 1 << 15,
    TilePropertyFlag_IsLowWall = 1 << 16,
    TilePropertyFlag_HasStone = 1 << 17,
    TilePropertyFlag_HasIron = 1 << 19,
    TilePropertyFlag_River = 1 << 20,
    TilePropertyFlag_Ford = 1 << 21,
    TilePropertyFlag_CrenelationModifier = 1 << 22,
    TilePropertyFlag_IsWheat = 1 << 24,
    TilePropertyFlag_IsHops = 1 << 25,
    TilePropertyFlag_IsAppleFarm = 1 << 26,
    TilePropertyFlag_IsFarmFence = 1 << 27,
    TilePropertyFlag_IsElevated = 1 << 28,
    TilePropertyFlag_IsSwamp = 1 << 29,
    TilePropertyFlag_IsMoat = 1 << 30,
    TilePropertyFlag_IsPitch = 1u << 31
} TilePropertyFlag;



typedef enum TileType
{
    TileType_NoneOrDirt = 0,
    TileType_Foliage = 1 << 0,
    TileType_DirtAndStones = 1 << 1,
    TileType_Elevation1 = 1 << 2,
    TileType_Elevation2 = 1 << 3,
    TileType_OasisGrass = 1 << 4,
    TileType_BeachOrWaves = 1 << 5,
    TileType_CoarseSand = 1 << 6,
    TileType_ThickFoliage = 1 << 7
} TileType;












typedef enum TribeAICommand
{
    TribeAICommand_Unknown0 = 0,
    TribeAICommand_Unknown1 = 1,
    TribeAICommand_Unknown2 = 2,
    TribeAICommand_MoveHerePosition = 3,
    TribeAICommand_AttackUnit = 4,
    TribeAICommand_AttackTilePosition = 5,
    TribeAICommand_DigMoatTileId = 6,


    TribeAICommand_Unknown7 = 7,

    TribeAICommand_Unknown8 = 8,
    TribeAICommand_AttackBuilding = 9,
    TribeAICommand_Unknonw10 = 10,
    TribeAICommand_Unknown11 = 11,
    TribeAICommand_Unknown12 = 12,
    TribeAICommand_Unknown13 = 13,
    TribeAICommand_Unknown14 = 14,
    TribeAICommand_ManPitchCauldronOrBuildTent = 15,
    TribeAICommand_ManSiegeEquipment = 16,
    TribeAICommand_DissolveSiegeEquipment = 17,
    TribeAICommand_Unknown18 = 18,
    TribeAICommand_Unknown19 = 19,
    TribeAICommand_ThrowLava = 20,
    TribeAICommand_BuildTunnel = 21,
    TribeAICommand_Unknown22 = 22,
    TribeAICommand_AttackWallTileId = 23,
    TribeAICommand_AttachLadderToWall = 24,
    TribeAICommand_Unknown25 = 25,
    TribeAICommand_Unknown26 = 26,
    TribeAICommand_Unknown27 = 27,
    TribeAICommand_Unknown28 = 28,
    TribeAICommand_Unknown29 = 29,
    TribeAICommand_UnitDissolve = 30,
    TribeAICommand_UnitStop = 31,


    TribeAICommand_Unknown32 = 32,





    TribeAICommand_Unknown33 = 33,

    TribeAICommand_Unknown34 = 34,


    TribeAICommand_Unknown35 = 35,
    TribeAICommand_ForceAttackBuilding = 36,


    TribeAICommand_Unknown37 = 37,


    TribeAICommand_Unknown38 = 38
} TribeAICommand;





typedef enum GM16
{
    GM16_GM_LAND = 2,
    GM16_GM_PILLARS,
    GM16_GM_SEA_CHEVRONS,
    GM16_GM_SEA,
    GM16_GM_BUILDINGS1,
    GM16_GM_BUILDINGS2,
    GM16_GM_WORKSHOPS,
    GM16_GM_CLIFFS,
    GM16_GM_WALLS,
    GM16_GM_SPECIAL_LAND,
    GM16_GM_MISC_LAND,
    GM16_GM_RIVERS,
    GM16_GM_FARMLAND,
    GM16_GM_GOODS,
    GM16_GM_FLOATS,
    GM16_GM_BODY_PEASANT,
    GM16_GM_BODY_ARCHER,
    GM16_GM_BODY_WOODCUTTER,
    GM16_GM_BODY_FLETCHER,
    GM16_GM_BODY_OXCART,
    GM16_GM_BUILDING_ANIMS2,
    GM16_GM_SMOKE_ANIMS,
    GM16_GM_55X55_ANIMS,
    GM16_GM_QUARRY_ANIMS,
    GM16_GM_WINDMILL_ANIMS,
    GM16_GM_FLETCHER_ANIMS,
    GM16_GM_GOODS_ANIMS,
    GM16_GM_TREE_BIRCH,
    GM16_GM_TREE_PINE,
    GM16_GM_TREE_CHESTNUT,
    GM16_GM_BODY_STONEMASON,
    GM16_GM_BODY_FARMER,
    GM16_GM_BODY_MISSILE,
    GM16_GM_BODY_LADDERMAN,
    GM16_GM_BODY_BAKER,
    GM16_GM_BODY_MILLER,
    GM16_GM_DATA,
    GM16_GM_BODY_SPEARMAN,
    GM16_GM_BODY_PIKEMAN,
    GM16_GM_BODY_CROSSBOWMAN,
    GM16_GM_BODY_SWORDSMAN,
    GM16_GM_BODY_MACEMAN,
    GM16_GM_BODY_KNIGHT,
    GM16_GM_INTERFACE_BUTTONS,
    GM16_GM_INTERFACE_ICONS2,
    GM16_GM_MINE_ANIMS,
    GM16_GM_TILE_BURNT,
    GM16_GM_CHURCHS,
    GM16_GM_INTERFACE_PANELS,
    GM16_GM_WORKSHOP_BREW_ANIMS,
    GM16_GM_CASTLES,
    GM16_GM_BODY_BREWER,
    GM16_GM_CASTLE_ANIMS,
    GM16_GM_MACRO_LAND,
    GM16_GM_ROCKS,
    GM16_GM_ROCKS_CHEVRONS,
    GM16_GM_WORKSHOP_SMITH_ANIMS,
    GM16_GM_BODY_BLACKSMITH,
    GM16_GM_LAND_AND_STONES,
    GM16_GM_BODY_IRONMINER,
    GM16_GM_BODY_CATAPULT,
    GM16_GM_BODY_COW,
    GM16_GM_WORKSHOP_POLE_ANIMS,
    GM16_GM_PITCH_ANIMS,
    GM16_GM_WORKSHOP_BAKER_ANIMS,
    GM16_GM_WOODCUTTER_ANIMS,
    GM16_GM_DRAWBRIDGE_ANIMS,
    GM16_GM_WORKSHOP_TANNER_ANIMS,
    GM16_GM_TREE_OAK,
    GM16_GM_TREE_SHRUB1,
    GM16_GM_TREE_SHRUB2,
    GM16_GM_BODY_PITCHWORKER,
    GM16_GM_BODY_POLETURNER,
    GM16_GM_BODY_TANNER,
    GM16_GM_FLAG_ANIMS,
    GM16_GM_BODY_TRADER_HORSE,
    GM16_GM_BODY_TRADER,
    GM16_GM_ICONS,
    GM16_GM_ICONS_ALPHA,
    GM16_GM_BODY_DRUNKARD,
    GM16_GM_BODY_TENT,
    GM16_GM_BODY_MANGONEL,
    GM16_GM_BODY_TREBUCHET,
    GM16_GM_FLOAT_POP_CIRC,
    GM16_GM_BODY_SIEGE_ENGINEER,
    GM16_GM_FONT_STRONGHOLD_AA,
    GM16_GM_FARMER_ANIMS,
    GM16_GM_BODY_HUNTER,
    GM16_GM_HUNTER_ANIMS,
    GM16_GM_BODY_DEER,
    GM16_GM_BODY_LION,
    GM16_GM_BODY_RABBIT,
    GM16_GM_BODY_CAMEL,
    GM16_GM_BODY_DOG,
    GM16_GM_BODY_PRIEST,
    GM16_GM_TREE_APPLE,
    GM16_GM_STABLE_ANIMS,
    GM16_GM_BODY_LADY,
    GM16_GM_BODY_LORD,
    GM16_GM_BODY_JESTER,
    GM16_GM_BODY_ARMOURER,
    GM16_GM_ARMOURER_ANIMS,
    GM16_GM_SHEILD_ANIMS,
    GM16_GM_ANIM_TUNNELERS_GUILD,
    GM16_GM_BODY_TUNNELER,
    GM16_GM_CURSORS,
    GM16_GM_MAPEDIT_BUTTONS,
    GM16_GM_BODY_FIGHTING_MONK,
    GM16_GM_OIL_ANIMS = 113,
    GM16_GM_GALLOWS_ANIMS,
    GM16_GM_MAYPOLE_ANIMS,
    GM16_GM_BODY_OIL,
    GM16_GM_FONT_STRONGHOLD,
    GM16_GM_BODY_FIRE,
    GM16_GM_BODY_BURNING_MAN,
    GM16_GM_BODY_BALLISTA,
    GM16_GM_BODY_SHIELD,
    GM16_GM_BODY_MISSILE_2,
    GM16_GM_BODY_BATTERING_RAM,
    GM16_GM_BODY_SIEGE_TOWER,
    GM16_GM_BODY_STEAM,
    GM16_GM_BODY_CHICKEN,
    GM16_GM_BODY_MOTHER,
    GM16_GM_BODY_BOY,
    GM16_GM_BODY_GIRL,
    GM16_GM_ANIM_TUNNELS,
    GM16_GM_BODY_JUGGLER,
    GM16_GM_BODY_FIREEATER,
    GM16_GM_BODY_HEALER,
    GM16_GM_BODY_DISEASE,
    GM16_GM_BODY_MISSILE_COW,
    GM16_GM_CRACKS,
    GM16_GM_BODY_GATE,
    GM16_GM_BODY_BRAZIER,
    GM16_GM_KILLING_PITS,
    GM16_GM_PITCH_DITCHES,
    GM16_GM_BLAST,
    GM16_GM_SCRIBE,
    GM16_GM_ANIM_ICON_KNIGHT,
    GM16_GM_BODY_FIRE2,
    GM16_GM_ANIM_MISSILE_FIRE,
    GM16_GM_FONT_SLANTED,
    GM16_GM_BODY_INNKEEPER,
    GM16_GM_ICONS_FRONT_END,
    GM16_GM_TILE_RUINS,
    GM16_GM_ICONS_FRONT_END_COMBAT,
    GM16_GM_ICONS_FRONT_END_ECONOMICS,
    GM16_GM_ICONS_FRONT_END_BUILDER,
    GM16_GM_MINI_CURSORS,
    GM16_GM_BODY_CHICKEN_BROWN,
    GM16_GM_ANIM_MARKET,
    GM16_GM_INTERFACE_ICONS3,
    GM16_GM_TILE_FLATTIES,
    GM16_GM_ROCK_CHIPS,
    GM16_GM_ANIM_DUNKING_STOOL,
    GM16_GM_ANIM_DUNGEON,
    GM16_GM_ANIM_GIBBET,
    GM16_GM_ANIM_HEALER,
    GM16_GM_ANIM_STOCKS,
    GM16_GM_INTERFACE_SLIDER,
    GM16_GM_MAP_FLAGS,
    GM16_GM_NEW_SEA,
    GM16_GM_BODY_SEAGULL,
    GM16_GM_BODY_CROW,
    GM16_GM_PUFF_OF_SMOKE,
    GM16_GM_BODY_SPLASH,
    GM16_GM_ANIM_INN,
    GM16_GM_FLOATS_NEW,
    GM16_GM_ANIM_WHITECAPS,
    GM16_GM_ARMY_UNITS,
    GM16_GM_ANIM_STAKE,
    GM16_GM_ANIM_KILLING_PITS,
    GM16_GM_ENEMY_FACES,
    GM16_GM_ANIM_RACK,
    GM16_GM_ANIM_DOG_CAGE,
    GM16_GM_ANIM_DANCING_BEAR,
    GM16_GM_ANIM_CHOPPING_BLOCK,
    GM16_GM_BODY_FIREMAN,
    GM16_GM_INTERFACE_ARMY,
    GM16_GM_INTERFACE_RUINS,
    GM16_GM_BODY_ANIMAL_BURNING_BIG,
    GM16_GM_BODY_ANIMAL_BURNING_SMALL,
    GM16_GM_ANIM_HEADS,
    GM16_GM_BODY_GHOST,
    GM16_GM_ANIM_FLAG_SMALL,
    GM16_GM_BODY_ARAB_BOW,
    GM16_GM_BODY_ARAB_SLAVE,
    GM16_GM_BODY_ARAB_SLINGER,
    GM16_GM_BODY_ARAB_ASSASIN,
    GM16_GM_BODY_ARAB_HORSEMAN,
    GM16_GM_BODY_ARAB_SWORDSMAN,
    GM16_GM_BODY_ARAB_GRENADIER,
    GM16_GM_BODY_ARAB_BALLISTA,
    GM16_GM_ASSASIN_ROPE,
    GM16_GM_BODY_ARAB_HORSE,
    GM16_GM_TREE_CACTII,
    GM16_GM_ANIM_CRUSADER_FLAG,
    GM16_GM_BODY_INFO,
    GM16_GM_BODY_WOLF,
    GM16_GM_BODY_ARABIC_LORD = 205,
    GM16_GM_ADDITIONAL_GFX = 207,
    GM16_GM_BODY_BEDOUIN_CAMEL_LANCER,
    GM16_GM_BODY_BEDOUIN_HEALER,
    GM16_GM_BODY_BEDOUIN_EUNUCH,
    GM16_GM_BODY_BEDOUIN_AMBUSHER,
    GM16_GM_BODY_BEDOUIN_SKIRMISHER,
    GM16_GM_BODY_BEDOUIN_HEAVY_CAMEL,
    GM16_GM_BODY_BEDOUIN_SAPPER,
    GM16_GM_BODY_BEDOUIN_DEMOLISHER,
    GM16_GM_FLOAT_POP_CIRC_2 = 218,
    GM16_GM_BODY_MISSILE_FIREPOT,
    GM16_GM_BODY_JAVELIN,
    GM16_GM_BODY_GOAT,
    GM16_GM_BODY_HYENA,
    GM16_GM_BODY_CONDOR,
    GM16_GM_BODY_CROCODILE,
    GM16_GM_BODY_IMAM,
    GM16_GM_BODY_BEDOUIN_LORD,
    GM16_GM_BODY_SCRIBE_LORD,
    GM16_GM_BODY_LORD_FEMALE,
    GM16_GM_BODY_TEMPLE_GUARD,
    GM16_GM_BODY_LORD_BESSY,
    GM16_GM_BODY_ARABIC_LORD_FEMALE,
    GM16_GM_BODY_BEDOUIN_LORD_FEMALE,
    GM16_GM_ANIM_ARAB_FLAG
} GM16;

typedef enum Dircs16
{
    Dircs16_Invalid = -1,
    Dircs16_Centre,
    Dircs16_North,
    Dircs16_NE,
    Dircs16_East,
    Dircs16_SE,
    Dircs16_South,
    Dircs16_SW,
    Dircs16_West,
    Dircs16_NW,
    Dircs16_Base
} Dircs16;

typedef enum eChimps16
{
    eChimps16_CHIMP_TYPE_NULL,
    eChimps16_CHIMP_TYPE_PEASANT,
    eChimps16_CHIMP_TYPE_BURNING_MAN,
    eChimps16_CHIMP_TYPE_WOODCUTTER,
    eChimps16_CHIMP_TYPE_FLETCHER,
    eChimps16_CHIMP_TYPE_TUNNELER,
    eChimps16_CHIMP_TYPE_HUNTER,
    eChimps16_CHIMP_TYPE_QUARRY_MASON,
    eChimps16_CHIMP_TYPE_QUARRY_GRUNT,
    eChimps16_CHIMP_TYPE_QUARRY_OX,
    eChimps16_CHIMP_TYPE_PITCHMAN,
    eChimps16_CHIMP_TYPE_FARMER_WHEAT,
    eChimps16_CHIMP_TYPE_FARMER_HOPS,
    eChimps16_CHIMP_TYPE_FARMER_APPLE,
    eChimps16_CHIMP_TYPE_FARMER_CATTLE,
    eChimps16_CHIMP_TYPE_MILLER,
    eChimps16_CHIMP_TYPE_BAKER,
    eChimps16_CHIMP_TYPE_BREWER,
    eChimps16_CHIMP_TYPE_POLETURNER,
    eChimps16_CHIMP_TYPE_BLACKSMITH,
    eChimps16_CHIMP_TYPE_ARMOURER,
    eChimps16_CHIMP_TYPE_TANNER,
    eChimps16_CHIMP_TYPE_ARCHER,
    eChimps16_CHIMP_TYPE_XBOWMAN,
    eChimps16_CHIMP_TYPE_SPEARMAN,
    eChimps16_CHIMP_TYPE_PIKEMAN,
    eChimps16_CHIMP_TYPE_MACEMAN,
    eChimps16_CHIMP_TYPE_SWORDSMAN,
    eChimps16_CHIMP_TYPE_KNIGHT,
    eChimps16_CHIMP_TYPE_LADDERMAN,
    eChimps16_CHIMP_TYPE_ENGINEER,
    eChimps16_CHIMP_TYPE_MINER1,
    eChimps16_CHIMP_TYPE_MINER2,
    eChimps16_CHIMP_TYPE_PRIEST,
    eChimps16_CHIMP_TYPE_HEALER,
    eChimps16_CHIMP_TYPE_DRUNKARD,
    eChimps16_CHIMP_TYPE_INNKEEPER,
    eChimps16_CHIMP_TYPE_MONK,
    eChimps16_CHIMP_TYPE_ARCHER_debug,
    eChimps16_CHIMP_TYPE_CATAPULT,
    eChimps16_CHIMP_TYPE_TREBUCHET,
    eChimps16_CHIMP_TYPE_MANGONEL,
    eChimps16_CHIMP_TYPE_TRADER,
    eChimps16_CHIMP_TYPE_TRADER_HORSE,
    eChimps16_CHIMP_TYPE_DEER,
    eChimps16_CHIMP_TYPE_LION,
    eChimps16_CHIMP_TYPE_RABBIT,
    eChimps16_CHIMP_TYPE_CAMEL,
    eChimps16_CHIMP_TYPE_CROW,
    eChimps16_CHIMP_TYPE_SEAGULL,
    eChimps16_CHIMP_SIEGE_TENT,
    eChimps16_CHIMP_TYPE_COW,
    eChimps16_CHIMP_TYPE_DOG,
    eChimps16_CHIMP_TYPE_FIREMAN,
    eChimps16_CHIMP_TYPE_GHOST,
    eChimps16_CHIMP_TYPE_LORD,
    eChimps16_CHIMP_TYPE_LADY,
    eChimps16_CHIMP_TYPE_JESTER,
    eChimps16_CHIMP_TYPE_SIEGE_TOWER,
    eChimps16_CHIMP_TYPE_BATTERING_RAM,
    eChimps16_CHIMP_TYPE_PORTABLE_SHIELD,
    eChimps16_CHIMP_TYPE_BALLISTA,
    eChimps16_CHIMP_TYPE_CHICKEN,
    eChimps16_CHIMP_TYPE_MOTHER,
    eChimps16_CHIMP_TYPE_CHILD,
    eChimps16_CHIMP_TYPE_JUGGLER,
    eChimps16_CHIMP_TYPE_FIREEATER,
    eChimps16_CHIMP_TYPE_WAR_DOG,
    eChimps16_CHIMP_TYPE_BURNING_ANIMAL_BIG,
    eChimps16_CHIMP_TYPE_BURNING_ANIMAL_SMALL,
    eChimps16_CHIMP_TYPE_ARAB_BOW,
    eChimps16_CHIMP_TYPE_ARAB_SLAVE,
    eChimps16_CHIMP_TYPE_ARAB_SLINGER,
    eChimps16_CHIMP_TYPE_ARAB_ASSASIN,
    eChimps16_CHIMP_TYPE_ARAB_HORSEMAN,
    eChimps16_CHIMP_TYPE_ARAB_SWORDSMAN,
    eChimps16_CHIMP_TYPE_ARAB_GRENADIER,
    eChimps16_CHIMP_TYPE_ARAB_BALLISTA,
    eChimps16_CHIMP_TYPE_BEDOUIN_CAMEL_LANCER,
    eChimps16_CHIMP_TYPE_BEDOUIN_HEALER,
    eChimps16_CHIMP_TYPE_BEDOUIN_EUNUCH,
    eChimps16_CHIMP_TYPE_BEDOUIN_AMBUSHER,
    eChimps16_CHIMP_TYPE_BEDOUIN_SKIRMISHER,
    eChimps16_CHIMP_TYPE_BEDOUIN_HEAVY_CAMEL,
    eChimps16_CHIMP_TYPE_BEDOUIN_SAPPER,
    eChimps16_CHIMP_TYPE_BEDOUIN_DEMOLISHER,
    eChimps16_CHIMP_TYPE_GOAT,
    eChimps16_CHIMP_TYPE_HYENA,
    eChimps16_CHIMP_TYPE_CROCODILE,
    eChimps16_CHIMP_NUM_TYPES
} eChimps16;

typedef enum AISiegeRole16
{
    SiegeStormTribe = 15,
    SiegeCoverTribe = 186,
	SiegeReserveTribe = 190,
	SiegeWallTribe = 192
} AISiegeRole;

typedef struct GameUnitData
{
	uint32_t r_AnimationFrame;
	uint32_t N000000F4;
	GM16	r_GameMaterialIndex;
	uint16_t N0000542F;
	uint32_t r_SpritePlayerColorId;
	uint16_t N00000055;
	uint16_t N000002FB;
	uint32_t N000000F8;
	uint16_t N00000056;
	uint16_t N000002F7;
	uint16_t N000000FA;
	uint16_t N00000301;
	uint32_t N00000057;
	uint32_t N000000FC;
	uint32_t N00000058;
	uint32_t N000000FE;
	uint32_t r_UnitSelected;
	uint32_t r_HealthBarBlocks;
	uint32_t r_TicksAlive1;
	uint32_t r_TicksAlive2;
	uint32_t N0000005B;
	uint32_t r_UnknownFrameRelated;
	uint32_t N0000005C;
	uint32_t N00000106;
	Dircs16	r_Direction;
	uint16_t Unknown;
	uint32_t N00000108;
	uint32_t N0000005E;
	uint32_t N0000010A;
	uint32_t N0000005F;
	uint32_t r_IsInvisible;
	uint32_t N00000060;
	uint32_t N0000010E;
	uint32_t N00000061;
	uint32_t N00000110;
	uint32_t N00000062;
	uint32_t r_SpawnedForPlayerIndex;
	uint32_t N00000063;
	uint32_t N00000114;
	eAliveState r_UnitState;
	eChimps16 r_UnitChimp;
	uint32_t N00000116;
	uint8_t N00000573;
	uint8_t N00000568;
	uint8_t r_ControllableForPlayerId;
	uint8_t N00000569;
	uint32_t r_GlobalId;
	uint32_t N00000066;
	uint32_t N0000011A;
	uint32_t N00000067;
	uint32_t r_WorkerTargetContextEntityGlobalId;
	uint32_t N00000068;
	uint16_t N0000011E;
	uint16_t r_UnitSelected2;
	uint16_t N00000069;
	uint16_t r_CurrentWorldPositionX;
	uint16_t r_CurrentWorldPositionY;
	uint16_t r_HeightElevation;
	int16_t N0000006A;
	uint16_t r_LookAtWorldPositionX;
	uint16_t r_LookAtWorldPositionY;
	uint16_t r_LookAtHeight;
	uint16_t r_CurrentTilePositionX;
	uint16_t r_CurrentTilePositionY;
	uint16_t r_TargetTilePositionX;
	uint16_t r_TargetTilePositionY;
	uint16_t r_PreviousTilePositionX;
	uint16_t r_PreviousTilePositionY;
	uint32_t N00000126;
	uint32_t r_CurrentPositionTileId;
	uint32_t r_TargetPositionTileId;
	uint32_t r_PreviousPositionTileId;
	uint16_t r_NextTilePositionX2;
	uint16_t r_NextTilePositionY2;
	uint32_t r_NextPositionTileId2;
	uint32_t N0000012C;
	uint16_t r_TargetTilePositionX2;
	uint16_t r_TargetTilePositionY2;
	uint32_t N0000012E;
	uint32_t r_PathingRelevant;
	uint16_t r_MovingRelevant;
	uint16_t p_CurrentPathPlanPosition;
	uint32_t p_PathPlanSize;
	uint32_t N00000132;
	uint32_t N00000073;
	uint32_t N00000134;
	uint32_t N00000074;
	uint32_t N00000136;
	uint32_t N00000075;
	uint32_t N00000138;
	uint32_t N00000076;
	uint32_t N0000013A;
	uint32_t N00000077;
	uint32_t N0000013C;
	uint32_t N00000078;
	uint32_t N0000013E;
	uint32_t N00000079;
	uint32_t N00000140;
	uint32_t N0000007A;
	uint32_t N00000142;
	uint32_t N0000007B;
	uint32_t N00000144;
	uint32_t N0000007C;
	uint32_t N00000146;
	uint32_t N0000007D;
	uint32_t N00000148;
	uint32_t N0000007E;
	uint32_t N0000014A;
	uint32_t N0000007F;
	uint32_t N0000014C;
	uint32_t N00000080;
	uint32_t N0000014E;
	uint32_t N00000081;
	uint32_t N00000150;
	uint32_t N00000082;
	uint32_t N00000152;
	uint32_t N00000083;
	uint32_t N00000154;
	uint32_t N00000084;
	uint32_t N00000156;
	uint32_t N00000085;
	uint32_t N00000158;
	uint32_t N00000086;
	uint32_t N0000015A;
	uint32_t N00000087;
	uint32_t N0000015C;
	uint32_t N00000088;
	uint32_t N0000015E;
	uint32_t N00000089;
	uint32_t N00000160;
	uint32_t N0000008A;
	uint32_t N00000162;
	uint32_t N0000008B;
	uint32_t N00000164;
	uint32_t N0000008C;
	uint32_t N00000166;
	uint32_t N0000008D;
	uint32_t N00000168;
	uint32_t N0000008E;
	uint32_t N0000016A;
	uint32_t N0000008F;
	uint32_t N0000016C;
	uint32_t N00000090;
	uint32_t N0000016E;
	uint32_t N00000091;
	uint32_t N00000170;
	uint32_t N00000092;
	uint32_t N00000172;
	uint32_t N00000093;
	uint32_t N00000174;
	uint32_t N00000094;
	uint32_t N00000176;
	uint32_t N00000095;
	uint32_t N00000178;
	uint32_t N00000096;
	uint32_t N0000017A;
	uint32_t N00000097;
	uint32_t N0000017C;
	uint32_t N00000098;
	uint32_t N0000017E;
	uint32_t N00000099;
	uint32_t N00000180;
	uint32_t N0000009A;
	uint32_t N00000182;
	uint32_t N0000009B;
	uint32_t N00000184;
	uint32_t N0000009C;
	uint32_t N00000186;
	uint32_t N0000009D;
	uint32_t N00000188;
	uint32_t N0000009E;
	uint32_t N0000018A;
	uint32_t N0000009F;
	uint32_t N0000018C;
	uint32_t N000000A0;
	uint32_t N0000018E;
	uint32_t N000000A1;
	uint32_t N00000190;
	uint32_t N000000A2;
	uint32_t N00000192;
	uint32_t N000000A3;
	uint32_t N00000194;
	uint32_t N000000A4;
	uint32_t N00000196;
	uint32_t N000000A5;
	uint32_t N00000198;
	uint32_t N000000A6;
	uint16_t r_IsKilledByProjectile;
	uint16_t N00008641;
	uint16_t p_r_SelectionAllowed;
	uint16_t r_WorldDistanceToNearestEnemy;
	uint32_t N0000019C;
	uint32_t N000000A8;
	uint32_t N0000019E;
	uint32_t r_AutoTargetRelated;
	uint32_t N000001A0;
	uint16_t N000000AA;
	uint16_t r_SpeedBonus;
	uint32_t r_AIState;
	uint32_t N000000AB;
	int16_t r_TimeSinceDeathTicker;
	eChimps16 r_TransformIntoUnitOfType;
	uint32_t N000000AC;
	uint32_t N000001A6;
	uint16_t r_CurrentHealthPercentage;
	uint16_t r_TribeLeaderUnitId;
	uint16_t r_TribeId;
	uint16_t UnknownAIFlag;
	uint16_t r_AttackMoveToTargetTileX;
	uint16_t r_AttackMoveToTargetTileY;
	uint32_t N000001AA;
	uint32_t N000000AF;
	uint32_t N000001AC;
	uint32_t N000000B0;
	uint32_t N000001AE;
	uint32_t N000000B1;
	uint32_t N000001B0;
	uint32_t N000000B2;
	uint32_t N000001B2;
	uint16_t r_CarryOverGoodsAmount;
	uint16_t r_CarryBonusYieldAmount;
	uint32_t N000001B4;
	uint32_t N000000B4;
	uint32_t N000001B6;
	uint32_t N000000B5;
	uint32_t N000001B8;
	uint32_t N000000B6;
	uint32_t N000001BA;
	uint32_t N000000B7;
	uint32_t N000001BC;
	uint16_t N000000B8;
	uint16_t UnknownRelevant2;
	uint32_t N000001BE;
	uint32_t N000000B9;
	uint16_t r_LinkedProductionBuildingId;
	uint16_t N00008638;
	uint16_t N000000BA;
	uint16_t r_AttackingUnitId;
	uint32_t N000001C2;
	uint32_t r_RangedAttackTargetUnitId;
	uint16_t N000001C4;
	uint16_t r_CurrentSpeed2;
	uint16_t r_CurrentSpeed;
	uint16_t N00008635;
	uint32_t r_AliveTicks1;
	uint32_t r_AliveTicks2;
	uint32_t r_SelectionRelevant3;
	uint32_t N000000BE;
	uint16_t N000001CA;
	uint8_t r_StoneAmmoLeft;
	uint8_t r_StoneAmmoStacksLeft;
	uint32_t N000000BF;
	uint32_t N000001CC;
	uint32_t N000000C0;
	uint8_t N000001CE;
	uint8_t UnknownRelevant1;
	uint16_t N0000026E;
	uint32_t Unknown2;
	uint32_t N000001D0;
	uint32_t N000000C2;
	uint32_t TimeUntilResting4thBit;
	uint16_t TimeUntilResting;
	uint16_t N0000026B;
	uint16_t r_CarryGoodAmount;
	uint16_t N0001184A;
	uint32_t N000000C4;
	uint32_t N000001D6;
	uint32_t N000000C5;
	uint32_t N000001D8;
	uint16_t r_AI_LastIssuedTribeCommand;
	uint16_t r_AI_ContextTargetUnitId;
	uint32_t r_AI_ContextTargetUnitGlobalId;
	uint32_t N000000C7;
	uint32_t r_AI_ContextTargetBuildingTileId;
	uint32_t N000000C8;
	uint32_t N000001DE;
	uint32_t N000000C9;
	uint32_t N000001E0;
	uint32_t N000000CA;
	uint32_t N000001E2;
	uint32_t N000000CB;
	uint32_t r_CurrentHealth;
	uint32_t r_MaxHealth;
	uint32_t N000001E6;
	uint32_t N000000CD;
	uint32_t r_ShootingSalvoLeft;
	uint32_t N000000CE;
	uint32_t N000001EA;
	uint32_t r_BlessedElapseTickTimer;
	uint16_t r_ContextTargetTileX;
	uint16_t r_ContextTargetTileY;
	uint16_t N000000D0;
	uint16_t r_UnknownAttackiterator;
	uint32_t N000001EE;
	uint32_t N000000D1;
	uint32_t N000001F0;
	uint16_t N000000D2;
	uint16_t r_AISiegeEngineRelatedMaybe;
	uint32_t N000001F2;
	uint32_t r_ContextCurrentPositionTileId;
	uint32_t N000001F4;
	uint32_t N000000D4;
	uint32_t N000001F6;
	uint32_t N000000D5;
	uint32_t N000001F8;
	uint32_t N000000D6;
	uint32_t N000001FA;
	uint32_t N000000D7;
	uint16_t r_AITribeRoleRelatedUnknown;
	AISiegeRole16	r_AITribeRole;
	uint32_t N000000D8;
	uint32_t N000001FE;
	uint16_t N000000D9;
	uint16_t r_FarmerAIRelatedUnknown;
	uint32_t r_NearestEnemyWorldTiles;
	uint32_t N000000DA;
	uint32_t N00000202;
	uint16_t r_TimeAlive;
	uint16_t N00008AA0;
	uint32_t N00000204;
	uint32_t N000000DC;
	uint32_t N00000206;
	uint32_t N000000DD;
	uint32_t N00000208;
	uint16_t N000000DE;
	uint16_t r_DemolisherShieldHealth;
	uint32_t r_DemolisherShieldLastTakenDamageCooldown;
	uint32_t N000000DF;
	uint32_t N0000020C;
	uint32_t N000000E3;
	uint32_t N0000020E;
	uint32_t N000000E4;
	uint32_t N00000210;
	uint32_t N000000E5;
	uint32_t N00000212;
	uint32_t N000000E6;
	uint32_t N00000214;
	uint32_t N000000E7;
	uint32_t N00000216;
};


typedef struct GameUnitManager
{
	uint32_t r_NextUnitId;
	uint32_t r_TotalUnits;
	uint32_t N000003DC;
	uint32_t N00002C1F;
	uint32_t N000003DD;
	uint32_t N00002C21;
	uint32_t N000003DE;
	uint32_t N00002C23;
	uint32_t r_HoveredChimpsCount;
	uint32_t N00002C25;
	uint32_t r_SelectedChimpsCount;
	uint32_t N00002C27;
	uint32_t N000003E1;
	uint32_t N00002C29;
	uint32_t N000003E2;
	uint32_t N00002C2B;
	uint32_t N000003E3;
	uint32_t N00002C2D;
	uint32_t N000003E4;
	uint32_t N00002C2F;
	uint32_t N000003E5;
	uint32_t N00002C31;
	uint32_t N000003E6;
	uint32_t N00002C33;
	uint32_t N000003E7;
	uint32_t N00002C35;
	uint32_t N000003E8;
	uint32_t N00002C37;
	uint32_t N000003E9;
	uint32_t N00002C39;
	uint32_t N000003EA;
	uint32_t N00002C3B;
	uint32_t N000003EB;
	uint32_t N000091DA;
	uint32_t N000003EC;
	uint32_t N000091DD;
	uint32_t N000003ED;
	uint32_t N000091E0;
	char pad_0098[1472];
	uint32_t EmptyUnitFillValue;
	GameUnitData LastOrderedUnit;
	GameUnitData GameUnitArray[10000];
};


typedef struct LoadMapReturnData
{
    int32_t errorCode;
    int32_t mapSize;
    int32_t mapRotation;
    int32_t mapRotationCentreX;
    int32_t mapRotationCentreY;
    int32_t siege_or_invasion;
    int32_t multiplayerMap;
    int32_t multiplayerKOTHMap;
    int32_t game_type;
    int32_t mission_level;
    int32_t coopTrailID;
    int32_t coopMissionID;
    int32_t coopMissionAlly;
    int32_t textID;
    int32_t difficulty_level;
    int32_t playerID;
    int32_t skirmishTrail;
    int32_t skirmishTrailLevel;
    int32_t skirmishGameType;
    int32_t arabicLord;
    int16_t keep_positions0x;
    int16_t keep_positions0y;
    int16_t keep_positions1x;
    int16_t keep_positions1y;
    int16_t keep_positions2x;
    int16_t keep_positions2y;
    int16_t keep_positions3x;
    int16_t keep_positions3y;
    int16_t keep_positions4x;
    int16_t keep_positions4y;
    int16_t keep_positions5x;
    int16_t keep_positions5y;
    int16_t keep_positions6x;
    int16_t keep_positions6y;
    int16_t keep_positions7x;
    int16_t keep_positions7y;
    uint8_t start_keep_location_order0;
    uint8_t start_keep_location_order1;
    uint8_t start_keep_location_order2;
    uint8_t start_keep_location_order3;
    uint8_t start_keep_location_order4;
    uint8_t start_keep_location_order5;
    uint8_t start_keep_location_order6;
    uint8_t start_keep_location_order7;
    int32_t loadedVersion;
    uint8_t radar_colour_mapping0;
    uint8_t radar_colour_mapping1;
    uint8_t radar_colour_mapping2;
    uint8_t radar_colour_mapping3;
    uint8_t radar_colour_mapping4;
    uint8_t radar_colour_mapping5;
    uint8_t radar_colour_mapping6;
    uint8_t radar_colour_mapping7;
    uint8_t computer_register0;
    uint8_t computer_register1;
    uint8_t computer_register2;
    uint8_t computer_register3;
    uint8_t computer_register4;
    uint8_t computer_register5;
    uint8_t computer_register6;
    uint8_t computer_register7;
    uint8_t computer_name0;
    uint8_t computer_name1;
    uint8_t computer_name2;
    uint8_t computer_name3;
    uint8_t computer_name4;
    uint8_t computer_name5;
    uint8_t computer_name6;
    uint8_t computer_name7;
    uint8_t computer_extended_lords_names0;
    uint8_t computer_extended_lords_names1;
    uint8_t computer_extended_lords_names2;
    uint8_t computer_extended_lords_names3;
    uint8_t computer_extended_lords_names4;
    uint8_t computer_extended_lords_names5;
    uint8_t computer_extended_lords_names6;
    uint8_t computer_extended_lords_names7;
} LoadMapReturnData;

typedef struct MultiplayerSetupTransferData
{
    int32_t fairness;
    int32_t starting_gamespeed;
    int32_t starting_goods_level;
    int32_t win_condition;
    int32_t allow_autotrading;
    int32_t no_knockdown_walls;
    int32_t autosave;
    int32_t peacetime;
    int32_t no_cows;
    int32_t no_dogs;
    int32_t start_keep_location_order0;
    int32_t start_keep_location_order1;
    int32_t start_keep_location_order2;
    int32_t start_keep_location_order3;
    int32_t start_keep_location_order4;
    int32_t start_keep_location_order5;
    int32_t start_keep_location_order6;
    int32_t start_keep_location_order7;
    int32_t extreme_troops;
    int32_t extreme_powers;
    int32_t extreme_powers_around_lord;
    int32_t allow_outposts;
    int32_t advanced_options;
    int32_t advanced_skirmish_options;
    int32_t advopt_pre_build;
    int32_t advopt_improved_arabswordsmen;
    int32_t advopt_improved_laddermen;
    int32_t advopt_improved_spearmen;
    int32_t advopt_rebalanced_horsearchers;
    int32_t advopt_improved_fletchers;
    int32_t advopt_uncapped_peasants;
    int32_t advopt_faster_peasants;
    int32_t advopt_enemy_hps;
    int32_t global_improved_sieging;
    int32_t advopt_healers;
    int32_t advopt_eunuchs;
    int32_t advopt_nogold;
    int32_t MP_BuildingsAvailable0;
    int32_t MP_BuildingsAvailable1;
    int32_t MP_BuildingsAvailable2;
    int32_t MP_BuildingsAvailable3;
    int32_t MP_BuildingsAvailable4;
    int32_t MP_BuildingsAvailable5;
    int32_t MP_BuildingsAvailable6;
    int32_t MP_BuildingsAvailable7;
    int32_t MP_BuildingsAvailable8;
    int32_t MP_BuildingsAvailable9;
    int32_t MP_BuildingsAvailable10;
    int32_t MP_BuildingsAvailable11;
    int32_t MP_BuildingsAvailable12;
    int32_t MP_GoodsAvailable0;
    int32_t MP_GoodsAvailable1;
    int32_t MP_GoodsAvailable2;
    int32_t MP_GoodsAvailable3;
    int32_t MP_GoodsAvailable4;
    int32_t MP_GoodsAvailable5;
    int32_t MP_GoodsAvailable6;
    int32_t MP_GoodsAvailable7;
    int32_t MP_GoodsAvailable8;
    int32_t MP_GoodsAvailable9;
    int32_t MP_GoodsAvailable10;
    int32_t MP_GoodsAvailable11;
    int32_t MP_GoodsAvailable12;
    int32_t MP_GoodsAvailable13;
    int32_t MP_GoodsAvailable14;
    int32_t MP_GoodsAvailable15;
    int32_t MP_GoodsAvailable16;
    int32_t MP_GoodsAvailable17;
    int32_t MP_GoodsAvailable18;
    int32_t MP_GoodsAvailable19;
    int32_t MP_GoodsAvailable20;
    int32_t MP_GoodsAvailable21;
    int32_t MP_GoodsAvailable22;
    int32_t MP_GoodsAvailable23;
    int32_t MP_GoodsAvailable24;
    int32_t MP_TroopsAvailable0;
    int32_t MP_TroopsAvailable1;
    int32_t MP_TroopsAvailable2;
    int32_t MP_TroopsAvailable3;
    int32_t MP_TroopsAvailable4;
    int32_t MP_TroopsAvailable5;
    int32_t MP_TroopsAvailable6;
    int32_t MP_TroopsAvailable7;
    int32_t MP_TroopsAvailable8;
    int32_t MP_TroopsAvailable9;
    int32_t MP_TroopsAvailable10;
    int32_t MP_TroopsAvailable11;
    int32_t MP_TroopsAvailable12;
    int32_t MP_TroopsAvailable13;
    int32_t MP_TroopsAvailable14;
    int32_t MP_TroopsAvailable15;
    int32_t MP_TroopsAvailable16;
    int32_t MP_TroopsAvailable17;
    int32_t MP_TroopsAvailable18;
    int32_t MP_TroopsAvailable19;
    int32_t MP_TroopsAvailable20;
    int32_t MP_TroopsAvailable21;
    int32_t MP_TroopsAvailable22;
    int32_t MP_TroopsAvailable23;
    int32_t MP_TroopsAvailable24;
    int32_t MP_TroopsAvailable25;
    int32_t MP_TroopsAvailable26;
    int32_t MP_TroopsAvailable27;
    int32_t MP_TroopsAvailable28;
    int32_t MP_TroopsAvailable29;
    int32_t MP_TroopsAvailable30;
    int32_t MP_TroopsAvailable31;
    int32_t preferredAIVs0;
    int32_t preferredAIVs1;
    int32_t preferredAIVs2;
    int32_t preferredAIVs3;
    int32_t preferredAIVs4;
    int32_t preferredAIVs5;
    int32_t preferredAIVs6;
    int32_t preferredAIVs7;
    int32_t global_improved_sieging2;
} MultiplayerSetupTransferData;

typedef struct AILordConfigTransferData
{
    int32_t opponent_type;
    int32_t opponent_type_for_speech;
    int32_t lord_gfx_type;
    int32_t flag_type;
    int32_t use_of_religion;
    int32_t use_of_ale;
    int32_t vlow_popularity;
    int32_t low_popularity;
    int32_t high_popularity;
    int32_t min_tax;
    int32_t max_tax;
    int32_t farm_types1;
    int32_t farm_types2;
    int32_t farm_types3;
    int32_t farm_types4;
    int32_t farm_types5;
    int32_t farm_types6;
    int32_t farm_types7;
    int32_t farm_types8;
    int32_t people_to_farm_ratio;
    int32_t extract_wood_ratio;
    int32_t extract_stone_ratio;
    int32_t extract_iron_ratio;
    int32_t extract_pitch_ratio;
    int32_t max_quarries;
    int32_t max_mines;
    int32_t max_woodcutters;
    int32_t max_pitch_dugouts;
    int32_t max_farms;
    int32_t build_rate;
    int32_t crushed_building_delay;
    int32_t sell_food_at;
    int32_t buy_apples_at;
    int32_t buy_cheese_at;
    int32_t buy_bread_at;
    int32_t buy_wheat_at;
    int32_t buy_hops_at;
    int32_t buy_food_amount;
    int32_t buy_weapons;
    int32_t pester_for_goods_delay;
    int32_t send_goods_margin;
    int32_t ration_boost;
    int32_t trade_wood_at;
    int32_t trade_stone_at;
    int32_t trade_resources_at;
    int32_t trade_flour_at;
    int32_t trade_weapons_at;
    int32_t trade_ale_at;
    int32_t trade_pitch_at;
    int32_t trade_minimum;
    int32_t base_gold_reserves;
    int32_t blacksmiths_make;
    int32_t fletchers_make;
    int32_t poleturners_make;
    int32_t sell_all1;
    int32_t sell_all2;
    int32_t sell_all3;
    int32_t sell_all4;
    int32_t sell_all5;
    int32_t sell_all6;
    int32_t sell_all7;
    int32_t sell_all8;
    int32_t sell_all9;
    int32_t sell_all10;
    int32_t sell_all11;
    int32_t sell_all12;
    int32_t sell_all13;
    int32_t sell_all14;
    int32_t sell_all15;
    int32_t move_mobile_defenders;
    int32_t max_mobile_groups;
    int32_t buy_defense_machines_at;
    int32_t buy_defense_machines_delay;
    int32_t dog_release_timing;
    int32_t dog_points_count;
    int32_t chance_of_defensive1;
    int32_t chance_of_defensive2;
    int32_t chance_of_defensive3;
    int32_t chance_of_harrasment1;
    int32_t chance_of_harrasment2;
    int32_t chance_of_harrasment3;
    int32_t chance_of_seiging1;
    int32_t chance_of_seiging2;
    int32_t chance_of_seiging3;
    int32_t economy_protection_number;
    int32_t economy_protection_type;
    int32_t bodyguard_number;
    int32_t bodyguard_type;
    int32_t moat_diggers;
    int32_t moat_digger_type;
    int32_t troop_production_rate1;
    int32_t troop_production_rate2;
    int32_t troop_production_rate3;
    int32_t defense_patrol_trigger_level;
    int32_t defense_patrols;
    int32_t defense_patrol_style;
    int32_t defense_patrol_delay;
    int32_t defensive_trigger_level;
    int32_t defensive_troops1;
    int32_t defensive_troops2;
    int32_t defensive_troops3;
    int32_t defensive_troops4;
    int32_t defensive_troops5;
    int32_t defensive_troops6;
    int32_t defensive_troops7;
    int32_t defensive_troops8;
    int32_t harrasment_trigger_level;
    int32_t harrasment_trigger_variance;
    int32_t harrasment_troops1;
    int32_t harrasment_troops2;
    int32_t harrasment_troops3;
    int32_t harrasment_troops4;
    int32_t harrasment_troops5;
    int32_t harrasment_troops6;
    int32_t harrasment_troops7;
    int32_t harrasment_troops8;
    int32_t harrasment_machines1;
    int32_t harrasment_machines2;
    int32_t harrasment_machines3;
    int32_t harrasment_machines4;
    int32_t harrasment_machines5;
    int32_t harrasment_machines6;
    int32_t harrasment_machines7;
    int32_t harrasment_machines8;
    int32_t max_harrasment_machines;
    int32_t harrass_delay;
    int32_t siege_trigger_level;
    int32_t siege_trigger_variance;
    int32_t siege_troops_before_will_come_to_rescue;
    int32_t siege_troops_on_site_percent;
    int32_t siege_troops_at_home_percent;
    int32_t siege_soften_up_delay;
    int32_t siege_victory_delay;
    int32_t percent_chance_waiting_for_joint_attack;
    int32_t siege_machines1;
    int32_t siege_machines2;
    int32_t siege_machines3;
    int32_t siege_machines4;
    int32_t siege_machines5;
    int32_t siege_machines6;
    int32_t siege_machines7;
    int32_t siege_machines8;
    int32_t siege_cow_timer;
    int32_t siege_eng_amount;
    int32_t siege_moat_troop;
    int32_t siege_moat_amount;
    int32_t siege_herring_troop;
    int32_t siege_herring_amount;
    int32_t siege_assasin_amount;
    int32_t siege_ladder_amount;
    int32_t siege_tunnel_amount;
    int32_t siege_storm_troop;
    int32_t siege_storm_amount;
    int32_t siege_storm_tribes;
    int32_t siege_cover_troop;
    int32_t siege_cover_amount;
    int32_t siege_cover_tribes;
    int32_t siege_shock_troop;
    int32_t siege_shock_amount;
    int32_t siege_reserve_troop;
    int32_t siege_reserve_amount;
    int32_t siege_reserve_tribes;
    int32_t siege_wall_troops1;
    int32_t siege_wall_troops2;
    int32_t siege_wall_troops3;
    int32_t siege_wall_troops4;
    int32_t siege_wall_troops5;
    int32_t siege_wall_troops6;
    int32_t siege_wall_troops7;
    int32_t siege_wall_troops8;
    int32_t siege_wall_troops9;
    int32_t siege_wall_troops10;
    int32_t siege_wall_troops11;
    int32_t siege_wall_troops12;
    int32_t siege_wall_troops13;
    int32_t siege_wall_troops14;
    int32_t siege_wall_troops15;
    int32_t siege_wall_troops16;
    int32_t siege_wall_troops17;
    int32_t siege_wall_troops18;
    int32_t siege_wall_troops19;
    int32_t siege_wall_troops20;
    int32_t siege_wall_troops21;
    int32_t siege_wall_troops22;
    int32_t siege_wall_troops23;
    int32_t siege_wall_troops24;
    int32_t siege_wall_amount;
    int32_t siege_wall_tribes;
    int32_t who_to_pick_on;
    int32_t use_improved_sieging;
    int32_t starting_troops_normal1;
    int32_t starting_troops_normal2;
    int32_t starting_troops_normal3;
    int32_t starting_troops_normal4;
    int32_t starting_troops_normal5;
    int32_t starting_troops_normal6;
    int32_t starting_troops_normal7;
    int32_t starting_troops_normal8;
    int32_t starting_troops_normal9;
    int32_t starting_troops_normal10;
    int32_t starting_troops_normal11;
    int32_t starting_troops_normal12;
    int32_t starting_troops_normal13;
    int32_t starting_troops_normal14;
    int32_t starting_troops_normal15;
    int32_t starting_troops_normal16;
    int32_t starting_troops_normal17;
    int32_t starting_troops_normal18;
    int32_t starting_troops_normal19;
    int32_t starting_troops_normal20;
    int32_t starting_troops_normal21;
    int32_t starting_troops_normal22;
    int32_t starting_troops_normal23;
    int32_t starting_troops_normal24;
    int32_t starting_troops_normal25;
    int32_t starting_troops_normal26;
    int32_t starting_troops_normal27;
    int32_t starting_troops_normal28;
    int32_t starting_troops_deathmatch1;
    int32_t starting_troops_deathmatch2;
    int32_t starting_troops_deathmatch3;
    int32_t starting_troops_deathmatch4;
    int32_t starting_troops_deathmatch5;
    int32_t starting_troops_deathmatch6;
    int32_t starting_troops_deathmatch7;
    int32_t starting_troops_deathmatch8;
    int32_t starting_troops_deathmatch9;
    int32_t starting_troops_deathmatch10;
    int32_t starting_troops_deathmatch11;
    int32_t starting_troops_deathmatch12;
    int32_t starting_troops_deathmatch13;
    int32_t starting_troops_deathmatch14;
    int32_t starting_troops_deathmatch15;
    int32_t starting_troops_deathmatch16;
    int32_t starting_troops_deathmatch17;
    int32_t starting_troops_deathmatch18;
    int32_t starting_troops_deathmatch19;
    int32_t starting_troops_deathmatch20;
    int32_t starting_troops_deathmatch21;
    int32_t starting_troops_deathmatch22;
    int32_t starting_troops_deathmatch23;
    int32_t starting_troops_deathmatch24;
    int32_t starting_troops_deathmatch25;
    int32_t starting_troops_deathmatch26;
    int32_t starting_troops_deathmatch27;
    int32_t starting_troops_deathmatch28;
    int32_t starting_troops_crusader1;
    int32_t starting_troops_crusader2;
    int32_t starting_troops_crusader3;
    int32_t starting_troops_crusader4;
    int32_t starting_troops_crusader5;
    int32_t starting_troops_crusader6;
    int32_t starting_troops_crusader7;
    int32_t starting_troops_crusader8;
    int32_t starting_troops_crusader9;
    int32_t starting_troops_crusader10;
    int32_t starting_troops_crusader11;
    int32_t starting_troops_crusader12;
    int32_t starting_troops_crusader13;
    int32_t starting_troops_crusader14;
    int32_t starting_troops_crusader15;
    int32_t starting_troops_crusader16;
    int32_t starting_troops_crusader17;
    int32_t starting_troops_crusader18;
    int32_t starting_troops_crusader19;
    int32_t starting_troops_crusader20;
    int32_t starting_troops_crusader21;
    int32_t starting_troops_crusader22;
    int32_t starting_troops_crusader23;
    int32_t starting_troops_crusader24;
    int32_t starting_troops_crusader25;
    int32_t starting_troops_crusader26;
    int32_t starting_troops_crusader27;
    int32_t starting_troops_crusader28;
    int32_t lord_power_display_level;
    int32_t lord_hps_percent;
    int32_t extendedLordParent;
    int32_t siege_max_troops;
    int32_t siege_normal_wave_multiplier;
    int32_t siege_high_gold_wave_multiplier;
    int32_t free04;
    int32_t free05;
    int32_t free06;
    int32_t free07;
    int32_t free08;
    int32_t free09;
    int32_t free00;
    int32_t free11;
    int32_t free12;
    int32_t free13;
    int32_t free14;
    int32_t free15;
    int32_t free16;
    int32_t free17;
    int32_t free18;
    int32_t free19;
    int32_t free20;
    int32_t free21;
    int32_t free22;
    int32_t free23;
    int32_t free24;
    int32_t free25;
    int32_t free26;
    int32_t free27;
    int32_t free28;
    int32_t free29;
    int32_t free30;
    int32_t free31;
    int32_t free32;
    int32_t free33;
    int32_t free34;
    int32_t free35;
    int32_t free36;
    int32_t free37;
    int32_t free38;
    int32_t free39;
    int32_t free40;
    int32_t free41;
    int32_t free42;
    int32_t free43;
    int32_t free44;
    int32_t free45;
    int32_t free46;
    int32_t free47;
    int32_t free48;
    int32_t free49;
    int32_t free50;
    int32_t free51;
    int32_t free52;
    int32_t free53;
    int32_t free54;
    int32_t free55;
    int32_t free56;
    int32_t free57;
    int32_t free58;
    int32_t free59;
    int32_t free60;
    int32_t free61;
    int32_t free62;
    int32_t free63;
    int32_t free64;
    int32_t free65;
    int32_t free66;
    int32_t free67;
    int32_t free68;
    int32_t free69;
    int32_t free70;
    int32_t free71;
    int32_t free72;
    int32_t free73;
    int32_t free74;
    int32_t free75;
    int32_t free76;
    int32_t free77;
    int32_t free78;
    int32_t free79;
    int32_t free80;
    int32_t free81;
    int32_t free82;
    int32_t free83;
    int32_t free84;
    int32_t free85;
    int32_t free86;
    int32_t free87;
    int32_t free88;
    int32_t free89;
    int32_t free90;
    int32_t free91;
    int32_t free92;
    int32_t free93;
    int32_t free94;
    int32_t free95;
    int32_t free96;
    int32_t free97;
    int32_t free98;
    int32_t free99;
    int32_t free100;
} AILordConfigTransferData;

typedef struct evF
{
    int16_t value;
    uint8_t type;
    uint8_t onoff;
} evF;

typedef struct tl_eventF
{
    int32_t month;
    int32_t year;
    int32_t tl_type;
    int16_t done;
    int16_t pre_done;
    int32_t action_data;
    int32_t action;
    int16_t and_or;
    uint8_t repeat;
    uint8_t repeat_count;
} tl_eventF;

typedef struct tl_messageF
{
    int32_t month;
    int32_t year;
    int32_t tl_type;
    int16_t done;
    int16_t pre_done;
    int32_t message_id;
    int32_t action;
} tl_messageF;

typedef struct tl_invasionF
{
    int32_t month;
    int32_t year;
    int32_t tl_type;
    int16_t done;
    int16_t pre_done;
    int32_t total;
    int32_t invasion_point;
    int32_t start_year;
    int32_t repeat;
    int32_t from;
    int32_t markerID;
    int32_t FixedElementField;
} tl_invasionF;

typedef struct PlayStateReturnData
{
    int32_t numSelectedChimps;
    int32_t popularity;
    int32_t population;
    int32_t gold;
    int32_t housing_cap;
    int32_t upcoming_total_popularity;
    int32_t rationing_popularity;
    int32_t foodsEaten_popularity;
    int32_t food_popularity;
    int32_t tax_popularity;
    int32_t overcrowding_popularity;
    int32_t fearFactor_popularity;
    int32_t religion_popularity;
    int32_t fairs_popularity;
    int32_t plague_popularity;
    int32_t wolves_popularity;
    int32_t bandits_popularity;
    int32_t fire_popularity;
    int32_t marriage_popularity;
    int32_t jester_popularity;
    int32_t good_things;
    int32_t bad_things;
    int32_t fear_factor;
    int32_t fear_factor_next_level;
    int32_t efficiency;
    int16_t num_priests;
    int16_t blessed_percent;
    int16_t blessed_next_level_at;
    int32_t tax_rate;
    int16_t tax_amount;
    int16_t peasants_available_for_troops;
    int32_t rationing;
    int32_t food_clock;
    int32_t total_food;
    int32_t months_of_food;
    int32_t food_types_eaten;
    int32_t food_types_available;
    int32_t app_mode;
    int32_t app_sub_mode;
    int32_t debug_value1;
    int32_t game_time;
    int32_t in_structure;
    int32_t in_structure_type;
    int32_t completeSelectionBox;
    int32_t in_chimp;
    int32_t in_chimp_type;
    int16_t inchimp_name1;
    int16_t inchimp_name2;
    int16_t dog_cage_state;
    int16_t inchimp_n_text;
    int32_t in_chimp_goods;
    int32_t gatehouse_state;
    int16_t repairs_allowed;
    int16_t can_do_repairs;
    int16_t building_hps_for_repair;
    int16_t building_maxhps_for_repair;
    int16_t sleep_allowed;
    int16_t building_type_sleeping;
    int16_t have_building_stats;
    int16_t workers_have;
    int16_t job_vacancies;
    int16_t workers_needed;
    int16_t got_keep_access;
    int16_t turned_off;
    int16_t working;
    int16_t mill_message;
    int32_t pints_of_ale;
    int16_t barrels_of_ale;
    int16_t working_inns;
    int16_t total_inns;
    int16_t inn_coverage_percent;
    int16_t inn_coverage_popularity;
    int16_t inn_coverage_next;
    uint8_t troops_show_disband;
    uint8_t troops_show_build_menu;
    uint8_t troops_show_make_catapult;
    uint8_t troops_show_make_trebuchet;
    uint8_t troops_show_make_siege_tower;
    uint8_t troops_show_battering_ram;
    uint8_t troops_show_portable_shield;
    uint8_t troops_show_get_ammo;
    uint8_t troops_show_launch_cow_and_num_cows;
    uint8_t troops_show_attack_here_and_type;
    uint8_t troops_show_attack_here_number_rocks;
    uint8_t troops_show_stance;
    uint8_t troops_show_patrol;
    uint8_t troops_patrol_mode;
    uint8_t weapon_being_made_now;
    uint8_t game_type;
    uint8_t can_make_xbows;
    uint8_t can_make_sword;
    uint8_t can_make_pike;
    uint8_t weapon_being_made_next;
    uint8_t production_no_resources;
    uint8_t playerdesc_message;
    uint8_t playerdesc_message2;
    int16_t marry_status;
    int16_t marry_male_type;
    int16_t marry_female_type;
    int16_t marry_text;
    int16_t marry_m_name1;
    int16_t marry_m_name2;
    int16_t marry_f_name1;
    int16_t marry_f_name2;
    int16_t blessed_popularity;
    uint8_t church_adjustment;
    uint8_t church_missing;
    int16_t scribe_frame;
    int16_t total_horses_available;
    int32_t action_point_count;
    int16_t camera_target_x;
    int16_t camera_target_y;
    int16_t camera_target_z;
    int16_t rotateHappened;
    int16_t trading_current_goods;
    int16_t trading_next_goods;
    int16_t trading_prev_goods;
    int16_t force_app_mode;
    int16_t month;
    int16_t year;
    int16_t pop_months;
    int16_t chimp_comments;
    int16_t camera_target_flat;
    int16_t skirmish_map_num_keeps;
    int16_t inbuilding_help_id;
    int16_t MP_Ahead_By;
    int16_t MP_Behind_By;
    int16_t SkipFrame;
    int16_t undoAvailable;
    int16_t chimps_count;
    int16_t chimps_limit;
    int16_t structs_count;
    int16_t structs_limit;
    int16_t orgs_count;
    int16_t orgs_limit;
    int16_t minerals_count;
    int16_t minerals_limit;
    int16_t tribes_count;
    int16_t tribes_limit;
    uint8_t freeWoodcutter;
    uint8_t freeGranary;
    uint8_t gotSignpost;
    int32_t repair_wood_needed;
    int32_t repair_stone_needed;
    int16_t panel_text_group;
    int16_t panel_text_text;
    uint8_t free_buildingCheat;
    uint8_t editor_time_paused;
    int16_t bld_tiles_built;
    uint8_t game_paused;
    uint8_t numMPChatEntries;
    int16_t ai_clock;
    uint8_t lordOnlySelected;
    uint8_t gotMarket;
    uint8_t keep_enclosed;
    uint8_t can_make_bows;
    uint8_t can_make_mace;
    uint8_t can_make_spear;
    uint8_t messageFrom;
    uint8_t troops_show_make_arab_ballista;
    uint8_t starting_goods_level;
    uint8_t fairness;
    uint32_t elapsedTime;
    uint8_t balanced;
    uint8_t extremeEnabled;
    int16_t extremeCount;
    uint8_t mouse_selector_state;
    uint8_t flattenedHappened;
    uint8_t skirmishInsultFrom;
    uint8_t skirmishInsult;
    uint8_t lord_Type;
    uint8_t monk_available;
    uint8_t engineer_available;
    uint8_t ladderman_available;
    uint8_t team_shield1;
    uint8_t team_shield2;
    uint8_t team_shield3;
    uint8_t team_shield4;
    uint8_t team_shield5;
    uint8_t team_shield6;
    uint8_t team_shield7;
    uint8_t team_shield8;
    uint8_t resyncPercent;
    uint8_t messageFromcharacter;
    int16_t debug_value2;
    uint8_t laddermanCost;
    uint8_t eunuchCost;
    uint8_t spectatorMode;
    uint8_t customisedExtremeTrail;
    int32_t FixedElementField;
} PlayStateReturnData;

typedef struct ScoreReturnData
{
    int32_t score_weapons;
    int32_t score_weapons_points;
    int32_t score;
    int32_t levelPoints;
    int32_t score_months;
    int32_t score_months_points;
    int32_t items_count;
    int32_t items_extra1;
    int32_t items_extra2;
    int32_t items_extra3;
    int32_t items_extra4;
    int32_t items_extra5;
    int32_t items_extra6;
    int32_t items_extra7;
    int32_t items_extra_points1;
    int32_t items_extra_points2;
    int32_t items_extra_points3;
    int32_t items_extra_points4;
    int32_t items_extra_points5;
    int32_t items_extra_points6;
    int32_t items_extra_points7;
    int32_t items_extra_type1;
    int32_t items_extra_type2;
    int32_t items_extra_type3;
    int32_t items_extra_type4;
    int32_t items_extra_type5;
    int32_t items_extra_type6;
    int32_t items_extra_type7;
    int32_t score_troops;
    int32_t troops_percent_lost;
    int32_t siege_that_score;
    int32_t siege_defenders_score;
    int32_t siege_attackers_score;
    int32_t difficulty_level;
} ScoreReturnData;

typedef struct multiplayer_stats_export
{
    int32_t real_time;
    int32_t game_time;
    int32_t ranged_made;
    int32_t melee_made;
    uint64_t unique;
    int32_t FixedElementField;
} multiplayer_stats_export;

typedef struct LogicDebugInfo
{
    int32_t gfx_layer;
    int32_t gfx_layer_file;
    int32_t gfx_layer_id;
    int32_t alpha_gfx_layer;
    int32_t construction_gfx_layer;
    int32_t pillar_gfx_layer;
    int32_t pillar_gfx_layer_file;
    int32_t pillar_gfx_layer_id;
    int32_t wall_gfx_layer;
    int32_t wall_gfx_layer_file;
    int32_t wall_gfx_layer_id;
    int32_t floating_layer;
    int32_t random_layer;
    int32_t logic_layer;
    int32_t logic2_layer;
    int32_t changed_layer;
    int32_t organism_layer;
    int32_t structure_layer;
    int32_t structure_was_layer;
    int32_t chimp_layer;
    int32_t fly_layer;
    int32_t height_layer;
    int32_t default_height_layer;
    int32_t wall_owner_layer;
    int32_t luminesence_layer;
    int32_t show_hi_layer;
    int32_t misc_display_layer;
    int32_t damage_layer;
    int32_t macro_layer;
    int32_t path_connection_layer;
    int32_t path_linkage_layer;
    int32_t occupancy_layer;
    int32_t certain_path_layer;
    int32_t walk_layer;
    int32_t ai_zone_layer;
    int32_t ai_info_layer;
    int32_t ai_danger_layer;
    int32_t ai_proximity_layer;
    int32_t town_dz_spread_id;
    int32_t town_null_connects;
    int32_t town_dz_spread_count;
    int32_t town_stone_value;
    int32_t town_structure;
    int32_t town_oasis;
    int32_t town_farm;
    int32_t town_iron;
    int32_t problem_build;
    int32_t aiv_block_zone;
    int32_t delay_layer;
    int32_t aiv_block_layer;
    int32_t mapOfset;
} LogicDebugInfo;






typedef struct InternalAIC
{
	int32_t opponent_type;
	int32_t opponent_type_for_speech;
	int32_t lord_gfx_type;
	int32_t flag_type;
	int32_t use_of_religion;
	int32_t use_of_ale;
	int32_t vlow_popularity;
	int32_t low_popularity;
	int32_t high_popularity;
	int32_t min_tax;
	int32_t max_tax;
	int32_t farm_types1;
	int32_t farm_types2;
	int32_t farm_types3;
	int32_t farm_types4;
	int32_t farm_types5;
	int32_t farm_types6;
	int32_t farm_types7;
	int32_t farm_types8;
	int32_t people_to_farm_ratio;
	int32_t extract_wood_ratio;
	int32_t extract_stone_ratio;
	int32_t extract_iron_ratio;
	int32_t extract_pitch_ratio;
	int32_t max_quarries;
	int32_t max_mines;
	int32_t max_woodcutters;
	int32_t max_pitch_dugouts;
	int32_t max_farms;
	int32_t build_rate;
	int32_t crushed_building_delay;
	int32_t sell_food_at;
	int32_t buy_apples_at;
	int32_t buy_cheese_at;
	int32_t buy_bread_at;
	int32_t buy_wheat_at;
	int32_t buy_hops_at;
	int32_t buy_food_amount;
	int32_t buy_weapons;
	int32_t pester_for_goods_delay;
	int32_t send_goods_margin;
	int32_t ration_boost;
	int32_t trade_wood_at;
	int32_t trade_stone_at;
	int32_t trade_resources_at;
	int32_t trade_flour_at;
	int32_t trade_weapons_at;
	int32_t trade_ale_at;
	int32_t trade_pitch_at;
	int32_t trade_minimum;
	int32_t base_gold_reserves;
	int32_t blacksmiths_make;
	int32_t fletchers_make;
	int32_t poleturners_make;
	int32_t sell_all1;
	int32_t sell_all2;
	int32_t sell_all3;
	int32_t sell_all4;
	int32_t sell_all5;
	int32_t sell_all6;
	int32_t sell_all7;
	int32_t sell_all8;
	int32_t sell_all9;
	int32_t sell_all10;
	int32_t sell_all11;
	int32_t sell_all12;
	int32_t sell_all13;
	int32_t sell_all14;
	int32_t sell_all15;
	int32_t move_mobile_defenders;
	int32_t max_mobile_groups;
	int32_t buy_defense_machines_at;
	int32_t buy_defense_machines_delay;
	int32_t dog_release_timing;
	int32_t dog_points_count;
	int32_t chance_of_defensive1;
	int32_t chance_of_defensive2;
	int32_t chance_of_defensive3;
	int32_t chance_of_harrasment1;
	int32_t chance_of_harrasment2;
	int32_t chance_of_harrasment3;
	int32_t chance_of_seiging1;
	int32_t chance_of_seiging2;
	int32_t chance_of_seiging3;
	int32_t economy_protection_number;
	int32_t economy_protection_type;
	int32_t bodyguard_number;
	int32_t bodyguard_type;
	int32_t moat_diggers;
	int32_t moat_digger_type;
	int32_t troop_production_rate1;
	int32_t troop_production_rate2;
	int32_t troop_production_rate3;
	int32_t defense_patrol_trigger_level;
	int32_t defense_patrols;
	int32_t defense_patrol_style;
	int32_t defense_patrol_delay;
	int32_t defensive_trigger_level;
	int32_t defensive_troops1;
	int32_t defensive_troops2;
	int32_t defensive_troops3;
	int32_t defensive_troops4;
	int32_t defensive_troops5;
	int32_t defensive_troops6;
	int32_t defensive_troops7;
	int32_t defensive_troops8;
	int32_t harrasment_trigger_level;
	int32_t harrasment_trigger_variance;
	int32_t harrasment_troops1;
	int32_t harrasment_troops2;
	int32_t harrasment_troops3;
	int32_t harrasment_troops4;
	int32_t harrasment_troops5;
	int32_t harrasment_troops6;
	int32_t harrasment_troops7;
	int32_t harrasment_troops8;
	int32_t harrasment_machines1;
	int32_t harrasment_machines2;
	int32_t harrasment_machines3;
	int32_t harrasment_machines4;
	int32_t harrasment_machines5;
	int32_t harrasment_machines6;
	int32_t harrasment_machines7;
	int32_t harrasment_machines8;
	int32_t max_harrasment_machines;
	int32_t harrass_delay;
	int32_t siege_trigger_level;
	int32_t siege_trigger_variance;
	int32_t siege_troops_before_will_come_to_rescue;
	int32_t siege_troops_on_site_percent;
	int32_t siege_troops_at_home_percent;
	int32_t siege_soften_up_delay;
	int32_t siege_victory_delay;
	int32_t percent_chance_waiting_for_joint_attack;
	int32_t siege_machines1;
	int32_t siege_machines2;
	int32_t siege_machines3;
	int32_t siege_machines4;
	int32_t siege_machines5;
	int32_t siege_machines6;
	int32_t siege_machines7;
	int32_t siege_machines8;
	int32_t siege_cow_timer;
	int32_t siege_eng_amount;
	int32_t siege_moat_troop;
	int32_t siege_moat_amount;
	int32_t siege_herring_troop;
	int32_t siege_herring_amount;
	int32_t siege_assasin_amount;
	int32_t siege_ladder_amount;
	int32_t siege_tunnel_amount;
	int32_t siege_storm_troop;
	int32_t siege_storm_amount;
	int32_t siege_storm_tribes;
	int32_t siege_cover_troop;
	int32_t siege_cover_amount;
	int32_t siege_cover_tribes;
	int32_t siege_shock_troop;
	int32_t siege_shock_amount;
	int32_t siege_reserve_troop;
	int32_t siege_reserve_amount;
	int32_t siege_reserve_tribes;
	int32_t siege_wall_troops1;
	int32_t siege_wall_troops2;
	int32_t siege_wall_troops3;
	int32_t siege_wall_troops4;
	int32_t siege_wall_troops5;
	int32_t siege_wall_troops6;
	int32_t siege_wall_troops7;
	int32_t siege_wall_troops8;
	int32_t siege_wall_troops9;
	int32_t siege_wall_troops10;
	int32_t siege_wall_troops11;
	int32_t siege_wall_troops12;
	int32_t siege_wall_troops13;
	int32_t siege_wall_troops14;
	int32_t siege_wall_troops15;
	int32_t siege_wall_troops16;
	int32_t siege_wall_troops17;
	int32_t siege_wall_troops18;
	int32_t siege_wall_troops19;
	int32_t siege_wall_troops20;
	int32_t siege_wall_troops21;
	int32_t siege_wall_troops22;
	int32_t siege_wall_troops23;
	int32_t siege_wall_troops24;
	int32_t siege_wall_amount;
	int32_t siege_wall_tribes;
	int32_t who_to_pick_on;
	int32_t use_improved_sieging;
	int32_t starting_troops_normal1;
	int32_t starting_troops_normal2;
	int32_t starting_troops_normal3;
	int32_t starting_troops_normal4;
	int32_t starting_troops_normal5;
	int32_t starting_troops_normal6;
	int32_t starting_troops_normal7;
	int32_t starting_troops_normal8;
	int32_t starting_troops_normal9;
	int32_t starting_troops_normal10;
	int32_t starting_troops_normal11;
	int32_t starting_troops_normal12;
	int32_t starting_troops_normal13;
	int32_t starting_troops_normal14;
	int32_t starting_troops_normal15;
	int32_t starting_troops_normal16;
	int32_t starting_troops_normal17;
	int32_t starting_troops_normal18;
	int32_t starting_troops_normal19;
	int32_t starting_troops_normal20;
	int32_t starting_troops_normal21;
	int32_t starting_troops_normal22;
	int32_t starting_troops_normal23;
	int32_t starting_troops_normal24;
	int32_t starting_troops_normal25;
	int32_t starting_troops_normal26;
	int32_t starting_troops_normal27;
	int32_t starting_troops_normal28;
	int32_t starting_troops_deathmatch1;
	int32_t starting_troops_deathmatch2;
	int32_t starting_troops_deathmatch3;
	int32_t starting_troops_deathmatch4;
	int32_t starting_troops_deathmatch5;
	int32_t starting_troops_deathmatch6;
	int32_t starting_troops_deathmatch7;
	int32_t starting_troops_deathmatch8;
	int32_t starting_troops_deathmatch9;
	int32_t starting_troops_deathmatch10;
	int32_t starting_troops_deathmatch11;
	int32_t starting_troops_deathmatch12;
	int32_t starting_troops_deathmatch13;
	int32_t starting_troops_deathmatch14;
	int32_t starting_troops_deathmatch15;
	int32_t starting_troops_deathmatch16;
	int32_t starting_troops_deathmatch17;
	int32_t starting_troops_deathmatch18;
	int32_t starting_troops_deathmatch19;
	int32_t starting_troops_deathmatch20;
	int32_t starting_troops_deathmatch21;
	int32_t starting_troops_deathmatch22;
	int32_t starting_troops_deathmatch23;
	int32_t starting_troops_deathmatch24;
	int32_t starting_troops_deathmatch25;
	int32_t starting_troops_deathmatch26;
	int32_t starting_troops_deathmatch27;
	int32_t starting_troops_deathmatch28;
	int32_t starting_troops_crusader1;
	int32_t starting_troops_crusader2;
	int32_t starting_troops_crusader3;
	int32_t starting_troops_crusader4;
	int32_t starting_troops_crusader5;
	int32_t starting_troops_crusader6;
	int32_t starting_troops_crusader7;
	int32_t starting_troops_crusader8;
	int32_t starting_troops_crusader9;
	int32_t starting_troops_crusader10;
	int32_t starting_troops_crusader11;
	int32_t starting_troops_crusader12;
	int32_t starting_troops_crusader13;
	int32_t starting_troops_crusader14;
	int32_t starting_troops_crusader15;
	int32_t starting_troops_crusader16;
	int32_t starting_troops_crusader17;
	int32_t starting_troops_crusader18;
	int32_t starting_troops_crusader19;
	int32_t starting_troops_crusader20;
	int32_t starting_troops_crusader21;
	int32_t starting_troops_crusader22;
	int32_t starting_troops_crusader23;
	int32_t starting_troops_crusader24;
	int32_t starting_troops_crusader25;
	int32_t starting_troops_crusader26;
	int32_t starting_troops_crusader27;
	int32_t starting_troops_crusader28;
	int32_t lord_power_display_level;
	int32_t lord_hps_percent;
	int32_t extendedLordParent;
	int32_t siege_max_troops;
	int32_t siege_normal_wave_multiplier;
	int32_t siege_high_gold_wave_multiplier;
	int32_t free04;
	int32_t free05;
	int32_t free06;
	int32_t free07;
	int32_t free08;
	int32_t free09;
	int32_t free00;
	int32_t free11;
	int32_t free12;
	int32_t free13;
	int32_t free14;
	int32_t free15;
	int32_t free16;
	int32_t free17;
	int32_t free18;
	int32_t free19;
	int32_t free20;
	int32_t free21;
	int32_t free22;
	int32_t free23;
	int32_t free24;
	int32_t free25;
	int32_t free26;
	int32_t free27;
	int32_t free28;
	int32_t free29;
	int32_t free30;
	int32_t free31;
	int32_t free32;
	int32_t free33;
	int32_t free34;
	int32_t free35;
	int32_t free36;
	int32_t free37;
	int32_t free38;
	int32_t free39;
	int32_t free40;
	int32_t free41;
	int32_t free42;
	int32_t free43;
	int32_t free44;
	int32_t free45;
	int32_t free46;
	int32_t free47;
	int32_t free48;
	int32_t free49;
	int32_t free50;
	int32_t free51;
	int32_t free52;
	int32_t free53;
	int32_t free54;
	int32_t free55;
	int32_t free56;
	int32_t free57;
	int32_t free58;
	int32_t free59;
	int32_t free60;
	int32_t free61;
	int32_t free62;
	int32_t free63;
	int32_t free64;
	int32_t free65;
	int32_t free66;
	int32_t free67;
	int32_t free68;
	int32_t free69;
	int32_t free70;
	int32_t free71;
	int32_t free72;
	int32_t free73;
	int32_t free74;
	int32_t free75;
	int32_t free76;
	int32_t free77;
	int32_t free78;
	int32_t free79;
	int32_t free80;
	int32_t free81;
	int32_t free82;
	int32_t free83;
	int32_t free84;
	int32_t free85;
	int32_t free86;
	int32_t free87;
	int32_t free88;
	int32_t free89;
	int32_t free90;
	int32_t free91;
	int32_t free92;
	int32_t free93;
	int32_t free94;
	int32_t free95;
	int32_t free96;
	int32_t free97;
	int32_t free98;
	int32_t free99;
	int32_t free100;
};


typedef struct MessageManager
{
	uint32_t IsQueueActive;
	uint32_t ImmediateCommandId;
	uint32_t ImmediateMessageType;
	char pad_000C[200];
	uint32_t ImmediatePlayerId;
	char pad_00D8[4];
	uint32_t QueueCommandIds[10];
	uint32_t QueueMessageTypes[10];
	uint32_t QueueFlags[10];
	char QueueVideoPaths[10][100];
	char QueueAudioPaths[10][100];
	uint32_t QueuePlayerIds[10];
	uint32_t CurrentQueueCount;
	char pad_0950[904];
};


typedef struct PlayerResources
{
	uint32_t N000039F7;
	uint32_t N000044FF;
	uint32_t N000039F8;
	uint32_t N00004501;
	uint32_t N000039F9;
	uint32_t N00004503;
	uint32_t r_RationsMode2;
	uint32_t N00004505;
	uint32_t N000039FB;
	uint32_t N00004507;
	uint32_t N000039FC;
	uint32_t N00004509;
	uint16_t N000039FD;
	uint16_t N000047DF;
	uint32_t N0000450B;
	uint32_t N000039FE;
	uint32_t N0000450D;
	uint16_t Unknown2;
	uint16_t N0002B783;
	uint32_t N0000450F;
	uint32_t N00003A00;
	uint32_t N00004511;
	uint16_t N00003A01;
	uint16_t N000047DA;
	int32_t N00004513;
	uint32_t N00003A02;
	uint32_t N00004515;
	uint32_t r_CurrentPopularity;
	uint32_t N00004517;
	uint32_t r_VacantWorkBuildings;
	uint32_t r_PeasantSpawnProgressRequired;
	int32_t r_PeasantSpawnProgress;
	uint32_t r_CivilianHousingSpace;
	uint32_t r_TotalPeasants;
	uint32_t N0000451D;
	uint32_t N00003A07;
	uint32_t r_TotalCivilians;
	uint32_t r_ReadyPeasants;
	uint32_t r_ExistingPeasants;
	uint32_t N00003A09;
	uint32_t r_KeepId;
	uint32_t r_KeepTilePositionX;
	uint32_t r_KeepTilePositionY;
	uint32_t r_KeepTileId;
	uint32_t N00004527;
	uint32_t N00003A0C;
	uint32_t N00004529;
	uint32_t N00003A0D;
	uint32_t N0000452B;
	uint32_t N00003A0E;
	uint32_t r_FirstGoodsyardId;
	uint32_t r_FirstGoodsyardTilePositionY;
	uint32_t r_FirstGoodsyardTilePositionX;
	uint32_t r_FirstGoodsyardTileId;
	uint32_t N00004531;
	uint32_t N00003A11;
	uint32_t N00004533;
	uint32_t N00003A12;
	uint32_t N00004535;
	uint32_t N00003A13;
	uint32_t r_FirstGranaryId;
	uint32_t r_FirstGranaryTilePositionY;
	uint32_t r_FirstGranaryTilePositionX;
	uint32_t r_FirstGranaryTileId;
	uint32_t N0000453B;
	uint32_t N00003A16;
	uint32_t N0000453D;
	uint32_t N00003A17;
	uint32_t N0000453F;
	uint32_t N00003A18;
	uint32_t r_FirstArmouryId;
	uint32_t r_FirstArmouryTilePositionX;
	uint32_t r_FirstArmouryTilePositionY;
	uint32_t r_FirstArmouryTileId;
	uint32_t N00004545;
	uint32_t N00003A1B;
	uint32_t N00004547;
	uint32_t N00003A1C;
	uint32_t N00004549;
	uint32_t N00003A1D;
	uint32_t N0000454B;
	uint32_t N00003A1E;
	uint32_t N0000454D;
	uint32_t N00003A1F;
	uint32_t N0000454F;
	uint32_t N00003A20;
	uint32_t N00004551;
	uint32_t N00003A21;
	uint32_t N00004553;
	uint32_t N00003A22;
	uint32_t r_EuroMercPostId;
	uint32_t r_EuroMercPostTilePositionX;
	uint32_t r_EuroMercPostTilePositionY;
	uint32_t r_EuroMercPostTileId;
	uint32_t N00004559;
	uint32_t N00003A25;
	uint32_t N0000455B;
	uint32_t N00003A26;
	uint32_t N0000455D;
	uint32_t N00003A27;
	uint32_t N0000455F;
	uint32_t N00003A28;
	uint32_t N00004561;
	uint32_t N00003A29;
	uint32_t N00004563;
	uint32_t N00003A2A;
	uint32_t N00004565;
	uint32_t N00003A2B;
	uint32_t N00004567;
	uint32_t N00003A2C;
	uint32_t r_TradePostId;
	uint32_t r_TradePostTilePositionX;
	uint32_t r_TradePostTilePositionY;
	uint32_t r_TradePostTileId;
	uint32_t N0000456D;
	uint32_t N00003A2F;
	uint32_t N0000456F;
	uint32_t N00003A30;
	uint32_t N00004571;
	uint32_t N00003A31;
	uint32_t r_KeepDoorId;
	uint32_t r_KeepDoorTilePositionX;
	uint32_t r_KeepDoorTilePositionY;
	uint32_t r_KeepDoorTileId;
	uint32_t N00004577;
	uint32_t N00003A34;
	uint32_t N00004579;
	uint32_t N00003A35;
	uint32_t N0000457B;
	uint32_t N00003A36;
	uint32_t r_EngineersGuildId;
	uint32_t r_EngineersGuildTilePositionX;
	uint32_t r_EngineersGuildTilePositionY;
	uint32_t r_EngineersGuildTileId;
	uint32_t N00004581;
	uint32_t N00003A39;
	uint32_t N00004583;
	uint32_t N00003A3A;
	uint32_t N00004585;
	uint32_t N00003A3B;
	uint32_t r_TunnelersGuildId;
	uint32_t r_TunnelersGuildTilePositionX;
	uint32_t r_TunnelersGuildTilePositionY;
	uint32_t r_TunnelersGuildTileId;
	uint32_t N0000458B;
	uint32_t N00003A3E;
	uint32_t N0000458D;
	uint32_t N00003A3F;
	uint32_t N0000458F;
	uint32_t N00003A40;
	uint32_t r_ArabMercPostId;
	uint32_t r_ArabMercPostTilePositionX;
	uint32_t r_ArabMercPostTilePositionY;
	uint32_t r_ArabMercPostTileId;
	uint32_t N00004595;
	uint32_t N00003A43;
	uint32_t N00004597;
	uint32_t N00003A44;
	uint32_t N00004599;
	uint32_t N00003A45;
	uint32_t r_LastBuildOilSmelterId;
	uint32_t r_LastBuildOilSmelterTilePositionX;
	uint32_t r_LastBuildOilSmelterTilePositionY;
	uint32_t r_LastBuildOilSmelterTileId;
	uint32_t N0000459F;
	uint32_t N00003A48;
	uint32_t N000045A1;
	uint32_t N00003A49;
	uint32_t N000045A3;
	uint32_t N00003A4A;
	uint32_t r_BedouinMercPostId;
	uint32_t r_BedouinMercPostTilePositionX;
	uint32_t r_BedouinMercPostTilePositionY;
	uint32_t r_BedouinMercPostTileId;
	uint32_t N000045A9;
	uint32_t N00003A4D;
	uint32_t N000045AB;
	uint32_t N00003A4E;
	uint32_t N000045AD;
	uint32_t N00003A4F;
	uint32_t N000045AF;
	uint32_t N00003A50;
	uint32_t N000045B1;
	uint32_t N00003A51;
	uint32_t N000045B3;
	uint32_t N00003A52;
	uint32_t N000045B5;
	uint32_t N00003A53;
	uint32_t N000045B7;
	uint32_t N00003A54;
	uint32_t N000045B9;
	uint32_t N00003A55;
	uint32_t N000045BB;
	uint32_t N00003A56;
	uint32_t N000045BD;
	uint32_t N00003A57;
	uint32_t N000045BF;
	uint32_t N00003A58;
	uint32_t N000045C1;
	uint32_t N00003A59;
	uint32_t N000045C3;
	uint32_t N00003A5A;
	uint32_t N000045C5;
	uint32_t N00003A5B;
	uint32_t N000045C7;
	uint32_t N00003A5C;
	uint32_t N000045C9;
	uint32_t N00003A5D;
	uint32_t N000045CB;
	uint32_t N00003A5E;
	uint32_t N000045CD;
	uint32_t N00003A5F;
	uint32_t N000045CF;
	uint32_t N00003A60;
	uint32_t N000045D1;
	uint32_t N00003A61;
	uint32_t N000045D3;
	uint32_t N00003A62;
	uint32_t N000045D5;
	uint32_t N00003A63;
	uint32_t N000045D7;
	uint32_t N00003A64;
	uint32_t N000045D9;
	uint32_t N00003A65;
	uint32_t N000045DB;
	uint32_t N00003A66;
	uint32_t N000045DD;
	uint32_t N00003A67;
	uint32_t N000045DF;
	uint32_t N00003A68;
	uint32_t N000045E1;
	uint32_t N00003A69;
	uint32_t N000045E3;
	uint32_t N00003A6A;
	uint32_t N000045E5;
	uint32_t N00003A6B;
	uint32_t N000045E7;
	uint32_t N00003A6C;
	uint32_t N000045E9;
	uint32_t N00003A6D;
	uint32_t r_PreviousPopularity;
	uint32_t r_TotalArmy;
	uint32_t N000045ED;
	uint32_t N00003A6F;
	uint32_t N000045EF;
	uint32_t N00003A70;
	uint32_t N000045F1;
	uint32_t N00003A71;
	uint32_t N000045F3;
	uint32_t N00003A72;
	uint32_t N000045F5;
	uint32_t N00003A73;
	uint32_t N000045F7;
	uint32_t N00003A74;
	uint32_t N000045F9;
	uint32_t N00003A75;
	uint32_t N000045FB;
	uint32_t N00003A76;
	uint32_t N000045FD;
	uint32_t N00003A77;
	uint32_t N000045FF;
	uint32_t N00003A78;
	uint32_t N00004601;
	uint32_t N00003A79;
	uint32_t N00004603;
	uint32_t N00003A7A;
	uint32_t N00004605;
	uint32_t N00003A7B;
	uint32_t N00004607;
	uint32_t N00003A7C;
	uint32_t N00004609;
	uint32_t N00003A7D;
	uint32_t N0000460B;
	uint32_t N00003A7E;
	uint32_t N0000460D;
	uint32_t N00003A7F;
	uint32_t N0000460F;
	uint32_t p_GoldPreviousMonth;
	uint32_t N00004611;
	uint32_t N00003A81;
	uint32_t N00004613;
	uint32_t N00003A82;
	uint32_t N00004615;
	uint32_t N00003A83;
	uint32_t N00004617;
	uint32_t N00003A84;
	uint32_t r_incomingNull;
	uint32_t r_incomingWoodLogs;
	uint32_t r_incomingWoodPlanks;
	uint32_t r_incomingRawHops;
	uint32_t r_incomingStoneBlocks;
	uint32_t r_incomingCowHides;
	uint32_t r_incomingIronIngots;
	uint32_t r_incomingPitchRaw;
	uint32_t r_incomingPitchRefined;
	uint32_t r_incomingRawWheat;
	uint32_t r_incomingFoodBread;
	uint32_t r_incomingFoodCheese;
	uint32_t r_incomingFoodMeat;
	uint32_t r_incomingFoodFruit;
	uint32_t r_incomingFoodAle;
	uint32_t r_incomingGold;
	uint32_t r_incomingFlour;
	uint32_t r_incomingBows;
	uint32_t r_incomingCrossbows;
	uint32_t r_incomingSpears;
	uint32_t r_incomingPikes;
	uint32_t r_incomingMaces;
	uint32_t r_incomingSwords;
	uint32_t r_incomingLeatherArmour;
	uint32_t r_incomingMetalArmour;
	uint32_t r_TotalGoodsNull;
	uint32_t r_TotalGoodsWoodLogs;
	uint32_t r_TotalGoodsWoodPlanks;
	uint32_t r_TotalGoodsRawHops;
	uint32_t r_TotalGoodsStoneBlocks;
	uint32_t r_TotalGoodsCowHides;
	uint32_t r_TotalGoodsIronIngots;
	uint32_t r_TotalGoodsPitchRaw;
	uint32_t r_TotalGoodsPitchRefined;
	uint32_t r_TotalGoodsRawWheat;
	uint32_t r_TotalGoodsFoodBread;
	uint32_t r_TotalGoodsFoodCheese;
	uint32_t r_TotalGoodsFoodMeat;
	uint32_t r_TotalGoodsFoodFruit;
	uint32_t r_TotalGoodsFoodAle;
	uint32_t r_TotalGoodsGold;
	uint32_t r_TotalGoodsFlour;
	uint32_t r_TotalGoodsBows;
	uint32_t r_TotalGoodsCrossbows;
	uint32_t r_TotalGoodsSpears;
	uint32_t r_TotalGoodsPikes;
	uint32_t r_TotalGoodsMaces;
	uint32_t r_TotalGoodsSwords;
	uint32_t r_TotalGoodsLeatherArmour;
	uint32_t r_TotalGoodsMetalArmour;
	uint32_t N0000464B;
	uint32_t N00003A9E;
	uint32_t N0000464D;
	uint32_t N00003A9F;
	uint32_t N0000464F;
	uint32_t N00003AA0;
	uint32_t N00004651;
	uint32_t N00003AA1;
	uint32_t N00004653;
	uint32_t N00003AA2;
	uint32_t N00004655;
	uint32_t N00003AA3;
	uint32_t N00004657;
	uint32_t N00003AA4;
	uint32_t N00004659;
	uint32_t N00003AA5;
	uint32_t N0000465B;
	uint32_t N00003AA6;
	uint32_t N0000465D;
	uint32_t N00003AA7;
	uint32_t N0000465F;
	uint32_t N00003AA8;
	uint32_t N00004661;
	uint32_t N00003AA9;
	uint32_t N00004663;
	uint32_t N00003AAA;
	uint32_t N00004665;
	uint32_t N00003AAB;
	uint32_t N00004667;
	uint32_t N00003AAC;
	uint32_t N00004669;
	uint32_t N00003AAD;
	uint32_t N0000466B;
	uint32_t N00003AAE;
	uint32_t N0000466D;
	uint32_t N00003AAF;
	uint32_t N0000466F;
	uint32_t N00003AB0;
	uint32_t N00004671;
	uint32_t N00003AB1;
	uint32_t N00004673;
	uint32_t N00003AB2;
	uint32_t N00004675;
	uint32_t N00003AB3;
	uint32_t N00004677;
	uint32_t N00003AB4;
	uint32_t N00004679;
	uint32_t N00003AB5;
	uint32_t N0000467B;
	uint32_t N00003AB6;
	uint32_t N0000467D;
	uint32_t N00003AB7;
	uint32_t N0000467F;
	uint32_t N00003AB8;
	uint32_t N00004681;
	uint32_t N00003AB9;
	uint32_t N00004683;
	uint32_t N00003ABA;
	uint32_t N00004685;
	uint32_t N00003ABB;
	uint32_t N00004687;
	uint32_t N00003ABC;
	uint32_t N00004689;
	uint32_t N00003ABD;
	uint32_t N0000468B;
	uint32_t N00003ABE;
	uint32_t N0000468D;
	uint32_t N00003ABF;
	uint32_t N0000468F;
	uint32_t N00003AC0;
	uint32_t N00004691;
	uint32_t N00003AC1;
	uint32_t N00004693;
	uint32_t N00003AC2;
	uint32_t N00004695;
	uint32_t N00003AC3;
	uint32_t N00004697;
	uint32_t N00003AC4;
	uint32_t N00004699;
	uint32_t N00003AC5;
	uint32_t N0000469B;
	uint32_t N00003AC6;
	uint32_t N0000469D;
	uint32_t N00003AC7;
	uint32_t N0000469F;
	uint32_t N00003AC8;
	uint32_t N000046A1;
	uint32_t N00003AC9;
	uint32_t N000046A3;
	uint32_t N00003ACA;
	uint32_t N000046A5;
	uint32_t N00003ACB;
	uint32_t N000046A7;
	uint32_t N00003ACC;
	uint32_t N000046A9;
	uint32_t N00003ACD;
	uint32_t N000046AB;
	uint32_t N00003ACE;
	uint32_t N000046AD;
	uint32_t N00003ACF;
	uint32_t N000046AF;
	uint32_t N00003AD0;
	uint32_t N000046B1;
	uint32_t N00003AD1;
	uint32_t N000046B3;
	uint32_t N00003AD2;
	uint32_t N000046B5;
	uint32_t N00003AD3;
	uint32_t N000046B7;
	uint32_t N00003AD4;
	uint32_t N000046B9;
	uint32_t N00003AD5;
	uint32_t N000046BB;
	uint32_t N00003AD6;
	uint32_t N000046BD;
	uint32_t N00003AD7;
	uint32_t N000046BF;
	uint32_t N00003AD8;
	uint32_t N000046C1;
	uint32_t N00003AD9;
	uint32_t N000046C3;
	uint32_t N00003ADA;
	uint32_t N000046C5;
	uint32_t N00003ADB;
	uint32_t N000046C7;
	uint32_t N00003ADC;
	uint32_t N000046C9;
	uint32_t N00003ADD;
	uint32_t N000046CB;
	uint32_t N00003ADE;
	uint32_t N000046CD;
	uint32_t N00003ADF;
	uint32_t N000046CF;
	uint32_t N00003AE0;
	uint32_t N000046D1;
	uint32_t N00003AE1;
	uint32_t N000046D3;
	uint32_t N00003AE2;
	uint32_t N000046D5;
	uint32_t N00003AE3;
	uint32_t N000046D7;
	uint32_t N00003AE4;
	uint32_t N000046D9;
	uint32_t N00003AE5;
	uint32_t N000046DB;
	uint32_t N00003AE6;
	uint32_t N000046DD;
	uint32_t N00003AE7;
	uint32_t N000046DF;
	uint32_t N00003AE8;
	uint32_t N000046E1;
	uint32_t N00003AE9;
	uint32_t N000046E3;
	uint32_t N00003AEA;
	uint32_t N000046E5;
	uint32_t N00003AEB;
	uint32_t N000046E7;
	uint32_t N00003AEC;
	uint32_t N000046E9;
	uint32_t N00003AED;
	uint32_t N000046EB;
	uint32_t N00003AEE;
	uint32_t N000046ED;
	uint32_t N00003AEF;
	uint32_t N000046EF;
	uint32_t N00003AF0;
	uint32_t N000046F1;
	uint32_t N00003AF1;
	uint32_t N000046F3;
	uint32_t N00003AF2;
	uint32_t N000046F5;
	uint32_t N00003AF3;
	uint32_t N000046F7;
	uint32_t N00003AF4;
	uint32_t N000046F9;
	uint32_t N00003AF5;
	uint32_t N000046FB;
	uint32_t N00003AF6;
	uint32_t N000046FD;
	uint32_t N00003AF7;
	uint32_t N000046FF;
	uint32_t N00003AF8;
	uint32_t N00004701;
	uint32_t N00003AF9;
	uint32_t N00004703;
	uint32_t N00003AFA;
	uint32_t N00004705;
	uint32_t N00003AFB;
	uint32_t N00004707;
	uint32_t N00003AFC;
	uint32_t N00004709;
	uint32_t N00003AFD;
	uint32_t N0000470B;
	uint32_t N00003AFE;
	uint32_t N0000470D;
	uint32_t N00003AFF;
	uint32_t N0000470F;
	uint32_t N00003B00;
	uint32_t N00004711;
	uint32_t N00003B01;
	uint32_t N00004713;
	uint32_t N00003B02;
	uint32_t N00004715;
	uint32_t N00003B03;
	uint32_t N00004717;
	uint32_t N00003B04;
	uint32_t N00004719;
	uint32_t N00003B05;
	uint32_t N0000471B;
	uint32_t N00003B06;
	uint32_t N0000471D;
	uint32_t N00003B07;
	uint32_t N0000471F;
	uint32_t N00003B08;
	uint32_t N00004721;
	uint32_t N00003B09;
	uint32_t N00004723;
	uint32_t N00003B0A;
	uint32_t N00004725;
	uint32_t N00003B0B;
	uint32_t N00004727;
	uint32_t N00003B0C;
	uint32_t N00004729;
	uint32_t N00003B0D;
	uint32_t N0000472B;
	uint32_t N00003B0E;
	uint32_t N0000472D;
	uint32_t N00003B0F;
	uint32_t N0000472F;
	uint32_t N00003B10;
	uint32_t N00004731;
	uint32_t N00003B11;
	uint32_t N00004733;
	uint32_t N00003B12;
	uint32_t N00004735;
	uint32_t N00003B13;
	uint32_t N00004737;
	uint32_t N00003B14;
	uint32_t N00004739;
	uint32_t N00003B15;
	uint32_t N0000473B;
	uint32_t N00003B16;
	uint32_t N0000473D;
	uint32_t N00003B17;
	uint32_t N0000473F;
	uint32_t N00003B18;
	uint32_t N00004741;
	uint32_t N00003B19;
	uint32_t N00004743;
	uint32_t N00003B1A;
	uint32_t N00004745;
	uint32_t N00003B1B;
	uint32_t N00004747;
	uint32_t N00003B1C;
	uint32_t N00004749;
	uint32_t N00003B1D;
	uint32_t N0000474B;
	uint32_t N00003B1E;
	uint32_t N0000474D;
	uint32_t N00003B1F;
	uint32_t N0000474F;
	uint32_t N00003B20;
	uint32_t N00004751;
	uint32_t N00003B21;
	uint32_t N00004753;
	uint32_t N00003B22;
	uint32_t N00004755;
	uint32_t N00003B23;
	uint32_t N00004757;
	uint32_t N00003B24;
	uint32_t N00004759;
	uint32_t N00003B25;
	uint32_t N0000475B;
	uint32_t N00003B26;
	uint32_t N0000475D;
	uint32_t N00003B27;
	uint32_t N0000475F;
	uint32_t N00003B28;
	uint32_t N00004761;
	uint32_t N00003B29;
	uint32_t N00004763;
	uint32_t N00003B2A;
	uint32_t N00004765;
	uint32_t N00003B2B;
	uint32_t N00004767;
	uint32_t N00003B2C;
	uint32_t N00004769;
	uint32_t N00003B2D;
	uint32_t N0000476B;
	uint32_t N00003B2E;
	uint32_t N0000476D;
	uint32_t N00003B2F;
	uint32_t N0000476F;
	uint32_t N00003B30;
	uint32_t N00004771;
	uint32_t N00003B31;
	uint32_t N00004773;
	uint32_t N00003B32;
	uint32_t N00004775;
	uint32_t N00003B33;
	uint32_t N00004777;
	uint32_t N00003B34;
	uint32_t N00004779;
	uint32_t N00003B35;
	uint32_t N0000477B;
	uint32_t N00003B36;
	uint32_t N0000477D;
	uint32_t N00003B37;
	uint32_t N0000477F;
	uint32_t N00003B38;
	uint32_t N00004781;
	uint32_t N00003B39;
	uint32_t N00004783;
	uint32_t N00003B3A;
	uint32_t N00004785;
	uint32_t N00003B3B;
	uint32_t N00004787;
	uint32_t N00003B3C;
	uint32_t N00004789;
	uint32_t N00003B3D;
	uint32_t N0000478B;
	uint32_t N00003B3E;
	uint32_t N0000478D;
	uint32_t N00003B3F;
	uint32_t N0000478F;
	uint32_t N00003B40;
	uint32_t N00004791;
	uint32_t N00003B41;
	uint32_t N00004793;
	uint32_t N00003B42;
	uint32_t N00004795;
	uint32_t N00003B43;
	uint32_t N00004797;
	uint32_t N00003B44;
	uint32_t N00004799;
	uint32_t N00003B45;
	uint32_t N0000479B;
	uint32_t N00003B46;
	uint32_t N0000479D;
	uint32_t N00003B47;
	uint32_t N0000479F;
	uint32_t N00003B48;
	uint32_t N000047A1;
	uint32_t N00003B49;
	uint32_t N000047A3;
	uint32_t N00003B4A;
	uint32_t N000047A5;
	uint32_t N00003B4B;
	uint32_t N000047A7;
	uint32_t N00003B4C;
	uint32_t N000047A9;
	uint32_t N00003B4D;
	uint32_t N000047AB;
	uint32_t N00003B4E;
	uint32_t N000047AD;
	uint32_t N00003B4F;
	uint32_t N000047AF;
	uint32_t N00003B50;
	uint32_t N000047B1;
	uint32_t N00003B51;
	uint32_t N000047B3;
	uint32_t N00003B52;
	uint32_t N000047B5;
	uint32_t N00003B53;
	uint32_t N000047B7;
	uint32_t N00003B54;
	uint32_t N000047B9;
	uint32_t N00003B55;
	uint32_t N000047BB;
	uint32_t N00003B56;
	uint32_t N000047BD;
	uint32_t N00003B57;
	uint32_t N000047BF;
	uint32_t N00003B58;
	uint32_t N000047C1;
	uint32_t N00003B59;
	uint32_t N000047C3;
	uint32_t N00003B5A;
	uint32_t N000047C5;
	uint32_t N00003B5B;
	uint32_t N000047C7;
	uint32_t N00003B5C;
	uint32_t N000047C9;
	uint32_t N00003B5D;
	uint32_t N000047CB;
	uint32_t N00003B5E;
	uint32_t N000047CD;
	uint32_t N00003B5F;
	uint32_t N000047CF;
	uint32_t N00003B60;
	uint32_t N000047D1;
	uint32_t N00003B61;
	uint32_t N000047D3;
	uint32_t N00003B62;
	uint32_t N000047D5;
	uint32_t N00003B63;
	uint32_t N000047D7;
	uint32_t N00003B64;
	uint32_t N000047D9;
	uint32_t N00003B65;
	uint32_t N000047DB;
	uint32_t N00003B66;
	uint32_t N000047DD;
	uint32_t N00003B67;
	uint32_t N000047DF_2;
	uint32_t N00003B68;
	uint32_t N000047E1;
	uint32_t N00003B69;
	uint32_t N000047E3;
	uint32_t N00003B6A;
	uint32_t N000047E5;
	uint32_t N00003B6B;
	uint32_t N000047E7;
	uint32_t N00003B6C;
	uint32_t N000047E9;
	uint32_t N00003B6D;
	uint32_t N000047EB;
	uint32_t N00003B6E;
	uint32_t N000047ED;
	uint32_t N00003B6F;
	uint32_t N000047EF;
	uint32_t N00003B70;
	uint32_t N000047F1;
	uint32_t N00003B71;
	uint32_t N000047F3;
	uint32_t N00003B72;
	uint32_t N000047F5;
	uint32_t N00003B73;
	uint32_t N000047F7;
	uint32_t N00003B74;
	uint32_t N000047F9;
	uint32_t N00003B75;
	uint32_t N000047FB;
	uint32_t N00003B76;
	uint32_t N000047FD;
	uint32_t N00003B77;
	uint32_t N000047FF;
	uint32_t N00003B78;
	uint32_t N00004801;
	uint32_t N00003B79;
	uint32_t N00004803;
	uint32_t N00003B7A;
	uint32_t N00004805;
	uint32_t N00003B7B;
	uint32_t N00004807;
	uint32_t N00003B7C;
	uint32_t N00004809;
	uint32_t N00003B7D;
	uint32_t N0000480B;
	uint32_t N00003B7E;
	uint32_t N0000480D;
	uint32_t N00003B7F;
	uint32_t N0000480F;
	uint32_t N00003B80;
	uint32_t N00004811;
	uint32_t N00003B81;
	uint32_t N00004813;
	uint32_t N00003B82;
	uint32_t N00004815;
	uint32_t N00003B83;
	uint32_t N00004817;
	uint32_t N00003B84;
	uint32_t N00004819;
	uint32_t N00003B85;
	uint32_t N0000481B;
	uint32_t N00003B86;
	uint32_t N0000481D;
	uint32_t N00003B87;
	uint32_t N0000481F;
	uint32_t N00003B88;
	uint32_t N00004821;
	uint32_t N00003B89;
	uint32_t N00004823;
	uint32_t N00003B8A;
	uint32_t N00004825;
	uint32_t N00003B8B;
	uint32_t N00004827;
	uint32_t N00003B8C;
	uint32_t N00004829;
	uint32_t N00003B8D;
	uint32_t N0000482B;
	uint32_t N00003B8E;
	uint32_t N0000482D;
	uint32_t N00003B8F;
	uint32_t N0000482F;
	uint32_t N00003B90;
	uint32_t N00004831;
	uint32_t N00003B91;
	uint32_t N00004833;
	uint32_t N00003B92;
	uint32_t N00004835;
	uint32_t N00003B93;
	uint32_t N00004837;
	uint32_t N00003B94;
	uint32_t N00004839;
	uint32_t N00003B95;
	uint32_t N0000483B;
	uint32_t N00003B96;
	uint32_t N0000483D;
	uint32_t N00003B97;
	uint32_t N0000483F;
	uint32_t N00003B98;
	uint32_t N00004841;
	uint32_t N00003B99;
	uint32_t N00004843;
	uint32_t N00003B9A;
	uint32_t N00004845;
	uint32_t N00003B9B;
	uint32_t N00004847;
	uint32_t N00003B9C;
	uint32_t N00004849;
	uint32_t N00003B9D;
	uint32_t N0000484B;
	uint32_t N00003B9E;
	uint32_t N0000484D;
	uint32_t N00003B9F;
	uint32_t N0000484F;
	uint32_t N00003BA0;
	uint32_t N00004851;
	uint32_t N00003BA1;
	uint32_t N00004853;
	uint32_t N00003BA2;
	uint32_t N00004855;
	uint32_t N00003BA3;
	uint32_t N00004857;
	uint32_t N00003BA4;
	uint32_t N00004859;
	uint32_t N00003BA5;
	uint32_t N0000485B;
	uint32_t N00003BA6;
	uint32_t N0000485D;
	uint32_t N00003BA7;
	uint32_t N0000485F;
	uint32_t N00003BA8;
	uint32_t N00004861;
	uint32_t N00003BA9;
	uint32_t N00004863;
	uint32_t N00003BAA;
	uint32_t N00004865;
	uint32_t N00003BAB;
	uint32_t N00004867;
	uint32_t N00003BAC;
	uint32_t N00004869;
	uint32_t N00003BAD;
	uint32_t N0000486B;
	uint32_t N00003BAE;
	uint32_t N0000486D;
	uint32_t N00003BAF;
	uint32_t N0000486F;
	uint32_t N00003BB0;
	uint32_t N00004871;
	uint32_t N00003BB1;
	uint32_t N00004873;
	uint32_t N00003BB2;
	uint32_t N00004875;
	uint32_t N00003BB3;
	uint32_t N00004877;
	uint32_t N00003BB4;
	uint32_t N00004879;
	uint32_t N00003BB5;
	uint32_t N0000487B;
	uint32_t N00003BB6;
	uint32_t N0000487D;
	uint32_t N00003BB7;
	uint32_t N0000487F;
	uint32_t N00003BB8;
	uint32_t N00004881;
	uint32_t N00003BB9;
	uint32_t N00004883;
	uint32_t N00003BBA;
	uint32_t N00004885;
	uint32_t N00003BBB;
	uint32_t N00004887;
	uint32_t N00003BBC;
	uint32_t N00004889;
	uint32_t N00003BBD;
	uint32_t N0000488B;
	uint32_t N00003BBE;
	uint32_t N0000488D;
	uint32_t N00003BBF;
	uint32_t N0000488F;
	uint32_t N00003BC0;
	uint32_t N00004891;
	uint32_t N00003BC1;
	uint32_t N00004893;
	uint32_t N00003BC2;
	uint32_t N00004895;
	uint32_t N00003BC3;
	uint32_t N00004897;
	uint32_t N00003BC4;
	uint32_t N00004899;
	uint32_t N00003BC5;
	uint32_t N0000489B;
	uint32_t N00003BC6;
	uint32_t N0000489D;
	uint32_t N00003BC7;
	uint32_t N0000489F;
	uint32_t N00003BC8;
	uint32_t N000048A1;
	uint32_t N00003BC9;
	uint32_t N000048A3;
	uint32_t N00003BCA;
	uint32_t N000048A5;
	uint32_t N00003BCB;
	uint32_t N000048A7;
	uint32_t N00003BCC;
	uint32_t N000048A9;
	uint32_t N00003BCD;
	uint32_t N000048AB;
	uint32_t N00003BCE;
	uint32_t N000048AD;
	uint32_t N00003BCF;
	uint32_t N000048AF;
	uint32_t N00003BD0;
	uint32_t N000048B1;
	uint32_t N00003BD1;
	uint32_t N000048B3;
	uint32_t N00003BD2;
	uint32_t N000048B5;
	uint32_t N00003BD3;
	uint32_t N000048B7;
	uint32_t N00003BD4;
	uint32_t N000048B9;
	uint32_t N00003BD5;
	uint32_t N000048BB;
	uint32_t N00003BD6;
	uint32_t N000048BD;
	uint32_t N00003BD7;
	uint32_t N000048BF;
	uint32_t N00003BD8;
	uint32_t N000048C1;
	uint32_t N00003BD9;
	uint32_t N000048C3;
	uint32_t N00003BDA;
	uint32_t N000048C5;
	uint32_t N00003BDB;
	uint32_t N000048C7;
	uint32_t N00003BDC;
	uint32_t N000048C9;
	uint32_t N00003BDD;
	uint32_t N000048CB;
	uint32_t N00003BDE;
	uint32_t N000048CD;
	uint32_t N00003BDF;
	uint32_t N000048CF;
	uint32_t N00003BE0;
	uint32_t N000048D1;
	uint32_t N00003BE1;
	uint32_t N000048D3;
	uint32_t N00003BE2;
	uint32_t N000048D5;
	uint32_t N00003BE3;
	uint32_t N000048D7;
	uint32_t N00003BE4;
	uint32_t N000048D9;
	uint32_t N00003BE5;
	uint32_t N000048DB;
	uint32_t N00003BE6;
	uint32_t N000048DD;
	uint32_t N00003BE7;
	uint32_t N000048DF;
	uint32_t N00003BE8;
	uint32_t N000048E1;
	uint32_t N00003BE9;
	uint32_t N000048E3;
	uint32_t N00003BEA;
	uint32_t N000048E5;
	uint32_t N00003BEB;
	uint32_t N000048E7;
	uint32_t N00003BEC;
	uint32_t N000048E9;
	uint32_t N00003BED;
	uint32_t N000048EB;
	uint32_t N00003BEE;
	uint32_t N000048ED;
	uint32_t N00003BEF;
	uint32_t N000048EF;
	uint32_t N00003BF0;
	uint32_t N000048F1;
	uint32_t N00003BF1;
	uint32_t N000048F3;
	uint32_t N00003BF2;
	uint32_t N000048F5;
	uint32_t N00003BF3;
	uint32_t N000048F7;
	uint32_t N00003BF4;
	uint32_t N000048F9;
	uint32_t N00003BF5;
	uint32_t N000048FB;
	uint32_t N00003BF6;
	uint32_t N000048FD;
	uint32_t N00003BF7;
	uint32_t N000048FF;
	uint32_t N00003BF8;
	uint32_t N00004901;
	uint32_t N00003BF9;
	uint32_t N00004903;
	uint32_t N00003BFA;
	uint32_t N00004905;
	uint32_t N00003BFB;
	uint32_t N00004907;
	uint32_t N00003BFC;
	uint32_t N00004909;
	uint32_t N00003BFD;
	uint32_t N0000490B;
	uint32_t N00003BFE;
	uint32_t N0000490D;
	uint32_t N00003BFF;
	uint32_t N0000490F;
	uint32_t N00003C00;
	uint32_t N00004911;
	uint32_t N00003C01;
	uint32_t N00004913;
	uint32_t N00003C02;
	uint32_t N00004915;
	uint32_t N00003C03;
	uint32_t N00004917;
	uint32_t N00003C04;
	uint32_t N00004919;
	uint32_t N00003C05;
	uint32_t N0000491B;
	uint32_t N00003C06;
	uint32_t N0000491D;
	uint32_t N00003C07;
	uint32_t N0000491F;
	uint32_t N00003C08;
	uint32_t N00004921;
	uint32_t N00003C09;
	uint32_t N00004923;
	uint32_t N00003C0A;
	uint32_t N00004925;
	uint32_t N00003C0B;
	uint32_t N00004927;
	uint32_t N00003C0C;
	uint32_t N00004929;
	uint32_t N00003C0D;
	uint32_t N0000492B;
	uint32_t N00003C0E;
	uint32_t N0000492D;
	uint32_t N00003C0F;
	uint32_t N0000492F;
	uint32_t N00003C10;
	uint32_t N00004931;
	uint32_t N00003C11;
	uint32_t N00004933;
	uint32_t N00003C12;
	uint32_t N00004935;
	uint32_t N00003C13;
	uint32_t N00004937;
	uint32_t N00003C14;
	uint32_t N00004939;
	uint32_t N00003C15;
	uint32_t N0000493B;
	uint32_t N00003C16;
	uint32_t N0000493D;
	uint32_t N00003C17;
	uint32_t N0000493F;
	uint32_t N00003C18;
	uint32_t N00004941;
	uint32_t N00003C19;
	uint32_t N00004943;
	uint32_t N00003C1A;
	uint32_t N00004945;
	uint32_t N00003C1B;
	uint32_t N00004947;
	uint32_t N00003C1C;
	uint32_t N00004949;
	uint32_t N00003C1D;
	uint32_t N0000494B;
	uint32_t N00003C1E;
	uint32_t N0000494D;
	uint32_t N00003C1F;
	uint32_t N0000494F;
	uint32_t N00003C20;
	uint32_t N00004951;
	uint32_t N00003C21;
	uint32_t N00004953;
	uint32_t N00003C22;
	uint32_t N00004955;
	uint32_t N00003C23;
	uint32_t N00004957;
	uint32_t N00003C24;
	uint32_t N00004959;
	uint32_t N00003C25;
	uint32_t N0000495B;
	uint32_t N00003C26;
	uint32_t N0000495D;
	uint32_t N00003C27;
	uint32_t N0000495F;
	uint32_t N00003C28;
	uint32_t N00004961;
	uint32_t N00003C29;
	uint32_t N00004963;
	uint32_t N00003C2A;
	uint32_t N00004965;
	uint32_t N00003C2B;
	uint32_t N00004967;
	uint32_t N00003C2C;
	uint32_t N00004969;
	uint32_t N00003C2D;
	uint32_t N0000496B;
	uint32_t N00003C2E;
	uint32_t N0000496D;
	uint32_t N00003C2F;
	uint32_t N0000496F;
	uint32_t N00003C30;
	uint32_t N00004971;
	uint32_t N00003C31;
	uint32_t N00004973;
	uint32_t N00003C32;
	uint32_t N00004975;
	uint32_t N00003C33;
	uint32_t N00004977;
	uint32_t N00003C34;
	uint32_t N00004979;
	uint32_t N00003C35;
	uint32_t N0000497B;
	uint32_t N00003C36;
	uint32_t N0000497D;
	uint32_t N00003C37;
	uint32_t N0000497F;
	uint32_t N00003C38;
	uint32_t N00004981;
	uint32_t N00003C39;
	uint32_t N00004983;
	uint32_t N00003C3A;
	uint32_t N00004985;
	uint32_t N00003C3B;
	uint32_t N00004987;
	uint32_t N00003C3C;
	uint32_t N00004989;
	uint32_t N00003C3D;
	uint32_t N0000498B;
	uint32_t N00003C3E;
	uint32_t N0000498D;
	uint32_t N00003C3F;
	uint32_t N0000498F;
	uint32_t N00003C40;
	uint32_t N00004991;
	uint32_t N00003C41;
	uint32_t N00004993;
	uint32_t N00003C42;
	uint32_t N00004995;
	uint32_t N00003C43;
	uint32_t N00004997;
	uint32_t N00003C44;
	uint32_t N00004999;
	uint32_t N00003C45;
	uint32_t N0000499B;
	uint32_t N00003C46;
	uint32_t N0000499D;
	uint32_t N00003C47;
	uint32_t N0000499F;
	uint32_t N00003C48;
	uint32_t N000049A1;
	uint32_t N00003C49;
	uint32_t N000049A3;
	uint32_t N00003C4A;
	uint32_t N000049A5;
	uint32_t N00003C4B;
	uint32_t N000049A7;
	uint32_t N00003C4C;
	uint32_t N000049A9;
	uint32_t N00003C4D;
	uint32_t N000049AB;
	uint32_t N00003C4E;
	uint32_t N000049AD;
	uint32_t N00003C4F;
	uint32_t N000049AF;
	uint32_t N00003C50;
	uint32_t N000049B1;
	uint32_t N00003C51;
	uint32_t N000049B3;
	uint32_t N00003C52;
	uint32_t N000049B5;
	uint32_t N00003C53;
	uint32_t N000049B7;
	uint32_t N00003C54;
	uint32_t N000049B9;
	uint32_t N00003C55;
	uint32_t N000049BB;
	uint32_t N00003C56;
	uint32_t N000049BD;
	uint32_t N00003C57;
	uint32_t N000049BF;
	uint32_t N00003C58;
	uint32_t N000049C1;
	uint32_t N00003C59;
	uint32_t N000049C3;
	uint32_t N00003C5A;
	uint32_t N000049C5;
	uint32_t N00003C5B;
	uint32_t N000049C7;
	uint32_t N00003C5C;
	uint32_t N000049C9;
	uint32_t N00003C5D;
	uint32_t N000049CB;
	uint32_t N00003C5E;
	uint32_t N000049CD;
	uint32_t N00003C5F;
	uint32_t N000049CF;
	uint32_t N00003C60;
	uint32_t N000049D1;
	uint32_t N00003C61;
	uint32_t N000049D3;
	uint32_t N00003C62;
	uint32_t N000049D5;
	uint32_t N00003C63;
	uint32_t N000049D7;
	uint32_t N00003C64;
	uint32_t N000049D9;
	uint32_t N00003C65;
	uint32_t N000049DB;
	uint32_t N00003C66;
	uint32_t N000049DD;
	uint32_t N00003C67;
	uint32_t N000049DF;
	uint32_t N00003C68;
	uint32_t N000049E1;
	uint32_t N00003C69;
	uint32_t N000049E3;
	uint32_t N00003C6A;
	uint32_t N000049E5;
	uint32_t N00003C6B;
	uint32_t N000049E7;
	uint32_t N00003C6C;
	uint32_t N000049E9;
	uint32_t N00003C6D;
	uint32_t N000049EB;
	uint32_t N00003C6E;
	uint32_t N000049ED;
	uint32_t N00003C6F;
	uint32_t N000049EF;
	uint32_t N00003C70;
	uint32_t N000049F1;
	uint32_t N00003C71;
	uint32_t N000049F3;
	uint32_t N00003C72;
	uint32_t N000049F5;
	uint32_t N00003C73;
	uint32_t N000049F7;
	uint32_t N00003C74;
	uint32_t N000049F9;
	uint32_t N00003C75;
	uint32_t N000049FB;
	uint32_t N00003C76;
	uint32_t N000049FD;
	uint32_t N00003C77;
	uint32_t N000049FF;
	uint32_t N00003C78;
	uint32_t N00004A01;
	uint32_t N00003C79;
	uint32_t N00004A03;
	uint32_t N00003C7A;
	uint32_t N00004A05;
	uint32_t N00003C7B;
	uint32_t N00004A07;
	uint32_t N00003C7C;
	uint32_t N00004A09;
	uint32_t N00003C7D;
	uint32_t N00004A0B;
	uint32_t N00003C7E;
	uint32_t N00004A0D;
	uint32_t N00003C7F;
	uint32_t N00004A0F;
	uint32_t N00003C80;
	uint32_t N00004A11;
	uint32_t N00003C81;
	uint32_t N00004A13;
	uint32_t N00003C82;
	uint32_t N00004A15;
	uint32_t N00003C83;
	uint32_t N00004A17;
	uint32_t N00003C84;
	uint32_t N00004A19;
	uint32_t N00003C85;
	uint32_t N00004A1B;
	uint32_t N00003C86;
	uint32_t N00004A1D;
	uint32_t N00003C87;
	uint32_t N00004A1F;
	uint32_t N00003C88;
	uint32_t N00004A21;
	uint32_t N00003C89;
	uint32_t N00004A23;
	uint32_t N00003C8A;
	uint32_t N00004A25;
	uint32_t N00003C8B;
	uint32_t N00004A27;
	uint32_t N00003C8C;
	uint32_t N00004A29;
	uint32_t N00003C8D;
	uint32_t N00004A2B;
	uint32_t N00003C8E;
	uint32_t N00004A2D;
	uint32_t N00003C8F;
	uint32_t N00004A2F;
	uint32_t N00003C90;
	uint32_t N00004A31;
	uint32_t N00003C91;
	uint32_t N00004A33;
	uint32_t N00003C92;
	uint32_t N00004A35;
	uint32_t N00003C93;
	uint32_t N00004A37;
	uint32_t N00003C94;
	uint32_t N00004A39;
	uint32_t N00003C95;
	uint32_t N00004A3B;
	uint32_t N00003C96;
	uint32_t N00004A3D;
	uint32_t N00003C97;
	uint32_t N00004A3F;
	uint32_t N00003C98;
	uint32_t N00004A41;
	uint32_t N00003C99;
	uint32_t N00004A43;
	uint32_t N00003C9A;
	uint32_t N00004A45;
	uint32_t N00003C9B;
	uint32_t N00004A47;
	uint32_t N00003C9C;
	uint32_t N00004A49;
	uint32_t N00003C9D;
	uint32_t N00004A4B;
	uint32_t N00003C9E;
	uint32_t N00004A4D;
	uint32_t N00003C9F;
	uint32_t N00004A4F;
	uint32_t N00003CA0;
	uint32_t N00004A51;
	uint32_t N00003CA1;
	uint32_t N00004A53;
	uint32_t N00003CA2;
	uint32_t N00004A55;
	uint32_t N00003CA3;
	uint32_t N00004A57;
	uint32_t N00003CA4;
	uint32_t N00004A59;
	uint32_t N00003CA5;
	uint32_t N00004A5B;
	uint32_t N00003CA6;
	uint32_t N00004A5D;
	uint32_t N00003CA7;
	uint32_t N00004A5F;
	uint32_t N00003CA8;
	uint32_t N00004A61;
	uint32_t N00003CA9;
	uint32_t N00004A63;
	uint32_t N00003CAA;
	uint32_t N00004A65;
	uint32_t N00003CAB;
	uint32_t N00004A67;
	uint32_t N00003CAC;
	uint32_t N00004A69;
	uint32_t N00003CAD;
	uint32_t N00004A6B;
	uint32_t N00003CAE;
	uint32_t N00004A6D;
	uint32_t N00003CAF;
	uint32_t N00004A6F;
	uint32_t N00003CB0;
	uint32_t N00004A71;
	uint32_t N00003CB1;
	uint32_t N00004A73;
	uint32_t N00003CB2;
	uint32_t N00004A75;
	uint32_t N00003CB3;
	uint32_t N00004A77;
	uint32_t N00003CB4;
	uint32_t N00004A79;
	uint32_t N00003CB5;
	uint32_t N00004A7B;
	uint32_t N00003CB6;
	uint32_t N00004A7D;
	uint32_t N00003CB7;
	uint32_t N00004A7F;
	uint32_t N00003CB8;
	uint32_t N00004A81;
	uint32_t N00003CB9;
	uint32_t N00004A83;
	uint32_t N00003CBA;
	uint32_t N00004A85;
	uint32_t N00003CBB;
	uint32_t N00004A87;
	uint32_t N00003CBC;
	uint32_t N00004A89;
	uint32_t N00003CBD;
	uint32_t N00004A8B;
	uint32_t N00003CBE;
	uint32_t N00004A8D;
	uint32_t N00003CBF;
	uint32_t N00004A8F;
	uint32_t N00003CC0;
	uint32_t N00004A91;
	uint32_t N00003CC1;
	uint32_t N00004A93;
	uint32_t N00003CC2;
	uint32_t N00004A95;
	uint32_t N00003CC3;
	uint32_t N00004A97;
	uint32_t N00003CC4;
	uint32_t N00004A99;
	uint32_t N00003CC5;
	uint32_t N00004A9B;
	uint32_t N00003CC6;
	uint32_t N00004A9D;
	uint32_t N00003CC7;
	uint32_t N00004A9F;
	uint32_t N00003CC8;
	uint32_t N00004AA1;
	uint32_t N00003CC9;
	uint32_t N00004AA3;
	uint32_t N00003CCA;
	uint32_t N00004AA5;
	uint32_t N00003CCB;
	uint32_t N00004AA7;
	uint32_t N00003CCC;
	uint32_t N00004AA9;
	uint32_t N00003CCD;
	uint32_t N00004AAB;
	uint32_t N00003CCE;
	uint32_t N00004AAD;
	uint32_t N00003CCF;
	uint32_t N00004AAF;
	uint32_t N00003CD0;
	uint32_t N00004AB1;
	uint32_t N00003CD1;
	uint32_t N00004AB3;
	uint32_t N00003CD2;
	uint32_t N00004AB5;
	uint32_t N00003CD3;
	uint32_t N00004AB7;
	uint32_t N00003CD4;
	uint32_t N00004AB9;
	uint32_t N00003CD5;
	uint32_t N00004ABB;
	uint32_t N00003CD6;
	uint32_t N00004ABD;
	uint32_t N00003CD7;
	uint32_t N00004ABF;
	uint32_t N00003CD8;
	uint32_t N00004AC1;
	uint32_t N00003CD9;
	uint32_t N00004AC3;
	uint32_t N00003CDA;
	uint32_t N00004AC5;
	uint32_t N00003CDB;
	uint32_t N00004AC7;
	uint32_t N00003CDC;
	uint32_t N00004AC9;
	uint32_t N00003CDD;
	uint32_t N00004ACB;
	uint32_t N00003CDE;
	uint32_t N00004ACD;
	uint32_t N00003CDF;
	uint32_t N00004ACF;
	uint32_t N00003CE0;
	uint32_t N00004AD1;
	uint32_t N00003CE1;
	uint32_t N00004AD3;
	uint32_t N00003CE2;
	uint32_t N00004AD5;
	uint32_t N00003CE3;
	uint32_t N00004AD7;
	uint32_t N00003CE4;
	uint32_t N00004AD9;
	uint32_t N00003CE5;
	uint32_t N00004ADB;
	uint32_t N00003CE6;
	uint32_t N00004ADD;
	uint32_t N00003CE7;
	uint32_t N00004ADF;
	uint32_t N00003CE8;
	uint32_t N00004AE1;
	uint32_t N00003CE9;
	uint32_t N00004AE3;
	uint32_t N00003CEA;
	uint32_t N00004AE5;
	uint32_t N00003CEB;
	uint32_t N00004AE7;
	uint32_t N00003CEC;
	uint32_t N00004AE9;
	uint32_t N00003CED;
	uint32_t N00004AEB;
	uint32_t N00003CEE;
	uint32_t N00004AED;
	uint32_t N00003CEF;
	uint32_t N00004AEF;
	uint32_t N00003CF0;
	uint32_t N00004AF1;
	uint32_t N00003CF1;
	uint32_t N00004AF3;
	uint32_t N00003CF2;
	uint32_t N00004AF5;
	uint32_t N00003CF3;
	uint32_t N00004AF7;
	uint32_t N00003CF4;
	uint32_t N00004AF9;
	uint32_t N00003CF5;
	uint32_t N00004AFB;
	uint32_t N00003CF6;
	uint32_t N00004AFD;
	uint32_t N00003CF7;
	uint32_t N00004AFF;
	uint32_t N00003CF8;
	uint32_t N00004B01;
	uint32_t N00003CF9;
	uint32_t N00004B03;
	uint32_t N00003CFA;
	uint32_t N00004B05;
	uint32_t N00003CFB;
	uint32_t N00004B07;
	uint32_t N00003CFC;
	uint32_t N00004B09;
	uint32_t N00003CFD;
	uint32_t N00004B0B;
	uint32_t N00003CFE;
	uint32_t N00004B0D;
	uint32_t N00003CFF;
	uint32_t N00004B0F;
	uint32_t N00003D00;
	uint32_t N00004B11;
	uint32_t N00003D01;
	uint32_t N00004B13;
	uint32_t N00003D02;
	uint32_t N00004B15;
	uint32_t N00003D03;
	uint32_t N00004B17;
	uint32_t N00003D04;
	uint32_t N00004B19;
	uint32_t N00003D05;
	uint32_t N00004B1B;
	uint32_t N00003D06;
	uint32_t N00004B1D;
	uint32_t N00003D07;
	uint32_t N00004B1F;
	uint32_t N00003D08;
	uint32_t N00004B21;
	uint32_t N00003D09;
	uint32_t N00004B23;
	uint32_t N00003D0A;
	uint32_t N00004B25;
	uint32_t N00003D0B;
	uint32_t N00004B27;
	uint32_t N00003D0C;
	uint32_t N00004B29;
	uint32_t N00003D0D;
	uint32_t N00004B2B;
	uint32_t N00003D0E;
	uint32_t N00004B2D;
	uint32_t N00003D0F;
	uint32_t N00004B2F;
	uint32_t N00003D10;
	uint32_t N00004B31;
	uint32_t N00003D11;
	uint32_t N00004B33;
	uint32_t N00003D12;
	uint32_t N00004B35;
	uint32_t N00003D13;
	uint32_t N00004B37;
	uint32_t N00003D14;
	uint32_t N00004B39;
	uint32_t N00003D15;
	uint32_t N00004B3B;
	uint32_t N00003D16;
	uint32_t N00004B3D;
	uint32_t N00003D17;
	uint32_t N00004B3F;
	uint32_t N00003D18;
	uint32_t N00004B41;
	uint32_t N00003D19;
	uint32_t N00004B43;
	uint32_t N00003D1A;
	uint32_t N00004B45;
	uint32_t N00003D1B;
	uint32_t N00004B47;
	uint32_t N00003D1C;
	uint32_t N00004B49;
	uint32_t N00003D1D;
	uint32_t N00004B4B;
	uint32_t N00003D1E;
	uint32_t N00004B4D;
	uint32_t N00003D1F;
	uint32_t N00004B4F;
	uint32_t N00003D20;
	uint32_t N00004B51;
	uint32_t N00003D21;
	uint32_t N00004B53;
	uint32_t N00003D22;
	uint32_t N00004B55;
	uint32_t N00003D23;
	uint32_t N00004B57;
	uint32_t N00003D24;
	uint32_t N00004B59;
	uint32_t N00003D25;
	uint32_t N00004B5B;
	uint32_t N00003D26;
	uint32_t N00004B5D;
	uint32_t N00003D27;
	uint32_t N00004B5F;
	uint32_t N00003D28;
	uint32_t N00004B61;
	uint32_t N00003D29;
	uint32_t N00004B63;
	uint32_t N00003D2A;
	uint32_t N00004B65;
	uint32_t N00003D2B;
	uint32_t N00004B67;
	uint32_t N00003D2C;
	uint32_t N00004B69;
	uint32_t N00003D2D;
	uint32_t N00004B6B;
	uint32_t N00003D2E;
	uint32_t N00004B6D;
	uint32_t N00003D2F;
	uint32_t N00004B6F;
	uint32_t N00003D30;
	uint32_t N00004B71;
	uint32_t N00003D31;
	uint32_t N00004B73;
	uint32_t N00003D32;
	uint32_t N00004B75;
	uint32_t N00003D33;
	uint32_t N00004B77;
	uint32_t N00003D34;
	uint32_t N00004B79;
	uint32_t N00003D35;
	uint32_t N00004B7B;
	uint32_t N00003D36;
	uint32_t N00004B7D;
	uint32_t N00003D37;
	uint32_t N00004B7F;
	uint32_t N00003D38;
	uint32_t N00004B81;
	uint32_t N00003D39;
	uint32_t N00004B83;
	uint32_t N00003D3A;
	uint32_t N00004B85;
	uint32_t N00003D3B;
	uint32_t N00004B87;
	uint32_t N00003D3C;
	uint32_t N00004B89;
	uint32_t N00003D3D;
	uint32_t N00004B8B;
	uint32_t N00003D3E;
	uint32_t N00004B8D;
	uint32_t N00003D3F;
	uint32_t N00004B8F;
	uint32_t N00003D40;
	uint32_t N00004B91;
	uint32_t N00003D41;
	uint32_t N00004B93;
	uint32_t N00003D42;
	uint32_t N00004B95;
	uint32_t N00003D43;
	uint32_t N00004B97;
	uint32_t N00003D44;
	uint32_t N00004B99;
	uint32_t N00003D45;
	uint32_t N00004B9B;
	uint32_t N00003D46;
	uint32_t N00004B9D;
	uint32_t N00003D47;
	uint32_t N00004B9F;
	uint32_t N00003D48;
	uint32_t N00004BA1;
	uint32_t N00003D49;
	uint32_t N00004BA3;
	uint32_t N00003D4A;
	uint32_t N00004BA5;
	uint32_t N00003D4B;
	uint32_t N00004BA7;
	uint32_t N00003D4C;
	uint32_t N00004BA9;
	uint32_t N00003D4D;
	uint32_t N00004BAB;
	uint32_t N00003D4E;
	uint32_t N00004BAD;
	uint32_t N00003D4F;
	uint32_t N00004BAF;
	uint32_t N00003D50;
	uint32_t N00004BB1;
	uint32_t N00003D51;
	uint32_t N00004BB3;
	uint32_t N00003D52;
	uint32_t N00004BB5;
	uint32_t N00003D53;
	uint32_t N00004BB7;
	uint32_t N00003D54;
	uint32_t N00004BB9;
	uint32_t N00003D55;
	uint32_t N00004BBB;
	uint32_t N00003D56;
	uint32_t N00004BBD;
	uint32_t N00003D57;
	uint32_t N00004BBF;
	uint32_t N00003D58;
	uint32_t N00004BC1;
	uint32_t N00003D59;
	uint32_t N00004BC3;
	uint32_t N00003D5A;
	uint32_t N00004BC5;
	uint32_t N00003D5B;
	uint32_t N00004BC7;
	uint32_t N00003D5C;
	uint32_t N00004BC9;
	uint32_t N00003D5D;
	uint32_t N00004BCB;
	uint32_t N00003D5E;
	uint32_t N00004BCD;
	uint32_t N00003D5F;
	uint32_t N00004BCF;
	uint32_t N00003D60;
	uint32_t N00004BD1;
	uint32_t N00003D61;
	uint32_t N00004BD3;
	uint32_t N00003D62;
	uint32_t N00004BD5;
	uint32_t N00003D63;
	uint32_t N00004BD7;
	uint32_t N00003D64;
	uint32_t N00004BD9;
	uint32_t N00003D65;
	uint32_t N00004BDB;
	uint32_t N00003D66;
	uint32_t N00004BDD;
	uint32_t N00003D67;
	uint32_t N00004BDF;
	uint32_t N00003D68;
	uint32_t N00004BE1;
	uint32_t N00003D69;
	uint32_t N00004BE3;
	uint32_t N00003D6A;
	uint32_t N00004BE5;
	uint32_t N00003D6B;
	uint32_t N00004BE7;
	uint32_t N00003D6C;
	uint32_t N00004BE9;
	uint32_t N00003D6D;
	uint32_t N00004BEB;
	uint32_t N00003D6E;
	uint32_t N00004BED;
	uint32_t N00003D6F;
	uint32_t N00004BEF;
	uint32_t N00003D70;
	uint32_t N00004BF1;
	uint32_t N00003D71;
	uint32_t N00004BF3;
	uint32_t N00003D72;
	uint32_t N00004BF5;
	uint32_t N00003D73;
	uint32_t N00004BF7;
	uint32_t N00003D74;
	uint32_t N00004BF9;
	uint32_t N00003D75;
	uint32_t N00004BFB;
	uint32_t N00003D76;
	uint32_t N00004BFD;
	uint32_t N00003D77;
	uint32_t N00004BFF;
	uint32_t N00003D78;
	uint32_t N00004C01;
	uint32_t N00003D79;
	uint32_t N00004C03;
	uint32_t N00003D7A;
	uint32_t N00004C05;
	uint32_t N00003D7B;
	uint32_t N00004C07;
	uint32_t N00003D7C;
	uint32_t N00004C09;
	uint32_t N00003D7D;
	uint32_t N00004C0B;
	uint32_t N00003D7E;
	uint32_t N00004C0D;
	uint32_t N00003D7F;
	uint32_t N00004C0F;
	uint32_t N00003D80;
	uint32_t N00004C11;
	uint32_t N00003D81;
	uint32_t N00004C13;
	uint32_t N00003D82;
	uint32_t N00004C15;
	uint32_t N00003D83;
	uint32_t N00004C17;
	uint32_t N00003D84;
	uint32_t N00004C19;
	uint32_t N00003D85;
	uint32_t N00004C1B;
	uint32_t N00003D86;
	uint32_t N00004C1D;
	uint32_t N00003D87;
	uint32_t N00004C1F;
	uint32_t N00003D88;
	uint32_t N00004C21;
	uint32_t N00003D89;
	uint32_t N00004C23;
	uint32_t N00003D8A;
	uint32_t N00004C25;
	uint32_t N00003D8B;
	uint32_t N00004C27;
	uint32_t N00003D8C;
	uint32_t N00004C29;
	uint32_t N00003D8D;
	uint32_t N00004C2B;
	uint32_t N00003D8E;
	uint32_t N00004C2D;
	uint32_t N00003D8F;
	uint32_t N00004C2F;
	uint32_t N00003D90;
	uint32_t N00004C31;
	uint32_t N00003D91;
	uint32_t N00004C33;
	uint32_t N00003D92;
	uint32_t N00004C35;
	uint32_t N00003D93;
	uint32_t N00004C37;
	uint32_t N00003D94;
	uint32_t N00004C39;
	uint32_t N00003D95;
	uint32_t N00004C3B;
	uint32_t N00003D96;
	uint32_t N00004C3D;
	uint32_t N00003D97;
	uint32_t N00004C3F;
	uint32_t N00003D98;
	uint32_t N00004C41;
	uint32_t N00003D99;
	uint32_t N00004C43;
	uint32_t N00003D9A;
	uint32_t N00004C45;
	uint32_t N00003D9B;
	uint32_t N00004C47;
	uint32_t N00003D9C;
	uint32_t N00004C49;
	uint32_t N00003D9D;
	uint32_t N00004C4B;
	uint32_t N00003D9E;
	uint32_t N00004C4D;
	uint32_t N00003D9F;
	uint32_t N00004C4F;
	uint32_t N00003DA0;
	uint32_t N00004C51;
	uint32_t N00003DA1;
	uint32_t N00004C53;
	uint32_t N00003DA2;
	uint32_t N00004C55;
	uint32_t N00003DA3;
	uint32_t N00004C57;
	uint32_t N00003DA4;
	uint32_t N00004C59;
	uint32_t N00003DA5;
	uint32_t N00004C5B;
	uint32_t N00003DA6;
	uint32_t N00004C5D;
	uint32_t N00003DA7;
	uint32_t N00004C5F;
	uint32_t N00003DA8;
	uint32_t N00004C61;
	uint32_t N00003DA9;
	uint32_t N00004C63;
	uint32_t N00003DAA;
	uint32_t N00004C65;
	uint32_t N00003DAB;
	uint32_t N00004C67;
	uint32_t N00003DAC;
	uint32_t N00004C69;
	uint32_t N00003DAD;
	uint32_t N00004C6B;
	uint32_t N00003DAE;
	uint32_t N00004C6D;
	uint32_t N00003DAF;
	uint32_t N00004C6F;
	uint32_t N00003DB0;
	uint32_t N00004C71;
	uint32_t N00003DB1;
	uint32_t N00004C73;
	uint32_t N00003DB2;
	uint32_t N00004C75;
	uint32_t N00003DB3;
	uint32_t N00004C77;
	uint32_t N00003DB4;
	uint32_t N00004C79;
	uint32_t N00003DB5;
	uint32_t N00004C7B;
	uint32_t N00003DB6;
	uint32_t N00004C7D;
	uint32_t N00003DB7;
	uint32_t N00004C7F;
	uint32_t N00003DB8;
	uint32_t N00004C81;
	uint32_t N00003DB9;
	uint32_t N00004C83;
	uint32_t N00003DBA;
	uint32_t N00004C85;
	uint32_t N00003DBB;
	uint32_t N00004C87;
	uint32_t N00003DBC;
	uint32_t N00004C89;
	uint32_t N00003DBD;
	uint32_t N00004C8B;
	uint32_t N00003DBE;
	uint32_t N00004C8D;
	uint32_t N00003DBF;
	uint32_t N00004C8F;
	uint32_t N00003DC0;
	uint32_t N00004C91;
	uint32_t N00003DC1;
	uint32_t N00004C93;
	uint32_t N00003DC2;
	uint32_t N00004C95;
	uint32_t N00003DC3;
	uint32_t N00004C97;
	uint32_t N00003DC4;
	uint32_t N00004C99;
	uint32_t N00003DC5;
	uint32_t N00004C9B;
	uint32_t N00003DC6;
	uint32_t N00004C9D;
	uint32_t N00003DC7;
	uint32_t N00004C9F;
	uint32_t N00003DC8;
	uint32_t N00004CA1;
	uint32_t N00003DC9;
	uint32_t N00004CA3;
	uint32_t N00003DCA;
	uint32_t N00004CA5;
	uint32_t N00003DCB;
	uint32_t N00004CA7;
	uint32_t N00003DCC;
	uint32_t N00004CA9;
	uint32_t N00003DCD;
	uint32_t N00004CAB;
	uint32_t N00003DCE;
	uint32_t N00004CAD;
	uint32_t N00003DCF;
	uint32_t N00004CAF;
	uint32_t N00003DD0;
	uint32_t N00004CB1;
	uint32_t N00003DD1;
	uint32_t N00004CB3;
	uint32_t N00003DD2;
	uint32_t N00004CB5;
	uint32_t N00003DD3;
	uint32_t N00004CB7;
	uint32_t N00003DD4;
	uint32_t N00004CB9;
	uint32_t N00003DD5;
	uint32_t N00004CBB;
	uint32_t N00003DD6;
	uint32_t N00004CBD;
	uint32_t N00003DD7;
	uint32_t N00004CBF;
	uint32_t N00003DD8;
	uint32_t N00004CC1;
	uint32_t N00003DD9;
	uint32_t N00004CC3;
	uint32_t N00003DDA;
	uint32_t N00004CC5;
	uint32_t N00003DDB;
	uint32_t N00004CC7;
	uint32_t N00003DDC;
	uint32_t N00004CC9;
	uint32_t N00003DDD;
	uint32_t N00004CCB;
	uint32_t N00003DDE;
	uint32_t N00004CCD;
	uint32_t N00003DDF;
	uint32_t N00004CCF;
	uint32_t N00003DE0;
	uint32_t N00004CD1;
	uint32_t N00003DE1;
	uint32_t N00004CD3;
	uint32_t N00003DE2;
	uint32_t N00004CD5;
	uint32_t N00003DE3;
	uint32_t N00004CD7;
	uint32_t N00003DE4;
	uint32_t N00004CD9;
	uint32_t N00003DE5;
	uint32_t N00004CDB;
	uint32_t N00003DE6;
	uint32_t N00004CDD;
	uint32_t N00003DE7;
	uint32_t N00004CDF;
	uint32_t N00003DE8;
	uint32_t N00004CE1;
	uint32_t N00003DE9;
	uint32_t N00004CE3;
	uint32_t N00003DEA;
	uint32_t N00004CE5;
	uint32_t N00003DEB;
	uint32_t N00004CE7;
	uint32_t N00003DEC;
	uint32_t N00004CE9;
	uint32_t N00003DED;
	uint32_t N00004CEB;
	uint32_t N00003DEE;
	uint32_t N00004CED;
	uint32_t N00003DEF;
	uint32_t N00004CEF;
	uint32_t N00003DF0;
	uint32_t N00004CF1;
	uint32_t N00003DF1;
	uint32_t N00004CF3;
	uint32_t N00003DF2;
	uint32_t N00004CF5;
	uint32_t N00003DF3;
	uint32_t N00004CF7;
	uint32_t N00003DF4;
	uint32_t N00004CF9;
	uint32_t N00003DF5;
	uint32_t N00004CFB;
	uint32_t N00003DF6;
	uint32_t N00004CFD;
	uint32_t N00003DF7;
	uint32_t N00004CFF;
	uint32_t N00003DF8;
	uint32_t N00004D01;
	uint32_t N00003DF9;
	uint32_t N00004D03;
	uint32_t N00003DFA;
	uint32_t N00004D05;
	uint32_t N00003DFB;
	uint32_t N00004D07;
	uint32_t N00003DFC;
	uint32_t N00004D09;
	uint32_t N00003DFD;
	uint32_t N00004D0B;
	uint32_t N00003DFE;
	uint32_t N00004D0D;
	uint32_t N00003DFF;
	uint32_t N00004D0F;
	uint32_t N00003E00;
	uint32_t N00004D11;
	uint32_t N00003E01;
	uint32_t N00004D13;
	uint32_t N00003E02;
	uint32_t N00004D15;
	uint32_t N00003E03;
	uint32_t N00004D17;
	uint32_t N00003E04;
	uint32_t N00004D19;
	uint32_t N00003E05;
	uint32_t N00004D1B;
	uint32_t N00003E06;
	uint32_t N00004D1D;
	uint32_t N00003E07;
	uint32_t N00004D1F;
	uint32_t N00003E08;
	uint32_t r_FoodStockBread;
	uint32_t r_FoodStockCheese;
	uint32_t r_FoodStockMeat;
	uint32_t r_FoodStockFruit;
	uint32_t r_FoodStockTotal;
	uint32_t r_PreferredFoodType;
	uint32_t N00004D27;
	uint32_t r_LastConsumedFoodType;
	uint32_t r_FoodTypeConsumptionIndex;
	uint32_t r_ConsumptionRateThisTick;
	uint32_t r_ConsumptionAccumulator;
	uint32_t Unknown;
	uint32_t N00004D2D;
	uint32_t N00003E0F;
	uint32_t N00004D2F;
	uint32_t N00003E10;
	uint32_t N00004D31;
	uint32_t N00003E11;
	uint32_t N00004D33;
	uint32_t N00003E12;
	uint32_t N00004D35;
	uint32_t N00003E13;
	uint32_t N00004D37;
	uint32_t N00003E14;
	uint32_t N00004D39;
	uint32_t N00003E15;
	uint32_t N00004D3B;
	uint32_t N00003E16;
	uint32_t N00004D3D;
	uint32_t N00003E17;
	uint32_t N00004D3F;
	uint32_t N00003E18;
	uint32_t N00004D41;
	uint32_t r_AleBonus;
	uint32_t N00004D43;
	uint32_t N00003E1A;
	uint32_t r_ProductivityPercentage;
	uint32_t N00003E1B;
	uint32_t r_WorkingInns;
	uint32_t N00003E1C;
	uint32_t r_BadThingsNum;
	uint32_t r_GoodThingsNum;
	int32_t r_GoodBadThingBoost;
	uint32_t r_GoodBadThingsForNextStage;
	uint32_t N00004D4D;
	uint32_t N00003E1F;
	uint32_t N00004D4F;
	uint32_t N00003E20;
	uint32_t N00004D51;
	uint32_t r_LastBoughtWallStoneCost;
	uint32_t r_NextIncomeGoldAmount;
	uint32_t r_NextIncomeProgress;
	int32_t r_TaxPopularityModifier;
	int32_t r_RationsPopularityModifier;
	int32_t N00004D57;
	uint32_t N00003E24;
	uint32_t N00004D59;
	uint32_t N00003E25;
	uint32_t N00004D5B;
	uint32_t N00003E26;
	uint32_t N00004D5D;
	uint32_t r_TotalPopulation;
	uint32_t N00004D5F;
	uint32_t r_TaxesMode;
	uint32_t r_RationMode;
	int32_t r_DaysUntilStarvation;
	uint32_t N00004D63;
	uint32_t N00003E2A;
	uint32_t N00004D65;
	uint32_t N00003E2B;
	uint32_t N00004D67;
	uint32_t N00003E2C;
	uint32_t N00004D69;
	uint32_t N00003E2D;
	uint32_t N00004D6B;
	uint32_t N00003E2E;
	uint32_t N00004D6D;
	uint32_t N00003E2F;
	uint32_t N00004D6F;
	uint32_t N00003E30;
	uint32_t N00004D71;
	uint32_t N00003E31;
	uint32_t N00004D73;
	uint32_t N00003E32;
	uint32_t N00004D75;
	uint32_t N00003E33;
	uint32_t N00004D77;
	uint32_t N00003E34;
	uint32_t N00004D79;
	uint32_t N00003E35;
	uint32_t N00004D7B;
	uint32_t r_LordUnitId;
	uint32_t r_LordUnitGlobalId;
	uint32_t N00003E37;
	uint32_t N00004D7F;
	uint32_t N00003E38;
	uint32_t N00004D81;
	uint32_t r_IsPaused;
	uint32_t N00004D83;
	uint32_t N00003E3A;
	uint32_t r_GranaryChickens;
	uint32_t N00003E3B;
	uint32_t N00004D87;
	uint32_t N00003E3C;
	uint32_t N00004D89;
	uint32_t N00003E3D;
	uint32_t N00004D8B;
	uint32_t r_BlessedPeople;
	uint32_t r_NotBlessedPeople;
	uint32_t r_BlessedCiviliansPercent2;
	uint32_t r_WinLossState;
	uint16_t N00003E40;
	uint16_t N0000488D_2;
	uint16_t N00004D91;
	uint16_t N00004890;
	uint16_t N00003E41;
	uint16_t N0000924C;
	uint32_t N00004D93;
	uint32_t N00003E42;
	uint32_t N00004D95;
	uint32_t N00003E43;
	uint32_t N00004D97;
	uint32_t N00003E44;
	uint32_t N00004D99;
	uint32_t N00003E45;
	uint16_t N00004D9B;
	uint16_t N000047E5_2;
	uint32_t N00003E46;
	uint16_t N00004D9D;
	uint16_t r_BlessedCiviliansPercent;
	uint32_t N00003E47;
	uint32_t N00004D9F;
	uint32_t r_Chapels;
	uint32_t r_Churches;
	uint32_t r_Cathedrals;
	uint32_t N00004DA3;
	uint32_t r_Priests;
	uint32_t N00004DA5;
	uint32_t N00003E4B;
	uint32_t r_DrunkCiviliansPercent;
	uint32_t N00003E4C;
	uint32_t N00004DA9;
	uint32_t N00003E4D;
	uint32_t N00004DAB;
	uint32_t N00003E4E;
	uint32_t N00004DAD;
	uint32_t N00003E4F;
	uint32_t N00004DAF;
	uint32_t N00003E50;
	uint32_t N00004DB1;
	uint32_t r_InnsAmount;
	uint32_t N00004DB3;
	uint32_t N00003E52;
	uint32_t N00004DB5;
	uint32_t N00003E53;
	uint32_t N00004DB7;
	uint32_t N00003E54;
	uint32_t N00004DB9;
	uint32_t N00003E55;
	uint32_t N00004DBB;
	uint32_t N00003E56;
	uint32_t N00004DBD;
	uint32_t r_AILordMinusOne;
	uint32_t N00004DBF;
	uint32_t N00003E58;
	uint32_t N00004DC1;
	uint32_t N00003E59;
	uint32_t N00004DC3;
	uint32_t N00003E5A;
	uint32_t N00004DC5;
	uint32_t N00003E5B;
	uint32_t N00004DC7;
	uint32_t N00003E5C;
	uint32_t N00004DC9;
	uint32_t N00003E5D;
	uint32_t N00004DCB;
	uint32_t N00003E5E;
	uint32_t N00004DCD;
	uint32_t N00003E5F;
	uint32_t N00004DCF;
	uint32_t N00003E60;
	uint32_t N00004DD1;
	uint32_t N00003E61;
	uint32_t N00004DD3;
	uint32_t N00003E62;
	uint32_t N00004DD5;
	uint32_t N00003E63;
	uint32_t N00004DD7;
	uint32_t N00003E64;
	uint32_t N00004DD9;
	uint32_t N00003E65;
	uint32_t N00004DDB;
	uint32_t N00003E66;
	uint32_t N00004DDD;
	uint32_t N00003E67;
	uint32_t N00004DDF;
	uint32_t N00003E68;
	uint32_t N00004DE1;
	uint32_t N00003E69;
	uint32_t N00004DE3;
	uint32_t N00003E6A;
	uint32_t N00004DE5;
	uint32_t N00003E6B;
	uint32_t N00004DE7;
	uint32_t N00003E6C;
	uint32_t N00004DE9;
	uint32_t N00003E6D;
	uint32_t N00004DEB;
	uint32_t N00003E6E;
	uint32_t N00004DED;
	uint32_t N00003E6F;
	uint32_t N00004DEF;
	uint32_t N00003E70;
	uint32_t N00004DF1;
	uint32_t N00003E71;
	uint32_t N00004DF3;
	uint32_t N00003E72;
	uint32_t N00004DF5;
	uint32_t N00003E73;
	uint32_t N00004DF7;
	uint32_t N00003E74;
	uint32_t N00004DF9;
	uint32_t N00003E75;
	uint32_t N00004DFB;
	uint32_t N00003E76;
	uint32_t N00004DFD;
	uint32_t N00003E77;
	uint32_t N00004DFF;
	uint32_t N00003E78;
	uint32_t N00004E01;
	uint32_t N00003E79;
	uint32_t N00004E03;
	uint32_t N00003E7A;
	uint32_t N00004E05;
	uint32_t N00003E7B;
	uint32_t N00004E07;
	uint32_t N00003E7C;
	uint32_t N00004E09;
	uint32_t N00003E7D;
	uint32_t N00004E0B;
	uint32_t N00003E7E;
	uint32_t N00004E0D;
	uint32_t N00003E7F;
	uint32_t N00004E0F;
	uint32_t N00003E80;
	uint32_t N00004E11;
	uint32_t N00003E81;
	uint32_t N00004E13;
	uint32_t N00003E82;
	uint32_t N00004E15;
	uint32_t N00003E83;
	uint32_t N00004E17;
	uint32_t N00003E84;
	uint32_t N00004E19;
	uint32_t N00003E85;
	uint32_t N00004E1B;
	uint32_t N00003E86;
	uint32_t N00004E1D;
	uint32_t N00003E87;
	uint32_t N00004E1F;
	uint32_t N00003E88;
	uint32_t N00004E21;
	uint32_t N00003E89;
	uint32_t N00004E23;
	uint32_t N00003E8A;
	uint32_t N00004E25;
	uint32_t N00003E8B;
	uint32_t N00004E27;
	uint32_t N00003E8C;
	uint32_t N00004E29;
	uint32_t N00003E8D;
	uint32_t N00004E2B;
	uint32_t N00003E8E;
	uint32_t N00004E2D;
	uint32_t N00003E8F;
	uint32_t N00004E2F;
	uint32_t N00003E90;
	uint32_t N00004E31;
	uint32_t N00003E91;
	uint32_t N00004E33;
	uint32_t N00003E92;
	uint32_t N00004E35;
	uint32_t N00003E93;
	uint32_t N00004E37;
	uint32_t N00003E94;
	uint32_t N00004E39;
	uint32_t N00003E95;
	uint32_t N00004E3B;
	uint32_t N00003E96;
	uint32_t N00004E3D;
	uint32_t N00003E97;
	uint32_t N00004E3F;
	uint32_t N00003E98;
	uint32_t N00004E41;
	uint32_t N00003E99;
	uint32_t N00004E43;
	uint32_t N00003E9A;
	uint32_t N00004E45;
	uint32_t N00003E9B;
	uint32_t N00004E47;
	uint32_t N00003E9C;
	uint32_t N00004E49;
	uint32_t N00003E9D;
	uint32_t N00004E4B;
	uint32_t N00003E9E;
	uint32_t N00004E4D;
	uint32_t N00003E9F;
	uint32_t N00004E4F;
	uint32_t N00003EA0;
	uint32_t N00004E51;
	uint32_t N00003EA1;
	uint32_t N00004E53;
	uint32_t N00003EA2;
	uint32_t N00004E55;
	uint32_t N00003EA3;
	uint32_t N00004E57;
	uint32_t N00003EA4;
	uint32_t N00004E59;
	uint32_t N00003EA5;
	uint32_t N00004E5B;
	uint32_t N00003EA6;
	uint32_t N00004E5D;
	uint32_t N00003EA7;
	uint32_t N00004E5F;
	uint32_t N00003EA8;
	uint32_t N00004E61;
	uint32_t N00003EA9;
	uint32_t N00004E63;
	uint32_t N00003EAA;
	uint32_t N00004E65;
	uint32_t N00003EAB;
	uint32_t N00004E67;
	uint32_t N00003EAC;
	uint32_t N00004E69;
	uint32_t N00003EAD;
	uint32_t N00004E6B;
	uint32_t N00003EAE;
	uint32_t N00004E6D;
	uint32_t N00003EAF;
	uint32_t N00004E6F;
	uint32_t N00003EB0;
	uint32_t N00004E71;
	uint32_t N00003EB1;
	uint32_t N00004E73;
	uint32_t N00003EB2;
	uint32_t N00004E75;
	uint32_t N00003EB3;
	uint32_t N00004E77;
	uint32_t N00003EB4;
	uint32_t N00004E79;
	uint32_t N00003EB5;
	uint32_t N00004E7B;
	uint32_t N00003EB6;
	uint32_t N00004E7D;
	uint32_t N00003EB7;
	uint32_t N00004E7F;
	uint32_t N00003EB8;
	uint32_t N00004E81;
	uint32_t N00003EB9;
	uint32_t N00004E83;
	uint32_t N00003EBA;
	uint32_t N00004E85;
	uint32_t N00003EBB;
	uint32_t N00004E87;
	uint32_t N00003EBC;
	uint32_t N00004E89;
	uint32_t N00003EBD;
	uint32_t N00004E8B;
	uint32_t N00003EBE;
	uint32_t N00004E8D;
	uint32_t N00003EBF;
	uint32_t N00004E8F;
	uint32_t N00003EC0;
	uint32_t N00004E91;
	uint32_t N00003EC1;
	uint32_t N00004E93;
	uint32_t N00003EC2;
	uint32_t N00004E95;
	uint32_t N00003EC3;
	uint32_t N00004E97;
	uint32_t N00003EC4;
	uint32_t N00004E99;
	uint32_t N00003EC5;
	uint32_t N00004E9B;
	uint32_t N00003EC6;
	uint32_t N00004E9D;
	uint32_t N00003EC7;
	uint32_t N00004E9F;
	uint32_t N00003EC8;
	uint32_t N00004EA1;
	uint32_t N00003EC9;
	uint32_t N00004EA3;
	uint32_t N00003ECA;
	uint32_t N00004EA5;
	uint32_t N00003ECB;
	uint32_t N00004EA7;
	uint32_t N00003ECC;
	uint32_t N00004EA9;
	uint32_t N00003ECD;
	uint32_t N00004EAB;
	uint32_t N00003ECE;
	uint32_t N00004EAD;
	uint32_t N00003ECF;
	uint32_t N00004EAF;
	uint32_t N00003ED0;
	uint32_t N00004EB1;
	uint32_t N00003ED1;
	uint32_t N00004EB3;
	uint32_t N00003ED2;
	uint32_t N00004EB5;
	uint32_t N00003ED3;
	uint32_t N00004EB7;
	uint32_t N00003ED4;
	uint32_t N00004EB9;
	uint32_t N00003ED5;
	uint32_t N00004EBB;
	uint32_t N00003ED6;
	uint32_t N00004EBD;
	uint32_t N00003ED7;
	uint32_t N00004EBF;
	uint32_t N00003ED8;
	uint32_t N00004EC1;
	uint32_t N00003ED9;
	uint32_t N00004EC3;
	uint32_t N00003EDA;
	uint32_t N00004EC5;
	uint32_t N00003EDB;
	uint32_t N00004EC7;
	uint32_t N00003EDC;
	uint32_t N00004EC9;
	uint32_t N00003EDD;
	uint32_t N00004ECB;
	uint32_t N00003EDE;
	uint32_t N00004ECD;
	uint32_t N00003EDF;
	uint32_t N00004ECF;
	uint32_t N00003EE0;
	uint32_t N00004ED1;
	uint32_t N00003EE1;
	uint32_t N00004ED3;
	uint32_t N00003EE2;
	uint32_t N00004ED5;
	uint32_t N00003EE3;
	uint32_t N00004ED7;
	uint32_t N00003EE4;
	uint32_t N00004ED9;
	uint32_t N00003EE5;
	uint32_t N00004EDB;
	uint32_t N00003EE6;
	uint32_t N00004EDD;
	uint32_t N00003EE7;
	uint32_t N00004EDF;
	uint32_t N00003EE8;
	uint32_t N00004EE1;
	uint32_t N00003EE9;
	uint32_t N00004EE3;
	uint32_t N00003EEA;
	uint32_t N00004EE5;
	uint32_t N00003EEB;
	uint32_t N00004EE7;
	uint32_t N00003EEC;
	uint32_t N00004EE9;
	uint32_t N00003EED;
	uint32_t N00004EEB;
	uint32_t N00003EEE;
	uint32_t N00004EED;
	uint32_t N00003EEF;
	uint32_t N00004EEF;
	uint32_t N00003EF0;
	uint32_t N00004EF1;
	uint32_t N00003EF1;
	uint32_t N00004EF3;
	uint32_t N00003EF2;
	uint32_t N00004EF5;
	uint32_t N00003EF3;
	uint32_t N00004EF7;
	uint32_t N00003EF4;
	uint32_t N00004EF9;
	uint32_t N00003EF5;
	uint32_t N00004EFB;
	uint32_t N00003EF6;
	uint32_t N00004EFD;
	uint32_t N00003EF7;
	uint32_t N00004EFF;
	uint32_t N00003EF8;
	uint32_t N00004F01;
	uint32_t N00003EF9;
	uint32_t N00004F03;
	uint32_t N00003EFA;
	uint32_t N00004F05;
	uint32_t N00003EFB;
	uint32_t N00004F07;
	uint32_t N00003EFC;
	uint32_t N00004F09;
	uint32_t N00003EFD;
	uint32_t N00004F0B;
	uint32_t N00003EFE;
	uint32_t N00004F0D;
	uint32_t N00003EFF;
	uint32_t N00004F0F;
	uint32_t N00003F00;
	uint32_t N00004F11;
	uint32_t N00003F01;
	uint32_t N00004F13;
	uint32_t N00003F02;
	uint32_t N00004F15;
	uint32_t N00003F03;
	uint32_t N00004F17;
	uint32_t N00003F04;
	uint32_t N00004F19;
	uint32_t N00003F05;
	uint32_t N00004F1B;
	uint32_t N00003F06;
	uint32_t N00004F1D;
	uint32_t N00003F07;
	uint32_t N00004F1F;
	uint32_t N00003F08;
	uint32_t N00004F21;
	uint32_t N00003F09;
	uint32_t N00004F23;
	uint32_t N00003F0A;
	uint32_t N00004F25;
	uint32_t N00003F0B;
	uint32_t N00004F27;
	uint32_t N00003F0C;
	uint32_t N00004F29;
	uint32_t N00003F0D;
	uint32_t N00004F2B;
	uint32_t N00003F0E;
	uint32_t N00004F2D;
	uint32_t N00003F0F;
	uint32_t N00004F2F;
	uint32_t N00003F10;
	uint32_t N00004F31;
	uint32_t N00003F11;
	uint32_t N00004F33;
	uint32_t N00003F12;
	uint32_t N00004F35;
	uint32_t N00003F13;
	uint32_t N00004F37;
	uint32_t N00003F14;
	uint32_t N00004F39;
	uint32_t N00003F15;
	uint32_t N00004F3B;
	uint32_t N00003F16;
	uint32_t N00004F3D;
	uint32_t N00003F17;
	uint32_t N00004F3F;
	uint32_t N00003F18;
	uint32_t N00004F41;
	uint32_t N00003F19;
	uint32_t N00004F43;
	uint32_t N00003F1A;
	uint32_t N00004F45;
	uint32_t N00003F1B;
	uint32_t N00004F47;
	uint32_t N00003F1C;
	uint32_t N00004F49;
	uint32_t N00003F1D;
	uint32_t N00004F4B;
	uint32_t N00003F1E;
	uint32_t N00004F4D;
	uint32_t N00003F1F;
	uint32_t N00004F4F;
	uint32_t N00003F20;
	uint32_t N00004F51;
	uint32_t N00003F21;
	uint32_t N00004F53;
	uint32_t N00003F22;
	uint32_t N00004F55;
	uint32_t N00003F23;
	uint32_t N00004F57;
	uint32_t N00003F24;
	uint32_t N00004F59;
	uint32_t N00003F25;
	uint32_t N00004F5B;
	uint32_t N00003F26;
	uint32_t N00004F5D;
	uint32_t N00003F27;
	uint32_t N00004F5F;
	uint32_t N00003F28;
	uint32_t N00004F61;
	uint32_t N00003F29;
	uint32_t N00004F63;
	uint32_t N00003F2A;
	uint32_t N00004F65;
	uint32_t N00003F2B;
	uint32_t N00004F67;
	uint32_t N00003F2C;
	uint32_t N00004F69;
	uint32_t N00003F2D;
	uint32_t N00004F6B;
	uint32_t N00003F2E;
	uint32_t N00004F6D;
	uint32_t N00003F2F;
	uint32_t N00004F6F;
	uint32_t N00003F30;
	uint32_t N00004F71;
	uint32_t N00003F31;
	uint32_t N00004F73;
	uint32_t N00003F32;
	uint32_t N00004F75;
	uint32_t N00003F33;
	uint32_t N00004F77;
	uint32_t N00003F34;
	uint32_t N00004F79;
	uint32_t N00003F35;
	uint32_t N00004F7B;
	uint32_t N00003F36;
	uint32_t N00004F7D;
	uint32_t N00003F37;
	uint32_t N00004F7F;
	uint32_t N00003F38;
	uint32_t N00004F81;
	uint32_t N00003F39;
	uint32_t N00004F83;
	uint32_t N00003F3A;
	uint32_t N00004F85;
	uint32_t N00003F3B;
	uint32_t N00004F87;
	uint32_t N00003F3C;
	uint32_t N00004F89;
	uint32_t N00003F3D;
	uint32_t N00004F8B;
	uint32_t N00003F3E;
	uint32_t N00004F8D;
	uint32_t N00003F3F;
	uint32_t N00004F8F;
	uint32_t N00003F40;
	uint32_t N00004F91;
	uint32_t N00003F41;
	uint32_t r_AICurrentFarmType;
	uint32_t N00003F42;
	uint32_t N00004F95;
	uint32_t N00003F43;
	uint32_t N00004F97;
	uint32_t N00003F44;
	uint32_t N00004F99;
	uint32_t N00003F45;
	uint32_t N00004F9B;
	uint32_t N00003F46;
	uint32_t N00004F9D;
	uint32_t N00003F47;
	uint32_t N00004F9F;
	uint32_t N00003F48;
	uint32_t N00004FA1;
	uint32_t N00003F49;
	uint32_t N00004FA3;
	uint32_t N00003F4A;
	uint32_t N00004FA5;
	uint32_t N00003F4B;
	uint32_t N00004FA7;
	uint32_t N00003F4C;
	uint32_t N00004FA9;
	uint32_t N00003F4D;
	uint32_t N00004FAB;
	uint32_t N00003F4E;
	uint32_t N00004FAD;
	uint32_t N00003F4F;
	uint32_t N00004FAF;
	uint32_t N00003F50;
	uint32_t N00004FB1;
	uint32_t N00003F51;
	uint32_t N00004FB3;
	uint32_t N00003F52;
	uint32_t N00004FB5;
	uint32_t N00003F53;
	uint32_t N00004FB7;
	uint32_t r_IdlePeasantAverageP1;
	uint32_t r_IdlePeasantAverageP2;
	uint32_t r_IdlePeasantAverageP3;
	uint32_t r_IdlePeasantAverageP4;
	uint32_t r_IdlePeasantAverageP5;
	uint32_t r_IdlePeasantAverageP6;
	uint32_t r_IdlePeasantAverageP7;
	uint32_t r_IdlePeasantAverageP8;
	uint32_t r_IdlePeasantAverage;
	uint32_t r_IdlePeasantCurrent;
	uint32_t N00003F59;
	uint32_t N00004FC3;
	uint32_t r_WoodcuttersHutsInactive;
	uint32_t r_WoodcuttersHutsActive;
	uint32_t r_WoodcutterWorstDistance;
	uint32_t r_WoodcutterWorstBuildingId;
	uint32_t N00003F5C;
	uint32_t N00004FC9;
	uint32_t N00003F5D;
	uint32_t N00004FCB;
	uint32_t N00003F5E;
	uint32_t N00004FCD;
	uint32_t N00003F5F;
	uint32_t N00004FCF;
	uint32_t N00003F60;
	uint32_t N00004FD1;
	uint32_t N00003F61;
	uint32_t N00004FD3;
	uint32_t N00003F62;
	uint32_t N00004FD5;
	uint32_t N00003F63;
	uint32_t N00004FD7;
	uint32_t N00003F64;
	uint32_t N00004FD9;
	uint32_t N00003F65;
	uint32_t N00004FDB;
	uint32_t N00003F66;
	uint32_t r_AISiegeRetreatTileId;
	uint32_t r_AISiegeRetreatTileX;
	uint32_t r_AISiegeRetreatTileY;
	uint32_t N00003F68;
	uint32_t N00004FE1;
	uint32_t N00003F69;
	uint32_t N00004FE3;
	uint32_t N00003F6A;
	uint32_t N00004FE5;
	uint32_t N00003F6B;
	uint32_t N00004FE7;
	uint32_t N00003F6C;
	uint32_t N00004FE9;
	uint32_t N00003F6D;
	uint32_t N00004FEB;
	uint32_t N00003F6E;
	uint32_t N00004FED;
	uint32_t N00003F6F;
	uint32_t N00004FEF;
	uint32_t N00003F70;
	uint32_t N00004FF1;
	uint32_t N00003F71;
	uint32_t N00004FF3;
	uint32_t r_AISiegePlayerIdTarget;
	uint32_t N00004FF5;
	uint32_t N00003F73;
	uint32_t N00004FF7;
	uint32_t N00003F74;
	uint32_t N00004FF9;
	uint32_t N00003F75;
	uint32_t N00004FFB;
	uint32_t N00003F76;
	uint32_t N00004FFD;
	uint32_t N00003F77;
	uint32_t N00004FFF;
	uint32_t N00003F78;
	uint32_t N00005001;
	uint32_t N00003F79;
	uint32_t N00005003;
	uint32_t N00003F7A;
	uint32_t N00005005;
	uint32_t N00003F7B;
	uint32_t N00005007;
	uint32_t N00003F7C;
	uint32_t N00005009;
	uint32_t N00003F7D;
	uint32_t N0000500B;
	uint32_t N00003F7E;
	uint32_t N0000500D;
	uint32_t N00003F7F;
	uint32_t N0000500F;
	uint32_t N00003F80;
	uint32_t N00005011;
	uint32_t N00003F81;
	uint32_t N00005013;
	uint32_t N00003F82;
	uint32_t N00005015;
	uint32_t N00003F83;
	uint32_t N00005017;
	uint32_t N00003F84;
	uint32_t N00005019;
	uint32_t N00003F85;
	uint32_t N0000501B;
	uint32_t N00003F86;
	uint32_t N0000501D;
	uint32_t N00003F87;
	uint32_t N0000501F;
	uint32_t N00003F88;
	uint32_t N00005021;
	uint32_t N00003F89;
	uint32_t N00005023;
	uint32_t N00003F8A;
	uint32_t N00005025;
	uint32_t N00003F8B;
	uint32_t N00005027;
	uint32_t N00003F8C;
	uint32_t N00005029;
	uint32_t N00003F8D;
	uint32_t N0000502B;
	uint32_t N00003F8E;
	uint32_t N0000502D;
	uint32_t N00003F8F;
	uint32_t N0000502F;
	uint32_t N00003F90;
	uint32_t N00005031;
	uint32_t N00003F91;
	uint32_t N00005033;
	uint32_t N00003F92;
	uint32_t N00005035;
	uint32_t N00003F93;
	uint32_t N00005037;
	uint32_t N00003F94;
	uint32_t N00005039;
	uint32_t N00003F95;
	uint32_t N0000503B;
	uint32_t N00003F96;
	uint32_t N0000503D;
	uint32_t N00003F97;
	uint32_t N0000503F;
	uint32_t N00003F98;
	uint32_t N00005041;
	uint32_t N00003F99;
	uint32_t N00005043;
	uint32_t N00003F9A;
	uint32_t N00005045;
	uint32_t N00003F9B;
	uint32_t N00005047;
	uint32_t N00003F9C;
	uint32_t N00005049;
	uint32_t N00003F9D;
	uint32_t N0000504B;
	uint32_t N00003F9E;
	uint32_t N0000504D;
	uint32_t N00003F9F;
	uint32_t N0000504F;
	uint32_t N00003FA0;
	uint32_t N00005051;
	uint32_t N00003FA1;
	uint32_t N00005053;
	uint32_t N00003FA2;
	uint32_t N00005055;
	uint32_t N00003FA3;
	uint32_t N00005057;
	uint32_t N00003FA4;
	uint32_t N00005059;
	uint32_t N00003FA5;
	uint32_t N0000505B;
	uint32_t N00003FA6;
	uint32_t N0000505D;
	uint32_t N00003FA7;
	uint32_t N0000505F;
	uint32_t N00003FA8;
	uint32_t N00005061;
	uint32_t N00003FA9;
	uint32_t N00005063;
	uint32_t N00003FAA;
	uint32_t N00005065;
	uint32_t N00003FAB;
	uint32_t N00005067;
	uint32_t N00003FAC;
	uint32_t N00005069;
	uint32_t N00003FAD;
	uint32_t N0000506B;
	uint32_t N00003FAE;
	uint32_t N0000506D;
	uint32_t N00003FAF;
	uint32_t N0000506F;
	uint32_t N00003FB0;
	uint32_t N00005071;
	uint32_t N00003FB1;
	uint32_t N00005073;
	uint32_t N00003FB2;
	uint32_t N00005075;
	uint32_t N00003FB3;
	uint32_t N00005077;
	uint32_t N00003FB4;
	uint32_t N00005079;
	uint32_t N00003FB5;
	uint32_t N0000507B;
	uint32_t N00003FB6;
	uint32_t N0000507D;
	uint32_t N00003FB7;
	uint32_t N0000507F;
	uint32_t N00003FB8;
	uint32_t N00005081;
	uint32_t N00003FB9;
	uint32_t N00005083;
	uint32_t N00003FBA;
	uint32_t N00005085;
	uint32_t N00003FBB;
	uint32_t N00005087;
	uint32_t N00003FBC;
	uint32_t N00005089;
	uint32_t N00003FBD;
	uint32_t N0000508B;
	uint32_t N00003FBE;
	uint32_t N0000508D;
	uint32_t N00003FBF;
	uint32_t N0000508F;
	uint32_t N00003FC0;
	uint32_t N00005091;
	uint32_t N00003FC1;
	uint32_t N00005093;
	uint32_t N00003FC2;
	uint32_t N00005095;
	uint32_t N00003FC3;
	uint32_t N00005097;
	uint32_t N00003FC4;
	uint32_t N00005099;
	uint32_t N00003FC5;
	uint32_t N0000509B;
	uint32_t N00003FC6;
	uint32_t N0000509D;
	uint32_t N00003FC7;
	uint32_t N0000509F;
	uint32_t N00003FC8;
	uint32_t N000050A1;
	uint32_t N00003FC9;
	uint32_t N000050A3;
	uint32_t N00003FCA;
	uint32_t N000050A5;
	uint32_t N00003FCB;
	uint32_t N000050A7;
	uint32_t N00003FCC;
	uint32_t N000050A9;
	uint32_t N00003FCD;
	uint32_t N000050AB;
	uint32_t N00003FCE;
	uint32_t N000050AD;
	uint32_t N00003FCF;
	uint32_t N000050AF;
	uint32_t N00003FD0;
	uint32_t N000050B1;
	uint32_t N00003FD1;
	uint32_t N000050B3;
	uint32_t N00003FD2;
	uint32_t N000050B5;
	uint32_t N00003FD3;
	uint32_t N000050B7;
	uint32_t N00003FD4;
	uint32_t N000050B9;
	uint32_t N00003FD5;
	uint32_t N000050BB;
	uint32_t N00003FD6;
	uint32_t N000050BD;
	uint32_t N00003FD7;
	uint32_t N000050BF;
	uint32_t N00003FD8;
	uint32_t N000050C1;
	uint32_t N00003FD9;
	uint32_t N000050C3;
	uint32_t N00003FDA;
	uint32_t N000050C5;
	uint32_t N00003FDB;
	uint32_t N000050C7;
	uint32_t N00003FDC;
	uint32_t N000050C9;
	uint32_t N00003FDD;
	uint32_t N000050CB;
	uint32_t N00003FDE;
	uint32_t N000050CD;
	uint32_t N00003FDF;
	uint32_t N000050CF;
	uint32_t N00003FE0;
	uint32_t N000050D1;
	uint32_t N00003FE1;
	uint32_t N000050D3;
	uint32_t N00003FE2;
	uint32_t N000050D5;
	uint32_t N00003FE3;
	uint32_t N000050D7;
	uint32_t N00003FE4;
	uint32_t N000050D9;
	uint32_t N00003FE5;
	uint32_t N000050DB;
	uint32_t N00003FE6;
	uint32_t N000050DD;
	uint32_t N00003FE7;
	uint32_t N000050DF;
	uint32_t N00003FE8;
	uint32_t N000050E1;
	uint32_t N00003FE9;
	uint32_t N000050E3;
	uint32_t N00003FEA;
	uint32_t N000050E5;
	uint32_t N00003FEB;
	uint32_t N000050E7;
	uint32_t N00003FEC;
	uint32_t N000050E9;
	uint32_t N00003FED;
	uint32_t N000050EB;
	uint32_t N00003FEE;
	uint32_t N000050ED;
	uint32_t N00003FEF;
	uint32_t N000050EF;
	uint32_t N00003FF0;
	uint32_t N000050F1;
	uint32_t N00003FF1;
	uint32_t N000050F3;
	uint32_t N00003FF2;
	uint32_t N000050F5;
	uint32_t N00003FF3;
	uint32_t N000050F7;
	uint32_t N00003FF4;
	uint32_t N000050F9;
	uint32_t N00003FF5;
	uint32_t N000050FB;
	uint32_t N00003FF6;
	uint32_t N000050FD;
	uint32_t N00003FF7;
	uint32_t N000050FF;
	uint32_t N00003FF8;
	uint32_t N00005101;
	uint32_t N00003FF9;
	uint32_t N00005103;
	uint32_t N00003FFA;
	uint32_t N00005105;
	uint32_t N00003FFB;
	uint32_t N00005107;
	uint32_t N00003FFC;
	uint32_t N00005109;
	uint32_t N00003FFD;
	uint32_t N0000510B;
	uint32_t N00003FFE;
	uint32_t N0000510D;
	uint32_t N00003FFF;
	uint32_t N0000510F;
	uint32_t N00004000;
	uint32_t N00005111;
	uint32_t N00004001;
	uint32_t N00005113;
	uint32_t N00004002;
	uint32_t N00005115;
	uint32_t N00004003;
	uint32_t N00005117;
	uint32_t N00004004;
	uint32_t N00005119;
	uint32_t N00004005;
	uint32_t N0000511B;
	uint32_t N00004006;
	uint32_t N0000511D;
	uint32_t N00004007;
	uint32_t N0000511F;
	uint32_t N00004008;
	uint32_t N00005121;
	uint32_t N00004009;
	uint32_t N00005123;
	uint32_t N0000400A;
	uint32_t N00005125;
	uint32_t N0000400B;
	uint32_t N00005127;
	uint32_t N0000400C;
	uint32_t N00005129;
	uint32_t N0000400D;
	uint32_t N0000512B;
	uint32_t N0000400E;
	uint32_t N0000512D;
	uint32_t N0000400F;
	uint32_t N0000512F;
	uint32_t N00004010;
	uint32_t N00005131;
	uint32_t N00004011;
	uint32_t N00005133;
	uint32_t N00004012;
	uint32_t N00005135;
	uint32_t N00004013;
	uint32_t r_UnitsWithTribeRole0;
	uint32_t r_UnitsWithTribeRole1Or4;
	uint32_t r_UnitsWithTribeRole2;
	uint32_t N00004015;
	uint32_t N0000513B;
	uint32_t N00004016;
	uint32_t N0000513D;
	uint32_t N00004017;
	uint32_t N0000513F;
	uint32_t N00004018;
	uint32_t N00005141;
	uint32_t N00004019;
	uint32_t N00005143;
	uint32_t N0000401A;
	uint32_t N00005145;
	uint32_t N0000401B;
	uint32_t N00005147;
	uint32_t N0000401C;
	uint32_t N00005149;
	uint32_t N0000401D;
	uint32_t N0000514B;
	uint32_t N0000401E;
	uint32_t N0000514D;
	uint32_t N0000401F;
	uint32_t N0000514F;
	uint32_t N00004020;
	uint32_t N00005151;
	uint32_t N00004021;
	uint32_t N00005153;
	uint32_t N00004022;
	uint32_t N00005155;
	uint32_t N00004023;
	uint32_t N00005157;
	uint32_t N00004024;
	uint32_t N00005159;
	uint32_t N00004025;
	uint32_t N0000515B;
	uint32_t N00004026;
	uint32_t N0000515D;
	uint32_t N00004027;
	uint32_t N0000515F;
	uint32_t N00004028;
	uint32_t N00005161;
	uint32_t N00004029;
	uint32_t N00005163;
	uint32_t N0000402A;
	uint32_t N00005165;
	uint32_t N0000402B;
	uint32_t N00005167;
	uint32_t N0000402C;
	uint32_t N00005169;
	uint32_t N0000402D;
	uint32_t N0000516B;
	uint32_t N0000402E;
	uint32_t N0000516D;
	uint32_t N0000402F;
	uint32_t N0000516F;
	uint32_t N00004030;
	uint32_t N00005171;
	uint32_t N00004031;
	uint32_t N00005173;
	uint32_t N00004032;
	uint32_t N00005175;
	uint32_t N00004033;
	uint32_t N00005177;
	uint32_t N00004034;
	uint32_t N00005179;
	uint32_t N00004035;
	uint32_t N0000517B;
	uint32_t N00004036;
	uint32_t N0000517D;
	uint32_t N00004037;
	uint32_t N0000517F;
	uint32_t N00004038;
	uint32_t N00005181;
	uint32_t N00004039;
	uint32_t N00005183;
	uint32_t N0000403A;
	uint32_t N00005185;
	uint32_t N0000403B;
	uint32_t N00005187;
	uint32_t N0000403C;
	uint32_t N00005189;
	uint32_t N0000403D;
	uint32_t N0000518B;
	uint32_t N0000403E;
	uint32_t N0000518D;
	uint32_t N0000403F;
	uint32_t N0000518F;
	uint32_t N00004040;
	uint32_t N00005191;
	uint32_t N00004041;
	uint32_t N00005193;
	uint32_t N00004042;
	uint32_t N00005195;
	uint32_t N00004043;
	uint32_t N00005197;
	uint32_t N00004044;
	uint32_t N00005199;
	uint32_t N00004045;
	uint32_t N0000519B;
	uint32_t N00004046;
	uint32_t N0000519D;
	uint32_t N00004047;
	uint32_t N0000519F;
	uint32_t N00004048;
	uint32_t N000051A1;
	uint32_t N00004049;
	uint32_t N000051A3;
	uint32_t N0000404A;
	uint32_t N000051A5;
	uint32_t N0000404B;
	uint32_t N000051A7;
	uint32_t N0000404C;
	uint32_t N000051A9;
	uint32_t N0000404D;
	uint32_t N000051AB;
	uint32_t N0000404E;
	uint32_t N000051AD;
	uint32_t N0000404F;
	uint32_t N000051AF;
	uint32_t N00004050;
	uint32_t N000051B1;
	uint32_t N00004051;
	uint32_t N000051B3;
	uint32_t N00004052;
	uint32_t N000051B5;
	uint32_t N00004053;
	uint32_t N000051B7;
	uint32_t N00004054;
	uint32_t N000051B9;
	uint32_t N00004055;
	uint32_t N000051BB;
	uint32_t N00004056;
	uint32_t N000051BD;
	uint32_t N00004057;
	uint32_t N000051BF;
	uint32_t N00004058;
	uint32_t N000051C1;
	uint32_t N00004059;
	uint32_t N000051C3;
	uint32_t N0000405A;
	uint32_t N000051C5;
	uint32_t N0000405B;
	uint32_t N000051C7;
	uint32_t N0000405C;
	uint32_t N000051C9;
	uint32_t N0000405D;
	uint32_t N000051CB;
	uint32_t N0000405E;
	uint32_t N000051CD;
	uint32_t N0000405F;
	uint32_t N000051CF;
	uint32_t N00004060;
	uint32_t N000051D1;
	uint32_t N00004061;
	uint32_t N000051D3;
	uint32_t N00004062;
	uint32_t N000051D5;
	uint32_t N00004063;
	uint32_t N000051D7;
	uint32_t N00004064;
	uint32_t N000051D9;
	uint32_t N00004065;
	uint32_t N000051DB;
	uint32_t N00004066;
	uint32_t N000051DD;
	uint32_t N00004067;
	uint32_t N000051DF;
	uint32_t N00004068;
	uint32_t N000051E1;
	uint32_t N00004069;
	uint32_t N000051E3;
	uint32_t N0000406A;
	uint32_t N000051E5;
	uint32_t N0000406B;
	uint32_t N000051E7;
	uint32_t N0000406C;
	uint32_t N000051E9;
	uint32_t N0000406D;
	uint32_t N000051EB;
	uint32_t N0000406E;
	uint32_t N000051ED;
	uint32_t N0000406F;
	uint32_t N000051EF;
	uint32_t N00004070;
	uint32_t N000051F1;
	uint32_t N00004071;
	uint32_t N000051F3;
	uint32_t N00004072;
	uint32_t N000051F5;
	uint32_t N00004073;
	uint32_t N000051F7;
	uint32_t N00004074;
	uint32_t N000051F9;
	uint32_t N00004075;
	uint32_t N000051FB;
	uint32_t N00004076;
	uint32_t N000051FD;
	uint32_t N00004077;
	uint32_t N000051FF;
	uint32_t N00004078;
	uint32_t N00005201;
	uint32_t N00004079;
	uint32_t N00005203;
	uint32_t N0000407A;
	uint32_t N00005205;
	uint32_t N0000407B;
	uint32_t N00005207;
	uint32_t N0000407C;
	uint32_t N00005209;
	uint32_t N0000407D;
	uint32_t N0000520B;
	uint32_t N0000407E;
	uint32_t N0000520D;
	uint32_t N0000407F;
	uint32_t N0000520F;
	uint32_t N00004080;
	uint32_t N00005211;
	uint32_t N00004081;
	uint32_t N00005213;
	uint32_t N00004082;
	uint32_t N00005215;
	uint32_t N00004083;
	uint32_t N00005217;
	uint32_t N00004084;
	uint32_t N00005219;
	uint32_t N00004085;
	uint32_t N0000521B;
	uint32_t N00004086;
	uint32_t N0000521D;
	uint32_t N00004087;
	uint32_t N0000521F;
	uint32_t N00004088;
	uint32_t N00005221;
	uint32_t N00004089;
	uint32_t N00005223;
	uint32_t N0000408A;
	uint32_t N00005225;
	uint32_t N0000408B;
	uint32_t N00005227;
	uint32_t N0000408C;
	uint32_t N00005229;
	uint32_t N0000408D;
	uint32_t N0000522B;
	uint32_t N0000408E;
	uint32_t N0000522D;
	uint32_t N0000408F;
	uint32_t N0000522F;
	uint32_t N00004090;
	uint32_t N00005231;
	uint32_t N00004091;
	uint32_t N00005233;
	uint32_t N00004092;
	uint32_t N00005235;
	uint32_t N00004093;
	uint32_t N00005237;
	uint32_t N00004094;
	uint32_t N00005239;
	uint32_t N00004095;
	uint32_t N0000523B;
	uint32_t N00004096;
	uint32_t N0000523D;
	uint32_t N00004097;
	uint32_t N0000523F;
	uint32_t N00004098;
	uint32_t N00005241;
	uint32_t N00004099;
	uint32_t N00005243;
	uint32_t N0000409A;
	uint32_t N00005245;
	uint32_t N0000409B;
	uint32_t N00005247;
	uint32_t N0000409C;
	uint32_t N00005249;
	uint32_t N0000409D;
	uint32_t N0000524B;
	uint32_t N0000409E;
	uint32_t N0000524D;
	uint32_t N0000409F;
	uint32_t N0000524F;
	uint32_t N000040A0;
	uint32_t N00005251;
	uint32_t N000040A1;
	uint32_t N00005253;
	uint32_t N000040A2;
	uint32_t N00005255;
	uint32_t N000040A3;
	uint32_t N00005257;
	uint32_t N000040A4;
	uint32_t N00005259;
	uint32_t N000040A5;
	uint32_t N0000525B;
	uint32_t N000040A6;
	uint32_t N0000525D;
	uint32_t N000040A7;
	uint32_t N0000525F;
	uint32_t N000040A8;
	uint32_t N00005261;
	uint32_t N000040A9;
	uint32_t N00005263;
	uint32_t N000040AA;
	uint32_t N00005265;
	uint32_t N000040AB;
	uint32_t N00005267;
	uint32_t N000040AC;
	uint32_t N00005269;
	uint32_t N000040AD;
	uint32_t N0000526B;
	uint32_t N000040AE;
	uint32_t N0000526D;
	uint32_t N000040AF;
	uint32_t N0000526F;
	uint32_t N000040B0;
	uint32_t N00005271;
	uint32_t N000040B1;
	uint32_t N00005273;
	uint32_t N000040B2;
	uint32_t N00005275;
	uint32_t N000040B3;
	uint32_t N00005277;
	uint32_t N000040B4;
	uint32_t N00005279;
	uint32_t N000040B5;
	uint32_t N0000527B;
	uint32_t N000040B6;
	uint32_t N0000527D;
	uint32_t N000040B7;
	uint32_t N0000527F;
	uint32_t N000040B8;
	uint32_t N00005281;
	uint32_t N000040B9;
	uint32_t N00005283;
	uint32_t N000040BA;
	uint32_t N00005285;
	uint32_t N000040BB;
	uint32_t N00005287;
	uint32_t N000040BC;
	uint32_t N00005289;
	uint32_t N000040BD;
	uint32_t N0000528B;
	uint32_t N000040BE;
	uint32_t N0000528D;
	uint32_t N000040BF;
	uint32_t N0000528F;
	uint32_t N000040C0;
	uint32_t N00005291;
	uint32_t N000040C1;
	uint32_t N00005293;
	uint32_t N000040C2;
	uint32_t N00005295;
	uint32_t N000040C3;
	uint32_t N00005297;
	uint32_t N000040C4;
	uint32_t N00005299;
	uint32_t N000040C5;
	uint32_t N0000529B;
	uint32_t N000040C6;
	uint32_t N0000529D;
	uint32_t N000040C7;
	uint32_t N0000529F;
	uint32_t N000040C8;
	uint32_t N000052A1;
	uint32_t N000040C9;
	uint32_t N000052A3;
	uint32_t N000040CA;
	uint32_t N000052A5;
	uint32_t N000040CB;
	uint32_t N000052A7;
	uint32_t N000040CC;
	uint32_t N000052A9;
	uint32_t N000040CD;
	uint32_t N000052AB;
	uint32_t N000040CE;
	uint32_t N000052AD;
	uint32_t N000040CF;
	uint32_t N000052AF;
	uint32_t N000040D0;
	uint32_t N000052B1;
	uint32_t N000040D1;
	uint32_t N000052B3;
	uint32_t N000040D2;
	uint32_t N000052B5;
	uint32_t N000040D3;
	uint32_t N000052B7;
	uint32_t N000040D4;
	uint32_t N000052B9;
	uint32_t N000040D5;
	uint32_t N000052BB;
	uint32_t N000040D6;
	uint32_t N000052BD;
	uint32_t N000040D7;
	uint32_t N000052BF;
	uint32_t N000040D8;
	uint32_t N000052C1;
	uint32_t N000040D9;
	uint32_t N000052C3;
	uint32_t N000040DA;
	uint32_t N000052C5;
	uint32_t N000040DB;
	uint32_t N000052C7;
	uint32_t N000040DC;
	uint32_t N000052C9;
	uint32_t N000040DD;
	uint32_t N000052CB;
	uint32_t N000040DE;
	uint32_t N000052CD;
	uint32_t N000040DF;
	uint32_t N000052CF;
	uint32_t N000040E0;
	uint32_t N000052D1;
	uint32_t N000040E1;
	uint32_t N000052D3;
	uint32_t N000040E2;
	uint32_t N000052D5;
	uint32_t N000040E3;
	uint32_t N000052D7;
	uint32_t N000040E4;
	uint32_t N000052D9;
	uint32_t N000040E5;
	uint32_t N000052DB;
	uint32_t N000040E6;
	uint32_t N000052DD;
	uint32_t N000040E7;
	uint32_t N000052DF;
	uint32_t N000040E8;
	uint32_t N000052E1;
	uint32_t N000040E9;
	uint32_t N000052E3;
	uint32_t N000040EA;
	uint32_t N000052E5;
	uint32_t N000040EB;
	uint32_t N000052E7;
	uint32_t N000040EC;
	uint32_t N000052E9;
	uint32_t N000040ED;
	uint32_t N000052EB;
	uint32_t N000040EE;
	uint32_t N000052ED;
	uint32_t N000040EF;
	uint32_t N000052EF;
	uint32_t N000040F0;
	uint32_t N000052F1;
	uint32_t N000040F1;
	uint32_t N000052F3;
	uint32_t N000040F2;
	uint32_t N000052F5;
	uint32_t N000040F3;
	uint32_t N000052F7;
	uint32_t N000040F4;
	uint32_t N000052F9;
	uint32_t N000040F5;
	uint32_t N000052FB;
	uint32_t N000040F6;
	uint32_t N000052FD;
	uint32_t N000040F7;
	uint32_t N000052FF;
	uint32_t N000040F8;
	uint32_t N00005301;
	uint32_t N000040F9;
	uint32_t N00005303;
	uint32_t N000040FA;
	uint32_t N00005305;
	uint32_t N000040FB;
	uint32_t N00005307;
	uint32_t N000040FC;
	uint32_t N00005309;
	uint32_t N000040FD;
	uint32_t N0000530B;
	uint32_t N000040FE;
	uint32_t N0000530D;
	uint32_t N000040FF;
	uint32_t N0000530F;
	uint32_t N00004100;
	uint32_t N00005311;
	uint32_t N00004101;
	uint32_t N00005313;
	uint32_t r_AICowUsageTimer;
	uint32_t N00005315;
	uint32_t N00004103;
	uint32_t N00005317;
	uint32_t r_AIUnknownTimer;
	uint32_t N00005319;
	uint32_t N00004105;
	uint32_t N0000531B;
	uint32_t N00004106;
	uint32_t N0000531D;
	uint32_t N00004107;
	uint32_t N0000531F;
	uint32_t N00004108;
	uint32_t N00005321;
	uint32_t N00004109;
	uint32_t N00005323;
	uint32_t N0000410A;
	uint32_t N00005325;
	uint32_t r_AITargetAttackForceSize;
	uint32_t N00005327;
	uint32_t N0000410C;
	uint32_t N00005329;
	uint32_t N0000410D;
	uint32_t N0000532B;
	uint32_t N0000410E;
	uint32_t N0000532D;
	uint32_t N0000410F;
	uint32_t N0000532F;
	uint32_t N00004110;
	uint32_t N00005331;
	uint32_t N00004111;
	uint32_t N00005333;
	uint32_t N00004112;
	uint32_t N00005335;
	uint32_t N00004113;
	uint32_t N00005337;
	uint32_t N00004114;
	uint32_t N00005339;
	uint32_t N00004115;
	uint32_t N0000533B;
	uint32_t N00004116;
	uint32_t N0000533D;
	uint32_t N00004117;
	uint32_t N0000533F;
	uint32_t N00004118;
	uint32_t N00005341;
	uint32_t N00004119;
	uint32_t r_HarassEngineTypeIndex;
	uint32_t r_HarassDeploymentTimer;
	uint32_t r_HarassMachineCount;
	uint32_t N0000411B;
	uint32_t r_AISiegeAttempts;
	uint32_t r_FarmsAmount;
	uint32_t N00005349;
	uint32_t N0000411D;
	uint32_t r_EconomyProtectionRequiredPositionTileX;
	uint32_t r_EconomyProtectionRequiredPositionTileY;
	uint32_t N0000534D;
	uint32_t N0000411F;
	uint32_t N0000534F;
	uint32_t N00004120;
	uint32_t N00005351;
	uint32_t N00004121;
	uint32_t N00005353;
	uint32_t N00004122;
	uint32_t N00005355;
	uint32_t N00004123;
	uint32_t N00005357;
	uint32_t N00004124;
	uint32_t N00005359;
	uint32_t N00004125;
	uint32_t N0000535B;
	uint32_t N00004126;
	uint32_t N0000535D;
	uint32_t N00004127;
	uint32_t N0000535F;
	uint32_t N00004128;
	uint32_t r_IronMineAmount;
	uint32_t N00004129;
	uint32_t r_QuarryAmount;
	uint32_t r_DistanceToNearestAI;
	uint32_t N00005365;
	uint32_t N0000412B;
	uint32_t N00005367;
	uint32_t N0000412C;
	uint32_t N00005369;
	uint32_t N0000412D;
	uint32_t N0000536B;
	uint32_t N0000412E;
	uint32_t N0000536D;
	uint32_t N0000412F;
	uint32_t N0000536F;
	uint32_t N00004130;
	uint32_t N00005371;
	uint32_t N00004131;
	uint32_t r_ExtremePowersMana;
	uint32_t N00004132;
	uint32_t N00005375;
	uint32_t N00004133;
	uint32_t N00005377;
	uint32_t N00004134;
	uint32_t N00005379;
	uint32_t N00004135;
	uint32_t N0000537B;
	uint32_t N00004136;
	uint32_t N0000537D;
	uint32_t N00004137;
	uint32_t N0000537F;
	uint32_t N00004138;
	uint32_t N00005381;
	uint32_t N00004139;
	uint32_t N00005383;
	uint32_t N0000413A;
	uint32_t N00005385;
	uint32_t N0000413B;
	uint32_t N00005387;
	uint32_t N0000413C;
	uint32_t N00005389;
	uint32_t N0000413D;
	uint32_t N0000538B;
	uint32_t N0000413E;
	uint32_t N0000538D;
	uint32_t N0000413F;
	uint32_t N0000538F;
	uint32_t N00004140;
	uint32_t N00005391;
	uint32_t N00004141;
	uint32_t N00005393;
	uint32_t N00004142;
	uint32_t N00005395;
	uint32_t N00004143;
	uint32_t N00005397;
	uint32_t N00004144;
	uint32_t N00005399;
	uint32_t N00004145;
	uint32_t N0000539B;
	uint32_t N00004146;
	uint32_t N0000539D;
	uint32_t N00004147;
	uint32_t N0000539F;
	uint32_t N00004148;
	uint32_t N000053A1;
	uint32_t N00004149;
	uint32_t N000053A3;
	uint32_t N0000414A;
	uint32_t N000053A5;
	uint32_t N0000414B;
	uint32_t N000053A7;
	uint32_t N0000414C;
	uint32_t N000053A9;
	uint32_t N0000414D;
	uint32_t N000053AB;
	uint32_t N0000414E;
	uint32_t N000053AD;
	uint32_t N0000414F;
	uint32_t N000053AF;
	uint32_t N00004150;
	uint32_t N000053B1;
	uint32_t N00004151;
	uint32_t N000053B3;
	uint32_t N00004152;
	uint32_t N000053B5;
	uint32_t N00004153;
	uint32_t N000053B7;
	uint32_t N00004154;
	uint32_t N000053B9;
	uint32_t N00004155;
	uint32_t N000053BB;
	uint32_t N00004156;
	uint32_t N000053BD;
	uint32_t N00004157;
	uint32_t N000053BF;
	uint32_t N00004158;
	uint32_t N000053C1;
	uint32_t N00004159;
	uint32_t N000053C3;
	uint32_t N0000415A;
	uint32_t N000053C5;
	uint32_t N0000415B;
	uint32_t N000053C7;
	uint32_t N0000415C;
	uint32_t N000053C9;
	uint32_t N0000415D;
	uint32_t N000053CB;
	uint32_t N0000415E;
	uint32_t N000053CD;
	uint32_t N0000415F;
	uint32_t N000053CF;
	uint32_t N00004160;
	uint32_t N000053D1;
	uint32_t N00004161;
	uint32_t N000053D3;
	uint32_t N00004162;
	uint32_t N000053D5;
	uint32_t N00004163;
	uint32_t N000053D7;
	uint32_t N00004164;
	uint32_t N000053D9;
	uint32_t N00004165;
	uint32_t N000053DB;
	uint32_t N00004166;
	uint32_t N000053DD;
	uint32_t N00004167;
	uint32_t N000053DF;
	uint32_t N00004168;
	uint32_t N000053E1;
	uint32_t N00004169;
	uint32_t N000053E3;
	uint32_t N0000416A;
	uint32_t N000053E5;
	uint32_t N0000416B;
	uint32_t N000053E7;
	uint32_t N0000416C;
	uint32_t N000053E9;
	uint32_t N0000416D;
	uint32_t N000053EB;
	uint32_t N0000416E;
	uint32_t N000053ED;
	uint32_t N0000416F;
	uint32_t N000053EF;
	uint32_t N00004170;
	uint32_t N000053F1;
	uint32_t N00004171;
	uint32_t N000053F3;
	uint32_t N00004172;
	uint32_t N000053F5;
	uint32_t N00004173;
	uint32_t N000053F7;
	uint32_t N00004174;
	uint32_t N000053F9;
	uint32_t N00004175;
	uint32_t N000053FB;
	uint32_t N00004176;
	uint32_t N000053FD;
	uint32_t N00004177;
	uint32_t N000053FF;
	uint32_t N00004178;
	uint32_t N00005401;
	uint32_t N00004179;
	uint32_t N00005403;
	uint32_t N0000417A;
	uint32_t N00005405;
	uint32_t N0000417B;
	uint32_t N00005407;
	uint32_t N0000417C;
	uint32_t N00005409;
	uint32_t N0000417D;
	uint32_t N0000540B;
	uint32_t N0000417E;
	uint32_t N0000540D;
	uint32_t N0000417F;
	uint32_t N0000540F;
	uint32_t N00004180;
	uint32_t N00005411;
	uint32_t N00004181;
	uint32_t N00005413;
	uint32_t N00004182;
	uint32_t N00005415;
	uint32_t N00004183;
	uint32_t N00005417;
	uint32_t N00004184;
	uint32_t N00005419;
	uint32_t N00004185;
	uint32_t N0000541B;
	uint32_t N00004186;
	uint32_t N0000541D;
	uint32_t N00004187;
	uint32_t N0000541F;
	uint32_t N00004188;
	uint32_t N00005421;
	uint32_t N00004189;
	uint32_t N00005423;
	uint32_t N0000418A;
	uint32_t N00005425;
	uint32_t N0000418B;
	uint32_t N00005427;
	uint32_t N0000418C;
	uint32_t N00005429;
	uint32_t N0000418D;
	uint32_t N0000542B;
	uint32_t N0000418E;
	uint32_t N0000542D;
	uint32_t N0000418F;
	uint32_t N0000542F;
	uint32_t N00004190;
	uint32_t N00005431;
	uint32_t N00004191;
	uint32_t N00005433;
	uint32_t N00004192;
	uint32_t N00005435;
	uint32_t N00004193;
	uint32_t N00005437;
	uint32_t N00004194;
	uint32_t N00005439;
	uint32_t N00004195;
	uint32_t N0000543B;
	uint32_t N00004196;
	uint32_t N0000543D;
	uint32_t N00004197;
	uint32_t N0000543F;
	uint32_t N00004198;
	uint32_t N00005441;
	uint32_t N00004199;
	uint32_t N00005443;
	uint32_t N0000419A;
	uint32_t N00005445;
	uint32_t N0000419B;
	uint32_t N00005447;
	uint32_t N0000419C;
	uint32_t N00005449;
	uint32_t N0000419D;
	uint32_t N0000544B;
	uint32_t N0000419E;
	uint32_t N0000544D;
	uint32_t N0000419F;
	uint32_t N0000544F;
	uint32_t N000041A0;
	uint32_t N00005451;
	uint32_t N000041A1;
	uint32_t N00005453;
	uint32_t N000041A2;
	uint32_t N00005455;
	uint32_t N000041A3;
	uint32_t N00005457;
	uint32_t N000041A4;
	uint32_t N00005459;
	uint32_t N000041A5;
	uint32_t N0000545B;
	uint32_t N000041A6;
	uint32_t N0000545D;
	uint32_t N000041A7;
	uint32_t N0000545F;
	uint32_t N000041A8;
	uint32_t N00005461;
	uint32_t N000041A9;
	uint32_t N00005463;
	uint32_t N000041AA;
	uint32_t N00005465;
	uint32_t N000041AB;
	uint32_t N00005467;
	uint32_t N000041AC;
	uint32_t N00005469;
	uint32_t N000041AD;
	uint32_t N0000546B;
	uint32_t N000041AE;
	uint32_t N0000546D;
	uint32_t N000041AF;
	uint32_t N0000546F;
	uint32_t N000041B0;
	uint32_t N00005471;
	uint32_t N000041B1;
	uint32_t N00005473;
	uint32_t N000041B2;
	uint32_t N00005475;
	uint32_t N000041B3;
	uint32_t N00005477;
	uint32_t N000041B4;
	uint32_t N00005479;
	uint32_t N000041B5;
	uint32_t N0000547B;
	uint32_t N000041B6;
	uint32_t N0000547D;
	uint32_t N000041B7;
	uint32_t N0000547F;
	uint32_t N000041B8;
	uint32_t N00005481;
	uint32_t N000041B9;
	uint32_t N00005483;
	uint32_t N000041BA;
	uint32_t N00005485;
	uint32_t N000041BB;
	uint32_t N00005487;
	uint32_t N000041BC;
	uint32_t N00005489;
	uint32_t N000041BD;
	uint32_t N0000548B;
	uint32_t N000041BE;
	uint32_t N0000548D;
	uint32_t N000041BF;
	uint32_t N0000548F;
	uint32_t N000041C0;
	uint32_t N00005491;
	uint32_t N000041C1;
	uint32_t N00005493;
	uint32_t N000041C2;
	uint32_t N00005495;
	uint32_t N000041C3;
	uint32_t N00005497;
	uint32_t N000041C4;
	uint32_t N00005499;
	uint32_t N000041C5;
	uint32_t N0000549B;
	uint32_t N000041C6;
	uint32_t N0000549D;
	uint32_t N000041C7;
	uint32_t N0000549F;
	uint32_t N000041C8;
	uint32_t N000054A1;
	uint32_t N000041C9;
	uint32_t N000054A3;
	uint32_t N000041CA;
	uint32_t N000054A5;
	uint32_t N000041CB;
	uint32_t N000054A7;
	uint32_t N000041CC;
	uint32_t N000054A9;
	uint32_t N000041CD;
	uint32_t N000054AB;
	uint32_t N000041CE;
	uint32_t N000054AD;
	uint32_t N000041CF;
	uint32_t N000054AF;
	uint32_t N000041D0;
	uint32_t N000054B1;
	uint32_t N000041D1;
	uint32_t N000054B3;
	uint32_t N000041D2;
	uint32_t N000054B5;
	uint32_t N000041D3;
	uint32_t N000054B7;
	uint32_t N000041D4;
	uint32_t N000054B9;
	uint32_t N000041D5;
	uint32_t N000054BB;
	uint32_t N000041D6;
	uint32_t N000054BD;
	uint32_t N000041D7;
	uint32_t N000054BF;
	uint32_t N000041D8;
	uint32_t N000054C1;
	uint32_t N000041D9;
	uint32_t N000054C3;
	uint32_t N000041DA;
	uint32_t N000054C5;
	uint32_t N000041DB;
	uint32_t N000054C7;
	uint32_t N000041DC;
	uint32_t N000054C9;
	uint32_t N000041DD;
	uint32_t N000054CB;
	uint32_t N000041DE;
	uint32_t N000054CD;
	uint32_t N000041DF;
	uint32_t N000054CF;
	uint32_t N000041E0;
	uint32_t N000054D1;
	uint32_t N000041E1;
	uint32_t N000054D3;
	uint32_t N000041E2;
	uint32_t N000054D5;
	uint32_t N000041E3;
	uint32_t N000054D7;
	uint32_t N000041E4;
	uint32_t N000054D9;
	uint32_t N000041E5;
	uint32_t N000054DB;
	uint32_t N000041E6;
	uint32_t N000054DD;
	uint32_t N000041E7;
	uint32_t N000054DF;
	uint32_t N000041E8;
	uint32_t N000054E1;
	uint32_t N000041E9;
	uint32_t N000054E3;
	uint32_t N000041EA;
	uint32_t N000054E5;
	uint32_t N000041EB;
	uint32_t N000054E7;
	uint32_t N000041EC;
	uint32_t N000054E9;
	uint32_t N000041ED;
	uint32_t N000054EB;
	uint32_t N000041EE;
	uint32_t N000054ED;
	uint32_t N000041EF;
	uint32_t N000054EF;
	uint32_t N000041F0;
	uint32_t N000054F1;
	uint32_t N000041F1;
	uint32_t N000054F3;
	uint32_t N000041F2;
	uint32_t N000054F5;
	uint32_t N000041F3;
	uint32_t N000054F7;
	uint32_t N000041F4;
	uint32_t N000054F9;
	uint32_t N000041F5;
	uint32_t N000054FB;
	uint32_t N000041F6;
	uint32_t N000054FD;
	uint32_t N000041F7;
	uint32_t N000054FF;
	uint32_t N000041F8;
	uint32_t N00005501;
	uint32_t N000041F9;
	uint32_t N00005503;
	uint32_t N000041FA;
	uint32_t N00005505;
	uint32_t N000041FB;
	uint32_t N00005507;
	uint32_t N000041FC;
	uint32_t N00005509;
	uint32_t N000041FD;
	uint32_t N0000550B;
	uint32_t N000041FE;
	uint32_t N0000550D;
	uint32_t N000041FF;
	uint32_t N0000550F;
	uint32_t N00004200;
	uint32_t N00005511;
	uint32_t N00004201;
	uint32_t N00005513;
	uint32_t N00004202;
	uint32_t N00005515;
	uint32_t N00004203;
	uint32_t N00005517;
	uint32_t N00004204;
	uint32_t N00005519;
	uint32_t N00004205;
	uint32_t N0000551B;
	uint32_t N00004206;
	uint32_t N0000551D;
	uint32_t N00004207;
	uint32_t N0000551F;
	uint32_t N00004208;
	uint32_t N00005521;
	uint32_t N00004209;
	uint32_t N00005523;
	uint32_t N0000420A;
	uint32_t N00005525;
	uint32_t N0000420B;
	uint32_t N00005527;
	uint32_t N0000420C;
	uint32_t N00005529;
	uint32_t N0000420D;
	uint32_t N0000552B;
	uint32_t N0000420E;
	uint32_t N0000552D;
	uint32_t N0000420F;
	uint32_t N0000552F;
	uint32_t N00004210;
	uint32_t N00005531;
	uint32_t N00004211;
	uint32_t N00005533;
	uint32_t N00004212;
	uint32_t N00005535;
	uint32_t N00004213;
	uint32_t N00005537;
	uint32_t N00004214;
	uint32_t N00005539;
	uint32_t N00004215;
	uint32_t N0000553B;
	uint32_t N00004216;
	uint32_t N0000553D;
	uint32_t N00004217;
	uint32_t N0000553F;
	uint32_t N00004218;
	uint32_t N00005541;
	uint32_t N00004219;
	uint32_t N00005543;
	uint32_t N0000421A;
	uint32_t N00005545;
	uint32_t N0000421B;
	uint32_t N00005547;
	uint32_t N0000421C;
	uint32_t N00005549;
	uint32_t N0000421D;
	uint32_t N0000554B;
	uint32_t N0000421E;
	uint32_t N0000554D;
	uint32_t N0000421F;
	uint32_t N0000554F;
	uint32_t N00004220;
	uint32_t N00005551;
	uint32_t N00004221;
	uint32_t N00005553;
	uint32_t N00004222;
	uint32_t N00005555;
	uint32_t N00004223;
	uint32_t N00005557;
	uint32_t N00004224;
	uint32_t N00005559;
	uint32_t N00004225;
	uint32_t N0000555B;
	uint32_t N00004226;
	uint32_t N0000555D;
	uint32_t N00004227;
	uint32_t N0000555F;
	uint32_t N00004228;
	uint32_t N00005561;
	uint32_t N00004229;
	uint32_t N00005563;
	uint32_t N0000422A;
	uint32_t N00005565;
	uint32_t N0000422B;
	uint32_t N00005567;
	uint32_t N0000422C;
	uint32_t N00005569;
	uint32_t N0000422D;
	uint32_t N0000556B;
	uint32_t N0000422E;
	uint32_t N0000556D;
	uint32_t N0000422F;
	uint32_t N0000556F;
	uint32_t N00004230;
	uint32_t N00005571;
	uint32_t N00004231;
	uint32_t N00005573;
	uint32_t N00004232;
	uint32_t N00005575;
	uint32_t N00004233;
	uint32_t N00005577;
	uint32_t N00004234;
	uint32_t N00005579;
	uint32_t N00004235;
	uint32_t N0000557B;
	uint32_t N00004236;
	uint32_t N0000557D;
	uint32_t N00004237;
	uint32_t N0000557F;
	uint32_t N00004238;
	uint32_t N00005581;
	uint32_t N00004239;
	uint32_t N00005583;
	uint32_t N0000423A;
	uint32_t N00005585;
	uint32_t N0000423B;
	uint32_t N00005587;
	uint32_t N0000423C;
	uint32_t N00005589;
	uint32_t N0000423D;
	uint32_t N0000558B;
	uint32_t N0000423E;
	uint32_t N0000558D;
	uint32_t N0000423F;
	uint32_t N0000558F;
	uint32_t N00004240;
	uint32_t N00005591;
	uint32_t N00004241;
	uint32_t N00005593;
	uint32_t N00004242;
	uint32_t N00005595;
	uint32_t N00004243;
	uint32_t N00005597;
	uint32_t N00004244;
	uint32_t N00005599;
	uint32_t N00004245;
	uint32_t N0000559B;
	uint32_t N00004246;
	uint32_t N0000559D;
	uint32_t N00004247;
	uint32_t N0000559F;
	uint32_t N00004248;
	uint32_t N000055A1;
	uint32_t N00004249;
	uint32_t N000055A3;
	uint32_t N0000424A;
	uint32_t N000055A5;
	uint32_t N0000424B;
	uint32_t N000055A7;
	uint32_t N0000424C;
	uint32_t N000055A9;
	uint32_t N0000424D;
	uint32_t N000055AB;
	uint32_t N0000424E;
	uint32_t N000055AD;
	uint32_t N0000424F;
	uint32_t N000055AF;
	uint32_t N00004250;
	uint32_t N000055B1;
	uint32_t N00004251;
	uint32_t N000055B3;
	uint32_t N00004252;
	uint32_t N000055B5;
	uint32_t N00004253;
	uint32_t N000055B7;
	uint32_t N00004254;
	uint32_t N000055B9;
	uint32_t N00004255;
	uint32_t N000055BB;
	uint32_t N00004256;
	uint32_t N000055BD;
	uint32_t N00004257;
	uint32_t N000055BF;
	uint32_t N00004258;
	uint32_t N000055C1;
	uint32_t N00004259;
	uint32_t N000055C3;
	uint32_t N0000425A;
	uint32_t N000055C5;
	uint32_t N0000425B;
	uint32_t N000055C7;
	uint32_t N0000425C;
	uint32_t N000055C9;
	uint32_t N0000425D;
	uint32_t N000055CB;
	uint32_t N0000425E;
	uint32_t N000055CD;
	uint32_t N0000425F;
	uint32_t N000055CF;
	uint32_t N00004260;
	uint32_t N000055D1;
	uint32_t N00004261;
	uint32_t N000055D3;
	uint32_t N00004262;
	uint32_t N000055D5;
	uint32_t N00004263;
	uint32_t N000055D7;
	uint32_t N00004264;
	uint32_t N000055D9;
	uint32_t N00004265;
	uint32_t N000055DB;
	uint32_t N00004266;
	uint32_t N000055DD;
	uint32_t N00004267;
	uint32_t N000055DF;
	uint32_t N00004268;
	uint32_t N000055E1;
	uint32_t N00004269;
	uint32_t N000055E3;
	uint32_t N0000426A;
	uint32_t N000055E5;
	uint32_t N0000426B;
	uint32_t N000055E7;
	uint32_t N0000426C;
	uint32_t N000055E9;
	uint32_t N0000426D;
	uint32_t N000055EB;
	uint32_t N0000426E;
	uint32_t N000055ED;
	uint32_t N0000426F;
	uint32_t N000055EF;
	uint32_t N00004270;
	uint32_t N000055F1;
	uint32_t N00004271;
	uint32_t N000055F3;
	uint32_t N00004272;
	uint32_t N000055F5;
	uint32_t N00004273;
	uint32_t N000055F7;
	uint32_t N00004274;
	uint32_t N000055F9;
	uint32_t N00004275;
	uint32_t N000055FB;
	uint32_t N00004276;
	uint32_t N000055FD;
	uint32_t N00004277;
	uint32_t N000055FF;
	uint32_t N00004278;
	uint32_t N00005601;
	uint32_t N00004279;
	uint32_t N00005603;
	uint32_t N0000427A;
	uint32_t N00005605;
	uint32_t N0000427B;
	uint32_t N00005607;
	uint32_t N0000427C;
	uint32_t N00005609;
	uint32_t N0000427D;
	uint32_t N0000560B;
	uint32_t N0000427E;
	uint32_t N0000560D;
	uint32_t N0000427F;
	uint32_t N0000560F;
	uint32_t N00004280;
	uint32_t N00005611;
	uint32_t N00004281;
	uint32_t N00005613;
	uint32_t N00004282;
	uint32_t N00005615;
	uint32_t N00004283;
	uint32_t N00005617;
	uint32_t N00004284;
	uint32_t N00005619;
	uint32_t N00004285;
	uint32_t N0000561B;
	uint32_t N00004286;
	uint32_t N0000561D;
	uint32_t N00004287;
	uint32_t N0000561F;
	uint32_t N00004288;
	uint32_t N00005621;
	uint32_t N00004289;
	uint32_t N00005623;
	uint32_t N0000428A;
	uint32_t N00005625;
	uint32_t N0000428B;
	uint32_t N00005627;
	uint32_t N0000428C;
	uint32_t N00005629;
	uint32_t N0000428D;
	uint32_t N0000562B;
	uint32_t N0000428E;
	uint32_t N0000562D;
	uint32_t N0000428F;
	uint32_t N0000562F;
	uint32_t N00004290;
	uint32_t N00005631;
	uint32_t N00004291;
	uint32_t N00005633;
	uint32_t N00004292;
	uint32_t N00005635;
	uint32_t N00004293;
	uint32_t N00005637;
	uint32_t N00004294;
	uint32_t N00005639;
	uint32_t N00004295;
	uint32_t N0000563B;
	uint32_t N00004296;
	uint32_t N0000563D;
	uint32_t N00004297;
	uint32_t N0000563F;
	uint32_t N00004298;
	uint32_t N00005641;
	uint32_t N00004299;
	uint32_t N00005643;
	uint32_t N0000429A;
	uint32_t N00005645;
	uint32_t N0000429B;
	uint32_t N00005647;
	uint32_t N0000429C;
	uint32_t N00005649;
	uint32_t N0000429D;
	uint32_t N0000564B;
	uint32_t N0000429E;
	uint32_t N0000564D;
	uint32_t N0000429F;
	uint32_t N0000564F;
	uint32_t N000042A0;
	uint32_t N00005651;
	uint32_t N000042A1;
	uint32_t N00005653;
	uint32_t N000042A2;
	uint32_t N00005655;
	uint32_t N000042A3;
	uint32_t N00005657;
	uint32_t N000042A4;
	uint32_t N00005659;
	uint32_t N000042A5;
	uint32_t N0000565B;
	uint32_t N000042A6;
	uint32_t N0000565D;
	uint32_t N000042A7;
	uint32_t N0000565F;
	uint32_t N000042A8;
	uint32_t N00005661;
	uint32_t N000042A9;
	uint32_t N00005663;
	uint32_t N000042AA;
	uint32_t N00005665;
	uint32_t N000042AB;
	uint32_t N00005667;
	uint32_t N000042AC;
	uint32_t N00005669;
	uint32_t N000042AD;
	uint32_t N0000566B;
	uint32_t N000042AE;
	uint32_t N0000566D;
	uint32_t N000042AF;
	uint32_t N0000566F;
	uint32_t N000042B0;
	uint32_t N00005671;
	uint32_t N000042B1;
	uint32_t N00005673;
	uint32_t N000042B2;
	uint32_t N00005675;
	uint32_t N000042B3;
	uint32_t N00005677;
	uint32_t N000042B4;
	uint32_t N00005679;
	uint32_t N000042B5;
	uint32_t N0000567B;
	uint32_t N000042B6;
	uint32_t N0000567D;
	uint32_t N000042B7;
	uint32_t N0000567F;
	uint32_t N000042B8;
	uint32_t N00005681;
	uint32_t N000042B9;
	uint32_t N00005683;
	uint32_t N000042BA;
	uint32_t N00005685;
	uint32_t N000042BB;
	uint32_t N00005687;
	uint32_t N000042BC;
	uint32_t N00005689;
	uint32_t N000042BD;
	uint32_t N0000568B;
	uint32_t N000042BE;
	uint32_t N0000568D;
	uint32_t N000042BF;
	uint32_t N0000568F;
	uint32_t N000042C0;
	uint32_t N00005691;
	uint32_t N000042C1;
	uint32_t N00005693;
	uint32_t N000042C2;
	uint32_t N00005695;
	uint32_t N000042C3;
	uint32_t N00005697;
	uint32_t N000042C4;
	uint32_t N00005699;
	uint32_t N000042C5;
	uint32_t N0000569B;
	uint32_t N000042C6;
	uint32_t N0000569D;
	uint32_t N000042C7;
	uint32_t N0000569F;
	uint32_t N000042C8;
	uint32_t N000056A1;
	uint32_t N000042C9;
	uint32_t N000056A3;
	uint32_t N000042CA;
	uint32_t N000056A5;
	uint32_t N000042CB;
	uint32_t N000056A7;
	uint32_t N000042CC;
	uint32_t N000056A9;
	uint32_t N000042CD;
	uint32_t N000056AB;
	uint32_t N000042CE;
	uint32_t N000056AD;
	uint32_t N000042CF;
	uint32_t N000056AF;
	uint32_t N000042D0;
	uint32_t N000056B1;
	uint32_t N000042D1;
	uint32_t N000056B3;
	uint32_t N000042D2;
	uint32_t N000056B5;
	uint32_t N000042D3;
	uint32_t N000056B7;
	uint32_t N000042D4;
	uint32_t N000056B9;
	uint32_t N000042D5;
	uint32_t N000056BB;
	uint32_t N000042D6;
	uint32_t N000056BD;
	uint32_t N000042D7;
	uint32_t N000056BF;
	uint32_t N000042D8;
	uint32_t N000056C1;
	uint32_t N000042D9;
	uint32_t N000056C3;
	uint32_t N000042DA;
	uint32_t N000056C5;
	uint32_t N000042DB;
	uint32_t N000056C7;
	uint32_t N000042DC;
	uint32_t N000056C9;
	uint32_t N000042DD;
	uint32_t N000056CB;
	uint32_t N000042DE;
	uint32_t N000056CD;
	uint32_t N000042DF;
	uint32_t N000056CF;
	uint32_t N000042E0;
	uint32_t N000056D1;
	uint32_t N000042E1;
	uint32_t N000056D3;
	uint32_t N000042E2;
	uint32_t N000056D5;
	uint32_t N000042E3;
	uint32_t N000056D7;
	uint32_t N000042E4;
	uint32_t N000056D9;
	uint32_t N000042E5;
	uint32_t N000056DB;
	uint32_t N000042E6;
	uint32_t N000056DD;
	uint32_t N000042E7;
	uint32_t N000056DF;
	uint32_t N000042E8;
	uint32_t N000056E1;
	uint32_t N000042E9;
	uint32_t N000056E3;
	uint32_t N000042EA;
	uint32_t N000056E5;
	uint32_t N000042EB;
	uint32_t N000056E7;
	uint32_t N000042EC;
	uint32_t N000056E9;
	uint32_t N000042ED;
	uint32_t N000056EB;
	uint32_t N000042EE;
	uint32_t N000056ED;
	uint32_t N000042EF;
	uint32_t N000056EF;
	uint32_t N000042F0;
	uint32_t N000056F1;
	uint32_t N000042F1;
	uint32_t N000056F3;
	uint32_t N000042F2;
	uint32_t N000056F5;
	uint32_t N000042F3;
	uint32_t N000056F7;
	uint32_t N000042F4;
	uint32_t N000056F9;
	uint32_t N000042F5;
	uint32_t N000056FB;
	uint32_t N000042F6;
	uint32_t N000056FD;
	uint32_t N000042F7;
	uint32_t N000056FF;
	uint32_t N000042F8;
	uint32_t N00005701;
	uint32_t N000042F9;
	uint32_t N00005703;
	uint32_t N000042FA;
	uint32_t N00005705;
	uint32_t N000042FB;
	uint32_t N00005707;
	uint32_t N000042FC;
	uint32_t N00005709;
	uint32_t N000042FD;
	uint32_t N0000570B;
	uint32_t N000042FE;
	uint32_t N0000570D;
	uint32_t N000042FF;
	uint32_t N0000570F;
	uint32_t N00004300;
	uint32_t N00005711;
	uint32_t N00004301;
	uint32_t N00005713;
	uint32_t N00004302;
	uint32_t N00005715;
	uint32_t N00004303;
	uint32_t N00005717;
	uint32_t N00004304;
	uint32_t N00005719;
	uint32_t N00004305;
	uint32_t N0000571B;
	uint32_t N00004306;
	uint32_t N0000571D;
	uint32_t N00004307;
	uint32_t N0000571F;
	uint32_t N00004308;
	uint32_t N00005721;
	uint32_t N00004309;
	uint32_t N00005723;
	uint32_t N0000430A;
	uint32_t N00005725;
	uint32_t N0000430B;
	uint32_t N00005727;
	uint32_t N0000430C;
	uint32_t N00005729;
	uint32_t N0000430D;
	uint16_t N0000572B;
	uint16_t N000091EF;
	uint16_t N0000430E;
	uint16_t N000091F2;
	uint16_t N0000572D;
	uint16_t N000091F5;
	uint16_t N0000430F;
	uint16_t N000091F8;
	uint16_t N0000572F;
	uint16_t N000091FB;
	uint16_t N00004310;
	uint16_t N000091FE;
	uint16_t N00005731;
	uint16_t N00009201;
	uint16_t N00004311;
	uint16_t N00009204;
	uint16_t N00005733;
	uint16_t N00009207;
	uint16_t N00004312;
	uint16_t N0000920A;
	uint16_t N00005735;
	uint16_t N0000920D;
	uint16_t N00004313;
	uint16_t N00009210;
	uint16_t N00005737;
	uint16_t N00009213;
	uint16_t N00004314;
	uint16_t N00009216;
	uint32_t N00005739;
	uint32_t N00004315;
	uint32_t N0000573B;
	uint32_t N00004316;
	uint32_t N0000573D;
	uint32_t N00004317;
	uint32_t N0000573F;
	uint32_t N00004318;
	uint32_t N00005741;
	uint32_t N00004319;
	uint32_t N00005743;
	uint32_t N0000431A;
	uint32_t N00005745;
	uint32_t N0000431B;
	uint32_t N00005747;
	uint32_t N0000431C;
	uint32_t N00005749;
	uint32_t N0000431D;
	uint32_t N0000574B;
	uint32_t N0000431E;
	uint32_t N0000574D;
	uint32_t N0000431F;
	uint32_t N0000574F;
	uint32_t N00004320;
	uint32_t N00005751;
	uint32_t N00004321;
	uint32_t N00005753;
	uint32_t N00004322;
	uint32_t N00005755;
	uint32_t N00004323;
	uint32_t N00005757;
	uint32_t N00004324;
	uint32_t N00005759;
	uint32_t N00004325;
	uint32_t N0000575B;
	uint32_t N00004326;
	uint32_t N0000575D;
	uint32_t N00004327;
	uint32_t N0000575F;
	uint32_t N00004328;
	uint32_t N00005761;
	uint32_t N00004329;
	uint32_t N00005763;
	uint32_t N0000432A;
	uint32_t N00005765;
	uint32_t N0000432B;
	uint32_t N00005767;
	uint32_t N0000432C;
	uint32_t N00005769;
	uint32_t N0000432D;
	uint32_t N0000576B;
	uint32_t N0000432E;
	uint32_t N0000576D;
	uint32_t N0000432F;
	uint32_t N0000576F;
	uint32_t N00004330;
	uint32_t N00005771;
	uint32_t N00004331;
	uint32_t N00005773;
	uint32_t N00004332;
	uint32_t N00005775;
	uint32_t N00004333;
	uint32_t N00005777;
	uint16_t N00004334;
	uint16_t r_AITribe_Engineers;
	uint16_t r_AITribe_EconomyProtection;
	uint16_t r_AITribe_Bodyguards;
	uint16_t N00004335;
	uint16_t N000091F2_2;
	uint16_t N0000577B;
	uint16_t N000091F5_3;
	uint16_t N00004336;
	uint16_t N000091F8_2;
	uint16_t N0000577D;
	uint16_t N000091FB_2;
	uint16_t N00004337;
	uint16_t N000091FE_2;
	uint16_t N0000577F;
	uint16_t N00009201_2;
	uint16_t N00004338;
	uint16_t N00009204_2;
	uint16_t N00005781;
	uint16_t N000091E7_2;
	uint16_t N00004339;
	uint16_t N00009207_2;
	uint16_t N00005783;
	uint16_t N000091EF_2;
	uint16_t N0000433A;
	uint16_t N0000920A_2;
	uint16_t N00005785;
	uint16_t N0000920D_2;
	uint16_t N0000433B;
	uint16_t N00009210_2;
	uint16_t N00005787;
	uint16_t N00009213_2;
	uint16_t N0000433C;
	uint16_t N00009216_2;
	uint32_t N00005789;
	uint32_t N0000433D_2;
	uint32_t N0000578B;
	uint32_t N0000433E_2;
	uint32_t N0000578D;
	uint32_t N0000433F_2;
	uint32_t N0000578F;
	uint32_t N00004340_2;
	uint32_t N00005791;
	uint32_t N00004341_2;
	uint32_t N00005793;
	uint32_t N00004342_2;
	uint32_t N00005795;
	uint32_t N00004343_2;
	uint32_t N00005797;
	uint32_t N00004344_2;
	uint32_t N00005799;
	uint32_t N00004345_2;
	uint32_t N0000579B;
	uint32_t N00004346_2;
	uint32_t N0000579D;
	uint32_t N00004347_2;
	uint32_t N0000579F;
	uint32_t N00004348_2;
	uint32_t N000057A1;
	uint32_t N00004349_2;
	uint32_t N000057A3;
	uint32_t N0000434A_2;
	uint32_t N000057A5;
	uint32_t N0000434B_2;
	uint32_t N000057A7;
	uint32_t N0000434C_2;
	uint32_t N000057A9;
	uint32_t N0000434D;
	uint32_t N000057AB;
	uint32_t N0000434E;
	uint32_t N000057AD;
	uint32_t N0000434F;
	uint32_t N000057AF;
	uint32_t N00004350;
	uint32_t N000057B1;
	uint32_t N00004351;
	uint32_t N000057B3;
	uint32_t N00004352;
	uint32_t N000057B5;
	uint32_t N00004353;
	uint32_t N000057B7;
	uint32_t N00004354;
	uint32_t N000057B9;
	uint32_t N00004355;
	uint32_t N000057BB;
	uint32_t N00004356;
	uint32_t N000057BD;
	uint32_t N00004357;
	uint32_t N000057BF;
	uint32_t N00004358;
	uint32_t N000057C1;
	uint32_t N00004359;
	uint32_t N000057C3;
	uint32_t N0000435A;
	uint32_t N000057C5;
	uint32_t N0000435B;
	uint32_t N000057C7;
	uint32_t N0000435C;
	uint32_t N000057C9;
	uint32_t N0000435D;
	uint32_t N000057CB;
	uint32_t N0000435E;
	uint32_t N000057CD;
	uint16_t N0000435F;
	uint16_t N00009219;
	uint32_t N000057CF;
	uint32_t N00004360;
	uint32_t N000057D1;
	uint32_t N00004361;
	uint32_t N000057D3;
	uint32_t N00004362;
	uint32_t N000057D5;
	uint32_t N00004363;
	uint32_t N000057D7;
	uint32_t N00004364;
	uint32_t N000057D9;
	uint32_t N00004365;
	uint32_t N000057DB;
	uint32_t N00004366;
	uint32_t N000057DD;
	uint32_t N00004367;
	uint32_t N000057DF;
	uint32_t N00004368;
	uint32_t N000057E1;
	uint32_t N00004369;
	uint32_t N000057E3;
	uint32_t N0000436A;
	uint32_t N000057E5;
	uint32_t N0000436B;
	uint32_t N000057E7;
	uint32_t N0000436C;
	uint32_t N000057E9;
	uint32_t N0000436D;
	uint32_t N000057EB;
	uint32_t N0000436E;
	uint32_t N000057ED;
	uint32_t N0000436F;
	uint32_t N000057EF;
	uint32_t N00004370;
	uint32_t N000057F1;
	uint32_t N00004371;
	uint32_t N000057F3;
	uint32_t N00004372;
	uint32_t N000057F5;
	uint32_t N00004373;
	uint32_t N000057F7;
	uint32_t N00004374;
	uint32_t N000057F9;
	uint32_t N00004375;
	uint32_t N000057FB;
	uint32_t N00004376;
	uint32_t N000057FD;
	uint32_t N00004377;
	uint32_t N000057FF;
	uint32_t N00004378;
	uint32_t N00005801;
	uint32_t N00004379;
	uint32_t N00005803;
	uint32_t N0000437A;
	uint32_t N00005805;
	uint32_t N0000437B;
	uint32_t N00005807;
	uint32_t N0000437C;
	uint32_t N00005809;
	uint32_t N0000437D;
	uint32_t N0000580B;
	uint32_t N0000437E;
	uint32_t N0000580D;
	uint32_t N0000437F;
	uint32_t N0000580F;
	uint32_t N00004380;
	uint32_t N00005811;
	uint32_t N00004381;
	uint32_t N00005813;
	uint32_t N00004382;
	uint32_t N00005815;
	uint32_t N00004383;
	uint32_t N00005817;
	uint32_t N00004384;
	uint32_t N00005819;
	uint32_t N00004385;
	uint32_t N0000581B;
	uint32_t N00004386;
	uint32_t N0000581D;
	uint32_t N00004387;
	uint32_t N0000581F;
	uint32_t N00004388;
	uint32_t N00005821;
	uint32_t N00004389;
	uint32_t N00005823;
	uint32_t N0000438A;
	uint32_t N00005825;
	uint32_t N0000438B;
	uint32_t N00005827;
	uint32_t N0000438C;
	uint32_t N00005829;
	uint32_t N0000438D;
	uint32_t N0000582B;
	uint32_t N0000438E;
	uint32_t N0000582D;
	uint32_t N0000438F;
	uint32_t N0000582F;
	uint32_t N00004390;
	uint32_t N00005831;
	uint32_t N00004391;
	uint32_t N00005833;
	uint32_t N00004392;
	uint32_t N00005835;
	uint32_t N00004393;
	uint32_t N00005837;
	uint32_t N00004394;
	uint32_t N00005839;
	uint32_t N00004395;
	uint32_t N0000583B;
	uint32_t N00004396;
	uint32_t N0000583D;
	uint32_t N00004397;
	uint32_t N0000583F;
	uint32_t N00004398;
	uint32_t N00005841;
	uint32_t N00004399;
	uint32_t N00005843;
	uint32_t N0000439A;
	uint32_t N00005845;
	uint32_t N0000439B;
	uint32_t N00005847;
	uint32_t N0000439C;
	uint32_t N00005849;
	uint32_t N0000439D;
	uint32_t N0000584B;
	uint32_t N0000439E;
	uint32_t N0000584D;
	uint32_t N0000439F;
	uint32_t N0000584F;
	uint32_t N000043A0;
	uint32_t N00005851;
	uint32_t N000043A1;
	uint32_t N00005853;
	uint32_t N000043A2;
	uint32_t N00005855;
	uint32_t N000043A3;
	uint32_t N00005857;
	uint32_t N000043A4;
	uint32_t N00005859;
	uint32_t N000043A5;
	uint32_t N0000585B;
	uint32_t N000043A6;
	uint32_t N0000585D;
	uint32_t N000043A7;
	uint32_t N0000585F;
	uint32_t N000043A8;
	uint32_t r_HarassmentEngineerTribeGlobalId1;
	uint32_t N000043A9;
	uint32_t N00005863;
	uint32_t N000043AA;
	uint32_t N00005865;
	uint32_t N000043AB;
	uint32_t N00005867;
	uint32_t N000043AC;
	uint32_t N00005869;
	uint32_t N000043AD;
	uint32_t N0000586B;
	uint32_t N000043AE;
	uint32_t N0000586D;
	uint32_t N000043AF;
	uint32_t N0000586F;
	uint32_t N000043B0;
	uint32_t N00005871;
	uint32_t N000043B1;
	uint32_t N00005873;
	uint32_t N000043B2;
	uint32_t N00005875;
	uint32_t N000043B3;
	uint32_t N00005877;
	uint32_t N000043B4;
	uint32_t N00005879;
	uint32_t N000043B5;
	uint32_t N0000587B;
	uint32_t N000043B6;
	uint32_t N0000587D;
	uint32_t N000043B7;
	uint32_t N0000587F;
	uint32_t N000043B8;
	uint32_t N00005881;
	uint32_t N000043B9;
	uint32_t N00005883;
	uint32_t N000043BA;
	uint32_t N00005885;
	uint32_t N000043BB;
	uint32_t N00005887;
	uint32_t N000043BC;
	uint32_t N00005889;
	uint32_t N000043BD;
	uint32_t N0000588B;
	uint32_t N000043BE;
	uint32_t N0000588D;
	uint32_t N000043BF;
	uint32_t N0000588F;
	uint32_t N000043C0;
	uint32_t N00005891;
	uint32_t N000043C1;
	uint32_t N00005893;
	uint32_t N000043C2;
	uint32_t N00005895;
	uint32_t N000043C3;
	uint32_t N00005897;
	uint32_t N000043C4;
	uint32_t N00005899;
	uint32_t N000043C5;
	uint32_t N0000589B;
	uint32_t N000043C6;
	uint32_t N0000589D;
	uint32_t N000043C7;
	uint32_t N0000589F;
	uint32_t N000043C8;
	uint32_t N000058A1;
	uint32_t N000043C9;
	uint32_t N000058A3;
	uint32_t N000043CA;
	uint32_t N000058A5;
	uint32_t N000043CB;
	uint32_t N000058A7;
	uint32_t N000043CC;
	uint32_t N000058A9;
	uint32_t N000043CD;
	uint32_t N000058AB;
	uint32_t N000043CE;
	uint32_t N000058AD;
	uint32_t N000043CF;
	uint32_t N000058AF;
	uint32_t N000043D0;
	uint32_t N000058B1;
	uint32_t N000043D1;
	uint32_t N000058B3;
	uint32_t N000043D2;
	uint32_t N000058B5;
	uint32_t N000043D3;
	uint32_t N000058B7;
	uint32_t N000043D4;
	uint32_t N000058B9;
	uint32_t N000043D5;
	uint32_t N000058BB;
	uint32_t N000043D6;
	uint32_t N000058BD;
	uint32_t N000043D7;
	uint32_t N000058BF;
	uint32_t N000043D8;
	uint32_t N000058C1;
	uint32_t N000043D9;
	uint32_t N000058C3;
	uint32_t N000043DA;
	uint32_t N000058C5;
	uint32_t N000043DB;
	uint32_t N000058C7;
	uint32_t N000043DC;
	uint32_t N000058C9;
	uint32_t N000043DD;
	uint32_t N000058CB;
	uint32_t N000043DE;
	uint32_t N000058CD;
	uint32_t N000043DF;
	uint32_t N000058CF;
	uint32_t N000043E0;
	uint32_t N000058D1;
	uint32_t N000043E1;
	uint32_t N000058D3;
	uint32_t N000043E2;
	uint32_t N000058D5;
	uint32_t N000043E3;
	uint32_t N000058D7;
	uint32_t N000043E4;
	uint32_t N000058D9;
	uint32_t N000043E5;
	uint32_t N000058DB;
	uint32_t N000043E6;
	uint32_t N000058DD;
	uint32_t N000043E7;
	uint32_t N000058DF;
	uint32_t N000043E8;
	uint32_t N000058E1;
	uint32_t N000043E9;
	uint32_t N000058E3;
	uint32_t N000043EA;
	uint32_t N000058E5;
	uint32_t N000043EB;
	uint32_t N000058E7;
	uint32_t N000043EC;
	uint32_t N000058E9;
	uint32_t N000043ED;
	uint32_t N000058EB;
	uint32_t N000043EE;
	uint32_t N000058ED;
	uint32_t N000043EF;
	uint32_t N000058EF;
	uint32_t N000043F0;
	uint32_t N000058F1;
	uint32_t N000043F1;
	uint32_t N000058F3;
	uint32_t N000043F2;
	uint32_t N000058F5;
	uint32_t N000043F3;
	uint32_t N000058F7;
	uint32_t N000043F4;
	uint32_t N000058F9;
	uint32_t N000043F5;
	uint32_t N000058FB;
	uint32_t N000043F6;
	uint32_t N000058FD;
	uint32_t N000043F7;
	uint32_t N000058FF;
	uint32_t N000043F8;
	uint32_t N00005901;
	uint32_t N000043F9;
	uint32_t N00005903;
	uint32_t N000043FA;
	uint32_t N00005905;
	uint32_t N000043FB;
	uint32_t N00005907;
	uint32_t N000043FC;
	uint32_t N00005909;
	uint32_t N000043FD;
	uint32_t N0000590B;
	uint32_t N000043FE;
	uint32_t N0000590D;
	uint32_t N000043FF;
	uint32_t N0000590F;
	uint32_t N00004400;
	uint32_t N00005911;
	uint32_t N00004401;
	uint32_t N00005913;
	uint32_t N00004402;
	uint32_t N00005915;
	uint32_t N00004403;
	uint32_t N00005917;
	uint32_t N00004404;
	uint32_t N00005919;
	uint32_t N00004405;
	uint32_t N0000591B;
	uint32_t N00004406;
	uint32_t N0000591D;
	uint32_t N00004407;
	uint32_t N0000591F;
	uint32_t N00004408;
	uint32_t N00005921;
	uint32_t N00004409;
	uint32_t N00005923;
	uint32_t N0000440A;
	uint32_t N00005925;
	uint32_t N0000440B;
	uint32_t N00005927;
	uint32_t N0000440C;
	uint32_t N00005929;
	uint32_t N0000440D;
	uint32_t N0000592B;
	uint32_t N0000440E;
	uint32_t N0000592D;
	uint32_t N0000440F;
	uint32_t N0000592F;
	uint32_t N00004410;
	uint32_t N00005931;
	uint32_t N00004411;
	uint32_t N00005933;
	uint32_t N00004412;
	uint32_t N00005935;
	uint32_t N00004413;
	uint32_t N00005937;
	uint32_t N00004414;
	uint32_t N00005939;
	uint32_t N00004415;
	uint32_t N0000593B;
	uint32_t N00004416;
	uint32_t N0000593D;
	uint32_t N00004417;
	uint32_t N0000593F;
	uint32_t N00004418;
	uint32_t N00005941;
	uint32_t N00004419;
	uint32_t N00005943;
	uint32_t N0000441A;
	uint32_t N00005945;
	uint32_t N0000441B;
	uint32_t N00005947;
	uint32_t N0000441C;
	uint32_t N00005949;
	uint32_t N0000441D;
	uint32_t N0000594B;
	uint32_t N0000441E;
	uint32_t N0000594D;
	uint32_t N0000441F;
	uint32_t N0000594F;
	uint32_t N00004420;
	uint32_t N00005951;
	uint32_t N00004421;
	uint32_t N00005953;
	uint32_t N00004422;
	uint32_t N00005955;
	uint32_t N00004423;
	uint32_t N00005957;
	uint32_t N00004424;
	uint32_t N00005959;
	uint32_t N00004425;
	uint32_t N0000595B;
	uint32_t N00004426;
	uint32_t N0000595D;
	uint32_t N00004427;
	uint32_t N0000595F;
	uint32_t N00004428;
	uint32_t N00005961;
	uint32_t N00004429;
	uint32_t N00005963;
	uint32_t N0000442A;
	uint32_t N00005965;
	uint32_t N0000442B;
	uint32_t N00005967;
	uint32_t N0000442C;
	uint32_t N00005969;
	uint32_t N0000442D;
	uint32_t N0000596B;
	uint32_t N0000442E;
	uint32_t N0000596D;
	uint32_t N0000442F;
	uint32_t N0000596F;
	uint32_t N00004430;
	uint32_t N00005971;
	uint32_t N00004431;
	uint32_t N00005973;
	uint32_t N00004432;
	uint32_t N00005975;
	uint32_t N00004433;
	uint32_t N00005977;
	uint32_t N00004434;
	uint32_t N00005979;
	uint32_t N00004435;
	uint32_t N0000597B;
	uint32_t N00004436;
	uint32_t N0000597D;
	uint32_t N00004437;
	uint32_t N0000597F;
	uint32_t N00004438;
	uint32_t N00005981;
	uint32_t N00004439;
	uint32_t N00005983;
	uint32_t N0000443A;
	uint32_t N00005985;
	uint32_t N0000443B;
	uint32_t N00005987;
	uint32_t N0000443C;
	uint32_t N00005989;
	uint32_t N0000443D;
	uint32_t N0000598B;
	uint32_t N0000443E;
	uint32_t N0000598D;
	uint32_t N0000443F;
	uint32_t N0000598F;
	uint32_t N00004440;
	uint32_t N00005991;
	uint32_t N00004441;
	uint32_t N00005993;
	uint32_t N00004442;
	uint32_t N00005995;
	uint32_t N00004443;
	uint32_t N00005997;
	uint32_t N00004444;
	uint32_t N00005999;
	uint32_t N00004445;
	uint32_t N0000599B;
	uint32_t N00004446;
	uint32_t N0000599D;
	uint32_t N00004447;
	uint32_t N0000599F;
	uint32_t N00004448;
	uint32_t N000059A1;
	uint32_t N00004449;
	uint32_t N000059A3;
	uint32_t N0000444A;
	uint32_t N000059A5;
	uint32_t N0000444B;
	uint32_t N000059A7;
	uint32_t N0000444C;
	uint32_t N000059A9;
	uint32_t N0000444D;
	uint32_t N000059AB;
	uint32_t N0000444E;
	uint32_t N000059AD;
	uint32_t N0000444F;
	uint32_t N000059AF;
	uint32_t N00004450;
	uint32_t N000059B1;
	uint32_t N00004451;
	uint32_t N000059B3;
	uint32_t N00004452;
	uint32_t N000059B5;
	uint32_t N00004453;
	uint32_t N000059B7;
	uint32_t N00004454;
	uint32_t N000059B9;
	uint32_t N00004455;
	uint32_t N000059BB;
	uint32_t N00004456;
	uint32_t N000059BD;
	uint32_t N00004457;
	uint32_t N000059BF;
	uint32_t N00004458;
	uint32_t N000059C1;
	uint32_t N00004459;
	uint32_t N000059C3;
	uint32_t N0000445A;
	uint32_t N000059C5;
	uint32_t N0000445B;
	uint32_t N000059C7;
	uint32_t N0000445C;
	uint32_t N000059C9;
	uint32_t N0000445D;
	uint32_t N000059CB;
	uint32_t N0000445E;
	uint32_t N000059CD;
	uint32_t N0000445F;
	uint32_t N000059CF;
	uint32_t N00004460;
	uint32_t N000059D1;
	uint32_t N00004461;
	uint32_t N000059D3;
	uint32_t N00004462;
	uint32_t N000059D5;
	uint32_t N00004463;
	uint32_t N000059D7;
	uint32_t N00004464;
	uint32_t N000059D9;
	uint32_t N00004465;
	uint32_t N000059DB;
	uint32_t N00004466;
	uint32_t N000059DD;
	uint32_t N00004467;
	uint32_t N000059DF;
	uint32_t N00004468;
	uint32_t N000059E1;
	uint32_t N00004469;
	uint32_t N000059E3;
	uint32_t N0000446A;
	uint32_t N000059E5;
	uint32_t N0000446B;
	uint32_t N000059E7;
	uint32_t N0000446C;
	uint32_t N000059E9;
	uint32_t N0000446D;
	uint32_t N000059EB;
	uint32_t N0000446E;
	uint32_t N000059ED;
	uint32_t N0000446F;
	uint32_t N000059EF;
	uint32_t N00004470;
	uint32_t N000059F1;
	uint32_t N00004471;
	uint32_t N000059F3;
	uint32_t N00004472;
	uint32_t N000059F5;
	uint32_t N00004473;
	uint32_t N000059F7;
	uint32_t N00004474;
	uint32_t N000059F9;
	uint32_t N00004475;
	uint32_t N000059FB;
	uint32_t N00004476;
	uint32_t N000059FD;
	uint32_t N00004477;
	uint32_t N000059FF;
	uint32_t N00004478;
	uint32_t N00005A01;
	uint32_t N00004479;
	uint32_t N00005A03;
	uint32_t N0000447A;
	uint32_t N00005A05;
	uint32_t N0000447B;
	uint32_t N00005A07;
	uint32_t N0000447C;
	uint32_t N00005A09;
	uint32_t N0000447D;
	uint32_t N00005A0B;
	uint32_t N0000447E;
	uint32_t N00005A0D;
	uint32_t N0000447F;
	uint32_t N00005A0F;
	uint32_t N00004480;
	uint32_t N00005A11;
	uint32_t N00004481;
	uint32_t N00005A13;
	uint32_t N00004482;
	uint32_t N00005A15;
	uint32_t N00004483;
	uint32_t N00005A17;
	uint32_t N00004484;
	uint32_t N00005A19;
	uint32_t N00004485;
	uint32_t N00005A1B;
	uint32_t N00004486;
	uint32_t N00005A1D;
	uint32_t N00004487;
	uint32_t N00005A1F;
	uint32_t N00004488;
	uint32_t N00005A21;
	uint32_t N00004489;
	uint32_t N00005A23;
	uint32_t N0000448A;
	uint32_t N00005A25;
	uint32_t N0000448B;
	uint32_t N00005A27;
	uint32_t N0000448C;
	uint32_t N00005A29;
	uint32_t N0000448D;
	uint32_t N00005A2B;
	uint32_t N0000448E;
	uint32_t N00005A2D;
	uint32_t N0000448F;
	uint32_t N00005A2F;
	uint32_t N00004490;
	uint32_t N00005A31;
	uint32_t N00004491;
	uint32_t N00005A33;
	uint32_t N00004492;
	uint32_t N00005A35;
	uint32_t N00004493;
	uint32_t N00005A37;
	uint32_t N00004494;
	uint32_t N00005A39;
	uint32_t N00004495;
	uint32_t N00005A3B;
	uint32_t N00004496;
	uint32_t N00005A3D;
	uint32_t N00004497;
	uint32_t N00005A3F;
	uint32_t N00004498;
	uint32_t N00005A41;
	uint32_t N00004499;
	uint32_t N00005A43;
	uint32_t N0000449A;
	uint32_t N00005A45;
	uint32_t N0000449B;
	uint32_t N00005A47;
	uint32_t N0000449C;
	uint32_t N00005A49;
	uint32_t N0000449D;
	uint32_t N00005A4B;
	uint32_t N0000449E;
	uint32_t N00005A4D;
	uint32_t N0000449F;
	uint32_t N00005A4F;
	uint32_t N000044A0;
	uint32_t N00005A51;
	uint32_t N000044A1;
	uint32_t N00005A53;
	uint32_t N000044A2;
	uint32_t N00005A55;
	uint32_t N000044A3;
	uint32_t N00005A57;
	uint32_t N000044A4;
	uint32_t N00005A59;
	uint32_t N000044A5;
	uint32_t N00005A5B;
	uint32_t N000044A6;
	uint32_t N00005A5D;
	uint32_t N000044A7;
	uint32_t N00005A5F;
	uint32_t N000044A8;
	uint32_t N00005A61;
	uint32_t N000044A9;
	uint32_t N00005A63;
	uint32_t N000044AA;
	uint32_t N00005A65;
	uint32_t N000044AB;
	uint32_t N00005A67;
	uint32_t N000044AC;
	uint32_t N00005A69;
	uint32_t N000044AD;
	uint32_t N00005A6B;
	uint32_t N000044AE;
	uint32_t N00005A6D;
	uint32_t N000044AF;
	uint32_t N00005A6F;
	uint32_t N000044B0;
	uint32_t N00005A71;
	uint32_t N000044B1;
	uint32_t N00005A73;
	uint32_t N000044B2;
	uint32_t N00005A75;
	uint32_t N000044B3;
	uint32_t N00005A77;
	uint32_t N000044B4;
	uint32_t N00005A79;
	uint32_t N000044B5;
	uint32_t N00005A7B;
	uint32_t N000044B6;
	uint32_t N00005A7D;
	uint32_t N000044B7;
	uint32_t N00005A7F;
	uint32_t N000044B8;
	uint32_t N00005A81;
	uint32_t N000044B9;
	uint32_t N00005A83;
	uint32_t N000044BA;
	uint32_t N00005A85;
	uint32_t N000044BB;
	uint32_t N00005A87;
	uint32_t N000044BC;
	uint32_t N00005A89;
	uint32_t N000044BD;
	uint32_t N00005A8B;
	uint32_t N000044BE;
	uint32_t N00005A8D;
	uint32_t N000044BF;
	uint32_t N00005A8F;
	uint32_t N000044C0;
	uint32_t N00005A91;
	uint32_t N000044C1;
	uint32_t N00005A93;
	uint32_t N000044C2;
	uint32_t N00005A95;
	uint32_t N000044C3;
	uint32_t N00005A97;
	uint32_t N000044C4;
	uint32_t N00005A99;
	uint32_t N000044C5;
	uint32_t N00005A9B;
	uint32_t N000044C6;
	uint32_t N00005A9D;
	uint32_t N000044C7;
	uint32_t N00005A9F;
	uint32_t N000044C8;
	uint32_t N00005AA1;
	uint32_t N000044C9;
	uint32_t N00005AA3;
	uint32_t N000044CA;
	uint32_t N00005AA5;
	uint32_t N000044CB;
	uint32_t N00005AA7;
	uint32_t N000044CC;
	uint32_t N00005AA9;
	uint32_t N000044CD;
	uint32_t N00005AAB;
	uint32_t N000044CE;
	uint32_t N00005AAD;
	uint32_t N000044CF;
	uint32_t N00005AAF;
	uint32_t N000044D0;
	uint32_t N00005AB1;
	uint32_t N000044D1;
	uint32_t N00005AB3;
	uint32_t N000044D2;
	uint32_t N00005AB5;
	uint32_t N000044D3;
	uint32_t N00005AB7;
	uint32_t N000044D4;
	uint32_t N00005AB9;
	uint32_t N000044D5;
	uint32_t N00005ABB;
	uint32_t N000044D6;
	uint32_t N00005ABD;
	uint32_t N000044D7;
	uint32_t N00005ABF;
	uint32_t N000044D8;
	uint32_t N00005AC1;
	uint32_t N000044D9;
	uint32_t N00005AC3;
	uint32_t N000044DA;
	uint32_t N00005AC5;
	uint32_t N000044DB;
	uint32_t N00005AC7;
	uint32_t N000044DC;
	uint32_t N00005AC9;
	uint32_t N000044DD;
	uint32_t N00005ACB;
	uint32_t N000044DE;
	uint32_t N00005ACD;
	uint32_t N000044DF;
	uint32_t N00005ACF;
	uint32_t N000044E0;
	uint32_t N00005AD1;
	uint32_t N000044E1;
	uint32_t N00005AD3;
	uint32_t N000044E2;
	uint32_t N00005AD5;
	uint32_t N000044E3;
	uint32_t N00005AD7;
	uint32_t N000044E4;
	uint32_t N00005AD9;
	uint32_t N000044E5;
	uint32_t N00005ADB;
	uint32_t N000044E6;
	uint32_t N00005ADD;
	uint32_t N000044E7;
	uint32_t N00005ADF;
	uint32_t N000044E8;
	uint32_t N00005AE1;
	uint32_t N000044E9;
	uint32_t N00005AE3;
	uint32_t N000044EA;
	uint32_t N00005AE5;
	uint32_t N000044EB;
	uint32_t N00005AE7;
	uint32_t N000044EC;
	uint32_t N00005AE9;
	uint32_t N000044ED;
	uint32_t N00005AEB;
	uint32_t N000044EE;
	uint32_t N00005AED;
	uint32_t N000044EF;
	uint32_t N00005AEF;
	uint32_t N000044F0;
	uint32_t N00005AF1;
	uint32_t N000044F1;
	uint32_t N00005AF3;
	uint32_t N000044F2;
	uint32_t N00005AF5;
	uint32_t N000044F3;
	uint32_t N00005AF7;
	uint32_t N000044F4;
	uint32_t N00005AF9;
	uint32_t N000044F5;
	uint32_t N00005AFB;
	uint32_t N000044F6;
	uint32_t N00005AFD;
	uint32_t N000044F7;
	uint32_t N00005AFF;
	uint32_t N000044F8;
	uint32_t N00005B01;
	uint32_t N000044F9;
	uint32_t N00005B03;
	uint32_t N000044FA;
	uint32_t N00005B05;
	uint32_t N000044FB;
	uint32_t N00005B07;
	uint32_t N000044FC;
	uint32_t N00005B09;
	uint32_t N000044FD;
	uint32_t N00003966;
	uint32_t N00005B0C;
};


///+ #endif ===true

