[Message:   BepInEx] BepInEx 5.4.23.5 - Stronghold Crusader Definitive Edition (07.09.2026 11:07:12)
[Info   :   BepInEx] Running under Unity v2021.3.45.8976527
[Info   :   BepInEx] CLR runtime version: 4.0.30319.42000
[Info   :   BepInEx] Supports SRE: True
[Info   :   BepInEx] System platform: Bits64, Windows
[Message:   BepInEx] Preloader started
[Info   :   BepInEx] Loaded 1 patcher method from [BepInEx.Preloader 5.4.23.5]
[Info   :   BepInEx] 1 patcher plugin loaded
[Info   :   BepInEx] Patching [UnityEngine.CoreModule] with [BepInEx.Chainloader]
[Message:   BepInEx] Preloader finished
[Message:   BepInEx] Chainloader ready
[Message:   BepInEx] Chainloader started
[Debug  :   BepInEx] Skipping loading E:\ProgrammeE\Steam\steamapps\common\Stronghold Crusader Definitive Edition\BepInEx\plugins\000shcdese\lua54.dll because it's not a valid .NET assembly. Full error: Format of the executable (.exe) or library (.dll) is invalid.
[Debug  :   BepInEx] Skipping loading E:\ProgrammeE\Steam\steamapps\common\Stronghold Crusader Definitive Edition\BepInEx\plugins\000shcdese\msvcp140.dll because it's not a valid .NET assembly. Full error: Format of the executable (.exe) or library (.dll) is invalid.
[Debug  :   BepInEx] Skipping loading E:\ProgrammeE\Steam\steamapps\common\Stronghold Crusader Definitive Edition\BepInEx\plugins\000shcdese\SHCDESE.NativeCrashHandler.dll because it's not a valid .NET assembly. Full error: Format of the executable (.exe) or library (.dll) is invalid.
[Debug  :   BepInEx] Skipping loading E:\ProgrammeE\Steam\steamapps\common\Stronghold Crusader Definitive Edition\BepInEx\plugins\000shcdese\ARM64\lua54.dll because it's not a valid .NET assembly. Full error: Format of the executable (.exe) or library (.dll) is invalid.
[Debug  :   BepInEx] Skipping loading E:\ProgrammeE\Steam\steamapps\common\Stronghold Crusader Definitive Edition\BepInEx\plugins\000shcdese\x64\lua54.dll because it's not a valid .NET assembly. Full error: Format of the executable (.exe) or library (.dll) is invalid.
[Debug  :   BepInEx] Skipping loading E:\ProgrammeE\Steam\steamapps\common\Stronghold Crusader Definitive Edition\BepInEx\plugins\000shcdese\x86\lua54.dll because it's not a valid .NET assembly. Full error: Format of the executable (.exe) or library (.dll) is invalid.
[Debug  :   BepInEx] Skipping loading E:\ProgrammeE\Steam\steamapps\common\Stronghold Crusader Definitive Edition\BepInEx\plugins\000shcdese\x86_64\asmjit.dll because it's not a valid .NET assembly. Full error: Format of the executable (.exe) or library (.dll) is invalid.
[Debug  :   BepInEx] Skipping loading E:\ProgrammeE\Steam\steamapps\common\Stronghold Crusader Definitive Edition\BepInEx\plugins\000shcdese\x86_64\asmtk.dll because it's not a valid .NET assembly. Full error: Format of the executable (.exe) or library (.dll) is invalid.
[Debug  :   BepInEx] Skipping loading E:\ProgrammeE\Steam\steamapps\common\Stronghold Crusader Definitive Edition\BepInEx\plugins\000shcdese\x86_64\cimguiaio.dll because it's not a valid .NET assembly. Full error: Format of the executable (.exe) or library (.dll) is invalid.
[Debug  :   BepInEx] Skipping loading E:\ProgrammeE\Steam\steamapps\common\Stronghold Crusader Definitive Edition\BepInEx\plugins\000shcdese\x86_64\cpolyhook2.dll because it's not a valid .NET assembly. Full error: Format of the executable (.exe) or library (.dll) is invalid.
[Debug  :   BepInEx] Skipping loading E:\ProgrammeE\Steam\steamapps\common\Stronghold Crusader Definitive Edition\BepInEx\plugins\000shcdese\x86_64\PolyHook_2.dll because it's not a valid .NET assembly. Full error: Format of the executable (.exe) or library (.dll) is invalid.
[Debug  :   BepInEx] Skipping loading E:\ProgrammeE\Steam\steamapps\common\Stronghold Crusader Definitive Edition\BepInEx\plugins\000shcdese\x86_64\Zydis.dll because it's not a valid .NET assembly. Full error: Format of the executable (.exe) or library (.dll) is invalid.
[Debug  :   BepInEx] Skipping loading E:\ProgrammeE\Steam\steamapps\common\Stronghold Crusader Definitive Edition\BepInEx\plugins\000shcdese\runtimes\win-x64\native\asmjit.dll because it's not a valid .NET assembly. Full error: Format of the executable (.exe) or library (.dll) is invalid.
[Debug  :   BepInEx] Skipping loading E:\ProgrammeE\Steam\steamapps\common\Stronghold Crusader Definitive Edition\BepInEx\plugins\000shcdese\runtimes\win-x64\native\asmtk.dll because it's not a valid .NET assembly. Full error: Format of the executable (.exe) or library (.dll) is invalid.
[Debug  :   BepInEx] Skipping loading E:\ProgrammeE\Steam\steamapps\common\Stronghold Crusader Definitive Edition\BepInEx\plugins\000shcdese\runtimes\win-x64\native\cpolyhook2.dll because it's not a valid .NET assembly. Full error: Format of the executable (.exe) or library (.dll) is invalid.
[Debug  :   BepInEx] Skipping loading E:\ProgrammeE\Steam\steamapps\common\Stronghold Crusader Definitive Edition\BepInEx\plugins\000shcdese\runtimes\win-x64\native\PolyHook_2.dll because it's not a valid .NET assembly. Full error: Format of the executable (.exe) or library (.dll) is invalid.
[Debug  :   BepInEx] Skipping loading E:\ProgrammeE\Steam\steamapps\common\Stronghold Crusader Definitive Edition\BepInEx\plugins\000shcdese\runtimes\win-x64\native\Zydis.dll because it's not a valid .NET assembly. Full error: Format of the executable (.exe) or library (.dll) is invalid.
[Debug  :   BepInEx] Skipping loading E:\ProgrammeE\Steam\steamapps\common\Stronghold Crusader Definitive Edition\BepInEx\plugins\000shcdese\runtimes\win-x86\native\asmjit.dll because it's not a valid .NET assembly. Full error: Format of the executable (.exe) or library (.dll) is invalid.
[Debug  :   BepInEx] Skipping loading E:\ProgrammeE\Steam\steamapps\common\Stronghold Crusader Definitive Edition\BepInEx\plugins\000shcdese\runtimes\win-x86\native\asmtk.dll because it's not a valid .NET assembly. Full error: Format of the executable (.exe) or library (.dll) is invalid.
[Debug  :   BepInEx] Skipping loading E:\ProgrammeE\Steam\steamapps\common\Stronghold Crusader Definitive Edition\BepInEx\plugins\000shcdese\runtimes\win-x86\native\cpolyhook2.dll because it's not a valid .NET assembly. Full error: Format of the executable (.exe) or library (.dll) is invalid.
[Debug  :   BepInEx] Skipping loading E:\ProgrammeE\Steam\steamapps\common\Stronghold Crusader Definitive Edition\BepInEx\plugins\000shcdese\runtimes\win-x86\native\PolyHook_2.dll because it's not a valid .NET assembly. Full error: Format of the executable (.exe) or library (.dll) is invalid.
[Debug  :   BepInEx] Skipping loading E:\ProgrammeE\Steam\steamapps\common\Stronghold Crusader Definitive Edition\BepInEx\plugins\000shcdese\runtimes\win-x86\native\Zydis.dll because it's not a valid .NET assembly. Full error: Format of the executable (.exe) or library (.dll) is invalid.
[Info   :   BepInEx] 19 plugins to load
[Info   :   BepInEx] Loading [UU-ImGUI API 1.6.7]
[Info   :UU-ImGUI API] Plugin UU-ImGUI API is loading!
[Info   :UU-ImGUI API] Adding to PATH: E:\ProgrammeE\Steam\steamapps\common\Stronghold Crusader Definitive Edition\BepInEx\plugins\000shcdese\x86_64
[Info   :UU-ImGUI API] Initializing...
[Info   :UU-ImGUI API] Trying locale-path: E:\ProgrammeE\Steam\steamapps\common\Stronghold Crusader Definitive Edition\BepInEx\plugins\000shcdese\data\localization
[Debug  :UU-ImGUI API] Found localization folder: E:\ProgrammeE\Steam\steamapps\common\Stronghold Crusader Definitive Edition\BepInEx\plugins\000shcdese\data\localization
[Info   :UU-ImGUI API] hModule base image addr:		0x7FF6B4A30000
[Info   :UU-ImGUI API] hModule size of image:		0xDF000
[Info   :UU-ImGUI API] GAME PROCESS ID: 22368
[Info   :UU-ImGUI API] GAME WINDOW HWND: 7670292
[Debug  :UU-ImGUI API] TryCreateSwapChain
[Debug  :UU-ImGUI API] IDXGISwapChain self=149C73F6C10
[Info   :UU-ImGUI API] D3D11 SWAPCHAIN VTABLE.PRESENT ADDR: 7FFBDBD39530
[Warning:UU-ImGUI API] GetProcAddressProxy: 7FFACDF20000::ImGuiFreeType_GetBuilderForFreeType -> returned null
[Warning:UU-ImGUI API] GetProcAddressProxy: 7FFACDF20000::TextEditor_GetTextLines -> returned null
[Info   :UU-ImGUI API] LibD3D11: Initialize
[Info   :UU-ImGUI API] Plugin UU-ImGUI API is loaded!
[Info   :   BepInEx] Loading [SHCDE-SE 2.9.0.0]
[Info   :  SHCDE-SE] [T1-14:22:54.215] [Plugin] [Awake] Plugin SHCDE-SE is loading!
[Info   :  SHCDE-SE] [T1-14:22:54.261] [GameAssetModManager] [PrepareAllAndCheckCompatibility] Mod compatibility check completed (18 active mod(s), 0 issue(s)).
[Info   :  SHCDE-SE] [T1-14:22:54.344] [Plugin] [InitLanguageProviderEarly] Set language provider to [en-US]
[Info   :  SHCDE-SE] [T1-14:22:54.349] [Plugin] [Awake] Added to library search path: E:\ProgrammeE\Steam\steamapps\common\Stronghold Crusader Definitive Edition\BepInEx\plugins\000shcdese
[Info   :  SHCDE-SE] [T1-14:22:54.352] [Plugin] [Awake] Deleted 2 old native crash-handler file(s)
[Info   :  SHCDE-SE] [T1-14:22:54.355] [Plugin] [Awake] Native crash handler installed; dumps will be written to E:\ProgrammeE\Steam\steamapps\common\Stronghold Crusader Definitive Edition\BepInEx\crashdumps
[Info   :  SHCDE-SE] [T1-14:22:54.379] [ILHooksManager] [ApplyEarly] Applying Managed Early IL Detours
[Info   :  SHCDE-SE] [T1-14:22:54.379] [ManagedHookManager] [ApplyEarly] Applying Managed Early Detours
[Info   :  SHCDE-SE] [T1-14:22:54.389] [ManagedDetour] [.ctor] Created detour [LoadXaml]->[NoesisXamlProvider_LoadXaml]
[Info   :  SHCDE-SE] [T1-14:22:54.395] [ManagedDetour] [.ctor] Created detour [GetTextureInfo]->[NoesisTextureProvider_GetTextureInfo]
[Info   :  SHCDE-SE] [T1-14:22:54.396] [ManagedDetour] [.ctor] Created detour [LoadComponent]->[NoesisGUI_LoadComponent_Hook]
[Info   :  SHCDE-SE] [T1-14:22:54.396] [GameXAMLManagerAPI] [RegisterBinding] Registering auto-binding: [SEMainMenuContainer]
[Info   :  SHCDE-SE] [T1-14:22:54.404] [GameXAMLManagerAPI] [RegisterBinding] Registering auto-binding: [SE_ModOptionsToggle]
[Info   :  SHCDE-SE] [T1-14:22:54.404] [GameXAMLManagerAPI] [RegisterBinding] Registering auto-binding: [SE_ModOptionsModal]
[Info   :  SHCDE-SE] [T1-14:22:54.406] [GameAssetModManager] [RegisterAll] Loading Asset Mod: [E:\ProgrammeE\Steam\steamapps\common\Stronghold Crusader Definitive Edition\BepInEx\plugins\000shcdese]
[Info   :  SHCDE-SE] [T1-14:22:54.410] [GameAssetManagerAPI] [RegisterModProvider] Indexed 235 files for [000shcdese] in [Global] asset mode from [E:\ProgrammeE\Steam\steamapps\common\Stronghold Crusader Definitive Edition\BepInEx\plugins\000shcdese] in 2 ms.
[Info   :  SHCDE-SE] [T1-14:22:54.416] [GameTranslateAPI] [LoadModLocalizations] Loaded 0 localization files from E:\ProgrammeE\Steam\steamapps\common\Stronghold Crusader Definitive Edition\BepInEx\plugins\000shcdese
[Info   :  SHCDE-SE] [T1-14:22:54.416] [GameAssetModManager] [RegisterAssetModCore] Mod [Script Extender] has no Lua scripts (Scripts/init.lua not found) - This is fine.
[Info   :  SHCDE-SE] [T1-14:22:54.416] [GameAssetModManager] [RegisterAll] Loading Asset Mod: [E:\ProgrammeE\Steam\steamapps\common\Stronghold Crusader Definitive Edition\BepInEx\plugins\APIShared_Serp]
[Info   :  SHCDE-SE] [T1-14:22:54.416] [GameAssetManagerAPI] [RegisterModProvider] Indexed 6 files for [APIShared_Serp] in [Global] asset mode from [E:\ProgrammeE\Steam\steamapps\common\Stronghold Crusader Definitive Edition\BepInEx\plugins\APIShared_Serp] in 0 ms.
[Warning:  SHCDE-SE] [T1-14:22:54.416] [GameAssetModManager] [RegisterAssetModCore] Mod has no sprite logo at [Override/Assets/GUI/Sprites/APIShared_Serp.png] in [E:\ProgrammeE\Steam\steamapps\common\Stronghold Crusader Definitive Edition\BepInEx\plugins\APIShared_Serp] - This may be ignored.
[Info   :  SHCDE-SE] [T1-14:22:54.416] [GameTranslateAPI] [LoadModLocalizations] Loaded 0 localization files from E:\ProgrammeE\Steam\steamapps\common\Stronghold Crusader Definitive Edition\BepInEx\plugins\APIShared_Serp
[Info   :  SHCDE-SE] [T1-14:22:54.416] [GameAssetModManager] [RegisterAssetModCore] Mod [APIShared] has no Lua scripts (Scripts/init.lua not found) - This is fine.
[Info   :  SHCDE-SE] [T1-14:22:54.416] [GameAssetModManager] [RegisterAll] Loading Asset Mod: [E:\ProgrammeE\Steam\steamapps\common\Stronghold Crusader Definitive Edition\BepInEx\plugins\ActiveAIVDetector_Serp]
[Info   :  SHCDE-SE] [T1-14:22:54.420] [GameAssetManagerAPI] [RegisterModProvider] Indexed 954 files for [ActiveAIVDetector_Serp] in [Global] asset mode from [E:\ProgrammeE\Steam\steamapps\common\Stronghold Crusader Definitive Edition\BepInEx\plugins\ActiveAIVDetector_Serp] in 3 ms.
[Warning:  SHCDE-SE] [T1-14:22:54.420] [GameAssetModManager] [RegisterAssetModCore] Mod has no sprite logo at [Override/Assets/GUI/Sprites/ActiveAIVDetector_Serp.png] in [E:\ProgrammeE\Steam\steamapps\common\Stronghold Crusader Definitive Edition\BepInEx\plugins\ActiveAIVDetector_Serp] - This may be ignored.
[Info   :  SHCDE-SE] [T1-14:22:54.420] [GameTranslateAPI] [LoadModLocalizations] Loaded 0 localization files from E:\ProgrammeE\Steam\steamapps\common\Stronghold Crusader Definitive Edition\BepInEx\plugins\ActiveAIVDetector_Serp
[Info   :  SHCDE-SE] [T1-14:22:54.420] [GameAssetModManager] [RegisterAssetModCore] Mod [Active AIV Detector] has no Lua scripts (Scripts/init.lua not found) - This is fine.
[Info   :  SHCDE-SE] [T1-14:22:54.420] [GameAssetModManager] [RegisterAll] Loading Asset Mod: [E:\ProgrammeE\Steam\steamapps\common\Stronghold Crusader Definitive Edition\BepInEx\plugins\AivLobbyPresetTest_Serp]
[Info   :  SHCDE-SE] [T1-14:22:54.420] [GameAssetManagerAPI] [RegisterModProvider] Indexed 4 files for [AivLobbyPresetTest_Serp] in [Global] asset mode from [E:\ProgrammeE\Steam\steamapps\common\Stronghold Crusader Definitive Edition\BepInEx\plugins\AivLobbyPresetTest_Serp] in 0 ms.
[Warning:  SHCDE-SE] [T1-14:22:54.420] [GameAssetModManager] [RegisterAssetModCore] Mod has no sprite logo at [Override/Assets/GUI/Sprites/AivLobbyPresetTest_Serp.png] in [E:\ProgrammeE\Steam\steamapps\common\Stronghold Crusader Definitive Edition\BepInEx\plugins\AivLobbyPresetTest_Serp] - This may be ignored.
[Info   :  SHCDE-SE] [T1-14:22:54.420] [GameTranslateAPI] [LoadModLocalizations] Loaded 0 localization files from E:\ProgrammeE\Steam\steamapps\common\Stronghold Crusader Definitive Edition\BepInEx\plugins\AivLobbyPresetTest_Serp
[Info   :  SHCDE-SE] [T1-14:22:54.420] [GameAssetModManager] [RegisterAssetModCore] Mod [AIV Lobby Preset Test] has no Lua scripts (Scripts/init.lua not found) - This is fine.
[Info   :  SHCDE-SE] [T1-14:22:54.420] [GameAssetModManager] [RegisterAll] Loading Asset Mod: [E:\ProgrammeE\Steam\steamapps\common\Stronghold Crusader Definitive Edition\BepInEx\plugins\BugfixesAndQoL_Serp]
[Info   :  SHCDE-SE] [T1-14:22:54.420] [GameAssetManagerAPI] [RegisterModProvider] Indexed 47 files for [BugfixesAndQoL_Serp] in [Global] asset mode from [E:\ProgrammeE\Steam\steamapps\common\Stronghold Crusader Definitive Edition\BepInEx\plugins\BugfixesAndQoL_Serp] in 0 ms.
[Warning:  SHCDE-SE] [T1-14:22:54.420] [GameAssetModManager] [RegisterAssetModCore] Mod has no sprite logo at [Override/Assets/GUI/Sprites/BugfixesAndQoL_Serp.png] in [E:\ProgrammeE\Steam\steamapps\common\Stronghold Crusader Definitive Edition\BepInEx\plugins\BugfixesAndQoL_Serp] - This may be ignored.
[Info   :  SHCDE-SE] [T1-14:22:54.420] [GameTranslateAPI] [LoadModLocalizations] Loaded 0 localization files from E:\ProgrammeE\Steam\steamapps\common\Stronghold Crusader Definitive Edition\BepInEx\plugins\BugfixesAndQoL_Serp
[Info   :  SHCDE-SE] [T1-14:22:54.420] [GameAssetModManager] [RegisterAssetModCore] Mod [Bugfixes and QoL] has no Lua scripts (Scripts/init.lua not found) - This is fine.
[Info   :  SHCDE-SE] [T1-14:22:54.420] [GameAssetModManager] [RegisterAll] Loading Asset Mod: [E:\ProgrammeE\Steam\steamapps\common\Stronghold Crusader Definitive Edition\BepInEx\plugins\BuildingCosts_Serp]
[Info   :  SHCDE-SE] [T1-14:22:54.421] [GameAssetManagerAPI] [RegisterModProvider] Indexed 27 files for [BuildingCosts_Serp] in [Global] asset mode from [E:\ProgrammeE\Steam\steamapps\common\Stronghold Crusader Definitive Edition\BepInEx\plugins\BuildingCosts_Serp] in 0 ms.
[Warning:  SHCDE-SE] [T1-14:22:54.421] [GameAssetModManager] [RegisterAssetModCore] Mod has no sprite logo at [Override/Assets/GUI/Sprites/BuildingCosts_Serp.png] in [E:\ProgrammeE\Steam\steamapps\common\Stronghold Crusader Definitive Edition\BepInEx\plugins\BuildingCosts_Serp] - This may be ignored.
[Info   :  SHCDE-SE] [T1-14:22:54.421] [GameTranslateAPI] [LoadModLocalizations] Loaded 0 localization files from E:\ProgrammeE\Steam\steamapps\common\Stronghold Crusader Definitive Edition\BepInEx\plugins\BuildingCosts_Serp
[Info   :  SHCDE-SE] [T1-14:22:54.421] [GameAssetModManager] [RegisterAssetModCore] Mod [Building Costs] has no Lua scripts (Scripts/init.lua not found) - This is fine.
[Info   :  SHCDE-SE] [T1-14:22:54.421] [GameAssetModManager] [RegisterAll] Loading Asset Mod: [E:\ProgrammeE\Steam\steamapps\common\Stronghold Crusader Definitive Edition\BepInEx\plugins\BuildingLimit_Serp]
[Info   :  SHCDE-SE] [T1-14:22:54.421] [GameAssetManagerAPI] [RegisterModProvider] Indexed 27 files for [BuildingLimit_Serp] in [Global] asset mode from [E:\ProgrammeE\Steam\steamapps\common\Stronghold Crusader Definitive Edition\BepInEx\plugins\BuildingLimit_Serp] in 0 ms.
[Warning:  SHCDE-SE] [T1-14:22:54.421] [GameAssetModManager] [RegisterAssetModCore] Mod has no sprite logo at [Override/Assets/GUI/Sprites/BuildingLimit_Serp.png] in [E:\ProgrammeE\Steam\steamapps\common\Stronghold Crusader Definitive Edition\BepInEx\plugins\BuildingLimit_Serp] - This may be ignored.
[Info   :  SHCDE-SE] [T1-14:22:54.421] [GameTranslateAPI] [LoadModLocalizations] Loaded 0 localization files from E:\ProgrammeE\Steam\steamapps\common\Stronghold Crusader Definitive Edition\BepInEx\plugins\BuildingLimit_Serp
[Info   :  SHCDE-SE] [T1-14:22:54.421] [GameAssetModManager] [RegisterAssetModCore] Mod [Building Limit] has no Lua scripts (Scripts/init.lua not found) - This is fine.
[Info   :  SHCDE-SE] [T1-14:22:54.421] [GameAssetModManager] [RegisterAll] Loading Asset Mod: [E:\ProgrammeE\Steam\steamapps\common\Stronghold Crusader Definitive Edition\BepInEx\plugins\CastlePlanner_Serp]
[Info   :  SHCDE-SE] [T1-14:22:54.422] [GameAssetManagerAPI] [RegisterModProvider] Indexed 575 files for [CastlePlanner_Serp] in [Global] asset mode from [E:\ProgrammeE\Steam\steamapps\common\Stronghold Crusader Definitive Edition\BepInEx\plugins\CastlePlanner_Serp] in 1 ms.
[Warning:  SHCDE-SE] [T1-14:22:54.422] [GameAssetModManager] [RegisterAssetModCore] Mod has no sprite logo at [Override/Assets/GUI/Sprites/CastlePlanner_Serp.png] in [E:\ProgrammeE\Steam\steamapps\common\Stronghold Crusader Definitive Edition\BepInEx\plugins\CastlePlanner_Serp] - This may be ignored.
[Info   :  SHCDE-SE] [T1-14:22:54.422] [GameTranslateAPI] [LoadModLocalizations] Loaded 0 localization files from E:\ProgrammeE\Steam\steamapps\common\Stronghold Crusader Definitive Edition\BepInEx\plugins\CastlePlanner_Serp
[Info   :  SHCDE-SE] [T1-14:22:54.422] [GameAssetModManager] [RegisterAssetModCore] Mod [CastlePlanner] has no Lua scripts (Scripts/init.lua not found) - This is fine.
[Info   :  SHCDE-SE] [T1-14:22:54.422] [GameAssetModManager] [RegisterAll] Loading Asset Mod: [E:\ProgrammeE\Steam\steamapps\common\Stronghold Crusader Definitive Edition\BepInEx\plugins\CheatMod_Serp]
[Info   :  SHCDE-SE] [T1-14:22:54.423] [GameAssetManagerAPI] [RegisterModProvider] Indexed 26 files for [CheatMod_Serp] in [Global] asset mode from [E:\ProgrammeE\Steam\steamapps\common\Stronghold Crusader Definitive Edition\BepInEx\plugins\CheatMod_Serp] in 0 ms.
[Warning:  SHCDE-SE] [T1-14:22:54.423] [GameAssetModManager] [RegisterAssetModCore] Mod has no sprite logo at [Override/Assets/GUI/Sprites/CheatMod_Serp.png] in [E:\ProgrammeE\Steam\steamapps\common\Stronghold Crusader Definitive Edition\BepInEx\plugins\CheatMod_Serp] - This may be ignored.
[Info   :  SHCDE-SE] [T1-14:22:54.423] [GameTranslateAPI] [LoadModLocalizations] Loaded 0 localization files from E:\ProgrammeE\Steam\steamapps\common\Stronghold Crusader Definitive Edition\BepInEx\plugins\CheatMod_Serp
[Info   :  SHCDE-SE] [T1-14:22:54.423] [GameAssetModManager] [RegisterAssetModCore] Mod [Cheat Mod] has no Lua scripts (Scripts/init.lua not found) - This is fine.
[Info   :  SHCDE-SE] [T1-14:22:54.423] [GameAssetModManager] [RegisterAll] Loading Asset Mod: [E:\ProgrammeE\Steam\steamapps\common\Stronghold Crusader Definitive Edition\BepInEx\plugins\ExtendedData_Serp]
[Info   :  SHCDE-SE] [T1-14:22:54.423] [GameAssetManagerAPI] [RegisterModProvider] Indexed 35 files for [ExtendedData_Serp] in [Global] asset mode from [E:\ProgrammeE\Steam\steamapps\common\Stronghold Crusader Definitive Edition\BepInEx\plugins\ExtendedData_Serp] in 0 ms.
[Warning:  SHCDE-SE] [T1-14:22:54.423] [GameAssetModManager] [RegisterAssetModCore] Mod has no sprite logo at [Override/Assets/GUI/Sprites/ExtendedData_Serp.png] in [E:\ProgrammeE\Steam\steamapps\common\Stronghold Crusader Definitive Edition\BepInEx\plugins\ExtendedData_Serp] - This may be ignored.
[Info   :  SHCDE-SE] [T1-14:22:54.423] [GameTranslateAPI] [LoadModLocalizations] Loaded 0 localization files from E:\ProgrammeE\Steam\steamapps\common\Stronghold Crusader Definitive Edition\BepInEx\plugins\ExtendedData_Serp
[Info   :  SHCDE-SE] [T1-14:22:54.423] [GameAssetModManager] [RegisterAssetModCore] Mod [Extended Data] has no Lua scripts (Scripts/init.lua not found) - This is fine.
[Info   :  SHCDE-SE] [T1-14:22:54.423] [GameAssetModManager] [RegisterAll] Loading Asset Mod: [E:\ProgrammeE\Steam\steamapps\common\Stronghold Crusader Definitive Edition\BepInEx\plugins\ExtraFeatures_Serp]
[Info   :  SHCDE-SE] [T1-14:22:54.424] [GameAssetManagerAPI] [RegisterModProvider] Indexed 29 files for [ExtraFeatures_Serp] in [Global] asset mode from [E:\ProgrammeE\Steam\steamapps\common\Stronghold Crusader Definitive Edition\BepInEx\plugins\ExtraFeatures_Serp] in 0 ms.
[Warning:  SHCDE-SE] [T1-14:22:54.424] [GameAssetModManager] [RegisterAssetModCore] Mod has no sprite logo at [Override/Assets/GUI/Sprites/ExtraFeatures_Serp.png] in [E:\ProgrammeE\Steam\steamapps\common\Stronghold Crusader Definitive Edition\BepInEx\plugins\ExtraFeatures_Serp] - This may be ignored.
[Info   :  SHCDE-SE] [T1-14:22:54.424] [GameTranslateAPI] [LoadModLocalizations] Loaded 0 localization files from E:\ProgrammeE\Steam\steamapps\common\Stronghold Crusader Definitive Edition\BepInEx\plugins\ExtraFeatures_Serp
[Info   :  SHCDE-SE] [T1-14:22:54.424] [GameAssetModManager] [RegisterAssetModCore] Mod [Extra Features] has no Lua scripts (Scripts/init.lua not found) - This is fine.
[Info   :  SHCDE-SE] [T1-14:22:54.424] [GameAssetModManager] [RegisterAll] Loading Asset Mod: [E:\ProgrammeE\Steam\steamapps\common\Stronghold Crusader Definitive Edition\BepInEx\plugins\ExtremePowers_Serp]
[Info   :  SHCDE-SE] [T1-14:22:54.424] [GameAssetManagerAPI] [RegisterModProvider] Indexed 29 files for [ExtremePowers_Serp] in [Global] asset mode from [E:\ProgrammeE\Steam\steamapps\common\Stronghold Crusader Definitive Edition\BepInEx\plugins\ExtremePowers_Serp] in 0 ms.
[Warning:  SHCDE-SE] [T1-14:22:54.424] [GameAssetModManager] [RegisterAssetModCore] Mod has no sprite logo at [Override/Assets/GUI/Sprites/ExtremePowers_Serp.png] in [E:\ProgrammeE\Steam\steamapps\common\Stronghold Crusader Definitive Edition\BepInEx\plugins\ExtremePowers_Serp] - This may be ignored.
[Info   :  SHCDE-SE] [T1-14:22:54.424] [GameTranslateAPI] [LoadModLocalizations] Loaded 0 localization files from E:\ProgrammeE\Steam\steamapps\common\Stronghold Crusader Definitive Edition\BepInEx\plugins\ExtremePowers_Serp
[Info   :  SHCDE-SE] [T1-14:22:54.424] [GameAssetModManager] [RegisterAssetModCore] Mod [Extreme Powers] has no Lua scripts (Scripts/init.lua not found) - This is fine.
[Info   :  SHCDE-SE] [T1-14:22:54.424] [GameAssetModManager] [RegisterAll] Loading Asset Mod: [E:\ProgrammeE\Steam\steamapps\common\Stronghold Crusader Definitive Edition\BepInEx\plugins\RandomEvents_Serp]
[Info   :  SHCDE-SE] [T1-14:22:54.424] [GameAssetManagerAPI] [RegisterModProvider] Indexed 26 files for [RandomEvents_Serp] in [Global] asset mode from [E:\ProgrammeE\Steam\steamapps\common\Stronghold Crusader Definitive Edition\BepInEx\plugins\RandomEvents_Serp] in 0 ms.
[Warning:  SHCDE-SE] [T1-14:22:54.424] [GameAssetModManager] [RegisterAssetModCore] Mod has no sprite logo at [Override/Assets/GUI/Sprites/RandomEvents_Serp.png] in [E:\ProgrammeE\Steam\steamapps\common\Stronghold Crusader Definitive Edition\BepInEx\plugins\RandomEvents_Serp] - This may be ignored.
[Info   :  SHCDE-SE] [T1-14:22:54.424] [GameTranslateAPI] [LoadModLocalizations] Loaded 0 localization files from E:\ProgrammeE\Steam\steamapps\common\Stronghold Crusader Definitive Edition\BepInEx\plugins\RandomEvents_Serp
[Info   :  SHCDE-SE] [T1-14:22:54.424] [GameAssetModManager] [RegisterAssetModCore] Mod [Random Events] has no Lua scripts (Scripts/init.lua not found) - This is fine.
[Info   :  SHCDE-SE] [T1-14:22:54.424] [GameAssetModManager] [RegisterAll] Loading Asset Mod: [E:\ProgrammeE\Steam\steamapps\common\Stronghold Crusader Definitive Edition\BepInEx\plugins\SerpsMods_Serp]
[Info   :  SHCDE-SE] [T1-14:22:54.424] [GameAssetManagerAPI] [RegisterModProvider] Indexed 27 files for [SerpsMods_Serp] in [Global] asset mode from [E:\ProgrammeE\Steam\steamapps\common\Stronghold Crusader Definitive Edition\BepInEx\plugins\SerpsMods_Serp] in 0 ms.
[Info   :  SHCDE-SE] [T1-14:22:54.425] [GameTranslateAPI] [LoadModLocalizations] Loaded 0 localization files from E:\ProgrammeE\Steam\steamapps\common\Stronghold Crusader Definitive Edition\BepInEx\plugins\SerpsMods_Serp
[Info   :  SHCDE-SE] [T1-14:22:54.425] [GameAssetModManager] [RegisterAssetModCore] Mod [Serps Mods - Fully Customizable Collection] has no Lua scripts (Scripts/init.lua not found) - This is fine.
[Info   :  SHCDE-SE] [T1-14:22:54.425] [GameAssetModManager] [RegisterAll] Loading Asset Mod: [E:\ProgrammeE\Steam\steamapps\common\Stronghold Crusader Definitive Edition\BepInEx\plugins\StartConditions_Serp]
[Info   :  SHCDE-SE] [T1-14:22:54.425] [GameAssetManagerAPI] [RegisterModProvider] Indexed 26 files for [StartConditions_Serp] in [Global] asset mode from [E:\ProgrammeE\Steam\steamapps\common\Stronghold Crusader Definitive Edition\BepInEx\plugins\StartConditions_Serp] in 0 ms.
[Warning:  SHCDE-SE] [T1-14:22:54.425] [GameAssetModManager] [RegisterAssetModCore] Mod has no sprite logo at [Override/Assets/GUI/Sprites/StartConditions_Serp.png] in [E:\ProgrammeE\Steam\steamapps\common\Stronghold Crusader Definitive Edition\BepInEx\plugins\StartConditions_Serp] - This may be ignored.
[Info   :  SHCDE-SE] [T1-14:22:54.425] [GameTranslateAPI] [LoadModLocalizations] Loaded 0 localization files from E:\ProgrammeE\Steam\steamapps\common\Stronghold Crusader Definitive Edition\BepInEx\plugins\StartConditions_Serp
[Info   :  SHCDE-SE] [T1-14:22:54.425] [GameAssetModManager] [RegisterAssetModCore] Mod [Start Conditions] has no Lua scripts (Scripts/init.lua not found) - This is fine.
[Info   :  SHCDE-SE] [T1-14:22:54.425] [GameAssetModManager] [RegisterAll] Loading Asset Mod: [E:\ProgrammeE\Steam\steamapps\common\Stronghold Crusader Definitive Edition\BepInEx\plugins\UnitCosts_Serp]
[Info   :  SHCDE-SE] [T1-14:22:54.425] [GameAssetManagerAPI] [RegisterModProvider] Indexed 28 files for [UnitCosts_Serp] in [Global] asset mode from [E:\ProgrammeE\Steam\steamapps\common\Stronghold Crusader Definitive Edition\BepInEx\plugins\UnitCosts_Serp] in 0 ms.
[Warning:  SHCDE-SE] [T1-14:22:54.425] [GameAssetModManager] [RegisterAssetModCore] Mod has no sprite logo at [Override/Assets/GUI/Sprites/UnitCosts_Serp.png] in [E:\ProgrammeE\Steam\steamapps\common\Stronghold Crusader Definitive Edition\BepInEx\plugins\UnitCosts_Serp] - This may be ignored.
[Info   :  SHCDE-SE] [T1-14:22:54.425] [GameTranslateAPI] [LoadModLocalizations] Loaded 0 localization files from E:\ProgrammeE\Steam\steamapps\common\Stronghold Crusader Definitive Edition\BepInEx\plugins\UnitCosts_Serp
[Info   :  SHCDE-SE] [T1-14:22:54.425] [GameAssetModManager] [RegisterAssetModCore] Mod [Unit Costs] has no Lua scripts (Scripts/init.lua not found) - This is fine.
[Info   :  SHCDE-SE] [T1-14:22:54.425] [GameAssetModManager] [RegisterAll] Loading Asset Mod: [E:\ProgrammeE\Steam\steamapps\common\Stronghold Crusader Definitive Edition\BepInEx\plugins\UnitLimit_Serp]
[Info   :  SHCDE-SE] [T1-14:22:54.426] [GameAssetManagerAPI] [RegisterModProvider] Indexed 29 files for [UnitLimit_Serp] in [Global] asset mode from [E:\ProgrammeE\Steam\steamapps\common\Stronghold Crusader Definitive Edition\BepInEx\plugins\UnitLimit_Serp] in 0 ms.
[Warning:  SHCDE-SE] [T1-14:22:54.426] [GameAssetModManager] [RegisterAssetModCore] Mod has no sprite logo at [Override/Assets/GUI/Sprites/UnitLimit_Serp.png] in [E:\ProgrammeE\Steam\steamapps\common\Stronghold Crusader Definitive Edition\BepInEx\plugins\UnitLimit_Serp] - This may be ignored.
[Info   :  SHCDE-SE] [T1-14:22:54.426] [GameTranslateAPI] [LoadModLocalizations] Loaded 0 localization files from E:\ProgrammeE\Steam\steamapps\common\Stronghold Crusader Definitive Edition\BepInEx\plugins\UnitLimit_Serp
[Info   :  SHCDE-SE] [T1-14:22:54.426] [GameAssetModManager] [RegisterAssetModCore] Mod [Unit Limit] has no Lua scripts (Scripts/init.lua not found) - This is fine.
[Info   :  SHCDE-SE] [T1-14:22:54.426] [GameAssetModManager] [RegisterAll] Loading Asset Mod: [E:\ProgrammeE\Steam\steamapps\common\Stronghold Crusader Definitive Edition\BepInEx\plugins\fixes]
[Info   :  SHCDE-SE] [T1-14:22:54.426] [GameAssetManagerAPI] [RegisterModProvider] Indexed 13 files for [fixes] in [Global] asset mode from [E:\ProgrammeE\Steam\steamapps\common\Stronghold Crusader Definitive Edition\BepInEx\plugins\fixes] in 0 ms.
[Info   :  SHCDE-SE] [T1-14:22:54.426] [GameTranslateAPI] [LoadModLocalizations] Loaded 0 localization files from E:\ProgrammeE\Steam\steamapps\common\Stronghold Crusader Definitive Edition\BepInEx\plugins\fixes
[Info   :  SHCDE-SE] [T1-14:22:54.426] [GameAssetModManager] [RegisterAssetModCore] Mod [Fixes] has no Lua scripts (Scripts/init.lua not found) - This is fine.
[Info   :  SHCDE-SE] [T1-14:22:54.426] [GameAssetModManager] [RegisterAll] Asset mod registration and indexing completed in 19 ms (18 mod(s)).
[Info   :  SHCDE-SE] [T1-14:22:54.427] [ILHooksManager] [Apply] Applying Managed IL Detours
[Info   :  SHCDE-SE] [T1-14:22:55.429] [ManagedHookManager] [Apply] Applying Managed Detours
[Info   :  SHCDE-SE] [T1-14:22:55.429] [ManagedDetour] [.ctor] Created detour [getChimpGoldCost]->[GameData_getChimpGoldCosts_Hook]
[Info   :  SHCDE-SE] [T1-14:22:55.431] [ManagedDetour] [.ctor] Created detour [TroopSelection]->[EngineInterface_TroopSelection_Hook]
[Info   :  SHCDE-SE] [T1-14:22:55.433] [ManagedDetour] [.ctor] Created detour [GetRadarFromFile]->[MapFileManager_GetRadarFromFile_Hook]
[Info   :  SHCDE-SE] [T1-14:22:55.741] [ManagedDetour] [.ctor] Created detour [lookUpText]->[Translate_lookUpText_Hook]
[Info   :  SHCDE-SE] [T1-14:22:55.742] [ManagedDetour] [.ctor] Created detour [lookUpText]->[Translate_lookUpText2_Hook]
[Info   :  SHCDE-SE] [T1-14:22:55.742] [ManagedDetour] [.ctor] Created detour [lookUpText]->[Translate_lookUpTextEx_Hook]
[Info   :  SHCDE-SE] [T1-14:22:55.757] [ManagedDetour] [.ctor] Created detour [recieveIngameChat]->[HUD_MPChatMessages_ReceiveIngameChat_Hook]
[Info   :  SHCDE-SE] [T1-14:22:55.761] [ManagedDetour] [.ctor] Created detour [ChatHandle]->[Platform_Multiplayer_ChatHandle_Hook]
[Info   :  SHCDE-SE] [T1-14:22:55.762] [ManagedDetour] [.ctor] Created detour [SendLobbyChatMessage]->[Platform_Multiplayer_SendLobbyChatMessage_Hook]
[Info   :  SHCDE-SE] [T1-14:22:55.762] [ManagedDetour] [.ctor] Created detour [SendIngameChat]->[Platform_Multiplayer_SendIngameChat_Hook]
[Info   :  SHCDE-SE] [T1-14:22:55.767] [ManagedDetour] [.ctor] Created detour [receiveLobbyMessages]->[Platform_Multiplayer_ReceiveLobbyMessages_Hook]
[Info   :  SHCDE-SE] [T1-14:22:55.768] [ManagedDetour] [.ctor] Created detour [SendCustomInfoToMember]->[Platform_Multiplayer_SendCustomInfoToMember_Hook]
[Info   :  SHCDE-SE] [T1-14:22:56.215] [ManagedDetour] [.ctor] Created detour [NoesisGUIUpdateChecksInGame]->[FatControler_NoesisGUIUpdateChecksInGame_Hook]
[Info   :  SHCDE-SE] [T1-14:22:56.241] [ManagedDetour] [.ctor] Created detour [.ctor]->[HUD_Buildings_CTOR_Hook]
[Info   :  SHCDE-SE] [T1-14:22:56.243] [ManagedDetour] [.ctor] Created detour [interpChimp]->[GameMap_InterpChimpHook]
[Info   :  SHCDE-SE] [T1-14:22:56.247] [ManagedDetour] [.ctor] Created detour [deleteChimp]->[GameMap_DeleteChimpHook]
[Info   :  SHCDE-SE] [T1-14:22:56.248] [ManagedDetour] [.ctor] Created detour [playSFX]->[MyAudioManager_PlaySFX_Hook]
[Info   :  SHCDE-SE] [T1-14:22:56.249] [ManagedDetour] [.ctor] Created detour [LoadClip]->[MyAudioManager_LoadClip_Hook]
[Info   :  SHCDE-SE] [T1-14:22:56.250] [ManagedDetour] [.ctor] Created detour [UpdateWorkshopMap]->[MapFileManager_UpdateWorkshopMap_Hook]
[Info   :  SHCDE-SE] [T1-14:22:56.251] [ManagedDetour] [.ctor] Created detour [SetBodySprite]->[SpriteMapping_SetBodySprite_Hook]
[Info   :  SHCDE-SE] [T1-14:22:56.257] [ManagedDetour] [.ctor] Created detour [SetVisibleState]->[MainViewModel_SetVisibleState_Hook]
[Info   :  SHCDE-SE] [T1-14:22:56.260] [ManagedDetour] [.ctor] Created detour [Update]->[KeyManager_Update_Hook_Impl]
[Info   :  SHCDE-SE] [T1-14:22:56.265] [ManagedDetour] [.ctor] Created detour [ProcessExtendedLordFile]->[CustomisationFileManager_ProcessExtendedLordFile_Hook]
[Info   :  SHCDE-SE] [T1-14:22:56.266] [ManagedDetour] [.ctor] Created detour [GetCustomLordText]->[CustomisationFileManager_GetCustomLordText_Hook]
[Info   :  SHCDE-SE] [T1-14:22:56.273] [ManagedDetour] [.ctor] Created detour [SkirmishAIAddClick]->[FRONT_Multiplayer_SkirmishAIAddClick_Hook]
[Info   :  SHCDE-SE] [T1-14:22:56.274] [ManagedDetour] [.ctor] Created detour [AILordLeave]->[FRONT_Multiplayer_AILordLeave_Hook]
[Info   :  SHCDE-SE] [T1-14:22:56.276] [ManagedDetour] [.ctor] Created detour [getAIFace]->[MainViewModel_GetAIFace_Hook]
[Info   :  SHCDE-SE] [T1-14:22:56.291] [ManagedDetour] [.ctor] Created detour [set_Source]->[NoesisMediaElement_Setter_Hook]
[Info   :  SHCDE-SE] [T1-14:22:56.292] [ManagedDetour] [.ctor] Created detour [playSpeech]->[SFXManager_PlaySpeech_Hook]
[Info   :  SHCDE-SE] [T1-14:22:56.294] [ManagedDetour] [.ctor] Created detour [getComputerName]->[OnScreenText_GetComputerName_Hook]
[Info   :  SHCDE-SE] [T1-14:22:56.303] [ManagedDetour] [.ctor] Created detour [getAIVData]->[AIVLoader_GetAIVData_Hook]
[Info   :  SHCDE-SE] [T1-14:22:56.306] [ManagedDetour] [.ctor] Created detour [GetListOfSubscribedItemsPaths]->[Platform_Workshop_GetListOfSubscribedItemsPaths_Hook]
[Info   :  SHCDE-SE] [T1-14:22:56.396] [ManagedDetour] [.ctor] Created detour [ClearUIPanels]->[FrontendMenus_ClearUIPanels_Hook]
[Info   :  SHCDE-SE] [T1-14:22:56.398] [ManagedDetour] [.ctor] Created detour [OpenFrontEndMenus]->[FrontendMenus_OpenFrontEndMenus_Hook]
[Info   :  SHCDE-SE] [T1-14:22:56.401] [ManagedDetour] [.ctor] Created detour [setTileColour]->[GameTile_SetTileColor_Hook]
[Info   :  SHCDE-SE] [T1-14:22:56.402] [ManagedDetour] [.ctor] Created detour [Awake]->[SteamManager_Awake_Hook]
[Info   :  SHCDE-SE] [T1-14:22:56.404] [ManagedDetour] [.ctor] Created detour [Awake]->[Director_Awake_Hook]
[Info   :  SHCDE-SE] [T1-14:22:56.407] [ManagedDetour] [.ctor] Created detour [postLoading]->[EditorDirector_PostLoading_Hook]
[Info   :  SHCDE-SE] [T1-14:22:56.429] [Plugin] [LoadNativeLibrary] CrusaderDE: 00007FFAAE950000
[Info   :  SHCDE-SE] [T1-14:22:56.430] [Unknown] Base address: 0x00007FFAAE950000
[Info   :  SHCDE-SE] [T1-14:22:56.431] [Unknown] Module size: 0x0000000008903000 bytes
[Info   :  SHCDE-SE] [T1-14:22:56.482] [Plugin] [CrusaderLibrary_LibraryLoaded] Initializing native-side...
[Info   :  SHCDE-SE] [T1-14:22:56.498] [GameGlobalsManager] [FindGameGlobals] Finding Game Globals...
[Info   :  SHCDE-SE] [T1-14:22:56.523] [GameGlobalsManager] [FindGameGlobals] GameUnitManager found at VA: 00007FFAB5138400
[Info   :  SHCDE-SE] [T1-14:22:56.524] [GameGlobalsManager] [FindGameGlobals] gRangedBoltDamageTableRVA found at RVA: 0000000000322C70
[Info   :  SHCDE-SE] [T1-14:22:56.524] [GameGlobalsManager] [FindGameGlobals] gRangedJavelinDamageTableRVA found at RVA: 0000000000322DE0
[Info   :  SHCDE-SE] [T1-14:22:56.524] [GameGlobalsManager] [FindGameGlobals] gRangedArrowDamageTableRVA found at RVA: 0000000000322990
[Info   :  SHCDE-SE] [T1-14:22:56.524] [GameGlobalsManager] [FindGameGlobals] gRangedSlingerDamageTableRVA found at RVA: 0000000000322B00
[Info   :  SHCDE-SE] [T1-14:22:56.524] [GameGlobalsManager] [FindGameGlobals] gMeleeDamageTableRVA found at RVA: 0000000000323230
[Info   :  SHCDE-SE] [T1-14:22:56.524] [GameGlobalsManager] [FindGameGlobals] gMeleeEunuchAOEDamageTableRVA found at RVA: 0000000000322F50
[Info   :  SHCDE-SE] [T1-14:22:56.525] [GameGlobalsManager] [FindGameGlobals] gBallistaDamageDefault: 10000
[Info   :  SHCDE-SE] [T1-14:22:56.525] [GameGlobalsManager] [FindGameGlobals] gBallistaDamageToPortableShields: 500
[Info   :  SHCDE-SE] [T1-14:22:56.525] [GameGlobalsManager] [FindGameGlobals] gBallistaDamageToBallista: 2000
[Info   :  SHCDE-SE] [T1-14:22:56.525] [GameGlobalsManager] [FindGameGlobals] gBallistaDamageToMangonel: 2000
[Info   :  SHCDE-SE] [T1-14:22:56.525] [GameGlobalsManager] [FindGameGlobals] gBallistaDamageToArabBallista: 2000
[Info   :  SHCDE-SE] [T1-14:22:56.525] [GameGlobalsManager] [FindGameGlobals] gBallistaDamageToCatapult: 2500
[Info   :  SHCDE-SE] [T1-14:22:56.525] [GameGlobalsManager] [FindGameGlobals] gBallistaDamageToTrebutchet: 4000
[Info   :  SHCDE-SE] [T1-14:22:56.526] [GameGlobalsManager] [FindGameGlobals] gBallistaDamageToBatteringRam: 20000
[Info   :  SHCDE-SE] [T1-14:22:56.526] [GameGlobalsManager] [FindGameGlobals] gMaxMana: 7000
[Info   :  SHCDE-SE] [T1-14:22:56.527] [GameGlobalsManager] [FindGameGlobals] gManaRegenAmount: 1
[Info   :  SHCDE-SE] [T1-14:22:56.527] [GameGlobalsManager] [FindGameGlobals] gMacemanMinDistanceToEnemyToRun: 192
[Info   :  SHCDE-SE] [T1-14:22:56.527] [GameGlobalsManager] [FindGameGlobals] gUnitHealthTable found at RVA: 0000000000322820
[Info   :  SHCDE-SE] [T1-14:22:56.527] [GameGlobalsManager] [FindGameGlobals] gBuildingHealthTable found at RVA: 00000000002E7510
[Info   :  SHCDE-SE] [T1-14:22:56.527] [GameGlobalsManager] [FindGameGlobals] gBuildingHousingPopulatonSpaceTable found at RVA: 00000000002E7740
[Info   :  SHCDE-SE] [T1-14:22:56.527] [GameGlobalsManager] [FindGameGlobals] gSpeedTable found at RVA: 00000000003230C0
[Info   :  SHCDE-SE] [T1-14:22:56.527] [GameGlobalsManager] [FindGameGlobals] gMapRowLookupTable found at RVA: 000000000402FF2C
[Info   :  SHCDE-SE] [T1-14:22:56.527] [GameGlobalsManager] [FindGameGlobals] gMapColumnLookupTableRVA found at RVA: 0000000003AAE2A4
[Info   :  SHCDE-SE] [T1-14:22:56.527] [GameGlobalsManager] [FindGameGlobals] gMapBuildingManager found at RVA: 00007FFAB4E1CBB0
[Info   :  SHCDE-SE] [T1-14:22:56.528] [GameGlobalsManager] [FindGameGlobals] gMaxRandomLions found at VA: 00007FFAAEA6E29D
[Info   :  SHCDE-SE] [T1-14:22:56.528] [GameGlobalsManager] [FindGameGlobals] gMaxRandomLions: 3
[Info   :  SHCDE-SE] [T1-14:22:56.528] [GameGlobalsManager] [FindGameGlobals] gGameTribeManagerVA found at RVA: 00007FFAB6616720
[Info   :  SHCDE-SE] [T1-14:22:56.528] [GameGlobalsManager] [FindGameGlobals] gPlayerManager found at RVA: 00007FFAB1FBC210
[Info   :  SHCDE-SE] [T1-14:22:56.528] [GameGlobalsManager] [FindGameGlobals] gBuildingCostDefaults found at VA: 00007FFAAEC2E244
[Info   :  SHCDE-SE] [T1-14:22:56.528] [GameGlobalsManager] [FindGameGlobals] gBuildingCostDefaultsEnd found at VA: 00007FFAAEC2EADC
[Info   :  SHCDE-SE] [T1-14:22:56.528] [GameGlobalsManager] [FindGameGlobals] gBuildingStoneCostsTable found at RVA: 00000000067E5B90
[Info   :  SHCDE-SE] [T1-14:22:56.528] [GameGlobalsManager] [FindGameGlobals] gBuildingRawPitchCostsTable found at RVA: 00000000067E5B98
[Info   :  SHCDE-SE] [T1-14:22:56.528] [GameGlobalsManager] [FindGameGlobals] gBuildingGoldCostsTable found at RVA: 00000000067E5B9C
[Info   :  SHCDE-SE] [T1-14:22:56.528] [GameGlobalsManager] [FindGameGlobals] gBuildingWoodCostsTable found at RVA: 00000000067E5B8C
[Info   :  SHCDE-SE] [T1-14:22:56.528] [GameGlobalsManager] [FindGameGlobals] gBuildingIronIngotsCostsTable found at RVA: 00000000067E5B94
[Info   :  SHCDE-SE] [T1-14:22:56.528] [GameGlobalsManager] [FindGameGlobals] gMaxGoodYards found at VA: 00007FFAAE9C89B4
[Info   :  SHCDE-SE] [T1-14:22:56.528] [GameGlobalsManager] [FindGameGlobals] gMaxGoodYards: 32
[Info   :  SHCDE-SE] [T1-14:22:56.528] [GameGlobalsManager] [FindGameGlobals] gMaxArmories found at VA: 00007FFAAE9C8AB4
[Info   :  SHCDE-SE] [T1-14:22:56.528] [GameGlobalsManager] [FindGameGlobals] gMaxArmories: 8
[Info   :  SHCDE-SE] [T1-14:22:56.528] [GameGlobalsManager] [FindGameGlobals] gMaxGranaries found at VA: 00007FFAAE9C8A34
[Info   :  SHCDE-SE] [T1-14:22:56.528] [GameGlobalsManager] [FindGameGlobals] gMaxGranaries: 8
[Info   :  SHCDE-SE] [T1-14:22:56.528] [GameGlobalsManager] [FindGameGlobals] gGateHouseCloseDistance found at VA: 00007FFAAEA07BC0
[Info   :  SHCDE-SE] [T1-14:22:56.529] [GameGlobalsManager] [FindGameGlobals] gGateHouseCloseDistance: 200
[Info   :  SHCDE-SE] [T1-14:22:56.529] [GameGlobalsManager] [FindGameGlobals] gGateHouseReOpenDistance found at VA: 00007FFAAEA07BC9
[Info   :  SHCDE-SE] [T1-14:22:56.529] [GameGlobalsManager] [FindGameGlobals] gGateHouseReOpenDistance: 1200
[Info   :  SHCDE-SE] [T1-14:22:56.529] [GameGlobalsManager] [FindGameGlobals] gGateHouseUnkDistance found at VA: 00007FFAAEA07BD0
[Info   :  SHCDE-SE] [T1-14:22:56.529] [GameGlobalsManager] [FindGameGlobals] gGateHouseUnkDistance: 1200
[Info   :  SHCDE-SE] [T1-14:22:56.529] [GameGlobalsManager] [FindGameGlobals] Peasant Respawn Tick Target Value: 4000
[Info   :  SHCDE-SE] [T1-14:22:56.529] [GameGlobalsManager] [FindGameGlobals] Peasant Respawn Tick Reset Value: 2000
[Info   :  SHCDE-SE] [T1-14:22:56.529] [GameGlobalsManager] [FindGameGlobals] gLocalPlayerId found at VA: 00007FFAB7233D70
[Info   :  SHCDE-SE] [T1-14:22:56.529] [GameGlobalsManager] [FindGameGlobals] gCurrentGameTick found at VA: 00007FFAB1FB5F58
[Info   :  SHCDE-SE] [T1-14:22:56.529] [GameGlobalsManager] [FindGameGlobals] gCurrentlySelectedBuildingId found at VA: 00007FFAB5138394
[Info   :  SHCDE-SE] [T1-14:22:56.529] [GameGlobalsManager] [FindGameGlobals] gp_PathfindingContextVA found at VA: 00007FFAB49FD660
[Info   :  SHCDE-SE] [T1-14:22:56.529] [GameGlobalsManager] [FindGameGlobals] gAIVDataTableVA found at VA: 00007FFAAF214640
[Info   :  SHCDE-SE] [T1-14:22:56.529] [GameGlobalsManager] [FindGameGlobals] gSkirmishSpawnGoldTable found at RVA: 00000000002D4D90
[Info   :  SHCDE-SE] [T1-14:22:56.529] [GameGlobalsManager] [FindGameGlobals] gMonkAvailable found at RVA: 00007FFAB713E3F8
[Info   :  SHCDE-SE] [T1-14:22:56.529] [GameGlobalsManager] [FindGameGlobals] gEngineerAvailableVA found at RVA: 00007FFAB713E3E0
[Info   :  SHCDE-SE] [T1-14:22:56.529] [GameGlobalsManager] [FindGameGlobals] gLaddermanAvailableVA found at RVA: 00007FFAB713E3DC
[Info   :  SHCDE-SE] [T1-14:22:56.529] [GameGlobalsManager] [FindGameGlobals] gPlayerDefaultSkirmishResourcesVA found at VA: 00007FFAAEC24E40
[Info   :  SHCDE-SE] [T1-14:22:56.529] [GameGlobalsManager] [FindGameGlobals] gAIVSystem found at VA: 00007FFAB1DF9F70
[Info   :  SHCDE-SE] [T1-14:22:56.529] [GameGlobalsManager] [FindGameGlobals] gGameVegetationManager found at VA: 00007FFAB1C2E440
[Info   :  SHCDE-SE] [T1-14:22:56.529] [GameGlobalsManager] [FindGameGlobals] gAILordManager found at RVA: 000000000404C950 / VA: 00007FFAB299C950
[Info   :  SHCDE-SE] [T1-14:22:56.530] [GameGlobalsManager] [FindGameGlobals] gActivePlayerListVA found at VA: 00007FFAB6EC4BCC
[Info   :  SHCDE-SE] [T1-14:22:56.530] [GameGlobalsManager] [FindGameGlobals] gAILineUpVA found at VA: 00007FFAB6EC4C44
[Info   :  SHCDE-SE] [T1-14:22:56.530] [GameGlobalsManager] [FindGameGlobals] gGameStateChoreHandlersVA found at VA: 00007FFAAEC17A30
[Info   :  SHCDE-SE] [T1-14:22:56.530] [GameGlobalsManager] [FindGameGlobals] gGamePaused found at VA: 00007FFAB1FBA0F8
[Info   :  SHCDE-SE] [T1-14:22:56.530] [GameGlobalsManager] [FindGameGlobals] gCurrentMapName found at VA: 00007FFAB1FB7FE0
[Info   :  SHCDE-SE] [T1-14:22:56.530] [GameGlobalsManager] [FindGameGlobals] gCurrentMapNameLength found at VA: 00007FFAB1FB81D4
[Info   :  SHCDE-SE] [T1-14:22:56.530] [GameGlobalsManager] [FindGameGlobals] gIsInMapEditorVA found at VA: 00007FFAB6EC4B98
[Info   :  SHCDE-SE] [T1-14:22:56.530] [GameGlobalsManager] [FindGameGlobals] gTeamsListRVA found at VA: 00000000037EDF3C
[Info   :  SHCDE-SE] [T1-14:22:56.530] [GameGlobalsManager] [FindGameGlobals] gTreeGrowthProgressionTableRVA found at VA: 000000000031E224
[Info   :  SHCDE-SE] [T1-14:22:56.530] [GameGlobalsManager] [FindGameGlobals] gGameTileManagerVA found at VA: 00007FFAB29AEDB0
[Info   :  SHCDE-SE] [T1-14:22:56.532] [GameGlobalsManager] [FindGameGlobals] GameGatehouseManagerRVA found at RVA: 00000000060AF690 / VA 00007FFAB49FF690
[Info   :  SHCDE-SE] [T1-14:22:56.532] [GameGlobalsManager] [FindGameGlobals] gGameGatehouseFunctionsVA found at VA: 00007FFAAEC625D0
[Info   :  SHCDE-SE] [T1-14:22:56.532] [GameGlobalsManager] [FindGameGlobals] GameUnitFunctionsVTable found at VA: 00007FFAAEC71CB0
[Info   :  SHCDE-SE] [T1-14:22:56.532] [GameGlobalsManager] [FindGameGlobals] GameBuildingFunctionsVTable found at VA: 00007FFAAEC2EAE0
[Info   :  SHCDE-SE] [T1-14:22:56.532] [GameGlobalsManager] [FindGameGlobals] gLocalPlayerUnitLimitVA found at VA: 00007FFAB1FB8E34
[Info   :  SHCDE-SE] [T1-14:22:56.532] [GameGlobalsManager] [FindGameGlobals] gBuildingTypeAccessTileConnectivityBypassVA found at VA: 00007FFAAEC34FE0
[Info   :  SHCDE-SE] [T1-14:22:56.532] [GameGlobalsManager] [FindGameGlobals] gAxisDistanceMetricsVA found at VA: 00007FFAB1DF9F50
[Info   :  SHCDE-SE] [T1-14:22:56.532] [GameGlobalsManager] [FindGameGlobals] gLocalPlayerArmyCounts found at VA: 00007FFAAF3E86A0
[Info   :  SHCDE-SE] [T1-14:22:56.532] [GameGlobalsManager] [FindGameGlobals] gPeasantSpawnRateIncrementsHighPopRVA found at RVA: 0000000000311D90
[Info   :  SHCDE-SE] [T1-14:22:56.532] [GameGlobalsManager] [FindGameGlobals] gPeasantSpawnRateIncrementsLowPopRVA found at RVA: 0000000000311DF0
[Info   :  SHCDE-SE] [T1-14:22:56.532] [GameGlobalsManager] [FindGameGlobals] gPeasantSpawnRateIncrementsDefaultsRVA found at RVA: 0000000000311E50
[Info   :  SHCDE-SE] [T1-14:22:56.532] [GameGlobalsManager] [FindGameGlobals] BuildingAvailabilityManagerVA found at VA: 00007FFAB1C17730
[Info   :  SHCDE-SE] [T1-14:22:56.532] [GameGlobalsManager] [FindGameGlobals] gMapRulesInfo_AllowedTradingGoodsRVA found: 00000000037EDB58
[Info   :  SHCDE-SE] [T1-14:22:56.532] [GameGlobalsManager] [FindGameGlobals] gMapRulesInfo_AllowedEuroUnitsVA found at VA: 00007FFAB213DEFC
[Info   :  SHCDE-SE] [T1-14:22:56.532] [GameGlobalsManager] [FindGameGlobals] gMapRulesInfo_AllowedArabUnitsVA found at VA: 00007FFAB213FA7C
[Info   :  SHCDE-SE] [T1-14:22:56.532] [Unknown] gMapRulesInfo_AllowedBedouinUnitsVA found at VA: 00007FFAB21EA0F8
[Info   :  SHCDE-SE] [T1-14:22:56.532] [Unknown] gCurrentSkirmishGameModeVA found at VA: 00007FFAB1FB9040
[Info   :  SHCDE-SE] [T1-14:22:56.532] [Unknown] gCurrentTrailTypeVA found at VA: 00007FFAB1FB9048
[Info   :  SHCDE-SE] [T1-14:22:56.532] [Unknown] gCurrentGameSkirmishModeVA found at VA: 00007FFAB713CA04
[Info   :  SHCDE-SE] [T1-14:22:56.532] [Unknown] gCurrentGameTypeModeVA found at VA: 00007FFAB1FB5F28
[Info   :  SHCDE-SE] [T1-14:22:56.532] [Unknown] gAIAdvantage found at VA: 00007FFAB713CAD0
[Info   :  SHCDE-SE] [T1-14:22:56.532] [Unknown] gCoopTrailIdVA found at VA: 00007FFAB1FBA090
[Info   :  SHCDE-SE] [T1-14:22:56.532] [Unknown] gCoopMissionIdVA found at VA: 00007FFAB1FBA094
[Info   :  SHCDE-SE] [T1-14:22:56.532] [GameGlobalsManager] [FindGameGlobals] gMapRulesInfo_AllowedProductionGoodsVA found at VA: 00007FFAB1FB6030
[Info   :  SHCDE-SE] [T1-14:22:56.532] [Unknown] gGameCursorManagerVA found at VA: 00007FFAB2361DC0
[Info   :  SHCDE-SE] [T1-14:22:56.532] [GameGlobalsManager] [FindGameGlobals] gFriendlyWallToEnemyWallProximityDistAllowance found at VA: 00007FFAAE9CA77C
[Info   :  SHCDE-SE] [T1-14:22:56.532] [GameGlobalsManager] [FindGameGlobals] gFriendlyWallToEnemyWallProximityDistAllowance: 7
[Info   :  SHCDE-SE] [T1-14:22:56.532] [GameGlobalsManager] [FindGameGlobals] gCurrentMapSize found at VA: 00007FFAB49FD594
[Info   :  SHCDE-SE] [T1-14:22:56.532] [GameGlobalsManager] [FindGameGlobals] gPlayerKeepIsEnclosedVA found at VA: 00007FFAAEC8936C
[Info   :  SHCDE-SE] [T1-14:22:56.532] [GameGlobalsManager] [FindGameGlobals] gPlayerExtremePowersEnabledVA found at VA: 00007FFAB213F968
[Info   :  SHCDE-SE] [T1-14:22:56.532] [GameGlobalsManager] [FindGameGlobals] gSoundManagerVA found at VA: 00007FFAB72372D0
[Info   :  SHCDE-SE] [T1-14:22:56.532] [GameGlobalsManager] [FindGameGlobals] gProjectilesManagerVA found at VA: 00007FFAB18CA680
[Info   :  SHCDE-SE] [T1-14:22:56.533] [GameGlobalsManager] [FindGameGlobals] gUnitEUGoldCostTableRVA found at RVA: 0000000000311C98
[Info   :  SHCDE-SE] [T1-14:22:56.533] [GameGlobalsManager] [FindGameGlobals] gUnitEUGoodTypeCostsTableRVA found at RVA: 00000000003219F0
[Info   :  SHCDE-SE] [T1-14:22:56.533] [GameGlobalsManager] [FindGameGlobals] gTreeProximityAreaLevelTableRVA found at RVA: 00000000002D1C38
[Info   :  SHCDE-SE] [T1-14:22:56.534] [GameGlobalsManager] [FindGameGlobals] gDateTimeCurrentYearRVA: 000000000018129C
[Info   :  SHCDE-SE] [T1-14:22:56.534] [GameGlobalsManager] [FindGameGlobals] gBedouinDemolisherShieldHealth: 40000
[Info   :  SHCDE-SE] [T1-14:22:56.534] [GameGlobalsManager] [FindGameGlobals] gCatapultRestockStoneCost: 10
[Info   :  SHCDE-SE] [T1-14:22:56.534] [GameGlobalsManager] [FindGameGlobals] gCatapultRestockStoneAmount: 20
[Info   :  SHCDE-SE] [T1-14:22:56.535] [GameGlobalsManager] [FindGameGlobals] gCatapultInitialStoneAmount: 20
[Info   :  SHCDE-SE] [T1-14:22:56.535] [GameGlobalsManager] [FindGameGlobals] gAssassinDetectionRange: 160
[Info   :  SHCDE-SE] [T1-14:22:56.535] [GameGlobalsManager] [FindGameGlobals] gAssassinTransparencyThreshold: 120
[Info   :  SHCDE-SE] [T1-14:22:56.535] [GameGlobalsManager] [FindGameGlobals] gAIMaxOxTethers: 10
[Info   :  SHCDE-SE] [T1-14:22:56.535] [GameGlobalsManager] [FindGameGlobals] gAIStoneToOxenRatio: 20
[Info   :  SHCDE-SE] [T1-14:22:56.535] [GameGlobalsManager] [FindGameGlobals] gAIHighGoldThresholdForSiege: 10000
[Info   :  SHCDE-SE] [T1-14:22:56.535] [GameGlobalsManager] [FindGameGlobals] gAIGoldThresholdForHarassmentSiegeEngines: 500
[Info   :  SHCDE-SE] [T1-14:22:56.535] [GameGlobalsManager] [FindGameGlobals] gKnightRunSpeedBonus found at VA: 00007FFAAEA996B5
[Info   :  SHCDE-SE] [T1-14:22:56.535] [GameGlobalsManager] [FindGameGlobals] gArabHorsemanRunSpeedBonus found at VA: 00007FFAAEABE7E1
[Info   :  SHCDE-SE] [T1-14:22:56.535] [GameGlobalsManager] [FindGameGlobals] gBedouinCamelLancerRunSpeedBonus found at VA: 00007FFAAEAC34B1
[Info   :  SHCDE-SE] [T1-14:22:56.535] [GameGlobalsManager] [FindGameGlobals] gBedouinHeavyCamelRunSpeedBonus found at VA: 00007FFAAEACA8A4
[Info   :  SHCDE-SE] [T1-14:22:56.535] [GameGlobalsManager] [FindGameGlobals] gCurrentContextMapperValueVA found at VA: 00007FFAB49FD45C
[Info   :  SHCDE-SE] [T1-14:22:56.535] [GameGlobalsManager] [FindGameGlobals] gCurrentContextUnitValueVA found at VA: 00007FFAAF2802C4
[Info   :  SHCDE-SE] [T1-14:22:56.535] [GameGlobalsManager] [FindGameGlobals] gCurrentContextBuildingValueVA found at VA: 00007FFAAF249BE4
[Info   :  SHCDE-SE] [T1-14:22:56.535] [GameGlobalsManager] [FindGameGlobals] gBuildingRepairProximityCheckRange found at VA: 00007FFAAEA251D2
[Info   :  SHCDE-SE] [T1-14:22:56.535] [GameGlobalsManager] [FindGameGlobals] gBuildingRepairProximityCheckExRange found at VA: 00007FFAAEA251CD
[Info   :  SHCDE-SE] [T1-14:22:56.535] [GameGlobalsManager] [FindGameGlobals] ChoreManager found at VA: 00007FFAB6EC4320
[Info   :  SHCDE-SE] [T1-14:22:56.535] [GameGlobalsManager] [FindGameGlobals] ChoreSendPhase found at VA: 00007FFAB6F48FEC
[Info   :  SHCDE-SE] [T1-14:22:56.535] [GameGlobalsManager] [FindGameGlobals] MessageManager found at VA: 00007FFAB04B2EE0
[Info   :  SHCDE-SE] [T1-14:22:56.535] [GameGlobalsManager] [FindGameGlobals] EngineMemoryLastCallDescriptorVA found at VA: 00007FFAB49FD648
[Info   :  SHCDE-SE] [T1-14:22:56.536] [GameGlobalsManager] [FindGameGlobals] PathfindingProfilesUnitTableRVA found at RVA: 0000000000322540
[Info   :  SHCDE-SE] [T1-14:22:56.536] [GameGlobalsManager] [FindGameGlobals] PathfindingConnectionClassesUnitTableVA found at VA: 00007FFAAEC7BDB0
[Info   :  SHCDE-SE] [T1-14:22:56.536] [GameGlobalsManager] [FindGameGlobals] TilePCLTableRVA found at RVA: 00000000050EC690
[Info   :  SHCDE-SE] [T1-14:22:56.536] [GameGlobalsManager] [FindGameGlobals] gNoKnockdownWalls found at VA: 00007FFAB213D4C4
[Info   :  SHCDE-SE] [T1-14:22:56.536] [GameGlobalsManager] [FindGameGlobals] gGlobalImprovedSiegingBehaviourVA found at VA: 00007FFAB1FB5FB8
[Info   :  SHCDE-SE] [T1-14:22:56.536] [GameGlobalsManager] [FindGameGlobals] gGlobalMoreAggressiveAISiegingBehaviourVA found at VA: 00007FFAB1FB5FBC
[Info   :  SHCDE-SE] [T1-14:22:56.536] [GameGlobalsManager] [FindGameGlobals] gGlobalAdvancedOptions found at VA: 00007FFAB713E2F0
[Info   :  SHCDE-SE] [T1-14:22:56.536] [GameGlobalsManager] [FindGameGlobals] gStablesHorseRegenTickTarget: 550
[Info   :  SHCDE-SE] [T1-14:22:56.536] [GameGlobalsManager] [FindGameGlobals] gStablesHorsesCap: 4
[Info   :  SHCDE-SE] [T1-14:22:56.537] [GameGlobalsManager] [FindGameGlobals] gDiseaseDamage1: 150
[Info   :  SHCDE-SE] [T1-14:22:56.537] [GameGlobalsManager] [FindGameGlobals] gDiseaseDamage2: 200
[Info   :  SHCDE-SE] [T1-14:22:56.537] [GameGlobalsManager] [FindGameGlobals] gDiseaseDamage3: 400
[Info   :  SHCDE-SE] [T1-14:22:56.537] [GameGlobalsManager] [FindGameGlobals] gGlobalIdsUsedVA found at VA: 00007FFAB1FB5F84
[Info   :  SHCDE-SE] [T1-14:22:56.537] [GameGlobalsManager] [FindGameGlobals] AIResourceSellCategoryTableVA found at VA: 00007FFAAEC1EC94
[Info   :  SHCDE-SE] [T1-14:22:56.537] [GameGlobalsManager] [FindGameGlobals] AIResourceSellCategoryTableEndVA found at VA: 00007FFAAEC1ED34
[Info   :  SHCDE-SE] [T1-14:22:56.537] [GameGlobalsManager] [FindGameGlobals] gDefaultTradePriceTable found at VA: 0000000000310EB0
[Info   :  SHCDE-SE] [T1-14:22:56.537] [GameGlobalsManager] [FindGameGlobals] gRabbitDespawnTickTime: 32
[Info   :  SHCDE-SE] [T1-14:22:56.537] [GameGlobalsManager] [FindGameGlobals] gCurrentContextUnitIdVA found at VA: 00007FFAAF2802C4
[Info   :  SHCDE-SE] [T1-14:22:56.537] [GameGlobalsManager] [FindGameGlobals] gCampPeasantsCap: 24
[Info   :  SHCDE-SE] [T1-14:22:56.537] [GameGlobalsManager] [FindGameGlobals] gAIVBuildDelayGoldCeiling: 5000
[Info   :  SHCDE-SE] [T1-14:22:56.537] [GameGlobalsManager] [FindGameGlobals] gAIVAcceleratedBuildGoldThreshold: 16000
[Info   :  SHCDE-SE] [T1-14:22:56.537] [GameGlobalsManager] [FindGameGlobals] gAIMinimumAttackerGoldForPositiveAttackVariance : 1000
[Info   :  SHCDE-SE] [T1-14:22:56.537] [GameGlobalsManager] [FindGameGlobals] gAIAttackerGoldThresholdForDoubledAttackVariance : 5000
[Info   :  SHCDE-SE] [T1-14:22:56.537] [GameGlobalsManager] [FindGameGlobals] gAITargetGoldThresholdForNegativeAttackModifier : 500
[Info   :  SHCDE-SE] [T1-14:22:56.537] [GameGlobalsManager] [FindGameGlobals] gPathfindingMaxTilesConstraint: 2000
[Info   :  SHCDE-SE] [T1-14:22:56.538] [GameVegetationManagerAPI] [.ctor] _vegetationManager: 00007FFAB1C2E440
[Info   :  SHCDE-SE] [T1-14:22:56.538] [GameVegetationManagerAPI] [.ctor] _vegArray: 00007FFAB1C2E458
[Info   :  SHCDE-SE] [T1-14:22:56.538] [GameVegetationManagerAPI] [.ctor] _treeGrowthStageTable: 00007FFAAEC6E224
[Info   :  SHCDE-SE] [T1-14:22:56.538] [GameVegetationManagerAPI] [.ctor] _treeAreaProximityLevelTable: 00007FFAAEC21C38
[Info   :  SHCDE-SE] [T1-14:22:56.538] [GameGlobalsManager] [FindGameGlobals] Tree Growth of Oak Stage0: 24
[Info   :  SHCDE-SE] [T1-14:22:56.539] [GamePlayerManagerAPI] [.ctor] _playerManager: 00007FFAB1FBC210
[Info   :  SHCDE-SE] [T1-14:22:56.539] [GamePlayerManagerAPI] [.ctor] _playerResources: 00007FFAB20F060C
[Info   :  SHCDE-SE] [T1-14:22:56.539] [GamePlayerManagerAPI] [.ctor] _defaultSkirmishGold: 00007FFAAEC24D90
[Info   :  SHCDE-SE] [T1-14:22:56.539] [GamePlayerManagerAPI] [.ctor] _defaultSkirmishResources: 00007FFAAEC24E40
[Info   :  SHCDE-SE] [T1-14:22:56.539] [GamePlayerManagerAPI] [.ctor] _defaultSkirmishSettingsTable: 00007FFAB1DF9F70
[Info   :  SHCDE-SE] [T1-14:22:56.539] [GamePlayerManagerAPI] [.ctor] _peasantSpawnRateIncrementsHighPop: 00007FFAAEC61D90
[Info   :  SHCDE-SE] [T1-14:22:56.539] [GamePlayerManagerAPI] [.ctor] _peasantSpawnRateIncrementsLowPop: 00007FFAAEC61DF0
[Info   :  SHCDE-SE] [T1-14:22:56.539] [GamePlayerManagerAPI] [.ctor] _peasantSpawnRateIncrementsDefault: 00007FFAAEC61E50
[Info   :  SHCDE-SE] [T1-14:22:56.539] [GamePlayerManagerAPI] [.ctor] CursorManager: 00007FFAB2361DC0
[Info   :  SHCDE-SE] [T1-14:22:56.539] [GamePlayerManagerAPI] [.ctor] _activePlayerList: 00007FFAB6EC4BCC
[Info   :  SHCDE-SE] [T1-14:22:56.539] [GamePlayerManagerAPI] [.ctor] _aiLineUp: 00007FFAB6EC4C44
[Info   :  SHCDE-SE] [T1-14:22:56.539] [GamePlayerManagerAPI] [.ctor] _teamList: 00007FFAB213DF3C
[Info   :  SHCDE-SE] [T1-14:22:56.539] [GamePlayerManagerAPI] [.ctor] _localPause: 00007FFAB1FBA0F8
[Info   :  SHCDE-SE] [T1-14:22:56.539] [GamePlayerManagerAPI] [.ctor] _currentMapName: 00007FFAB1FB7FE0
[Info   :  SHCDE-SE] [T1-14:22:56.539] [GamePlayerManagerAPI] [.ctor] _currentMapNameLength: 00007FFAB1FB81D4
[Info   :  SHCDE-SE] [T1-14:22:56.539] [GamePlayerManagerAPI] [.ctor] _isInMapEditor: 00007FFAB6EC4B98
[Info   :  SHCDE-SE] [T1-14:22:56.539] [GamePlayerManagerAPI] [.ctor] _mapRulesManager: 00007FFAB1C17730
[Info   :  SHCDE-SE] [T1-14:22:56.539] [GamePlayerManagerAPI] [.ctor] _allowedTradingGoods: 00007FFAB213DB58
[Info   :  SHCDE-SE] [T1-14:22:56.540] [GamePlayerManagerAPI] [.ctor] _cursorManager: 00007FFAB2361DC0
[Info   :  SHCDE-SE] [T1-14:22:56.540] [GamePlayerManagerAPI] [.ctor] _noKnockdownWalls: 00007FFAB213D4C4
[Info   :  SHCDE-SE] [T1-14:22:56.540] [GamePlayerManagerAPI] [.ctor] _globalImprovedSiegeBehaviour: 00007FFAB1FB5FB8
[Info   :  SHCDE-SE] [T1-14:22:56.540] [GamePlayerManagerAPI] [.ctor] _globalMoreAggressiveSiegeBehaviour: 00007FFAB1FB5FBC
[Info   :  SHCDE-SE] [T1-14:22:56.540] [GamePlayerManagerAPI] [.ctor] _choreManagerOptionsInternal: 00007FFAB6EC4320
[Info   :  SHCDE-SE] [T1-14:22:56.540] [GameGlobalsManager] [FindGameGlobals] Default Wood for Skirmish: 100
[Info   :  SHCDE-SE] [T1-14:22:56.543] [GameUnitManagerAPI] [.ctor] _gameManager: 00007FFAB5138400
[Info   :  SHCDE-SE] [T1-14:22:56.543] [GameUnitManagerAPI] [.ctor] _unitArray: 00007FFAB5138EEC
[Info   :  SHCDE-SE] [T1-14:22:56.543] [GameUnitManagerAPI] [.ctor] _meleeEunuchAOEDamageArray: 00007FFAAEC72F50
[Info   :  SHCDE-SE] [T1-14:22:56.543] [GameUnitManagerAPI] [.ctor] _rangedArrowDamageArray: 00007FFAAEC72990
[Info   :  SHCDE-SE] [T1-14:22:56.543] [GameUnitManagerAPI] [.ctor] _rangedBoltDamageArray: 00007FFAAEC72C70
[Info   :  SHCDE-SE] [T1-14:22:56.543] [GameUnitManagerAPI] [.ctor] _rangedSlingerDamageArray: 00007FFAAEC72B00
[Info   :  SHCDE-SE] [T1-14:22:56.543] [GameUnitManagerAPI] [.ctor] _rangedJavelinDamageArray: 00007FFAAEC72DE0
[Info   :  SHCDE-SE] [T1-14:22:56.543] [GameUnitManagerAPI] [.ctor] _healthDefaultsArray: 00007FFAAEC72820
[Info   :  SHCDE-SE] [T1-14:22:56.543] [GameUnitManagerAPI] [.ctor] _speedDefaultsArray: 00007FFAAEC730C0
[Info   :  SHCDE-SE] [T1-14:22:56.543] [GameUnitManagerAPI] [.ctor] _localPlayerArmyCountsArray: 00007FFAAF3E86A0
[Info   :  SHCDE-SE] [T1-14:22:56.543] [GameUnitManagerAPI] [.ctor] _euUnitsGoldCostsArray: 00007FFAAEC61C98
[Info   :  SHCDE-SE] [T1-14:22:56.543] [GameUnitManagerAPI] [.ctor] _euUnitsGoodTypeCostArray: 00007FFAAEC719F0
[Info   :  SHCDE-SE] [T1-14:22:56.543] [GameUnitManagerAPI] [.ctor] SizeOf(GameUnitManager)=2796, SizeOf(GameUnit)=1168
[Info   :  SHCDE-SE] [T1-14:22:56.543] [GameGlobalsManager] [FindGameGlobals] Knight Damage: 50
[Info   :  SHCDE-SE] [T1-14:22:56.543] [GameGlobalsManager] [FindGameGlobals] Knight Health: 20000
[Info   :  SHCDE-SE] [T1-14:22:56.543] [GameGlobalsManager] [FindGameGlobals] Knight Speed: 1
[Info   :  SHCDE-SE] [T1-14:22:56.547] [GameBuildingManagerAPI] [.ctor] _buildingManager: 00007FFAB4E1CBB0
[Info   :  SHCDE-SE] [T1-14:22:56.547] [GameBuildingManagerAPI] [.ctor] _buildingArray: 00007FFAB4E1CF38
[Info   :  SHCDE-SE] [T1-14:22:56.547] [GameBuildingManagerAPI] [.ctor] _buildingDefaultCostsArray: 00007FFAAEC2E244
[Info   :  SHCDE-SE] [T1-14:22:56.547] [GameBuildingManagerAPI] [.ctor] _buildingDefaultCostsArrayEnd: 00007FFAAEC2EADC
[Info   :  SHCDE-SE] [T1-14:22:56.547] [GameBuildingManagerAPI] [.ctor] _buildingStoneCostsArray: 00007FFAB5135B90
[Info   :  SHCDE-SE] [T1-14:22:56.547] [GameBuildingManagerAPI] [.ctor] _buildingRawPitchCostsArray: 00007FFAB5135B98
[Info   :  SHCDE-SE] [T1-14:22:56.547] [GameBuildingManagerAPI] [.ctor] _buildingGoldCostsArray: 00007FFAB5135B9C
[Info   :  SHCDE-SE] [T1-14:22:56.547] [GameBuildingManagerAPI] [.ctor] _buildingWoodCostsArray: 00007FFAB5135B8C
[Info   :  SHCDE-SE] [T1-14:22:56.547] [GameBuildingManagerAPI] [.ctor] _buildingIronIngotsCostsArray: 00007FFAB5135B94
[Info   :  SHCDE-SE] [T1-14:22:56.547] [GameBuildingManagerAPI] [.ctor] _buildingTypeAccessTileConnectivityBypassArray: 00007FFAAEC34FE0
[Info   :  SHCDE-SE] [T1-14:22:56.547] [GameGlobalsManager] [FindGameGlobals] NULL DEFAULT Wood Cost: Wood=0, Stone=0, Iron=0, Pitch=0, Gold=0
[Info   :  SHCDE-SE] [T1-14:22:56.547] [GameGlobalsManager] [FindGameGlobals] HOVEL DEFAULT Wood Cost: Wood=6, Stone=0, Iron=0, Pitch=0, Gold=0
[Info   :  SHCDE-SE] [T1-14:22:56.547] [GameGlobalsManager] [FindGameGlobals] Woodcutters Hut DEFAULT Wood Cost: Wood=3, Stone=0, Iron=0, Pitch=0, Gold=0
[Info   :  SHCDE-SE] [T1-14:22:56.547] [GameGlobalsManager] [FindGameGlobals] Lion->Spearman Damage: 100
[Info   :  SHCDE-SE] [T1-14:22:56.550] [BulkMonoDetours] [.ctor] Applying, region=00007FFAFE330000, size=0000000000A54000
[Warning:  SHCDE-SE] [T1-14:22:56.551] [BulkMonoDetours] [.ctor] NUKING 1MB VALUE TYPE SIZE LIMIT FROM ORBIT
[Info   :  SHCDE-SE] [T1-14:22:56.562] [BulkTribeDetours] [.ctor] Applying
[Info   :  SHCDE-SE] [T1-14:22:56.567] [BulkUnitDetours] [.ctor] Applying
[Info   :  SHCDE-SE] [T1-14:22:56.568] [BulkUnitDetours] [.ctor] c_game_unit_hunter_query_for_target found at 00007FFAAEADAF50
[Info   :  SHCDE-SE] [T1-14:22:56.568] [BulkUnitDetours] [.ctor] Anchor point found: 00007FFAAEADAFE6
[Info   :  SHCDE-SE] [T1-14:22:56.569] [BulkBuildingDetours] [.ctor] Applying
[Info   :  SHCDE-SE] [T1-14:22:56.571] [BulkVegetationDetours] [.ctor] Applying
[Info   :  SHCDE-SE] [T1-14:22:56.572] [BulkMapLoaderDetours] [.ctor] Applying
[Info   :  SHCDE-SE] [T1-14:22:56.572] [BulkMapLoaderDetours] [.ctor] c_game_save_file_write found at 00007FFAAEB2DB94
[Info   :  SHCDE-SE] [T1-14:22:56.572] [BulkProjectileDetours] [.ctor] Applying
[Info   :  SHCDE-SE] [T1-14:22:56.573] [BulkPlayerDetours] [.ctor] Applying
[Info   :  SHCDE-SE] [T1-14:22:56.574] [BulkSoundDetours] [.ctor] Applying
[Info   :  SHCDE-SE] [T1-14:22:56.574] [BulkTileDetours] [.ctor] Applying
[Info   :  SHCDE-SE] [T1-14:22:56.574] [BulkTimeDetours] [.ctor] Applying
[Info   :  SHCDE-SE] [T1-14:22:56.575] [BulkMapEditorDetours] [.ctor] Applying
[Info   :  SHCDE-SE] [T1-14:22:56.575] [BulkMapEditorDetours] [.ctor] c_game_tile_refresh_visual found at 00007FFAAEA33B90
[Info   :  SHCDE-SE] [T1-14:22:56.576] [BulkAIDetours] [.ctor] Applying
[Info   :  SHCDE-SE] [T1-14:22:56.576] [BulkChoreDetours] [.ctor] Applying
[Info   :  SHCDE-SE] [T1-14:22:56.577] [BulkPathingDetours] [.ctor] Applying
[Info   :  SHCDE-SE] [T1-14:22:56.577] [BulkEngineDetours] [.ctor] Applying
[Info   :  SHCDE-SE] [T1-14:22:56.577] [BulkVEHDetours] [.ctor] Applying
[Info   :  SHCDE-SE] [T1-14:22:56.582] [HookTransaction[ApplyNative]] Loaded 161 of 161 AOB results from cache.
[Info   :  SHCDE-SE] [T1-14:22:56.595] [Detour:c_game_unit_assign_tribe_hook] ["c_game_unit_assign_tribe_hook"] prepared at 0x00007FFAAEA6D370 using Indirect: 6 bytes displaced, trampoline 0x00007FFA3EA70000.
[Info   :  SHCDE-SE] [T1-14:22:56.596] [Detour:c_game_create_new_tribe_hook] ["c_game_create_new_tribe_hook"] prepared at 0x00007FFAAEA69C00 using Indirect: 10 bytes displaced, trampoline 0x00007FFA3EA70040.
[Info   :  SHCDE-SE] [T1-14:22:56.596] [Detour:c_game_tribe_issueorder_movehere_hook] ["c_game_tribe_issueorder_movehere_hook"] prepared at 0x00007FFAAEA6B520 using Indirect: 9 bytes displaced, trampoline 0x00007FFA3EA70080.
[Info   :  SHCDE-SE] [T1-14:22:56.596] [Detour:c_game_tribe_issueorder_withtarget_hook] ["c_game_tribe_issueorder_withtarget_hook"] prepared at 0x00007FFAAEA6E960 using Indirect: 10 bytes displaced, trampoline 0x00007FFA3EA700C0.
[Info   :  SHCDE-SE] [T1-14:22:56.597] [Detour:c_game_tribe_delete] ["c_game_tribe_delete"] prepared at 0x00007FFAAEA68C70 using Indirect: 7 bytes displaced, trampoline 0x00007FFA3EA70100.
[Info   :  SHCDE-SE] [T1-14:22:56.597] [Detour:c_game_spawn_unit_group_eu_and_arab] ["c_game_spawn_unit_group_eu_and_arab"] prepared at 0x00007FFAAEA67D20 using Indirect: 10 bytes displaced, trampoline 0x00007FFA3EA70140.
[Info   :  SHCDE-SE] [T1-14:22:56.597] [Detour:c_game_tribe_remove_unit] ["c_game_tribe_remove_unit"] prepared at 0x00007FFAAEA73EA0 using Indirect: 10 bytes displaced, trampoline 0x00007FFA3EA80000.
[Info   :  SHCDE-SE] [T1-14:22:56.604] [X64InlineHook] ["c_game_tribe_get_next_waypoint"] compiled stub at 0x00007FFA3EA80040, size: 183 bytes (target: 0x00007FFAAEA6ACE6).
[Info   :  SHCDE-SE] [T1-14:22:56.605] [Detour:c_game_unit_takedamage_melee_hook] ["c_game_unit_takedamage_melee_hook"] prepared at 0x00007FFAAEAE9110 using Indirect: 6 bytes displaced, trampoline 0x00007FFA3EAF0000.
[Info   :  SHCDE-SE] [T1-14:22:56.605] [Detour:c_game_unit_takedamage_projectile_hook] ["c_game_unit_takedamage_projectile_hook"] prepared at 0x00007FFAAEAE2750 using Indirect: 10 bytes displaced, trampoline 0x00007FFA3EAF0040.
[Info   :  SHCDE-SE] [T1-14:22:56.605] [Detour:c_game_unit_spawn_ex_hook] ["c_game_unit_spawn_ex_hook"] prepared at 0x00007FFAAEACFEF0 using Indirect: 8 bytes displaced, trampoline 0x00007FFA3EAF0080.
[Info   :  SHCDE-SE] [T1-14:22:56.606] [Detour:c_game_unit_handle_movement_hook] ["c_game_unit_handle_movement_hook"] prepared at 0x00007FFAAEAD0230 using Indirect: 10 bytes displaced, trampoline 0x00007FFA3EAF00C0.
[Info   :  SHCDE-SE] [T1-14:22:56.606] [Detour:c_game_unit_delete_hook] ["c_game_unit_delete_hook"] prepared at 0x00007FFAAEAD69C0 using Indirect: 10 bytes displaced, trampoline 0x00007FFA3EAF0100.
[Info   :  SHCDE-SE] [T1-14:22:56.606] [Detour:c_game_unit_issueorder_movehere_hook] ["c_game_unit_issueorder_movehere_hook"] prepared at 0x00007FFAAEAE6280 using Indirect: 6 bytes displaced, trampoline 0x00007FFA3EAF0140.
[Info   :  SHCDE-SE] [T1-14:22:56.606] [Detour:c_game_unit_calculate_worker_good_yield_hook] ["c_game_unit_calculate_worker_good_yield_hook"] prepared at 0x00007FFAAEADD940 using Indirect: 10 bytes displaced, trampoline 0x00007FFA3EAF0180.
[Info   :  SHCDE-SE] [T1-14:22:56.606] [Detour:c_game_dll_troopselection_hook] ["c_game_dll_troopselection_hook"] prepared at 0x00007FFAAE9D79A0 using Indirect: 10 bytes displaced, trampoline 0x00007FFA3EAF01C0.
[Info   :  SHCDE-SE] [T1-14:22:56.607] [X64InlineHook] ["c_game_unit_killed_by_projectile_hook"] compiled stub at 0x00007FFA3EAF0200, size: 271 bytes (target: 0x00007FFAAEAE3363).
[Info   :  SHCDE-SE] [T1-14:22:56.607] [X64InlineHook] ["c_game_unit_killed_by_melee_hook"] compiled stub at 0x00007FFA3EAF0580, size: 273 bytes (target: 0x00007FFAAEAE9444).
[Info   :  SHCDE-SE] [T1-14:22:56.607] [X64InlineHook] ["c_game_unit_damaged_by_projectile_hook"] compiled stub at 0x00007FFA3EAF0900, size: 179 bytes (target: 0x00007FFAAEAE307E).
[Info   :  SHCDE-SE] [T1-14:22:56.607] [X64InlineHook] ["c_game_player_buy_mercenary_hook"] compiled stub at 0x00007FFA3EAF0B50, size: 176 bytes (target: 0x00007FFAAEAD1B6E).
[Info   :  SHCDE-SE] [T1-14:22:56.608] [X64InlineHook] ["c_game_unit_take_fire_damage"] compiled stub at 0x00007FFA3EAF0D90, size: 270 bytes (target: 0x00007FFAAEAE24B0).
[Info   :  SHCDE-SE] [T1-14:22:56.608] [X64InlineHook] ["c_game_unit_bedouin_healer_heal_hook"] compiled stub at 0x00007FFA3EAF1140, size: 162 bytes (target: 0x00007FFAAEAC491A).
[Info   :  SHCDE-SE] [T1-14:22:56.608] [X64InlineHook] ["c_game_unit_woodcutter_update_pickup_planks_hook"] compiled stub at 0x00007FFA3EAF1360, size: 271 bytes (target: 0x00007FFAAEA7C8D6).
[Info   :  SHCDE-SE] [T1-14:22:56.609] [X64InlineHook] ["c_game_unit_woodcutter_update_dropoff_planks_hook"] compiled stub at 0x00007FFA3EAF16E0, size: 271 bytes (target: 0x00007FFAAEA7CA3B).
[Info   :  SHCDE-SE] [T1-14:22:56.609] [X64InlineHook] ["c_game_unit_farmer_cattle_update_pickup_cheese_hook"] compiled stub at 0x00007FFA3EAF1A60, size: 271 bytes (target: 0x00007FFAAEA87255).
[Info   :  SHCDE-SE] [T1-14:22:56.609] [X64InlineHook] ["c_game_unit_farmer_cattle_update_dropoff_cheese_hook"] compiled stub at 0x00007FFA3EAF1DE0, size: 271 bytes (target: 0x00007FFAAEA873D6).
[Info   :  SHCDE-SE] [T1-14:22:56.609] [X64InlineHook] ["c_game_unit_farmer_apple_update_pickup_apple_hook"] compiled stub at 0x00007FFA3EAF2160, size: 270 bytes (target: 0x00007FFAAEA8640E).
[Info   :  SHCDE-SE] [T1-14:22:56.609] [X64InlineHook] ["c_game_unit_farmer_apple_update_dropoff_apple_hook"] compiled stub at 0x00007FFA3EAF24F0, size: 269 bytes (target: 0x00007FFAAEA86901).
[Info   :  SHCDE-SE] [T1-14:22:56.609] [X64InlineHook] ["c_game_unit_farmer_hemp_update_pickup_hemp_hook"] compiled stub at 0x00007FFA3EAF2870, size: 277 bytes (target: 0x00007FFAAEA85846).
[Info   :  SHCDE-SE] [T1-14:22:56.609] [X64InlineHook] ["c_game_unit_farmer_hemp_update_dropoff_hemp_hook"] compiled stub at 0x00007FFA3EAF2C00, size: 271 bytes (target: 0x00007FFAAEA859AF).
[Info   :  SHCDE-SE] [T1-14:22:56.609] [X64InlineHook] ["c_game_unit_baker_update_pickup_flour_hook"] compiled stub at 0x00007FFA3EAF2F80, size: 272 bytes (target: 0x00007FFAAEA88DD1).
[Info   :  SHCDE-SE] [T1-14:22:56.610] [X64InlineHook] ["c_game_unit_baker_update_pickup_bread_hook"] compiled stub at 0x00007FFA3EAF3310, size: 175 bytes (target: 0x00007FFAAEA890C0).
[Info   :  SHCDE-SE] [T1-14:22:56.610] [X64InlineHook] ["c_game_unit_baker_update_dropoff_bread_hook"] compiled stub at 0x00007FFA3EAF3560, size: 269 bytes (target: 0x00007FFAAEA893D3).
[Info   :  SHCDE-SE] [T1-14:22:56.610] [X64InlineHook] ["c_game_unit_farmer_wheat_update_pickup_wheat_hook"] compiled stub at 0x00007FFA3EAF38E0, size: 269 bytes (target: 0x00007FFAAEA848B5).
[Info   :  SHCDE-SE] [T1-14:22:56.610] [X64InlineHook] ["c_game_unit_farmer_wheat_update_dropoff_wheat_hook"] compiled stub at 0x00007FFA3EAF3C70, size: 271 bytes (target: 0x00007FFAAEA84A4C).
[Info   :  SHCDE-SE] [T1-14:22:56.610] [X64InlineHook] ["c_game_unit_miller_update_pickup_wheat_hook"] compiled stub at 0x00007FFA3EAF3FF0, size: 269 bytes (target: 0x00007FFAAEA87CF6).
[Info   :  SHCDE-SE] [T1-14:22:56.610] [X64InlineHook] ["c_game_unit_miller_update_dropoff_flour_hook"] compiled stub at 0x00007FFA3EAF4370, size: 271 bytes (target: 0x00007FFAAEA8824F).
[Info   :  SHCDE-SE] [T1-14:22:56.610] [X64InlineHook] ["c_game_unit_miller_update_pickup_flour_hook"] compiled stub at 0x00007FFA3EAF4700, size: 270 bytes (target: 0x00007FFAAEA88134).
[Info   :  SHCDE-SE] [T1-14:22:56.610] [X64InlineHook] ["c_game_unit_brewer_update_pickup_hemp_hook"] compiled stub at 0x00007FFA3EAF4A80, size: 272 bytes (target: 0x00007FFAAEA89D0D).
[Info   :  SHCDE-SE] [T1-14:22:56.610] [X64InlineHook] ["c_game_unit_brewer_update_dropoff_hemp_hook"] compiled stub at 0x00007FFA3EAF4E10, size: 271 bytes (target: 0x00007FFAAEA89F61).
[Info   :  SHCDE-SE] [T1-14:22:56.610] [X64InlineHook] ["c_game_unit_brewer_update_pickup_ale_hook"] compiled stub at 0x00007FFA3EAF5190, size: 176 bytes (target: 0x00007FFAAEA8A286).
[Info   :  SHCDE-SE] [T1-14:22:56.610] [X64InlineHook] ["c_game_unit_brewer_update_dropoff_ale_hook"] compiled stub at 0x00007FFA3EAF53F0, size: 177 bytes (target: 0x00007FFAAEA8A52B).
[Info   :  SHCDE-SE] [T1-14:22:56.610] [X64InlineHook] ["c_game_unit_brewer_update_produced_ale_hook"] compiled stub at 0x00007FFA3EAF5630, size: 273 bytes (target: 0x00007FFAAEA8A115).
[Info   :  SHCDE-SE] [T1-14:22:56.611] [X64InlineHook] ["c_game_unit_innkeeper_update_pickup_ale_hook"] compiled stub at 0x00007FFA3EAF59C0, size: 271 bytes (target: 0x00007FFAAEAA0931).
[Info   :  SHCDE-SE] [T1-14:22:56.611] [X64InlineHook] ["c_game_unit_innkeeper_update_dropoff_ale_hook"] compiled stub at 0x00007FFA3EAF5D50, size: 273 bytes (target: 0x00007FFAAEAA0B90).
[Info   :  SHCDE-SE] [T1-14:22:56.611] [X64InlineHook] ["c_game_unit_fletcher_update_pickup_wood_hook"] compiled stub at 0x00007FFA3EAF60D0, size: 274 bytes (target: 0x00007FFAAEA7D4E6).
[Info   :  SHCDE-SE] [T1-14:22:56.611] [X64InlineHook] ["c_game_unit_fletcher_update_dropoff_wood_hook"] compiled stub at 0x00007FFA3EAF6460, size: 271 bytes (target: 0x00007FFAAEA7D70B).
[Info   :  SHCDE-SE] [T1-14:22:56.611] [X64InlineHook] ["c_game_unit_fletcher_update_dropoff_produce_hook"] compiled stub at 0x00007FFA3EAF67E0, size: 269 bytes (target: 0x00007FFAAEA7DD2D).
[Info   :  SHCDE-SE] [T1-14:22:56.611] [X64InlineHook] ["c_game_unit_poleturner_update_pickup_wood_hook"] compiled stub at 0x00007FFA3EAF6B60, size: 272 bytes (target: 0x00007FFAAEA8AE95).
[Info   :  SHCDE-SE] [T1-14:22:56.611] [X64InlineHook] ["c_game_unit_poleturner_update_dropoff_wood_hook"] compiled stub at 0x00007FFA3EAF6EF0, size: 271 bytes (target: 0x00007FFAAEA8B0CB).
[Info   :  SHCDE-SE] [T1-14:22:56.611] [X64InlineHook] ["c_game_unit_poleturner_update_dropoff_produce_hook"] compiled stub at 0x00007FFA3EAF7270, size: 275 bytes (target: 0x00007FFAAEA8B6C4).
[Info   :  SHCDE-SE] [T1-14:22:56.611] [X64InlineHook] ["c_game_unit_blacksmith_update_pickup_iron_hook"] compiled stub at 0x00007FFA3EAF7600, size: 271 bytes (target: 0x00007FFAAEA8C07D).
[Info   :  SHCDE-SE] [T1-14:22:56.611] [X64InlineHook] ["c_game_unit_blacksmith_update_dropoff_iron_hook"] compiled stub at 0x00007FFA3EAF7990, size: 271 bytes (target: 0x00007FFAAEA8C2EF).
[Info   :  SHCDE-SE] [T1-14:22:56.611] [X64InlineHook] ["c_game_unit_blacksmith_update_produce_hook"] compiled stub at 0x00007FFA3EAF7D10, size: 276 bytes (target: 0x00007FFAAEA8C52B).
[Info   :  SHCDE-SE] [T1-14:22:56.612] [X64InlineHook] ["c_game_unit_blacksmith_update_dropoff_produce_hook"] compiled stub at 0x00007FFA3EAF80A0, size: 274 bytes (target: 0x00007FFAAEA8C854).
[Info   :  SHCDE-SE] [T1-14:22:56.612] [X64InlineHook] ["c_game_unit_tanner_update_store_cowhides_hook"] compiled stub at 0x00007FFA3EAF8430, size: 274 bytes (target: 0x00007FFAAEA8EA53).
[Info   :  SHCDE-SE] [T1-14:22:56.612] [X64InlineHook] ["c_game_unit_tanner_update_produce_hook"] compiled stub at 0x00007FFA3EAF87B0, size: 273 bytes (target: 0x00007FFAAEA8ECEE).
[Info   :  SHCDE-SE] [T1-14:22:56.612] [X64InlineHook] ["c_game_unit_tanner_update_dropoff_cowhides_hook"] compiled stub at 0x00007FFA3EAF8B40, size: 177 bytes (target: 0x00007FFAAEA8EF88).
[Info   :  SHCDE-SE] [T1-14:22:56.612] [X64InlineHook] ["c_game_unit_armourer_update_pickup_iron_hook"] compiled stub at 0x00007FFA3EAF8D80, size: 271 bytes (target: 0x00007FFAAEA8D1D5).
[Info   :  SHCDE-SE] [T1-14:22:56.612] [X64InlineHook] ["c_game_unit_armourer_update_dropoff_iron_hook"] compiled stub at 0x00007FFA3EAF9110, size: 271 bytes (target: 0x00007FFAAEA8D457).
[Info   :  SHCDE-SE] [T1-14:22:56.612] [X64InlineHook] ["c_game_unit_armourer_update_store_produce_hook"] compiled stub at 0x00007FFA3EAF9490, size: 277 bytes (target: 0x00007FFAAEA8D619).
[Info   :  SHCDE-SE] [T1-14:22:56.612] [X64InlineHook] ["c_game_unit_armourer_update_produce_hook"] compiled stub at 0x00007FFA3EAF9820, size: 274 bytes (target: 0x00007FFAAEA8D6D3).
[Info   :  SHCDE-SE] [T1-14:22:56.612] [X64InlineHook] ["c_game_unit_armourer_update_dropoff_produce_hook"] compiled stub at 0x00007FFA3EAF9BB0, size: 274 bytes (target: 0x00007FFAAEA8DA1E).
[Info   :  SHCDE-SE] [T1-14:22:56.612] [X64InlineHook] ["c_game_unit_armourer_update_pickup_produce_hook"] compiled stub at 0x00007FFA3EAF9F40, size: 274 bytes (target: 0x00007FFAAEA8D72C).
[Info   :  SHCDE-SE] [T1-14:22:56.612] [X64InlineHook] ["c_game_unit_hunter_update_pickup_meat_hook"] compiled stub at 0x00007FFA3EAFA2D0, size: 273 bytes (target: 0x00007FFAAEA7FD7C).
[Info   :  SHCDE-SE] [T1-14:22:56.612] [X64InlineHook] ["c_game_unit_hunter_update_dropoff_meat_hook"] compiled stub at 0x00007FFA3EAFA660, size: 176 bytes (target: 0x00007FFAAEA80B54).
[Info   :  SHCDE-SE] [T1-14:22:56.612] [X64InlineHook] ["c_game_unit_quarry_grunt_update_pickup_stone_hook"] compiled stub at 0x00007FFA3EAFA8A0, size: 183 bytes (target: 0x00007FFAAEA81F28).
[Info   :  SHCDE-SE] [T1-14:22:56.612] [X64InlineHook] ["c_game_unit_quarry_grunt_update_dropoff_stone_hook"] compiled stub at 0x00007FFA3EAFAAF0, size: 275 bytes (target: 0x00007FFAAEA8250E).
[Info   :  SHCDE-SE] [T1-14:22:56.612] [X64InlineHook] ["c_game_unit_quarry_ox_update_depart_hook"] compiled stub at 0x00007FFA3EAFAE80, size: 270 bytes (target: 0x00007FFAAEA82A4C).
[Info   :  SHCDE-SE] [T1-14:22:56.612] [X64InlineHook] ["c_game_unit_quarry_ox_update_dropoff_stone_hook"] compiled stub at 0x00007FFA3EAFB210, size: 269 bytes (target: 0x00007FFAAEA82E57).
[Info   :  SHCDE-SE] [T1-14:22:56.612] [X64InlineHook] ["c_game_unit_miner2_update_pickup_iron_hook"] compiled stub at 0x00007FFA3EAFB590, size: 175 bytes (target: 0x00007FFAAEA9E028).
[Info   :  SHCDE-SE] [T1-14:22:56.612] [X64InlineHook] ["c_game_unit_miner2_update_dropoff_iron_hook"] compiled stub at 0x00007FFA3EAFB7D0, size: 274 bytes (target: 0x00007FFAAEA9DEB3).
[Info   :  SHCDE-SE] [T1-14:22:56.613] [X64InlineHook] ["c_game_unit_pitcher_update_pickup_rawpitch_hook"] compiled stub at 0x00007FFA3EAFBB60, size: 273 bytes (target: 0x00007FFAAEA837A0).
[Info   :  SHCDE-SE] [T1-14:22:56.613] [X64InlineHook] ["c_game_unit_pitcher_update_dropoff_rawpitch_hook"] compiled stub at 0x00007FFA3EAFBEF0, size: 175 bytes (target: 0x00007FFAAEA838EC).
[Info   :  SHCDE-SE] [T1-14:22:56.613] [X64InlineHook] ["c_game_unit_is_over_killingpit_update_hook"] compiled stub at 0x00007FFA3EAFC130, size: 91 bytes (target: 0x00007FFAAEA171C5).
[Info   :  SHCDE-SE] [T1-14:22:56.613] [X64InlineHook] ["c_game_unit_transition_hook1_c_game_player_buy_mercenary"] compiled stub at 0x00007FFA3EAFC300, size: 198 bytes (target: 0x00007FFAAEAD1CE0).
[Info   :  SHCDE-SE] [T1-14:22:56.615] [X64InlineHook] ["c_game_unit_transition_hook2_c_game_player_buy_eu_mercenary"] compiled stub at 0x00007FFA3EAFC590, size: 186 bytes (target: 0x00007FFAAEAE0EBB).
[Info   :  SHCDE-SE] [T1-14:22:56.615] [X64InlineHook] ["c_game_unit_transition_hook3_c_game_building_assign_worker"] compiled stub at 0x00007FFA3EAFC810, size: 187 bytes (target: 0x00007FFAAEAE0C12).
[Info   :  SHCDE-SE] [T1-14:22:56.615] [X64InlineHook] ["c_game_unit_transition_hook4_c_game_unit_disband"] compiled stub at 0x00007FFA3EAFCA90, size: 188 bytes (target: 0x00007FFAAEAD6E7A).
[Info   :  SHCDE-SE] [T1-14:22:56.615] [X64InlineHook] ["c_game_unit_hunter_query_for_target_hook"] compiled stub at 0x00007FFA3EAFCCF0, size: 86 bytes (target: 0x00007FFAAEADAFE6).
[Info   :  SHCDE-SE] [T1-14:22:56.615] [X64InlineHook] ["c_game_unit_control_capability_unknown"] compiled stub at 0x00007FFA3EAFCEB0, size: 190 bytes (target: 0x00007FFAAE9DEA60).
[Info   :  SHCDE-SE] [T1-14:22:56.615] [X64InlineHook] ["c_game_unit_fsm_arabslave_attack_capability_wall"] compiled stub at 0x00007FFA3EAFD120, size: 178 bytes (target: 0x00007FFAAEABA439).
[Info   :  SHCDE-SE] [T1-14:22:56.615] [X64InlineHook] ["c_game_unit_fsm_arabslave_attack_capability_wall2"] compiled stub at 0x00007FFA3EAFD360, size: 106 bytes (target: 0x00007FFAAEABA490).
[Info   :  SHCDE-SE] [T1-14:22:56.616] [X64InlineHook] ["c_game_unit_fsm_arabslave_attack_capability_wall3"] compiled stub at 0x00007FFA3EAFD580, size: 103 bytes (target: 0x00007FFAAEABA4AD).
[Info   :  SHCDE-SE] [T1-14:22:56.616] [Detour:c_game_build_wall_hook] ["c_game_build_wall_hook"] prepared at 0x00007FFAAE9BF230 using Indirect: 10 bytes displaced, trampoline 0x00007FFA3EAFD7C0.
[Info   :  SHCDE-SE] [T1-14:22:56.616] [Detour:c_game_buildingtile_take_melee_damage_hook] ["c_game_buildingtile_take_melee_damage_hook"] prepared at 0x00007FFAAE9CEB00 using Indirect: 10 bytes displaced, trampoline 0x00007FFA3EAFD800.
[Info   :  SHCDE-SE] [T1-14:22:56.616] [Detour:c_game_building_spawn_hook] ["c_game_building_spawn_hook"] prepared at 0x00007FFAAEA047E0 using Indirect: 10 bytes displaced, trampoline 0x00007FFA3EAFD840.
[Info   :  SHCDE-SE] [T1-14:22:56.617] [Detour:c_game_is_player_building_within_range_to_same_type_hook] ["c_game_is_player_building_within_range_to_same_type_hook"] prepared at 0x00007FFAAEA172C0 using Indirect: 10 bytes displaced, trampoline 0x00007FFA3EAFD880.
[Info   :  SHCDE-SE] [T1-14:22:56.617] [Detour:c_game_player_build_structure_hook] ["c_game_player_build_structure_hook"] prepared at 0x00007FFAAE9BD580 using Indirect: 6 bytes displaced, trampoline 0x00007FFA3EAFD8C0.
[Info   :  SHCDE-SE] [T1-14:22:56.617] [Detour:c_game_building_bulldoze_hook] ["c_game_building_bulldoze_hook"] prepared at 0x00007FFAAEA08310 using Indirect: 10 bytes displaced, trampoline 0x00007FFA3EAFD900.
[Info   :  SHCDE-SE] [T1-14:22:56.617] [Detour:c_game_building_delete_hook] ["c_game_building_delete_hook"] prepared at 0x00007FFAAEA14290 using Indirect: 10 bytes displaced, trampoline 0x00007FFA3EAFD940.
[Info   :  SHCDE-SE] [T1-14:22:56.617] [Detour:c_game_add_good_to_goodsyard_hook] ["c_game_add_good_to_goodsyard_hook"] prepared at 0x00007FFAAEA06100 using Indirect: 10 bytes displaced, trampoline 0x00007FFA3EAFD980.
[Info   :  SHCDE-SE] [T1-14:22:56.617] [Detour:c_game_building_set_production_good_hook] ["c_game_building_set_production_good_hook"] prepared at 0x00007FFAAEA25870 using Indirect: 6 bytes displaced, trampoline 0x00007FFA3EAFD9C0.
[Info   :  SHCDE-SE] [T1-14:22:56.618] [Detour:c_game_player_build_placement_validator_hook] ["c_game_player_build_placement_validator_hook"] prepared at 0x00007FFAAE9C7E60 using Indirect: 6 bytes displaced, trampoline 0x00007FFA3EAFDA00.
[Info   :  SHCDE-SE] [T1-14:22:56.618] [Detour:c_game_bulldoze_wall_hook] ["c_game_bulldoze_wall_hook"] prepared at 0x00007FFAAE9B3700 using Indirect: 10 bytes displaced, trampoline 0x00007FFA3EAFDA40.
[Info   :  SHCDE-SE] [T1-14:22:56.618] [Detour:c_game_building_repair_hook] ["c_game_building_repair_hook"] prepared at 0x00007FFAAEA25030 using Indirect: 10 bytes displaced, trampoline 0x00007FFA3EAFDA80.
[Info   :  SHCDE-SE] [T1-14:22:56.618] [Detour:c_game_building_refund_hook] ["c_game_building_refund_hook"] prepared at 0x00007FFAAEA14480 using Indirect: 9 bytes displaced, trampoline 0x00007FFA3EAFDAC0.
[Info   :  SHCDE-SE] [T1-14:22:56.618] [Detour:c_game_allow_repair_for_building_proximity_hook] ["c_game_allow_repair_for_building_proximity_hook"] prepared at 0x00007FFAAEA3E640 using Indirect: 10 bytes displaced, trampoline 0x00007FFA3EAFDB00.
[Info   :  SHCDE-SE] [T1-14:22:56.618] [Detour:c_game_player_build_pitch_ditch_hook] ["c_game_player_build_pitch_ditch_hook"] prepared at 0x00007FFAAE9A9380 using Indirect: 10 bytes displaced, trampoline 0x00007FFA3EAFDB40.
[Info   :  SHCDE-SE] [T1-14:22:56.619] [Detour:c_game_player_remove_pitch_ditch_hook] ["c_game_player_remove_pitch_ditch_hook"] prepared at 0x00007FFAAE9B2EB0 using Indirect: 6 bytes displaced, trampoline 0x00007FFA3EAFDB80.
[Info   :  SHCDE-SE] [T1-14:22:56.619] [Detour:c_game_get_buildable_range_for_skirmish] ["c_game_get_buildable_range_for_skirmish"] prepared at 0x00007FFAAE9BAF00 using Indirect: 6 bytes displaced, trampoline 0x00007FFA3EAFDBC0.
[Info   :  SHCDE-SE] [T1-14:22:56.619] [X64InlineHook] ["c_game_building_keep_spawn_peasant_hook"] compiled stub at 0x00007FFA3EAFDC00, size: 48 bytes (target: 0x00007FFAAEA22E31).
[Info   :  SHCDE-SE] [T1-14:22:56.619] [X64InlineHook] ["c_game_building_granary_spawn_chicken_hook"] compiled stub at 0x00007FFA3EAFDCB0, size: 167 bytes (target: 0x00007FFAAEA22B4C).
[Info   :  SHCDE-SE] [T1-14:22:56.620] [X64InlineHook] ["c_game_building_calculate_wall_cost_hook"] compiled stub at 0x00007FFA3EAFDF00, size: 166 bytes (target: 0x00007FFAAEA18D1C).
[Info   :  SHCDE-SE] [T1-14:22:56.621] [X64InlineHook] ["c_game_building_calculate_wall_cost_placement_hook"] compiled stub at 0x00007FFA3EAFE2A0, size: 205 bytes (target: 0x00007FFAAE9E41AB).
[Info   :  SHCDE-SE] [T1-14:22:56.621] [X64InlineHook] ["c_game_building_take_fire_damage_hook"] compiled stub at 0x00007FFA3EAFE6E0, size: 99 bytes (target: 0x00007FFAAEA16599).
[Info   :  SHCDE-SE] [T1-14:22:56.621] [X64InlineHook] ["c_game_building_toggle_pause_hook"] compiled stub at 0x00007FFA3EAFE8E0, size: 166 bytes (target: 0x00007FFAAEA17F13).
[Info   :  SHCDE-SE] [T1-14:22:56.622] [X64InlineHook] ["c_game_building_refund_intercept_hook"] compiled stub at 0x00007FFA3EAFEB00, size: 201 bytes (target: 0x00007FFAAEA1487A).
[Info   :  SHCDE-SE] [T1-14:22:56.622] [X64InlineHook] ["c_game_building_set_repair_costs_stone_hook"] compiled stub at 0x00007FFA3EAFEDA0, size: 100 bytes (target: 0x00007FFAAEA07031).
[Info   :  SHCDE-SE] [T1-14:22:56.622] [X64InlineHook] ["c_game_building_set_repair_costs_wood_hook"] compiled stub at 0x00007FFA3EAFEFE0, size: 98 bytes (target: 0x00007FFAAEA06FFD).
[Info   :  SHCDE-SE] [T1-14:22:56.622] [X64InlineHook] ["c_game_building_gatehouse_query_hook"] compiled stub at 0x00007FFA3EAFF1F0, size: 81 bytes (target: 0x00007FFAAEA07B4B).
[Info   :  SHCDE-SE] [T1-14:22:56.622] [Detour:c_game_spawn_vegetation] ["c_game_spawn_vegetation"] prepared at 0x00007FFAAEA57390 using Indirect: 6 bytes displaced, trampoline 0x00007FFA3EAFF3E0.
[Info   :  SHCDE-SE] [T1-14:22:56.622] [Detour:c_game_vegetation_delete] ["c_game_vegetation_delete"] prepared at 0x00007FFAAEA57970 using Indirect: 6 bytes displaced, trampoline 0x00007FFA3EAFF420.
[Info   :  SHCDE-SE] [T1-14:22:56.623] [Detour:c_game_vegetation_tree_take_damage] ["c_game_vegetation_tree_take_damage"] prepared at 0x00007FFAAEA57C90 using Indirect: 7 bytes displaced, trampoline 0x00007FFA3EAFF460.
[Info   :  SHCDE-SE] [T1-14:22:56.623] [Detour:c_game_vegetation_subtract_resource] ["c_game_vegetation_subtract_resource"] prepared at 0x00007FFAAEA58E40 using Indirect: 10 bytes displaced, trampoline 0x00007FFA3EAFF4A0.
[Info   :  SHCDE-SE] [T1-14:22:56.623] [Detour:c_game_vegetation_tick_handler] ["c_game_vegetation_tick_handler"] prepared at 0x00007FFAAEA58800 using Indirect: 6 bytes displaced, trampoline 0x00007FFA3EAFF4E0.
[Info   :  SHCDE-SE] [T1-14:22:56.623] [Detour:c_game_vegetation_growth_handler] ["c_game_vegetation_growth_handler"] prepared at 0x00007FFAAEA58320 using Indirect: 6 bytes displaced, trampoline 0x00007FFA3EAFF520.
[Info   :  SHCDE-SE] [T1-14:22:56.623] [X64InlineHook] ["c_game_vegetation_growth_hook"] compiled stub at 0x00007FFA3EAFF560, size: 176 bytes (target: 0x00007FFAAEA58518).
[Info   :  SHCDE-SE] [T1-14:22:56.623] [X64InlineHook] ["c_game_vegetation_tree_fell_hook"] compiled stub at 0x00007FFA3EAFF7B0, size: 165 bytes (target: 0x00007FFAAEA57CC9).
[Info   :  SHCDE-SE] [T1-14:22:56.623] [Detour:c_game_dll_loadmaptoplay_hook] ["c_game_dll_loadmaptoplay_hook"] prepared at 0x00007FFAAE9D4AC0 using Indirect: 7 bytes displaced, trampoline 0x00007FFA3EAFF9D0.
[Info   :  SHCDE-SE] [T1-14:22:56.623] [Detour:c_game_unload_map_hook] ["c_game_unload_map_hook"] prepared at 0x00007FFAAE9ABC70 using Indirect: 10 bytes displaced, trampoline 0x00007FFA3EAFFA10.
[Info   :  SHCDE-SE] [T1-14:22:56.625] [Detour:c_game_start_skirmish_game_handler] ["c_game_start_skirmish_game_handler"] prepared at 0x00007FFAAE9E4350 using Indirect: 7 bytes displaced, trampoline 0x00007FFA3EAFFA50.
[Info   :  SHCDE-SE] [T1-14:22:56.625] [Detour:c_game_start_non_skirmish_game_handler] ["c_game_start_non_skirmish_game_handler"] prepared at 0x00007FFAAE9DAE80 using Indirect: 6 bytes displaced, trampoline 0x00007FFA3EAFFA90.
[Info   :  SHCDE-SE] [T1-14:22:56.625] [Detour:c_game_start_campaign_game_handler] ["c_game_start_campaign_game_handler"] prepared at 0x00007FFAAE9D7C40 using Indirect: 10 bytes displaced, trampoline 0x00007FFA3EAFFAD0.
[Info   :  SHCDE-SE] [T1-14:22:56.625] [Detour:c_game_dll_loadsavegame_hook] ["c_game_dll_loadsavegame_hook"] prepared at 0x00007FFAAE9D53F0 using Indirect: 7 bytes displaced, trampoline 0x00007FFA3EAFFB10.
[Info   :  SHCDE-SE] [T1-14:22:56.625] [Detour:c_game_dll_savesavegame_hook] ["c_game_dll_savesavegame_hook"] prepared at 0x00007FFAAE9D6F80 using Indirect: 6 bytes displaced, trampoline 0x00007FFA3EAFFB50.
[Info   :  SHCDE-SE] [T1-14:22:56.626] [X64InlineHook] ["c_game_save_game_file"] compiled stub at 0x00007FFA3EAFFB90, size: 177 bytes (target: 0x00007FFAAE955A4C).
[Info   :  SHCDE-SE] [T1-14:22:56.626] [Detour:c_game_projectile_spawn_hook] ["c_game_projectile_spawn_hook"] prepared at 0x00007FFAAE9EB2B0 using Indirect: 10 bytes displaced, trampoline 0x00007FFA3EAFFDF0.
[Info   :  SHCDE-SE] [T1-14:22:56.626] [Detour:c_game_projectile_delete_hook] ["c_game_projectile_delete_hook"] prepared at 0x00007FFAAE9EF2D0 using Indirect: 6 bytes displaced, trampoline 0x00007FFA3EAFFE30.
[Info   :  SHCDE-SE] [T1-14:22:56.626] [Detour:c_game_spawn_fire_internal_hook] ["c_game_spawn_fire_internal_hook"] prepared at 0x00007FFAAE9EC120 using Indirect: 6 bytes displaced, trampoline 0x00007FFA3EAFFE70.
[Info   :  SHCDE-SE] [T1-14:22:56.626] [Detour:c_game_player_subtract_resources_hook] ["c_game_player_subtract_resources_hook"] prepared at 0x00007FFAAEA07D80 using Indirect: 9 bytes displaced, trampoline 0x00007FFA3EAFFEB0.
[Info   :  SHCDE-SE] [T1-14:22:56.626] [Detour:c_game_player_add_resources_hook] ["c_game_player_add_resources_hook"] prepared at 0x00007FFAAEA058B0 using Indirect: 9 bytes displaced, trampoline 0x00007FFA3EAFFEF0.
[Info   :  SHCDE-SE] [T1-14:22:56.630] [Detour:c_game_player_market_buy_hook] ["c_game_player_market_buy_hook"] prepared at 0x00007FFAAEA25A00 using Indirect: 10 bytes displaced, trampoline 0x00007FFA3EAFFF30.
[Info   :  SHCDE-SE] [T1-14:22:56.630] [Detour:c_game_player_calculate_drunk_percentage_hook] ["c_game_player_calculate_drunk_percentage_hook"] prepared at 0x00007FFAAEA1EA90 using Indirect: 10 bytes displaced, trampoline 0x00007FFA3EAFFF70.
[Info   :  SHCDE-SE] [T1-14:22:56.630] [Detour:c_game_ai_request_eval_defend_order_hook] ["c_game_ai_request_eval_defend_order_hook"] prepared at 0x00007FFAAE97A500 using Indirect: 7 bytes displaced, trampoline 0x00007FFA3EAFFFB0.
[Info   :  SHCDE-SE] [T1-14:22:56.630] [Detour:c_game_ai_request_eval_attack_order_hook] ["c_game_ai_request_eval_attack_order_hook"] prepared at 0x00007FFAAE991500 using Indirect: 7 bytes displaced, trampoline 0x00007FFA3EA802A0.
[Info   :  SHCDE-SE] [T1-14:22:56.630] [Detour:c_game_ai_can_spare_resource_amount_hook] ["c_game_ai_can_spare_resource_amount_hook"] prepared at 0x00007FFAAE980290 using Indirect: 10 bytes displaced, trampoline 0x00007FFA3EA802D0.
[Info   :  SHCDE-SE] [T1-14:22:56.631] [Detour:c_game_player_ai_request_good_hook] ["c_game_player_ai_request_good_hook"] prepared at 0x00007FFAAEA278C0 using Indirect: 10 bytes displaced, trampoline 0x00007FFA3EA80310.
[Info   :  SHCDE-SE] [T1-14:22:56.631] [Detour:c_game_player_ai_send_good_hook] ["c_game_player_ai_send_good_hook"] prepared at 0x00007FFAAEA27AD0 using Indirect: 9 bytes displaced, trampoline 0x00007FFA3EA80350.
[Info   :  SHCDE-SE] [T1-14:22:56.631] [Detour:c_game_calculate_tax_income_hook] ["c_game_calculate_tax_income_hook"] prepared at 0x00007FFAAEA1BCD0 using Indirect: 8 bytes displaced, trampoline 0x00007FFA3EA80390.
[Info   :  SHCDE-SE] [T1-14:22:56.631] [Detour:c_game_calculate_donation_expense_hook] ["c_game_calculate_donation_expense_hook"] prepared at 0x00007FFAAEA1B9A0 using Indirect: 10 bytes displaced, trampoline 0x00007FFA3EA803D0.
[Info   :  SHCDE-SE] [T1-14:22:56.631] [X64InlineHook] ["c_game_player_food_consumption_update_baseconsumptionrate"] compiled stub at 0x00007FFA3EA80410, size: 167 bytes (target: 0x00007FFAAEA1EC8E).
[Info   :  SHCDE-SE] [T1-14:22:56.631] [X64InlineHook] ["c_game_add_tax_money_addgold"] compiled stub at 0x00007FFA3EA80640, size: 176 bytes (target: 0x00007FFAAEA1CC82).
[Info   :  SHCDE-SE] [T1-14:22:56.631] [X64InlineHook] ["c_game_add_tax_money_removegold"] compiled stub at 0x00007FFA3EA80890, size: 179 bytes (target: 0x00007FFAAEA1CC91).
[Info   :  SHCDE-SE] [T1-14:22:56.632] [X64InlineHook] ["c_game_update_player_popularity"] compiled stub at 0x00007FFA3EA80AE0, size: 171 bytes (target: 0x00007FFAAEA1B16E).
[Info   :  SHCDE-SE] [T1-14:22:56.632] [Detour:c_game_soundmanager_play_speech_sound_hook] ["c_game_soundmanager_play_speech_sound_hook"] prepared at 0x00007FFAAE9539A0 using Indirect: 6 bytes displaced, trampoline 0x00007FFA3EA80D20.
[Info   :  SHCDE-SE] [T1-14:22:56.632] [Detour:c_game_update_datetime_hook] ["c_game_update_datetime_hook"] prepared at 0x00007FFAAEA1E330 using Indirect: 6 bytes displaced, trampoline 0x00007FFA3EA80D60.
[Info   :  SHCDE-SE] [T1-14:22:56.632] [X64InlineHook] ["c_game_handle_time_stuff"] compiled stub at 0x00007FFA3EA80DA0, size: 169 bytes (target: 0x00007FFAAEA21D4F).
[Info   :  SHCDE-SE] [T1-14:22:56.632] [Detour:c_game_editor_brush_set_tiletype_hook] ["c_game_editor_brush_set_tiletype_hook"] prepared at 0x00007FFAAE9BFE90 using Indirect: 10 bytes displaced, trampoline 0x00007FFA3EA80FD0.
[Info   :  SHCDE-SE] [T1-14:22:56.632] [Detour:c_game_editor_brush_set_tiletype_to_none_hook] ["c_game_editor_brush_set_tiletype_to_none_hook"] prepared at 0x00007FFAAE9CAE50 using Indirect: 7 bytes displaced, trampoline 0x00007FFA3EA81010.
[Info   :  SHCDE-SE] [T1-14:22:56.632] [Detour:c_game_editor_brush_set_height_to_preset_hook] ["c_game_editor_brush_set_height_to_preset_hook"] prepared at 0x00007FFAAE9BFA10 using Indirect: 7 bytes displaced, trampoline 0x00007FFA3EA81050.
[Info   :  SHCDE-SE] [T1-14:22:56.633] [Detour:c_game_editor_brush_set_height_to_number_hook] ["c_game_editor_brush_set_height_to_number_hook"] prepared at 0x00007FFAAE9C0DF0 using Indirect: 7 bytes displaced, trampoline 0x00007FFA3EA81090.
[Info   :  SHCDE-SE] [T1-14:22:56.633] [Detour:c_game_editor_brush_even_height_hook] ["c_game_editor_brush_even_height_hook"] prepared at 0x00007FFAAE9B4700 using Indirect: 7 bytes displaced, trampoline 0x00007FFA3EA810D0.
[Info   :  SHCDE-SE] [T1-14:22:56.633] [Detour:c_game_editor_brush_raise_tileheight_hook] ["c_game_editor_brush_raise_tileheight_hook"] prepared at 0x00007FFAAE9BC0F0 using Indirect: 7 bytes displaced, trampoline 0x00007FFA3EA81110.
[Info   :  SHCDE-SE] [T1-14:22:56.634] [Detour:c_game_editor_spawn_unit_hook] ["c_game_editor_spawn_unit_hook"] prepared at 0x00007FFAAEA68CA0 using Indirect: 10 bytes displaced, trampoline 0x00007FFA3EA81150.
[Info   :  SHCDE-SE] [T1-14:22:56.634] [Detour:c_game_editor_place_vegetation_hook] ["c_game_editor_place_vegetation_hook"] prepared at 0x00007FFAAE9BE2C0 using Indirect: 7 bytes displaced, trampoline 0x00007FFA3EA81190.
[Info   :  SHCDE-SE] [T1-14:22:56.634] [Detour:c_game_editor_place_animal_hook] ["c_game_editor_place_animal_hook"] prepared at 0x00007FFAAEA6E150 using Indirect: 10 bytes displaced, trampoline 0x00007FFA3EA811D0.
[Info   :  SHCDE-SE] [T1-14:22:56.634] [Detour:c_game_editor_brush_delete_hook] ["c_game_editor_brush_delete_hook"] prepared at 0x00007FFAAE9B2AB0 using Indirect: 7 bytes displaced, trampoline 0x00007FFA3EA81210.
[Info   :  SHCDE-SE] [T1-14:22:56.634] [Detour:c_game_ai_enqueue_message_hook] ["c_game_ai_enqueue_message_hook"] prepared at 0x00007FFAAEA53290 using Indirect: 9 bytes displaced, trampoline 0x00007FFA3EA81250.
[Info   :  SHCDE-SE] [T1-14:22:56.634] [Detour:c_game_ai_enqueue_message_wrapper_hook] ["c_game_ai_enqueue_message_wrapper_hook"] prepared at 0x00007FFAAEA53AA0 using Indirect: 7 bytes displaced, trampoline 0x00007FFA3EA81290.
[Info   :  SHCDE-SE] [T1-14:22:56.634] [Detour:c_game_dll_importaiv_hook] ["c_game_dll_importaiv_hook"] prepared at 0x00007FFAAE9D4850 using Indirect: 10 bytes displaced, trampoline 0x00007FFA3EA812D0.
[Info   :  SHCDE-SE] [T1-14:22:56.634] [Detour:c_game_ai_build_wall_hook] ["c_game_ai_build_wall_hook"] prepared at 0x00007FFAAE9BCB20 using Indirect: 10 bytes displaced, trampoline 0x00007FFA3EA81310.
[Info   :  SHCDE-SE] [T1-14:22:56.634] [X64InlineHook] ["c_game_ai_setup_siege_pathing_stuff_hook"] compiled stub at 0x00007FFA3EA81350, size: 166 bytes (target: 0x00007FFAAE97D345).
[Info   :  SHCDE-SE] [T1-14:22:56.635] [Detour:c_game_ai_should_not_build_hovel_hook_impl] ["c_game_ai_should_not_build_hovel_hook_impl"] prepared at 0x00007FFAAE9914A0 using Indirect: 6 bytes displaced, trampoline 0x00007FFA3EA81580.
[Info   :  SHCDE-SE] [T1-14:22:56.635] [Detour:c_game_unit_validate_next_tile_surface_for_type_hook] ["c_game_unit_validate_next_tile_surface_for_type_hook"] prepared at 0x00007FFAAEA2CD60 using Indirect: 10 bytes displaced, trampoline 0x00007FFA3EA815C0.
[Info   :  SHCDE-SE] [T1-14:22:56.636] [Detour:c_game_unit_selection_contains_only_assassins_hook] ["c_game_unit_selection_contains_only_assassins_hook"] prepared at 0x00007FFAAEAE6870 using Indirect: 7 bytes displaced, trampoline 0x00007FFA3EB00000.
[Info   :  SHCDE-SE] [T1-14:22:56.636] [X64InlineHook] ["c_game_veh_handler_for_access_violations"] compiled stub at 0x00007FFA3EB00040, size: 17 bytes (target: 0x00007FFAAEAF49F0).
[Info   :  SHCDE-SE] [T1-14:22:56.638] [X64InlineHook] ["c_game_tribe_get_next_waypoint"] hook enabled at 0x00007FFAAEA6ACE6, stub 0x00007FFA3EA80040.
[Info   :  SHCDE-SE] [T1-14:22:56.638] [X64InlineHook] ["c_game_unit_killed_by_projectile_hook"] hook enabled at 0x00007FFAAEAE3363, stub 0x00007FFA3EAF0200.
[Info   :  SHCDE-SE] [T1-14:22:56.638] [X64InlineHook] ["c_game_unit_killed_by_melee_hook"] hook enabled at 0x00007FFAAEAE9444, stub 0x00007FFA3EAF0580.
[Info   :  SHCDE-SE] [T1-14:22:56.638] [X64InlineHook] ["c_game_unit_damaged_by_projectile_hook"] hook enabled at 0x00007FFAAEAE307E, stub 0x00007FFA3EAF0900.
[Info   :  SHCDE-SE] [T1-14:22:56.638] [X64InlineHook] ["c_game_player_buy_mercenary_hook"] hook enabled at 0x00007FFAAEAD1B6E, stub 0x00007FFA3EAF0B50.
[Info   :  SHCDE-SE] [T1-14:22:56.638] [X64InlineHook] ["c_game_unit_take_fire_damage"] hook enabled at 0x00007FFAAEAE24B0, stub 0x00007FFA3EAF0D90.
[Info   :  SHCDE-SE] [T1-14:22:56.639] [X64InlineHook] ["c_game_unit_bedouin_healer_heal_hook"] hook enabled at 0x00007FFAAEAC491A, stub 0x00007FFA3EAF1140.
[Info   :  SHCDE-SE] [T1-14:22:56.639] [X64InlineHook] ["c_game_unit_woodcutter_update_pickup_planks_hook"] hook enabled at 0x00007FFAAEA7C8D6, stub 0x00007FFA3EAF1360.
[Info   :  SHCDE-SE] [T1-14:22:56.639] [X64InlineHook] ["c_game_unit_woodcutter_update_dropoff_planks_hook"] hook enabled at 0x00007FFAAEA7CA3B, stub 0x00007FFA3EAF16E0.
[Info   :  SHCDE-SE] [T1-14:22:56.639] [X64InlineHook] ["c_game_unit_farmer_cattle_update_pickup_cheese_hook"] hook enabled at 0x00007FFAAEA87255, stub 0x00007FFA3EAF1A60.
[Info   :  SHCDE-SE] [T1-14:22:56.639] [X64InlineHook] ["c_game_unit_farmer_cattle_update_dropoff_cheese_hook"] hook enabled at 0x00007FFAAEA873D6, stub 0x00007FFA3EAF1DE0.
[Info   :  SHCDE-SE] [T1-14:22:56.639] [X64InlineHook] ["c_game_unit_farmer_apple_update_pickup_apple_hook"] hook enabled at 0x00007FFAAEA8640E, stub 0x00007FFA3EAF2160.
[Info   :  SHCDE-SE] [T1-14:22:56.639] [X64InlineHook] ["c_game_unit_farmer_apple_update_dropoff_apple_hook"] hook enabled at 0x00007FFAAEA86901, stub 0x00007FFA3EAF24F0.
[Info   :  SHCDE-SE] [T1-14:22:56.639] [X64InlineHook] ["c_game_unit_farmer_hemp_update_pickup_hemp_hook"] hook enabled at 0x00007FFAAEA85846, stub 0x00007FFA3EAF2870.
[Info   :  SHCDE-SE] [T1-14:22:56.639] [X64InlineHook] ["c_game_unit_farmer_hemp_update_dropoff_hemp_hook"] hook enabled at 0x00007FFAAEA859AF, stub 0x00007FFA3EAF2C00.
[Info   :  SHCDE-SE] [T1-14:22:56.639] [X64InlineHook] ["c_game_unit_baker_update_pickup_flour_hook"] hook enabled at 0x00007FFAAEA88DD1, stub 0x00007FFA3EAF2F80.
[Info   :  SHCDE-SE] [T1-14:22:56.639] [X64InlineHook] ["c_game_unit_baker_update_pickup_bread_hook"] hook enabled at 0x00007FFAAEA890C0, stub 0x00007FFA3EAF3310.
[Info   :  SHCDE-SE] [T1-14:22:56.639] [X64InlineHook] ["c_game_unit_baker_update_dropoff_bread_hook"] hook enabled at 0x00007FFAAEA893D3, stub 0x00007FFA3EAF3560.
[Info   :  SHCDE-SE] [T1-14:22:56.639] [X64InlineHook] ["c_game_unit_farmer_wheat_update_pickup_wheat_hook"] hook enabled at 0x00007FFAAEA848B5, stub 0x00007FFA3EAF38E0.
[Info   :  SHCDE-SE] [T1-14:22:56.639] [X64InlineHook] ["c_game_unit_farmer_wheat_update_dropoff_wheat_hook"] hook enabled at 0x00007FFAAEA84A4C, stub 0x00007FFA3EAF3C70.
[Info   :  SHCDE-SE] [T1-14:22:56.639] [X64InlineHook] ["c_game_unit_miller_update_pickup_wheat_hook"] hook enabled at 0x00007FFAAEA87CF6, stub 0x00007FFA3EAF3FF0.
[Info   :  SHCDE-SE] [T1-14:22:56.639] [X64InlineHook] ["c_game_unit_miller_update_dropoff_flour_hook"] hook enabled at 0x00007FFAAEA8824F, stub 0x00007FFA3EAF4370.
[Info   :  SHCDE-SE] [T1-14:22:56.639] [X64InlineHook] ["c_game_unit_miller_update_pickup_flour_hook"] hook enabled at 0x00007FFAAEA88134, stub 0x00007FFA3EAF4700.
[Info   :  SHCDE-SE] [T1-14:22:56.639] [X64InlineHook] ["c_game_unit_brewer_update_pickup_hemp_hook"] hook enabled at 0x00007FFAAEA89D0D, stub 0x00007FFA3EAF4A80.
[Info   :  SHCDE-SE] [T1-14:22:56.639] [X64InlineHook] ["c_game_unit_brewer_update_dropoff_hemp_hook"] hook enabled at 0x00007FFAAEA89F61, stub 0x00007FFA3EAF4E10.
[Info   :  SHCDE-SE] [T1-14:22:56.639] [X64InlineHook] ["c_game_unit_brewer_update_pickup_ale_hook"] hook enabled at 0x00007FFAAEA8A286, stub 0x00007FFA3EAF5190.
[Info   :  SHCDE-SE] [T1-14:22:56.639] [X64InlineHook] ["c_game_unit_brewer_update_dropoff_ale_hook"] hook enabled at 0x00007FFAAEA8A52B, stub 0x00007FFA3EAF53F0.
[Info   :  SHCDE-SE] [T1-14:22:56.639] [X64InlineHook] ["c_game_unit_brewer_update_produced_ale_hook"] hook enabled at 0x00007FFAAEA8A115, stub 0x00007FFA3EAF5630.
[Info   :  SHCDE-SE] [T1-14:22:56.639] [X64InlineHook] ["c_game_unit_innkeeper_update_pickup_ale_hook"] hook enabled at 0x00007FFAAEAA0931, stub 0x00007FFA3EAF59C0.
[Info   :  SHCDE-SE] [T1-14:22:56.639] [X64InlineHook] ["c_game_unit_innkeeper_update_dropoff_ale_hook"] hook enabled at 0x00007FFAAEAA0B90, stub 0x00007FFA3EAF5D50.
[Info   :  SHCDE-SE] [T1-14:22:56.639] [X64InlineHook] ["c_game_unit_fletcher_update_pickup_wood_hook"] hook enabled at 0x00007FFAAEA7D4E6, stub 0x00007FFA3EAF60D0.
[Info   :  SHCDE-SE] [T1-14:22:56.639] [X64InlineHook] ["c_game_unit_fletcher_update_dropoff_wood_hook"] hook enabled at 0x00007FFAAEA7D70B, stub 0x00007FFA3EAF6460.
[Info   :  SHCDE-SE] [T1-14:22:56.639] [X64InlineHook] ["c_game_unit_fletcher_update_dropoff_produce_hook"] hook enabled at 0x00007FFAAEA7DD2D, stub 0x00007FFA3EAF67E0.
[Info   :  SHCDE-SE] [T1-14:22:56.639] [X64InlineHook] ["c_game_unit_poleturner_update_pickup_wood_hook"] hook enabled at 0x00007FFAAEA8AE95, stub 0x00007FFA3EAF6B60.
[Info   :  SHCDE-SE] [T1-14:22:56.639] [X64InlineHook] ["c_game_unit_poleturner_update_dropoff_wood_hook"] hook enabled at 0x00007FFAAEA8B0CB, stub 0x00007FFA3EAF6EF0.
[Info   :  SHCDE-SE] [T1-14:22:56.639] [X64InlineHook] ["c_game_unit_poleturner_update_dropoff_produce_hook"] hook enabled at 0x00007FFAAEA8B6C4, stub 0x00007FFA3EAF7270.
[Info   :  SHCDE-SE] [T1-14:22:56.641] [X64InlineHook] ["c_game_unit_blacksmith_update_pickup_iron_hook"] hook enabled at 0x00007FFAAEA8C07D, stub 0x00007FFA3EAF7600.
[Info   :  SHCDE-SE] [T1-14:22:56.641] [X64InlineHook] ["c_game_unit_blacksmith_update_dropoff_iron_hook"] hook enabled at 0x00007FFAAEA8C2EF, stub 0x00007FFA3EAF7990.
[Info   :  SHCDE-SE] [T1-14:22:56.641] [X64InlineHook] ["c_game_unit_blacksmith_update_produce_hook"] hook enabled at 0x00007FFAAEA8C52B, stub 0x00007FFA3EAF7D10.
[Info   :  SHCDE-SE] [T1-14:22:56.641] [X64InlineHook] ["c_game_unit_blacksmith_update_dropoff_produce_hook"] hook enabled at 0x00007FFAAEA8C854, stub 0x00007FFA3EAF80A0.
[Info   :  SHCDE-SE] [T1-14:22:56.641] [X64InlineHook] ["c_game_unit_tanner_update_store_cowhides_hook"] hook enabled at 0x00007FFAAEA8EA53, stub 0x00007FFA3EAF8430.
[Info   :  SHCDE-SE] [T1-14:22:56.641] [X64InlineHook] ["c_game_unit_tanner_update_produce_hook"] hook enabled at 0x00007FFAAEA8ECEE, stub 0x00007FFA3EAF87B0.
[Info   :  SHCDE-SE] [T1-14:22:56.641] [X64InlineHook] ["c_game_unit_tanner_update_dropoff_cowhides_hook"] hook enabled at 0x00007FFAAEA8EF88, stub 0x00007FFA3EAF8B40.
[Info   :  SHCDE-SE] [T1-14:22:56.641] [X64InlineHook] ["c_game_unit_armourer_update_pickup_iron_hook"] hook enabled at 0x00007FFAAEA8D1D5, stub 0x00007FFA3EAF8D80.
[Info   :  SHCDE-SE] [T1-14:22:56.641] [X64InlineHook] ["c_game_unit_armourer_update_dropoff_iron_hook"] hook enabled at 0x00007FFAAEA8D457, stub 0x00007FFA3EAF9110.
[Info   :  SHCDE-SE] [T1-14:22:56.641] [X64InlineHook] ["c_game_unit_armourer_update_store_produce_hook"] hook enabled at 0x00007FFAAEA8D619, stub 0x00007FFA3EAF9490.
[Info   :  SHCDE-SE] [T1-14:22:56.641] [X64InlineHook] ["c_game_unit_armourer_update_produce_hook"] hook enabled at 0x00007FFAAEA8D6D3, stub 0x00007FFA3EAF9820.
[Info   :  SHCDE-SE] [T1-14:22:56.641] [X64InlineHook] ["c_game_unit_armourer_update_dropoff_produce_hook"] hook enabled at 0x00007FFAAEA8DA1E, stub 0x00007FFA3EAF9BB0.
[Info   :  SHCDE-SE] [T1-14:22:56.641] [X64InlineHook] ["c_game_unit_armourer_update_pickup_produce_hook"] hook enabled at 0x00007FFAAEA8D72C, stub 0x00007FFA3EAF9F40.
[Info   :  SHCDE-SE] [T1-14:22:56.641] [X64InlineHook] ["c_game_unit_hunter_update_pickup_meat_hook"] hook enabled at 0x00007FFAAEA7FD7C, stub 0x00007FFA3EAFA2D0.
[Info   :  SHCDE-SE] [T1-14:22:56.641] [X64InlineHook] ["c_game_unit_hunter_update_dropoff_meat_hook"] hook enabled at 0x00007FFAAEA80B54, stub 0x00007FFA3EAFA660.
[Info   :  SHCDE-SE] [T1-14:22:56.641] [X64InlineHook] ["c_game_unit_quarry_grunt_update_pickup_stone_hook"] hook enabled at 0x00007FFAAEA81F28, stub 0x00007FFA3EAFA8A0.
[Info   :  SHCDE-SE] [T1-14:22:56.641] [X64InlineHook] ["c_game_unit_quarry_grunt_update_dropoff_stone_hook"] hook enabled at 0x00007FFAAEA8250E, stub 0x00007FFA3EAFAAF0.
[Info   :  SHCDE-SE] [T1-14:22:56.641] [X64InlineHook] ["c_game_unit_quarry_ox_update_depart_hook"] hook enabled at 0x00007FFAAEA82A4C, stub 0x00007FFA3EAFAE80.
[Info   :  SHCDE-SE] [T1-14:22:56.641] [X64InlineHook] ["c_game_unit_quarry_ox_update_dropoff_stone_hook"] hook enabled at 0x00007FFAAEA82E57, stub 0x00007FFA3EAFB210.
[Info   :  SHCDE-SE] [T1-14:22:56.641] [X64InlineHook] ["c_game_unit_miner2_update_pickup_iron_hook"] hook enabled at 0x00007FFAAEA9E028, stub 0x00007FFA3EAFB590.
[Info   :  SHCDE-SE] [T1-14:22:56.641] [X64InlineHook] ["c_game_unit_miner2_update_dropoff_iron_hook"] hook enabled at 0x00007FFAAEA9DEB3, stub 0x00007FFA3EAFB7D0.
[Info   :  SHCDE-SE] [T1-14:22:56.641] [X64InlineHook] ["c_game_unit_pitcher_update_pickup_rawpitch_hook"] hook enabled at 0x00007FFAAEA837A0, stub 0x00007FFA3EAFBB60.
[Info   :  SHCDE-SE] [T1-14:22:56.641] [X64InlineHook] ["c_game_unit_pitcher_update_dropoff_rawpitch_hook"] hook enabled at 0x00007FFAAEA838EC, stub 0x00007FFA3EAFBEF0.
[Info   :  SHCDE-SE] [T1-14:22:56.641] [X64InlineHook] ["c_game_unit_is_over_killingpit_update_hook"] hook enabled at 0x00007FFAAEA171C5, stub 0x00007FFA3EAFC130.
[Info   :  SHCDE-SE] [T1-14:22:56.641] [X64InlineHook] ["c_game_unit_transition_hook1_c_game_player_buy_mercenary"] hook enabled at 0x00007FFAAEAD1CE0, stub 0x00007FFA3EAFC300.
[Info   :  SHCDE-SE] [T1-14:22:56.641] [X64InlineHook] ["c_game_unit_transition_hook2_c_game_player_buy_eu_mercenary"] hook enabled at 0x00007FFAAEAE0EBB, stub 0x00007FFA3EAFC590.
[Info   :  SHCDE-SE] [T1-14:22:56.641] [X64InlineHook] ["c_game_unit_transition_hook3_c_game_building_assign_worker"] hook enabled at 0x00007FFAAEAE0C12, stub 0x00007FFA3EAFC810.
[Info   :  SHCDE-SE] [T1-14:22:56.641] [X64InlineHook] ["c_game_unit_transition_hook4_c_game_unit_disband"] hook enabled at 0x00007FFAAEAD6E7A, stub 0x00007FFA3EAFCA90.
[Info   :  SHCDE-SE] [T1-14:22:56.641] [X64InlineHook] ["c_game_unit_hunter_query_for_target_hook"] hook enabled at 0x00007FFAAEADAFE6, stub 0x00007FFA3EAFCCF0.
[Info   :  SHCDE-SE] [T1-14:22:56.641] [X64InlineHook] ["c_game_unit_control_capability_unknown"] hook enabled at 0x00007FFAAE9DEA60, stub 0x00007FFA3EAFCEB0.
[Info   :  SHCDE-SE] [T1-14:22:56.642] [X64InlineHook] ["c_game_unit_fsm_arabslave_attack_capability_wall"] hook enabled at 0x00007FFAAEABA439, stub 0x00007FFA3EAFD120.
[Info   :  SHCDE-SE] [T1-14:22:56.642] [X64InlineHook] ["c_game_unit_fsm_arabslave_attack_capability_wall2"] hook enabled at 0x00007FFAAEABA490, stub 0x00007FFA3EAFD360.
[Info   :  SHCDE-SE] [T1-14:22:56.642] [X64InlineHook] ["c_game_unit_fsm_arabslave_attack_capability_wall3"] hook enabled at 0x00007FFAAEABA4AD, stub 0x00007FFA3EAFD580.
[Info   :  SHCDE-SE] [T1-14:22:56.642] [X64InlineHook] ["c_game_building_keep_spawn_peasant_hook"] hook enabled at 0x00007FFAAEA22E31, stub 0x00007FFA3EAFDC00.
[Info   :  SHCDE-SE] [T1-14:22:56.642] [X64InlineHook] ["c_game_building_granary_spawn_chicken_hook"] hook enabled at 0x00007FFAAEA22B4C, stub 0x00007FFA3EAFDCB0.
[Info   :  SHCDE-SE] [T1-14:22:56.642] [X64InlineHook] ["c_game_building_calculate_wall_cost_hook"] hook enabled at 0x00007FFAAEA18D1C, stub 0x00007FFA3EAFDF00.
[Info   :  SHCDE-SE] [T1-14:22:56.642] [X64InlineHook] ["c_game_building_calculate_wall_cost_placement_hook"] hook enabled at 0x00007FFAAE9E41AB, stub 0x00007FFA3EAFE2A0.
[Info   :  SHCDE-SE] [T1-14:22:56.642] [X64InlineHook] ["c_game_building_take_fire_damage_hook"] hook enabled at 0x00007FFAAEA16599, stub 0x00007FFA3EAFE6E0.
[Info   :  SHCDE-SE] [T1-14:22:56.642] [X64InlineHook] ["c_game_building_toggle_pause_hook"] hook enabled at 0x00007FFAAEA17F13, stub 0x00007FFA3EAFE8E0.
[Info   :  SHCDE-SE] [T1-14:22:56.642] [X64InlineHook] ["c_game_building_refund_intercept_hook"] hook enabled at 0x00007FFAAEA1487A, stub 0x00007FFA3EAFEB00.
[Info   :  SHCDE-SE] [T1-14:22:56.642] [X64InlineHook] ["c_game_building_set_repair_costs_stone_hook"] hook enabled at 0x00007FFAAEA07031, stub 0x00007FFA3EAFEDA0.
[Info   :  SHCDE-SE] [T1-14:22:56.642] [X64InlineHook] ["c_game_building_set_repair_costs_wood_hook"] hook enabled at 0x00007FFAAEA06FFD, stub 0x00007FFA3EAFEFE0.
[Info   :  SHCDE-SE] [T1-14:22:56.642] [X64InlineHook] ["c_game_building_gatehouse_query_hook"] hook enabled at 0x00007FFAAEA07B4B, stub 0x00007FFA3EAFF1F0.
[Info   :  SHCDE-SE] [T1-14:22:56.642] [X64InlineHook] ["c_game_vegetation_growth_hook"] hook enabled at 0x00007FFAAEA58518, stub 0x00007FFA3EAFF560.
[Info   :  SHCDE-SE] [T1-14:22:56.642] [X64InlineHook] ["c_game_vegetation_tree_fell_hook"] hook enabled at 0x00007FFAAEA57CC9, stub 0x00007FFA3EAFF7B0.
[Info   :  SHCDE-SE] [T1-14:22:56.642] [X64InlineHook] ["c_game_save_game_file"] hook enabled at 0x00007FFAAE955A4C, stub 0x00007FFA3EAFFB90.
[Info   :  SHCDE-SE] [T1-14:22:56.643] [X64InlineHook] ["c_game_player_food_consumption_update_baseconsumptionrate"] hook enabled at 0x00007FFAAEA1EC8E, stub 0x00007FFA3EA80410.
[Info   :  SHCDE-SE] [T1-14:22:56.643] [X64InlineHook] ["c_game_add_tax_money_addgold"] hook enabled at 0x00007FFAAEA1CC82, stub 0x00007FFA3EA80640.
[Info   :  SHCDE-SE] [T1-14:22:56.643] [X64InlineHook] ["c_game_add_tax_money_removegold"] hook enabled at 0x00007FFAAEA1CC91, stub 0x00007FFA3EA80890.
[Info   :  SHCDE-SE] [T1-14:22:56.643] [X64InlineHook] ["c_game_update_player_popularity"] hook enabled at 0x00007FFAAEA1B16E, stub 0x00007FFA3EA80AE0.
[Info   :  SHCDE-SE] [T1-14:22:56.643] [X64InlineHook] ["c_game_handle_time_stuff"] hook enabled at 0x00007FFAAEA21D4F, stub 0x00007FFA3EA80DA0.
[Info   :  SHCDE-SE] [T1-14:22:56.643] [X64InlineHook] ["c_game_ai_setup_siege_pathing_stuff_hook"] hook enabled at 0x00007FFAAE97D345, stub 0x00007FFA3EA81350.
[Info   :  SHCDE-SE] [T1-14:22:56.643] [X64InlineHook] ["c_game_veh_handler_for_access_violations"] hook enabled at 0x00007FFAAEAF49F0, stub 0x00007FFA3EB00040.
[Info   :  SHCDE-SE] [T1-14:22:56.645] [HookTransaction[ApplyNative]] Commit: "167/167 installed, 0 failed, 66ms (0ms scanning)"
[Info   :  SHCDE-SE] [T1-14:22:56.645] [DetourManager] [ApplyNative] Hook setup completed in 66ms
[Info   :  SHCDE-SE] [T1-14:22:56.645] [GameMapArchiveManagerAPI] [InitializeSubscribers] Setting up subscribers
[Info   :  SHCDE-SE] [T1-14:22:56.646] [LuaManager] [InitializeSubscribers] Setting up subscribers
[Info   :  SHCDE-SE] [T1-14:22:56.646] [GameNetworkAPI] [InitializeSubscribers] Setting up subscribers
[Info   :  SHCDE-SE] [T1-14:22:56.646] [DeterministicRandom] [InitializeSubscribers] Setting up subscribers
[Info   :  SHCDE-SE] [T1-14:22:56.647] [GameNetworkAPI] [GetPacketEventFor] Created R3 event stream for packet ID 1003 [SeedSyncNetworkPacket]
[Info   :  SHCDE-SE] [T1-14:22:56.648] [ModSaveDataAPI] [RegisterModDataHandler] Registered handler for [se-deterministicrandom-state]
[Info   :  SHCDE-SE] [T1-14:22:56.648] [GameNetworkAPI] [GetPacketEventFor] Dynamically registered packet type 'LobbyModSettingSyncPacket' with ID: 1100
[Info   :  SHCDE-SE] [T1-14:22:56.648] [GameNetworkAPI] [GetPacketEventFor] Created R3 event stream for packet ID 1100 [LobbyModSettingSyncPacket]
[Info   :  SHCDE-SE] [T1-14:22:56.648] [GameXAMLManagerAPI] [SetupNetworking] Mod-settings sync packet registered with ID=1100
[Info   :  SHCDE-SE] [T1-14:22:56.649] [GamePlayerManagerAPI] [InitializeSubscribers] Setting up subscribers
[Info   :  SHCDE-SE] [T1-14:22:56.651] [GameUnitManagerAPI] [InitializeSubscribers] Setting up subscribers
[Info   :  SHCDE-SE] [T1-14:22:56.651] [GameBuildingManagerAPI] [InitializeSubscribers] Setting up subscribers
[Info   :  SHCDE-SE] [T1-14:22:56.651] [GameMetadataManagerAPI] [InitializeSubscribers] Setting up subscribers
[Info   :  SHCDE-SE] [T1-14:22:56.652] [GameSoundManagerAPI] [.ctor] _soundManager: 00007FFAB72372D0
[Info   :  SHCDE-SE] [T1-14:22:56.652] [GameSoundManagerAPI] [InitializeSubscribers] Setting up GameSoundManagerAPI event subscribers
[Info   :  SHCDE-SE] [T1-14:22:56.653] [GameTranslateAPI] [InitializeSubscribers] Setting up GameTranslateAPI subscribers
[Info   :  SHCDE-SE] [T1-14:22:56.653] [GameTriggerManager] [InitializeSubscribers] Setting up subscribers
[Info   :  SHCDE-SE] [T1-14:22:56.655] [GameTimeManagerAPI] [InitializeSubscribers] Setting up subscribers
[Info   :  SHCDE-SE] [T1-14:22:56.655] [GameAfterImageManager] [InitializeSubscribers] Setting up subscribers
[Info   :  SHCDE-SE] [T1-14:22:56.656] [GameBundleManager] [InitializeSubscribers] Setting up subscribers
[Info   :  SHCDE-SE] [T1-14:22:56.657] [MapModManager] [InitializeSubscribers] Setting up subscribers
[Info   :  SHCDE-SE] [T1-14:22:56.657] [Plugin] [InitLanguageProviderLate] Set language provider to en-US
[Info   :  SHCDE-SE] [T1-14:22:56.657] [Plugin] [CrusaderLibrary_LibraryLoaded] Native-side initialization done
[Info   :  SHCDE-SE] [T1-14:22:56.657] [Plugin] [Awake] Plugin SHCDE-SE is loaded!
[Info   :   BepInEx] Loading [APIShared 0.4.1]
[Info   : APIShared] [2026-09-24 14:22:56.726] Process-wide mission lifecycle installed.
[Info   : APIShared] [2026-09-24 14:22:56.804] Process-wide briefing-gold presentation installed.
[Info   : APIShared] [2026-09-24 14:22:56.817] Process-wide lobby-state observer installed.
[Info   : APIShared] [2026-09-24 14:22:56.817] APIShared 0.4.1 loaded; awaiting CrusaderLibrary.LibraryLoaded.
[Info   : APIShared] [2026-09-24 14:22:57.577] Unit HUD presentation installed; controlGroups=True, build=FBCB93195FC7EFCA9BDAC5204852EFDD76F9818F59A6711750D77C9CEF2831E2.
[Info   :  SHCDE-SE] [T1-14:22:57.580] [X64InlineHook] ["distanceHook"] compiled stub at 0x00007FFA3EB000C0, size: 183 bytes (target: 0x00007FFAAEA07B70).
[Info   :  SHCDE-SE] [T1-14:22:57.581] [X64InlineHook] ["decisionHook"] compiled stub at 0x00007FFA3EB00400, size: 104 bytes (target: 0x00007FFAAEA07BBB).
[Info   :  SHCDE-SE] [T1-14:22:57.581] [X64InlineHook] ["distanceHook"] hook enabled at 0x00007FFAAEA07B70, stub 0x00007FFA3EB000C0.
[Info   :  SHCDE-SE] [T1-14:22:57.581] [X64InlineHook] ["decisionHook"] hook enabled at 0x00007FFAAEA07BBB, stub 0x00007FFA3EB00400.
[Info   :  SHCDE-SE] [T1-14:22:57.581] [HookTransaction[.ctor]] Commit: "2/2 installed, 0 failed, 1ms (0ms scanning)"
[Info   :  SHCDE-SE] [T1-14:22:57.654] [Detour:candidate.hook] ["candidate.hook"] prepared at 0x00007FFAAE9A1790 using Indirect: 7 bytes displaced, trampoline 0x00007FFA3EB00570.
[Info   :  SHCDE-SE] [T1-14:22:57.717] [HookTransaction[TryCreate]] Commit: "1/1 installed, 0 failed, 64ms (0ms scanning)"
[Info   : APIShared] [2026-09-24 14:22:57.717] capability=aiv-build-step, build=FBCB93195FC7EFCA9BDAC5204852EFDD76F9818F59A6711750D77C9CEF2831E2, rva=0x51790, status=installed
[Info   : APIShared] [2026-09-24 14:22:57.717] APIShared initialized: state=Ready, build=FBCB93195FC7EFCA9BDAC5204852EFDD76F9818F59A6711750D77C9CEF2831E2, lobbyState=Available, playerDefeat=Available, briefingGold=Available, gatehouseDistanceOrigin=Available, gatehouseTiming=Available, unitHudPresentation=Available, aivBuildStep=Available.
[Info   :   BepInEx] Loading [Active AIV Detector 0.10.1]
[Info   :Active AIV Detector] [2026-09-24 14:22:57.773] Bundled vanilla AIC verification: matchesInstalledGame=False, directory=E:\ProgrammeE\Steam\steamapps\common\Stronghold Crusader Definitive Edition\BepInEx\plugins\ActiveAIVDetector_Serp\VanillaAIC.
[Info   :Active AIV Detector] [2026-09-24 14:22:57.773] Bundled vanilla AIV inventory: files=376, directory=E:\ProgrammeE\Steam\steamapps\common\Stronghold Crusader Definitive Edition\BepInEx\plugins\ActiveAIVDetector_Serp\VanillaAIV.
[Info   :Active AIV Detector] [2026-09-24 14:22:57.773] Oracle cell trace configuration: enabled=True, playerId=-1, candidateId=-1, orientation=-1, keep=(-1,-1), maximumCaptures=2048.
[Info   :Active AIV Detector] [2026-09-24 14:22:57.773] Oracle prebuild trace configuration: enabled=True, playerId=-1, maximumCaptures=8.
[Info   :Active AIV Detector] [2026-09-24 14:22:57.798] Active AIV Detector verified the installed CrusaderDE.dll: sha256=FBCB93195FC7EFCA9BDAC5204852EFDD76F9818F59A6711750D77C9CEF2831E2, size=3451392, path=E:\ProgrammeE\Steam\steamapps\common\Stronghold Crusader Definitive Edition\Stronghold Crusader Definitive Edition_Data\Plugins\x86_64\CrusaderDE.dll.
[Debug  :Active AIV Detector] [2026-09-24 14:22:57.801] Native address resolved: name=prepare AIV layout, method=reference-rva, rva=0x53D00.
[Debug  :Active AIV Detector] [2026-09-24 14:22:57.806] Native address resolved: name=select best fit, method=reference-rva, rva=0x54F60.
[Debug  :Active AIV Detector] [2026-09-24 14:22:57.806] Native address resolved: name=test specific candidate, method=reference-rva, rva=0x54DE0.
[Debug  :Active AIV Detector] [2026-09-24 14:22:57.806] Native address resolved: name=load candidate, method=reference-rva, rva=0x55320.
[Debug  :Active AIV Detector] [2026-09-24 14:22:57.806] Native address resolved: name=apply rotation, method=reference-rva, rva=0x56670.
[Debug  :Active AIV Detector] [2026-09-24 14:22:57.806] Native address resolved: name=evaluate candidate fit, method=reference-rva, rva=0x57080.
[Debug  :Active AIV Detector] [2026-09-24 14:22:57.806] Native address resolved: name=building placement validator interior, method=reference-rva, rva=0x7B078.
[Debug  :Active AIV Detector] [2026-09-24 14:22:57.806] Native address resolved: name=organism record table, method=reference-rva, rva=0x15A27.
[Debug  :Active AIV Detector] [2026-09-24 14:22:57.806] Native address resolved: name=active AIV layout index table, method=reference-rva, rva=0x55F64.
[Info   :Active AIV Detector] [2026-09-24 14:22:57.806] Active AIV native globals resolved from unique RIP-relative signatures: organismRecordTable=0x7FFAB1C2E464, activeLayoutIndexBase=0x7FFAB20ED0CC.
[Info   :  SHCDE-SE] [T1-14:22:57.807] [Detour:prepareLayoutHook] ["prepareLayoutHook"] prepared at 0x00007FFAAE9A3D00 using Indirect: 6 bytes displaced, trampoline 0x00007FFA3EB005B0.
[Info   :  SHCDE-SE] [T1-14:22:57.807] [Detour:selectBestFitHook] ["selectBestFitHook"] prepared at 0x00007FFAAE9A4F60 using Indirect: 9 bytes displaced, trampoline 0x00007FFA3EB005F0.
[Info   :  SHCDE-SE] [T1-14:22:57.807] [Detour:testSpecificCandidateHook] ["testSpecificCandidateHook"] prepared at 0x00007FFAAE9A4DE0 using Indirect: 10 bytes displaced, trampoline 0x00007FFA3EB00630.
[Info   :  SHCDE-SE] [T1-14:22:57.807] [Detour:loadCandidateHook] ["loadCandidateHook"] prepared at 0x00007FFAAE9A5320 using Indirect: 6 bytes displaced, trampoline 0x00007FFA3EB00670.
[Info   :  SHCDE-SE] [T1-14:22:57.807] [Detour:applyRotationHook] ["applyRotationHook"] prepared at 0x00007FFAAE9A6670 using Indirect: 8 bytes displaced, trampoline 0x00007FFA3EB006B0.
[Info   :  SHCDE-SE] [T1-14:22:57.808] [Detour:evaluateCandidateFitHook] ["evaluateCandidateFitHook"] prepared at 0x00007FFAAE9A7080 using Indirect: 6 bytes displaced, trampoline 0x00007FFA3EB006F0.
[Info   :  SHCDE-SE] [T1-14:22:57.808] [Detour:buildingPlacementValidatorHook] ["buildingPlacementValidatorHook"] prepared at 0x00007FFAAE9CB060 using Indirect: 7 bytes displaced, trampoline 0x00007FFA3EB00730.
[Info   :  SHCDE-SE] [T1-14:22:58.117] [HookTransaction[Install]] Commit: "7/7 installed, 0 failed, 310ms (0ms scanning)"
[Info   :Active AIV Detector] [2026-09-24 14:22:58.118] Oracle prebuild trace registered through APIShared; no local ExecuteBuildStep detour was installed.
[Info   :Active AIV Detector] [2026-09-24 14:22:58.121] Native active-AIV detector and passive placement oracle installed at Info level; Vanilla candidate tests will be joined with lobby metadata after OnStartMap(Post).
[Info   :Active AIV Detector] [2026-09-24 14:22:58.121] Active AIV Detector 0.10.1 loaded.
[Info   :   BepInEx] Loading [Serps Mods 1.0.15]
[Info   :Serp Localization] [2026-09-24 14:22:58.128] Locale selected: locale=en-US, source=Steam runtime, rawLanguage=english, configuredProvider=detect, scriptExtenderLanguage=en-US, pluginDirectory=E:\ProgrammeE\Steam\steamapps\common\Stronghold Crusader Definitive Edition\BepInEx\plugins\SerpsMods_Serp, englishFileExists=True, localeFileExists=True.
[Debug  :Serps Mods] [2026-09-24 14:22:58.138] [Serps Mods] Script Extender 2.9.0 satisfies all 1 runtime component requirements; selected 2.9.0 from info.json='2.9.0', BepInEx metadata='2.9.0.0', assembly version='2.9.0.0', file version='2.9.0.0', product version='2.9.0'; ignored: none.
[Debug  :Serps Mods] [2026-09-24 14:22:58.139] [Serps Mods] pack=1.0.15, expected=0, validated=0, registered=0.
[Info   :  SHCDE-SE] [T1-14:22:58.141] [ManagedDetour] [.ctor] Created detour [JoinLobby]->[JoinLobbyHook]
[Info   :Serps Mods] [2026-09-24 14:22:58.141] Shared lobby-join lifecycle hook installed.
[Info   :  SHCDE-SE] [T1-14:22:58.160] [GameXAMLManagerAPI] [RegisterLobbyModSettingsCore] Registered mod [SerpsMods_Serp]
[Info   :Serps Mods] [2026-09-24 14:22:58.163] [SerpsMods_Serp] Preset storage skipped because the ViewModel has no persistent settings.
[Info   :   BepInEx] Loading [Fixes 1.19.0.0]
[Info   :     Fixes] [T1-14:22:58.300] [Plugin] [Awake] Plugin Fixes is loading!
[Info   :     Fixes] [T1-14:22:58.303] [BuildingDetours] [.ctor] Applying
[Info   :     Fixes] [T1-14:22:58.305] [Fixes-BuildingDetours] Creating with target 00007FFA3EB00770, length=128
[Info   :     Fixes] [T1-14:22:58.305] [Fixes-BuildingDetours] Creating with target 00007FFAAE963880, length=2
[Info   :     Fixes] [T1-14:22:58.307] [AIDetours] [.ctor] Applying
[Info   :     Fixes] [T1-14:22:58.308] [Fixes-AIDetours] Found anchor c_game_ai_train_economy_protection_troops_hook2 at 00007FFAAE990569
[Info   :     Fixes] [T1-14:22:58.308] [Fixes-AIDetours] Found anchor c_game_ai_train_bodyguard_troops_hook2 at 00007FFAAE990379
[Info   :     Fixes] [T1-14:22:58.308] [AIDetours] [.ctor] _newOrderedMapTileIdsAddress: 0x00000149DA770000
[Info   :  SHCDE-SE] [T1-14:22:58.308] [ModSaveDataAPI] [RegisterModDataHandler] Registered handler for [extendedaivbuffer-savedata]
[Info   :     Fixes] [T1-14:22:58.309] [AIDetours] [.ctor] c_game_ai_build_wall_internal_va=00007FFAAE9C7D43
[Info   :     Fixes] [T1-14:22:58.310] [UnitDetours] [.ctor] Applying FixesUnitDetours
[Info   :     Fixes] [T1-14:22:58.311] [UnitDetours] [.ctor] Hooking unit update function at address: 0x7FFAAEAA6130 chimp: CHIMP_TYPE_DEER
[Info   :     Fixes] [T1-14:22:58.312] [UnitDetours] [.ctor] Hooking unit update function at address: 0x7FFAAEAA6DC0 chimp: CHIMP_TYPE_LION
[Info   :     Fixes] [T1-14:22:58.312] [UnitDetours] [.ctor] Hooking unit update function at address: 0x7FFAAEAA7810 chimp: CHIMP_TYPE_RABBIT
[Info   :     Fixes] [T1-14:22:58.312] [UnitDetours] [.ctor] Hooking unit update function at address: 0x7FFAAEAA8020 chimp: CHIMP_TYPE_CAMEL
[Info   :     Fixes] [T1-14:22:58.312] [UnitDetours] [.ctor] Hooking unit update function at address: 0x7FFAAEACF2F0 chimp: CHIMP_TYPE_CROCODILE
[Info   :     Fixes] [T1-14:22:58.313] [PathingDetours] [.ctor] Applying
[Info   :     Fixes] [T1-14:22:58.313] [PathingDetours] [.ctor] _oldNativeComponentTileCountAddress: 0x00007FFAB49FD740
[Info   :     Fixes] [T1-14:22:58.313] [PathingDetours] [.ctor] _oldComponentVisitGenerationAddress: 0x00007FFAB49FE6E4
[Info   :     Fixes] [T1-14:22:58.313] [PathingDetours] [.ctor] _newNativeComponentTileCountAddress: 0x00000149DA3D0000
[Info   :     Fixes] [T1-14:22:58.313] [PathingDetours] [.ctor] _newComponentVisitGenerationAddress: 0x00000149DA3E0000
[Info   :     Fixes] [T1-14:22:58.313] [PathingDetours] [.ctor] Installing dynamic inline hook at: 0x00007FFAAEA1E7FA for Extended PCL support
[Info   :     Fixes] [T1-14:22:58.313] [PathingDetours] [.ctor] Installing dynamic inline hook at: 0x00007FFAAEA1E839 for Extended PCL support
[Info   :     Fixes] [T1-14:22:58.313] [PathingDetours] [.ctor] Installing dynamic inline hook at: 0x00007FFAAEA1E879 for Extended PCL support
[Info   :     Fixes] [T1-14:22:58.313] [PathingDetours] [.ctor] Installing dynamic inline hook at: 0x00007FFAAEA1E8B9 for Extended PCL support
[Info   :     Fixes] [T1-14:22:58.313] [PathingDetours] [.ctor] Installing dynamic inline hook at: 0x00007FFAAEA1E8F9 for Extended PCL support
[Info   :     Fixes] [T1-14:22:58.313] [PathingDetours] [.ctor] Installing dynamic inline hook at: 0x00007FFAAEA1E939 for Extended PCL support
[Info   :     Fixes] [T1-14:22:58.313] [PathingDetours] [.ctor] Installing dynamic inline hook at: 0x00007FFAAEA1E979 for Extended PCL support
[Info   :     Fixes] [T1-14:22:58.313] [PathingDetours] [.ctor] Installing dynamic inline hook at: 0x00007FFAAEA1E9B9 for Extended PCL support
[Info   :     Fixes] [T1-14:22:58.313] [PathingDetours] [.ctor] Installing dynamic inline hook at: 0x00007FFAAEA1EA32 for Extended PCL support
[Info   :     Fixes] [T1-14:22:58.313] [GameMapManagedDetours] [.ctor] Applying
[Info   :  SHCDE-SE] [T1-14:22:58.315] [ManagedDetour] [.ctor] Created detour [getPivotOffset]->[GameMap_getPivotOffset_Hook]
[Info   :     Fixes] [T1-14:22:58.316] [HookTransaction[ApplyNative]] Loaded 70 of 70 AOB results from cache.
[Info   :     Fixes] [T1-14:22:58.316] [X64InlineHook] ["c_game_build_wall_hook"] compiled stub at 0x00007FFA3EB007F0, size: 38 bytes (target: 0x00007FFAAE9BF2C2).
[Info   :     Fixes] [T1-14:22:58.316] [X64InlineHook] ["c_game_player_queue_build_wall_hook"] compiled stub at 0x00007FFA3EB008B0, size: 49 bytes (target: 0x00007FFAAE961D4A).
[Info   :     Fixes] [T1-14:22:58.317] [X64InlineHook] ["c_game_player_placing_walls_hook"] compiled stub at 0x00007FFA3EB009A0, size: 105 bytes (target: 0x00007FFAAE9B136F).
[Info   :     Fixes] [T1-14:22:58.317] [X64InlineHook] ["c_game_gatehouse_query_farmerstuck_fix_hook"] compiled stub at 0x00007FFA3EB00C00, size: 88 bytes (target: 0x00007FFAAEA07C39).
[Info   :     Fixes] [T1-14:22:58.318] [X64InlineHook] ["c_game_building_toggle_pause_hook"] compiled stub at 0x00007FFA3EB00DD0, size: 329 bytes (target: 0x00007FFAAEA17F3E).
[Info   :     Fixes] [T1-14:22:58.318] [Detour:c_game_player_spawn_keep_hook] ["c_game_player_spawn_keep_hook"] prepared at 0x00007FFAAE9C4DA0 using Indirect: 9 bytes displaced, trampoline 0x00007FFA3EB01390.
[Info   :     Fixes] [T1-14:22:58.318] [Detour:c_game_ai_siege_master_handler_hook] ["c_game_ai_siege_master_handler_hook"] prepared at 0x00007FFAAE97AE40 using Indirect: 10 bytes displaced, trampoline 0x00007FFA3EB013D0.
[Info   :     Fixes] [T1-14:22:58.319] [X64InlineHook] ["c_game_ai_deploy_harassing_siege_engine_tents_hook"] compiled stub at 0x00007FFA3EB01410, size: 106 bytes (target: 0x00007FFAAE97EFCB).
[Info   :     Fixes] [T1-14:22:58.319] [X64InlineHook] ["c_game_ai_find_valid_siege_tent_site_hook"] compiled stub at 0x00007FFA3EB01620, size: 108 bytes (target: 0x00007FFAAEA3A9F7).
[Info   :     Fixes] [T1-14:22:58.319] [X64InlineHook] ["c_game_ai_count_active_farms_hook"] compiled stub at 0x00007FFA3EB01800, size: 112 bytes (target: 0x00007FFAAEA081E2).
[Info   :     Fixes] [T1-14:22:58.319] [X64InlineHook] ["c_game_aiv_prepare_layout_hook"] compiled stub at 0x00007FFA3EB01A60, size: 22 bytes (target: 0x00007FFAAE9A4C80).
[Info   :     Fixes] [T1-14:22:58.320] [X64InlineHook] ["c_game_attempt_recruit_required_troops_hook"] compiled stub at 0x00007FFA3EB01AE0, size: 49 bytes (target: 0x00007FFAAE990C02).
[Info   :     Fixes] [T1-14:22:58.320] [X64InlineHook] ["c_game_attempt_recruit_required_troops_hook2"] compiled stub at 0x00007FFA3EB01BC0, size: 50 bytes (target: 0x00007FFAAE990C66).
[Info   :     Fixes] [T1-14:22:58.320] [X64InlineHook] ["c_game_attempt_recruit_required_troops_hook3"] compiled stub at 0x00007FFA3EB01CB0, size: 68 bytes (target: 0x00007FFAAE990D0D).
[Info   :     Fixes] [T1-14:22:58.320] [X64InlineHook] ["c_game_ai_train_economy_protection_troops_hook"] compiled stub at 0x00007FFA3EB01DF0, size: 52 bytes (target: 0x00007FFAAE990522).
[Info   :     Fixes] [T1-14:22:58.320] [X64InlineHook] ["c_game_ai_train_economy_protection_troops_hook2"] compiled stub at 0x00007FFA3EB01ED0, size: 57 bytes (target: 0x00007FFAAE990569).
[Info   :     Fixes] [T1-14:22:58.320] [X64InlineHook] ["c_game_ai_train_bodyguard_troops_hook"] compiled stub at 0x00007FFA3EB02000, size: 51 bytes (target: 0x00007FFAAE990313).
[Info   :     Fixes] [T1-14:22:58.320] [X64InlineHook] ["c_game_ai_train_bodyguard_troops_hook2"] compiled stub at 0x00007FFA3EB020E0, size: 57 bytes (target: 0x00007FFAAE990379).
[Info   :     Fixes] [T1-14:22:58.321] [X64InlineHook] ["c_game_ai_move_tribe_to_keep_entrance_hook"] compiled stub at 0x00007FFA3EB02210, size: 215 bytes (target: 0x00007FFAAE98E9BA).
[Info   :     Fixes] [T1-14:22:58.322] [X64InlineHook] ["c_game_ai_recruitmentmode_handler_hook"] compiled stub at 0x00007FFA3EB02610, size: 99 bytes (target: 0x00007FFAAE97F2C5).
[Info   :     Fixes] [T1-14:22:58.322] [X64InlineHook] ["c_game_aiv_validate_building_tile_hook"] compiled stub at 0x00007FFA3EB02830, size: 205 bytes (target: 0x00007FFAAE9CB219).
[Info   :     Fixes] [T1-14:22:58.322] [X64InlineHook] ["c_game_ai_tribe_siege_behaviour_handler_hook"] compiled stub at 0x00007FFA3EB02BE0, size: 140 bytes (target: 0x00007FFAAE98B5C5).
[Info   :     Fixes] [T1-14:22:58.324] [X64InlineHook] ["c_game_ai_tribe_siege_behaviour_handler_hook"] compiled stub at 0x00007FFA3EB02E50, size: 150 bytes (target: 0x00007FFAAE97F8DA).
[Info   :     Fixes] [T1-14:22:58.324] [X64InlineHook] ["c_game_ai_tribe_siege_behaviour_handler_hook2"] compiled stub at 0x00007FFA3EB03080, size: 49 bytes (target: 0x00007FFAAE97F7C5).
[Info   :     Fixes] [T1-14:22:58.324] [X64InlineHook] ["c_game_aiv_orderedmaptileids_hook1"] compiled stub at 0x00007FFA3EB03150, size: 43 bytes (target: 0x00007FFAAE9A1B4A).
[Info   :     Fixes] [T1-14:22:58.325] [X64InlineHook] ["c_game_aiv_orderedmaptileids_hook2"] compiled stub at 0x00007FFA3EB03200, size: 42 bytes (target: 0x00007FFAAE9A1A02).
[Info   :     Fixes] [T1-14:22:58.325] [X64InlineHook] ["c_game_aiv_orderedmaptileids_hook3"] compiled stub at 0x00007FFA3EB032B0, size: 45 bytes (target: 0x00007FFAAE9A1914).
[Info   :     Fixes] [T1-14:22:58.325] [X64InlineHook] ["c_game_aiv_orderedmaptileids_hook4"] compiled stub at 0x00007FFA3EB03370, size: 39 bytes (target: 0x00007FFAAE9A450A).
[Info   :     Fixes] [T1-14:22:58.325] [X64InlineHook] ["c_game_aiv_orderedmaptileids_hook5"] compiled stub at 0x00007FFA3EB03420, size: 39 bytes (target: 0x00007FFAAE9A464A).
[Info   :     Fixes] [T1-14:22:58.325] [X64InlineHook] ["c_game_aiv_orderedmaptileids_hook11"] compiled stub at 0x00007FFA3EB034D0, size: 68 bytes (target: 0x00007FFAAE9A6647).
[Info   :     Fixes] [T1-14:22:58.326] [X64InlineHook] ["c_game_ai_sell_item_handler_hook"] compiled stub at 0x00007FFA3EB03600, size: 75 bytes (target: 0x00007FFAAE98F0C9).
[Info   :     Fixes] [T1-14:22:58.326] [X64InlineHook] ["c_game_ai_deploy_harassing_siege_engine_tents_hook2"] compiled stub at 0x00007FFA3EB03750, size: 90 bytes (target: 0x00007FFAAE97ED16).
[Info   :     Fixes] [T1-14:22:58.326] [X64InlineHook] ["c_game_ai_build_wall_hook"] compiled stub at 0x00007FFA3EB038C0, size: 51 bytes (target: 0x00007FFAAE9BCCC8).
[Info   :     Fixes] [T1-14:22:58.327] [X64InlineHook] ["c_game_ai_build_wall_internal_hook"] compiled stub at 0x00007FFA3EB03990, size: 80 bytes (target: 0x00007FFAAE9C7D43).
[Info   :     Fixes] [T1-14:22:58.327] [X64InlineHook] ["c_game_ai_need_more_ox_bases_hook"] compiled stub at 0x00007FFA3EB03AB0, size: 89 bytes (target: 0x00007FFAAE97DEBA).
[Info   :     Fixes] [T1-14:22:58.327] [X64InlineHook] ["c_game_ai_need_more_ox_bases_hook2"] compiled stub at 0x00007FFA3EB03C50, size: 88 bytes (target: 0x00007FFAAE97DD86).
[Info   :     Fixes] [T1-14:22:58.327] [X64InlineHook] ["UnitUpdate_140714648953136"] compiled stub at 0x00007FFA3EB03DC0, size: 155 bytes (target: 0x00007FFAAEAA6130).
[Info   :     Fixes] [T1-14:22:58.327] [X64InlineHook] ["UnitUpdate_140714648956352"] compiled stub at 0x00007FFA3EB040B0, size: 155 bytes (target: 0x00007FFAAEAA6DC0).
[Info   :     Fixes] [T1-14:22:58.327] [X64InlineHook] ["UnitUpdate_140714648958992"] compiled stub at 0x00007FFA3EB043A0, size: 155 bytes (target: 0x00007FFAAEAA7810).
[Info   :     Fixes] [T1-14:22:58.327] [X64InlineHook] ["UnitUpdate_140714648961056"] compiled stub at 0x00007FFA3EB04690, size: 155 bytes (target: 0x00007FFAAEAA8020).
[Info   :     Fixes] [T1-14:22:58.327] [X64InlineHook] ["UnitUpdate_140714649121520"] compiled stub at 0x00007FFA3EB04980, size: 154 bytes (target: 0x00007FFAAEACF2F0).
[Info   :     Fixes] [T1-14:22:58.331] [Detour:c_game_tribe_remove_unit_type_hook] ["c_game_tribe_remove_unit_type_hook"] prepared at 0x00007FFAAEA74110 using Indirect: 9 bytes displaced, trampoline 0x00007FFA3EB04C90.
[Info   :     Fixes] [T1-14:22:58.331] [X64InlineHook] ["c_game_unit_tunneler_collapse_tunnel_path_hook"] compiled stub at 0x00007FFA3EB04CD0, size: 236 bytes (target: 0x00007FFAAEAD5306).
[Info   :     Fixes] [T1-14:22:58.332] [X64InlineHook] ["c_game_pathfinding_rebuild_hook1"] compiled stub at 0x00007FFA3EB05010, size: 42 bytes (target: 0x00007FFAAEA34B61).
[Info   :     Fixes] [T1-14:22:58.332] [X64InlineHook] ["c_game_pathfinding_rebuild_hook2"] compiled stub at 0x00007FFA3EB05100, size: 49 bytes (target: 0x00007FFAAEA34AA3).
[Info   :     Fixes] [T1-14:22:58.332] [X64InlineHook] ["c_game_pathfinding_rebuild_hook3"] compiled stub at 0x00007FFA3EB051B0, size: 35 bytes (target: 0x00007FFAAEA34DF4).
[Info   :     Fixes] [T1-14:22:58.332] [X64InlineHook] ["c_game_pathfinding_rebuild_hook4"] compiled stub at 0x00007FFA3EB05240, size: 48 bytes (target: 0x00007FFAAEA37CE6).
[Info   :     Fixes] [T1-14:22:58.332] [X64InlineHook] ["c_game_pathfinding_rebuild_hook5"] compiled stub at 0x00007FFA3EB052F0, size: 68 bytes (target: 0x00007FFAAEA37E92).
[Info   :     Fixes] [T1-14:22:58.333] [X64InlineHook] ["c_game_ai_is_keep_siegeable_hook1"] compiled stub at 0x00007FFA3EB05410, size: 37 bytes (target: 0x00007FFAAEA1F4D9).
[Info   :     Fixes] [T1-14:22:58.333] [X64InlineHook] ["newInlineHook"] compiled stub at 0x00007FFA3EB054C0, size: 42 bytes (target: 0x00007FFAAEA1E7FA).
[Info   :     Fixes] [T1-14:22:58.333] [X64InlineHook] ["newInlineHook"] compiled stub at 0x00007FFA3EB05570, size: 42 bytes (target: 0x00007FFAAEA1E839).
[Info   :     Fixes] [T1-14:22:58.333] [X64InlineHook] ["newInlineHook"] compiled stub at 0x00007FFA3EB05620, size: 42 bytes (target: 0x00007FFAAEA1E879).
[Info   :     Fixes] [T1-14:22:58.333] [X64InlineHook] ["newInlineHook"] compiled stub at 0x00007FFA3EB056D0, size: 42 bytes (target: 0x00007FFAAEA1E8B9).
[Info   :     Fixes] [T1-14:22:58.333] [X64InlineHook] ["newInlineHook"] compiled stub at 0x00007FFA3EB05780, size: 42 bytes (target: 0x00007FFAAEA1E8F9).
[Info   :     Fixes] [T1-14:22:58.333] [X64InlineHook] ["newInlineHook"] compiled stub at 0x00007FFA3EB05830, size: 42 bytes (target: 0x00007FFAAEA1E939).
[Info   :     Fixes] [T1-14:22:58.333] [X64InlineHook] ["newInlineHook"] compiled stub at 0x00007FFA3EB058E0, size: 42 bytes (target: 0x00007FFAAEA1E979).
[Info   :     Fixes] [T1-14:22:58.333] [X64InlineHook] ["newInlineHook"] compiled stub at 0x00007FFA3EB05990, size: 42 bytes (target: 0x00007FFAAEA1E9B9).
[Info   :     Fixes] [T1-14:22:58.333] [X64InlineHook] ["newInlineHook"] compiled stub at 0x00007FFA3EB05A40, size: 42 bytes (target: 0x00007FFAAEA1EA32).
[Info   :     Fixes] [T1-14:22:58.333] [X64InlineHook] ["sub_18002C5A0_hook"] compiled stub at 0x00007FFA3EB05AF0, size: 33 bytes (target: 0x00007FFAAE97C5E1).
[Info   :     Fixes] [T1-14:22:58.333] [X64InlineHook] ["sub_18010DCB0_hook"] compiled stub at 0x00007FFA3EB05B80, size: 43 bytes (target: 0x00007FFAAEA5DD50).
[Info   :     Fixes] [T1-14:22:58.333] [X64InlineHook] ["sub_18010F150_hook"] compiled stub at 0x00007FFA3EB05C50, size: 40 bytes (target: 0x00007FFAAEA5F1B3).
[Info   :     Fixes] [T1-14:22:58.333] [X64InlineHook] ["sub_180114760_hook"] compiled stub at 0x00007FFA3EB05CF0, size: 37 bytes (target: 0x00007FFAAEA6488A).
[Info   :     Fixes] [T1-14:22:58.335] [X64InlineHook] ["c_game_building_select_worker_approach_tile_hook1"] compiled stub at 0x00007FFA3EB05D90, size: 266 bytes (target: 0x00007FFAAEA0B44D).
[Info   :     Fixes] [T1-14:22:58.335] [X64InlineHook] ["c_game_building_select_worker_approach_tile_hook2"] compiled stub at 0x00007FFA3EB06230, size: 218 bytes (target: 0x00007FFAAEA0B9A7).
[Info   :     Fixes] [T1-14:22:58.335] [X64InlineHook] ["c_game_build_wall_hook"] hook enabled at 0x00007FFAAE9BF2C2, stub 0x00007FFA3EB007F0.
[Info   :     Fixes] [T1-14:22:58.335] [X64InlineHook] ["c_game_player_queue_build_wall_hook"] hook enabled at 0x00007FFAAE961D4A, stub 0x00007FFA3EB008B0.
[Info   :     Fixes] [T1-14:22:58.335] [X64InlineHook] ["c_game_player_placing_walls_hook"] hook enabled at 0x00007FFAAE9B136F, stub 0x00007FFA3EB009A0.
[Info   :     Fixes] [T1-14:22:58.335] [X64InlineHook] ["c_game_gatehouse_query_farmerstuck_fix_hook"] hook enabled at 0x00007FFAAEA07C39, stub 0x00007FFA3EB00C00.
[Info   :     Fixes] [T1-14:22:58.336] [X64InlineHook] ["c_game_building_toggle_pause_hook"] hook enabled at 0x00007FFAAEA17F3E, stub 0x00007FFA3EB00DD0.
[Info   :     Fixes] [T1-14:22:58.336] [X64InlineHook] ["c_game_ai_deploy_harassing_siege_engine_tents_hook"] hook enabled at 0x00007FFAAE97EFCB, stub 0x00007FFA3EB01410.
[Info   :     Fixes] [T1-14:22:58.336] [X64InlineHook] ["c_game_ai_find_valid_siege_tent_site_hook"] hook enabled at 0x00007FFAAEA3A9F7, stub 0x00007FFA3EB01620.
[Info   :     Fixes] [T1-14:22:58.336] [X64InlineHook] ["c_game_ai_count_active_farms_hook"] hook enabled at 0x00007FFAAEA081E2, stub 0x00007FFA3EB01800.
[Info   :     Fixes] [T1-14:22:58.336] [X64InlineHook] ["c_game_aiv_prepare_layout_hook"] hook enabled at 0x00007FFAAE9A4C80, stub 0x00007FFA3EB01A60.
[Info   :     Fixes] [T1-14:22:58.336] [X64InlineHook] ["c_game_attempt_recruit_required_troops_hook"] hook enabled at 0x00007FFAAE990C02, stub 0x00007FFA3EB01AE0.
[Info   :     Fixes] [T1-14:22:58.336] [X64InlineHook] ["c_game_attempt_recruit_required_troops_hook2"] hook enabled at 0x00007FFAAE990C66, stub 0x00007FFA3EB01BC0.
[Info   :     Fixes] [T1-14:22:58.336] [X64InlineHook] ["c_game_attempt_recruit_required_troops_hook3"] hook enabled at 0x00007FFAAE990D0D, stub 0x00007FFA3EB01CB0.
[Info   :     Fixes] [T1-14:22:58.336] [X64InlineHook] ["c_game_ai_train_economy_protection_troops_hook"] hook enabled at 0x00007FFAAE990522, stub 0x00007FFA3EB01DF0.
[Info   :     Fixes] [T1-14:22:58.336] [X64InlineHook] ["c_game_ai_train_economy_protection_troops_hook2"] hook enabled at 0x00007FFAAE990569, stub 0x00007FFA3EB01ED0.
[Info   :     Fixes] [T1-14:22:58.336] [X64InlineHook] ["c_game_ai_train_bodyguard_troops_hook"] hook enabled at 0x00007FFAAE990313, stub 0x00007FFA3EB02000.
[Info   :     Fixes] [T1-14:22:58.336] [X64InlineHook] ["c_game_ai_train_bodyguard_troops_hook2"] hook enabled at 0x00007FFAAE990379, stub 0x00007FFA3EB020E0.
[Info   :     Fixes] [T1-14:22:58.336] [X64InlineHook] ["c_game_ai_move_tribe_to_keep_entrance_hook"] hook enabled at 0x00007FFAAE98E9BA, stub 0x00007FFA3EB02210.
[Info   :     Fixes] [T1-14:22:58.336] [X64InlineHook] ["c_game_ai_recruitmentmode_handler_hook"] hook enabled at 0x00007FFAAE97F2C5, stub 0x00007FFA3EB02610.
[Info   :     Fixes] [T1-14:22:58.336] [X64InlineHook] ["c_game_aiv_validate_building_tile_hook"] hook enabled at 0x00007FFAAE9CB219, stub 0x00007FFA3EB02830.
[Info   :     Fixes] [T1-14:22:58.336] [X64InlineHook] ["c_game_ai_tribe_siege_behaviour_handler_hook"] hook enabled at 0x00007FFAAE98B5C5, stub 0x00007FFA3EB02BE0.
[Info   :     Fixes] [T1-14:22:58.336] [X64InlineHook] ["c_game_ai_tribe_siege_behaviour_handler_hook"] hook enabled at 0x00007FFAAE97F8DA, stub 0x00007FFA3EB02E50.
[Info   :     Fixes] [T1-14:22:58.336] [X64InlineHook] ["c_game_ai_tribe_siege_behaviour_handler_hook2"] hook enabled at 0x00007FFAAE97F7C5, stub 0x00007FFA3EB03080.
[Info   :     Fixes] [T1-14:22:58.336] [X64InlineHook] ["c_game_aiv_orderedmaptileids_hook1"] hook enabled at 0x00007FFAAE9A1B4A, stub 0x00007FFA3EB03150.
[Info   :     Fixes] [T1-14:22:58.336] [X64InlineHook] ["c_game_aiv_orderedmaptileids_hook2"] hook enabled at 0x00007FFAAE9A1A02, stub 0x00007FFA3EB03200.
[Info   :     Fixes] [T1-14:22:58.336] [X64InlineHook] ["c_game_aiv_orderedmaptileids_hook3"] hook enabled at 0x00007FFAAE9A1914, stub 0x00007FFA3EB032B0.
[Info   :     Fixes] [T1-14:22:58.336] [X64InlineHook] ["c_game_aiv_orderedmaptileids_hook4"] hook enabled at 0x00007FFAAE9A450A, stub 0x00007FFA3EB03370.
[Info   :     Fixes] [T1-14:22:58.336] [X64InlineHook] ["c_game_aiv_orderedmaptileids_hook5"] hook enabled at 0x00007FFAAE9A464A, stub 0x00007FFA3EB03420.
[Info   :     Fixes] [T1-14:22:58.336] [X64InlineHook] ["c_game_aiv_orderedmaptileids_hook11"] hook enabled at 0x00007FFAAE9A6647, stub 0x00007FFA3EB034D0.
[Info   :     Fixes] [T1-14:22:58.336] [X64InlineHook] ["c_game_ai_sell_item_handler_hook"] hook enabled at 0x00007FFAAE98F0C9, stub 0x00007FFA3EB03600.
[Info   :     Fixes] [T1-14:22:58.336] [X64InlineHook] ["c_game_ai_deploy_harassing_siege_engine_tents_hook2"] hook enabled at 0x00007FFAAE97ED16, stub 0x00007FFA3EB03750.
[Info   :     Fixes] [T1-14:22:58.336] [X64InlineHook] ["c_game_ai_build_wall_hook"] hook enabled at 0x00007FFAAE9BCCC8, stub 0x00007FFA3EB038C0.
[Info   :     Fixes] [T1-14:22:58.336] [X64InlineHook] ["c_game_ai_build_wall_internal_hook"] hook enabled at 0x00007FFAAE9C7D43, stub 0x00007FFA3EB03990.
[Info   :     Fixes] [T1-14:22:58.336] [X64InlineHook] ["c_game_ai_need_more_ox_bases_hook"] hook enabled at 0x00007FFAAE97DEBA, stub 0x00007FFA3EB03AB0.
[Info   :     Fixes] [T1-14:22:58.336] [X64InlineHook] ["c_game_ai_need_more_ox_bases_hook2"] hook enabled at 0x00007FFAAE97DD86, stub 0x00007FFA3EB03C50.
[Info   :     Fixes] [T1-14:22:58.336] [X64InlineHook] ["UnitUpdate_140714648953136"] hook enabled at 0x00007FFAAEAA6130, stub 0x00007FFA3EB03DC0.
[Info   :     Fixes] [T1-14:22:58.336] [X64InlineHook] ["UnitUpdate_140714648956352"] hook enabled at 0x00007FFAAEAA6DC0, stub 0x00007FFA3EB040B0.
[Info   :     Fixes] [T1-14:22:58.336] [X64InlineHook] ["UnitUpdate_140714648958992"] hook enabled at 0x00007FFAAEAA7810, stub 0x00007FFA3EB043A0.
[Info   :     Fixes] [T1-14:22:58.336] [X64InlineHook] ["UnitUpdate_140714648961056"] hook enabled at 0x00007FFAAEAA8020, stub 0x00007FFA3EB04690.
[Info   :     Fixes] [T1-14:22:58.336] [X64InlineHook] ["UnitUpdate_140714649121520"] hook enabled at 0x00007FFAAEACF2F0, stub 0x00007FFA3EB04980.
[Info   :     Fixes] [T1-14:22:58.336] [X64InlineHook] ["c_game_unit_tunneler_collapse_tunnel_path_hook"] hook enabled at 0x00007FFAAEAD5306, stub 0x00007FFA3EB04CD0.
[Info   :     Fixes] [T1-14:22:58.336] [X64InlineHook] ["c_game_pathfinding_rebuild_hook1"] hook enabled at 0x00007FFAAEA34B61, stub 0x00007FFA3EB05010.
[Info   :     Fixes] [T1-14:22:58.336] [X64InlineHook] ["c_game_pathfinding_rebuild_hook2"] hook enabled at 0x00007FFAAEA34AA3, stub 0x00007FFA3EB05100.
[Info   :     Fixes] [T1-14:22:58.336] [X64InlineHook] ["c_game_pathfinding_rebuild_hook3"] hook enabled at 0x00007FFAAEA34DF4, stub 0x00007FFA3EB051B0.
[Info   :     Fixes] [T1-14:22:58.336] [X64InlineHook] ["c_game_pathfinding_rebuild_hook4"] hook enabled at 0x00007FFAAEA37CE6, stub 0x00007FFA3EB05240.
[Info   :     Fixes] [T1-14:22:58.336] [X64InlineHook] ["c_game_pathfinding_rebuild_hook5"] hook enabled at 0x00007FFAAEA37E92, stub 0x00007FFA3EB052F0.
[Info   :     Fixes] [T1-14:22:58.336] [X64InlineHook] ["c_game_ai_is_keep_siegeable_hook1"] hook enabled at 0x00007FFAAEA1F4D9, stub 0x00007FFA3EB05410.
[Info   :     Fixes] [T1-14:22:58.336] [X64InlineHook] ["newInlineHook"] hook enabled at 0x00007FFAAEA1E7FA, stub 0x00007FFA3EB054C0.
[Info   :     Fixes] [T1-14:22:58.336] [X64InlineHook] ["newInlineHook"] hook enabled at 0x00007FFAAEA1E839, stub 0x00007FFA3EB05570.
[Info   :     Fixes] [T1-14:22:58.337] [X64InlineHook] ["newInlineHook"] hook enabled at 0x00007FFAAEA1E879, stub 0x00007FFA3EB05620.
[Info   :     Fixes] [T1-14:22:58.337] [X64InlineHook] ["newInlineHook"] hook enabled at 0x00007FFAAEA1E8B9, stub 0x00007FFA3EB056D0.
[Info   :     Fixes] [T1-14:22:58.337] [X64InlineHook] ["newInlineHook"] hook enabled at 0x00007FFAAEA1E8F9, stub 0x00007FFA3EB05780.
[Info   :     Fixes] [T1-14:22:58.337] [X64InlineHook] ["newInlineHook"] hook enabled at 0x00007FFAAEA1E939, stub 0x00007FFA3EB05830.
[Info   :     Fixes] [T1-14:22:58.337] [X64InlineHook] ["newInlineHook"] hook enabled at 0x00007FFAAEA1E979, stub 0x00007FFA3EB058E0.
[Info   :     Fixes] [T1-14:22:58.337] [X64InlineHook] ["newInlineHook"] hook enabled at 0x00007FFAAEA1E9B9, stub 0x00007FFA3EB05990.
[Info   :     Fixes] [T1-14:22:58.337] [X64InlineHook] ["newInlineHook"] hook enabled at 0x00007FFAAEA1EA32, stub 0x00007FFA3EB05A40.
[Info   :     Fixes] [T1-14:22:58.337] [X64InlineHook] ["sub_18002C5A0_hook"] hook enabled at 0x00007FFAAE97C5E1, stub 0x00007FFA3EB05AF0.
[Info   :     Fixes] [T1-14:22:58.337] [X64InlineHook] ["sub_18010DCB0_hook"] hook enabled at 0x00007FFAAEA5DD50, stub 0x00007FFA3EB05B80.
[Info   :     Fixes] [T1-14:22:58.337] [X64InlineHook] ["sub_18010F150_hook"] hook enabled at 0x00007FFAAEA5F1B3, stub 0x00007FFA3EB05C50.
[Info   :     Fixes] [T1-14:22:58.337] [X64InlineHook] ["sub_180114760_hook"] hook enabled at 0x00007FFAAEA6488A, stub 0x00007FFA3EB05CF0.
[Info   :     Fixes] [T1-14:22:58.337] [X64InlineHook] ["c_game_building_select_worker_approach_tile_hook1"] hook enabled at 0x00007FFAAEA0B44D, stub 0x00007FFA3EB05D90.
[Info   :     Fixes] [T1-14:22:58.337] [X64InlineHook] ["c_game_building_select_worker_approach_tile_hook2"] hook enabled at 0x00007FFAAEA0B9A7, stub 0x00007FFA3EB06230.
[Info   :     Fixes] [T1-14:22:58.337] [HookTransaction[ApplyNative]] Commit: "88/88 installed, 0 failed, 20ms (0ms scanning)"
[Info   :  SHCDE-SE] [T1-14:22:58.348] [DetourManager] [ApplyNative] Hook setup completed in 20ms
[Info   :  SHCDE-SE] [T1-14:22:58.414] [LobbyModSettingsStorage] [Load] [Fixes]: Settings restored from [E:\ProgrammeE\Steam\steamapps\common\Stronghold Crusader Definitive Edition\BepInEx\plugins\fixes\LobbyModSettings\Fixes.msgpack]
[Info   :  SHCDE-SE] [T1-14:22:58.418] [GameXAMLManagerAPI] [RegisterLobbyModSettingsCore] Registered mod [Fixes]
[Info   :     Fixes] [T1-14:22:58.418] [Plugin] [LoadExternalConfigs] Loading external configuration...
[Info   :     Fixes] [T1-14:22:58.422] [Plugin] [OverrideGlobals] Overriding globals...
[Info   :   BepInEx] Loading [Unit Limit 1.0.100]
[Info   :     Fixes] [T1-14:22:58.422] [Plugin] [Awake] Plugin Fixes is loaded!
[Debug  :Unit Limit] [2026-09-24 14:22:58.428] Crash breadcrumb diagnostics enabled: plugin=UnitLimit_Serp, ringCapacity=256, snapshotIntervalSeconds=1, retainedSessions=3.
[Debug  :Unit Limit] [2026-09-24 14:22:58.428] Unit Limit 1.0.100 loaded.
[Debug  :Unit Limit] [2026-09-24 14:22:58.433] [Unit Limit] gameplay-mod gate: modGuid=UnitLimit_Serp, source=initialization, kind=Unknown, launchVariant=Standard, customized=False, customizedOrigin=0, modeAllowed=False, configuredEnabled=True, effectiveEnabled=False, action=disabled-by-mode, reason=unknown-fail-closed.
[Info   :Unit Limit] [2026-09-24 14:22:58.435] [UnitLimit_Serp] gameplay-feature gate: feature=UnitLimitEnforcement, source=initialization, kind=Unknown, launchVariant=Standard, realMultiplayer=False, modeAllowed=False, action=disabled-by-feature-mode, reason=unknown-fail-closed.
[Info   :Unit Limit] [2026-09-24 14:22:58.461] Unit Limit verified the installed CrusaderDE.dll: sha256=FBCB93195FC7EFCA9BDAC5204852EFDD76F9818F59A6711750D77C9CEF2831E2, size=3451392, path=E:\ProgrammeE\Steam\steamapps\common\Stronghold Crusader Definitive Edition\Stronghold Crusader Definitive Edition_Data\Plugins\x86_64\CrusaderDE.dll.
[Info   :Serp Localization] [2026-09-24 14:22:58.473] Locale selected: locale=en-US, source=Steam runtime, rawLanguage=english, configuredProvider=detect, scriptExtenderLanguage=en-US, pluginDirectory=E:\ProgrammeE\Steam\steamapps\common\Stronghold Crusader Definitive Edition\BepInEx\plugins\UnitLimit_Serp, englishFileExists=True, localeFileExists=True.
[Info   :  SHCDE-SE] [T1-14:22:58.474] [LobbyModSettingsStorage] [Load] [UnitLimit_Serp]: Settings restored from [E:\ProgrammeE\Steam\steamapps\common\Stronghold Crusader Definitive Edition\BepInEx\plugins\UnitLimit_Serp\LobbyModSettings\UnitLimit_Serp.msgpack]
[Info   :  SHCDE-SE] [T1-14:22:58.479] [GameXAMLManagerAPI] [RegisterLobbyModSettingsCore] Registered mod [UnitLimit_Serp]
[Info   :Unit Limit] [2026-09-24 14:22:58.480] [UnitLimit_Serp] Loaded editable lobby-settings working state; basedOn=, modified=False.
[Info   :  SHCDE-SE] [T1-14:22:58.480] [GameXAMLManagerAPI] [RegisterBinding] Registering auto-binding: [UnitLimitNotificationOverlay]
[Info   :  SHCDE-SE] [T1-14:22:58.480] [GameXAMLManagerAPI] [RegisterBinding] Registering auto-binding: [UnitLimitSiegeNotificationInlineHost]
[Info   :  SHCDE-SE] [T1-14:22:58.480] [GameXAMLManagerAPI] [RegisterBinding] Registering auto-binding: [UnitLimitTroopLimitInlineHost]
[Info   :  SHCDE-SE] [T1-14:22:58.480] [GameXAMLManagerAPI] [RegisterBinding] Registering auto-binding: [UnitLimitArabTroopLimitInlineHost]
[Info   :  SHCDE-SE] [T1-14:22:58.480] [GameXAMLManagerAPI] [RegisterBinding] Registering auto-binding: [UnitLimitBedouinTroopLimitInlineHost]
[Info   :  SHCDE-SE] [T1-14:22:58.480] [GameXAMLManagerAPI] [RegisterBinding] Registering auto-binding: [UnitLimitEngineersLimitInlineHost]
[Info   :  SHCDE-SE] [T1-14:22:58.480] [GameXAMLManagerAPI] [RegisterBinding] Registering auto-binding: [UnitLimitTunellersLimitInlineHost]
[Info   :  SHCDE-SE] [T1-14:22:58.480] [GameXAMLManagerAPI] [RegisterBinding] Registering auto-binding: [UnitLimitMonkLimitInlineHost]
[Info   :  SHCDE-SE] [T1-14:22:58.480] [GameXAMLManagerAPI] [RegisterBinding] Registering auto-binding: [UnitLimitSiegeLimitInlineHost]
[Debug  :Unit Limit] [2026-09-24 14:22:58.480] Unit limit disabled; runtime hooks not subscribed
[Debug  :Unit Limit] [2026-09-24 14:22:58.480] Crusader library loaded; UnitLimit runtime initialized.
[Info   :   BepInEx] Loading [Extra Features 1.0.100]
[Debug  :Extra Features] [2026-09-24 14:22:58.483] Crash breadcrumb diagnostics enabled: plugin=ExtraFeatures_Serp, ringCapacity=256, snapshotIntervalSeconds=1, retainedSessions=3.
[Debug  :Extra Features] [2026-09-24 14:22:58.483] Extra Features 1.0.100 loaded.
[Debug  :Extra Features] [2026-09-24 14:22:58.485] [Extra Features] gameplay-mod gate: modGuid=ExtraFeatures_Serp, source=initialization, kind=Unknown, launchVariant=Standard, customized=False, customizedOrigin=0, modeAllowed=False, configuredEnabled=True, effectiveEnabled=False, action=disabled-by-mode, reason=unknown-fail-closed.
[Info   :Extra Features] [2026-09-24 14:22:58.485] [ExtraFeatures_Serp] gameplay-feature gate: feature=LordHealthMultipliers, source=initialization, kind=Unknown, launchVariant=Standard, realMultiplayer=False, modeAllowed=False, action=disabled-by-feature-mode, reason=unknown-fail-closed.
[Debug  :Extra Features] [2026-09-24 14:22:58.486] Extra Features connected to UnitLimit capacity integration.
[Info   :  SHCDE-SE] [T1-14:22:58.491] [GameNetworkAPI] [GetPacketEventFor] Dynamically registered packet type 'KnightTransformationPacket' with ID: 1101
[Info   :  SHCDE-SE] [T1-14:22:58.491] [GameNetworkAPI] [GetPacketEventFor] Created R3 event stream for packet ID 1101 [KnightTransformationPacket]
[Debug  :Extra Features] [2026-09-24 14:22:58.494] Extra Features Knight transformation persistent Stop/Save/movement/visual infrastructure installed.
[Debug  :Extra Features] [2026-09-24 14:22:58.494] Extra Features Knight transformation synchronization registered: protocolVersion=2.
[Info   :  SHCDE-SE] [T1-14:22:58.494] [GameNetworkAPI] [GetPacketEventFor] Dynamically registered packet type 'GatehouseAutomationPacket' with ID: 1102
[Info   :  SHCDE-SE] [T1-14:22:58.494] [GameNetworkAPI] [GetPacketEventFor] Created R3 event stream for packet ID 1102 [GatehouseAutomationPacket]
[Info   :Extra Features] [2026-09-24 14:22:58.494] Extra Features gatehouse Chore packet registered eagerly: packetId=1102, protocolVersion=1.
[Info   :  SHCDE-SE] [T1-14:22:58.494] [ModSaveDataAPI] [RegisterModDataHandler] Registered handler for [serp-extrafeatures-gatehouse-automation-v1]
[Info   :Extra Features] [2026-09-24 14:22:58.496] Extra Features gatehouse timing is owned by APIShared; no local native timing patch is installed.
[Info   :Extra Features] [2026-09-24 14:22:58.496] Extra Features gatehouse automation initialized; savegames use global building IDs and editor maps use stable locators in save schema v2.
[Debug  :Extra Features] [2026-09-24 14:22:58.496] AI defense repair and rebuild runtime initialized.
[Info   :  SHCDE-SE] [T1-14:22:58.496] [ModSaveDataAPI] [RegisterModDataHandler] Registered handler for [ExtraFeatures.LordHealth.v1]
[Info   :Serp Localization] [2026-09-24 14:22:58.510] Locale selected: locale=en-US, source=Steam runtime, rawLanguage=english, configuredProvider=detect, scriptExtenderLanguage=en-US, pluginDirectory=E:\ProgrammeE\Steam\steamapps\common\Stronghold Crusader Definitive Edition\BepInEx\plugins\ExtraFeatures_Serp, englishFileExists=True, localeFileExists=True.
[Info   :  SHCDE-SE] [T1-14:22:58.513] [LobbyModSettingsStorage] [Load] [ExtraFeatures_Serp]: Settings restored from [E:\ProgrammeE\Steam\steamapps\common\Stronghold Crusader Definitive Edition\BepInEx\plugins\ExtraFeatures_Serp\LobbyModSettings\ExtraFeatures_Serp.msgpack]
[Info   :  SHCDE-SE] [T1-14:22:58.522] [GameXAMLManagerAPI] [RegisterLobbyModSettingsCore] Registered mod [ExtraFeatures_Serp]
[Info   :Extra Features] [2026-09-24 14:22:58.522] [ExtraFeatures_Serp] Loaded editable lobby-settings working state; basedOn=, modified=False.
[Info   :  SHCDE-SE] [T1-14:22:58.522] [GameXAMLManagerAPI] [RegisterBinding] Registering auto-binding: [SerpTroopAction_0100_ExtraFeaturesKnightTransform]
[Info   :  SHCDE-SE] [T1-14:22:58.522] [GameXAMLManagerAPI] [RegisterBinding] Registering auto-binding: [ExtraFeaturesGatehouseAutomationButtonHost]
[Debug  :Extra Features] [2026-09-24 14:22:58.549] Native address resolved: name=default worker-count table, method=reference-rva, rva=0x2E5E58.
[Info   :Extra Features] [2026-09-24 14:22:58.549] Extra Features church worker table found at 00007FFAAEC35DE0.
[Debug  :Extra Features] [2026-09-24 14:22:58.550] Native address resolved: name=plague lifetime instruction, method=reference-rva, rva=0x9A164.
[Info   :  SHCDE-SE] [T1-14:22:58.550] [X64InlineHook] ["handle"] compiled stub at 0x00007FFA3EB06550, size: 182 bytes (target: 0x00007FFAAE9EA176).
[Info   :  SHCDE-SE] [T1-14:22:58.550] [X64InlineHook] ["handle"] hook enabled at 0x00007FFAAE9EA176, stub 0x00007FFA3EB06550.
[Info   :  SHCDE-SE] [T1-14:22:58.550] [HookTransaction[CreateOwnedTransaction]] Commit: "1/1 installed, 0 failed, 0ms (0ms scanning)"
[Debug  :Extra Features] [2026-09-24 14:22:58.552] Native address resolved: name=AI flag projectile routine, method=reference-rva, rva=0x504F0.
[Info   :  SHCDE-SE] [T1-14:22:58.552] [ModSaveDataAPI] [RegisterModDataHandler] Registered handler for [ExtraFeatures.AiFlagDisease.v1]
[Info   :  SHCDE-SE] [T1-14:22:58.552] [Detour:aiFlagRoutineHook] ["aiFlagRoutineHook"] prepared at 0x00007FFAAE9A04F0 using Indirect: 6 bytes displaced, trampoline 0x00007FFA3EB067A0.
[Info   :  SHCDE-SE] [T1-14:22:58.596] [HookTransaction[CreateOwnedTransaction]] Commit: "1/1 installed, 0 failed, 44ms (0ms scanning)"
[Debug  :Extra Features] [2026-09-24 14:22:58.596] Extra Features AI flag disease tracking initialized: routineRva=0x504F0.
[Debug  :Extra Features] [2026-09-24 14:22:58.596] Extra Features AI flag and Cesspit Disease lifetime exceptions initialized: comparisonRva=0x9A176, vanilla=800.
[Debug  :Extra Features] [2026-09-24 14:22:58.597] Native address resolved: name=apothecary plague-search range block, method=reference-rva, rva=0x9F85F.
[Info   :  SHCDE-SE] [T1-14:22:58.598] [X64InlineHook] ["distanceComparisonHook"] compiled stub at 0x00007FFA3EB067E0, size: 53 bytes (target: 0x00007FFAAE9EF866).
[Info   :  SHCDE-SE] [T1-14:22:58.598] [X64InlineHook] ["distanceComparisonHook"] hook enabled at 0x00007FFAAE9EF866, stub 0x00007FFA3EB067E0.
[Info   :  SHCDE-SE] [T1-14:22:58.598] [HookTransaction[CreateOwnedTransaction]] Commit: "1/1 installed, 0 failed, 0ms (0ms scanning)"
[Info   :Extra Features] [2026-09-24 14:22:58.598] Extra Features apothecary plague-search hook installed disabled: startRva=0x9F866, displaced=14, returnRva=0x9F874, rejectRva=0x9F8CD, incomingInteriorTargets=0.
[Debug  :Extra Features] [2026-09-24 14:22:58.599] Native address resolved: name=Monk movement decision, method=reference-rva, rva=0x151436.
[Info   :  SHCDE-SE] [T1-14:22:58.612] [X64InlineHook] ["movementDecisionHook"] compiled stub at 0x00007FFA3EB068E0, size: 143 bytes (target: 0x00007FFAAEAA1436).
[Info   :  SHCDE-SE] [T1-14:22:58.612] [X64InlineHook] ["movementDecisionHook"] hook enabled at 0x00007FFAAEAA1436, stub 0x00007FFA3EB068E0.
[Info   :  SHCDE-SE] [T1-14:22:58.612] [HookTransaction[CreateOwnedTransaction]] Commit: "1/1 installed, 0 failed, 0ms (0ms scanning)"
[Info   :Extra Features] [2026-09-24 14:22:58.612] Extra Features Monk movement hook installed disabled: startRva=0x151436, endRva=0x15144A, instructionLengths=9,2,9, nextRva=0x15144A, incomingInteriorTargets=0, skins=FightingMonk/TempleGuard.
[Debug  :Extra Features] [2026-09-24 14:22:58.614] Native address resolved: name=fear-factor damage helper, method=reference-rva, rva=0x180560.
[Debug  :Extra Features] [2026-09-24 14:22:58.614] Native address resolved: name=fear-factor selected-unit overlay, method=reference-rva, rva=0x1A19F2.
[Info   :Extra Features] [2026-09-24 14:22:58.618] FEAR_FACTOR_VALIDATED: sha256=FBCB93195FC7EFCA9BDAC5204852EFDD76F9818F59A6711750D77C9CEF2831E2, uiStart=0x1A19F2, uiEnd=0x1A1A00, instructionLengths=7,7, next=TEST_EAX_EAX.
[Info   :  SHCDE-SE] [T1-14:22:58.618] [Detour:damageHook] ["damageHook"] prepared at 0x00007FFAAEAD0560 using Indirect: 10 bytes displaced, trampoline 0x00007FFA3EB06AC0.
[Info   :  SHCDE-SE] [T1-14:22:58.618] [X64InlineHook] ["unitOverlayHook"] compiled stub at 0x00007FFA3EB06B00, size: 269 bytes (target: 0x00007FFAAEAF19F2).
[Info   :  SHCDE-SE] [T1-14:22:58.664] [X64InlineHook] ["unitOverlayHook"] hook enabled at 0x00007FFAAEAF19F2, stub 0x00007FFA3EB06B00.
[Info   :Extra Features] [2026-09-24 14:22:58.664] FEAR_FACTOR_NEUTRALIZATION_READY: damageRva=0x180560, damageDetourLength=10, uiHookRva=0x1A19F2, actualUiHookLength=14, scope=allPlayersAndAI, initiallyEnabled=false, registers=All, editorEnabled=true, fearStateMutation=false, hooksInstalledAtomically=true.
[Info   :  SHCDE-SE] [T1-14:22:58.664] [HookTransaction[Apply]] Commit: "2/2 installed, 0 failed, 45ms (0ms scanning)"
[Debug  :Extra Features] [2026-09-24 14:22:58.668] Extra Features gatehouse diagnostic: button visibility state: hidden: mod-disabled.
[Info   :Extra Features] [2026-09-24 14:22:58.670] Extra Features church priest counts applied: enabled=False, church2=1, church3=1.
[Debug  :Extra Features] [2026-09-24 14:22:58.671] Native address resolved: name=AI market buy-price helper, method=reference-rva, rva=0xCEB10.
[Debug  :Extra Features] [2026-09-24 14:22:58.671] Native address resolved: name=AI market sell-price helper, method=reference-rva, rva=0xCEB90.
[Info   :Extra Features] [2026-09-24 14:22:58.691] Extra Features AI market hook spans validated before installation: buy=0xCEB10-0xCEB1A (3+7 bytes), sell=0xCEB90-0xCEB9A (3+7 bytes), nextInstructionLength=5, minimumDetourBytes=6, ripRelative=false, incomingInteriorTargets=0, overlap=false.
[Info   :  SHCDE-SE] [T1-14:22:58.691] [Detour:buyPriceHook] ["buyPriceHook"] prepared at 0x00007FFAAEA1EB10 using Indirect: 10 bytes displaced, trampoline 0x00007FFA3EB06E80.
[Info   :  SHCDE-SE] [T1-14:22:58.691] [Detour:sellPriceHook] ["sellPriceHook"] prepared at 0x00007FFAAEA1EB90 using Indirect: 10 bytes displaced, trampoline 0x00007FFA3EB06EC0.
[Info   :Extra Features] [2026-09-24 14:22:58.781] Extra Features AI Vanilla market-price hooks installed atomically: buyMethod=reference-rva, buyRva=0xCEB10, buySpan=0xCEB10-0xCEB1A; sellMethod=reference-rva, sellRva=0xCEB90, sellSpan=0xCEB90-0xCEB9A; minimumDetourBytes=6.
[Info   :  SHCDE-SE] [T1-14:22:58.781] [HookTransaction[CreateOwnedTransaction]] Commit: "2/2 installed, 0 failed, 90ms (0ms scanning)"
[Debug  :Extra Features] [2026-09-24 14:22:58.782] Crusader library loaded; Extra Features initialization stages completed.
[Info   :   BepInEx] Loading [Bugfixes and QoL 1.0.160]
[Debug  :Bugfixes and QoL] [2026-09-24 14:22:58.787] Crash breadcrumb diagnostics enabled: plugin=BugfixesAndQoL_Serp, ringCapacity=256, snapshotIntervalSeconds=1, retainedSessions=3.
[Debug  :Bugfixes and QoL] [2026-09-24 14:22:58.787] Bugfixes and QoL 1.0.160 loaded.
[Debug  :Bugfixes and QoL] [2026-09-24 14:22:58.808] Bugfixes and QoL Vanilla startup UI-readiness guard installed for the process lifetime.
[Debug  :Bugfixes and QoL] [2026-09-24 14:22:58.817] Bugfixes and QoL resolution-aware extended zoom hooks installed for the process lifetime.
[Info   :Bugfixes and QoL] [2026-09-24 14:22:58.887] Controlled Lord registered with APIShared unit-HUD presentation.
[Info   : APIShared] [2026-09-24 14:22:58.887] capability=gatehouse-distance-origin, build=FBCB93195FC7EFCA9BDAC5204852EFDD76F9818F59A6711750D77C9CEF2831E2, owner=BugfixesAndQoL_Serp, origin=BuildingBoundsCenter, status=applied
[Info   :Bugfixes and QoL] [2026-09-24 14:22:58.887] Gatehouse distance-origin correction is owned by APIShared; no local native patch is installed.
[Info   :Bugfixes and QoL] [2026-09-24 14:22:58.889] Briefing No Starting Gold correction registered with APIShared.
[Info   :  SHCDE-SE] [T1-14:22:58.980] [GameXAMLManagerAPI] [RegisterBinding] Registering auto-binding: [CoopCustomLordSelectionHost]
[Info   :Bugfixes and QoL] [2026-09-24 14:22:58.980] Bugfixes and QoL Coop custom-lord selection initialized.
[Info   :  SHCDE-SE] [T1-14:22:58.981] [ModSaveDataAPI] [RegisterModDataHandler] Registered handler for [BugfixesAndQoL-TrailCustomizationOrigin]
[Info   :  SHCDE-SE] [T1-14:22:58.981] [GameNetworkAPI] [GetPacketEventFor] Dynamically registered packet type 'TrailCustomizationPacket' with ID: 1103
[Info   :  SHCDE-SE] [T1-14:22:58.981] [GameNetworkAPI] [GetPacketEventFor] Created R3 event stream for packet ID 1103 [TrailCustomizationPacket]
[Info   :Bugfixes and QoL] [2026-09-24 14:22:59.052] Trail Customize button feature initialized.
[Info   :  SHCDE-SE] [T1-14:22:59.053] [GameNetworkAPI] [GetPacketEventFor] Dynamically registered packet type 'QuarryPileRelocationPacket' with ID: 1104
[Info   :  SHCDE-SE] [T1-14:22:59.053] [GameNetworkAPI] [GetPacketEventFor] Created R3 event stream for packet ID 1104 [QuarryPileRelocationPacket]
[Info   :  SHCDE-SE] [T1-14:22:59.054] [GameNetworkAPI] [GetPacketEventFor] Dynamically registered packet type 'SingleBuildingPausePacket' with ID: 1105
[Info   :  SHCDE-SE] [T1-14:22:59.054] [GameNetworkAPI] [GetPacketEventFor] Created R3 event stream for packet ID 1105 [SingleBuildingPausePacket]
[Info   :Bugfixes and QoL] [2026-09-24 14:22:59.054] Bugfixes and QoL Chore packet registered eagerly: packetId=1105, protocolVersion=2.
[Info   :  SHCDE-SE] [T1-14:22:59.054] [GameNetworkAPI] [GetPacketEventFor] Dynamically registered packet type 'AssassinClimbStatePacket' with ID: 1106
[Info   :  SHCDE-SE] [T1-14:22:59.054] [GameNetworkAPI] [GetPacketEventFor] Created R3 event stream for packet ID 1106 [AssassinClimbStatePacket]
[Debug  :Bugfixes and QoL] [2026-09-24 14:22:59.054] Bugfixes and QoL Assassin climb-state synchronization registered: protocolVersion=1.
[Debug  :Bugfixes and QoL] [2026-09-24 14:22:59.055] Bugfixes and QoL Assassin climb cancellation subscribed to the Script Extender selected-unit Pre event.
[Info   :  SHCDE-SE] [T1-14:22:59.056] [GameNetworkAPI] [GetPacketEventFor] Dynamically registered packet type 'MultiplayerAivSyncPacket' with ID: 1107
[Info   :  SHCDE-SE] [T1-14:22:59.056] [GameNetworkAPI] [GetPacketEventFor] Created R3 event stream for packet ID 1107 [MultiplayerAivSyncPacket]
[Debug  :Bugfixes and QoL] [2026-09-24 14:22:59.059] Bugfixes and QoL multiplayer AIV sync initialized: packetId=1107, protocol=1.
[Info   :  SHCDE-SE] [T1-14:22:59.059] [GameNetworkAPI] [GetPacketEventFor] Dynamically registered packet type 'MultiplayerGameSpeedChangePacket' with ID: 1108
[Info   :  SHCDE-SE] [T1-14:22:59.059] [GameNetworkAPI] [GetPacketEventFor] Created R3 event stream for packet ID 1108 [MultiplayerGameSpeedChangePacket]
[Info   :Bugfixes and QoL] [2026-09-24 14:22:59.059] Bugfixes and QoL multiplayer game speed: Chore packet registered eagerly: packetId=1108, protocolVersion=2.
[Info   :Bugfixes and QoL] [2026-09-24 14:22:59.091] Bugfixes and QoL multiplayer game speed: managed keybind and in-game options hooks installed.
[Info   :  SHCDE-SE] [T1-14:22:59.091] [GameNetworkAPI] [GetPacketEventFor] Dynamically registered packet type 'SiegeAmmoRestockPacket' with ID: 1109
[Info   :  SHCDE-SE] [T1-14:22:59.091] [GameNetworkAPI] [GetPacketEventFor] Created R3 event stream for packet ID 1109 [SiegeAmmoRestockPacket]
[Info   :Bugfixes and QoL] [2026-09-24 14:22:59.110] fair siege-ammunition hook initialized: packetId=1109, protocol=1.
[Info   :Bugfixes and QoL] [2026-09-24 14:22:59.110] Bugfixes and QoL hostile placement-clearance validation subscribed.
[Debug  :Bugfixes and QoL] [2026-09-24 14:22:59.114] Bugfixes and QoL abrupt host-migration hook installed.
[Info   :  SHCDE-SE] [T1-14:22:59.119] [GameXAMLManagerAPI] [RegisterBinding] Registering auto-binding: [BugfixesAndQoLAivSyncStatusHost]
[Debug  :Bugfixes and QoL] [2026-09-24 14:22:59.121] Bugfixes and QoL deferred market-goods visuals until the game UI resources are ready: mainViewModelReady=False, gameSprites=0, icons=0/20, localizedNames=0/20.
[Info   :Serp Localization] [2026-09-24 14:22:59.134] Locale selected: locale=en-US, source=Steam runtime, rawLanguage=english, configuredProvider=detect, scriptExtenderLanguage=en-US, pluginDirectory=E:\ProgrammeE\Steam\steamapps\common\Stronghold Crusader Definitive Edition\BepInEx\plugins\BugfixesAndQoL_Serp, englishFileExists=True, localeFileExists=True.
[Info   :  SHCDE-SE] [T1-14:22:59.141] [LobbyModSettingsStorage] [Load] [BugfixesAndQoL_Serp]: Settings restored from [E:\ProgrammeE\Steam\steamapps\common\Stronghold Crusader Definitive Edition\BepInEx\plugins\BugfixesAndQoL_Serp\LobbyModSettings\BugfixesAndQoL_Serp.msgpack]
[Info   :  SHCDE-SE] [T1-14:22:59.149] [GameXAMLManagerAPI] [RegisterLobbyModSettingsCore] Registered mod [BugfixesAndQoL_Serp]
[Info   :Bugfixes and QoL] [2026-09-24 14:22:59.149] [BugfixesAndQoL_Serp] Loaded editable lobby-settings working state; basedOn=, modified=False.
[Info   :Bugfixes and QoL] [2026-09-24 14:22:59.153] [BugfixesAndQoL_Serp] Shared per-player lobby convergence activated: settings=[EnableMinimapCursorFollowFix,EnableCompleteNotificationSkipOnClick,EnableMarketKeyMainMenuFix,EnableAutoTradeSellZeroFix,EnableEnemyProximityBulldozeCursorFix,EnableIngameSteamInvitePrompt,ShowSelectedUnitHealth,ImproveYellowLobbyContrast,EnableBriefingNoStartingGoldFix,StatisticsTeamBadgeMode,EnableTroopHudMiddleClickCameraJump,EnableClientFeatures,AllowMinimapWhilePlacingBuilding,PreventMoveOrderOnPlacementCancel,AllowCameraMovementWithModifiers,EnableResolutionAwareExtendedZoom,HdMarketView,MarketGoodsOrder,MultiplayerSafetyCompatibilityReport], required=[MultiplayerSafetyCompatibilityReport].
[Info   :  SHCDE-SE] [T1-14:22:59.153] [GameXAMLManagerAPI] [RegisterBinding] Registering auto-binding: [BugfixesAndQoLSkirmishGameOptionsButtonHost]
[Debug  :Bugfixes and QoL] [2026-09-24 14:22:59.197] BUGFIXES_AND_QOL_SKIRMISH_GAME_OPTIONS_MANAGED_READY: lobby, cow and auto-trading hooks installed.
[Info   :  SHCDE-SE] [T1-14:22:59.197] [GameXAMLManagerAPI] [RegisterBinding] Registering auto-binding: [SerpTroopAction_0200_BugfixesAndQoLAssassinClimb]
[Info   :  SHCDE-SE] [T1-14:22:59.197] [GameXAMLManagerAPI] [RegisterBinding] Registering auto-binding: [BugfixesAndQoLQuarryPileRelocationButtonHost]
[Info   :  SHCDE-SE] [T1-14:22:59.198] [GameNetworkAPI] [GetPacketEventFor] Dynamically registered packet type 'SurrenderRequestPacket' with ID: 1110
[Info   :  SHCDE-SE] [T1-14:22:59.198] [GameNetworkAPI] [GetPacketEventFor] Created R3 event stream for packet ID 1110 [SurrenderRequestPacket]
[Info   :  SHCDE-SE] [T1-14:22:59.198] [GameNetworkAPI] [GetPacketEventFor] Dynamically registered packet type 'SurrenderExecutionPacket' with ID: 1111
[Info   :  SHCDE-SE] [T1-14:22:59.198] [GameNetworkAPI] [GetPacketEventFor] Created R3 event stream for packet ID 1111 [SurrenderExecutionPacket]
[Info   :  SHCDE-SE] [T1-14:22:59.198] [GameNetworkAPI] [GetPacketEventFor] Dynamically registered packet type 'EliminatedPlayerSpectatorPacket' with ID: 1112
[Info   :  SHCDE-SE] [T1-14:22:59.198] [GameNetworkAPI] [GetPacketEventFor] Created R3 event stream for packet ID 1112 [EliminatedPlayerSpectatorPacket]
[Info   :Bugfixes and QoL] [2026-09-24 14:22:59.227] Bugfixes and QoL surrender/statistics initialized: requestPacketId=1110, executionPacketId=1111, spectatorPacketId=1112, requestProtocolVersion=1, statisticsReady=True, statisticsTeamBadgesReady=True.
[Info   :  SHCDE-SE] [T1-14:22:59.230] [GameXAMLManagerAPI] [RegisterBinding] Registering auto-binding: [BugfixesAndQoLSurrenderButtonHost]
[Info   :  SHCDE-SE] [T1-14:22:59.230] [GameXAMLManagerAPI] [RegisterBinding] Registering auto-binding: [BugfixesAndQoLSpectatorStatisticsRefreshHost]
[Info   :  SHCDE-SE] [T1-14:22:59.230] [GameXAMLManagerAPI] [RegisterBinding] Registering auto-binding: [BugfixesAndQoLSelectedUnitHealthHost]
[Debug  :Bugfixes and QoL] [2026-09-24 14:22:59.257] Keep-flag rotation fix installed; scanDelayTicks=3, modeFilter=new-map-only.
[Info   :  SHCDE-SE] [T1-14:22:59.288] [Detour:notificationUpdateHook] ["notificationUpdateHook"] prepared at 0x00007FFAAEA4E570 using Indirect: 6 bytes displaced, trampoline 0x00007FFA3EB06F00.
[Info   :  SHCDE-SE] [T1-14:22:59.342] [HookTransaction[CreateOwnedTransaction]] Commit: "1/1 installed, 0 failed, 53ms (0ms scanning)"
[Debug  :Bugfixes and QoL] [2026-09-24 14:22:59.342] Bugfixes and QoL complete notification-skip hooks installed for the process lifetime.
[Debug  :Bugfixes and QoL] [2026-09-24 14:22:59.344] Native address resolved: name=Assassin path-cost builder, method=reference-rva, rva=0xD9C40.
[Debug  :Bugfixes and QoL] [2026-09-24 14:22:59.345] Native address resolved: name=Assassin path reconstruction endpoint-building guards, method=reference-rva, rva=0xE19D4.
[Info   :  SHCDE-SE] [T1-14:22:59.346] [X64InlineHook] ["handle"] compiled stub at 0x00007FFA3EB06F40, size: 68 bytes (target: 0x00007FFAAEA319D8).
[Info   :  SHCDE-SE] [T1-14:22:59.346] [X64InlineHook] ["handle"] compiled stub at 0x00007FFA3EB07090, size: 86 bytes (target: 0x00007FFAAEA319F9).
[Info   :  SHCDE-SE] [T1-14:22:59.346] [X64InlineHook] ["handle"] hook enabled at 0x00007FFAAEA319D8, stub 0x00007FFA3EB06F40.
[Info   :  SHCDE-SE] [T1-14:22:59.346] [X64InlineHook] ["handle"] hook enabled at 0x00007FFAAEA319F9, stub 0x00007FFA3EB07090.
[Info   :  SHCDE-SE] [T1-14:22:59.346] [HookTransaction[CreateOwnedTransaction]] Commit: "2/2 installed, 0 failed, 0ms (0ms scanning)"
[Debug  :Bugfixes and QoL] [2026-09-24 14:22:59.346] Assassin path reconstruction permanent hooks installed: currentRva=0xE19D8, currentDisplaced=18, neighborRva=0xE19F9, neighborDisplaced=23.
[Info   :  SHCDE-SE] [T1-14:22:59.346] [Detour:detour] ["detour"] prepared at 0x00007FFAAEA29C40 using Indirect: 10 bytes displaced, trampoline 0x00007FFA3EB07200.
[Info   :  SHCDE-SE] [T1-14:22:59.400] [HookTransaction[CreateOwnedTransaction]] Commit: "1/1 installed, 0 failed, 53ms (0ms scanning)"
[Debug  :Bugfixes and QoL] [2026-09-24 14:22:59.401] Bugfixes and QoL weighted Assassin pathfinding installed at RVA 0xD9C40; climb costs=80/240/400 ticks.
[Info   :  SHCDE-SE] [T1-14:22:59.402] [X64InlineHook] ["handle"] compiled stub at 0x00007FFA3EB07240, size: 269 bytes (target: 0x00007FFAAEAE7716).
[Info   :  SHCDE-SE] [T1-14:22:59.402] [X64InlineHook] ["handle"] hook enabled at 0x00007FFAAEAE7716, stub 0x00007FFA3EB07240.
[Info   :  SHCDE-SE] [T1-14:22:59.402] [HookTransaction[CreateOwnedTransaction]] Commit: "1/1 installed, 0 failed, 0ms (0ms scanning)"
[Info   :Bugfixes and QoL] [2026-09-24 14:22:59.402] installed Assassin post-combat path-context hook at RVA 0x197716.
[Debug  :Bugfixes and QoL] [2026-09-24 14:22:59.404] Native address resolved: name=pre-terrain movement-speed adjustment, method=reference-rva, rva=0x19B506.
[Debug  :Bugfixes and QoL] [2026-09-24 14:22:59.404] Native address resolved: name=unit-type update dispatch, method=reference-rva, rva=0x18410C.
[Debug  :Bugfixes and QoL] [2026-09-24 14:22:59.404] Native address resolved: name=movement cadence, method=reference-rva, rva=0x184203.
[Debug  :Bugfixes and QoL] [2026-09-24 14:22:59.404] Native address resolved: name=Spearman movement decision for rally cadence, method=reference-rva, rva=0x143BD9.
[Info   :  SHCDE-SE] [T1-14:22:59.448] [X64InlineHook] ["movementSpeedAdjustmentHook"] compiled stub at 0x00007FFA3EB075D0, size: 173 bytes (target: 0x00007FFAAEAEB506).
[Info   :  SHCDE-SE] [T1-14:22:59.450] [X64InlineHook] ["movementCadenceHook"] compiled stub at 0x00007FFA3EB07880, size: 2722 bytes (target: 0x00007FFAAEAD4203).
[Info   :  SHCDE-SE] [T1-14:22:59.450] [X64InlineHook] ["movementSpeedAdjustmentHook"] hook enabled at 0x00007FFAAEAEB506, stub 0x00007FFA3EB075D0.
[Info   :  SHCDE-SE] [T1-14:22:59.450] [X64InlineHook] ["movementCadenceHook"] hook enabled at 0x00007FFAAEAD4203, stub 0x00007FFA3EB07880.
[Info   :  SHCDE-SE] [T1-14:22:59.450] [HookTransaction[CreateOwnedTransaction]] Commit: "2/2 installed, 0 failed, 3ms (0ms scanning)"
[Debug  :Bugfixes and QoL] [2026-09-24 14:22:59.451] Native address resolved: name=Spearman movement decision, method=reference-rva, rva=0x143BD9.
[Info   :  SHCDE-SE] [T1-14:22:59.451] [X64InlineHook] ["movementDecisionHook"] compiled stub at 0x00007FFA3EB09890, size: 144 bytes (target: 0x00007FFAAEA93BD9).
[Info   :  SHCDE-SE] [T1-14:22:59.451] [X64InlineHook] ["movementDecisionHook"] hook enabled at 0x00007FFAAEA93BD9, stub 0x00007FFA3EB09890.
[Info   :  SHCDE-SE] [T1-14:22:59.451] [HookTransaction[CreateOwnedTransaction]] Commit: "1/1 installed, 0 failed, 0ms (0ms scanning)"
[Debug  :Bugfixes and QoL] [2026-09-24 14:22:59.451] Movement features: sameSpeed=True, rally=False, nativeFastpaths=True.
[Debug  :Bugfixes and QoL] [2026-09-24 14:22:59.452] Bugfixes and QoL quarry-pile runtime: validated Vanilla GameBuilding structure-group layout: size=0x32C, pileIdOffset=0x192, structureGroupOffset=0x2A8.
[Debug  :Bugfixes and QoL] [2026-09-24 14:22:59.452] Native address resolved: name=quarry-pile Vanilla candidate helper, method=reference-rva, rva=0xC0270.
[Debug  :Bugfixes and QoL] [2026-09-24 14:22:59.453] Native address resolved: name=building sleep-state synchronization function, method=reference-rva, rva=0xC7D50.
[Debug  :Bugfixes and QoL] [2026-09-24 14:22:59.453] Native address resolved: name=building sleep-state comparison, method=reference-rva, rva=0xC7DCB.
[Debug  :Bugfixes and QoL] [2026-09-24 14:22:59.453] Native address resolved: name=AI resource-shortage sleep planner, method=reference-rva, rva=0x2AA20.
[Debug  :Bugfixes and QoL] [2026-09-24 14:22:59.453] Native address resolved: name=AI emergency-demolition comparison, method=reference-rva, rva=0x2F454.
[Debug  :Bugfixes and QoL] [2026-09-24 14:22:59.453] Native address resolved: name=AI hovel-demolition function, method=reference-rva, rva=0x3B1D0.
[Debug  :Bugfixes and QoL] [2026-09-24 14:22:59.453] Native address resolved: name=general AI inaccessible-building decision, method=reference-rva, rva=0xC8FD7.
[Info   :  SHCDE-SE] [T1-14:22:59.455] [X64InlineHook] ["handle"] compiled stub at 0x00007FFA3EB09A30, size: 171 bytes (target: 0x00007FFAAEA17DCB).
[Info   :  SHCDE-SE] [T1-14:22:59.455] [X64InlineHook] ["handle"] compiled stub at 0x00007FFA3EB09C70, size: 165 bytes (target: 0x00007FFAAE97F454).
[Info   :  SHCDE-SE] [T1-14:22:59.455] [X64InlineHook] ["handle"] compiled stub at 0x00007FFA3EB09E90, size: 213 bytes (target: 0x00007FFAAEA18FD7).
[Info   :  SHCDE-SE] [T1-14:22:59.455] [Detour:aiHovelDemolitionHook] ["aiHovelDemolitionHook"] prepared at 0x00007FFAAE98B1D0 using Indirect: 6 bytes displaced, trampoline 0x00007FFA3EB0A170.
[Info   :  SHCDE-SE] [T1-14:22:59.455] [Detour:aiResourceShortageSleepHook] ["aiResourceShortageSleepHook"] prepared at 0x00007FFAAE97AA20 using Indirect: 7 bytes displaced, trampoline 0x00007FFA3EB0A1B0.
[Info   :  SHCDE-SE] [T1-14:22:59.455] [X64InlineHook] ["handle"] hook enabled at 0x00007FFAAEA17DCB, stub 0x00007FFA3EB09A30.
[Info   :  SHCDE-SE] [T1-14:22:59.455] [X64InlineHook] ["handle"] hook enabled at 0x00007FFAAE97F454, stub 0x00007FFA3EB09C70.
[Info   :  SHCDE-SE] [T1-14:22:59.455] [X64InlineHook] ["handle"] hook enabled at 0x00007FFAAEA18FD7, stub 0x00007FFA3EB09E90.
[Info   :  SHCDE-SE] [T1-14:22:59.546] [HookTransaction[CreateOwnedTransaction]] Commit: "5/5 installed, 0 failed, 91ms (0ms scanning)"
[Debug  :Bugfixes and QoL] [2026-09-24 14:22:59.556] Native address resolved: name=unit-type update dispatch for movement cadence, method=reference-rva, rva=0x18410C.
[Info   :Bugfixes and QoL] [2026-09-24 14:22:59.572] Bugfixes and QoL stage=friendly-moat-movement-weighted-cadence-resolver dispatchRva=0x18410C tableRva=0x321CB0 handlers=86 resolvedTypes=27/89 mode=read-only-no-audited-type-table.
[Info   :  SHCDE-SE] [T1-14:22:59.573] [Detour:detour.Handle] ["detour.Handle"] prepared at 0x00007FFAAEADE1E0 using Indirect: 7 bytes displaced, trampoline 0x00007FFA3EB0A1F0.
[Info   :  SHCDE-SE] [T1-14:22:59.573] [Detour:detour.Handle] ["detour.Handle"] prepared at 0x00007FFAAEAD53F0 using Indirect: 6 bytes displaced, trampoline 0x00007FFA3EB0A230.
[Info   :  SHCDE-SE] [T1-14:22:59.575] [Detour:detour.Handle] ["detour.Handle"] prepared at 0x00007FFAAEAE5E30 using Indirect: 10 bytes displaced, trampoline 0x00007FFA3EB0A270.
[Info   :  SHCDE-SE] [T1-14:22:59.575] [Detour:detour.Handle] ["detour.Handle"] prepared at 0x00007FFAAEA44930 using Indirect: 10 bytes displaced, trampoline 0x00007FFA3EB0A2B0.
[Info   :  SHCDE-SE] [T1-14:22:59.575] [Detour:detour.Handle] ["detour.Handle"] prepared at 0x00007FFAAEA332B0 using Indirect: 6 bytes displaced, trampoline 0x00007FFA3EB0A2F0.
[Info   :  SHCDE-SE] [T1-14:22:59.575] [Detour:detour.Handle] ["detour.Handle"] prepared at 0x00007FFAAEA74740 using Indirect: 10 bytes displaced, trampoline 0x00007FFA3EB0A330.
[Info   :  SHCDE-SE] [T1-14:22:59.575] [Detour:detour.Handle] ["detour.Handle"] prepared at 0x00007FFAAEA67BC0 using Indirect: 10 bytes displaced, trampoline 0x00007FFA3EB0A370.
[Info   :  SHCDE-SE] [T1-14:22:59.575] [Detour:detour.Handle] ["detour.Handle"] prepared at 0x00007FFAAEAE6840 using Indirect: 10 bytes displaced, trampoline 0x00007FFA3EB0A3B0.
[Info   :  SHCDE-SE] [T1-14:22:59.576] [Detour:detour.Handle] ["detour.Handle"] prepared at 0x00007FFAAEA37C40 using Indirect: 9 bytes displaced, trampoline 0x00007FFA3EB0A3F0.
[Info   :  SHCDE-SE] [T1-14:22:59.576] [Detour:detour.Handle] ["detour.Handle"] prepared at 0x00007FFAAEA39FF0 using Indirect: 10 bytes displaced, trampoline 0x00007FFA3EB0A430.
[Info   :  SHCDE-SE] [T1-14:22:59.576] [X64InlineHook] ["selectionCallHooks[i]"] compiled stub at 0x00007FFA3EB0A470, size: 272 bytes (target: 0x00007FFAAE9DD724).
[Info   :  SHCDE-SE] [T1-14:22:59.577] [X64InlineHook] ["selectionCallHooks[i]"] compiled stub at 0x00007FFA3EB0A760, size: 265 bytes (target: 0x00007FFAAE9DE2B8).
[Info   :  SHCDE-SE] [T1-14:22:59.577] [X64InlineHook] ["selectionCallHooks[i]"] compiled stub at 0x00007FFA3EB0AA40, size: 272 bytes (target: 0x00007FFAAE9DE550).
[Info   :  SHCDE-SE] [T1-14:22:59.577] [X64InlineHook] ["selectionCallHooks[i]"] compiled stub at 0x00007FFA3EB0AD30, size: 273 bytes (target: 0x00007FFAAE9DF325).
[Info   :  SHCDE-SE] [T1-14:22:59.577] [X64InlineHook] ["selectionCallHooks[i]"] compiled stub at 0x00007FFA3EB0B030, size: 266 bytes (target: 0x00007FFAAEA07161).
[Info   :  SHCDE-SE] [T1-14:22:59.577] [X64InlineHook] ["selectionCallHooks[i]"] compiled stub at 0x00007FFA3EB0B320, size: 269 bytes (target: 0x00007FFAAEA07321).
[Info   :  SHCDE-SE] [T1-14:22:59.577] [Detour:detour.Handle] ["detour.Handle"] prepared at 0x00007FFAAEA32CA0 using Indirect: 10 bytes displaced, trampoline 0x00007FFA3EB0B620.
[Info   :  SHCDE-SE] [T1-14:22:59.577] [Detour:detour.Handle] ["detour.Handle"] prepared at 0x00007FFAAEA39D90 using Indirect: 6 bytes displaced, trampoline 0x00007FFA3EB0B660.
[Info   :  SHCDE-SE] [T1-14:23:00.024] [X64InlineHook] ["selectionCallHooks[i]"] hook enabled at 0x00007FFAAE9DD724, stub 0x00007FFA3EB0A470.
[Info   :  SHCDE-SE] [T1-14:23:00.024] [X64InlineHook] ["selectionCallHooks[i]"] hook enabled at 0x00007FFAAE9DE2B8, stub 0x00007FFA3EB0A760.
[Info   :  SHCDE-SE] [T1-14:23:00.024] [X64InlineHook] ["selectionCallHooks[i]"] hook enabled at 0x00007FFAAE9DE550, stub 0x00007FFA3EB0AA40.
[Info   :  SHCDE-SE] [T1-14:23:00.024] [X64InlineHook] ["selectionCallHooks[i]"] hook enabled at 0x00007FFAAE9DF325, stub 0x00007FFA3EB0AD30.
[Info   :  SHCDE-SE] [T1-14:23:00.024] [X64InlineHook] ["selectionCallHooks[i]"] hook enabled at 0x00007FFAAEA07161, stub 0x00007FFA3EB0B030.
[Info   :  SHCDE-SE] [T1-14:23:00.024] [X64InlineHook] ["selectionCallHooks[i]"] hook enabled at 0x00007FFAAEA07321, stub 0x00007FFA3EB0B320.
[Info   :  SHCDE-SE] [T1-14:23:00.111] [HookTransaction[CreateOwnedHookTransaction]] Commit: "18/18 installed, 0 failed, 537ms (0ms scanning)"
[Info   :Bugfixes and QoL] [2026-09-24 14:23:00.111] Friendly Moat Movement final candidate installed: cursorGate=0x8F388/jump=0x8F393(vanilla), cursorRegion=0xE9D90, cursorDirect=0xE9FF0, cursorPair=0xE2CA0, representativeUnit=0x18D460, attackPairGates=0x8D72B/0x8E2C6/0x8E557(all-vanilla), selectionCallAdapters=6, seSelectionResultPreserved=true, plan=0x18E1E0, mode=0x196840, region=0xE7C40, builder=0xF4930, postCombatResume=0x1853F0->0x1976C0->0x196280, directCursorMove=0x195E30, selectionCanDigMoat=0x191C00/call=0x8D3CE, tribeFloodFill=0x124740, moatLookup=0x69560; groupMoatMode=0x117BC0/iterator=0x119F90/call=0x11B666; friendlyAndAlliedCompletedMoats=true, enemyMoats=fail-closed-experimental, weightedMoatRouting=functional/speedContracts=0x19B506/0x184203/0x1855A0/0x1857AA/consumerContracts=0x19670C/0x185934.
[Info   :  SHCDE-SE] [T1-14:23:00.112] [Detour:detour.Handle] ["detour.Handle"] prepared at 0x00007FFAAEA070C0 using Indirect: 6 bytes displaced, trampoline 0x00007FFA3EB0B6A0.
[Info   :  SHCDE-SE] [T1-14:23:00.158] [HookTransaction[CreateOwnedHookTransaction]] Commit: "1/1 installed, 0 failed, 45ms (0ms scanning)"
[Info   :Bugfixes and QoL] [2026-09-24 14:23:00.158] Bugfixes and QoL friendly-moat-movement building cursor reachability installed: helper=0xB70C0, call=0x8DFF6.
[Info   :  SHCDE-SE] [T1-14:23:00.159] [Detour:detour.Handle] ["detour.Handle"] prepared at 0x00007FFAAEA2BC60 using Indirect: 6 bytes displaced, trampoline 0x00007FFA3EB0B6E0.
[Info   :  SHCDE-SE] [T1-14:23:00.160] [Detour:detour.Handle] ["detour.Handle"] prepared at 0x00007FFAAEA2A020 using Indirect: 6 bytes displaced, trampoline 0x00007FFA3EB0B720.
[Info   :  SHCDE-SE] [T1-14:23:00.160] [Detour:detour.Handle] ["detour.Handle"] prepared at 0x00007FFAAEA73090 using Indirect: 10 bytes displaced, trampoline 0x00007FFA3EB0B760.
[Info   :  SHCDE-SE] [T1-14:23:00.160] [Detour:detour.Handle] ["detour.Handle"] prepared at 0x00007FFAAEA32610 using Indirect: 6 bytes displaced, trampoline 0x00007FFA3EB0B7A0.
[Info   :  SHCDE-SE] [T1-14:23:00.336] [HookTransaction[CreateOwnedHookTransaction]] Commit: "4/4 installed, 0 failed, 177ms (0ms scanning)"
[Info   :Bugfixes and QoL] [2026-09-24 14:23:00.336] Bugfixes and QoL friendly-moat-movement attack-approach hooks installed: unitFlood=0xDBC60, buildingApproach=0xDA020, buildingConsumer=0x123090, regionPair=0xE2610, vanillaGroupMode=0x117C70, directFillApproach=0xE7F60->0xE81EB.
[Info   :  SHCDE-SE] [T1-14:23:00.338] [Detour:detour.Handle] ["detour.Handle"] prepared at 0x00007FFAAE9B9D60 using Indirect: 9 bytes displaced, trampoline 0x00007FFA3EB0B7E0.
[Info   :  SHCDE-SE] [T1-14:23:00.338] [Detour:detour.Handle] ["detour.Handle"] prepared at 0x00007FFAAE9BAF60 using Indirect: 6 bytes displaced, trampoline 0x00007FFA3EB0B820.
[Info   :  SHCDE-SE] [T1-14:23:00.338] [Detour:detour.Handle] ["detour.Handle"] prepared at 0x00007FFAAE9BC490 using Indirect: 10 bytes displaced, trampoline 0x00007FFA3EB0B860.
[Info   :  SHCDE-SE] [T1-14:23:00.469] [HookTransaction[CreateOwnedHookTransaction]] Commit: "3/3 installed, 0 failed, 131ms (0ms scanning)"
[Info   :Bugfixes and QoL] [2026-09-24 14:23:00.469] Bugfixes and QoL friendly-moat-movement moat-work target selection installed: selector=0x69D60, resolver=0x6AF60, fillApproach=0x6C490, regionPair=0xE2610, regionSearch=0xE7C40.
[Info   :  SHCDE-SE] [T1-14:23:00.485] [Detour:detour.Handle] ["detour.Handle"] prepared at 0x00007FFAAEA290D0 using Indirect: 10 bytes displaced, trampoline 0x00007FFA3EB0B8A0.
[Info   :  SHCDE-SE] [T1-14:23:00.485] [Detour:detour.Handle] ["detour.Handle"] prepared at 0x00007FFAAE9A9210 using Indirect: 10 bytes displaced, trampoline 0x00007FFA3EB0B8E0.
[Info   :  SHCDE-SE] [T1-14:23:00.485] [Detour:detour.Handle] ["detour.Handle"] prepared at 0x00007FFAAE9B1E70 using Indirect: 6 bytes displaced, trampoline 0x00007FFA3EB0B920.
[Info   :  SHCDE-SE] [T1-14:23:00.485] [Detour:detour.Handle] ["detour.Handle"] prepared at 0x00007FFAAEA2AA50 using Indirect: 10 bytes displaced, trampoline 0x00007FFA3EB0B960.
[Info   :  SHCDE-SE] [T1-14:23:00.486] [X64InlineHook] ["preBuilderRecoveryHook"] compiled stub at 0x00007FFA3EB0B9A0, size: 87 bytes (target: 0x00007FFAAEAE664B).
[Info   :  SHCDE-SE] [T1-14:23:00.486] [Detour:detour.Handle] ["detour.Handle"] prepared at 0x00007FFAAEA31D30 using Indirect: 10 bytes displaced, trampoline 0x00007FFA3EB0BB00.
[Info   :  SHCDE-SE] [T1-14:23:00.486] [Detour:detour.Handle] ["detour.Handle"] prepared at 0x00007FFAAEA30970 using Indirect: 10 bytes displaced, trampoline 0x00007FFA3EB0BB40.
[Info   :  SHCDE-SE] [T1-14:23:00.486] [Detour:detour.Handle] ["detour.Handle"] prepared at 0x00007FFAAEA68E00 using Indirect: 10 bytes displaced, trampoline 0x00007FFA3EB0BB80.
[Info   :  SHCDE-SE] [T1-14:23:00.487] [Detour:detour.Handle] ["detour.Handle"] prepared at 0x00007FFAAEAD1890 using Indirect: 10 bytes displaced, trampoline 0x00007FFA3EB0BBC0.
[Info   :  SHCDE-SE] [T1-14:23:00.487] [Detour:detour.Handle] ["detour.Handle"] prepared at 0x00007FFAAEA403C0 using Indirect: 6 bytes displaced, trampoline 0x00007FFA3EB0BC00.
[Info   :  SHCDE-SE] [T1-14:23:00.663] [X64InlineHook] ["preBuilderRecoveryHook"] hook enabled at 0x00007FFAAEAE664B, stub 0x00007FFA3EB0B9A0.
[Info   :  SHCDE-SE] [T1-14:23:00.879] [HookTransaction[CreateOwnedHookTransaction]] Commit: "10/10 installed, 0 failed, 394ms (0ms scanning)"
[Info   :Bugfixes and QoL] [2026-09-24 14:23:00.880] Bugfixes and QoL friendly-moat-movement placement hooks installed: commonGroup=0x118E00 formationSlot=0xE1D30 assassinGroundSlot=0xE0970 unstack=0x181890 freePlace=0xF03C0; native Unit event retained, terrain unchanged.
[Info   :Bugfixes and QoL] [2026-09-24 14:23:00.880] Bugfixes and QoL friendly moat movement initialized: mode=0, improvedFill=True, ladderAttackFix=True.
[Info   :  SHCDE-SE] [T1-14:23:00.887] [GameTribeManagerAPI] [.ctor] _tribeManager: 00007FFAB6616720
[Info   :  SHCDE-SE] [T1-14:23:00.887] [GameTribeManagerAPI] [.ctor] _tribesArray: 00007FFAB661674A
[Info   :  SHCDE-SE] [T1-14:23:00.888] [GameTribeManagerAPI] [.ctor] SizeOf(GameTribeManagerAPI)=1714, SizeOf(GameTribe)=1672
[Info   :  SHCDE-SE] [T1-14:23:00.888] [Detour:waypointAppendHook] ["waypointAppendHook"] prepared at 0x00007FFAAEA6C3A0 using Indirect: 8 bytes displaced, trampoline 0x00007FFA3EB0BC40.
[Info   :  SHCDE-SE] [T1-14:23:00.888] [Detour:tribeOverlayRenderHook] ["tribeOverlayRenderHook"] prepared at 0x00007FFAAEA722A0 using Indirect: 10 bytes displaced, trampoline 0x00007FFA3EB0BC80.
[Info   :  SHCDE-SE] [T1-14:23:00.977] [HookTransaction[Install]] Commit: "2/2 installed, 0 failed, 88ms (0ms scanning)"
[Info   :  SHCDE-SE] [T1-14:23:00.977] [Detour:moveChoreHandlerHook] ["moveChoreHandlerHook"] prepared at 0x00007FFAAE960AE0 using Indirect: 6 bytes displaced, trampoline 0x00007FFA3EB0BCC0.
[Info   :  SHCDE-SE] [T1-14:23:00.978] [Detour:targetOrderChoreHandlerHook] ["targetOrderChoreHandlerHook"] prepared at 0x00007FFAAE962BF0 using Indirect: 6 bytes displaced, trampoline 0x00007FFA3EB0BD00.
[Info   :  SHCDE-SE] [T1-14:23:01.066] [HookTransaction[InstallMultiplayerSynchronization]] Commit: "2/2 installed, 0 failed, 88ms (0ms scanning)"
[Info   :  SHCDE-SE] [T1-14:23:01.067] [Detour:drawSubmissionHook] ["drawSubmissionHook"] prepared at 0x00007FFAAE9917A0 using Indirect: 10 bytes displaced, trampoline 0x00007FFA3EB0BD40.
[Info   :  SHCDE-SE] [T1-14:23:01.112] [HookTransaction[InstallOptionalDrawFilter]] Commit: "1/1 installed, 0 failed, 44ms (0ms scanning)"
[Info   :  SHCDE-SE] [T1-14:23:01.113] [Detour:resetDrawListHook] ["resetDrawListHook"] prepared at 0x00007FFAAE991D10 using Indirect: 6 bytes displaced, trampoline 0x00007FFA3EB0BD80.
[Info   :  SHCDE-SE] [T1-14:23:01.113] [X64InlineHook] ["handle"] compiled stub at 0x00007FFA3EB0BDC0, size: 272 bytes (target: 0x00007FFAAE9936DE).
[Info   :  SHCDE-SE] [T1-14:23:01.157] [X64InlineHook] ["handle"] hook enabled at 0x00007FFAAE9936DE, stub 0x00007FFA3EB0BDC0.
[Info   :  SHCDE-SE] [T1-14:23:01.158] [HookTransaction[CreateOwnedTransaction]] Commit: "2/2 installed, 0 failed, 45ms (0ms scanning)"
[Info   :Bugfixes and QoL] [2026-09-24 14:23:01.158] Large Move marker renderer ready: reset=0x41D10/span80, visible=0x436DE/span17.
[Info   :Bugfixes and QoL] [2026-09-24 14:23:01.164] Move formation drag R3 input, selection transition, and full Vanilla EngineInterface.run transaction installed for the process lifetime.
[Debug  :Bugfixes and QoL] [2026-09-24 14:23:01.164] Extended Shift command queue setting applied: enabled=True.
[Info   :Bugfixes and QoL] [2026-09-24 14:23:01.164] INITIALIZED: waypointRva=0x11C3A0, functionSize=71, movementCompleteRva=0x1178D0, overlayRenderRva=0x1222A0, tribeUnassign=SHCDESE-2.3.0-wrapper, drawFilterInstalled=True, targetMarkerProjectionAvailable=True, largeMoveMarkerOverflowAvailable=True, multiplayerSynchronizationReady=True, GameTribeSize=0x688, queueLimit=128, featureEnabled=True. Command capture no longer depends on an OnStartMap event.
[Debug  :Bugfixes and QoL] [2026-09-24 14:23:01.165] Native address resolved: name=plague herd creation, method=reference-rva, rva=0xD17D0.
[Debug  :Bugfixes and QoL] [2026-09-24 14:23:01.165] Native address resolved: name=plague popularity exit, method=reference-rva, rva=0xCB55C.
[Info   :  SHCDE-SE] [T1-14:23:01.165] [Detour:createHerdHook] ["createHerdHook"] prepared at 0x00007FFAAEA217D0 using Indirect: 10 bytes displaced, trampoline 0x00007FFA3EB0C150.
[Info   :  SHCDE-SE] [T1-14:23:01.165] [X64InlineHook] ["handle"] compiled stub at 0x00007FFA3EB0C190, size: 199 bytes (target: 0x00007FFAAEA1B57C).
[Info   :  SHCDE-SE] [T1-14:23:01.209] [X64InlineHook] ["handle"] hook enabled at 0x00007FFAAEA1B57C, stub 0x00007FFA3EB0C190.
[Info   :  SHCDE-SE] [T1-14:23:01.209] [HookTransaction[CreateOwnedTransaction]] Commit: "2/2 installed, 0 failed, 44ms (0ms scanning)"
[Info   :  SHCDE-SE] [T1-14:23:01.209] [ModSaveDataAPI] [RegisterModDataHandler] Registered handler for [serp-plague-popularity-v1]
[Debug  :Bugfixes and QoL] [2026-09-24 14:23:01.210] Native address resolved: name=plague area-treatment function, method=reference-rva, rva=0xA0470.
[Info   :  SHCDE-SE] [T1-14:23:01.210] [Detour:areaTreatmentHook] ["areaTreatmentHook"] prepared at 0x00007FFAAE9F0470 using Indirect: 8 bytes displaced, trampoline 0x00007FFA3EB0C410.
[Debug  :Bugfixes and QoL] [2026-09-24 14:23:01.256] Bugfixes and QoL plague-cloud removal fix initialized from a unique native signature.
[Info   :  SHCDE-SE] [T1-14:23:01.256] [HookTransaction[CreateOwnedTransaction]] Commit: "1/1 installed, 0 failed, 45ms (0ms scanning)"
[Debug  :Bugfixes and QoL] [2026-09-24 14:23:01.257] Native address resolved: name=apothecary nearest-disease search function, method=reference-rva, rva=0x9F700.
[Debug  :Bugfixes and QoL] [2026-09-24 14:23:01.257] Native address resolved: name=apothecary update common exit, method=reference-rva, rva=0x1501A7.
[Info   :  SHCDE-SE] [T1-14:23:01.258] [Detour:diseaseSearchHook] ["diseaseSearchHook"] prepared at 0x00007FFAAE9EF700 using Indirect: 10 bytes displaced, trampoline 0x00007FFA3EB0C450.
[Info   :  SHCDE-SE] [T1-14:23:01.258] [X64InlineHook] ["handle"] compiled stub at 0x00007FFA3EB0C490, size: 176 bytes (target: 0x00007FFAAEAA01A7).
[Info   :  SHCDE-SE] [T1-14:23:01.302] [X64InlineHook] ["handle"] hook enabled at 0x00007FFAAEAA01A7, stub 0x00007FFA3EB0C490.
[Debug  :Bugfixes and QoL] [2026-09-24 14:23:01.302] Bugfixes and QoL plague target-reservation fix initialized from unique disease-search and healer-update-exit signatures; radius=<7, stationaryTimeoutGameMs=10000.
[Info   :  SHCDE-SE] [T1-14:23:01.302] [HookTransaction[CreateOwnedTransaction]] Commit: "2/2 installed, 0 failed, 44ms (0ms scanning)"
[Debug  :Bugfixes and QoL] [2026-09-24 14:23:01.302] Native address resolved: name=apothecary state-2 disease-found branch, method=reference-rva, rva=0x14F8CC.
[Debug  :Bugfixes and QoL] [2026-09-24 14:23:01.302] Native address resolved: name=apothecary working state-2 building-exit reference, method=reference-rva, rva=0x14F768.
[Info   :  SHCDE-SE] [T1-14:23:01.302] [X64InlineHook] ["handle"] compiled stub at 0x00007FFA3EB0C6E0, size: 181 bytes (target: 0x00007FFAAEA9F8CC).
[Debug  :Bugfixes and QoL] [2026-09-24 14:23:01.302] Bugfixes and QoL stuck-apothecary fix initialized from unique target and Vanilla building-exit reference signatures.
[Info   :  SHCDE-SE] [T1-14:23:01.302] [X64InlineHook] ["handle"] hook enabled at 0x00007FFAAEA9F8CC, stub 0x00007FFA3EB0C6E0.
[Info   :  SHCDE-SE] [T1-14:23:01.302] [HookTransaction[CreateOwnedTransaction]] Commit: "1/1 installed, 0 failed, 0ms (0ms scanning)"
[Debug  :Bugfixes and QoL] [2026-09-24 14:23:01.304] Native address resolved: name=shared preview failure status, method=reference-rva, rva=0x9129E.
[Debug  :Bugfixes and QoL] [2026-09-24 14:23:01.304] Native address resolved: name=European troop placement rejection, method=reference-rva, rva=0x929D3.
[Debug  :Bugfixes and QoL] [2026-09-24 14:23:01.304] Native address resolved: name=mercenary troop placement rejection, method=reference-rva, rva=0x928E0.
[Debug  :Bugfixes and QoL] [2026-09-24 14:23:01.304] Native address resolved: name=engineer placement rejection, method=reference-rva, rva=0x926FA.
[Debug  :Bugfixes and QoL] [2026-09-24 14:23:01.304] Native address resolved: name=tunneler placement rejection, method=reference-rva, rva=0x912E0.
[Debug  :Bugfixes and QoL] [2026-09-24 14:23:01.304] Native address resolved: name=knight placement rejection, method=reference-rva, rva=0x913CF.
[Debug  :Bugfixes and QoL] [2026-09-24 14:23:01.304] Native address resolved: name=Bedouin troop placement rejection, method=reference-rva, rva=0x927ED.
[Info   :  SHCDE-SE] [T1-14:23:01.304] [X64InlineHook] ["handle"] compiled stub at 0x00007FFA3EB0C930, size: 67 bytes (target: 0x00007FFAAE9E12AF).
[Info   :  SHCDE-SE] [T1-14:23:01.304] [X64InlineHook] ["handle"] compiled stub at 0x00007FFA3EB0CAA0, size: 66 bytes (target: 0x00007FFAAE9E29D5).
[Info   :  SHCDE-SE] [T1-14:23:01.304] [X64InlineHook] ["handle"] compiled stub at 0x00007FFA3EB0CBF0, size: 66 bytes (target: 0x00007FFAAE9E28E2).
[Info   :  SHCDE-SE] [T1-14:23:01.304] [X64InlineHook] ["handle"] compiled stub at 0x00007FFA3EB0CD40, size: 66 bytes (target: 0x00007FFAAE9E26FC).
[Info   :  SHCDE-SE] [T1-14:23:01.304] [X64InlineHook] ["handle"] compiled stub at 0x00007FFA3EB0CE90, size: 64 bytes (target: 0x00007FFAAE9E12E2).
[Info   :  SHCDE-SE] [T1-14:23:01.304] [X64InlineHook] ["handle"] compiled stub at 0x00007FFA3EB0CFC0, size: 68 bytes (target: 0x00007FFAAE9E13D1).
[Info   :  SHCDE-SE] [T1-14:23:01.304] [X64InlineHook] ["handle"] compiled stub at 0x00007FFA3EB0D110, size: 66 bytes (target: 0x00007FFAAE9E27EF).
[Info   :  SHCDE-SE] [T1-14:23:01.304] [X64InlineHook] ["handle"] hook enabled at 0x00007FFAAE9E12AF, stub 0x00007FFA3EB0C930.
[Info   :  SHCDE-SE] [T1-14:23:01.304] [X64InlineHook] ["handle"] hook enabled at 0x00007FFAAE9E29D5, stub 0x00007FFA3EB0CAA0.
[Info   :  SHCDE-SE] [T1-14:23:01.304] [X64InlineHook] ["handle"] hook enabled at 0x00007FFAAE9E28E2, stub 0x00007FFA3EB0CBF0.
[Info   :  SHCDE-SE] [T1-14:23:01.304] [X64InlineHook] ["handle"] hook enabled at 0x00007FFAAE9E26FC, stub 0x00007FFA3EB0CD40.
[Info   :  SHCDE-SE] [T1-14:23:01.304] [X64InlineHook] ["handle"] hook enabled at 0x00007FFAAE9E12E2, stub 0x00007FFA3EB0CE90.
[Info   :  SHCDE-SE] [T1-14:23:01.304] [X64InlineHook] ["handle"] hook enabled at 0x00007FFAAE9E13D1, stub 0x00007FFA3EB0CFC0.
[Info   :  SHCDE-SE] [T1-14:23:01.304] [X64InlineHook] ["handle"] hook enabled at 0x00007FFAAE9E27EF, stub 0x00007FFA3EB0D110.
[Info   :  SHCDE-SE] [T1-14:23:01.304] [HookTransaction[CreateOwnedTransaction]] Commit: "7/7 installed, 0 failed, 0ms (0ms scanning)"
[Debug  :Bugfixes and QoL] [2026-09-24 14:23:01.304] Assembly-point permanent hooks installed; sites=7.
[Info   :  SHCDE-SE] [T1-14:23:01.308] [X64InlineHook] ["firstClassifierHook"] compiled stub at 0x00007FFA3EB0D260, size: 86 bytes (target: 0x00007FFAAEA6EBF5).
[Info   :  SHCDE-SE] [T1-14:23:01.308] [X64InlineHook] ["secondClassifierHook"] compiled stub at 0x00007FFA3EB0D3F0, size: 82 bytes (target: 0x00007FFAAEA6EF39).
[Info   :  SHCDE-SE] [T1-14:23:01.308] [X64InlineHook] ["firstClassifierHook"] hook enabled at 0x00007FFAAEA6EBF5, stub 0x00007FFA3EB0D260.
[Info   :  SHCDE-SE] [T1-14:23:01.308] [X64InlineHook] ["secondClassifierHook"] hook enabled at 0x00007FFAAEA6EF39, stub 0x00007FFA3EB0D3F0.
[Info   :  SHCDE-SE] [T1-14:23:01.308] [HookTransaction[CreateOwnedTransaction]] Commit: "2/2 installed, 0 failed, 0ms (0ms scanning)"
[Debug  :Bugfixes and QoL] [2026-09-24 14:23:01.308] Healer AttackUnit permanent classifier hooks installed: first=18, second=16.
[Debug  :Bugfixes and QoL] [2026-09-24 14:23:01.309] Native address resolved: name=mounted-stockpile cursor mounted classification, method=reference-rva, rva=0x8F209.
[Debug  :Bugfixes and QoL] [2026-09-24 14:23:01.309] Native address resolved: name=mounted-stockpile order-feedback mounted classification, method=reference-rva, rva=0x195F5E.
[Debug  :Bugfixes and QoL] [2026-09-24 14:23:01.309] Native address resolved: name=mounted-stockpile per-unit endpoint wall gate, method=reference-rva, rva=0x196483.
[Info   :  SHCDE-SE] [T1-14:23:01.310] [X64InlineHook] ["handle"] compiled stub at 0x00007FFA3EB0D580, size: 113 bytes (target: 0x00007FFAAE9DF20E).
[Info   :  SHCDE-SE] [T1-14:23:01.310] [X64InlineHook] ["handle"] compiled stub at 0x00007FFA3EB0D710, size: 113 bytes (target: 0x00007FFAAEAE5F63).
[Info   :  SHCDE-SE] [T1-14:23:01.310] [X64InlineHook] ["handle"] compiled stub at 0x00007FFA3EB0D8A0, size: 208 bytes (target: 0x00007FFAAEAE648D).
[Info   :  SHCDE-SE] [T1-14:23:01.310] [X64InlineHook] ["handle"] hook enabled at 0x00007FFAAE9DF20E, stub 0x00007FFA3EB0D580.
[Info   :  SHCDE-SE] [T1-14:23:01.310] [X64InlineHook] ["handle"] hook enabled at 0x00007FFAAEAE5F63, stub 0x00007FFA3EB0D710.
[Info   :  SHCDE-SE] [T1-14:23:01.310] [X64InlineHook] ["handle"] hook enabled at 0x00007FFAAEAE648D, stub 0x00007FFA3EB0D8A0.
[Info   :  SHCDE-SE] [T1-14:23:01.310] [HookTransaction[CreateOwnedTransaction]] Commit: "3/3 installed, 0 failed, 0ms (0ms scanning)"
[Debug  :Bugfixes and QoL] [2026-09-24 14:23:01.310] Bugfixes and QoL mounted-stockpile movement hooks enabled logically.
[Debug  :Bugfixes and QoL] [2026-09-24 14:23:01.310] Bugfixes and QoL mounted-stockpile movement hooks installed; cursor=0x8F20E, orderFeedback=0x195F63, endpoint=0x19648D.
[Info   :  SHCDE-SE] [T1-14:23:01.320] [Detour:detour] ["detour"] prepared at 0x00007FFAAEAD6D10 using Indirect: 7 bytes displaced, trampoline 0x00007FFA3EB0DB40.
[Info   :  SHCDE-SE] [T1-14:23:01.365] [HookTransaction[CreateOwnedTransaction]] Commit: "1/1 installed, 0 failed, 44ms (0ms scanning)"
[Info   :  SHCDE-SE] [T1-14:23:01.383] [X64InlineHook] ["handle"] compiled stub at 0x00007FFA3EB0DB80, size: 68 bytes (target: 0x00007FFAAEA1AF1C).
[Info   :  SHCDE-SE] [T1-14:23:01.383] [X64InlineHook] ["handle"] compiled stub at 0x00007FFA3EB0DCF0, size: 64 bytes (target: 0x00007FFAAEA21020).
[Info   :  SHCDE-SE] [T1-14:23:01.383] [X64InlineHook] ["handle"] hook enabled at 0x00007FFAAEA1AF1C, stub 0x00007FFA3EB0DB80.
[Info   :  SHCDE-SE] [T1-14:23:01.383] [X64InlineHook] ["handle"] hook enabled at 0x00007FFAAEA21020, stub 0x00007FFA3EB0DCF0.
[Info   :  SHCDE-SE] [T1-14:23:01.383] [HookTransaction[CreateOwnedTransaction]] Commit: "2/2 installed, 0 failed, 0ms (0ms scanning)"
[Info   :  SHCDE-SE] [T1-14:23:01.384] [GameAIVManagerAPI] [.ctor] AIVSystem: 00007FFAB1DF9F70
[Info   :  SHCDE-SE] [T1-14:23:01.384] [GameAIVManagerAPI] [.ctor] Imported AIV variants: 00007FFAAF214640
[Info   :Bugfixes and QoL] [2026-09-24 14:23:01.384] AI stone-reserve AIV backend: official SHCDE-SE 2.9.0.0 API; SHCDESE_COARSE_GRID_BUFFER_WORKAROUND workaround inactive.
[Info   :  SHCDE-SE] [T1-14:23:01.385] [X64InlineHook] ["handle"] compiled stub at 0x00007FFA3EB0DE40, size: 279 bytes (target: 0x00007FFAAE98F156).
[Info   :  SHCDE-SE] [T1-14:23:01.385] [X64InlineHook] ["handle"] hook enabled at 0x00007FFAAE98F156, stub 0x00007FFA3EB0DE40.
[Info   :  SHCDE-SE] [T1-14:23:01.385] [HookTransaction[CreateOwnedTransaction]] Commit: "1/1 installed, 0 failed, 0ms (0ms scanning)"
[Debug  :Bugfixes and QoL] [2026-09-24 14:23:01.385] Bugfixes and QoL AI stone-reserve hook installed: method=reference-rva, patternRva=0x3F14F, hookRva=0x3F156, nativeHookActive=True, enabled=True.
[Info   :  SHCDE-SE] [T1-14:23:01.388] [X64InlineHook] ["handle"] compiled stub at 0x00007FFA3EB0E1E0, size: 270 bytes (target: 0x00007FFAAE990C97).
[Info   :  SHCDE-SE] [T1-14:23:01.388] [X64InlineHook] ["handle"] hook enabled at 0x00007FFAAE990C97, stub 0x00007FFA3EB0E1E0.
[Info   :  SHCDE-SE] [T1-14:23:01.388] [HookTransaction[CreateOwnedTransaction]] Commit: "1/1 installed, 0 failed, 0ms (0ms scanning)"
[Debug  :Bugfixes and QoL] [2026-09-24 14:23:01.388] Bugfixes and QoL AI defense patrol hook installed: hookRva=0x40C97, hookLength=15, nativeHookActive=True, enabled=True, unitIdsAreOneBased=true, scanIndicesAreZeroBased=true, existingPatrolMigration=false.
[Info   :  SHCDE-SE] [T1-14:23:01.391] [X64InlineHook] ["handle"] compiled stub at 0x00007FFA3EB0E570, size: 70 bytes (target: 0x00007FFAAEA5ECC3).
[Info   :  SHCDE-SE] [T1-14:23:01.391] [X64InlineHook] ["handle"] hook enabled at 0x00007FFAAEA5ECC3, stub 0x00007FFA3EB0E570.
[Info   :Bugfixes and QoL] [2026-09-24 14:23:01.391] AI wall-targeting permanent hook installed: rva=0x10ECC3, displaced=15.
[Info   :  SHCDE-SE] [T1-14:23:01.391] [HookTransaction[CreateOwnedTransaction]] Commit: "1/1 installed, 0 failed, 0ms (0ms scanning)"
[Info   :  SHCDE-SE] [T1-14:23:01.399] [X64InlineHook] ["handle"] compiled stub at 0x00007FFA3EB0E6C0, size: 82 bytes (target: 0x00007FFAAE9A471F).
[Info   :Bugfixes and QoL] [2026-09-24 14:23:01.399] AIV defender-position permanent hook installed: rva=0x5471F, displaced=17.
[Info   :  SHCDE-SE] [T1-14:23:01.399] [X64InlineHook] ["handle"] hook enabled at 0x00007FFAAE9A471F, stub 0x00007FFA3EB0E6C0.
[Info   :  SHCDE-SE] [T1-14:23:01.399] [HookTransaction[CreateOwnedTransaction]] Commit: "1/1 installed, 0 failed, 0ms (0ms scanning)"
[Debug  :Bugfixes and QoL] [2026-09-24 14:23:01.402] Native address resolved: name=BugfixesAndQoL AI preplaced buildings economy-oxen, method=reference-rva, rva=0x50F90.
[Debug  :Bugfixes and QoL] [2026-09-24 14:23:01.402] Native address resolved: name=BugfixesAndQoL AI preplaced buildings economy-quarry, method=reference-rva, rva=0x51270.
[Debug  :Bugfixes and QoL] [2026-09-24 14:23:01.402] Native address resolved: name=BugfixesAndQoL AI preplaced buildings economy-wood, method=reference-rva, rva=0x51540.
[Debug  :Bugfixes and QoL] [2026-09-24 14:23:01.402] Native address resolved: name=BugfixesAndQoL AI preplaced buildings farm-search, method=reference-rva, rva=0x575B0.
[Debug  :Bugfixes and QoL] [2026-09-24 14:23:01.402] Native address resolved: name=BugfixesAndQoL AI preplaced buildings resource-search, method=reference-rva, rva=0x57B80.
[Debug  :Bugfixes and QoL] [2026-09-24 14:23:01.402] Native address resolved: name=BugfixesAndQoL AI preplaced buildings wood-search, method=reference-rva, rva=0x58020.
[Debug  :Bugfixes and QoL] [2026-09-24 14:23:01.402] Native address resolved: name=BugfixesAndQoL AI preplaced buildings nearby-search, method=reference-rva, rva=0x58950.
[Debug  :Bugfixes and QoL] [2026-09-24 14:23:01.402] Native address resolved: name=BugfixesAndQoL AI preplaced buildings economy-grid-update, method=reference-rva, rva=0x50720.
[Debug  :Bugfixes and QoL] [2026-09-24 14:23:01.402] Native address resolved: name=BugfixesAndQoL AI preplaced buildings initialize-economy-availability, method=reference-rva, rva=0x55FE0.
[Debug  :Bugfixes and QoL] [2026-09-24 14:23:01.402] Native address resolved: name=BugfixesAndQoL AI preplaced buildings legacy-player-state-copy, method=reference-rva, rva=0xD4290.
[Debug  :Bugfixes and QoL] [2026-09-24 14:23:01.402] Native address resolved: name=BugfixesAndQoL AI preplaced buildings allocate, method=reference-rva, rva=0x50680.
[Debug  :Bugfixes and QoL] [2026-09-24 14:23:01.402] Native address resolved: name=BugfixesAndQoL AI preplaced buildings active-layout-reference, method=reference-rva, rva=0x55F64.
[Info   :  SHCDE-SE] [T1-14:23:01.404] [GameTileManagerAPI] [.ctor] TileManager: 00007FFAB29AEDB0
[Info   :  SHCDE-SE] [T1-14:23:01.404] [GameTileManagerAPI] [.ctor] TileHeightGridVA: 00007FFAB372D350
[Info   :  SHCDE-SE] [T1-14:23:01.404] [GameTileManagerAPI] [.ctor] TilePropertyFlagsVA: 00007FFAB32471B0
[Info   :  SHCDE-SE] [T1-14:23:01.404] [GameTileManagerAPI] [.ctor] VegetationTypeLookupVA: 00007FFAB341E010
[Info   :  SHCDE-SE] [T1-14:23:01.404] [GameTileManagerAPI] [.ctor] TilePlayerOwnerIdVA: 00007FFAB37C9D90
[Info   :  SHCDE-SE] [T1-14:23:01.404] [GameTileManagerAPI] [.ctor] TileBuildingIdGridVA: 00007FFAB34BAA50
[Info   :  SHCDE-SE] [T1-14:23:01.404] [GameTileManagerAPI] [.ctor] TileUnitIdGridVA: 00007FFAB35A59B0
[Info   :  SHCDE-SE] [T1-14:23:01.404] [GameTileManagerAPI] [.ctor] TileStateGridVA: 00007FFAB3951730
[Info   :  SHCDE-SE] [T1-14:23:01.404] [GameTileManagerAPI] [.ctor] TileTypeVA: 00007FFAB33812B0
[Info   :  SHCDE-SE] [T1-14:23:01.404] [GameTileManagerAPI] [.ctor] _currentMapSize: 00007FFAB49FD594
[Info   :  SHCDE-SE] [T1-14:23:01.404] [GameTileManagerAPI] [.ctor] _gp_pathfindingContext: 00007FFAB49FD660
[Info   :  SHCDE-SE] [T1-14:23:01.405] [Detour:allocateHook] ["allocateHook"] prepared at 0x00007FFAAE9A0680 using Indirect: 6 bytes displaced, trampoline 0x00007FFA3EB0E850.
[Info   :  SHCDE-SE] [T1-14:23:01.405] [Detour:economyOxenHook] ["economyOxenHook"] prepared at 0x00007FFAAE9A0F90 using Indirect: 6 bytes displaced, trampoline 0x00007FFA3EB0E890.
[Info   :  SHCDE-SE] [T1-14:23:01.405] [Detour:economyQuarryHook] ["economyQuarryHook"] prepared at 0x00007FFAAE9A1270 using Indirect: 8 bytes displaced, trampoline 0x00007FFA3EB0E8D0.
[Info   :  SHCDE-SE] [T1-14:23:01.405] [Detour:economyWoodHook] ["economyWoodHook"] prepared at 0x00007FFAAE9A1540 using Indirect: 10 bytes displaced, trampoline 0x00007FFA3EB0E910.
[Info   :  SHCDE-SE] [T1-14:23:01.406] [Detour:farmSearchHook] ["farmSearchHook"] prepared at 0x00007FFAAE9A75B0 using Indirect: 9 bytes displaced, trampoline 0x00007FFA3EB0E950.
[Info   :  SHCDE-SE] [T1-14:23:01.406] [Detour:resourceSearchHook] ["resourceSearchHook"] prepared at 0x00007FFAAE9A7B80 using Indirect: 8 bytes displaced, trampoline 0x00007FFA3EB0E990.
[Info   :  SHCDE-SE] [T1-14:23:01.406] [Detour:woodSearchHook] ["woodSearchHook"] prepared at 0x00007FFAAE9A8020 using Indirect: 7 bytes displaced, trampoline 0x00007FFA3EB0E9D0.
[Info   :  SHCDE-SE] [T1-14:23:01.406] [X64InlineHook] ["woodScoreFloorHook"] compiled stub at 0x00007FFA3EB0EA10, size: 270 bytes (target: 0x00007FFAAE9A8057).
[Info   :  SHCDE-SE] [T1-14:23:01.406] [Detour:nearbySearchHook] ["nearbySearchHook"] prepared at 0x00007FFAAE9A8950 using Indirect: 6 bytes displaced, trampoline 0x00007FFA3EB0EDA0.
[Info   :  SHCDE-SE] [T1-14:23:01.407] [Detour:economyGridUpdateHook] ["economyGridUpdateHook"] prepared at 0x00007FFAAE9A0720 using Indirect: 7 bytes displaced, trampoline 0x00007FFA3EB0EDE0.
[Info   :  SHCDE-SE] [T1-14:23:01.407] [Detour:legacyPlayerStateCopyHook] ["legacyPlayerStateCopyHook"] prepared at 0x00007FFAAEA24290 using Indirect: 10 bytes displaced, trampoline 0x00007FFA3EB0EE20.
[Info   :  SHCDE-SE] [T1-14:23:01.714] [X64InlineHook] ["woodScoreFloorHook"] hook enabled at 0x00007FFAAE9A8057, stub 0x00007FFA3EB0EA10.
[Info   :  SHCDE-SE] [T1-14:23:01.846] [HookTransaction[TryInstallNativeFixes]] Commit: "11/11 installed, 0 failed, 441ms (0ms scanning)"
[Debug  :Bugfixes and QoL] [2026-09-24 14:23:01.848] Native address resolved: name=AI narrow tower-ruin classifier, method=reference-rva, rva=0x5D055.
[Debug  :Bugfixes and QoL] [2026-09-24 14:23:01.848] Native address resolved: name=AI broad tower-ruin classifier, method=reference-rva, rva=0x5D025.
[Info   :  SHCDE-SE] [T1-14:23:01.848] [X64InlineHook] ["handle"] compiled stub at 0x00007FFA3EB0EE60, size: 275 bytes (target: 0x00007FFAAE9AD055).
[Info   :  SHCDE-SE] [T1-14:23:01.848] [X64InlineHook] ["handle"] compiled stub at 0x00007FFA3EB0F1F0, size: 279 bytes (target: 0x00007FFAAE9AD025).
[Info   :  SHCDE-SE] [T1-14:23:01.848] [X64InlineHook] ["handle"] hook enabled at 0x00007FFAAE9AD055, stub 0x00007FFA3EB0EE60.
[Info   :  SHCDE-SE] [T1-14:23:01.848] [X64InlineHook] ["handle"] hook enabled at 0x00007FFAAE9AD025, stub 0x00007FFA3EB0F1F0.
[Info   :  SHCDE-SE] [T1-14:23:01.848] [HookTransaction[CreateOwnedTransaction]] Commit: "2/2 installed, 0 failed, 0ms (0ms scanning)"
[Debug  :Bugfixes and QoL] [2026-09-24 14:23:01.848] AI tower-ruin classifiers installed at RVAs 0x5D055 and 0x5D025.
[Debug  :Bugfixes and QoL] [2026-09-24 14:23:01.850] Native address resolved: name=AI overbuild mapper selection, method=reference-rva, rva=0x5CEAB.
[Debug  :Bugfixes and QoL] [2026-09-24 14:23:01.850] Native address resolved: name=AI broad-overbuild blocker protection, method=reference-rva, rva=0x5D016.
[Debug  :Bugfixes and QoL] [2026-09-24 14:23:01.850] Native address resolved: name=AI narrow-overbuild blocker protection, method=reference-rva, rva=0x5D045.
[Info   :  SHCDE-SE] [T1-14:23:01.850] [X64InlineHook] ["handle"] compiled stub at 0x00007FFA3EB0F590, size: 282 bytes (target: 0x00007FFAAE9ACEAB).
[Info   :  SHCDE-SE] [T1-14:23:01.850] [X64InlineHook] ["handle"] compiled stub at 0x00007FFA3EB0F950, size: 270 bytes (target: 0x00007FFAAE9AD016).
[Info   :  SHCDE-SE] [T1-14:23:01.850] [X64InlineHook] ["handle"] compiled stub at 0x00007FFA3EA81600, size: 271 bytes (target: 0x00007FFAAE9AD045).
[Info   :  SHCDE-SE] [T1-14:23:01.850] [X64InlineHook] ["handle"] hook enabled at 0x00007FFAAE9ACEAB, stub 0x00007FFA3EB0F590.
[Info   :  SHCDE-SE] [T1-14:23:01.850] [X64InlineHook] ["handle"] hook enabled at 0x00007FFAAE9AD016, stub 0x00007FFA3EB0F950.
[Info   :  SHCDE-SE] [T1-14:23:01.850] [X64InlineHook] ["handle"] hook enabled at 0x00007FFAAE9AD045, stub 0x00007FFA3EA81600.
[Info   :  SHCDE-SE] [T1-14:23:01.850] [HookTransaction[CreateOwnedTransaction]] Commit: "3/3 installed, 0 failed, 0ms (0ms scanning)"
[Debug  :Bugfixes and QoL] [2026-09-24 14:23:01.866] Bugfixes and QoL ally goods amount modifier hook installed.
[Debug  :Bugfixes and QoL] [2026-09-24 14:23:01.867] Native address resolved: name=market validator, method=reference-rva, rva=0xD7080.
[Debug  :Bugfixes and QoL] [2026-09-24 14:23:01.867] Native address resolved: name=market packet tail, method=reference-rva, rva=0xD7324.
[Debug  :Bugfixes and QoL] [2026-09-24 14:23:01.867] Native address resolved: name=market storage call, method=reference-rva, rva=0xD7119.
[Debug  :Bugfixes and QoL] [2026-09-24 14:23:01.867] Native address resolved: name=AutoMarket sell statistic update, method=reference-rva, rva=0xD0484.
[Info   :Bugfixes and QoL] [2026-09-24 14:23:01.867] Ctrl market native dependencies resolved by instruction patterns: validatorRva=0xD7080, packetTailRva=0xD7324, storageFunctionRva=0xC5AD0, senderRva=0x23990, sellStatisticRva=0x87EED98.
[Info   :  SHCDE-SE] [T1-14:23:01.867] [Detour:marketValidatorHook] ["marketValidatorHook"] prepared at 0x00007FFAAEA27080 using Indirect: 10 bytes displaced, trampoline 0x00007FFA3EB0FCD0.
[Info   :  SHCDE-SE] [T1-14:23:01.911] [HookTransaction[CreateOwnedTransaction]] Commit: "1/1 installed, 0 failed, 43ms (0ms scanning)"
[Info   :Bugfixes and QoL] [2026-09-24 14:23:01.913] Bugfixes and QoL Ctrl single-unit market hooks installed.
[Info   :  SHCDE-SE] [T1-14:23:01.941] [X64InlineHook] ["VanillaPeaceTime_StartingTroops"] compiled stub at 0x00007FFA3EB0FD10, size: 45 bytes (target: 0x00007FFAAEA69050).
[Info   :  SHCDE-SE] [T1-14:23:01.941] [X64InlineHook] ["VanillaPeaceTime_StartingTroops"] hook enabled at 0x00007FFAAEA69050, stub 0x00007FFA3EB0FD10.
[Info   :  SHCDE-SE] [T1-14:23:01.941] [HookTransaction[CreateOwnedTransaction]] Commit: "30/30 installed, 0 failed, 1ms (0ms scanning)"
[Debug  :Bugfixes and QoL] [2026-09-24 14:23:01.941] BUGFIXES_AND_QOL_VANILLA_PEACE_TIME_PATCH_INSTALLED: sha256=FBCB93195FC7EFCA9BDAC5204852EFDD76F9818F59A6711750D77C9CEF2831E2, branchPatches=29, startingTroopsRva=0x119050, displacedBytes=16.
[Debug  :Bugfixes and QoL] [2026-09-24 14:23:01.943] BUGFIXES_AND_QOL_SKIRMISH_GAME_OPTIONS_NO_DOGS_PATCH_INSTALLED: sha256=FBCB93195FC7EFCA9BDAC5204852EFDD76F9818F59A6711750D77C9CEF2831E2, rva=0xFFD98, original=74-31, replacement=90-90.
[Info   :  SHCDE-SE] [T1-14:23:01.943] [HookTransaction[CreateOwnedTransaction]] Commit: "1/1 installed, 0 failed, 0ms (0ms scanning)"
[Info   :  SHCDE-SE] [T1-14:23:01.943] [GameXAMLManagerAPI] [RegisterBinding] Registering auto-binding: [BugfixesAndQoLAllyAmount5]
[Info   :  SHCDE-SE] [T1-14:23:01.943] [GameXAMLManagerAPI] [RegisterBinding] Registering auto-binding: [BugfixesAndQoLAllyAmount10]
[Info   :  SHCDE-SE] [T1-14:23:01.943] [GameXAMLManagerAPI] [RegisterBinding] Registering auto-binding: [BugfixesAndQoLAllyAmount25]
[Info   :  SHCDE-SE] [T1-14:23:01.943] [GameXAMLManagerAPI] [RegisterBinding] Registering auto-binding: [BugfixesAndQoLAllyAmount100]
[Info   :  SHCDE-SE] [T1-14:23:01.943] [GameXAMLManagerAPI] [RegisterBinding] Registering auto-binding: [BugfixesAndQoLAllyAmount500]
[Info   :  SHCDE-SE] [T1-14:23:01.946] [MapModManager] [TryUpdateModsFromRemote] Trying to update mods from steam-remote...
[Info   :  SHCDE-SE] [T1-14:23:01.947] [WorkshopUpdateManager] [CheckAndDownloadUpdates] Checking for Steam Workshop updates...
[Info   :  SHCDE-SE] [T1-14:23:01.947] [WorkshopUpdateManager] [CheckAndDownloadUpdates] All workshop items are up to date
[Info   :  SHCDE-SE] [T1-14:23:01.947] [MapModManager] [TryUpdateModsFromRemote] Retrieved 6 items
[Info   :  SHCDE-SE] [T1-14:23:01.947] [MapModManager] [DetectAndStageUninstalls] Scanning for uninstalls in: [E:\ProgrammeE\Steam\steamapps\common\Stronghold Crusader Definitive Edition\_SE]
[Info   :  SHCDE-SE] [T1-14:23:01.948] [MapModManager] [DetectAndStageUninstalls] Found 3 local manifests.
[Info   :  SHCDE-SE] [T1-14:23:01.953] [MapArchive] [.ctor] Reading ZIP data from offset: 003444B7
[Info   :  SHCDE-SE] [T1-14:23:01.964] [MapModManager] [TryStageModUpdate] Querying workshop mod (MAS): [fixes], full: [E:\ProgrammeE\Steam\steamapps\workshop\content\3024040\3791770511\fixes.map]
[Info   :  SHCDE-SE] [T1-14:23:01.964] [MapModManager] [ShouldUpdate] Querying local mod info: [E:\ProgrammeE\Steam\steamapps\common\Stronghold Crusader Definitive Edition\_SE\fixes.json]
[Info   :  SHCDE-SE] [T1-14:23:01.967] [MapModManager] [ShouldUpdate] Local mod info version: [1.19.0], Remote version: [1.19.0]
[Info   :  SHCDE-SE] [T1-14:23:01.967] [MapModManager] [TryStageModUpdate] Skipping: [fixes]
[Info   :  SHCDE-SE] [T1-14:23:01.970] [MapArchive] [.ctor] Reading ZIP data from offset: 003444B7
[Info   :  SHCDE-SE] [T1-14:23:01.985] [MapModManager] [TryStageModUpdate] Querying workshop mod (MAS): [SerpsMods], full: [E:\ProgrammeE\Steam\steamapps\workshop\content\3024040\3788821961\SerpsMods.map]
[Info   :  SHCDE-SE] [T1-14:23:01.985] [MapModManager] [ShouldUpdate] Querying local mod info: [E:\ProgrammeE\Steam\steamapps\common\Stronghold Crusader Definitive Edition\_SE\SerpsMods.json]
[Info   :  SHCDE-SE] [T1-14:23:01.985] [MapModManager] [ShouldUpdate] Local mod info version: [1.0.14], Remote version: [1.0.14]
[Info   :  SHCDE-SE] [T1-14:23:01.985] [MapModManager] [TryStageModUpdate] Skipping: [SerpsMods]
[Info   :  SHCDE-SE] [T1-14:23:01.988] [MapArchive] [.ctor] Reading ZIP data from offset: 003444B7
[Info   :  SHCDE-SE] [T1-14:23:01.988] [MapModManager] [TryStageModUpdate] Querying workshop mod (MAS): [LorrdyAISharesGold], full: [E:\ProgrammeE\Steam\steamapps\workshop\content\3024040\3774768801\LorrdyAISharesGold.map]
[Info   :  SHCDE-SE] [T1-14:23:01.988] [MapModManager] [ShouldUpdate] Querying local mod info: [E:\ProgrammeE\Steam\steamapps\common\Stronghold Crusader Definitive Edition\_SE\LorrdyAISharesGold.json]
[Info   :  SHCDE-SE] [T1-14:23:01.988] [MapModManager] [ShouldUpdate] Local mod info version: [1.0.4], Remote version: [1.0.4]
[Info   :  SHCDE-SE] [T1-14:23:01.988] [MapModManager] [TryStageModUpdate] Skipping: [LorrdyAISharesGold]
[Debug  :Bugfixes and QoL] [2026-09-24 14:23:01.990] Steam lobby-invite popup validation callbacks registered.
[Debug  :Bugfixes and QoL] [2026-09-24 14:23:01.993] Bugfixes and QoL quarry-pile runtime: runtime initialized: mode=Vanilla-clockwise-prefab-spawn-and-structure-group, nativeCandidateHelperAvailable=True, subscriptions=3, setUpInbuildingHookInstalled=True.
[Debug  :Bugfixes and QoL] [2026-09-24 14:23:01.993] Bugfixes and QoL quarry-pile runtime: setting applied: EnableMod=True, EnableQuarryPileRelocation=True, EnableAIQuarryPileTowardsKeep=True.
[Debug  :Bugfixes and QoL] [2026-09-24 14:23:01.999] Movement features: sameSpeed=True, rally=True, nativeFastpaths=True.
[Debug  :Bugfixes and QoL] [2026-09-24 14:23:02.026] Bugfixes and QoL resync host-kick hooks installed.
[Debug  :Bugfixes and QoL] [2026-09-24 14:23:02.030] Bugfixes and QoL loaded 7 shared AI AIV/AIC selections from E:\ProgrammeE\Steam\steamapps\common\Stronghold Crusader Definitive Edition\BepInEx\plugins\BugfixesAndQoL_Serp\LobbyModSettings\AiAivSelectionMemory.json.
[Info   :  SHCDE-SE] [T1-14:23:02.030] [GameXAMLManagerAPI] [RegisterBinding] Registering auto-binding: [RandomLordFiltersSimple]
[Info   :  SHCDE-SE] [T1-14:23:02.030] [GameXAMLManagerAPI] [RegisterBinding] Registering auto-binding: [RandomLordFiltersAdvanced]
[Debug  :Bugfixes and QoL] [2026-09-24 14:23:02.046] Bugfixes and QoL AI selection memory hooks installed. memoryEnabled=True, storePath=E:\ProgrammeE\Steam\steamapps\common\Stronghold Crusader Definitive Edition\BepInEx\plugins\BugfixesAndQoL_Serp\LobbyModSettings\AiAivSelectionMemory.json
[Debug  :Bugfixes and QoL] [2026-09-24 14:23:02.065] Bugfixes and QoL Workshop upload Lord-selection hook installed.
[Info   :  SHCDE-SE] [T1-14:23:02.065] [GameXAMLManagerAPI] [RegisterBinding] Registering auto-binding: [CustomLordSearchPanel]
[Info   :  SHCDE-SE] [T1-14:23:02.065] [GameXAMLManagerAPI] [RegisterBinding] Registering auto-binding: [CustomLordHeaderPanel]
[Info   :  SHCDE-SE] [T1-14:23:02.065] [GameXAMLManagerAPI] [RegisterBinding] Registering auto-binding: [CustomLordTypeHeader]
[Info   :  SHCDE-SE] [T1-14:23:02.065] [GameXAMLManagerAPI] [RegisterBinding] Registering auto-binding: [CustomLordNameHeader]
[Info   :  SHCDE-SE] [T1-14:23:02.065] [GameXAMLManagerAPI] [RegisterBinding] Registering auto-binding: [CustomLordPowerHeader]
[Info   :  SHCDE-SE] [T1-14:23:02.065] [GameXAMLManagerAPI] [RegisterBinding] Registering auto-binding: [CustomLordSortHelpPanel]
[Debug  :Bugfixes and QoL] [2026-09-24 14:23:02.066] Bugfixes and QoL custom-lord list hook installed.
[Info   :  SHCDE-SE] [T1-14:23:02.074] [GameXAMLManagerAPI] [RegisterBinding] Registering auto-binding: [BugfixesAndQoLAivHeaderPanel]
[Info   :  SHCDE-SE] [T1-14:23:02.074] [GameXAMLManagerAPI] [RegisterBinding] Registering auto-binding: [BugfixesAndQoLAivSearchPanel]
[Info   :  SHCDE-SE] [T1-14:23:02.074] [GameXAMLManagerAPI] [RegisterBinding] Registering auto-binding: [BugfixesAndQoLAicHeaderPanel]
[Info   :  SHCDE-SE] [T1-14:23:02.074] [GameXAMLManagerAPI] [RegisterBinding] Registering auto-binding: [BugfixesAndQoLAicSearchPanel]
[Info   :  SHCDE-SE] [T1-14:23:02.074] [GameXAMLManagerAPI] [RegisterBinding] Registering auto-binding: [BugfixesAndQoLAicDropdownHost]
[Info   :  SHCDE-SE] [T1-14:23:02.074] [GameXAMLManagerAPI] [RegisterBinding] Registering auto-binding: [BugfixesAndQoLAivPresetButtonHost]
[Info   :  SHCDE-SE] [T1-14:23:02.074] [GameXAMLManagerAPI] [RegisterBinding] Registering auto-binding: [BugfixesAndQoLAivPresetDialog]
[Info   :  SHCDE-SE] [T1-14:23:02.074] [GameXAMLManagerAPI] [RegisterBinding] Registering auto-binding: [BugfixesAndQoLAivSelectionListHost]
[Debug  :Bugfixes and QoL] [2026-09-24 14:23:02.076] Bugfixes and QoL AI castle/settings list hook installed.
[Debug  :Bugfixes and QoL] [2026-09-24 14:23:02.088] Bugfixes and QoL loaded lobby map-selection memory: column=0, ascending=True, map=builtin:Craggy Cliffs.
[Debug  :Bugfixes and QoL] [2026-09-24 14:23:02.088] Bugfixes and QoL map-origin sorting hooks installed.
[Info   :  SHCDE-SE] [T1-14:23:02.096] [GameXAMLManagerAPI] [RegisterBinding] Registering auto-binding: [BugfixesAndQoLShowVanillaMapsHost]
[Info   :  SHCDE-SE] [T1-14:23:02.096] [GameXAMLManagerAPI] [RegisterBinding] Registering auto-binding: [BugfixesAndQoLDeleteMapHost]
[Debug  :Bugfixes and QoL] [2026-09-24 14:23:02.097] Bugfixes and QoL mounted-stockpile movement hooks enabled logically.
[Debug  :Bugfixes and QoL] [2026-09-24 14:23:02.105] Bugfixes and QoL auto-trade sell zero hook installed.
[Debug  :Bugfixes and QoL] [2026-09-24 14:23:02.107] Bugfixes and QoL HD market view hooks installed.
[Debug  :Bugfixes and QoL] [2026-09-24 14:23:02.109] Bugfixes and QoL camera movement modifier hooks installed.
[Debug  :Bugfixes and QoL] [2026-09-24 14:23:02.111] Bugfixes and QoL Custom Trail starting-gold fix hooks installed.
[Debug  :Bugfixes and QoL] [2026-09-24 14:23:02.115] Bugfixes and QoL enemy-proximity bulldoze cursor hook installed.
[Debug  :Bugfixes and QoL] [2026-09-24 14:23:02.115] Bugfixes and QoL feature hooks reconciled.
[Debug  :Bugfixes and QoL] [2026-09-24 14:23:02.115] Crusader library loaded; Bugfixes and QoL initialized.
[Info   :   BepInEx] Loading [AIV Lobby Preset Test 0.1.0]
[Info   :AIV Lobby Preset Test] Test-series progression registered on APIShared mission lifecycle.
[Info   :AIV Lobby Preset Test] AIV lobby preset registered; config=E:\ProgrammeE\Steam\steamapps\common\Stronghold Crusader Definitive Edition\BepInEx\config\AivLobbyPresetTest.json
[Info   :AIV Lobby Preset Test] Lobby bridge after registration: assembly=E:\ProgrammeE\Steam\steamapps\common\Stronghold Crusader Definitive Edition\BepInEx\plugins\APIShared_Serp\APIShared.dll, owner=AivLobbyPresetTest_Serp, callback=AivLobbyPresetTest.AivLobbyPresetTestPlugin, sameLobby=True, prepared=False, active=False, applyAttempted=False
[Info   :   BepInEx] Loading [Building Costs 1.0.107]
[Debug  :Building Costs] [2026-09-24 14:23:02.120] Building Costs 1.0.107 loaded.
[Debug  :Building Costs] [2026-09-24 14:23:02.130] [Building Costs] gameplay-mod gate: modGuid=BuildingCosts_Serp, source=initialization, kind=Unknown, launchVariant=Standard, customized=False, customizedOrigin=0, modeAllowed=False, configuredEnabled=True, effectiveEnabled=False, action=disabled-by-mode, reason=unknown-fail-closed.
[Info   :Building Costs] [2026-09-24 14:23:02.130] [BuildingCosts_Serp] gameplay-feature gate: feature=BuildingCostTooltip, source=initialization, kind=Unknown, launchVariant=Standard, realMultiplayer=False, modeAllowed=False, action=disabled-by-feature-mode, reason=unknown-fail-closed.
[Info   :Building Costs] [2026-09-24 14:23:02.155] Building Costs verified the installed CrusaderDE.dll: sha256=FBCB93195FC7EFCA9BDAC5204852EFDD76F9818F59A6711750D77C9CEF2831E2, size=3451392, path=E:\ProgrammeE\Steam\steamapps\common\Stronghold Crusader Definitive Edition\Stronghold Crusader Definitive Edition_Data\Plugins\x86_64\CrusaderDE.dll.
[Info   :Serp Localization] [2026-09-24 14:23:02.164] Locale selected: locale=en-US, source=Steam runtime, rawLanguage=english, configuredProvider=detect, scriptExtenderLanguage=en-US, pluginDirectory=E:\ProgrammeE\Steam\steamapps\common\Stronghold Crusader Definitive Edition\BepInEx\plugins\BuildingCosts_Serp, englishFileExists=True, localeFileExists=True.
[Info   :  SHCDE-SE] [T1-14:23:02.165] [LobbyModSettingsStorage] [Load] [BuildingCosts_Serp]: Settings restored from [E:\ProgrammeE\Steam\steamapps\common\Stronghold Crusader Definitive Edition\BepInEx\plugins\BuildingCosts_Serp\LobbyModSettings\BuildingCosts_Serp.msgpack]
[Info   :  SHCDE-SE] [T1-14:23:02.169] [GameXAMLManagerAPI] [RegisterLobbyModSettingsCore] Registered mod [BuildingCosts_Serp]
[Info   :Building Costs] [2026-09-24 14:23:02.169] [BuildingCosts_Serp] Loaded editable lobby-settings working state; basedOn=, modified=False.
[Info   :  SHCDE-SE] [T1-14:23:02.169] [GameXAMLManagerAPI] [RegisterBinding] Registering auto-binding: [BuildingCostsTooltipHost]
[Info   :  SHCDE-SE] [T1-14:23:02.169] [GameXAMLManagerAPI] [RegisterBinding] Registering auto-binding: [BuildingCostsTooltipHostCompact]
[Debug  :Building Costs] [2026-09-24 14:23:02.169] Building costs disabled; runtime hooks not subscribed
[Debug  :Building Costs] [2026-09-24 14:23:02.169] Crusader library loaded; BuildingCosts runtime initialized.
[Info   :   BepInEx] Loading [Building Limit 1.0.25]
[Debug  :Building Limit] [2026-09-24 14:23:02.172] Building Limit 1.0.25 loaded.
[Debug  :Building Limit] [2026-09-24 14:23:02.178] [Building Limit] gameplay-mod gate: modGuid=BuildingLimit_Serp, source=initialization, kind=Unknown, launchVariant=Standard, customized=False, customizedOrigin=0, modeAllowed=False, configuredEnabled=True, effectiveEnabled=False, action=disabled-by-mode, reason=unknown-fail-closed.
[Info   :Building Limit] [2026-09-24 14:23:02.178] [BuildingLimit_Serp] gameplay-feature gate: feature=BuildingLimitEnforcement, source=initialization, kind=Unknown, launchVariant=Standard, realMultiplayer=False, modeAllowed=False, action=disabled-by-feature-mode, reason=unknown-fail-closed.
[Info   :Building Limit] [2026-09-24 14:23:02.204] Building Limit verified the installed CrusaderDE.dll: sha256=FBCB93195FC7EFCA9BDAC5204852EFDD76F9818F59A6711750D77C9CEF2831E2, size=3451392, path=E:\ProgrammeE\Steam\steamapps\common\Stronghold Crusader Definitive Edition\Stronghold Crusader Definitive Edition_Data\Plugins\x86_64\CrusaderDE.dll.
[Info   :Serp Localization] [2026-09-24 14:23:02.211] Locale selected: locale=en-US, source=Steam runtime, rawLanguage=english, configuredProvider=detect, scriptExtenderLanguage=en-US, pluginDirectory=E:\ProgrammeE\Steam\steamapps\common\Stronghold Crusader Definitive Edition\BepInEx\plugins\BuildingLimit_Serp, englishFileExists=True, localeFileExists=True.
[Info   :  SHCDE-SE] [T1-14:23:02.212] [LobbyModSettingsStorage] [Load] [BuildingLimit_Serp]: Settings restored from [E:\ProgrammeE\Steam\steamapps\common\Stronghold Crusader Definitive Edition\BepInEx\plugins\BuildingLimit_Serp\LobbyModSettings\BuildingLimit_Serp.msgpack]
[Info   :  SHCDE-SE] [T1-14:23:02.215] [GameXAMLManagerAPI] [RegisterLobbyModSettingsCore] Registered mod [BuildingLimit_Serp]
[Info   :Building Limit] [2026-09-24 14:23:02.215] [BuildingLimit_Serp] Loaded editable lobby-settings working state; basedOn=, modified=False.
[Info   :  SHCDE-SE] [T1-14:23:02.215] [GameXAMLManagerAPI] [RegisterBinding] Registering auto-binding: [BuildingLimitNotificationOverlay]
[Info   :  SHCDE-SE] [T1-14:23:02.215] [GameXAMLManagerAPI] [RegisterBinding] Registering auto-binding: [BuildingLimitTooltipHost]
[Info   :  SHCDE-SE] [T1-14:23:02.215] [GameXAMLManagerAPI] [RegisterBinding] Registering auto-binding: [BuildingLimitTooltipHostCompact]
[Debug  :Building Limit] [2026-09-24 14:23:02.215] Building limit disabled; runtime hooks not subscribed
[Debug  :Building Limit] [2026-09-24 14:23:02.215] Crusader library loaded; BuildingLimit runtime initialized.
[Info   :   BepInEx] Loading [CastlePlanner 0.8.31]
[Debug  :CastlePlanner] [2026-09-24 14:23:02.220] [CastlePlanner] gameplay-mod gate: modGuid=CastlePlanner_Serp, source=initialization, kind=Unknown, launchVariant=Standard, customized=False, customizedOrigin=0, modeAllowed=False, configuredEnabled=True, effectiveEnabled=False, action=disabled-by-mode, reason=unknown-fail-closed.
[Info   :CastlePlanner] [2026-09-24 14:23:02.220] [CastlePlanner_Serp] gameplay-feature gate: feature=CastleSpawning, source=initialization, kind=Unknown, launchVariant=Standard, realMultiplayer=False, modeAllowed=False, action=disabled-by-feature-mode, reason=unknown-fail-closed.
[Info   :CastlePlanner] [2026-09-24 14:23:02.220] [CastlePlanner_Serp] gameplay-feature gate: feature=FreeCastlePreview, source=initialization, kind=Unknown, launchVariant=Standard, realMultiplayer=False, modeAllowed=False, action=disabled-by-feature-mode, reason=unknown-fail-closed.
[Info   :CastlePlanner] [2026-09-24 14:23:02.220] [CastlePlanner_Serp] gameplay-feature gate: feature=CastleBlueprints, source=initialization, kind=Unknown, launchVariant=Standard, realMultiplayer=False, modeAllowed=False, action=disabled-by-feature-mode, reason=unknown-fail-closed.
[Info   :CastlePlanner] [2026-09-24 14:23:02.247] CastlePlanner verified the installed CrusaderDE.dll: sha256=FBCB93195FC7EFCA9BDAC5204852EFDD76F9818F59A6711750D77C9CEF2831E2, size=3451392, path=E:\ProgrammeE\Steam\steamapps\common\Stronghold Crusader Definitive Edition\Stronghold Crusader Definitive Edition_Data\Plugins\x86_64\CrusaderDE.dll.
[Info   :Serp Localization] [2026-09-24 14:23:02.255] Locale selected: locale=en-US, source=Steam runtime, rawLanguage=english, configuredProvider=detect, scriptExtenderLanguage=en-US, pluginDirectory=E:\ProgrammeE\Steam\steamapps\common\Stronghold Crusader Definitive Edition\BepInEx\plugins\CastlePlanner_Serp, englishFileExists=True, localeFileExists=True.
[Info   :  SHCDE-SE] [T1-14:23:02.256] [LobbyModSettingsStorage] [Load] [CastlePlanner_Serp]: Settings restored from [E:\ProgrammeE\Steam\steamapps\common\Stronghold Crusader Definitive Edition\BepInEx\plugins\CastlePlanner_Serp\LobbyModSettings\CastlePlanner_Serp.msgpack]
[Info   :  SHCDE-SE] [T1-14:23:02.265] [GameXAMLManagerAPI] [RegisterLobbyModSettingsCore] Registered mod [CastlePlanner_Serp]
[Info   :CastlePlanner] [2026-09-24 14:23:02.265] [CastlePlanner ModSettingsScrollDiagnostic] attached; horizontal=0, vertical=0, extentWidth=0, viewportWidth=0.
[Info   :CastlePlanner] [2026-09-24 14:23:02.265] [CastlePlanner_Serp] Loaded editable lobby-settings working state; basedOn=, modified=False.
[Info   :CastlePlanner] [2026-09-24 14:23:02.266] CastlePlanner local AIVJSON selection changed to '[CustomLords] testlord_serp\testlord_serpcastle1.aivjson'.
[Info   :CastlePlanner] [2026-09-24 14:23:02.275] Asynchronous AIVJSON catalog loading started; recursive discovery and hashing will not block the game thread.
[Info   :CastlePlanner] [2026-09-24 14:23:02.314] Blueprint capture status: available=80, required=80, missing=0, depthAtlases=80, missingDepth=0.
[Debug  :CastlePlanner] [2026-09-24 14:23:02.314] Blueprint image manifests loaded: composites=80, depthCaptures=80, elapsedMs=35,9.
[Info   :CastlePlanner] [2026-09-24 14:23:02.319] Persistent local blueprint runtime initialized; Application.onBeforeRender frame loop and focus-loss guard registered.
[Info   :  SHCDE-SE] [T1-14:23:02.320] [GameNetworkAPI] [GetPacketEventFor] Dynamically registered packet type 'FreeCastlePacket' with ID: 1113
[Info   :  SHCDE-SE] [T1-14:23:02.320] [GameNetworkAPI] [GetPacketEventFor] Created R3 event stream for packet ID 1113 [FreeCastlePacket]
[Info   :CastlePlanner] [2026-09-24 14:23:02.323] Free-castle preview initialized: packetId=1113, defaultTimeout=120s, timeoutRange=60-600s, mainThread=1, synchronizationContext=UnityEngine.UnitySynchronizationContext, loadingWarningGuard=managed-generation.
[Info   :  SHCDE-SE] [T1-14:23:02.323] [GameXAMLManagerAPI] [RegisterBinding] Registering auto-binding: [CastlePlannerBlueprintHud]
[Info   :  SHCDE-SE] [T1-14:23:02.323] [GameXAMLManagerAPI] [RegisterBinding] Registering auto-binding: [CastlePlannerBlueprintSettingsButton]
[Info   :  SHCDE-SE] [T1-14:23:02.338] [GameXAMLManagerAPI] [RegisterBinding] Registering auto-binding: [CastlePlannerAivSelectionListHost]
[Debug  :CastlePlanner] [2026-09-24 14:23:02.351] Native address resolved: name=AllocateSpecDelegate, method=reference-rva, rva=0x50680.
[Debug  :CastlePlanner] [2026-09-24 14:23:02.351] Native address resolved: name=SetPlacementDelegate, method=reference-rva, rva=0x54EC0.
[Debug  :CastlePlanner] [2026-09-24 14:23:02.351] Native address resolved: name=TestSpecificCandidateDelegate, method=reference-rva, rva=0x54DE0.
[Debug  :CastlePlanner] [2026-09-24 14:23:02.351] Native address resolved: name=PrepareLayoutDelegate, method=reference-rva, rva=0x53D00.
[Debug  :CastlePlanner] [2026-09-24 14:23:02.351] Native address resolved: name=ExecuteToPercentageDelegate, method=reference-rva, rva=0x55F50.
[Debug  :CastlePlanner] [2026-09-24 14:23:02.351] Native address resolved: name=aivState, method=reference-rva, rva=0x95C9F.
[Debug  :CastlePlanner] [2026-09-24 14:23:02.351] Native address resolved: name=prebuiltPlayersBitField, method=reference-rva, rva=0x95FF8.
[Debug  :CastlePlanner] [2026-09-24 14:23:02.351] Native address resolved: name=prepared Keep coordinates, method=reference-rva, rva=0x95EA3.
[Info   :CastlePlanner] [2026-09-24 14:23:02.352] Native AIV bindings resolved: module=0x7FFAAE950000, aivState=0x7FFAB1DF9F70, playerAivStateBase=0x7FFAB20ED0CC, prebuiltPlayers=0x7FFAB1FB5FC0, preparedKeepX=0x7FFAB1E379CC, preparedKeepY=0x7FFAB1E379D0.
[Info   :CastlePlanner] [2026-09-24 14:23:02.352] CastlePlanner AIV import backend: official SHCDE-SE 2.9.0.0 GameAIVManagerAPI is available; compatibility workaround inactive.
[Debug  :CastlePlanner] [2026-09-24 14:23:02.352] Native address resolved: name=Vanilla human Keep coordinate load, method=reference-rva, rva=0x95B3C.
[Info   :  SHCDE-SE] [T1-14:23:02.352] [X64InlineHook] ["humanKeepCoordinateLoadHook"] compiled stub at 0x00007FFA3EA81980, size: 271 bytes (target: 0x00007FFAAE9E5B3C).
[Info   :  SHCDE-SE] [T1-14:23:02.352] [X64InlineHook] ["humanKeepCoordinateLoadHook"] hook enabled at 0x00007FFAAE9E5B3C, stub 0x00007FFA3EA81980.
[Info   :  SHCDE-SE] [T1-14:23:02.352] [HookTransaction[InstallHumanStartPreparationHook]] Commit: "1/1 installed, 0 failed, 0ms (0ms scanning)"
[Info   :CastlePlanner] [2026-09-24 14:23:02.352] Early Vanilla human-start hooks installed: keepCoordinateRva=0x95B3C, displacedBytes=16.
[Info   :CastlePlanner] [2026-09-24 14:23:02.352] Native AIV castle spawner installed; all private functions and globals resolved uniquely.
[Info   :CastlePlanner] [2026-09-24 14:23:02.352] Crusader library initialization completed; all optional stages completed successfully.
[Info   :CastlePlanner] [2026-09-24 14:23:02.352] CastlePlanner 0.8.31 loaded; the AIVJSON catalog will be cached automatically in the lobby.
[Info   :   BepInEx] Loading [Cheat Mod 1.0.9]
[Debug  : Cheat Mod] [2026-09-24 14:23:02.359] Cheat Mod 1.0.9 loaded.
[Debug  : Cheat Mod] [2026-09-24 14:23:02.360] [Cheat Mod] gameplay-mod gate: modGuid=CheatMod_Serp, source=initialization, kind=Unknown, launchVariant=Standard, customized=False, customizedOrigin=0, modeAllowed=False, configuredEnabled=False, effectiveEnabled=False, action=disabled-by-mode, reason=unknown-fail-closed.
[Info   : Cheat Mod] [2026-09-24 14:23:02.360] [CheatMod_Serp] gameplay-feature gate: feature=EndlessExtremePowersRecharge, source=initialization, kind=Unknown, launchVariant=Standard, realMultiplayer=False, modeAllowed=False, action=disabled-by-feature-mode, reason=unknown-fail-closed.
[Info   : Cheat Mod] [2026-09-24 14:23:02.389] Cheat Mod verified the installed CrusaderDE.dll: sha256=FBCB93195FC7EFCA9BDAC5204852EFDD76F9818F59A6711750D77C9CEF2831E2, size=3451392, path=E:\ProgrammeE\Steam\steamapps\common\Stronghold Crusader Definitive Edition\Stronghold Crusader Definitive Edition_Data\Plugins\x86_64\CrusaderDE.dll.
[Info   :Serp Localization] [2026-09-24 14:23:02.397] Locale selected: locale=en-US, source=Steam runtime, rawLanguage=english, configuredProvider=detect, scriptExtenderLanguage=en-US, pluginDirectory=E:\ProgrammeE\Steam\steamapps\common\Stronghold Crusader Definitive Edition\BepInEx\plugins\CheatMod_Serp, englishFileExists=True, localeFileExists=True.
[Info   :  SHCDE-SE] [T1-14:23:02.397] [LobbyModSettingsStorage] [Load] [CheatMod_Serp]: Settings restored from [E:\ProgrammeE\Steam\steamapps\common\Stronghold Crusader Definitive Edition\BepInEx\plugins\CheatMod_Serp\LobbyModSettings\CheatMod_Serp.msgpack]
[Info   :  SHCDE-SE] [T1-14:23:02.400] [GameXAMLManagerAPI] [RegisterLobbyModSettingsCore] Registered mod [CheatMod_Serp]
[Info   : Cheat Mod] [2026-09-24 14:23:02.400] [CheatMod_Serp] Loaded editable lobby-settings working state; basedOn=, modified=False.
[Debug  : Cheat Mod] [2026-09-24 14:23:02.402] Cheat Mod listens for Script Extender Extreme Powers activation changes.
[Debug  : Cheat Mod] [2026-09-24 14:23:02.402] Crusader library loaded; Cheat Mod runtime initialized.
[Info   :   BepInEx] Loading [Extended Data 1.0.2]
[Info   :Extended Data] [2026-09-24 14:23:02.404] Extended Data 1.0.2 loaded.
[Info   :Extended Data] [2026-09-24 14:23:02.442] Extended Data verified the installed CrusaderDE.dll: sha256=FBCB93195FC7EFCA9BDAC5204852EFDD76F9818F59A6711750D77C9CEF2831E2, size=3451392, path=E:\ProgrammeE\Steam\steamapps\common\Stronghold Crusader Definitive Edition\Stronghold Crusader Definitive Edition_Data\Plugins\x86_64\CrusaderDE.dll.
[Info   :Serp Localization] [2026-09-24 14:23:02.448] Locale selected: locale=en-US, source=Steam runtime, rawLanguage=english, configuredProvider=detect, scriptExtenderLanguage=en-US, pluginDirectory=E:\ProgrammeE\Steam\steamapps\common\Stronghold Crusader Definitive Edition\BepInEx\plugins\ExtendedData_Serp, englishFileExists=True, localeFileExists=True.
[Info   :  SHCDE-SE] [T1-14:23:02.453] [LobbyModSettingsStorage] [Load] [ExtendedData_Serp]: Settings restored from [E:\ProgrammeE\Steam\steamapps\common\Stronghold Crusader Definitive Edition\BepInEx\plugins\ExtendedData_Serp\LobbyModSettings\ExtendedData_Serp.msgpack]
[Info   :  SHCDE-SE] [T1-14:23:02.457] [GameXAMLManagerAPI] [RegisterLobbyModSettingsCore] Registered mod [ExtendedData_Serp]
[Info   :Extended Data] [2026-09-24 14:23:02.457] [ExtendedData_Serp] Loaded editable lobby-settings working state; basedOn=, modified=False.
[Info   :Extended Data] [2026-09-24 14:23:02.459] [ExtendedData_Serp] Shared per-player lobby convergence activated: settings=[CoopPackageStatus], required=[CoopPackageStatus].
[Info   :  SHCDE-SE] [T1-14:23:02.462] [ModSaveDataAPI] [RegisterModDataHandler] Registered handler for [ExtendedData-LaunchOrigin]
[Info   :  SHCDE-SE] [T1-14:23:02.462] [GameXAMLManagerAPI] [RegisterBinding] Registering auto-binding: [ExtendedDataMapEditorSaveOptionsHost]
[Info   :  SHCDE-SE] [T1-14:23:02.462] [GameXAMLManagerAPI] [RegisterBinding] Registering auto-binding: [ExtendedDataTrailMakerSaveOptionsHost]
[Info   :Extended Data] [2026-09-24 14:23:02.470] Registered ExtendedData as the BugfixesAndQoL Trail customization provider.
[Info   :Extended Data] [2026-09-24 14:23:02.474] Custom Lord preflight rules: Script Extender=2.9.0, knownProfile=False, reflectedLordInfoFields=13, reflectedMessageTypes=42, publicValidator=False.
[Info   :  SHCDE-SE] [T1-14:23:02.474] [GameXAMLManagerAPI] [RegisterBinding] Registering auto-binding: [ExtendedDataUploadOptionsHost]
[Info   :  SHCDE-SE] [T1-14:23:02.475] [GameNetworkAPI] [GetPacketEventFor] Dynamically registered packet type 'CoopCustomizePacket' with ID: 1114
[Info   :  SHCDE-SE] [T1-14:23:02.475] [GameNetworkAPI] [GetPacketEventFor] Created R3 event stream for packet ID 1114 [CoopCustomizePacket]
[Info   :  SHCDE-SE] [T1-14:23:02.475] [GameNetworkAPI] [GetPacketEventFor] Dynamically registered packet type 'BuiltInCustomizeOriginPacket' with ID: 1115
[Info   :  SHCDE-SE] [T1-14:23:02.475] [GameNetworkAPI] [GetPacketEventFor] Created R3 event stream for packet ID 1115 [BuiltInCustomizeOriginPacket]
[Info   :Extended Data] [2026-09-24 14:23:02.589] Trail mission-settings coordinator initialized.
[Info   :  SHCDE-SE] [T1-14:23:02.590] [ModSaveDataAPI] [RegisterModDataHandler] Registered handler for [ExtendedData-MapModSettings]
[Info   :  SHCDE-SE] [T1-14:23:02.602] [GameNetworkAPI] [GetPacketEventFor] Dynamically registered packet type 'MapModSettingsPacket' with ID: 1116
[Info   :  SHCDE-SE] [T1-14:23:02.602] [GameNetworkAPI] [GetPacketEventFor] Created R3 event stream for packet ID 1116 [MapModSettingsPacket]
[Info   :Extended Data] [2026-09-24 14:23:02.604] Map mod-settings coordinator initialized.
[Info   :Extended Data] [2026-09-24 14:23:02.614] Map/Trail mod settings [Fixes] (fixes) are not included in creator presets: missing typed APIShared preset endpoint.
[Info   :Extended Data] [2026-09-24 14:23:02.624] Map/Trail mod-settings compatibility refreshed: compatible=7 [Bugfixes and QoL, Building Costs, Building Limit, CastlePlanner, Cheat Mod, Extra Features, Unit Limit], incompatible=1 [Fixes].
[Info   :Extended Data] [2026-09-24 14:23:02.696] Found Coop Trail package [Coop Trail (PoC)] with 1 mission(s).
[Info   :Extended Data] [2026-09-24 14:23:02.709] Runtime initialized; selected Coop Trail packages use cooptrail.json and centralized Trail settings.
[Info   :   BepInEx] Loading [Extreme Powers 0.1.4]
[Debug  :Extreme Powers] [2026-09-24 14:23:02.712] [Extreme Powers] gameplay-mod gate: modGuid=ExtremePowers_Serp, source=initialization, kind=Unknown, launchVariant=Standard, customized=False, customizedOrigin=0, modeAllowed=False, configuredEnabled=False, effectiveEnabled=False, action=disabled-by-mode, reason=unknown-fail-closed.
[Debug  :Extreme Powers] [2026-09-24 14:23:02.712] Extreme Powers 0.1.4 loaded.
[Info   :Serp Localization] [2026-09-24 14:23:02.723] Locale selected: locale=en-US, source=Steam runtime, rawLanguage=english, configuredProvider=detect, scriptExtenderLanguage=en-US, pluginDirectory=E:\ProgrammeE\Steam\steamapps\common\Stronghold Crusader Definitive Edition\BepInEx\plugins\ExtremePowers_Serp, englishFileExists=True, localeFileExists=True.
[Info   :  SHCDE-SE] [T1-14:23:02.756] [GameNetworkAPI] [GetPacketEventFor] Dynamically registered packet type 'ExtremePowerChore' with ID: 1117
[Info   :  SHCDE-SE] [T1-14:23:02.756] [GameNetworkAPI] [GetPacketEventFor] Created R3 event stream for packet ID 1117 [ExtremePowerChore]
[Info   :  SHCDE-SE] [T1-14:23:02.776] [LobbyModSettingsStorage] [Load] [ExtremePowers_Serp]: Settings restored from [E:\ProgrammeE\Steam\steamapps\common\Stronghold Crusader Definitive Edition\BepInEx\plugins\ExtremePowers_Serp\LobbyModSettings\ExtremePowers_Serp.msgpack]
[Info   :  SHCDE-SE] [T1-14:23:02.782] [GameXAMLManagerAPI] [RegisterLobbyModSettingsCore] Registered mod [ExtremePowers_Serp]
[Info   :Extreme Powers] [2026-09-24 14:23:02.782] [ExtremePowers_Serp] Loaded editable lobby-settings working state; basedOn=, modified=False.
[Info   :Extreme Powers] [2026-09-24 14:23:02.782] [ExtremePowers_Serp] Shared per-player lobby convergence activated: settings=[ApiProtocolReport], required=[ApiProtocolReport].
[Debug  :Extreme Powers] [2026-09-24 14:23:02.782] Supported Steam build 24816905; validated Extreme Powers hooks are active.
[Info   :   BepInEx] Loading [Random Events 1.0.42]
[Debug  :Random Events] [2026-09-24 14:23:02.787] [Random Events] gameplay-mod gate: modGuid=RandomEvents_Serp, source=initialization, kind=Unknown, launchVariant=Standard, customized=False, customizedOrigin=0, modeAllowed=False, configuredEnabled=True, effectiveEnabled=False, action=disabled-by-mode, reason=unknown-fail-closed.
[Info   :Random Events] [2026-09-24 14:23:02.787] [RandomEvents_Serp] gameplay-feature gate: feature=RandomEventsRuntime, source=initialization, kind=Unknown, launchVariant=Standard, realMultiplayer=False, modeAllowed=False, action=disabled-by-feature-mode, reason=unknown-fail-closed.
[Info   :  SHCDE-SE] [T1-14:23:02.788] [GameNetworkAPI] [GetPacketEventFor] Dynamically registered packet type 'RandomEventsInitializationChorePacket' with ID: 1118
[Info   :  SHCDE-SE] [T1-14:23:02.788] [GameNetworkAPI] [GetPacketEventFor] Created R3 event stream for packet ID 1118 [RandomEventsInitializationChorePacket]
[Info   :  SHCDE-SE] [T1-14:23:02.788] [GameNetworkAPI] [GetPacketEventFor] Dynamically registered packet type 'RandomEventsBatchChorePacket' with ID: 1119
[Info   :  SHCDE-SE] [T1-14:23:02.788] [GameNetworkAPI] [GetPacketEventFor] Created R3 event stream for packet ID 1119 [RandomEventsBatchChorePacket]
[Info   :  SHCDE-SE] [T1-14:23:02.788] [GameNetworkAPI] [GetPacketEventFor] Dynamically registered packet type 'RandomEventsSignpostChorePacket' with ID: 1120
[Info   :  SHCDE-SE] [T1-14:23:02.788] [GameNetworkAPI] [GetPacketEventFor] Created R3 event stream for packet ID 1120 [RandomEventsSignpostChorePacket]
[Info   :  SHCDE-SE] [T1-14:23:02.788] [GameNetworkAPI] [GetPacketEventFor] Dynamically registered packet type 'RandomEventsInitializationAckPacket' with ID: 1121
[Info   :  SHCDE-SE] [T1-14:23:02.788] [GameNetworkAPI] [GetPacketEventFor] Created R3 event stream for packet ID 1121 [RandomEventsInitializationAckPacket]
[Debug  :Random Events] [2026-09-24 14:23:02.789] Random Events Chore packets registered eagerly: initialization=1118, batch=1119, signpost=1120, protocolVersion=2.
[Debug  :Random Events] [2026-09-24 14:23:02.789] Random Events initialization-ACK packet registered eagerly: packetId=1121, protocolVersion=2.
[Debug  :Random Events] [2026-09-24 14:23:02.808] Random Events Script Extender binary: path=E:\ProgrammeE\Steam\steamapps\common\Stronghold Crusader Definitive Edition\BepInEx\plugins\000shcdese\SHCDESE.dll, version=2.9.0.0, size=1649152, sha256=710B4DA701D08250C4760181B4B5C0702A333AEAE8EBA33C311B30530FE9A697.
[Debug  :Random Events] [2026-09-24 14:23:02.819] Random Events Chore serializer self-tests passed: initialization-none(bytes=63,sha256=FE3799B68832EE999E16D16EC1561108E18D6D542E98FB9B355025508B6DA938), initialization-shared(bytes=78,sha256=B91D757B13BAF8D458BA0D850F53C4E352FF94CB49CCC0AC065A915FBD0354DA), initialization-individual-dense(bytes=185,sha256=225D396B104FEE15C2A5AF01357353CEE0AB46B500D7CE4B91A06B7E011BA6E4), empty-batch(bytes=27,sha256=4D8647032200FBC739FDC8F5F181A377E268542F398D987E31550D5EC5676EBB), maximum-batch(bytes=393,sha256=0627C9EFD45CA8AC23CBA3A90B198FDA82CE5A96CDBF829C88D1B41956C744BD), signpost(bytes=3,sha256=8117175A4F042DD4C5982F6E865AB11C0E893551CD454B1F32A83535AD331F96), initialization-ack(bytes=38,sha256=F8A010EAC7F7F6F9A1A6F8B132277D6318F767EEBE7EE4C3DD1534862969AAF3).
[Info   :Serp Localization] [2026-09-24 14:23:02.827] Locale selected: locale=en-US, source=Steam runtime, rawLanguage=english, configuredProvider=detect, scriptExtenderLanguage=en-US, pluginDirectory=E:\ProgrammeE\Steam\steamapps\common\Stronghold Crusader Definitive Edition\BepInEx\plugins\RandomEvents_Serp, englishFileExists=True, localeFileExists=True.
[Info   :  SHCDE-SE] [T1-14:23:02.830] [LobbyModSettingsStorage] [Load] [RandomEvents_Serp]: Settings restored from [E:\ProgrammeE\Steam\steamapps\common\Stronghold Crusader Definitive Edition\BepInEx\plugins\RandomEvents_Serp\LobbyModSettings\RandomEvents_Serp.msgpack]
[Info   :  SHCDE-SE] [T1-14:23:02.844] [GameXAMLManagerAPI] [RegisterLobbyModSettingsCore] Registered mod [RandomEvents_Serp]
[Info   :Random Events] [2026-09-24 14:23:02.844] [RandomEvents_Serp] Loaded editable lobby-settings working state; basedOn=, modified=False.
[Info   :Random Events] [2026-09-24 14:23:02.872] Random Events native integration verified the installed CrusaderDE.dll: sha256=FBCB93195FC7EFCA9BDAC5204852EFDD76F9818F59A6711750D77C9CEF2831E2, size=3451392, path=E:\ProgrammeE\Steam\steamapps\common\Stronghold Crusader Definitive Edition\Stronghold Crusader Definitive Edition_Data\Plugins\x86_64\CrusaderDE.dll.
[Info   :Random Events] [2026-09-24 14:23:02.874] Native address resolved: name=signpost lookup, method=reference-rva, rva=0xCB800.
[Info   :Random Events] [2026-09-24 14:23:02.875] Native address resolved: name=archer signpost source, method=reference-rva, rva=0x104E13, sourceXOffset=0x1838CC, sourceYOffset=0x1838D0, slotStride=0x10.
[Debug  :Random Events] [2026-09-24 14:23:02.876] Native address resolved: name=building prerequisite, method=reference-rva, rva=0xB8D50.
[Debug  :Random Events] [2026-09-24 14:23:02.876] Native address resolved: name=wheat infestation, method=reference-rva, rva=0xC3130.
[Debug  :Random Events] [2026-09-24 14:23:02.876] Native address resolved: name=hops beetles, method=reference-rva, rva=0xC2E30.
[Debug  :Random Events] [2026-09-24 14:23:02.876] Native address resolved: name=apple blight, method=reference-rva, rva=0xC2C30.
[Debug  :Random Events] [2026-09-24 14:23:02.877] Native address resolved: name=mad-cow unit effect, method=reference-rva, rva=0x194C40.
[Debug  :Random Events] [2026-09-24 14:23:02.877] Native address resolved: name=mad-cow building effect, method=reference-rva, rva=0xC6090.
[Debug  :Random Events] [2026-09-24 14:23:02.877] Native address resolved: name=granary theft, method=reference-rva, rva=0xC5F70.
[Debug  :Random Events] [2026-09-24 14:23:02.877] Native address resolved: name=event presentation callsite, method=reference-rva, rva=0xF9B74.
[Debug  :Random Events] [2026-09-24 14:23:02.880] Native event-presentation target filter installed: address=0x7FFAAEA531B0.
[Debug  :Random Events] [2026-09-24 14:23:02.882] Native event-sound target filter installed: address=0x7FFAAE952940.
[Debug  :Random Events] [2026-09-24 14:23:02.882] Native event-sound target resolved: method=reference-rva, callsiteRva=0x104A20, managerRva=0x64C4490, handlerRva=0x2940.
[Debug  :Random Events] [2026-09-24 14:23:02.882] Native address resolved: name=Vanilla wildlife handler, method=reference-rva, rva=0x11E150.
[Debug  :Random Events] [2026-09-24 14:23:02.882] Native address resolved: name=Vanilla lion/rabbit source branches, method=reference-rva, rva=0x11E638.
[Debug  :Random Events] [2026-09-24 14:23:02.883] Native address resolved: name=Vanilla rabbit predicate, method=reference-rva, rva=0x1177A0.
[Debug  :Random Events] [2026-09-24 14:23:02.883] Native address resolved: name=Vanilla rabbit spawner, method=reference-rva, rva=0x123AC0.
[Debug  :Random Events] [2026-09-24 14:23:02.883] Native address resolved: name=Vanilla rabbit tile mask, method=reference-rva, rva=0x123B86.
[Debug  :Random Events] [2026-09-24 14:23:02.883] Native address resolved: name=Vanilla rabbit event wrapper, method=reference-rva, rva=0x10496A.
[Debug  :Random Events] [2026-09-24 14:23:02.883] Native address resolved: name=Vanilla rabbit source write, method=reference-rva, rva=0x123BD3.
[Debug  :Random Events] [2026-09-24 14:23:02.883] Native address resolved: name=Vanilla lion spawn case, method=reference-rva, rva=0x11E261.
[Debug  :Random Events] [2026-09-24 14:23:02.883] Native address resolved: name=Vanilla lion activation write, method=reference-rva, rva=0x104C64.
[Debug  :Random Events] [2026-09-24 14:23:02.883] Native address resolved: name=Vanilla lion action-point wrapper, method=reference-rva, rva=0x104C46.
[Debug  :Random Events] [2026-09-24 14:23:02.885] Native address resolved: name=Vanilla action-point handler, method=reference-rva, rva=0xF4D40.
[Debug  :Random Events] [2026-09-24 14:23:02.886] Native minimap action-point target filter installed: address=0x7FFAAEA44D40.
[Debug  :Random Events] [2026-09-24 14:23:02.886] Native address resolved: name=Vanilla bandit popularity-state write, method=reference-rva, rva=0x104CBA.
[Info   :  SHCDE-SE] [T1-14:23:02.886] [ModSaveDataAPI] [RegisterModDataHandler] Registered handler for [serp-randomevents-state]
[Debug  :Random Events] [2026-09-24 14:23:02.887] Crusader library loaded; Random Events initialized.
[Info   :   BepInEx] Loading [Start Conditions 1.0.28]
[Info   :  SHCDE-SE] [T1-14:23:02.935] [LobbyModSettingsStorage] [Load] [StartConditions_Serp]: Settings restored from [E:\ProgrammeE\Steam\steamapps\common\Stronghold Crusader Definitive Edition\BepInEx\plugins\StartConditions_Serp\LobbyModSettings\StartConditions_Serp.msgpack]
[Info   :  SHCDE-SE] [T1-14:23:02.943] [GameXAMLManagerAPI] [RegisterLobbyModSettingsCore] Registered mod [StartConditions_Serp]
[Info   :  SHCDE-SE] [T1-14:23:02.945] [ModSaveDataAPI] [RegisterModDataHandler] Registered handler for [StartConditions_Serp.AIStartTroops]
[Info   :Start Conditions] [2026-09-24 14:23:02.946] Start Conditions briefing-gold adjustment registered with APIShared.
[Info   :   BepInEx] Loading [Unit Costs 1.0.30]
[Debug  :Unit Costs] [2026-09-24 14:23:02.948] Unit Costs 1.0.30 loaded.
[Debug  :Unit Costs] [2026-09-24 14:23:02.957] [Unit Costs] gameplay-mod gate: modGuid=UnitCosts_Serp, source=initialization, kind=Unknown, launchVariant=Standard, customized=False, customizedOrigin=0, modeAllowed=False, configuredEnabled=True, effectiveEnabled=False, action=disabled-by-mode, reason=unknown-fail-closed.
[Info   :Unit Costs] [2026-09-24 14:23:02.957] [UnitCosts_Serp] gameplay-feature gate: feature=UnitCostEnforcement, source=initialization, kind=Unknown, launchVariant=Standard, realMultiplayer=False, modeAllowed=False, action=disabled-by-feature-mode, reason=unknown-fail-closed.
[Info   :Unit Costs] [2026-09-24 14:23:02.988] Unit Costs verified the installed CrusaderDE.dll: sha256=FBCB93195FC7EFCA9BDAC5204852EFDD76F9818F59A6711750D77C9CEF2831E2, size=3451392, path=E:\ProgrammeE\Steam\steamapps\common\Stronghold Crusader Definitive Edition\Stronghold Crusader Definitive Edition_Data\Plugins\x86_64\CrusaderDE.dll.
[Info   :Serp Localization] [2026-09-24 14:23:02.997] Locale selected: locale=en-US, source=Steam runtime, rawLanguage=english, configuredProvider=detect, scriptExtenderLanguage=en-US, pluginDirectory=E:\ProgrammeE\Steam\steamapps\common\Stronghold Crusader Definitive Edition\BepInEx\plugins\UnitCosts_Serp, englishFileExists=True, localeFileExists=True.
[Info   :  SHCDE-SE] [T1-14:23:02.998] [LobbyModSettingsStorage] [Load] [UnitCosts_Serp]: Settings restored from [E:\ProgrammeE\Steam\steamapps\common\Stronghold Crusader Definitive Edition\BepInEx\plugins\UnitCosts_Serp\LobbyModSettings\UnitCosts_Serp.msgpack]
[Info   :  SHCDE-SE] [T1-14:23:03.002] [GameXAMLManagerAPI] [RegisterLobbyModSettingsCore] Registered mod [UnitCosts_Serp]
[Info   :Unit Costs] [2026-09-24 14:23:03.002] [UnitCosts_Serp] Loaded editable lobby-settings working state; basedOn=, modified=False.
[Info   :  SHCDE-SE] [T1-14:23:03.002] [GameXAMLManagerAPI] [RegisterBinding] Registering auto-binding: [UnitCostsNotificationOverlay]
[Info   :  SHCDE-SE] [T1-14:23:03.002] [GameXAMLManagerAPI] [RegisterBinding] Registering auto-binding: [UnitCostsSiegeNotificationInlineHost]
[Info   :  SHCDE-SE] [T1-14:23:03.002] [GameXAMLManagerAPI] [RegisterBinding] Registering auto-binding: [UnitCostsTroopCostsInlineHost]
[Info   :  SHCDE-SE] [T1-14:23:03.002] [GameXAMLManagerAPI] [RegisterBinding] Registering auto-binding: [UnitCostsArabTroopCostsInlineHost]
[Info   :  SHCDE-SE] [T1-14:23:03.002] [GameXAMLManagerAPI] [RegisterBinding] Registering auto-binding: [UnitCostsBedouinTroopCostsInlineHost]
[Info   :  SHCDE-SE] [T1-14:23:03.002] [GameXAMLManagerAPI] [RegisterBinding] Registering auto-binding: [UnitCostsEngineersCostsInlineHost]
[Info   :  SHCDE-SE] [T1-14:23:03.002] [GameXAMLManagerAPI] [RegisterBinding] Registering auto-binding: [UnitCostsTunellersCostsInlineHost]
[Info   :  SHCDE-SE] [T1-14:23:03.002] [GameXAMLManagerAPI] [RegisterBinding] Registering auto-binding: [UnitCostsMonkCostsInlineHost]
[Info   :  SHCDE-SE] [T1-14:23:03.002] [GameXAMLManagerAPI] [RegisterBinding] Registering auto-binding: [UnitCostsSiegeBuildCostsInlineHost]
[Debug  :Unit Costs] [2026-09-24 14:23:03.003] UnitCosts horse-link lifecycle subscribed
[Debug  :Unit Costs] [2026-09-24 14:23:03.003] UnitCosts disabled; runtime hooks not subscribed
[Debug  :Unit Costs] [2026-09-24 14:23:03.003] Crusader library loaded; UnitCosts runtime initialized.
[Message:   BepInEx] Chainloader startup complete
[Info   :Active AIV Detector] [2026-09-24 14:23:03.071] Plugin component destroyed during startup; keeping the active-AIV hook rooted.
[Debug  :CastlePlanner] [2026-09-24 14:23:03.071] Plugin component destroyed during startup; keeping CastlePlanner lifecycle subscriptions rooted.
[Debug  :Extended Data] [2026-09-24 14:23:03.071] ExtendedData OnDestroy called; keeping process-lifetime runtime active.
[Debug  :Extreme Powers] [2026-09-24 14:23:03.071] Plugin component destroyed during startup; keeping Extreme Powers hooks and settings rooted.
[Info   :  SHCDE-SE] [T1-14:23:03.866] [MapModManager] [TryUpdateModsFromRemote] Trying to update mods from steam-remote...
[Info   :  SHCDE-SE] [T1-14:23:03.866] [MapModManager] [TryUpdateModsFromRemote] Retrieved 6 items
[Info   :  SHCDE-SE] [T1-14:23:03.866] [MapModManager] [DetectAndStageUninstalls] Scanning for uninstalls in: [E:\ProgrammeE\Steam\steamapps\common\Stronghold Crusader Definitive Edition\_SE]
[Info   :  SHCDE-SE] [T1-14:23:03.866] [MapModManager] [DetectAndStageUninstalls] Found 3 local manifests.
[Info   :  SHCDE-SE] [T1-14:23:03.870] [MapArchive] [.ctor] Reading ZIP data from offset: 003444B7
[Info   :  SHCDE-SE] [T1-14:23:03.870] [MapModManager] [TryStageModUpdate] Querying workshop mod (MAS): [fixes], full: [E:\ProgrammeE\Steam\steamapps\workshop\content\3024040\3791770511\fixes.map]
[Info   :  SHCDE-SE] [T1-14:23:03.870] [MapModManager] [ShouldUpdate] Querying local mod info: [E:\ProgrammeE\Steam\steamapps\common\Stronghold Crusader Definitive Edition\_SE\fixes.json]
[Info   :  SHCDE-SE] [T1-14:23:03.870] [MapModManager] [ShouldUpdate] Local mod info version: [1.19.0], Remote version: [1.19.0]
[Info   :  SHCDE-SE] [T1-14:23:03.870] [MapModManager] [TryStageModUpdate] Skipping: [fixes]
[Info   :  SHCDE-SE] [T1-14:23:03.874] [MapArchive] [.ctor] Reading ZIP data from offset: 003444B7
[Info   :  SHCDE-SE] [T1-14:23:03.884] [MapModManager] [TryStageModUpdate] Querying workshop mod (MAS): [SerpsMods], full: [E:\ProgrammeE\Steam\steamapps\workshop\content\3024040\3788821961\SerpsMods.map]
[Info   :  SHCDE-SE] [T1-14:23:03.884] [MapModManager] [ShouldUpdate] Querying local mod info: [E:\ProgrammeE\Steam\steamapps\common\Stronghold Crusader Definitive Edition\_SE\SerpsMods.json]
[Info   :  SHCDE-SE] [T1-14:23:03.884] [MapModManager] [ShouldUpdate] Local mod info version: [1.0.14], Remote version: [1.0.14]
[Info   :  SHCDE-SE] [T1-14:23:03.884] [MapModManager] [TryStageModUpdate] Skipping: [SerpsMods]
[Info   :  SHCDE-SE] [T1-14:23:03.887] [MapArchive] [.ctor] Reading ZIP data from offset: 003444B7
[Info   :  SHCDE-SE] [T1-14:23:03.887] [MapModManager] [TryStageModUpdate] Querying workshop mod (MAS): [LorrdyAISharesGold], full: [E:\ProgrammeE\Steam\steamapps\workshop\content\3024040\3774768801\LorrdyAISharesGold.map]
[Info   :  SHCDE-SE] [T1-14:23:03.887] [MapModManager] [ShouldUpdate] Querying local mod info: [E:\ProgrammeE\Steam\steamapps\common\Stronghold Crusader Definitive Edition\_SE\LorrdyAISharesGold.json]
[Info   :  SHCDE-SE] [T1-14:23:03.887] [MapModManager] [ShouldUpdate] Local mod info version: [1.0.4], Remote version: [1.0.4]
[Info   :  SHCDE-SE] [T1-14:23:03.887] [MapModManager] [TryStageModUpdate] Skipping: [LorrdyAISharesGold]
[Info   :AIV Lobby Preset Test] Persistent lobby render observer active.
[Info   :Extended Data] [2026-09-24 14:23:04.308] Map/Trail mod-settings compatibility refreshed: compatible=11 [Bugfixes and QoL, Building Costs, Building Limit, CastlePlanner, Cheat Mod, Extra Features, Extreme Powers, Random Events, Start Conditions, Unit Costs, Unit Limit], incompatible=1 [Fixes].
[Info   :UU-ImGUI API] idxgiswapchain_present_hook_impl: init
[Info   :UU-ImGUI API] idxgiswapchain_present_hook_impl: overwritten wndproc of hwnd: 7670292. old: 14A29801740, new=14715E09C40
[Info   :UU-ImGUI API] idxgiswapchain_present_hook_impl: created imgui context: 14A28E60260
[Info   :UU-ImGUI API] idxgiswapchain_present_hook_impl: created implot context: 14A28CED400
[Info   :UU-ImGUI API] idxgiswapchain_present_hook_impl: created imnodes context: 149CBABE1D0
[Info   :UU-ImGUI API] idxgiswapchain_present_hook_impl: created implot3d context: 14A27FCDC30
[Info   :UU-ImGUI API] idxgiswapchain_present_hook_impl: context creation complete
[Debug  :UU-ImGUI API] IDXGISwapChain self=149C85AC020
[Info   :UU-ImGUI API] idxgiswapchain_present_hook_impl: idgxiswapchain_getdesc::getdesc OK
[Info   :UU-ImGUI API] idxgiswapchain_present_hook_impl: idgxiswapchain_getdevice::getdevice OK
[Info   :UU-ImGUI API] idxgiswapchain_present_hook_impl: cached id3d11 device, id3d11 device context
[Info   :UU-ImGUI API] idxgiswapchain_present_hook_impl: idgxiswapchain_getbuffer::getbuffer
[Info   :UU-ImGUI API] idxgiswapchain_present_hook_impl: cached_ID3D11Device::createrendertargetview
[Info   :UU-ImGUI API] idxgiswapchain_present_hook_impl: pBackBuffer release OK
[Info   :UU-ImGUI API] idxgiswapchain_present_hook_impl: imgui get io
[Info   :UU-ImGUI API] idxgiswapchain_present_hook_impl: adding primary font: E:\ProgrammeE\Steam\steamapps\common\Stronghold Crusader Definitive Edition\BepInEx\plugins\000shcdese\data\fonts/FiraCode-Regular.ttf
[Debug  :Bugfixes and QoL] [2026-09-24 14:23:04.495] Recovered classic map size 400 from section 1050: C:/Users/Serpens66/AppData/LocalLow/Firefly Studios/Stronghold Crusader Definitive Edition\Maps\1001 Schlacht.map
[Debug  :Bugfixes and QoL] [2026-09-24 14:23:04.496] Recovered classic map size 400 from section 1050: C:/Users/Serpens66/AppData/LocalLow/Firefly Studios/Stronghold Crusader Definitive Edition\Maps\2 Penninsula limited.map
[Info   :UU-ImGUI API] idxgiswapchain_present_hook_impl: win32 init begin
[Debug  :Bugfixes and QoL] [2026-09-24 14:23:04.497] Recovered classic map size 400 from section 1050: C:/Users/Serpens66/AppData/LocalLow/Firefly Studios/Stronghold Crusader Definitive Edition\Maps\2 Penninsula.map
[Info   :UU-ImGUI API] idxgiswapchain_present_hook_impl: win32 init ok
[Info   :UU-ImGUI API] idxgiswapchain_present_hook_impl: dx11 init begin, ppDevice=148A56AA100, pID3D11DeviceContext=148A850D7D8 PTRSIZE=8 / 8
[Info   :UU-ImGUI API] idxgiswapchain_present_hook_impl: dx11 init ok
[Debug  :Bugfixes and QoL] [2026-09-24 14:23:04.501] Recovered classic map size 400 from section 1050: C:/Users/Serpens66/AppData/LocalLow/Firefly Studios/Stronghold Crusader Definitive Edition\Maps\3 vs 3 vs 1 vs 1.map
[Debug  :Bugfixes and QoL] [2026-09-24 14:23:04.502] Recovered classic map size 400 from section 1050: C:/Users/Serpens66/AppData/LocalLow/Firefly Studios/Stronghold Crusader Definitive Edition\Maps\3 vs 5.map
[Debug  :Bugfixes and QoL] [2026-09-24 14:23:04.505] Recovered classic map size 400 from section 1050: C:/Users/Serpens66/AppData/LocalLow/Firefly Studios/Stronghold Crusader Definitive Edition\Maps\3vs5 mit vorteil 5 sold.map
[Debug  :Bugfixes and QoL] [2026-09-24 14:23:04.509] Recovered classic map size 400 from section 1050: C:/Users/Serpens66/AppData/LocalLow/Firefly Studios/Stronghold Crusader Definitive Edition\Maps\4 vs 4 comps.map
[Debug  :Bugfixes and QoL] [2026-09-24 14:23:04.512] Recovered classic map size 400 from section 1050: C:/Users/Serpens66/AppData/LocalLow/Firefly Studios/Stronghold Crusader Definitive Edition\Maps\4spielerkarte.map
[Debug  :Bugfixes and QoL] [2026-09-24 14:23:04.515] Recovered classic map size 400 from section 1050: C:/Users/Serpens66/AppData/LocalLow/Firefly Studios/Stronghold Crusader Definitive Edition\Maps\aaaselbstge.map
[Debug  :Bugfixes and QoL] [2026-09-24 14:23:04.520] Recovered classic map size 160 from section 1050: C:/Users/Serpens66/AppData/LocalLow/Firefly Studios/Stronghold Crusader Definitive Edition\Maps\Another Close Call.map
[Debug  :Bugfixes and QoL] [2026-09-24 14:23:04.521] Recovered classic map size 400 from section 1050: C:/Users/Serpens66/AppData/LocalLow/Firefly Studios/Stronghold Crusader Definitive Edition\Maps\Antarctic- '' RaradICE''.map
[Debug  :Bugfixes and QoL] [2026-09-24 14:23:04.521] Recovered classic map size 400 from section 1050: C:/Users/Serpens66/AppData/LocalLow/Firefly Studios/Stronghold Crusader Definitive Edition\Maps\aPech.map
[Debug  :Bugfixes and QoL] [2026-09-24 14:23:04.522] Recovered classic map size 400 from section 1050: C:/Users/Serpens66/AppData/LocalLow/Firefly Studios/Stronghold Crusader Definitive Edition\Maps\BasisKarte X-easy.map
[Debug  :Bugfixes and QoL] [2026-09-24 14:23:04.522] Recovered classic map size 400 from section 1050: C:/Users/Serpens66/AppData/LocalLow/Firefly Studios/Stronghold Crusader Definitive Edition\Maps\BasisKarte X-easy2.map
[Debug  :Bugfixes and QoL] [2026-09-24 14:23:04.523] Recovered classic map size 400 from section 1050: C:/Users/Serpens66/AppData/LocalLow/Firefly Studios/Stronghold Crusader Definitive Edition\Maps\BasisKarte X-easy5.map
[Debug  :Bugfixes and QoL] [2026-09-24 14:23:04.524] Recovered classic map size 400 from section 1050: C:/Users/Serpens66/AppData/LocalLow/Firefly Studios/Stronghold Crusader Definitive Edition\Maps\BasisKarte X-easy6.map
[Debug  :Bugfixes and QoL] [2026-09-24 14:23:04.524] Recovered classic map size 400 from section 1050: C:/Users/Serpens66/AppData/LocalLow/Firefly Studios/Stronghold Crusader Definitive Edition\Maps\BasisKarte X-hard.map
[Debug  :Bugfixes and QoL] [2026-09-24 14:23:04.525] Recovered classic map size 400 from section 1050: C:/Users/Serpens66/AppData/LocalLow/Firefly Studios/Stronghold Crusader Definitive Edition\Maps\BasisKarte X-hard2.map
[Debug  :Bugfixes and QoL] [2026-09-24 14:23:04.526] Recovered classic map size 400 from section 1050: C:/Users/Serpens66/AppData/LocalLow/Firefly Studios/Stronghold Crusader Definitive Edition\Maps\BasisKarte X-hard5.map
[Debug  :Bugfixes and QoL] [2026-09-24 14:23:04.526] Recovered classic map size 400 from section 1050: C:/Users/Serpens66/AppData/LocalLow/Firefly Studios/Stronghold Crusader Definitive Edition\Maps\BasisKarte X-hard6.map
[Debug  :Bugfixes and QoL] [2026-09-24 14:23:04.527] Recovered classic map size 400 from section 1050: C:/Users/Serpens66/AppData/LocalLow/Firefly Studios/Stronghold Crusader Definitive Edition\Maps\BasisKarte X-hard6_2.map
[Debug  :Bugfixes and QoL] [2026-09-24 14:23:04.527] Recovered classic map size 400 from section 1050: C:/Users/Serpens66/AppData/LocalLow/Firefly Studios/Stronghold Crusader Definitive Edition\Maps\BasisKarte X-med.map
[Debug  :Bugfixes and QoL] [2026-09-24 14:23:04.528] Recovered classic map size 400 from section 1050: C:/Users/Serpens66/AppData/LocalLow/Firefly Studios/Stronghold Crusader Definitive Edition\Maps\BasisKarte X-med2.map
[Debug  :Bugfixes and QoL] [2026-09-24 14:23:04.529] Recovered classic map size 400 from section 1050: C:/Users/Serpens66/AppData/LocalLow/Firefly Studios/Stronghold Crusader Definitive Edition\Maps\BasisKarte X-med5.map
[Debug  :Bugfixes and QoL] [2026-09-24 14:23:04.529] Recovered classic map size 400 from section 1050: C:/Users/Serpens66/AppData/LocalLow/Firefly Studios/Stronghold Crusader Definitive Edition\Maps\BasisKarte X-med6.map
[Debug  :Bugfixes and QoL] [2026-09-24 14:23:04.530] Recovered classic map size 400 from section 1050: C:/Users/Serpens66/AppData/LocalLow/Firefly Studios/Stronghold Crusader Definitive Edition\Maps\BasisKarte.map
[Debug  :Bugfixes and QoL] [2026-09-24 14:23:04.530] Recovered classic map size 400 from section 1050: C:/Users/Serpens66/AppData/LocalLow/Firefly Studios/Stronghold Crusader Definitive Edition\Maps\Best_Friends.map
[Debug  :Bugfixes and QoL] [2026-09-24 14:23:04.531] Recovered classic map size 400 from section 1050: C:/Users/Serpens66/AppData/LocalLow/Firefly Studios/Stronghold Crusader Definitive Edition\Maps\Bird_in_flight.map
[Debug  :Bugfixes and QoL] [2026-09-24 14:23:04.531] Recovered classic map size 400 from section 1050: C:/Users/Serpens66/AppData/LocalLow/Firefly Studios/Stronghold Crusader Definitive Edition\Maps\Brother's Strife.map
[Debug  :Bugfixes and QoL] [2026-09-24 14:23:04.533] Recovered classic map size 400 from section 1050: C:/Users/Serpens66/AppData/LocalLow/Firefly Studios/Stronghold Crusader Definitive Edition\Maps\Center of Attention.map
[Debug  :Bugfixes and QoL] [2026-09-24 14:23:04.533] Recovered classic map size 400 from section 1050: C:/Users/Serpens66/AppData/LocalLow/Firefly Studios/Stronghold Crusader Definitive Edition\Maps\Coastal_Trap.map
[Debug  :Bugfixes and QoL] [2026-09-24 14:23:04.534] Recovered classic map size 400 from section 1050: C:/Users/Serpens66/AppData/LocalLow/Firefly Studios/Stronghold Crusader Definitive Edition\Maps\Country of Calendine4.map
[Debug  :Bugfixes and QoL] [2026-09-24 14:23:04.534] Recovered classic map size 400 from section 1050: C:/Users/Serpens66/AppData/LocalLow/Firefly Studios/Stronghold Crusader Definitive Edition\Maps\cove castles.map
[Debug  :Bugfixes and QoL] [2026-09-24 14:23:04.538] Recovered classic map size 400 from section 1050: C:/Users/Serpens66/AppData/LocalLow/Firefly Studios/Stronghold Crusader Definitive Edition\Maps\Crossroads.map
[Debug  :Bugfixes and QoL] [2026-09-24 14:23:04.539] Recovered classic map size 400 from section 1050: C:/Users/Serpens66/AppData/LocalLow/Firefly Studios/Stronghold Crusader Definitive Edition\Maps\Deep blue.map
[Debug  :Bugfixes and QoL] [2026-09-24 14:23:04.539] Recovered classic map size 400 from section 1050: C:/Users/Serpens66/AppData/LocalLow/Firefly Studios/Stronghold Crusader Definitive Edition\Maps\Desert Siege.map
[Debug  :Bugfixes and QoL] [2026-09-24 14:23:04.540] Recovered classic map size 400 from section 1050: C:/Users/Serpens66/AppData/LocalLow/Firefly Studios/Stronghold Crusader Definitive Edition\Maps\Desert Storm.map
[Debug  :Bugfixes and QoL] [2026-09-24 14:23:04.540] Recovered classic map size 300 from section 1050: C:/Users/Serpens66/AppData/LocalLow/Firefly Studios/Stronghold Crusader Definitive Edition\Maps\Devil's Lair.map
[Debug  :Bugfixes and QoL] [2026-09-24 14:23:04.541] Recovered classic map size 400 from section 1050: C:/Users/Serpens66/AppData/LocalLow/Firefly Studios/Stronghold Crusader Definitive Edition\Maps\Divided.map
[Debug  :Bugfixes and QoL] [2026-09-24 14:23:04.542] Recovered classic map size 400 from section 1050: C:/Users/Serpens66/AppData/LocalLow/Firefly Studios/Stronghold Crusader Definitive Edition\Maps\Dvelogre's Black Knights.map
[Debug  :Bugfixes and QoL] [2026-09-24 14:23:04.542] Recovered classic map size 400 from section 1050: C:/Users/Serpens66/AppData/LocalLow/Firefly Studios/Stronghold Crusader Definitive Edition\Maps\Eingekesselte Trutz.map
[Debug  :Bugfixes and QoL] [2026-09-24 14:23:04.543] Recovered classic map size 400 from section 1050: C:/Users/Serpens66/AppData/LocalLow/Firefly Studios/Stronghold Crusader Definitive Edition\Maps\Emblem of the Gallant.map
[Debug  :Bugfixes and QoL] [2026-09-24 14:23:04.543] Recovered classic map size 400 from section 1050: C:/Users/Serpens66/AppData/LocalLow/Firefly Studios/Stronghold Crusader Definitive Edition\Maps\Enclosure.map
[Debug  :Bugfixes and QoL] [2026-09-24 14:23:04.544] Recovered classic map size 400 from section 1050: C:/Users/Serpens66/AppData/LocalLow/Firefly Studios/Stronghold Crusader Definitive Edition\Maps\Final Destination.map
[Debug  :Bugfixes and QoL] [2026-09-24 14:23:04.544] Recovered classic map size 400 from section 1050: C:/Users/Serpens66/AppData/LocalLow/Firefly Studios/Stronghold Crusader Definitive Edition\Maps\From Small Things.map
[Debug  :Bugfixes and QoL] [2026-09-24 14:23:04.545] Recovered classic map size 400 from section 1050: C:/Users/Serpens66/AppData/LocalLow/Firefly Studios/Stronghold Crusader Definitive Edition\Maps\Fury_Bay.map
[Debug  :Bugfixes and QoL] [2026-09-24 14:23:04.546] Recovered classic map size 400 from section 1050: C:/Users/Serpens66/AppData/LocalLow/Firefly Studios/Stronghold Crusader Definitive Edition\Maps\Helms Klamm.map
[Debug  :Bugfixes and QoL] [2026-09-24 14:23:04.547] Recovered classic map size 400 from section 1050: C:/Users/Serpens66/AppData/LocalLow/Firefly Studios/Stronghold Crusader Definitive Edition\Maps\Heritage of Kings 2.map
[Debug  :Bugfixes and QoL] [2026-09-24 14:23:04.547] Recovered classic map size 400 from section 1050: C:/Users/Serpens66/AppData/LocalLow/Firefly Studios/Stronghold Crusader Definitive Edition\Maps\Heritage of Kings 3.map
[Debug  :Bugfixes and QoL] [2026-09-24 14:23:04.548] Recovered classic map size 200 from section 1050: C:/Users/Serpens66/AppData/LocalLow/Firefly Studios/Stronghold Crusader Definitive Edition\Maps\Im Nest der Ratte.map
[Debug  :Bugfixes and QoL] [2026-09-24 14:23:04.548] Recovered classic map size 300 from section 1050: C:/Users/Serpens66/AppData/LocalLow/Firefly Studios/Stronghold Crusader Definitive Edition\Maps\Jealous_Neighbours.map
[Debug  :Bugfixes and QoL] [2026-09-24 14:23:04.549] Recovered classic map size 400 from section 1050: C:/Users/Serpens66/AppData/LocalLow/Firefly Studios/Stronghold Crusader Definitive Edition\Maps\Jubal Al Waha - The Mountain Oasis.map
[Debug  :Bugfixes and QoL] [2026-09-24 14:23:04.550] Recovered classic map size 400 from section 1050: C:/Users/Serpens66/AppData/LocalLow/Firefly Studios/Stronghold Crusader Definitive Edition\Maps\Land of the Deserters II.map
[Debug  :Bugfixes and QoL] [2026-09-24 14:23:04.550] Recovered classic map size 400 from section 1050: C:/Users/Serpens66/AppData/LocalLow/Firefly Studios/Stronghold Crusader Definitive Edition\Maps\Land of the Deserters.map
[Debug  :Bugfixes and QoL] [2026-09-24 14:23:04.551] Recovered classic map size 300 from section 1050: C:/Users/Serpens66/AppData/LocalLow/Firefly Studios/Stronghold Crusader Definitive Edition\Maps\Lionheart.map
[Debug  :Bugfixes and QoL] [2026-09-24 14:23:04.552] Recovered classic map size 200 from section 1050: C:/Users/Serpens66/AppData/LocalLow/Firefly Studios/Stronghold Crusader Definitive Edition\Maps\Look_out.map
[Debug  :Bugfixes and QoL] [2026-09-24 14:23:04.552] Recovered classic map size 400 from section 1050: C:/Users/Serpens66/AppData/LocalLow/Firefly Studios/Stronghold Crusader Definitive Edition\Maps\MP-Divided.map
[Debug  :Bugfixes and QoL] [2026-09-24 14:23:04.553] Recovered classic map size 400 from section 1050: C:/Users/Serpens66/AppData/LocalLow/Firefly Studios/Stronghold Crusader Definitive Edition\Maps\MP-Downhill Scrum.map
[Debug  :Bugfixes and QoL] [2026-09-24 14:23:04.553] Recovered classic map size 300 from section 1050: C:/Users/Serpens66/AppData/LocalLow/Firefly Studios/Stronghold Crusader Definitive Edition\Maps\MP-No mans land.map
[Debug  :Bugfixes and QoL] [2026-09-24 14:23:04.557] Recovered classic map size 400 from section 1050: C:/Users/Serpens66/AppData/LocalLow/Firefly Studios/Stronghold Crusader Definitive Edition\Maps\MP-No where to hide.map
[Debug  :Bugfixes and QoL] [2026-09-24 14:23:04.557] Recovered classic map size 300 from section 1050: C:/Users/Serpens66/AppData/LocalLow/Firefly Studios/Stronghold Crusader Definitive Edition\Maps\MP-Slopes of doom.map
[Debug  :Bugfixes and QoL] [2026-09-24 14:23:04.558] Recovered classic map size 400 from section 1050: C:/Users/Serpens66/AppData/LocalLow/Firefly Studios/Stronghold Crusader Definitive Edition\Maps\MP-Snake River.map
[Debug  :Bugfixes and QoL] [2026-09-24 14:23:04.558] Recovered classic map size 400 from section 1050: C:/Users/Serpens66/AppData/LocalLow/Firefly Studios/Stronghold Crusader Definitive Edition\Maps\MP-Surrounded.map
[Debug  :Bugfixes and QoL] [2026-09-24 14:23:04.559] Recovered classic map size 300 from section 1050: C:/Users/Serpens66/AppData/LocalLow/Firefly Studios/Stronghold Crusader Definitive Edition\Maps\MP-The rocky divide.map
[Debug  :Bugfixes and QoL] [2026-09-24 14:23:04.559] Recovered classic map size 300 from section 1050: C:/Users/Serpens66/AppData/LocalLow/Firefly Studios/Stronghold Crusader Definitive Edition\Maps\MP-Two Falls.map
[Debug  :Bugfixes and QoL] [2026-09-24 14:23:04.560] Recovered classic map size 400 from section 1050: C:/Users/Serpens66/AppData/LocalLow/Firefly Studios/Stronghold Crusader Definitive Edition\Maps\MP-Valley of the lords.map
[Debug  :Bugfixes and QoL] [2026-09-24 14:23:04.561] Recovered classic map size 300 from section 1050: C:/Users/Serpens66/AppData/LocalLow/Firefly Studios/Stronghold Crusader Definitive Edition\Maps\Nachbarn im Klamm.map
[Debug  :Bugfixes and QoL] [2026-09-24 14:23:04.561] Recovered classic map size 400 from section 1050: C:/Users/Serpens66/AppData/LocalLow/Firefly Studios/Stronghold Crusader Definitive Edition\Maps\NurPech X-easy.map
[Debug  :Bugfixes and QoL] [2026-09-24 14:23:04.562] Recovered classic map size 400 from section 1050: C:/Users/Serpens66/AppData/LocalLow/Firefly Studios/Stronghold Crusader Definitive Edition\Maps\NurPech X-easy2.map
[Debug  :Bugfixes and QoL] [2026-09-24 14:23:04.562] Recovered classic map size 400 from section 1050: C:/Users/Serpens66/AppData/LocalLow/Firefly Studios/Stronghold Crusader Definitive Edition\Maps\NurPech X-hard.map
[Debug  :Bugfixes and QoL] [2026-09-24 14:23:04.564] Recovered classic map size 400 from section 1050: C:/Users/Serpens66/AppData/LocalLow/Firefly Studios/Stronghold Crusader Definitive Edition\Maps\NurPech X-hard2.map
[Debug  :Bugfixes and QoL] [2026-09-24 14:23:04.564] Recovered classic map size 400 from section 1050: C:/Users/Serpens66/AppData/LocalLow/Firefly Studios/Stronghold Crusader Definitive Edition\Maps\NurPech X-hard5.map
[Debug  :Bugfixes and QoL] [2026-09-24 14:23:04.565] Recovered classic map size 400 from section 1050: C:/Users/Serpens66/AppData/LocalLow/Firefly Studios/Stronghold Crusader Definitive Edition\Maps\NurPech X-med.map
[Debug  :Bugfixes and QoL] [2026-09-24 14:23:04.565] Recovered classic map size 400 from section 1050: C:/Users/Serpens66/AppData/LocalLow/Firefly Studios/Stronghold Crusader Definitive Edition\Maps\NurPech.map
[Debug  :Bugfixes and QoL] [2026-09-24 14:23:04.566] Recovered classic map size 400 from section 1050: C:/Users/Serpens66/AppData/LocalLow/Firefly Studios/Stronghold Crusader Definitive Edition\Maps\Of heaven and earth.map
[Debug  :Bugfixes and QoL] [2026-09-24 14:23:04.566] Recovered classic map size 400 from section 1050: C:/Users/Serpens66/AppData/LocalLow/Firefly Studios/Stronghold Crusader Definitive Edition\Maps\Open Plains.map
[Debug  :Bugfixes and QoL] [2026-09-24 14:23:04.567] Recovered classic map size 400 from section 1050: C:/Users/Serpens66/AppData/LocalLow/Firefly Studios/Stronghold Crusader Definitive Edition\Maps\Osmosis.map
[Debug  :Bugfixes and QoL] [2026-09-24 14:23:04.570] Recovered classic map size 400 from section 1050: C:/Users/Serpens66/AppData/LocalLow/Firefly Studios/Stronghold Crusader Definitive Edition\Maps\Patras, Greece.map
[Debug  :Bugfixes and QoL] [2026-09-24 14:23:04.571] Recovered classic map size 400 from section 1050: C:/Users/Serpens66/AppData/LocalLow/Firefly Studios/Stronghold Crusader Definitive Edition\Maps\Phoenix.map
[Debug  :Bugfixes and QoL] [2026-09-24 14:23:04.571] Recovered classic map size 400 from section 1050: C:/Users/Serpens66/AppData/LocalLow/Firefly Studios/Stronghold Crusader Definitive Edition\Maps\Rache.map
[Debug  :Bugfixes and QoL] [2026-09-24 14:23:04.572] Recovered classic map size 300 from section 1050: C:/Users/Serpens66/AppData/LocalLow/Firefly Studios/Stronghold Crusader Definitive Edition\Maps\Rivers_Fork.map
[Debug  :Bugfixes and QoL] [2026-09-24 14:23:04.573] Recovered classic map size 400 from section 1050: C:/Users/Serpens66/AppData/LocalLow/Firefly Studios/Stronghold Crusader Definitive Edition\Maps\Rizen River.map
[Debug  :Bugfixes and QoL] [2026-09-24 14:23:04.574] Recovered classic map size 400 from section 1050: C:/Users/Serpens66/AppData/LocalLow/Firefly Studios/Stronghold Crusader Definitive Edition\Maps\selbstgemacht 1.map
[Debug  :Bugfixes and QoL] [2026-09-24 14:23:04.574] Recovered classic map size 400 from section 1050: C:/Users/Serpens66/AppData/LocalLow/Firefly Studios/Stronghold Crusader Definitive Edition\Maps\Snake_River.map
[Debug  :Bugfixes and QoL] [2026-09-24 14:23:04.575] Recovered classic map size 400 from section 1050: C:/Users/Serpens66/AppData/LocalLow/Firefly Studios/Stronghold Crusader Definitive Edition\Maps\spezialist 3vs5.map
[Debug  :Bugfixes and QoL] [2026-09-24 14:23:04.576] Recovered classic map size 400 from section 1050: C:/Users/Serpens66/AppData/LocalLow/Firefly Studios/Stronghold Crusader Definitive Edition\Maps\Spider_Island.map
[Debug  :Bugfixes and QoL] [2026-09-24 14:23:04.576] Recovered classic map size 400 from section 1050: C:/Users/Serpens66/AppData/LocalLow/Firefly Studios/Stronghold Crusader Definitive Edition\Maps\Springs of Arda.map
[Debug  :Bugfixes and QoL] [2026-09-24 14:23:04.577] Recovered classic map size 400 from section 1050: C:/Users/Serpens66/AppData/LocalLow/Firefly Studios/Stronghold Crusader Definitive Edition\Maps\Staircase to Heaven.map
[Debug  :Bugfixes and QoL] [2026-09-24 14:23:04.577] Recovered classic map size 400 from section 1050: C:/Users/Serpens66/AppData/LocalLow/Firefly Studios/Stronghold Crusader Definitive Edition\Maps\Swampy_Island.map
[Debug  :Bugfixes and QoL] [2026-09-24 14:23:04.582] Recovered classic map size 400 from section 1050: C:/Users/Serpens66/AppData/LocalLow/Firefly Studios/Stronghold Crusader Definitive Edition\Maps\test.map
[Debug  :Bugfixes and QoL] [2026-09-24 14:23:04.590] Recovered classic map size 400 from section 1050: C:/Users/Serpens66/AppData/LocalLow/Firefly Studios/Stronghold Crusader Definitive Edition\Maps\The Arena.map
[Debug  :Bugfixes and QoL] [2026-09-24 14:23:04.591] Recovered classic map size 400 from section 1050: C:/Users/Serpens66/AppData/LocalLow/Firefly Studios/Stronghold Crusader Definitive Edition\Maps\The cry for mercy=suraj.map
[Debug  :Bugfixes and QoL] [2026-09-24 14:23:04.592] Recovered classic map size 400 from section 1050: C:/Users/Serpens66/AppData/LocalLow/Firefly Studios/Stronghold Crusader Definitive Edition\Maps\The Fallen City.map
[Debug  :Bugfixes and QoL] [2026-09-24 14:23:04.592] Recovered classic map size 400 from section 1050: C:/Users/Serpens66/AppData/LocalLow/Firefly Studios/Stronghold Crusader Definitive Edition\Maps\The mount of siege.map
[Debug  :Bugfixes and QoL] [2026-09-24 14:23:04.593] Recovered classic map size 400 from section 1050: C:/Users/Serpens66/AppData/LocalLow/Firefly Studios/Stronghold Crusader Definitive Edition\Maps\The Penninsula.map
[Debug  :Bugfixes and QoL] [2026-09-24 14:23:04.593] Recovered classic map size 400 from section 1050: C:/Users/Serpens66/AppData/LocalLow/Firefly Studios/Stronghold Crusader Definitive Edition\Maps\The_Host.map
[Debug  :Bugfixes and QoL] [2026-09-24 14:23:04.596] Recovered classic map size 300 from section 1050: C:/Users/Serpens66/AppData/LocalLow/Firefly Studios/Stronghold Crusader Definitive Edition\Maps\Three_Little_Pigs.map
[Debug  :Bugfixes and QoL] [2026-09-24 14:23:04.596] Recovered classic map size 400 from section 1050: C:/Users/Serpens66/AppData/LocalLow/Firefly Studios/Stronghold Crusader Definitive Edition\Maps\Tiers.map
[Debug  :Bugfixes and QoL] [2026-09-24 14:23:04.597] Recovered classic map size 400 from section 1050: C:/Users/Serpens66/AppData/LocalLow/Firefly Studios/Stronghold Crusader Definitive Edition\Maps\Ultimate_Victory.map
[Debug  :Bugfixes and QoL] [2026-09-24 14:23:04.598] Recovered classic map size 400 from section 1050: C:/Users/Serpens66/AppData/LocalLow/Firefly Studios/Stronghold Crusader Definitive Edition\Maps\Wazirs_Fortress.map
[Debug  :Bugfixes and QoL] [2026-09-24 14:23:04.598] Recovered classic map size 400 from section 1050: C:/Users/Serpens66/AppData/LocalLow/Firefly Studios/Stronghold Crusader Definitive Edition\Maps\Wide_Open_Plain.map
[Info   :  SHCDE-SE] [T19-14:23:04.768] [MapFileManager_Hooks] [MapFileManager_UpdateWorkshopMap_Hook] Attempting to retrieve from file=[e:\programmee\steam\steamapps\workshop\content\3024040\3791770511\fixes.map], realFileName=[E:\ProgrammeE\Steam\steamapps\workshop\content\3024040\3791770511\fixes.map]
[Info   :  SHCDE-SE] [T19-14:23:04.770] [MapArchive] [.ctor] Reading ZIP data from offset: 003444B7
[Info   :  SHCDE-SE] [T19-14:23:04.771] [MapFileManager_Hooks] [MapFileManager_UpdateWorkshopMap_Hook] Map manifest: of [file]: [BepInEx]
[Info   :  SHCDE-SE] [T19-14:23:04.771] [MapFileManager_Hooks] [MapFileManager_UpdateWorkshopMap_Hook] Attempting to retrieve from file=[e:\programmee\steam\steamapps\workshop\content\3024040\3788821961\serpsmods.map], realFileName=[E:\ProgrammeE\Steam\steamapps\workshop\content\3024040\3788821961\SerpsMods.map]
[Info   :  SHCDE-SE] [T1-14:23:04.772] [GameXAMLManagerAPI] [GetPatchesForPath] Found patch for [Assets/GUI/Sprites/UI-MasterAtlas.xaml] in mod [BugfixesAndQoL_Serp]
[Info   :  SHCDE-SE] [T19-14:23:04.775] [MapArchive] [.ctor] Reading ZIP data from offset: 003444B7
[Info   :  SHCDE-SE] [T1-14:23:04.781] [GameXAMLManagerAPI] [ApplyPatchForPath] Applying 1 patch files to Assets/GUI/Sprites/UI-MasterAtlas.xaml
[Info   :  SHCDE-SE] [T19-14:23:04.785] [MapFileManager_Hooks] [MapFileManager_UpdateWorkshopMap_Hook] Map manifest: of [file]: [BepInEx]
[Info   :  SHCDE-SE] [T1-14:23:04.805] [XamlPatcher] [ApplyPatches] Applying patch: Add, xpath: [/n:ResourceDictionary]
[Info   :  SHCDE-SE] [T1-14:23:04.816] [XamlPatcher] [ApplyPatches] Applying patch: Add, xpath: [/n:ResourceDictionary]
[Info   :  SHCDE-SE] [T1-14:23:04.816] [XamlPatcher] [ApplyPatches] Applying patch: Add, xpath: [/n:ResourceDictionary]
[Info   :  SHCDE-SE] [T1-14:23:04.816] [XamlPatcher] [ApplyPatches] Applying patch: Add, xpath: [/n:ResourceDictionary]
[Info   :  SHCDE-SE] [T1-14:23:04.816] [XamlPatcher] [ApplyPatches] Applying patch: Add, xpath: [/n:ResourceDictionary]
[Info   :  SHCDE-SE] [T1-14:23:04.816] [XamlPatcher] [ApplyPatches] Applying patch: Add, xpath: [/n:ResourceDictionary]
[Info   :  SHCDE-SE] [T1-14:23:04.816] [XamlPatcher] [ApplyPatches] Applying patch: Add, xpath: [/n:ResourceDictionary]
[Info   :  SHCDE-SE] [T1-14:23:04.844] [NoesisTextureProvider_Hooks] [NoesisTextureProvider_GetTextureInfo] Registering Mod Texture: Assets/GUI/Sprites/BugfixesAndQoL-Lord.png
[Info   :  SHCDE-SE] [T1-14:23:04.845] [NoesisTextureProvider_Hooks] [NoesisTextureProvider_GetTextureInfo] Registering Mod Texture: Assets/GUI/Sprites/BugfixesAndQoL-LobbyGoldShields.png
[Info   :  SHCDE-SE] [T19-14:23:04.848] [MapFileManager_Hooks] [MapFileManager_UpdateWorkshopMap_Hook] Attempting to retrieve from file=[e:\programmee\steam\steamapps\workshop\content\3024040\3774768801\lorrdyaisharesgold.map], realFileName=[E:\ProgrammeE\Steam\steamapps\workshop\content\3024040\3774768801\LorrdyAISharesGold.map]
[Info   :  SHCDE-SE] [T19-14:23:04.851] [MapArchive] [.ctor] Reading ZIP data from offset: 003444B7
[Info   :  SHCDE-SE] [T19-14:23:04.854] [MapFileManager_Hooks] [MapFileManager_UpdateWorkshopMap_Hook] Map manifest: of [file]: [BepInEx]
[Info   :  SHCDE-SE] [T1-14:23:04.900] [GameXAMLManagerAPI] [GetPatchesForPath] Found patch for [Assets/GUI/XAMLResources/TOOLTIPS.xaml] in mod [000shcdese]
[Info   :  SHCDE-SE] [T1-14:23:04.901] [GameXAMLManagerAPI] [ApplyPatchForPath] Applying 1 patch files to Assets/GUI/XAMLResources/TOOLTIPS.xaml
[Info   :  SHCDE-SE] [T1-14:23:04.901] [XamlPatcher] [ApplyPatches] Applying patch: AddNamespace, xpath: []
[Info   :  SHCDE-SE] [T1-14:23:04.901] [XamlPatcher] [ApplyPatches] Applying patch: Add, xpath: [/n:ResourceDictionary]
[Info   :  SHCDE-SE] [T1-14:23:04.901] [XamlPatcher] [ApplyPatches] Applying patch: Add, xpath: [/n:ResourceDictionary]
[Info   :  SHCDE-SE] [T1-14:23:04.901] [XamlPatcher] [ApplyPatches] Applying patch: Add, xpath: [/n:ResourceDictionary]
[Info   :  SHCDE-SE] [T1-14:23:04.901] [XamlPatcher] [ApplyPatches] Applying patch: Add, xpath: [/n:ResourceDictionary]
[Info   :  SHCDE-SE] [T1-14:23:04.901] [XamlPatcher] [ApplyPatches] Applying patch: Add, xpath: [/n:ResourceDictionary]
[Info   :  SHCDE-SE] [T1-14:23:04.901] [XamlPatcher] [ApplyPatches] Applying patch: Add, xpath: [/n:ResourceDictionary]
[Debug  :Bugfixes and QoL] [2026-09-24 14:23:04.930] Bugfixes and QoL high-contrast yellow presentation ready; shields=4, enabled=True.
[Info   :  SHCDE-SE] [T1-14:23:04.998] [GameXAMLManagerAPI] [GetPatchesForPath] Found patch for [Assets/GUI/XAMLResources/HUD_ConfirmationPopup.xaml] in mod [ExtendedData_Serp]
[Info   :  SHCDE-SE] [T1-14:23:04.998] [GameXAMLManagerAPI] [ApplyPatchForPath] Applying 1 patch files to Assets/GUI/XAMLResources/HUD_ConfirmationPopup.xaml
[Info   :  SHCDE-SE] [T1-14:23:04.998] [XamlPatcher] [ApplyPatches] Applying patch: Replace, xpath: [//n:TextBlock[@Text='{Binding ConfirmationMessage}']]
[Info   :Extended Data] [2026-09-24 14:23:05.001] Custom Lord upload popup XAML patch matched exactly once.
[Info   :  SHCDE-SE] [T1-14:23:05.007] [GameXAMLManagerAPI] [GetPatchesForPath] Found patch for [Assets/GUI/XAML/FrontendMenus.xaml] in mod [000shcdese]
[Info   :  SHCDE-SE] [T1-14:23:05.008] [GameXAMLManagerAPI] [ApplyPatchForPath] Applying 1 patch files to Assets/GUI/XAML/FrontendMenus.xaml
[Info   :  SHCDE-SE] [T1-14:23:05.012] [XamlPatcher] [ApplyPatches] Applying patch: AddNamespace, xpath: []
[Info   :  SHCDE-SE] [T1-14:23:05.012] [XamlPatcher] [ApplyPatches] Applying patch: InsertAfter, xpath: [//n:TextBlock[@Text='{Binding VersionString}']]
[Info   :  SHCDE-SE] [T1-14:23:05.012] [XamlPatcher] [ApplyPatches] Applying patch: InsertAfter, xpath: [//n:Grid[@Name='Multiplayer']]
[Info   :  SHCDE-SE] [T1-14:23:05.033] [GameXAMLManagerAPI] [GetPatchesForPath] Found patch for [Assets/GUI/XAMLResources/FRONT_EditorSetup.xaml] in mod [ExtendedData_Serp]
[Info   :  SHCDE-SE] [T1-14:23:05.033] [GameXAMLManagerAPI] [ApplyPatchForPath] Applying 1 patch files to Assets/GUI/XAMLResources/FRONT_EditorSetup.xaml
[Info   :  SHCDE-SE] [T1-14:23:05.035] [XamlPatcher] [ApplyPatches] Applying patch: SetAttribute, xpath: [//n:TextBox[@Name='WorkshopMapDescription']]
[Info   :  SHCDE-SE] [T1-14:23:05.035] [XamlPatcher] [ApplyPatches] Applying patch: Add, xpath: [//n:Grid[n:TextBox[@Name='WorkshopMapDescription'] and n:Button[@CommandParameter='DoUpload']]]
[Info   :Extended Data] [2026-09-24 14:23:05.036] Custom Lord upload checkbox XAML patch matched exactly once.
[Info   :  SHCDE-SE] [T1-14:23:05.040] [GameXAMLManagerAPI] [InjectBindings] ViewModel Linked [ExtendedDataUploadOptionsHost] in [FRONT_EditorSetup]
[Info   :  SHCDE-SE] [T1-14:23:05.040] [GameXAMLManagerAPI] [ApplyBinding] ViewModel Linked [ExtendedDataUploadOptionsHost]
[Info   :  SHCDE-SE] [T1-14:23:05.047] [GameXAMLManagerAPI] [GetPatchesForPath] Found patch for [Assets/GUI/XAMLResources/HUD_Options.xaml] in mod [000shcdese]
[Info   :  SHCDE-SE] [T1-14:23:05.047] [GameXAMLManagerAPI] [ApplyPatchForPath] Applying 1 patch files to Assets/GUI/XAMLResources/HUD_Options.xaml
[Info   :  SHCDE-SE] [T1-14:23:05.048] [XamlPatcher] [ApplyPatches] Applying patch: SetAttribute, xpath: [//*[@Name='GameSpeedSlider']]
[Info   :  SHCDE-SE] [T1-14:23:05.075] [GameXAMLManagerAPI] [GetPatchesForPath] Found patch for [Assets/GUI/XAMLResources/HUD_LoadSaveRequester.xaml] in mod [BugfixesAndQoL_Serp]
[Info   :  SHCDE-SE] [T1-14:23:05.076] [GameXAMLManagerAPI] [GetPatchesForPath] Found patch for [Assets/GUI/XAMLResources/HUD_LoadSaveRequester.xaml] in mod [ExtendedData_Serp]
[Info   :  SHCDE-SE] [T1-14:23:05.076] [GameXAMLManagerAPI] [ApplyPatchForPath] Applying 2 patch files to Assets/GUI/XAMLResources/HUD_LoadSaveRequester.xaml
[Info   :  SHCDE-SE] [T1-14:23:05.076] [XamlPatcher] [ApplyPatches] Applying patch: AddNamespace, xpath: []
[Info   :  SHCDE-SE] [T1-14:23:05.076] [XamlPatcher] [ApplyPatches] Applying patch: InsertAfter, xpath: [//n:ListView[@Name='FileList']/n:ListView.View/n:GridView/n:GridViewColumn[4]]
[Info   :  SHCDE-SE] [T1-14:23:05.077] [XamlPatcher] [ApplyPatches] Applying patch: InsertBefore, xpath: [//n:CheckBox[@x:Name='HideQuicksaveCheck']]
[Info   :  SHCDE-SE] [T1-14:23:05.078] [XamlPatcher] [ApplyPatches] Applying patch: InsertBefore, xpath: [//n:TextBox[@Name='SearchFilter']]
[Info   :  SHCDE-SE] [T1-14:23:05.078] [XamlPatcher] [ApplyPatches] Applying patch: Add, xpath: [//n:Grid[n:Button[@Name='ButtonAction'] and n:Button[@Name='ButtonCancel']]]
[Info   :  SHCDE-SE] [T1-14:23:05.080] [GameXAMLManagerAPI] [InjectBindings] ViewModel Linked [BugfixesAndQoLShowVanillaMapsHost] in [HUD_LoadSaveRequester]
[Info   :  SHCDE-SE] [T1-14:23:05.080] [GameXAMLManagerAPI] [ApplyBinding] ViewModel Linked [BugfixesAndQoLShowVanillaMapsHost]
[Info   :  SHCDE-SE] [T1-14:23:05.080] [GameXAMLManagerAPI] [InjectBindings] ViewModel Linked [BugfixesAndQoLDeleteMapHost] in [HUD_LoadSaveRequester]
[Info   :  SHCDE-SE] [T1-14:23:05.080] [GameXAMLManagerAPI] [ApplyBinding] ViewModel Linked [BugfixesAndQoLDeleteMapHost]
[Info   :  SHCDE-SE] [T1-14:23:05.080] [GameXAMLManagerAPI] [InjectBindings] ViewModel Linked [ExtendedDataMapEditorSaveOptionsHost] in [HUD_LoadSaveRequester]
[Info   :  SHCDE-SE] [T1-14:23:05.080] [GameXAMLManagerAPI] [ApplyBinding] ViewModel Linked [ExtendedDataMapEditorSaveOptionsHost]
[Info   :  SHCDE-SE] [T1-14:23:05.081] [GameXAMLManagerAPI] [GetPatchesForPath] Found patch for [Assets/GUI/XAMLResources/HUD_ConfirmationPopup.xaml] in mod [ExtendedData_Serp]
[Info   :  SHCDE-SE] [T1-14:23:05.081] [GameXAMLManagerAPI] [ApplyPatchForPath] Applying 1 patch files to Assets/GUI/XAMLResources/HUD_ConfirmationPopup.xaml
[Info   :  SHCDE-SE] [T1-14:23:05.081] [XamlPatcher] [ApplyPatches] Applying patch: Replace, xpath: [//n:TextBlock[@Text='{Binding ConfirmationMessage}']]
[Info   :  SHCDE-SE] [T1-14:23:05.099] [GameXAMLManagerAPI] [GetPatchesForPath] Found patch for [Assets/GUI/XAMLResources/HUD_ConfirmationPopup.xaml] in mod [ExtendedData_Serp]
[Info   :  SHCDE-SE] [T1-14:23:05.099] [GameXAMLManagerAPI] [ApplyPatchForPath] Applying 1 patch files to Assets/GUI/XAMLResources/HUD_ConfirmationPopup.xaml
[Info   :  SHCDE-SE] [T1-14:23:05.099] [XamlPatcher] [ApplyPatches] Applying patch: Replace, xpath: [//n:TextBlock[@Text='{Binding ConfirmationMessage}']]
[Info   :  SHCDE-SE] [T1-14:23:05.105] [GameXAMLManagerAPI] [GetPatchesForPath] Found patch for [Assets/GUI/XAMLResources/HUD_ConfirmationPopup.xaml] in mod [ExtendedData_Serp]
[Info   :  SHCDE-SE] [T1-14:23:05.105] [GameXAMLManagerAPI] [ApplyPatchForPath] Applying 1 patch files to Assets/GUI/XAMLResources/HUD_ConfirmationPopup.xaml
[Info   :  SHCDE-SE] [T1-14:23:05.105] [XamlPatcher] [ApplyPatches] Applying patch: Replace, xpath: [//n:TextBlock[@Text='{Binding ConfirmationMessage}']]
[Info   :  SHCDE-SE] [T1-14:23:05.109] [GameXAMLManagerAPI] [GetPatchesForPath] Found patch for [Assets/GUI/XAMLResources/HUD_ConfirmationPopup.xaml] in mod [ExtendedData_Serp]
[Info   :  SHCDE-SE] [T1-14:23:05.109] [GameXAMLManagerAPI] [ApplyPatchForPath] Applying 1 patch files to Assets/GUI/XAMLResources/HUD_ConfirmationPopup.xaml
[Info   :  SHCDE-SE] [T1-14:23:05.110] [XamlPatcher] [ApplyPatches] Applying patch: Replace, xpath: [//n:TextBlock[@Text='{Binding ConfirmationMessage}']]
[Info   :  SHCDE-SE] [T1-14:23:05.119] [GameXAMLManagerAPI] [GetPatchesForPath] Found patch for [Assets/GUI/XAMLResources/HUD_ConfirmationPopup.xaml] in mod [ExtendedData_Serp]
[Info   :  SHCDE-SE] [T1-14:23:05.119] [GameXAMLManagerAPI] [ApplyPatchForPath] Applying 1 patch files to Assets/GUI/XAMLResources/HUD_ConfirmationPopup.xaml
[Info   :  SHCDE-SE] [T1-14:23:05.119] [XamlPatcher] [ApplyPatches] Applying patch: Replace, xpath: [//n:TextBlock[@Text='{Binding ConfirmationMessage}']]
[Info   :  SHCDE-SE] [T1-14:23:05.120] [GameXAMLManagerAPI] [GetPatchesForPath] Found patch for [Assets/GUI/XAMLResources/HUD_ConfirmationPopup.xaml] in mod [ExtendedData_Serp]
[Info   :  SHCDE-SE] [T1-14:23:05.120] [GameXAMLManagerAPI] [ApplyPatchForPath] Applying 1 patch files to Assets/GUI/XAMLResources/HUD_ConfirmationPopup.xaml
[Info   :  SHCDE-SE] [T1-14:23:05.120] [XamlPatcher] [ApplyPatches] Applying patch: Replace, xpath: [//n:TextBlock[@Text='{Binding ConfirmationMessage}']]
[Info   :  SHCDE-SE] [T1-14:23:05.127] [GameXAMLManagerAPI] [GetPatchesForPath] Found patch for [Assets/GUI/XAMLResources/HUD_ConfirmationPopup.xaml] in mod [ExtendedData_Serp]
[Info   :  SHCDE-SE] [T1-14:23:05.127] [GameXAMLManagerAPI] [ApplyPatchForPath] Applying 1 patch files to Assets/GUI/XAMLResources/HUD_ConfirmationPopup.xaml
[Info   :  SHCDE-SE] [T1-14:23:05.127] [XamlPatcher] [ApplyPatches] Applying patch: Replace, xpath: [//n:TextBlock[@Text='{Binding ConfirmationMessage}']]
[Info   :  SHCDE-SE] [T1-14:23:05.129] [GameXAMLManagerAPI] [GetPatchesForPath] Found patch for [Assets/GUI/XAMLResources/HUD_ConfirmationPopup.xaml] in mod [ExtendedData_Serp]
[Info   :  SHCDE-SE] [T1-14:23:05.129] [GameXAMLManagerAPI] [ApplyPatchForPath] Applying 1 patch files to Assets/GUI/XAMLResources/HUD_ConfirmationPopup.xaml
[Info   :  SHCDE-SE] [T1-14:23:05.129] [XamlPatcher] [ApplyPatches] Applying patch: Replace, xpath: [//n:TextBlock[@Text='{Binding ConfirmationMessage}']]
[Info   :  SHCDE-SE] [T1-14:23:05.135] [GameXAMLManagerAPI] [GetPatchesForPath] Found patch for [Assets/GUI/XAMLResources/HUD_ConfirmationPopup.xaml] in mod [ExtendedData_Serp]
[Info   :  SHCDE-SE] [T1-14:23:05.135] [GameXAMLManagerAPI] [ApplyPatchForPath] Applying 1 patch files to Assets/GUI/XAMLResources/HUD_ConfirmationPopup.xaml
[Info   :  SHCDE-SE] [T1-14:23:05.135] [XamlPatcher] [ApplyPatches] Applying patch: Replace, xpath: [//n:TextBlock[@Text='{Binding ConfirmationMessage}']]
[Info   :  SHCDE-SE] [T1-14:23:05.136] [GameXAMLManagerAPI] [GetPatchesForPath] Found patch for [Assets/GUI/XAMLResources/HUD_ConfirmationPopup.xaml] in mod [ExtendedData_Serp]
[Info   :  SHCDE-SE] [T1-14:23:05.136] [GameXAMLManagerAPI] [ApplyPatchForPath] Applying 1 patch files to Assets/GUI/XAMLResources/HUD_ConfirmationPopup.xaml
[Info   :  SHCDE-SE] [T1-14:23:05.136] [XamlPatcher] [ApplyPatches] Applying patch: Replace, xpath: [//n:TextBlock[@Text='{Binding ConfirmationMessage}']]
[Info   :  SHCDE-SE] [T1-14:23:05.144] [GameXAMLManagerAPI] [GetPatchesForPath] Found patch for [Assets/GUI/XAMLResources/HUD_ConfirmationPopup.xaml] in mod [ExtendedData_Serp]
[Info   :  SHCDE-SE] [T1-14:23:05.144] [GameXAMLManagerAPI] [ApplyPatchForPath] Applying 1 patch files to Assets/GUI/XAMLResources/HUD_ConfirmationPopup.xaml
[Info   :  SHCDE-SE] [T1-14:23:05.144] [XamlPatcher] [ApplyPatches] Applying patch: Replace, xpath: [//n:TextBlock[@Text='{Binding ConfirmationMessage}']]
[Info   :  SHCDE-SE] [T1-14:23:05.145] [GameXAMLManagerAPI] [GetPatchesForPath] Found patch for [Assets/GUI/XAMLResources/HUD_ConfirmationPopup.xaml] in mod [ExtendedData_Serp]
[Info   :  SHCDE-SE] [T1-14:23:05.145] [GameXAMLManagerAPI] [ApplyPatchForPath] Applying 1 patch files to Assets/GUI/XAMLResources/HUD_ConfirmationPopup.xaml
[Info   :  SHCDE-SE] [T1-14:23:05.145] [XamlPatcher] [ApplyPatches] Applying patch: Replace, xpath: [//n:TextBlock[@Text='{Binding ConfirmationMessage}']]
[Info   :  SHCDE-SE] [T1-14:23:05.155] [GameXAMLManagerAPI] [GetPatchesForPath] Found patch for [Assets/GUI/XAMLResources/HUD_ConfirmationPopup.xaml] in mod [ExtendedData_Serp]
[Info   :  SHCDE-SE] [T1-14:23:05.155] [GameXAMLManagerAPI] [ApplyPatchForPath] Applying 1 patch files to Assets/GUI/XAMLResources/HUD_ConfirmationPopup.xaml
[Info   :  SHCDE-SE] [T1-14:23:05.155] [XamlPatcher] [ApplyPatches] Applying patch: Replace, xpath: [//n:TextBlock[@Text='{Binding ConfirmationMessage}']]
[Info   :  SHCDE-SE] [T1-14:23:05.157] [GameXAMLManagerAPI] [GetPatchesForPath] Found patch for [Assets/GUI/XAMLResources/HUD_ConfirmationPopup.xaml] in mod [ExtendedData_Serp]
[Info   :  SHCDE-SE] [T1-14:23:05.157] [GameXAMLManagerAPI] [ApplyPatchForPath] Applying 1 patch files to Assets/GUI/XAMLResources/HUD_ConfirmationPopup.xaml
[Info   :  SHCDE-SE] [T1-14:23:05.157] [XamlPatcher] [ApplyPatches] Applying patch: Replace, xpath: [//n:TextBlock[@Text='{Binding ConfirmationMessage}']]
[Info   :  SHCDE-SE] [T1-14:23:05.167] [GameXAMLManagerAPI] [GetPatchesForPath] Found patch for [Assets/GUI/XAMLResources/HUD_ConfirmationPopup.xaml] in mod [ExtendedData_Serp]
[Info   :  SHCDE-SE] [T1-14:23:05.167] [GameXAMLManagerAPI] [ApplyPatchForPath] Applying 1 patch files to Assets/GUI/XAMLResources/HUD_ConfirmationPopup.xaml
[Info   :  SHCDE-SE] [T1-14:23:05.167] [XamlPatcher] [ApplyPatches] Applying patch: Replace, xpath: [//n:TextBlock[@Text='{Binding ConfirmationMessage}']]
[Info   :  SHCDE-SE] [T1-14:23:05.169] [GameXAMLManagerAPI] [GetPatchesForPath] Found patch for [Assets/GUI/XAMLResources/HUD_ConfirmationPopup.xaml] in mod [ExtendedData_Serp]
[Info   :  SHCDE-SE] [T1-14:23:05.170] [GameXAMLManagerAPI] [ApplyPatchForPath] Applying 1 patch files to Assets/GUI/XAMLResources/HUD_ConfirmationPopup.xaml
[Info   :  SHCDE-SE] [T1-14:23:05.170] [XamlPatcher] [ApplyPatches] Applying patch: Replace, xpath: [//n:TextBlock[@Text='{Binding ConfirmationMessage}']]
[Info   :  SHCDE-SE] [T1-14:23:05.181] [GameXAMLManagerAPI] [GetPatchesForPath] Found patch for [Assets/GUI/XAMLResources/HUD_ConfirmationPopup.xaml] in mod [ExtendedData_Serp]
[Info   :  SHCDE-SE] [T1-14:23:05.181] [GameXAMLManagerAPI] [ApplyPatchForPath] Applying 1 patch files to Assets/GUI/XAMLResources/HUD_ConfirmationPopup.xaml
[Info   :  SHCDE-SE] [T1-14:23:05.182] [XamlPatcher] [ApplyPatches] Applying patch: Replace, xpath: [//n:TextBlock[@Text='{Binding ConfirmationMessage}']]
[Info   :  SHCDE-SE] [T1-14:23:05.184] [GameXAMLManagerAPI] [GetPatchesForPath] Found patch for [Assets/GUI/XAMLResources/HUD_ConfirmationPopup.xaml] in mod [ExtendedData_Serp]
[Info   :  SHCDE-SE] [T1-14:23:05.185] [GameXAMLManagerAPI] [ApplyPatchForPath] Applying 1 patch files to Assets/GUI/XAMLResources/HUD_ConfirmationPopup.xaml
[Info   :  SHCDE-SE] [T1-14:23:05.185] [XamlPatcher] [ApplyPatches] Applying patch: Replace, xpath: [//n:TextBlock[@Text='{Binding ConfirmationMessage}']]
[Info   :  SHCDE-SE] [T1-14:23:05.195] [GameXAMLManagerAPI] [GetPatchesForPath] Found patch for [Assets/GUI/XAMLResources/HUD_ConfirmationPopup.xaml] in mod [ExtendedData_Serp]
[Info   :  SHCDE-SE] [T1-14:23:05.195] [GameXAMLManagerAPI] [ApplyPatchForPath] Applying 1 patch files to Assets/GUI/XAMLResources/HUD_ConfirmationPopup.xaml
[Info   :  SHCDE-SE] [T1-14:23:05.195] [XamlPatcher] [ApplyPatches] Applying patch: Replace, xpath: [//n:TextBlock[@Text='{Binding ConfirmationMessage}']]
[Info   :  SHCDE-SE] [T1-14:23:05.197] [GameXAMLManagerAPI] [GetPatchesForPath] Found patch for [Assets/GUI/XAMLResources/HUD_ConfirmationPopup.xaml] in mod [ExtendedData_Serp]
[Info   :  SHCDE-SE] [T1-14:23:05.197] [GameXAMLManagerAPI] [ApplyPatchForPath] Applying 1 patch files to Assets/GUI/XAMLResources/HUD_ConfirmationPopup.xaml
[Info   :  SHCDE-SE] [T1-14:23:05.197] [XamlPatcher] [ApplyPatches] Applying patch: Replace, xpath: [//n:TextBlock[@Text='{Binding ConfirmationMessage}']]
[Info   :  SHCDE-SE] [T1-14:23:05.217] [GameXAMLManagerAPI] [GetPatchesForPath] Found patch for [Assets/GUI/XAMLResources/FRONT_Multiplayer.xaml] in mod [000shcdese]
[Info   :  SHCDE-SE] [T1-14:23:05.218] [GameXAMLManagerAPI] [GetPatchesForPath] Found patch for [Assets/GUI/XAMLResources/FRONT_Multiplayer.xaml] in mod [BugfixesAndQoL_Serp]
[Info   :  SHCDE-SE] [T1-14:23:05.218] [GameXAMLManagerAPI] [ApplyPatchForPath] Applying 2 patch files to Assets/GUI/XAMLResources/FRONT_Multiplayer.xaml
[Info   :  SHCDE-SE] [T1-14:23:05.222] [XamlPatcher] [ApplyPatches] Applying patch: AddNamespace, xpath: []
[Info   :  SHCDE-SE] [T1-14:23:05.222] [XamlPatcher] [ApplyPatches] Applying patch: SetAttribute, xpath: [//n:ListView[@Name='LobbyList']]
[Info   :  SHCDE-SE] [T1-14:23:05.222] [XamlPatcher] [ApplyPatches] Applying patch: SetAttribute, xpath: [//n:Grid[@Visibility='{Binding Show_MPSettings, Converter={StaticResource booleanToVisibilityConverter}}']]
[Info   :  SHCDE-SE] [T1-14:23:05.222] [XamlPatcher] [ApplyPatches] Applying patch: SetAttribute, xpath: [//n:Grid[@Width='700' and @Height='360' and @Visibility='{Binding Show_AddAIPanel, Converter={StaticResource booleanToVisibilityConverter}}']]
[Info   :  SHCDE-SE] [T1-14:23:05.222] [XamlPatcher] [ApplyPatches] Applying patch: SetAttribute, xpath: [//n:Grid[@Width='700' and @Height='360' and @Visibility='{Binding Show_AddAIPanel, Converter={StaticResource booleanToVisibilityConverter}}']]
[Info   :  SHCDE-SE] [T1-14:23:05.222] [XamlPatcher] [ApplyPatches] Applying patch: Replace, xpath: [//n:ListView[@Name='CustomLordList']/n:ListView.View/n:GridView]
[Info   :  SHCDE-SE] [T1-14:23:05.223] [XamlPatcher] [ApplyPatches] Applying patch: InsertBefore, xpath: [//n:ListView[@Name='CustomLordList']]
[Info   :  SHCDE-SE] [T1-14:23:05.223] [XamlPatcher] [ApplyPatches] Applying patch: InsertAfter, xpath: [//n:Grid[@Width='700' and @Height='360' and @Visibility='{Binding Show_AddAIPanel, Converter={StaticResource booleanToVisibilityConverter}}']]
[Info   :  SHCDE-SE] [T1-14:23:05.223] [XamlPatcher] [ApplyPatches] Applying patch: InsertBefore, xpath: [//n:Button[@CommandParameter='AddCustomLord']]
[Info   :  SHCDE-SE] [T1-14:23:05.224] [XamlPatcher] [ApplyPatches] Applying patch: InsertAfter, xpath: [//n:Button[@Name='RandomAI7']]
[Info   :  SHCDE-SE] [T1-14:23:05.224] [XamlPatcher] [ApplyPatches] Applying patch: InsertAfter, xpath: [//n:Slider[@Name='AIMax_Slider']]
[Info   :  SHCDE-SE] [T1-14:23:05.224] [XamlPatcher] [ApplyPatches] Applying patch: InsertBefore, xpath: [//n:Button[@Name='MultiplayerPlayButton']]
[Info   :  SHCDE-SE] [T1-14:23:05.225] [XamlPatcher] [ApplyPatches] Applying patch: InsertBefore, xpath: [//n:Button[@CommandParameter='Settings_SkirmishAdvanced']]
[Info   :  SHCDE-SE] [T1-14:23:05.236] [GameXAMLManagerAPI] [GetPatchesForPath] Found patch for [Assets/GUI/XAMLResources/FRONT_Multiplayer_Setup.xaml] in mod [000shcdese]
[Info   :  SHCDE-SE] [T1-14:23:05.236] [GameXAMLManagerAPI] [GetPatchesForPath] Found patch for [Assets/GUI/XAMLResources/FRONT_Multiplayer_Setup.xaml] in mod [BugfixesAndQoL_Serp]
[Info   :  SHCDE-SE] [T1-14:23:05.236] [GameXAMLManagerAPI] [ApplyPatchForPath] Applying 2 patch files to Assets/GUI/XAMLResources/FRONT_Multiplayer_Setup.xaml
[Info   :  SHCDE-SE] [T1-14:23:05.238] [XamlPatcher] [ApplyPatches] Applying patch: SetAttribute, xpath: [//*[@Name='MP_Settings_GameSpeed_Slider']]
[Info   :  SHCDE-SE] [T1-14:23:05.238] [XamlPatcher] [ApplyPatches] Applying patch: SetAttribute, xpath: [//n:Grid[@Visibility='{Binding Show_MPNotSkirmishIsHost, Converter={StaticResource booleanToVisibilityConverter}}']]
[Info   :  SHCDE-SE] [T1-14:23:05.253] [GameXAMLManagerAPI] [GetPatchesForPath] Found patch for [Assets/GUI/XAMLResources/FRONT_Multiplayer_Setup.xaml] in mod [000shcdese]
[Info   :  SHCDE-SE] [T1-14:23:05.253] [GameXAMLManagerAPI] [GetPatchesForPath] Found patch for [Assets/GUI/XAMLResources/FRONT_Multiplayer_Setup.xaml] in mod [BugfixesAndQoL_Serp]
[Info   :  SHCDE-SE] [T1-14:23:05.253] [GameXAMLManagerAPI] [ApplyPatchForPath] Applying 2 patch files to Assets/GUI/XAMLResources/FRONT_Multiplayer_Setup.xaml
[Info   :  SHCDE-SE] [T1-14:23:05.255] [XamlPatcher] [ApplyPatches] Applying patch: SetAttribute, xpath: [//*[@Name='MP_Settings_GameSpeed_Slider']]
[Info   :  SHCDE-SE] [T1-14:23:05.255] [XamlPatcher] [ApplyPatches] Applying patch: SetAttribute, xpath: [//n:Grid[@Visibility='{Binding Show_MPNotSkirmishIsHost, Converter={StaticResource booleanToVisibilityConverter}}']]
[Info   :  SHCDE-SE] [T1-14:23:05.269] [GameXAMLManagerAPI] [GetPatchesForPath] Found patch for [Assets/GUI/XAMLResources/FRONT_Multiplayer_AISettings.xaml] in mod [BugfixesAndQoL_Serp]
[Info   :  SHCDE-SE] [T1-14:23:05.270] [GameXAMLManagerAPI] [GetPatchesForPath] Found patch for [Assets/GUI/XAMLResources/FRONT_Multiplayer_AISettings.xaml] in mod [CastlePlanner_Serp]
[Info   :  SHCDE-SE] [T1-14:23:05.270] [GameXAMLManagerAPI] [ApplyPatchForPath] Applying 2 patch files to Assets/GUI/XAMLResources/FRONT_Multiplayer_AISettings.xaml
[Info   :  SHCDE-SE] [T1-14:23:05.271] [XamlPatcher] [ApplyPatches] Applying patch: SetAttribute, xpath: [//n:Grid[@Width='880' and @Height='630' and @Margin='00,43,0,0']]
[Info   :  SHCDE-SE] [T1-14:23:05.271] [XamlPatcher] [ApplyPatches] Applying patch: SetAttribute, xpath: [//n:Grid[@Width='880' and @Height='630' and @Margin='00,43,0,0']]
[Info   :  SHCDE-SE] [T1-14:23:05.271] [XamlPatcher] [ApplyPatches] Applying patch: Replace, xpath: [//n:RadioButton[@Name='No_Rotation']/parent::n:Grid]
[Info   :  SHCDE-SE] [T1-14:23:05.272] [XamlPatcher] [ApplyPatches] Applying patch: InsertBefore, xpath: [//n:ListView[@Name='AIVList']]
[Info   :  SHCDE-SE] [T1-14:23:05.272] [XamlPatcher] [ApplyPatches] Applying patch: InsertAfter, xpath: [//n:Button[@Name='Player1_Kick']/parent::n:Grid/parent::n:StackPanel]
[Info   :  SHCDE-SE] [T1-14:23:05.272] [XamlPatcher] [ApplyPatches] Applying patch: InsertAfter, xpath: [//n:Button[@Name='MP_Replace']]
[Info   :  SHCDE-SE] [T1-14:23:05.272] [XamlPatcher] [ApplyPatches] Applying patch: SetAttribute, xpath: [//n:Button[@Name='MP_OKSettings']]
[Info   :  SHCDE-SE] [T1-14:23:05.272] [XamlPatcher] [ApplyPatches] Applying patch: SetAttribute, xpath: [//n:Button[@Name='MP_OKSettings']]
[Info   :  SHCDE-SE] [T1-14:23:05.272] [XamlPatcher] [ApplyPatches] Applying patch: SetAttribute, xpath: [//n:Button[@Name='MP_OKSettings']]
[Info   :  SHCDE-SE] [T1-14:23:05.272] [XamlPatcher] [ApplyPatches] Applying patch: Replace, xpath: [//n:Button[@Name='MP_Clear']/parent::n:Viewbox]
[Info   :  SHCDE-SE] [T1-14:23:05.272] [XamlPatcher] [ApplyPatches] Applying patch: InsertAfter, xpath: [//n:ListView[@Name='LordList']/n:ListView.View/n:GridView/n:GridViewColumn[2]]
[Info   :  SHCDE-SE] [T1-14:23:05.272] [XamlPatcher] [ApplyPatches] Applying patch: InsertBefore, xpath: [//n:ListView[@Name='LordList']]
[Info   :  SHCDE-SE] [T1-14:23:05.272] [XamlPatcher] [ApplyPatches] Applying patch: InsertAfter, xpath: [//n:ListView[@Name='LordList']/parent::n:Grid/parent::n:DockPanel]
[Info   :  SHCDE-SE] [T1-14:23:05.272] [XamlPatcher] [ApplyPatches] Applying patch: InsertAfter, xpath: [//n:Button[@Name='MP_OKSettings']]
[Info   :  SHCDE-SE] [T1-14:23:05.272] [XamlPatcher] [ApplyPatches] Applying patch: SetAttribute, xpath: [//n:Grid[@Width='880' and @Height='630' and @Margin='00,43,0,0']]
[Info   :  SHCDE-SE] [T1-14:23:05.274] [XamlPatcher] [ApplyPatches] Applying patch: SetAttribute, xpath: [//n:Grid[@Width='880' and @Height='630' and @Margin='00,43,0,0']]
[Info   :  SHCDE-SE] [T1-14:23:05.274] [XamlPatcher] [ApplyPatches] Applying patch: SetAttribute, xpath: [//n:Grid[@Visibility='{Binding Show_AI_Settings_Help, Converter={StaticResource booleanToVisibilityConverter}}']]
[Info   :  SHCDE-SE] [T1-14:23:05.274] [XamlPatcher] [ApplyPatches] Applying patch: SetAttribute, xpath: [//n:Grid[@Visibility='{Binding Show_AI_Settings_Help, Converter={StaticResource booleanToVisibilityConverter}}']]
[Info   :  SHCDE-SE] [T1-14:23:05.274] [XamlPatcher] [ApplyPatches] Applying patch: SetAttribute, xpath: [//n:Grid[@Visibility='{Binding Show_AI_Settings_Help, Converter={StaticResource booleanToVisibilityConverter}}']/n:Grid[@Width='1150']]
[Info   :  SHCDE-SE] [T1-14:23:05.274] [XamlPatcher] [ApplyPatches] Applying patch: InsertAfter, xpath: [//n:Button[@Name='Player1_Kick']/parent::n:Grid/parent::n:StackPanel]
[Info   :  SHCDE-SE] [T1-14:23:05.280] [GameXAMLManagerAPI] [InjectBindings] ViewModel Linked [BugfixesAndQoLAivHeaderPanel] in [FRONT_Multiplayer_AISettings]
[Info   :  SHCDE-SE] [T1-14:23:05.280] [GameXAMLManagerAPI] [ApplyBinding] ViewModel Linked [BugfixesAndQoLAivHeaderPanel]
[Info   :  SHCDE-SE] [T1-14:23:05.281] [GameXAMLManagerAPI] [InjectBindings] ViewModel Linked [BugfixesAndQoLAivSearchPanel] in [FRONT_Multiplayer_AISettings]
[Info   :  SHCDE-SE] [T1-14:23:05.281] [GameXAMLManagerAPI] [ApplyBinding] ViewModel Linked [BugfixesAndQoLAivSearchPanel]
[Info   :  SHCDE-SE] [T1-14:23:05.281] [GameXAMLManagerAPI] [InjectBindings] ViewModel Linked [BugfixesAndQoLAicHeaderPanel] in [FRONT_Multiplayer_AISettings]
[Info   :  SHCDE-SE] [T1-14:23:05.281] [GameXAMLManagerAPI] [ApplyBinding] ViewModel Linked [BugfixesAndQoLAicHeaderPanel]
[Info   :  SHCDE-SE] [T1-14:23:05.281] [GameXAMLManagerAPI] [InjectBindings] ViewModel Linked [BugfixesAndQoLAicSearchPanel] in [FRONT_Multiplayer_AISettings]
[Info   :  SHCDE-SE] [T1-14:23:05.281] [GameXAMLManagerAPI] [ApplyBinding] ViewModel Linked [BugfixesAndQoLAicSearchPanel]
[Info   :  SHCDE-SE] [T1-14:23:05.281] [GameXAMLManagerAPI] [InjectBindings] ViewModel Linked [BugfixesAndQoLAicDropdownHost] in [FRONT_Multiplayer_AISettings]
[Info   :  SHCDE-SE] [T1-14:23:05.281] [GameXAMLManagerAPI] [ApplyBinding] ViewModel Linked [BugfixesAndQoLAicDropdownHost]
[Info   :  SHCDE-SE] [T1-14:23:05.281] [GameXAMLManagerAPI] [InjectBindings] ViewModel Linked [BugfixesAndQoLAivPresetButtonHost] in [FRONT_Multiplayer_AISettings]
[Info   :  SHCDE-SE] [T1-14:23:05.281] [GameXAMLManagerAPI] [ApplyBinding] ViewModel Linked [BugfixesAndQoLAivPresetButtonHost]
[Info   :  SHCDE-SE] [T1-14:23:05.281] [GameXAMLManagerAPI] [InjectBindings] ViewModel Linked [BugfixesAndQoLAivPresetDialog] in [FRONT_Multiplayer_AISettings]
[Info   :  SHCDE-SE] [T1-14:23:05.281] [GameXAMLManagerAPI] [ApplyBinding] ViewModel Linked [BugfixesAndQoLAivPresetDialog]
[Info   :  SHCDE-SE] [T1-14:23:05.281] [GameXAMLManagerAPI] [InjectBindings] ViewModel Linked [BugfixesAndQoLAivSelectionListHost] in [FRONT_Multiplayer_AISettings]
[Info   :  SHCDE-SE] [T1-14:23:05.281] [GameXAMLManagerAPI] [ApplyBinding] ViewModel Linked [BugfixesAndQoLAivSelectionListHost]
[Info   :  SHCDE-SE] [T1-14:23:05.282] [GameXAMLManagerAPI] [InjectBindings] ViewModel Linked [CastlePlannerAivSelectionListHost] in [FRONT_Multiplayer_AISettings]
[Info   :  SHCDE-SE] [T1-14:23:05.282] [GameXAMLManagerAPI] [ApplyBinding] ViewModel Linked [CastlePlannerAivSelectionListHost]
[Info   :  SHCDE-SE] [T1-14:23:05.284] [GameXAMLManagerAPI] [GetPatchesForPath] Found patch for [Assets/GUI/XAMLResources/FRONT_ManageTrail.xaml] in mod [ExtendedData_Serp]
[Info   :  SHCDE-SE] [T1-14:23:05.284] [GameXAMLManagerAPI] [ApplyPatchForPath] Applying 1 patch files to Assets/GUI/XAMLResources/FRONT_ManageTrail.xaml
[Info   :  SHCDE-SE] [T1-14:23:05.285] [XamlPatcher] [ApplyPatches] Applying patch: Add, xpath: [//n:Grid[n:Button[@Name='Load'] and n:Button[@Name='Save']]]
[Info   :  SHCDE-SE] [T1-14:23:05.291] [GameXAMLManagerAPI] [InjectBindings] ViewModel Linked [ExtendedDataTrailMakerSaveOptionsHost] in [FRONT_ManageTrail]
[Info   :  SHCDE-SE] [T1-14:23:05.291] [GameXAMLManagerAPI] [ApplyBinding] ViewModel Linked [ExtendedDataTrailMakerSaveOptionsHost]
[Info   :  SHCDE-SE] [T1-14:23:05.299] [GameXAMLManagerAPI] [GetPatchesForPath] Found patch for [Assets/GUI/XAMLResources/FRONT_CoopTrail1.xaml] in mod [BugfixesAndQoL_Serp]
[Info   :  SHCDE-SE] [T1-14:23:05.299] [GameXAMLManagerAPI] [ApplyPatchForPath] Applying 1 patch files to Assets/GUI/XAMLResources/FRONT_CoopTrail1.xaml
[Info   :  SHCDE-SE] [T1-14:23:05.301] [XamlPatcher] [ApplyPatches] Applying patch: SetAttribute, xpath: [//n:Grid[@Width='1080' and @Height='640']/n:Grid[@Margin='25,0,0,0']]
[Info   :  SHCDE-SE] [T1-14:23:05.301] [XamlPatcher] [ApplyPatches] Applying patch: Add, xpath: [//n:Grid[@Width='1080' and @Height='640']/n:Grid[@x:Name='CoopLordPortraitGrid']]
[Info   :  SHCDE-SE] [T1-14:23:05.309] [GameXAMLManagerAPI] [InjectBindings] ViewModel Linked [CoopCustomLordSelectionHost] in [FRONT_CoopTrail1]
[Info   :  SHCDE-SE] [T1-14:23:05.309] [GameXAMLManagerAPI] [ApplyBinding] ViewModel Linked [CoopCustomLordSelectionHost]
[Debug  :Extended Data] [2026-09-24 14:23:05.311] Deferred custom presentation until Loaded for Coop Trail 1.
[Info   :  SHCDE-SE] [T1-14:23:05.312] [GameXAMLManagerAPI] [GetPatchesForPath] Found patch for [Assets/GUI/XAMLResources/FRONT_CoopTrail2.xaml] in mod [BugfixesAndQoL_Serp]
[Info   :  SHCDE-SE] [T1-14:23:05.312] [GameXAMLManagerAPI] [ApplyPatchForPath] Applying 1 patch files to Assets/GUI/XAMLResources/FRONT_CoopTrail2.xaml
[Info   :  SHCDE-SE] [T1-14:23:05.315] [XamlPatcher] [ApplyPatches] Applying patch: SetAttribute, xpath: [//n:Grid[@Width='1080' and @Height='640']/n:Grid[@Margin='25,0,0,0']]
[Info   :  SHCDE-SE] [T1-14:23:05.315] [XamlPatcher] [ApplyPatches] Applying patch: Add, xpath: [//n:Grid[@Width='1080' and @Height='640']/n:Grid[@x:Name='CoopLordPortraitGrid']]
[Info   :  SHCDE-SE] [T1-14:23:05.322] [GameXAMLManagerAPI] [InjectBindings] ViewModel Linked [CoopCustomLordSelectionHost] in [FRONT_CoopTrail2]
[Info   :  SHCDE-SE] [T1-14:23:05.322] [GameXAMLManagerAPI] [ApplyBinding] ViewModel Linked [CoopCustomLordSelectionHost]
[Debug  :Extended Data] [2026-09-24 14:23:05.322] Deferred custom presentation until Loaded for Coop Trail 2.
[Info   :  SHCDE-SE] [T1-14:23:05.324] [GameXAMLManagerAPI] [GetPatchesForPath] Found patch for [Assets/GUI/XAMLResources/FRONT_CoopTrail3.xaml] in mod [BugfixesAndQoL_Serp]
[Info   :  SHCDE-SE] [T1-14:23:05.324] [GameXAMLManagerAPI] [ApplyPatchForPath] Applying 1 patch files to Assets/GUI/XAMLResources/FRONT_CoopTrail3.xaml
[Info   :  SHCDE-SE] [T1-14:23:05.326] [XamlPatcher] [ApplyPatches] Applying patch: SetAttribute, xpath: [//n:Grid[@Width='1080' and @Height='640']/n:Grid[@Margin='25,0,0,0']]
[Info   :  SHCDE-SE] [T1-14:23:05.326] [XamlPatcher] [ApplyPatches] Applying patch: Add, xpath: [//n:Grid[@Width='1080' and @Height='640']/n:Grid[@x:Name='CoopLordPortraitGrid']]
[Info   :  SHCDE-SE] [T1-14:23:05.334] [GameXAMLManagerAPI] [InjectBindings] ViewModel Linked [CoopCustomLordSelectionHost] in [FRONT_CoopTrail3]
[Info   :  SHCDE-SE] [T1-14:23:05.334] [GameXAMLManagerAPI] [ApplyBinding] ViewModel Linked [CoopCustomLordSelectionHost]
[Debug  :Extended Data] [2026-09-24 14:23:05.335] Deferred custom presentation until Loaded for Coop Trail 3.
[Info   :  SHCDE-SE] [T1-14:23:05.336] [GameXAMLManagerAPI] [GetPatchesForPath] Found patch for [Assets/GUI/XAMLResources/FRONT_CoopTrail4.xaml] in mod [BugfixesAndQoL_Serp]
[Info   :  SHCDE-SE] [T1-14:23:05.336] [GameXAMLManagerAPI] [ApplyPatchForPath] Applying 1 patch files to Assets/GUI/XAMLResources/FRONT_CoopTrail4.xaml
[Info   :  SHCDE-SE] [T1-14:23:05.338] [XamlPatcher] [ApplyPatches] Applying patch: SetAttribute, xpath: [//n:Grid[@Width='1080' and @Height='640']/n:Grid[@Margin='25,0,0,0']]
[Info   :  SHCDE-SE] [T1-14:23:05.338] [XamlPatcher] [ApplyPatches] Applying patch: Add, xpath: [//n:Grid[@Width='1080' and @Height='640']/n:Grid[@x:Name='CoopLordPortraitGrid']]
[Info   :  SHCDE-SE] [T1-14:23:05.346] [GameXAMLManagerAPI] [InjectBindings] ViewModel Linked [CoopCustomLordSelectionHost] in [FRONT_CoopTrail4]
[Info   :  SHCDE-SE] [T1-14:23:05.346] [GameXAMLManagerAPI] [ApplyBinding] ViewModel Linked [CoopCustomLordSelectionHost]
[Debug  :Extended Data] [2026-09-24 14:23:05.346] Deferred custom presentation until Loaded for Coop Trail 4.
[Info   :  SHCDE-SE] [T1-14:23:05.347] [GameXAMLManagerAPI] [GetPatchesForPath] Found patch for [Assets/GUI/XAMLResources/HUD_LoadSaveRequester.xaml] in mod [BugfixesAndQoL_Serp]
[Info   :  SHCDE-SE] [T1-14:23:05.347] [GameXAMLManagerAPI] [GetPatchesForPath] Found patch for [Assets/GUI/XAMLResources/HUD_LoadSaveRequester.xaml] in mod [ExtendedData_Serp]
[Info   :  SHCDE-SE] [T1-14:23:05.347] [GameXAMLManagerAPI] [ApplyPatchForPath] Applying 2 patch files to Assets/GUI/XAMLResources/HUD_LoadSaveRequester.xaml
[Info   :  SHCDE-SE] [T1-14:23:05.347] [XamlPatcher] [ApplyPatches] Applying patch: AddNamespace, xpath: []
[Info   :  SHCDE-SE] [T1-14:23:05.347] [XamlPatcher] [ApplyPatches] Applying patch: InsertAfter, xpath: [//n:ListView[@Name='FileList']/n:ListView.View/n:GridView/n:GridViewColumn[4]]
[Info   :  SHCDE-SE] [T1-14:23:05.347] [XamlPatcher] [ApplyPatches] Applying patch: InsertBefore, xpath: [//n:CheckBox[@x:Name='HideQuicksaveCheck']]
[Info   :  SHCDE-SE] [T1-14:23:05.347] [XamlPatcher] [ApplyPatches] Applying patch: InsertBefore, xpath: [//n:TextBox[@Name='SearchFilter']]
[Info   :  SHCDE-SE] [T1-14:23:05.347] [XamlPatcher] [ApplyPatches] Applying patch: Add, xpath: [//n:Grid[n:Button[@Name='ButtonAction'] and n:Button[@Name='ButtonCancel']]]
[Info   :  SHCDE-SE] [T1-14:23:05.349] [GameXAMLManagerAPI] [InjectBindings] ViewModel Linked [BugfixesAndQoLShowVanillaMapsHost] in [HUD_LoadSaveRequester]
[Info   :  SHCDE-SE] [T1-14:23:05.349] [GameXAMLManagerAPI] [ApplyBinding] ViewModel Linked [BugfixesAndQoLShowVanillaMapsHost]
[Info   :  SHCDE-SE] [T1-14:23:05.349] [GameXAMLManagerAPI] [InjectBindings] ViewModel Linked [BugfixesAndQoLDeleteMapHost] in [HUD_LoadSaveRequester]
[Info   :  SHCDE-SE] [T1-14:23:05.349] [GameXAMLManagerAPI] [ApplyBinding] ViewModel Linked [BugfixesAndQoLDeleteMapHost]
[Info   :  SHCDE-SE] [T1-14:23:05.349] [GameXAMLManagerAPI] [InjectBindings] ViewModel Linked [ExtendedDataMapEditorSaveOptionsHost] in [HUD_LoadSaveRequester]
[Info   :  SHCDE-SE] [T1-14:23:05.349] [GameXAMLManagerAPI] [ApplyBinding] ViewModel Linked [ExtendedDataMapEditorSaveOptionsHost]
[Info   :  SHCDE-SE] [T1-14:23:05.350] [GameXAMLManagerAPI] [GetPatchesForPath] Found patch for [Assets/GUI/XAMLResources/HUD_ConfirmationPopup.xaml] in mod [ExtendedData_Serp]
[Info   :  SHCDE-SE] [T1-14:23:05.350] [GameXAMLManagerAPI] [ApplyPatchForPath] Applying 1 patch files to Assets/GUI/XAMLResources/HUD_ConfirmationPopup.xaml
[Info   :  SHCDE-SE] [T1-14:23:05.350] [XamlPatcher] [ApplyPatches] Applying patch: Replace, xpath: [//n:TextBlock[@Text='{Binding ConfirmationMessage}']]
[Info   :  SHCDE-SE] [T1-14:23:05.351] [GameXAMLManagerAPI] [GetPatchesForPath] Found patch for [Assets/GUI/XAMLResources/HUD_Options.xaml] in mod [000shcdese]
[Info   :  SHCDE-SE] [T1-14:23:05.351] [GameXAMLManagerAPI] [ApplyPatchForPath] Applying 1 patch files to Assets/GUI/XAMLResources/HUD_Options.xaml
[Info   :  SHCDE-SE] [T1-14:23:05.352] [XamlPatcher] [ApplyPatches] Applying patch: SetAttribute, xpath: [//*[@Name='GameSpeedSlider']]
[Info   :  SHCDE-SE] [T1-14:23:05.378] [GameXAMLManagerAPI] [InjectBindings] ViewModel Linked [BugfixesAndQoLAivSyncStatusHost] in [FRONT_Multiplayer]
[Info   :  SHCDE-SE] [T1-14:23:05.378] [GameXAMLManagerAPI] [ApplyBinding] ViewModel Linked [BugfixesAndQoLAivSyncStatusHost]
[Info   :  SHCDE-SE] [T1-14:23:05.378] [GameXAMLManagerAPI] [InjectBindings] ViewModel Linked [BugfixesAndQoLSkirmishGameOptionsButtonHost] in [FRONT_Multiplayer]
[Info   :  SHCDE-SE] [T1-14:23:05.378] [GameXAMLManagerAPI] [ApplyBinding] ViewModel Linked [BugfixesAndQoLSkirmishGameOptionsButtonHost]
[Debug  :Bugfixes and QoL] [2026-09-24 14:23:05.379] BUGFIXES_AND_QOL_SKIRMISH_GAME_OPTIONS_BUTTON_BOUND: commandAvailable=true, dataContext=MainViewModel.Instance.
[Info   :  SHCDE-SE] [T1-14:23:05.379] [GameXAMLManagerAPI] [InjectBindings] ViewModel Linked [RandomLordFiltersSimple] in [FRONT_Multiplayer]
[Info   :  SHCDE-SE] [T1-14:23:05.379] [GameXAMLManagerAPI] [ApplyBinding] ViewModel Linked [RandomLordFiltersSimple]
[Info   :  SHCDE-SE] [T1-14:23:05.379] [GameXAMLManagerAPI] [InjectBindings] ViewModel Linked [RandomLordFiltersAdvanced] in [FRONT_Multiplayer]
[Info   :  SHCDE-SE] [T1-14:23:05.379] [GameXAMLManagerAPI] [ApplyBinding] ViewModel Linked [RandomLordFiltersAdvanced]
[Info   :  SHCDE-SE] [T1-14:23:05.379] [GameXAMLManagerAPI] [InjectBindings] ViewModel Linked [CustomLordSearchPanel] in [FRONT_Multiplayer]
[Info   :  SHCDE-SE] [T1-14:23:05.379] [GameXAMLManagerAPI] [ApplyBinding] ViewModel Linked [CustomLordSearchPanel]
[Info   :  SHCDE-SE] [T1-14:23:05.379] [GameXAMLManagerAPI] [InjectBindings] ViewModel Linked [CustomLordHeaderPanel] in [FRONT_Multiplayer]
[Info   :  SHCDE-SE] [T1-14:23:05.379] [GameXAMLManagerAPI] [ApplyBinding] ViewModel Linked [CustomLordHeaderPanel]
[Info   :  SHCDE-SE] [T1-14:23:05.379] [GameXAMLManagerAPI] [InjectBindings] ViewModel Linked [CustomLordTypeHeader] in [FRONT_Multiplayer]
[Info   :  SHCDE-SE] [T1-14:23:05.379] [GameXAMLManagerAPI] [ApplyBinding] ViewModel Linked [CustomLordTypeHeader]
[Info   :  SHCDE-SE] [T1-14:23:05.379] [GameXAMLManagerAPI] [InjectBindings] ViewModel Linked [CustomLordNameHeader] in [FRONT_Multiplayer]
[Info   :  SHCDE-SE] [T1-14:23:05.379] [GameXAMLManagerAPI] [ApplyBinding] ViewModel Linked [CustomLordNameHeader]
[Info   :  SHCDE-SE] [T1-14:23:05.380] [GameXAMLManagerAPI] [InjectBindings] ViewModel Linked [CustomLordPowerHeader] in [FRONT_Multiplayer]
[Info   :  SHCDE-SE] [T1-14:23:05.380] [GameXAMLManagerAPI] [ApplyBinding] ViewModel Linked [CustomLordPowerHeader]
[Info   :  SHCDE-SE] [T1-14:23:05.380] [GameXAMLManagerAPI] [InjectBindings] ViewModel Linked [CustomLordSortHelpPanel] in [FRONT_Multiplayer]
[Info   :  SHCDE-SE] [T1-14:23:05.380] [GameXAMLManagerAPI] [ApplyBinding] ViewModel Linked [CustomLordSortHelpPanel]
[Info   :  SHCDE-SE] [T1-14:23:05.394] [NoesisTextureProvider_Hooks] [NoesisTextureProvider_GetTextureInfo] Registering Mod Texture: Assets/GUI/Sprites/modsettingspanel.png
[Info   :  SHCDE-SE] [T1-14:23:05.397] [GameXAMLManagerAPI] [GetPatchesForPath] Found patch for [Assets/GUI/XAMLResources/HUD_ConfirmationPopup.xaml] in mod [ExtendedData_Serp]
[Info   :  SHCDE-SE] [T1-14:23:05.397] [GameXAMLManagerAPI] [ApplyPatchForPath] Applying 1 patch files to Assets/GUI/XAMLResources/HUD_ConfirmationPopup.xaml
[Info   :  SHCDE-SE] [T1-14:23:05.397] [XamlPatcher] [ApplyPatches] Applying patch: Replace, xpath: [//n:TextBlock[@Text='{Binding ConfirmationMessage}']]
[Info   :  SHCDE-SE] [T1-14:23:05.400] [GameXAMLManagerAPI] [GetPatchesForPath] Found patch for [Assets/GUI/XAMLResources/HUD_MissionOver.xaml] in mod [BugfixesAndQoL_Serp]
[Info   :  SHCDE-SE] [T1-14:23:05.400] [GameXAMLManagerAPI] [ApplyPatchForPath] Applying 1 patch files to Assets/GUI/XAMLResources/HUD_MissionOver.xaml
[Info   :  SHCDE-SE] [T1-14:23:05.404] [XamlPatcher] [ApplyPatches] Applying patch: Add, xpath: [//n:StackPanel[@Name='RowStackMP']/n:Grid[n:Button[@CommandParameter='Exit']]]
[Info   :  SHCDE-SE] [T1-14:23:05.404] [XamlPatcher] [ApplyPatches] Applying patch: Add, xpath: [//n:Grid[n:Grid.ColumnDefinitions/n:ColumnDefinition[2][@Width='470'] and n:Image[@Source='{Binding MO_MP_PlayersShields0}']]]
[Info   :  SHCDE-SE] [T1-14:23:05.404] [XamlPatcher] [ApplyPatches] Applying patch: Add, xpath: [//n:Grid[n:Grid.ColumnDefinitions/n:ColumnDefinition[2][@Width='510'] and n:Image[@Source='{Binding MO_MP_PlayersShields0}']]]
[Info   :  SHCDE-SE] [T1-14:23:05.404] [XamlPatcher] [ApplyPatches] Applying patch: Add, xpath: [//n:Grid[n:Grid.ColumnDefinitions/n:ColumnDefinition[2][@Width='470'] and n:Image[@Source='{Binding MO_MP_PlayersShields1}']]]
[Info   :  SHCDE-SE] [T1-14:23:05.405] [XamlPatcher] [ApplyPatches] Applying patch: Add, xpath: [//n:Grid[n:Grid.ColumnDefinitions/n:ColumnDefinition[2][@Width='510'] and n:Image[@Source='{Binding MO_MP_PlayersShields1}']]]
[Info   :  SHCDE-SE] [T1-14:23:05.405] [XamlPatcher] [ApplyPatches] Applying patch: Add, xpath: [//n:Grid[n:Grid.ColumnDefinitions/n:ColumnDefinition[2][@Width='470'] and n:Image[@Source='{Binding MO_MP_PlayersShields2}']]]
[Info   :  SHCDE-SE] [T1-14:23:05.405] [XamlPatcher] [ApplyPatches] Applying patch: Add, xpath: [//n:Grid[n:Grid.ColumnDefinitions/n:ColumnDefinition[2][@Width='510'] and n:Image[@Source='{Binding MO_MP_PlayersShields2}']]]
[Info   :  SHCDE-SE] [T1-14:23:05.405] [XamlPatcher] [ApplyPatches] Applying patch: Add, xpath: [//n:Grid[n:Grid.ColumnDefinitions/n:ColumnDefinition[2][@Width='470'] and n:Image[@Source='{Binding MO_MP_PlayersShields3}']]]
[Info   :  SHCDE-SE] [T1-14:23:05.407] [XamlPatcher] [ApplyPatches] Applying patch: Add, xpath: [//n:Grid[n:Grid.ColumnDefinitions/n:ColumnDefinition[2][@Width='510'] and n:Image[@Source='{Binding MO_MP_PlayersShields3}']]]
[Info   :  SHCDE-SE] [T1-14:23:05.407] [XamlPatcher] [ApplyPatches] Applying patch: Add, xpath: [//n:Grid[n:Grid.ColumnDefinitions/n:ColumnDefinition[2][@Width='470'] and n:Image[@Source='{Binding MO_MP_PlayersShields4}']]]
[Info   :  SHCDE-SE] [T1-14:23:05.408] [XamlPatcher] [ApplyPatches] Applying patch: Add, xpath: [//n:Grid[n:Grid.ColumnDefinitions/n:ColumnDefinition[2][@Width='510'] and n:Image[@Source='{Binding MO_MP_PlayersShields4}']]]
[Info   :  SHCDE-SE] [T1-14:23:05.408] [XamlPatcher] [ApplyPatches] Applying patch: Add, xpath: [//n:Grid[n:Grid.ColumnDefinitions/n:ColumnDefinition[2][@Width='470'] and n:Image[@Source='{Binding MO_MP_PlayersShields5}']]]
[Info   :  SHCDE-SE] [T1-14:23:05.408] [XamlPatcher] [ApplyPatches] Applying patch: Add, xpath: [//n:Grid[n:Grid.ColumnDefinitions/n:ColumnDefinition[2][@Width='510'] and n:Image[@Source='{Binding MO_MP_PlayersShields5}']]]
[Info   :  SHCDE-SE] [T1-14:23:05.409] [XamlPatcher] [ApplyPatches] Applying patch: Add, xpath: [//n:Grid[n:Grid.ColumnDefinitions/n:ColumnDefinition[2][@Width='470'] and n:Image[@Source='{Binding MO_MP_PlayersShields6}']]]
[Info   :  SHCDE-SE] [T1-14:23:05.409] [XamlPatcher] [ApplyPatches] Applying patch: Add, xpath: [//n:Grid[n:Grid.ColumnDefinitions/n:ColumnDefinition[2][@Width='510'] and n:Image[@Source='{Binding MO_MP_PlayersShields6}']]]
[Info   :  SHCDE-SE] [T1-14:23:05.410] [XamlPatcher] [ApplyPatches] Applying patch: Add, xpath: [//n:Grid[n:Grid.ColumnDefinitions/n:ColumnDefinition[2][@Width='470'] and n:Image[@Source='{Binding MO_MP_PlayersShields7}']]]
[Info   :  SHCDE-SE] [T1-14:23:05.410] [XamlPatcher] [ApplyPatches] Applying patch: Add, xpath: [//n:Grid[n:Grid.ColumnDefinitions/n:ColumnDefinition[2][@Width='510'] and n:Image[@Source='{Binding MO_MP_PlayersShields7}']]]
[Info   :  SHCDE-SE] [T1-14:23:05.424] [GameXAMLManagerAPI] [InjectBindings] ViewModel Linked [BugfixesAndQoLSpectatorStatisticsRefreshHost] in [HUD_MissionOver]
[Info   :  SHCDE-SE] [T1-14:23:05.424] [GameXAMLManagerAPI] [ApplyBinding] ViewModel Linked [BugfixesAndQoLSpectatorStatisticsRefreshHost]
[Info   :  SHCDE-SE] [T1-14:23:05.425] [GameXAMLManagerAPI] [GetPatchesForPath] Found patch for [Assets/GUI/XAMLResources/HUD_LoadSaveRequester.xaml] in mod [BugfixesAndQoL_Serp]
[Info   :  SHCDE-SE] [T1-14:23:05.425] [GameXAMLManagerAPI] [GetPatchesForPath] Found patch for [Assets/GUI/XAMLResources/HUD_LoadSaveRequester.xaml] in mod [ExtendedData_Serp]
[Info   :  SHCDE-SE] [T1-14:23:05.425] [GameXAMLManagerAPI] [ApplyPatchForPath] Applying 2 patch files to Assets/GUI/XAMLResources/HUD_LoadSaveRequester.xaml
[Info   :  SHCDE-SE] [T1-14:23:05.425] [XamlPatcher] [ApplyPatches] Applying patch: AddNamespace, xpath: []
[Info   :  SHCDE-SE] [T1-14:23:05.425] [XamlPatcher] [ApplyPatches] Applying patch: InsertAfter, xpath: [//n:ListView[@Name='FileList']/n:ListView.View/n:GridView/n:GridViewColumn[4]]
[Info   :  SHCDE-SE] [T1-14:23:05.425] [XamlPatcher] [ApplyPatches] Applying patch: InsertBefore, xpath: [//n:CheckBox[@x:Name='HideQuicksaveCheck']]
[Info   :  SHCDE-SE] [T1-14:23:05.425] [XamlPatcher] [ApplyPatches] Applying patch: InsertBefore, xpath: [//n:TextBox[@Name='SearchFilter']]
[Info   :  SHCDE-SE] [T1-14:23:05.425] [XamlPatcher] [ApplyPatches] Applying patch: Add, xpath: [//n:Grid[n:Button[@Name='ButtonAction'] and n:Button[@Name='ButtonCancel']]]
[Info   :  SHCDE-SE] [T1-14:23:05.427] [GameXAMLManagerAPI] [InjectBindings] ViewModel Linked [BugfixesAndQoLShowVanillaMapsHost] in [HUD_LoadSaveRequester]
[Info   :  SHCDE-SE] [T1-14:23:05.427] [GameXAMLManagerAPI] [ApplyBinding] ViewModel Linked [BugfixesAndQoLShowVanillaMapsHost]
[Info   :  SHCDE-SE] [T1-14:23:05.427] [GameXAMLManagerAPI] [InjectBindings] ViewModel Linked [BugfixesAndQoLDeleteMapHost] in [HUD_LoadSaveRequester]
[Info   :  SHCDE-SE] [T1-14:23:05.427] [GameXAMLManagerAPI] [ApplyBinding] ViewModel Linked [BugfixesAndQoLDeleteMapHost]
[Info   :  SHCDE-SE] [T1-14:23:05.427] [GameXAMLManagerAPI] [InjectBindings] ViewModel Linked [ExtendedDataMapEditorSaveOptionsHost] in [HUD_LoadSaveRequester]
[Info   :  SHCDE-SE] [T1-14:23:05.427] [GameXAMLManagerAPI] [ApplyBinding] ViewModel Linked [ExtendedDataMapEditorSaveOptionsHost]
[Info   :  SHCDE-SE] [T1-14:23:05.437] [GameXAMLManagerAPI] [InjectBindings] ViewModel Linked [SEMainMenuContainer] in [FrontendMenus]
[Info   :  SHCDE-SE] [T1-14:23:05.437] [GameXAMLManagerAPI] [ApplyBinding] ViewModel Linked [SEMainMenuContainer]
[Info   :  SHCDE-SE] [T1-14:23:05.439] [GameXAMLManagerAPI] [InjectBindings] ViewModel Linked [SE_ModOptionsToggle] in [FrontendMenus]
[Info   :  SHCDE-SE] [T1-14:23:05.439] [GameXAMLManagerAPI] [ApplyBinding] ViewModel Linked [SE_ModOptionsToggle]
[Info   :  SHCDE-SE] [T1-14:23:05.440] [GameXAMLManagerAPI] [InjectBindings] ViewModel Linked [SE_ModOptionsModal] in [FrontendMenus]
[Info   :  SHCDE-SE] [T1-14:23:05.440] [GameXAMLManagerAPI] [ApplyBinding] ViewModel Linked [SE_ModOptionsModal]
[Info   :  SHCDE-SE] [T1-14:23:05.711] [GameXAMLManagerAPI] [GetPatchesForPath] Found patch for [Assets/GUI/XAML/IngameUIScreens.xaml] in mod [CastlePlanner_Serp]
[Info   :  SHCDE-SE] [T1-14:23:05.717] [GameXAMLManagerAPI] [ApplyPatchForPath] Applying 1 patch files to Assets/GUI/XAML/IngameUIScreens.xaml
[Info   :  SHCDE-SE] [T1-14:23:05.718] [XamlPatcher] [ApplyPatches] Applying patch: Add, xpath: [/n:UserControl/n:Grid]
[Info   :  SHCDE-SE] [T1-14:23:05.718] [XamlPatcher] [ApplyPatches] Applying patch: Add, xpath: [/n:UserControl/n:Grid/n:Grid[@Name='HUD_ObjectivesPanel']]
[Info   :  SHCDE-SE] [T1-14:23:05.721] [GameXAMLManagerAPI] [GetPatchesForPath] Found patch for [Assets/GUI/XAML/MainHUD.xaml] in mod [BugfixesAndQoL_Serp]
[Info   :  SHCDE-SE] [T1-14:23:05.721] [GameXAMLManagerAPI] [GetPatchesForPath] Found patch for [Assets/GUI/XAML/MainHUD.xaml] in mod [BuildingCosts_Serp]
[Info   :  SHCDE-SE] [T1-14:23:05.721] [GameXAMLManagerAPI] [GetPatchesForPath] Found patch for [Assets/GUI/XAML/MainHUD.xaml] in mod [BuildingLimit_Serp]
[Info   :  SHCDE-SE] [T1-14:23:05.721] [GameXAMLManagerAPI] [GetPatchesForPath] Found patch for [Assets/GUI/XAML/MainHUD.xaml] in mod [UnitLimit_Serp]
[Info   :  SHCDE-SE] [T1-14:23:05.721] [GameXAMLManagerAPI] [ApplyPatchForPath] Applying 4 patch files to Assets/GUI/XAML/MainHUD.xaml
[Info   :  SHCDE-SE] [T1-14:23:05.722] [XamlPatcher] [ApplyPatches] Applying patch: AddNamespace, xpath: []
[Info   :  SHCDE-SE] [T1-14:23:05.722] [XamlPatcher] [ApplyPatches] Applying patch: SetAttribute, xpath: [//n:MediaElement[@Name='RadarME']]
[Info   :  SHCDE-SE] [T1-14:23:05.722] [XamlPatcher] [ApplyPatches] Applying patch: SetAttribute, xpath: [//n:MediaElement[@Name='RadarME']]
[Info   :  SHCDE-SE] [T1-14:23:05.722] [XamlPatcher] [ApplyPatches] Applying patch: SetAttribute, xpath: [//n:Image[@Name='RadarMapImage']]
[Info   :  SHCDE-SE] [T1-14:23:05.722] [XamlPatcher] [ApplyPatches] Applying patch: SetAttribute, xpath: [//n:Image[@Name='RadarMapImage']]
[Info   :  SHCDE-SE] [T1-14:23:05.722] [XamlPatcher] [ApplyPatches] Applying patch: Replace, xpath: [//n:DockPanel[@Visibility='{Binding RolloverBuilding_TooltipVis, Converter={StaticResource booleanToVisibilityConverter}}']//n:TextBlock[n:Run[@Text='{Binding RollOverText_AmountReq1}']]]
[Info   :  SHCDE-SE] [T1-14:23:05.723] [XamlPatcher] [ApplyPatches] Applying patch: InsertBefore, xpath: [//n:TextBlock[@Text='{Binding RolloverBuilding_TooltipBody}']]
[Info   :  SHCDE-SE] [T1-14:23:05.723] [XamlPatcher] [ApplyPatches] Applying patch: Replace, xpath: [//n:TextBlock[@x:Name='GameHoverText']]
[Info   :  SHCDE-SE] [T1-14:23:05.723] [XamlPatcher] [ApplyPatches] Applying patch: Add, xpath: [/n:UserControl/n:Grid]
[Info   :  SHCDE-SE] [T1-14:23:05.723] [XamlPatcher] [ApplyPatches] Applying patch: InsertBefore, xpath: [//n:TextBlock[@Text='{Binding RolloverBuilding_TooltipBody}']]
[Info   :  SHCDE-SE] [T1-14:23:05.724] [XamlPatcher] [ApplyPatches] Applying patch: Add, xpath: [//n:StackPanel[@Visibility='{Binding RolloverBuilding_TooltipVisNot, Converter={StaticResource booleanToVisibilityConverter}}']]
[Info   :  SHCDE-SE] [T1-14:23:05.724] [XamlPatcher] [ApplyPatches] Applying patch: Add, xpath: [/n:UserControl/n:Grid]
[Info   :  SHCDE-SE] [T1-14:23:05.753] [GameXAMLManagerAPI] [GetPatchesForPath] Found patch for [Assets/GUI/XAMLResources/HUD_Troops.xaml] in mod [APIShared_Serp]
[Info   :  SHCDE-SE] [T1-14:23:05.753] [GameXAMLManagerAPI] [GetPatchesForPath] Found patch for [Assets/GUI/XAMLResources/HUD_Troops.xaml] in mod [BugfixesAndQoL_Serp]
[Info   :  SHCDE-SE] [T1-14:23:05.754] [GameXAMLManagerAPI] [GetPatchesForPath] Found patch for [Assets/GUI/XAMLResources/HUD_Troops.xaml] in mod [ExtraFeatures_Serp]
[Info   :  SHCDE-SE] [T1-14:23:05.754] [GameXAMLManagerAPI] [GetPatchesForPath] Found patch for [Assets/GUI/XAMLResources/HUD_Troops.xaml] in mod [UnitCosts_Serp]
[Info   :  SHCDE-SE] [T1-14:23:05.754] [GameXAMLManagerAPI] [GetPatchesForPath] Found patch for [Assets/GUI/XAMLResources/HUD_Troops.xaml] in mod [UnitLimit_Serp]
[Info   :  SHCDE-SE] [T1-14:23:05.754] [GameXAMLManagerAPI] [ApplyPatchForPath] Applying 5 patch files to Assets/GUI/XAMLResources/HUD_Troops.xaml
[Info   :  SHCDE-SE] [T1-14:23:05.756] [XamlPatcher] [ApplyPatches] Applying patch: Add, xpath: [//n:Grid[@Name='TroopSelectionControls']]
[Info   :  SHCDE-SE] [T1-14:23:05.756] [XamlPatcher] [ApplyPatches] Applying patch: AddNamespace, xpath: []
[Info   :  SHCDE-SE] [T1-14:23:05.756] [XamlPatcher] [ApplyPatches] Applying patch: SetAttribute, xpath: [//n:Grid[@Name='TroopSelectionControls']//n:Button[@Command='{Binding LeftClickSelectedTroopCommand}']]
[Info   :  SHCDE-SE] [T1-14:23:05.756] [XamlPatcher] [ApplyPatches] Applying patch: InsertAfter, xpath: [//n:TextBlock[@x:Name='TroopsPanelRollover']]
[Info   :  SHCDE-SE] [T1-14:23:05.756] [XamlPatcher] [ApplyPatches] Applying patch: Add, xpath: [//n:Grid[@Name='UnitControls']]
[Info   :  SHCDE-SE] [T1-14:23:05.756] [XamlPatcher] [ApplyPatches] Applying patch: Add, xpath: [//n:Grid[@Name='UnitControls']]
[Info   :  SHCDE-SE] [T1-14:23:05.756] [XamlPatcher] [ApplyPatches] Applying patch: InsertAfter, xpath: [//n:TextBlock[@x:Name='TroopsPanelRollover2']/n:Run[@Text='{Binding TroopsPanelRollover}']]
[Info   :  SHCDE-SE] [T1-14:23:05.756] [XamlPatcher] [ApplyPatches] Applying patch: InsertAfter, xpath: [//n:TextBlock[@x:Name='TroopsPanelRollover']]
[Info   :  SHCDE-SE] [T1-14:23:05.757] [XamlPatcher] [ApplyPatches] Applying patch: InsertAfter, xpath: [//n:TextBlock[@x:Name='TroopsPanelRollover']]
[Info   :  SHCDE-SE] [T1-14:23:05.769] [GameXAMLManagerAPI] [GetPatchesForPath] Found patch for [Assets/GUI/XAMLResources/HUD_ControlGroups.xaml] in mod [BugfixesAndQoL_Serp]
[Info   :  SHCDE-SE] [T1-14:23:05.769] [GameXAMLManagerAPI] [ApplyPatchForPath] Applying 1 patch files to Assets/GUI/XAMLResources/HUD_ControlGroups.xaml
[Info   :  SHCDE-SE] [T1-14:23:05.774] [GameXAMLManagerAPI] [InjectBindings] ViewModel Linked [UnitLimitSiegeNotificationInlineHost] in [HUD_Troops]
[Info   :  SHCDE-SE] [T1-14:23:05.774] [GameXAMLManagerAPI] [ApplyBinding] ViewModel Linked [UnitLimitSiegeNotificationInlineHost]
[Info   :  SHCDE-SE] [T1-14:23:05.775] [GameXAMLManagerAPI] [InjectBindings] ViewModel Linked [UnitLimitSiegeLimitInlineHost] in [HUD_Troops]
[Info   :  SHCDE-SE] [T1-14:23:05.775] [GameXAMLManagerAPI] [ApplyBinding] ViewModel Linked [UnitLimitSiegeLimitInlineHost]
[Info   :  SHCDE-SE] [T1-14:23:05.775] [GameXAMLManagerAPI] [InjectBindings] ViewModel Linked [SerpTroopAction_0100_ExtraFeaturesKnightTransform] in [HUD_Troops]
[Info   :  SHCDE-SE] [T1-14:23:05.775] [GameXAMLManagerAPI] [ApplyBinding] ViewModel Linked [SerpTroopAction_0100_ExtraFeaturesKnightTransform]
[Info   :  SHCDE-SE] [T1-14:23:05.776] [GameXAMLManagerAPI] [InjectBindings] ViewModel Linked [SerpTroopAction_0200_BugfixesAndQoLAssassinClimb] in [HUD_Troops]
[Info   :  SHCDE-SE] [T1-14:23:05.776] [GameXAMLManagerAPI] [ApplyBinding] ViewModel Linked [SerpTroopAction_0200_BugfixesAndQoLAssassinClimb]
[Info   :  SHCDE-SE] [T1-14:23:05.776] [GameXAMLManagerAPI] [InjectBindings] ViewModel Linked [BugfixesAndQoLSelectedUnitHealthHost] in [HUD_Troops]
[Info   :  SHCDE-SE] [T1-14:23:05.776] [GameXAMLManagerAPI] [ApplyBinding] ViewModel Linked [BugfixesAndQoLSelectedUnitHealthHost]
[Info   :  SHCDE-SE] [T1-14:23:05.776] [GameXAMLManagerAPI] [InjectBindings] ViewModel Linked [UnitCostsSiegeNotificationInlineHost] in [HUD_Troops]
[Info   :  SHCDE-SE] [T1-14:23:05.776] [GameXAMLManagerAPI] [ApplyBinding] ViewModel Linked [UnitCostsSiegeNotificationInlineHost]
[Info   :  SHCDE-SE] [T1-14:23:05.776] [GameXAMLManagerAPI] [InjectBindings] ViewModel Linked [UnitCostsSiegeBuildCostsInlineHost] in [HUD_Troops]
[Info   :  SHCDE-SE] [T1-14:23:05.776] [GameXAMLManagerAPI] [ApplyBinding] ViewModel Linked [UnitCostsSiegeBuildCostsInlineHost]
[Info   :  SHCDE-SE] [T1-14:23:05.779] [GameXAMLManagerAPI] [GetPatchesForPath] Found patch for [Assets/GUI/XAMLResources/HUD_Buildings.xaml] in mod [APIShared_Serp]
[Info   :  SHCDE-SE] [T1-14:23:05.779] [GameXAMLManagerAPI] [GetPatchesForPath] Found patch for [Assets/GUI/XAMLResources/HUD_Buildings.xaml] in mod [BugfixesAndQoL_Serp]
[Info   :  SHCDE-SE] [T1-14:23:05.779] [GameXAMLManagerAPI] [GetPatchesForPath] Found patch for [Assets/GUI/XAMLResources/HUD_Buildings.xaml] in mod [ExtraFeatures_Serp]
[Info   :  SHCDE-SE] [T1-14:23:05.779] [GameXAMLManagerAPI] [GetPatchesForPath] Found patch for [Assets/GUI/XAMLResources/HUD_Buildings.xaml] in mod [UnitCosts_Serp]
[Info   :  SHCDE-SE] [T1-14:23:05.779] [GameXAMLManagerAPI] [GetPatchesForPath] Found patch for [Assets/GUI/XAMLResources/HUD_Buildings.xaml] in mod [UnitLimit_Serp]
[Info   :  SHCDE-SE] [T1-14:23:05.780] [GameXAMLManagerAPI] [ApplyPatchForPath] Applying 5 patch files to Assets/GUI/XAMLResources/HUD_Buildings.xaml
[Info   :  SHCDE-SE] [T1-14:23:05.784] [XamlPatcher] [ApplyPatches] Applying patch: Add, xpath: [//n:Grid[@Name='ReportsArmy1Panel']]
[Info   :  SHCDE-SE] [T1-14:23:05.784] [XamlPatcher] [ApplyPatches] Applying patch: Add, xpath: [//n:Grid[@Name='BarracksPanel']]
[Info   :  SHCDE-SE] [T1-14:23:05.785] [XamlPatcher] [ApplyPatches] Applying patch: Add, xpath: [//n:Grid[@Name='ChimpPanel']]
[Info   :  SHCDE-SE] [T1-14:23:05.785] [XamlPatcher] [ApplyPatches] Applying patch: Add, xpath: [//n:Grid[@Name='WorkerPanel']]
[Info   :  SHCDE-SE] [T1-14:23:05.785] [XamlPatcher] [ApplyPatches] Applying patch: Add, xpath: [//n:Grid[@Name='WorkerPanel']]
[Info   :  SHCDE-SE] [T1-14:23:05.785] [XamlPatcher] [ApplyPatches] Applying patch: SetAttribute, xpath: [//n:Slider[@Name='Autotrade_Sell_Slider']]
[Info   :  SHCDE-SE] [T1-14:23:05.786] [XamlPatcher] [ApplyPatches] Applying patch: Add, xpath: [//n:Grid[@Name='ShowGate']]
[Info   :  SHCDE-SE] [T1-14:23:05.786] [XamlPatcher] [ApplyPatches] Applying patch: Add, xpath: [/n:UserControl/n:Grid]
[Info   :  SHCDE-SE] [T1-14:23:05.786] [XamlPatcher] [ApplyPatches] Applying patch: InsertBefore, xpath: [//n:TextBlock[@x:Name='TroopCostsText']]
[Info   :  SHCDE-SE] [T1-14:23:05.786] [XamlPatcher] [ApplyPatches] Applying patch: InsertBefore, xpath: [//n:TextBlock[@x:Name='ArabTroopCostsText']]
[Info   :  SHCDE-SE] [T1-14:23:05.787] [XamlPatcher] [ApplyPatches] Applying patch: InsertBefore, xpath: [//n:TextBlock[@x:Name='BedouinTroopCostsText']]
[Info   :  SHCDE-SE] [T1-14:23:05.787] [XamlPatcher] [ApplyPatches] Applying patch: InsertBefore, xpath: [//n:TextBlock[@x:Name='EngineersCostsText']]
[Info   :  SHCDE-SE] [T1-14:23:05.788] [XamlPatcher] [ApplyPatches] Applying patch: InsertBefore, xpath: [//n:TextBlock[@x:Name='TunellersCostsText']]
[Info   :  SHCDE-SE] [T1-14:23:05.788] [XamlPatcher] [ApplyPatches] Applying patch: InsertBefore, xpath: [//n:TextBlock[@x:Name='MonkCostsText']]
[Info   :  SHCDE-SE] [T1-14:23:05.789] [XamlPatcher] [ApplyPatches] Applying patch: InsertBefore, xpath: [//n:TextBlock[@x:Name='TroopCostsText']]
[Info   :  SHCDE-SE] [T1-14:23:05.789] [XamlPatcher] [ApplyPatches] Applying patch: InsertBefore, xpath: [//n:TextBlock[@x:Name='ArabTroopCostsText']]
[Info   :  SHCDE-SE] [T1-14:23:05.790] [XamlPatcher] [ApplyPatches] Applying patch: InsertBefore, xpath: [//n:TextBlock[@x:Name='BedouinTroopCostsText']]
[Info   :  SHCDE-SE] [T1-14:23:05.790] [XamlPatcher] [ApplyPatches] Applying patch: InsertBefore, xpath: [//n:TextBlock[@x:Name='EngineersCostsText']]
[Info   :  SHCDE-SE] [T1-14:23:05.790] [XamlPatcher] [ApplyPatches] Applying patch: InsertBefore, xpath: [//n:TextBlock[@x:Name='TunellersCostsText']]
[Info   :  SHCDE-SE] [T1-14:23:05.791] [XamlPatcher] [ApplyPatches] Applying patch: InsertBefore, xpath: [//n:TextBlock[@x:Name='MonkCostsText']]
[Info   :  SHCDE-SE] [T1-14:23:05.821] [GameXAMLManagerAPI] [InjectBindings] ViewModel Linked [UnitLimitTroopLimitInlineHost] in [HUD_Buildings]
[Info   :  SHCDE-SE] [T1-14:23:05.821] [GameXAMLManagerAPI] [ApplyBinding] ViewModel Linked [UnitLimitTroopLimitInlineHost]
[Info   :  SHCDE-SE] [T1-14:23:05.821] [GameXAMLManagerAPI] [InjectBindings] ViewModel Linked [UnitLimitArabTroopLimitInlineHost] in [HUD_Buildings]
[Info   :  SHCDE-SE] [T1-14:23:05.821] [GameXAMLManagerAPI] [ApplyBinding] ViewModel Linked [UnitLimitArabTroopLimitInlineHost]
[Info   :  SHCDE-SE] [T1-14:23:05.821] [GameXAMLManagerAPI] [InjectBindings] ViewModel Linked [UnitLimitBedouinTroopLimitInlineHost] in [HUD_Buildings]
[Info   :  SHCDE-SE] [T1-14:23:05.821] [GameXAMLManagerAPI] [ApplyBinding] ViewModel Linked [UnitLimitBedouinTroopLimitInlineHost]
[Info   :  SHCDE-SE] [T1-14:23:05.821] [GameXAMLManagerAPI] [InjectBindings] ViewModel Linked [UnitLimitEngineersLimitInlineHost] in [HUD_Buildings]
[Info   :  SHCDE-SE] [T1-14:23:05.821] [GameXAMLManagerAPI] [ApplyBinding] ViewModel Linked [UnitLimitEngineersLimitInlineHost]
[Info   :  SHCDE-SE] [T1-14:23:05.821] [GameXAMLManagerAPI] [InjectBindings] ViewModel Linked [UnitLimitTunellersLimitInlineHost] in [HUD_Buildings]
[Info   :  SHCDE-SE] [T1-14:23:05.821] [GameXAMLManagerAPI] [ApplyBinding] ViewModel Linked [UnitLimitTunellersLimitInlineHost]
[Info   :  SHCDE-SE] [T1-14:23:05.821] [GameXAMLManagerAPI] [InjectBindings] ViewModel Linked [UnitLimitMonkLimitInlineHost] in [HUD_Buildings]
[Info   :  SHCDE-SE] [T1-14:23:05.821] [GameXAMLManagerAPI] [ApplyBinding] ViewModel Linked [UnitLimitMonkLimitInlineHost]
[Info   :  SHCDE-SE] [T1-14:23:05.821] [GameXAMLManagerAPI] [InjectBindings] ViewModel Linked [ExtraFeaturesGatehouseAutomationButtonHost] in [HUD_Buildings]
[Info   :  SHCDE-SE] [T1-14:23:05.821] [GameXAMLManagerAPI] [ApplyBinding] ViewModel Linked [ExtraFeaturesGatehouseAutomationButtonHost]
[Info   :  SHCDE-SE] [T1-14:23:05.821] [GameXAMLManagerAPI] [InjectBindings] ViewModel Linked [BugfixesAndQoLQuarryPileRelocationButtonHost] in [HUD_Buildings]
[Info   :  SHCDE-SE] [T1-14:23:05.821] [GameXAMLManagerAPI] [ApplyBinding] ViewModel Linked [BugfixesAndQoLQuarryPileRelocationButtonHost]
[Info   :  SHCDE-SE] [T1-14:23:05.821] [GameXAMLManagerAPI] [InjectBindings] ViewModel Linked [UnitCostsNotificationOverlay] in [HUD_Buildings]
[Info   :  SHCDE-SE] [T1-14:23:05.821] [GameXAMLManagerAPI] [ApplyBinding] ViewModel Linked [UnitCostsNotificationOverlay]
[Info   :  SHCDE-SE] [T1-14:23:05.821] [GameXAMLManagerAPI] [InjectBindings] ViewModel Linked [UnitCostsTroopCostsInlineHost] in [HUD_Buildings]
[Info   :  SHCDE-SE] [T1-14:23:05.821] [GameXAMLManagerAPI] [ApplyBinding] ViewModel Linked [UnitCostsTroopCostsInlineHost]
[Info   :  SHCDE-SE] [T1-14:23:05.821] [GameXAMLManagerAPI] [InjectBindings] ViewModel Linked [UnitCostsArabTroopCostsInlineHost] in [HUD_Buildings]
[Info   :  SHCDE-SE] [T1-14:23:05.821] [GameXAMLManagerAPI] [ApplyBinding] ViewModel Linked [UnitCostsArabTroopCostsInlineHost]
[Info   :  SHCDE-SE] [T1-14:23:05.821] [GameXAMLManagerAPI] [InjectBindings] ViewModel Linked [UnitCostsBedouinTroopCostsInlineHost] in [HUD_Buildings]
[Info   :  SHCDE-SE] [T1-14:23:05.821] [GameXAMLManagerAPI] [ApplyBinding] ViewModel Linked [UnitCostsBedouinTroopCostsInlineHost]
[Info   :  SHCDE-SE] [T1-14:23:05.821] [GameXAMLManagerAPI] [InjectBindings] ViewModel Linked [UnitCostsEngineersCostsInlineHost] in [HUD_Buildings]
[Info   :  SHCDE-SE] [T1-14:23:05.821] [GameXAMLManagerAPI] [ApplyBinding] ViewModel Linked [UnitCostsEngineersCostsInlineHost]
[Info   :  SHCDE-SE] [T1-14:23:05.821] [GameXAMLManagerAPI] [InjectBindings] ViewModel Linked [UnitCostsTunellersCostsInlineHost] in [HUD_Buildings]
[Info   :  SHCDE-SE] [T1-14:23:05.821] [GameXAMLManagerAPI] [ApplyBinding] ViewModel Linked [UnitCostsTunellersCostsInlineHost]
[Info   :  SHCDE-SE] [T1-14:23:05.821] [GameXAMLManagerAPI] [InjectBindings] ViewModel Linked [UnitCostsMonkCostsInlineHost] in [HUD_Buildings]
[Info   :  SHCDE-SE] [T1-14:23:05.821] [GameXAMLManagerAPI] [ApplyBinding] ViewModel Linked [UnitCostsMonkCostsInlineHost]
[Info   :  SHCDE-SE] [T1-14:23:05.825] [GameXAMLManagerAPI] [InjectBindings] ViewModel Linked [UnitLimitNotificationOverlay] in [MainHUD]
[Info   :  SHCDE-SE] [T1-14:23:05.825] [GameXAMLManagerAPI] [ApplyBinding] ViewModel Linked [UnitLimitNotificationOverlay]
[Info   :  SHCDE-SE] [T1-14:23:05.825] [GameXAMLManagerAPI] [InjectBindings] ViewModel Linked [BuildingCostsTooltipHost] in [MainHUD]
[Info   :  SHCDE-SE] [T1-14:23:05.825] [GameXAMLManagerAPI] [ApplyBinding] ViewModel Linked [BuildingCostsTooltipHost]
[Info   :  SHCDE-SE] [T1-14:23:05.826] [GameXAMLManagerAPI] [InjectBindings] ViewModel Linked [BuildingCostsTooltipHostCompact] in [MainHUD]
[Info   :  SHCDE-SE] [T1-14:23:05.826] [GameXAMLManagerAPI] [ApplyBinding] ViewModel Linked [BuildingCostsTooltipHostCompact]
[Info   :  SHCDE-SE] [T1-14:23:05.826] [GameXAMLManagerAPI] [InjectBindings] ViewModel Linked [BuildingLimitNotificationOverlay] in [MainHUD]
[Info   :  SHCDE-SE] [T1-14:23:05.826] [GameXAMLManagerAPI] [ApplyBinding] ViewModel Linked [BuildingLimitNotificationOverlay]
[Info   :  SHCDE-SE] [T1-14:23:05.826] [GameXAMLManagerAPI] [InjectBindings] ViewModel Linked [BuildingLimitTooltipHost] in [MainHUD]
[Info   :  SHCDE-SE] [T1-14:23:05.826] [GameXAMLManagerAPI] [ApplyBinding] ViewModel Linked [BuildingLimitTooltipHost]
[Info   :  SHCDE-SE] [T1-14:23:05.827] [GameXAMLManagerAPI] [InjectBindings] ViewModel Linked [BuildingLimitTooltipHostCompact] in [MainHUD]
[Info   :  SHCDE-SE] [T1-14:23:05.827] [GameXAMLManagerAPI] [ApplyBinding] ViewModel Linked [BuildingLimitTooltipHostCompact]
[Info   :  SHCDE-SE] [T1-14:23:05.854] [GameXAMLManagerAPI] [GetPatchesForPath] Found patch for [Assets/GUI/XAMLResources/HUD_LoadSaveRequester.xaml] in mod [BugfixesAndQoL_Serp]
[Info   :  SHCDE-SE] [T1-14:23:05.854] [GameXAMLManagerAPI] [GetPatchesForPath] Found patch for [Assets/GUI/XAMLResources/HUD_LoadSaveRequester.xaml] in mod [ExtendedData_Serp]
[Info   :  SHCDE-SE] [T1-14:23:05.855] [GameXAMLManagerAPI] [ApplyPatchForPath] Applying 2 patch files to Assets/GUI/XAMLResources/HUD_LoadSaveRequester.xaml
[Info   :  SHCDE-SE] [T1-14:23:05.855] [XamlPatcher] [ApplyPatches] Applying patch: AddNamespace, xpath: []
[Info   :  SHCDE-SE] [T1-14:23:05.855] [XamlPatcher] [ApplyPatches] Applying patch: InsertAfter, xpath: [//n:ListView[@Name='FileList']/n:ListView.View/n:GridView/n:GridViewColumn[4]]
[Info   :  SHCDE-SE] [T1-14:23:05.855] [XamlPatcher] [ApplyPatches] Applying patch: InsertBefore, xpath: [//n:CheckBox[@x:Name='HideQuicksaveCheck']]
[Info   :  SHCDE-SE] [T1-14:23:05.855] [XamlPatcher] [ApplyPatches] Applying patch: InsertBefore, xpath: [//n:TextBox[@Name='SearchFilter']]
[Info   :  SHCDE-SE] [T1-14:23:05.855] [XamlPatcher] [ApplyPatches] Applying patch: Add, xpath: [//n:Grid[n:Button[@Name='ButtonAction'] and n:Button[@Name='ButtonCancel']]]
[Info   :  SHCDE-SE] [T1-14:23:05.857] [GameXAMLManagerAPI] [InjectBindings] ViewModel Linked [BugfixesAndQoLShowVanillaMapsHost] in [HUD_LoadSaveRequester]
[Info   :  SHCDE-SE] [T1-14:23:05.857] [GameXAMLManagerAPI] [ApplyBinding] ViewModel Linked [BugfixesAndQoLShowVanillaMapsHost]
[Info   :  SHCDE-SE] [T1-14:23:05.857] [GameXAMLManagerAPI] [InjectBindings] ViewModel Linked [BugfixesAndQoLDeleteMapHost] in [HUD_LoadSaveRequester]
[Info   :  SHCDE-SE] [T1-14:23:05.857] [GameXAMLManagerAPI] [ApplyBinding] ViewModel Linked [BugfixesAndQoLDeleteMapHost]
[Info   :  SHCDE-SE] [T1-14:23:05.857] [GameXAMLManagerAPI] [InjectBindings] ViewModel Linked [ExtendedDataMapEditorSaveOptionsHost] in [HUD_LoadSaveRequester]
[Info   :  SHCDE-SE] [T1-14:23:05.857] [GameXAMLManagerAPI] [ApplyBinding] ViewModel Linked [ExtendedDataMapEditorSaveOptionsHost]
[Info   :  SHCDE-SE] [T1-14:23:05.858] [GameXAMLManagerAPI] [GetPatchesForPath] Found patch for [Assets/GUI/XAMLResources/HUD_IngameMenu.xaml] in mod [BugfixesAndQoL_Serp]
[Info   :  SHCDE-SE] [T1-14:23:05.858] [GameXAMLManagerAPI] [ApplyPatchForPath] Applying 1 patch files to Assets/GUI/XAMLResources/HUD_IngameMenu.xaml
[Info   :  SHCDE-SE] [T1-14:23:05.858] [XamlPatcher] [ApplyPatches] Applying patch: Replace, xpath: [//n:Button[@Name='ButtonQuitMission']]
[Info   :  SHCDE-SE] [T1-14:23:05.859] [GameXAMLManagerAPI] [InjectBindings] ViewModel Linked [BugfixesAndQoLSurrenderButtonHost] in [HUD_IngameMenu]
[Info   :  SHCDE-SE] [T1-14:23:05.859] [GameXAMLManagerAPI] [ApplyBinding] ViewModel Linked [BugfixesAndQoLSurrenderButtonHost]
[Info   :  SHCDE-SE] [T1-14:23:05.860] [GameXAMLManagerAPI] [GetPatchesForPath] Found patch for [Assets/GUI/XAMLResources/HUD_Options.xaml] in mod [000shcdese]
[Info   :  SHCDE-SE] [T1-14:23:05.860] [GameXAMLManagerAPI] [ApplyPatchForPath] Applying 1 patch files to Assets/GUI/XAMLResources/HUD_Options.xaml
[Info   :  SHCDE-SE] [T1-14:23:05.861] [XamlPatcher] [ApplyPatches] Applying patch: SetAttribute, xpath: [//*[@Name='GameSpeedSlider']]
[Info   :  SHCDE-SE] [T1-14:23:05.885] [GameXAMLManagerAPI] [GetPatchesForPath] Found patch for [Assets/GUI/XAMLResources/HUD_AlliesPanel.xaml] in mod [BugfixesAndQoL_Serp]
[Info   :  SHCDE-SE] [T1-14:23:05.886] [GameXAMLManagerAPI] [ApplyPatchForPath] Applying 1 patch files to Assets/GUI/XAMLResources/HUD_AlliesPanel.xaml
[Info   :  SHCDE-SE] [T1-14:23:05.886] [XamlPatcher] [ApplyPatches] Applying patch: SetAttribute, xpath: [//n:Button[@CommandParameter='X5']/following-sibling::n:TextBlock[1]]
[Info   :  SHCDE-SE] [T1-14:23:05.887] [XamlPatcher] [ApplyPatches] Applying patch: SetAttribute, xpath: [//n:Button[@CommandParameter='X5']/following-sibling::n:TextBlock[1]]
[Info   :  SHCDE-SE] [T1-14:23:05.887] [XamlPatcher] [ApplyPatches] Applying patch: SetAttribute, xpath: [//n:Button[@CommandParameter='X10']/following-sibling::n:TextBlock[1]]
[Info   :  SHCDE-SE] [T1-14:23:05.887] [XamlPatcher] [ApplyPatches] Applying patch: SetAttribute, xpath: [//n:Button[@CommandParameter='X10']/following-sibling::n:TextBlock[1]]
[Info   :  SHCDE-SE] [T1-14:23:05.887] [XamlPatcher] [ApplyPatches] Applying patch: SetAttribute, xpath: [//n:Button[@CommandParameter='X25']/following-sibling::n:TextBlock[1]]
[Info   :  SHCDE-SE] [T1-14:23:05.887] [XamlPatcher] [ApplyPatches] Applying patch: SetAttribute, xpath: [//n:Button[@CommandParameter='X25']/following-sibling::n:TextBlock[1]]
[Info   :  SHCDE-SE] [T1-14:23:05.888] [XamlPatcher] [ApplyPatches] Applying patch: SetAttribute, xpath: [//n:Button[@CommandParameter='X100']/following-sibling::n:TextBlock[1]]
[Info   :  SHCDE-SE] [T1-14:23:05.888] [XamlPatcher] [ApplyPatches] Applying patch: SetAttribute, xpath: [//n:Button[@CommandParameter='X100']/following-sibling::n:TextBlock[1]]
[Info   :  SHCDE-SE] [T1-14:23:05.888] [XamlPatcher] [ApplyPatches] Applying patch: SetAttribute, xpath: [//n:Button[@CommandParameter='X500']/following-sibling::n:TextBlock[1]]
[Info   :  SHCDE-SE] [T1-14:23:05.888] [XamlPatcher] [ApplyPatches] Applying patch: SetAttribute, xpath: [//n:Button[@CommandParameter='X500']/following-sibling::n:TextBlock[1]]
[Info   :  SHCDE-SE] [T1-14:23:05.888] [XamlPatcher] [ApplyPatches] Applying patch: InsertAfter, xpath: [//n:Button[@CommandParameter='X500']/following-sibling::n:TextBlock[1]]
[Info   :  SHCDE-SE] [T1-14:23:05.892] [GameXAMLManagerAPI] [InjectBindings] ViewModel Linked [BugfixesAndQoLAllyAmount5] in [HUD_AlliesPanel]
[Info   :  SHCDE-SE] [T1-14:23:05.892] [GameXAMLManagerAPI] [ApplyBinding] ViewModel Linked [BugfixesAndQoLAllyAmount5]
[Info   :  SHCDE-SE] [T1-14:23:05.892] [GameXAMLManagerAPI] [InjectBindings] ViewModel Linked [BugfixesAndQoLAllyAmount10] in [HUD_AlliesPanel]
[Info   :  SHCDE-SE] [T1-14:23:05.892] [GameXAMLManagerAPI] [ApplyBinding] ViewModel Linked [BugfixesAndQoLAllyAmount10]
[Info   :  SHCDE-SE] [T1-14:23:05.892] [GameXAMLManagerAPI] [InjectBindings] ViewModel Linked [BugfixesAndQoLAllyAmount25] in [HUD_AlliesPanel]
[Info   :  SHCDE-SE] [T1-14:23:05.892] [GameXAMLManagerAPI] [ApplyBinding] ViewModel Linked [BugfixesAndQoLAllyAmount25]
[Info   :  SHCDE-SE] [T1-14:23:05.892] [GameXAMLManagerAPI] [InjectBindings] ViewModel Linked [BugfixesAndQoLAllyAmount100] in [HUD_AlliesPanel]
[Info   :  SHCDE-SE] [T1-14:23:05.892] [GameXAMLManagerAPI] [ApplyBinding] ViewModel Linked [BugfixesAndQoLAllyAmount100]
[Info   :  SHCDE-SE] [T1-14:23:05.892] [GameXAMLManagerAPI] [InjectBindings] ViewModel Linked [BugfixesAndQoLAllyAmount500] in [HUD_AlliesPanel]
[Info   :  SHCDE-SE] [T1-14:23:05.892] [GameXAMLManagerAPI] [ApplyBinding] ViewModel Linked [BugfixesAndQoLAllyAmount500]
[Info   :  SHCDE-SE] [T1-14:23:05.902] [GameXAMLManagerAPI] [GetPatchesForPath] Found patch for [Assets/GUI/XAMLResources/HUD_ExtremePowers.xaml] in mod [ExtremePowers_Serp]
[Info   :  SHCDE-SE] [T1-14:23:05.902] [GameXAMLManagerAPI] [ApplyPatchForPath] Applying 1 patch files to Assets/GUI/XAMLResources/HUD_ExtremePowers.xaml
[Info   :  SHCDE-SE] [T1-14:23:05.902] [XamlPatcher] [ApplyPatches] Applying patch: SetAttribute, xpath: [//n:Button[@CommandParameter='0']]
[Info   :  SHCDE-SE] [T1-14:23:05.902] [XamlPatcher] [ApplyPatches] Applying patch: SetAttribute, xpath: [//n:Button[@CommandParameter='1']]
[Info   :  SHCDE-SE] [T1-14:23:05.902] [XamlPatcher] [ApplyPatches] Applying patch: SetAttribute, xpath: [//n:Button[@CommandParameter='2']]
[Info   :  SHCDE-SE] [T1-14:23:05.902] [XamlPatcher] [ApplyPatches] Applying patch: SetAttribute, xpath: [//n:Button[@CommandParameter='3']]
[Info   :  SHCDE-SE] [T1-14:23:05.902] [XamlPatcher] [ApplyPatches] Applying patch: SetAttribute, xpath: [//n:Button[@CommandParameter='4']]
[Info   :  SHCDE-SE] [T1-14:23:05.902] [XamlPatcher] [ApplyPatches] Applying patch: SetAttribute, xpath: [//n:Button[@CommandParameter='5']]
[Info   :  SHCDE-SE] [T1-14:23:05.902] [XamlPatcher] [ApplyPatches] Applying patch: SetAttribute, xpath: [//n:Button[@CommandParameter='6']]
[Info   :  SHCDE-SE] [T1-14:23:05.902] [XamlPatcher] [ApplyPatches] Applying patch: SetAttribute, xpath: [//n:Button[@CommandParameter='7']]
[Debug  :Extreme Powers] [2026-09-24 14:23:05.905] Extreme Powers Vanilla fallback: current game mode does not allow regular gameplay mods
[Info   :  SHCDE-SE] [T1-14:23:05.908] [GameXAMLManagerAPI] [GetPatchesForPath] Found patch for [Assets/GUI/XAMLResources/HUD_MPResync.xaml] in mod [BugfixesAndQoL_Serp]
[Info   :  SHCDE-SE] [T1-14:23:05.908] [GameXAMLManagerAPI] [ApplyPatchForPath] Applying 1 patch files to Assets/GUI/XAMLResources/HUD_MPResync.xaml
[Info   :  SHCDE-SE] [T1-14:23:05.908] [XamlPatcher] [ApplyPatches] Applying patch: Replace, xpath: [//n:Grid[@x:Name='LayoutRoot']]
[Info   :  SHCDE-SE] [T1-14:23:05.921] [GameXAMLManagerAPI] [GetPatchesForPath] Found patch for [Assets/GUI/XAMLResources/HUD_ConfirmationPopup.xaml] in mod [ExtendedData_Serp]
[Info   :  SHCDE-SE] [T1-14:23:05.921] [GameXAMLManagerAPI] [ApplyPatchForPath] Applying 1 patch files to Assets/GUI/XAMLResources/HUD_ConfirmationPopup.xaml
[Info   :  SHCDE-SE] [T1-14:23:05.921] [XamlPatcher] [ApplyPatches] Applying patch: Replace, xpath: [//n:TextBlock[@Text='{Binding ConfirmationMessage}']]
[Info   :  SHCDE-SE] [T1-14:23:05.923] [GameXAMLManagerAPI] [GetPatchesForPath] Found patch for [Assets/GUI/XAMLResources/HUD_MissionOver.xaml] in mod [BugfixesAndQoL_Serp]
[Info   :  SHCDE-SE] [T1-14:23:05.923] [GameXAMLManagerAPI] [ApplyPatchForPath] Applying 1 patch files to Assets/GUI/XAMLResources/HUD_MissionOver.xaml
[Info   :  SHCDE-SE] [T1-14:23:05.926] [XamlPatcher] [ApplyPatches] Applying patch: Add, xpath: [//n:StackPanel[@Name='RowStackMP']/n:Grid[n:Button[@CommandParameter='Exit']]]
[Info   :  SHCDE-SE] [T1-14:23:05.926] [XamlPatcher] [ApplyPatches] Applying patch: Add, xpath: [//n:Grid[n:Grid.ColumnDefinitions/n:ColumnDefinition[2][@Width='470'] and n:Image[@Source='{Binding MO_MP_PlayersShields0}']]]
[Info   :  SHCDE-SE] [T1-14:23:05.927] [XamlPatcher] [ApplyPatches] Applying patch: Add, xpath: [//n:Grid[n:Grid.ColumnDefinitions/n:ColumnDefinition[2][@Width='510'] and n:Image[@Source='{Binding MO_MP_PlayersShields0}']]]
[Info   :  SHCDE-SE] [T1-14:23:05.927] [XamlPatcher] [ApplyPatches] Applying patch: Add, xpath: [//n:Grid[n:Grid.ColumnDefinitions/n:ColumnDefinition[2][@Width='470'] and n:Image[@Source='{Binding MO_MP_PlayersShields1}']]]
[Info   :  SHCDE-SE] [T1-14:23:05.927] [XamlPatcher] [ApplyPatches] Applying patch: Add, xpath: [//n:Grid[n:Grid.ColumnDefinitions/n:ColumnDefinition[2][@Width='510'] and n:Image[@Source='{Binding MO_MP_PlayersShields1}']]]
[Info   :  SHCDE-SE] [T1-14:23:05.931] [XamlPatcher] [ApplyPatches] Applying patch: Add, xpath: [//n:Grid[n:Grid.ColumnDefinitions/n:ColumnDefinition[2][@Width='470'] and n:Image[@Source='{Binding MO_MP_PlayersShields2}']]]
[Info   :  SHCDE-SE] [T1-14:23:05.931] [XamlPatcher] [ApplyPatches] Applying patch: Add, xpath: [//n:Grid[n:Grid.ColumnDefinitions/n:ColumnDefinition[2][@Width='510'] and n:Image[@Source='{Binding MO_MP_PlayersShields2}']]]
[Info   :  SHCDE-SE] [T1-14:23:05.932] [XamlPatcher] [ApplyPatches] Applying patch: Add, xpath: [//n:Grid[n:Grid.ColumnDefinitions/n:ColumnDefinition[2][@Width='470'] and n:Image[@Source='{Binding MO_MP_PlayersShields3}']]]
[Info   :  SHCDE-SE] [T1-14:23:05.932] [XamlPatcher] [ApplyPatches] Applying patch: Add, xpath: [//n:Grid[n:Grid.ColumnDefinitions/n:ColumnDefinition[2][@Width='510'] and n:Image[@Source='{Binding MO_MP_PlayersShields3}']]]
[Info   :  SHCDE-SE] [T1-14:23:05.932] [XamlPatcher] [ApplyPatches] Applying patch: Add, xpath: [//n:Grid[n:Grid.ColumnDefinitions/n:ColumnDefinition[2][@Width='470'] and n:Image[@Source='{Binding MO_MP_PlayersShields4}']]]
[Info   :  SHCDE-SE] [T1-14:23:05.932] [XamlPatcher] [ApplyPatches] Applying patch: Add, xpath: [//n:Grid[n:Grid.ColumnDefinitions/n:ColumnDefinition[2][@Width='510'] and n:Image[@Source='{Binding MO_MP_PlayersShields4}']]]
[Info   :  SHCDE-SE] [T1-14:23:05.934] [XamlPatcher] [ApplyPatches] Applying patch: Add, xpath: [//n:Grid[n:Grid.ColumnDefinitions/n:ColumnDefinition[2][@Width='470'] and n:Image[@Source='{Binding MO_MP_PlayersShields5}']]]
[Info   :  SHCDE-SE] [T1-14:23:05.934] [XamlPatcher] [ApplyPatches] Applying patch: Add, xpath: [//n:Grid[n:Grid.ColumnDefinitions/n:ColumnDefinition[2][@Width='510'] and n:Image[@Source='{Binding MO_MP_PlayersShields5}']]]
[Info   :  SHCDE-SE] [T1-14:23:05.935] [XamlPatcher] [ApplyPatches] Applying patch: Add, xpath: [//n:Grid[n:Grid.ColumnDefinitions/n:ColumnDefinition[2][@Width='470'] and n:Image[@Source='{Binding MO_MP_PlayersShields6}']]]
[Info   :  SHCDE-SE] [T1-14:23:05.935] [XamlPatcher] [ApplyPatches] Applying patch: Add, xpath: [//n:Grid[n:Grid.ColumnDefinitions/n:ColumnDefinition[2][@Width='510'] and n:Image[@Source='{Binding MO_MP_PlayersShields6}']]]
[Info   :  SHCDE-SE] [T1-14:23:05.936] [XamlPatcher] [ApplyPatches] Applying patch: Add, xpath: [//n:Grid[n:Grid.ColumnDefinitions/n:ColumnDefinition[2][@Width='470'] and n:Image[@Source='{Binding MO_MP_PlayersShields7}']]]
[Info   :  SHCDE-SE] [T1-14:23:05.936] [XamlPatcher] [ApplyPatches] Applying patch: Add, xpath: [//n:Grid[n:Grid.ColumnDefinitions/n:ColumnDefinition[2][@Width='510'] and n:Image[@Source='{Binding MO_MP_PlayersShields7}']]]
[Info   :  SHCDE-SE] [T1-14:23:05.955] [GameXAMLManagerAPI] [InjectBindings] ViewModel Linked [BugfixesAndQoLSpectatorStatisticsRefreshHost] in [HUD_MissionOver]
[Info   :  SHCDE-SE] [T1-14:23:05.955] [GameXAMLManagerAPI] [ApplyBinding] ViewModel Linked [BugfixesAndQoLSpectatorStatisticsRefreshHost]
[Info   :  SHCDE-SE] [T1-14:23:05.960] [GameXAMLManagerAPI] [InjectBindings] ViewModel Linked [CastlePlannerBlueprintHud] in [IngameUIScreens]
[Info   :  SHCDE-SE] [T1-14:23:05.960] [GameXAMLManagerAPI] [ApplyBinding] ViewModel Linked [CastlePlannerBlueprintHud]
[Info   :  SHCDE-SE] [T1-14:23:05.962] [GameXAMLManagerAPI] [InjectBindings] ViewModel Linked [CastlePlannerBlueprintSettingsButton] in [IngameUIScreens]
[Info   :  SHCDE-SE] [T1-14:23:05.962] [GameXAMLManagerAPI] [ApplyBinding] ViewModel Linked [CastlePlannerBlueprintSettingsButton]
[Info   :  SHCDE-SE] [T1-14:23:05.992] [NoesisTextureProvider_Hooks] [NoesisTextureProvider_GetTextureInfo] Registering Mod Texture: Assets/GUI/Sprites/selogo_1.png
[Info   :  SHCDE-SE] [T1-14:23:06.001] [NoesisTextureProvider_Hooks] [NoesisTextureProvider_GetTextureInfo] Registering Mod Texture: Assets/GUI/Sprites/selogo_2.png
[Info   :  SHCDE-SE] [T1-14:23:06.007] [NoesisTextureProvider_Hooks] [NoesisTextureProvider_GetTextureInfo] Registering Mod Texture: Assets/GUI/Sprites/selogo_3.png
[Info   :FixesAIEvents] [T1-14:23:06.436] [FixesAIEvents] [OnProcessCustomLord] Processing custom AI lord: Abbot
[Info   :  SHCDE-SE] [T1-14:23:06.436] [GameAIManagerAPI] [.ctor] Loading AIC Array
[Info   :FixesAIEvents] [T1-14:23:06.440] [FixesAIEvents] [OnProcessCustomLord] Processing custom AI lord: Abbot
[Info   :FixesAIEvents] [T1-14:23:06.441] [FixesAIEvents] [OnProcessCustomLord] Processing custom AI lord: Abbot
[Info   :FixesAIEvents] [T1-14:23:06.442] [FixesAIEvents] [OnProcessCustomLord] Processing custom AI lord: Abbot
[Info   :FixesAIEvents] [T1-14:23:06.444] [FixesAIEvents] [OnProcessCustomLord] Processing custom AI lord: Abbot
[Info   :FixesAIEvents] [T1-14:23:06.445] [FixesAIEvents] [OnProcessCustomLord] Processing custom AI lord: Abbot
[Info   :FixesAIEvents] [T1-14:23:06.445] [FixesAIEvents] [OnProcessCustomLord] Processing custom AI lord: Baldwin
[Info   :FixesAIEvents] [T1-14:23:06.449] [FixesAIEvents] [OnProcessCustomLord] Processing custom AI lord: Baldwin
[Info   :FixesAIEvents] [T1-14:23:06.450] [FixesAIEvents] [OnProcessCustomLord] Processing custom AI lord: Baldwin
[Info   :FixesAIEvents] [T1-14:23:06.452] [FixesAIEvents] [OnProcessCustomLord] Processing custom AI lord: Baldwin
[Info   :FixesAIEvents] [T1-14:23:06.452] [FixesAIEvents] [OnProcessCustomLord] Processing custom AI lord: Baldwin
[Info   :FixesAIEvents] [T1-14:23:06.454] [FixesAIEvents] [OnProcessCustomLord] Processing custom AI lord: Bullseye
[Info   :FixesAIEvents] [T1-14:23:06.455] [FixesAIEvents] [OnProcessCustomLord] Processing custom AI lord: Bullseye
[Info   :FixesAIEvents] [T1-14:23:06.456] [FixesAIEvents] [OnProcessCustomLord] Processing custom AI lord: Bullseye
[Info   :FixesAIEvents] [T1-14:23:06.457] [FixesAIEvents] [OnProcessCustomLord] Processing custom AI lord: Bullseye
[Info   :FixesAIEvents] [T1-14:23:06.458] [FixesAIEvents] [OnProcessCustomLord] Processing custom AI lord: Bullseye
[Info   :FixesAIEvents] [T1-14:23:06.462] [FixesAIEvents] [OnProcessCustomLord] Processing custom AI lord: Caliph
[Info   :FixesAIEvents] [T1-14:23:06.462] [FixesAIEvents] [OnProcessCustomLord] Processing custom AI lord: Caliph
[Info   :FixesAIEvents] [T1-14:23:06.464] [FixesAIEvents] [OnProcessCustomLord] Processing custom AI lord: Caliph
[Info   :FixesAIEvents] [T1-14:23:06.465] [FixesAIEvents] [OnProcessCustomLord] Processing custom AI lord: Caliph
[Info   :FixesAIEvents] [T1-14:23:06.466] [FixesAIEvents] [OnProcessCustomLord] Processing custom AI lord: Caliph
[Info   :FixesAIEvents] [T1-14:23:06.466] [FixesAIEvents] [OnProcessCustomLord] Processing custom AI lord: Caliph
[Info   :FixesAIEvents] [T1-14:23:06.466] [FixesAIEvents] [OnProcessCustomLord] Processing custom AI lord: Canary
[Info   :FixesAIEvents] [T1-14:23:06.467] [FixesAIEvents] [OnProcessCustomLord] Processing custom AI lord: Canary
[Info   :FixesAIEvents] [T1-14:23:06.467] [FixesAIEvents] [OnProcessCustomLord] Processing custom AI lord: Canary
[Info   :FixesAIEvents] [T1-14:23:06.468] [FixesAIEvents] [OnProcessCustomLord] Processing custom AI lord: Canary
[Info   :FixesAIEvents] [T1-14:23:06.469] [FixesAIEvents] [OnProcessCustomLord] Processing custom AI lord: Canary
[Info   :FixesAIEvents] [T1-14:23:06.469] [FixesAIEvents] [OnProcessCustomLord] Processing custom AI lord: Crocodile
[Info   :FixesAIEvents] [T1-14:23:06.470] [FixesAIEvents] [OnProcessCustomLord] Processing custom AI lord: Crocodile
[Info   :FixesAIEvents] [T1-14:23:06.470] [FixesAIEvents] [OnProcessCustomLord] Processing custom AI lord: Crocodile
[Info   :FixesAIEvents] [T1-14:23:06.471] [FixesAIEvents] [OnProcessCustomLord] Processing custom AI lord: Crocodile
[Info   :FixesAIEvents] [T1-14:23:06.472] [FixesAIEvents] [OnProcessCustomLord] Processing custom AI lord: Crocodile
[Info   :FixesAIEvents] [T1-14:23:06.472] [FixesAIEvents] [OnProcessCustomLord] Processing custom AI lord: Emir
[Info   :FixesAIEvents] [T1-14:23:06.474] [FixesAIEvents] [OnProcessCustomLord] Processing custom AI lord: Emir
[Info   :FixesAIEvents] [T1-14:23:06.475] [FixesAIEvents] [OnProcessCustomLord] Processing custom AI lord: Emir
[Info   :FixesAIEvents] [T1-14:23:06.476] [FixesAIEvents] [OnProcessCustomLord] Processing custom AI lord: Emir
[Info   :FixesAIEvents] [T1-14:23:06.477] [FixesAIEvents] [OnProcessCustomLord] Processing custom AI lord: Emir
[Info   :FixesAIEvents] [T1-14:23:06.478] [FixesAIEvents] [OnProcessCustomLord] Processing custom AI lord: Frederick
[Info   :FixesAIEvents] [T1-14:23:06.478] [FixesAIEvents] [OnProcessCustomLord] Processing custom AI lord: Frederick
[Info   :FixesAIEvents] [T1-14:23:06.479] [FixesAIEvents] [OnProcessCustomLord] Processing custom AI lord: Frederick
[Info   :FixesAIEvents] [T1-14:23:06.480] [FixesAIEvents] [OnProcessCustomLord] Processing custom AI lord: Frederick
[Info   :FixesAIEvents] [T1-14:23:06.481] [FixesAIEvents] [OnProcessCustomLord] Processing custom AI lord: Frederick
[Info   :FixesAIEvents] [T1-14:23:06.482] [FixesAIEvents] [OnProcessCustomLord] Processing custom AI lord: Frederick
[Info   :FixesAIEvents] [T1-14:23:06.483] [FixesAIEvents] [OnProcessCustomLord] Processing custom AI lord: Jewel
[Info   :FixesAIEvents] [T1-14:23:06.483] [FixesAIEvents] [OnProcessCustomLord] Processing custom AI lord: Jewel
[Info   :FixesAIEvents] [T1-14:23:06.484] [FixesAIEvents] [OnProcessCustomLord] Processing custom AI lord: Jewel
[Info   :FixesAIEvents] [T1-14:23:06.484] [FixesAIEvents] [OnProcessCustomLord] Processing custom AI lord: Jewel
[Info   :FixesAIEvents] [T1-14:23:06.485] [FixesAIEvents] [OnProcessCustomLord] Processing custom AI lord: Jewel
[Info   :FixesAIEvents] [T1-14:23:06.485] [FixesAIEvents] [OnProcessCustomLord] Processing custom AI lord: Kahinah
[Info   :FixesAIEvents] [T1-14:23:06.485] [FixesAIEvents] [OnProcessCustomLord] Processing custom AI lord: Kahinah
[Info   :FixesAIEvents] [T1-14:23:06.485] [FixesAIEvents] [OnProcessCustomLord] Processing custom AI lord: Kahinah
[Info   :FixesAIEvents] [T1-14:23:06.486] [FixesAIEvents] [OnProcessCustomLord] Processing custom AI lord: Kahinah
[Info   :FixesAIEvents] [T1-14:23:06.487] [FixesAIEvents] [OnProcessCustomLord] Processing custom AI lord: Kahinah
[Info   :FixesAIEvents] [T1-14:23:06.488] [FixesAIEvents] [OnProcessCustomLord] Processing custom AI lord: Kahinah
[Info   :FixesAIEvents] [T1-14:23:06.488] [FixesAIEvents] [OnProcessCustomLord] Processing custom AI lord: Kahinah
[Info   :FixesAIEvents] [T1-14:23:06.489] [FixesAIEvents] [OnProcessCustomLord] Processing custom AI lord: Kahinah
[Info   :FixesAIEvents] [T1-14:23:06.490] [FixesAIEvents] [OnProcessCustomLord] Processing custom AI lord: Kahinah
[Info   :FixesAIEvents] [T1-14:23:06.491] [FixesAIEvents] [OnProcessCustomLord] Processing custom AI lord: Kahinah
[Info   :FixesAIEvents] [T1-14:23:06.491] [FixesAIEvents] [OnProcessCustomLord] Processing custom AI lord: Lioness
[Info   :FixesAIEvents] [T1-14:23:06.492] [FixesAIEvents] [OnProcessCustomLord] Processing custom AI lord: Lioness
[Info   :FixesAIEvents] [T1-14:23:06.492] [FixesAIEvents] [OnProcessCustomLord] Processing custom AI lord: Lioness
[Info   :FixesAIEvents] [T1-14:23:06.494] [FixesAIEvents] [OnProcessCustomLord] Processing custom AI lord: Lioness
[Info   :FixesAIEvents] [T1-14:23:06.494] [FixesAIEvents] [OnProcessCustomLord] Processing custom AI lord: Lioness
[Info   :FixesAIEvents] [T1-14:23:06.495] [FixesAIEvents] [OnProcessCustomLord] Processing custom AI lord: Marshal
[Info   :FixesAIEvents] [T1-14:23:06.495] [FixesAIEvents] [OnProcessCustomLord] Processing custom AI lord: Marshal
[Info   :FixesAIEvents] [T1-14:23:06.496] [FixesAIEvents] [OnProcessCustomLord] Processing custom AI lord: Marshal
[Info   :FixesAIEvents] [T1-14:23:06.496] [FixesAIEvents] [OnProcessCustomLord] Processing custom AI lord: Marshal
[Info   :FixesAIEvents] [T1-14:23:06.497] [FixesAIEvents] [OnProcessCustomLord] Processing custom AI lord: Marshal
[Info   :FixesAIEvents] [T1-14:23:06.497] [FixesAIEvents] [OnProcessCustomLord] Processing custom AI lord: Nizar
[Info   :FixesAIEvents] [T1-14:23:06.498] [FixesAIEvents] [OnProcessCustomLord] Processing custom AI lord: Nizar
[Info   :FixesAIEvents] [T1-14:23:06.499] [FixesAIEvents] [OnProcessCustomLord] Processing custom AI lord: Nizar
[Info   :FixesAIEvents] [T1-14:23:06.500] [FixesAIEvents] [OnProcessCustomLord] Processing custom AI lord: Nizar
[Info   :FixesAIEvents] [T1-14:23:06.501] [FixesAIEvents] [OnProcessCustomLord] Processing custom AI lord: Nizar
[Info   :FixesAIEvents] [T1-14:23:06.501] [FixesAIEvents] [OnProcessCustomLord] Processing custom AI lord: Nomad
[Info   :FixesAIEvents] [T1-14:23:06.502] [FixesAIEvents] [OnProcessCustomLord] Processing custom AI lord: Nomad
[Info   :FixesAIEvents] [T1-14:23:06.502] [FixesAIEvents] [OnProcessCustomLord] Processing custom AI lord: Nomad
[Info   :FixesAIEvents] [T1-14:23:06.502] [FixesAIEvents] [OnProcessCustomLord] Processing custom AI lord: Nomad
[Info   :FixesAIEvents] [T1-14:23:06.504] [FixesAIEvents] [OnProcessCustomLord] Processing custom AI lord: Nomad
[Info   :FixesAIEvents] [T1-14:23:06.504] [FixesAIEvents] [OnProcessCustomLord] Processing custom AI lord: Philip
[Info   :FixesAIEvents] [T1-14:23:06.505] [FixesAIEvents] [OnProcessCustomLord] Processing custom AI lord: Philip
[Info   :FixesAIEvents] [T1-14:23:06.505] [FixesAIEvents] [OnProcessCustomLord] Processing custom AI lord: Philip
[Info   :FixesAIEvents] [T1-14:23:06.506] [FixesAIEvents] [OnProcessCustomLord] Processing custom AI lord: Philip
[Info   :FixesAIEvents] [T1-14:23:06.507] [FixesAIEvents] [OnProcessCustomLord] Processing custom AI lord: Philip
[Info   :FixesAIEvents] [T1-14:23:06.507] [FixesAIEvents] [OnProcessCustomLord] Processing custom AI lord: Pig
[Info   :FixesAIEvents] [T1-14:23:06.508] [FixesAIEvents] [OnProcessCustomLord] Processing custom AI lord: Pig
[Info   :FixesAIEvents] [T1-14:23:06.509] [FixesAIEvents] [OnProcessCustomLord] Processing custom AI lord: Pig
[Info   :FixesAIEvents] [T1-14:23:06.510] [FixesAIEvents] [OnProcessCustomLord] Processing custom AI lord: Pig
[Info   :FixesAIEvents] [T1-14:23:06.511] [FixesAIEvents] [OnProcessCustomLord] Processing custom AI lord: Pig
[Info   :FixesAIEvents] [T1-14:23:06.511] [FixesAIEvents] [OnProcessCustomLord] Processing custom AI lord: Rat
[Info   :FixesAIEvents] [T1-14:23:06.511] [FixesAIEvents] [OnProcessCustomLord] Processing custom AI lord: Rat
[Info   :FixesAIEvents] [T1-14:23:06.511] [FixesAIEvents] [OnProcessCustomLord] Processing custom AI lord: Rat
[Info   :FixesAIEvents] [T1-14:23:06.512] [FixesAIEvents] [OnProcessCustomLord] Processing custom AI lord: Rat
[Info   :FixesAIEvents] [T1-14:23:06.512] [FixesAIEvents] [OnProcessCustomLord] Processing custom AI lord: Rat
[Info   :FixesAIEvents] [T1-14:23:06.514] [FixesAIEvents] [OnProcessCustomLord] Processing custom AI lord: Rat
[Info   :FixesAIEvents] [T1-14:23:06.514] [FixesAIEvents] [OnProcessCustomLord] Processing custom AI lord: Rat
[Info   :FixesAIEvents] [T1-14:23:06.514] [FixesAIEvents] [OnProcessCustomLord] Processing custom AI lord: Richard
[Info   :FixesAIEvents] [T1-14:23:06.515] [FixesAIEvents] [OnProcessCustomLord] Processing custom AI lord: Richard
[Info   :FixesAIEvents] [T1-14:23:06.516] [FixesAIEvents] [OnProcessCustomLord] Processing custom AI lord: Richard
[Info   :FixesAIEvents] [T1-14:23:06.517] [FixesAIEvents] [OnProcessCustomLord] Processing custom AI lord: Richard
[Info   :FixesAIEvents] [T1-14:23:06.518] [FixesAIEvents] [OnProcessCustomLord] Processing custom AI lord: Richard
[Info   :FixesAIEvents] [T1-14:23:06.519] [FixesAIEvents] [OnProcessCustomLord] Processing custom AI lord: Saladin
[Info   :FixesAIEvents] [T1-14:23:06.520] [FixesAIEvents] [OnProcessCustomLord] Processing custom AI lord: Saladin
[Info   :FixesAIEvents] [T1-14:23:06.520] [FixesAIEvents] [OnProcessCustomLord] Processing custom AI lord: Saladin
[Info   :FixesAIEvents] [T1-14:23:06.521] [FixesAIEvents] [OnProcessCustomLord] Processing custom AI lord: Saladin
[Info   :FixesAIEvents] [T1-14:23:06.522] [FixesAIEvents] [OnProcessCustomLord] Processing custom AI lord: Saladin
[Info   :FixesAIEvents] [T1-14:23:06.522] [FixesAIEvents] [OnProcessCustomLord] Processing custom AI lord: Sentinel
[Info   :FixesAIEvents] [T1-14:23:06.524] [FixesAIEvents] [OnProcessCustomLord] Processing custom AI lord: Sentinel
[Info   :FixesAIEvents] [T1-14:23:06.525] [FixesAIEvents] [OnProcessCustomLord] Processing custom AI lord: Sentinel
[Info   :FixesAIEvents] [T1-14:23:06.525] [FixesAIEvents] [OnProcessCustomLord] Processing custom AI lord: Sentinel
[Info   :FixesAIEvents] [T1-14:23:06.526] [FixesAIEvents] [OnProcessCustomLord] Processing custom AI lord: Sentinel
[Info   :FixesAIEvents] [T1-14:23:06.527] [FixesAIEvents] [OnProcessCustomLord] Processing custom AI lord: Sergeant
[Info   :FixesAIEvents] [T1-14:23:06.528] [FixesAIEvents] [OnProcessCustomLord] Processing custom AI lord: Sergeant
[Info   :FixesAIEvents] [T1-14:23:06.529] [FixesAIEvents] [OnProcessCustomLord] Processing custom AI lord: Sergeant
[Info   :FixesAIEvents] [T1-14:23:06.530] [FixesAIEvents] [OnProcessCustomLord] Processing custom AI lord: Sergeant
[Info   :FixesAIEvents] [T1-14:23:06.531] [FixesAIEvents] [OnProcessCustomLord] Processing custom AI lord: Sergeant
[Info   :  SHCDE-SE] [T1-14:23:06.532] [AIVLoader_Hooks] [AIVLoader_GetAIVData_Hook] Intercepting load of lord: [SK_SHERIFF], index=7 - overriden
[Info   :  SHCDE-SE] [T1-14:23:06.532] [AIVLoader_Hooks] [AIVLoader_GetAIVData_Hook] Intercepting load of lord: [SK_SHERIFF], index=7 - overriden
[Info   :FixesAIEvents] [T1-14:23:06.532] [FixesAIEvents] [OnProcessCustomLord] Processing custom AI lord: Sheriff
[Info   :FixesAIEvents] [T1-14:23:06.534] [FixesAIEvents] [OnProcessCustomLord] Processing custom AI lord: Sheriff
[Info   :FixesAIEvents] [T1-14:23:06.535] [FixesAIEvents] [OnProcessCustomLord] Processing custom AI lord: Sheriff
[Info   :FixesAIEvents] [T1-14:23:06.536] [FixesAIEvents] [OnProcessCustomLord] Processing custom AI lord: Sheriff
[Info   :FixesAIEvents] [T1-14:23:06.537] [FixesAIEvents] [OnProcessCustomLord] Processing custom AI lord: Sheriff
[Info   :  SHCDE-SE] [T1-14:23:06.538] [AIVLoader_Hooks] [AIVLoader_GetAIVData_Hook] Intercepting load of lord: [SK_SNAKE], index=4 - overriden
[Info   :  SHCDE-SE] [T1-14:23:06.539] [AIVLoader_Hooks] [AIVLoader_GetAIVData_Hook] Intercepting load of lord: [SK_SNAKE], index=4 - overriden
[Info   :FixesAIEvents] [T1-14:23:06.539] [FixesAIEvents] [OnProcessCustomLord] Processing custom AI lord: Snake
[Info   :FixesAIEvents] [T1-14:23:06.539] [FixesAIEvents] [OnProcessCustomLord] Processing custom AI lord: Snake
[Info   :FixesAIEvents] [T1-14:23:06.540] [FixesAIEvents] [OnProcessCustomLord] Processing custom AI lord: Snake
[Info   :FixesAIEvents] [T1-14:23:06.541] [FixesAIEvents] [OnProcessCustomLord] Processing custom AI lord: Snake
[Info   :FixesAIEvents] [T1-14:23:06.541] [FixesAIEvents] [OnProcessCustomLord] Processing custom AI lord: Snake
[Info   :FixesAIEvents] [T1-14:23:06.542] [FixesAIEvents] [OnProcessCustomLord] Processing custom AI lord: Snake
[Info   :FixesAIEvents] [T1-14:23:06.542] [FixesAIEvents] [OnProcessCustomLord] Processing custom AI lord: Snake
[Info   :FixesAIEvents] [T1-14:23:06.542] [FixesAIEvents] [OnProcessCustomLord] Processing custom AI lord: Sultan
[Info   :FixesAIEvents] [T1-14:23:06.543] [FixesAIEvents] [OnProcessCustomLord] Processing custom AI lord: Sultan
[Info   :FixesAIEvents] [T1-14:23:06.544] [FixesAIEvents] [OnProcessCustomLord] Processing custom AI lord: Sultan
[Info   :FixesAIEvents] [T1-14:23:06.544] [FixesAIEvents] [OnProcessCustomLord] Processing custom AI lord: Sultan
[Info   :FixesAIEvents] [T1-14:23:06.545] [FixesAIEvents] [OnProcessCustomLord] Processing custom AI lord: Sultan
[Info   :  SHCDE-SE] [T1-14:23:06.546] [AIVLoader_Hooks] [AIVLoader_GetAIVData_Hook] Intercepting load of lord: [SK_SURGEON], index=3 - overriden
[Info   :FixesAIEvents] [T1-14:23:06.546] [FixesAIEvents] [OnProcessCustomLord] Processing custom AI lord: Trader
[Info   :FixesAIEvents] [T1-14:23:06.547] [FixesAIEvents] [OnProcessCustomLord] Processing custom AI lord: Trader
[Info   :FixesAIEvents] [T1-14:23:06.548] [FixesAIEvents] [OnProcessCustomLord] Processing custom AI lord: Trader
[Info   :FixesAIEvents] [T1-14:23:06.548] [FixesAIEvents] [OnProcessCustomLord] Processing custom AI lord: Trader
[Info   :FixesAIEvents] [T1-14:23:06.549] [FixesAIEvents] [OnProcessCustomLord] Processing custom AI lord: Trader
[Info   :FixesAIEvents] [T1-14:23:06.549] [FixesAIEvents] [OnProcessCustomLord] Processing custom AI lord: Wazir
[Info   :FixesAIEvents] [T1-14:23:06.550] [FixesAIEvents] [OnProcessCustomLord] Processing custom AI lord: Wazir
[Info   :FixesAIEvents] [T1-14:23:06.551] [FixesAIEvents] [OnProcessCustomLord] Processing custom AI lord: Wazir
[Info   :FixesAIEvents] [T1-14:23:06.552] [FixesAIEvents] [OnProcessCustomLord] Processing custom AI lord: Wazir
[Info   :FixesAIEvents] [T1-14:23:06.553] [FixesAIEvents] [OnProcessCustomLord] Processing custom AI lord: Wazir
[Info   :  SHCDE-SE] [T1-14:23:06.555] [AIVLoader_Hooks] [AIVLoader_GetAIVData_Hook] Intercepting load of lord: [SK_WOLF], index=1 - overriden
[Info   :  SHCDE-SE] [T1-14:23:06.557] [AIVLoader_Hooks] [AIVLoader_GetAIVData_Hook] Intercepting load of lord: [SK_WOLF], index=1 - overriden
[Info   :FixesAIEvents] [T1-14:23:06.558] [FixesAIEvents] [OnProcessCustomLord] Processing custom AI lord: Wolf
[Info   :FixesAIEvents] [T1-14:23:06.558] [FixesAIEvents] [OnProcessCustomLord] Processing custom AI lord: Wolf
[Info   :FixesAIEvents] [T1-14:23:06.559] [FixesAIEvents] [OnProcessCustomLord] Processing custom AI lord: Wolf
[Info   :FixesAIEvents] [T1-14:23:06.561] [FixesAIEvents] [OnProcessCustomLord] Processing custom AI lord: Wolf
[Info   :FixesAIEvents] [T1-14:23:06.563] [FixesAIEvents] [OnProcessCustomLord] Processing custom AI lord: Wolf
[Info   :FixesAIEvents] [T1-14:23:06.564] [FixesAIEvents] [OnProcessCustomLord] Processing custom AI lord: Wolf
[Info   :FixesAIEvents] [T1-14:23:06.565] [FixesAIEvents] [OnProcessCustomLord] Processing custom AI lord: testlord_serp
[Info   :FixesAIEvents] [T1-14:23:06.565] [FixesAIEvents] [OnProcessCustomLord] Processing custom AI lord: testlord_serp
[Info   :  SHCDE-SE] [T1-14:23:06.565] [CustomisationFileManager_Hooks] [CustomisationFileManager_ProcessExtendedLordFile_Hook] Processing Custom Lord: file=c:/users/serpens66/appdata/locallow/firefly studios/stronghold crusader definitive edition\customlords\testlord_serp\info.json, realFileName=C:/Users/Serpens66/AppData/LocalLow/Firefly Studios/Stronghold Crusader Definitive Edition\CustomLords\testlord_serp\info.json, customPath=C:/Users/Serpens66/AppData/LocalLow/Firefly Studios/Stronghold Crusader Definitive Edition\CustomLords\testlord_serp, displayName=testlord_serp, lordName=testlord_serp, workshop=False
[Info   :  SHCDE-SE] [T1-14:23:06.565] [GameAIManagerAPI] [ProcessCustomLord] Processing: [C:/Users/Serpens66/AppData/LocalLow/Firefly Studios/Stronghold Crusader Definitive Edition\CustomLords\testlord_serp]
[Info   :  SHCDE-SE] [T1-14:23:06.566] [GameAIManagerAPI] [ProcessCustomLord] Registering lord-based assets: [serpens66.testlord-serp.extended-package-test] - [testlord_serp Extended Package Test] by [Serpens66]
[Info   :  SHCDE-SE] [T1-14:23:06.567] [GameAssetManagerAPI] [RegisterModProvider] Indexed 79 files for [serpens66.testlord-serp.extended-package-test] in [Global] asset mode from [C:\Users\Serpens66\AppData\LocalLow\Firefly Studios\Stronghold Crusader Definitive Edition\CustomLords\testlord_serp] in 0 ms.
[Warning:  SHCDE-SE] [T1-14:23:06.567] [GameAssetModManager] [RegisterAssetModCore] Mod has no sprite logo at [Override/Assets/GUI/Sprites/serpens66.testlord-serp.extended-package-test.png] in [C:\Users\Serpens66\AppData\LocalLow\Firefly Studios\Stronghold Crusader Definitive Edition\CustomLords\testlord_serp] - This may be ignored.
[Info   :  SHCDE-SE] [T1-14:23:06.567] [GameTranslateAPI] [LoadModLocalizations] Loaded 0 localization files from C:\Users\Serpens66\AppData\LocalLow\Firefly Studios\Stronghold Crusader Definitive Edition\CustomLords\testlord_serp
[Info   :  SHCDE-SE] [T1-14:23:06.568] [GameAssetModManager] [RegisterAssetModCore] Mod [testlord_serp Extended Package Test] has no Lua scripts (Scripts/init.lua not found) - This is fine.
[Info   :  SHCDE-SE] [T1-14:23:06.576] [GameAIManagerAPI] [BuildLordEntry] Added custom lord: [testlord_serp]
[Info   :  SHCDE-SE] [T1-14:23:06.576] [GameAIManagerAPI] [BuildLordEntry] Assigned lord [testlord_serp] message type [IncomingMessage] via key [IncomingMessage]
[Info   :  SHCDE-SE] [T1-14:23:06.576] [GameAIManagerAPI] [BuildLordEntry] Assigned lord [testlord_serp] message type [Taunt1] via key [Taunt1]
[Info   :  SHCDE-SE] [T1-14:23:06.576] [GameAIManagerAPI] [BuildLordEntry] Assigned lord [testlord_serp] message type [Taunt2] via key [Taunt2]
[Info   :  SHCDE-SE] [T1-14:23:06.576] [GameAIManagerAPI] [BuildLordEntry] Assigned lord [testlord_serp] message type [Taunt3] via key [Taunt3]
[Info   :  SHCDE-SE] [T1-14:23:06.576] [GameAIManagerAPI] [BuildLordEntry] Assigned lord [testlord_serp] message type [Taunt4] via key [Taunt4]
[Info   :  SHCDE-SE] [T1-14:23:06.576] [GameAIManagerAPI] [BuildLordEntry] Assigned lord [testlord_serp] message type [AngrySiegeLost] via key [AngrySiegeLost]
[Info   :  SHCDE-SE] [T1-14:23:06.576] [GameAIManagerAPI] [BuildLordEntry] Assigned lord [testlord_serp] message type [AngryCastleDamaged] via key [AngryCastleDamaged]
[Info   :  SHCDE-SE] [T1-14:23:06.576] [GameAIManagerAPI] [BuildLordEntry] Assigned lord [testlord_serp] message type [Defeat] via key [Defeat]
[Info   :  SHCDE-SE] [T1-14:23:06.576] [GameAIManagerAPI] [BuildLordEntry] Assigned lord [testlord_serp] message type [NervPreSiege] via key [NervPreSiege]
[Info   :  SHCDE-SE] [T1-14:23:06.576] [GameAIManagerAPI] [BuildLordEntry] Assigned lord [testlord_serp] message type [NervWeak] via key [NervWeak]
[Info   :  SHCDE-SE] [T1-14:23:06.576] [GameAIManagerAPI] [BuildLordEntry] Assigned lord [testlord_serp] message type [VictoryGood] via key [VictoryGood]
[Info   :  SHCDE-SE] [T1-14:23:06.576] [GameAIManagerAPI] [BuildLordEntry] Assigned lord [testlord_serp] message type [KillPlayer] via key [KillPlayer]
[Info   :  SHCDE-SE] [T1-14:23:06.576] [GameAIManagerAPI] [BuildLordEntry] Assigned lord [testlord_serp] message type [RequestGoods] via key [RequestGoods]
[Info   :  SHCDE-SE] [T1-14:23:06.576] [GameAIManagerAPI] [BuildLordEntry] Assigned lord [testlord_serp] message type [ThankGoods] via key [ThankGoods]
[Info   :  SHCDE-SE] [T1-14:23:06.576] [GameAIManagerAPI] [BuildLordEntry] Assigned lord [testlord_serp] message type [DieAlly] via key [DieAlly]
[Info   :  SHCDE-SE] [T1-14:23:06.576] [GameAIManagerAPI] [BuildLordEntry] Assigned lord [testlord_serp] message type [CongratsOnKill] via key [CongratsOnKill]
[Info   :  SHCDE-SE] [T1-14:23:06.576] [GameAIManagerAPI] [BuildLordEntry] Assigned lord [testlord_serp] message type [BoastOfKill] via key [BoastOfKill]
[Info   :  SHCDE-SE] [T1-14:23:06.576] [GameAIManagerAPI] [BuildLordEntry] Assigned lord [testlord_serp] message type [AllyNeedHelp] via key [AllyNeedHelp]
[Info   :  SHCDE-SE] [T1-14:23:06.576] [GameAIManagerAPI] [BuildLordEntry] Assigned lord [testlord_serp] message type [CantAttack] via key [CantAttack]
[Info   :  SHCDE-SE] [T1-14:23:06.576] [GameAIManagerAPI] [BuildLordEntry] Assigned lord [testlord_serp] message type [WontAttack] via key [WontAttack]
[Info   :  SHCDE-SE] [T1-14:23:06.576] [GameAIManagerAPI] [BuildLordEntry] Assigned lord [testlord_serp] message type [CantHelp] via key [CantHelp]
[Info   :  SHCDE-SE] [T1-14:23:06.576] [GameAIManagerAPI] [BuildLordEntry] Assigned lord [testlord_serp] message type [WontHelp] via key [WontHelp]
[Info   :  SHCDE-SE] [T1-14:23:06.576] [GameAIManagerAPI] [BuildLordEntry] Assigned lord [testlord_serp] message type [NotSendingGoods] via key [NotSendingGoods]
[Info   :  SHCDE-SE] [T1-14:23:06.576] [GameAIManagerAPI] [BuildLordEntry] Assigned lord [testlord_serp] message type [SentGoods] via key [SentGoods]
[Info   :  SHCDE-SE] [T1-14:23:06.576] [GameAIManagerAPI] [BuildLordEntry] Assigned lord [testlord_serp] message type [TeamWinning] via key [TeamWinning]
[Info   :  SHCDE-SE] [T1-14:23:06.576] [GameAIManagerAPI] [BuildLordEntry] Assigned lord [testlord_serp] message type [TeamLosing] via key [TeamLosing]
[Info   :  SHCDE-SE] [T1-14:23:06.576] [GameAIManagerAPI] [BuildLordEntry] Assigned lord [testlord_serp] message type [WillSendTroops] via key [WillSendTroops]
[Info   :  SHCDE-SE] [T1-14:23:06.576] [GameAIManagerAPI] [BuildLordEntry] Assigned lord [testlord_serp] message type [WillAttackEnemy] via key [WillAttackEnemy]
[Info   :FixesAIEvents] [T1-14:23:06.577] [FixesAIEvents] [OnProcessCustomLord] Processing custom AI lord: testlord_serp
[Info   :FixesAIEvents] [T1-14:23:06.577] [FixesAIEvents] [OnProcessCustomLord] Processing custom AI lord: testlord_serp
[Info   :FixesAIEvents] [T1-14:23:06.577] [FixesAIEvents] [OnProcessCustomLord] Processing custom AI lord: testlord_serp
[Info   :FixesAIEvents] [T1-14:23:06.577] [FixesAIEvents] [OnProcessCustomLord] Processing custom AI lord: testlord_serp
[Info   :FixesAIEvents] [T1-14:23:06.578] [FixesAIEvents] [OnProcessCustomLord] Processing custom AI lord: testlord_serp
[Info   :FixesAIEvents] [T1-14:23:06.578] [FixesAIEvents] [OnProcessCustomLord] Processing custom AI lord: testlord_serp
[Info   :FixesAIEvents] [T1-14:23:06.579] [FixesAIEvents] [OnProcessCustomLord] Processing custom AI lord: testlord_serp_fixesprobe
[Info   :FixesAIEvents] [T1-14:23:06.579] [FixesAIEvents] [OnProcessCustomLord] Processing custom AI lord: testlord_serp_fixesprobe
[Info   :  SHCDE-SE] [T1-14:23:06.579] [CustomisationFileManager_Hooks] [CustomisationFileManager_ProcessExtendedLordFile_Hook] Processing Custom Lord: file=c:/users/serpens66/appdata/locallow/firefly studios/stronghold crusader definitive edition\customlords\testlord_serp_fixesprobe\info.json, realFileName=C:/Users/Serpens66/AppData/LocalLow/Firefly Studios/Stronghold Crusader Definitive Edition\CustomLords\testlord_serp_fixesprobe\info.json, customPath=C:/Users/Serpens66/AppData/LocalLow/Firefly Studios/Stronghold Crusader Definitive Edition\CustomLords\testlord_serp_fixesprobe, displayName=testlord_serp_fixesprobe, lordName=testlord_serp_fixesprobe, workshop=False
[Info   :  SHCDE-SE] [T1-14:23:06.579] [GameAIManagerAPI] [ProcessCustomLord] Processing: [C:/Users/Serpens66/AppData/LocalLow/Firefly Studios/Stronghold Crusader Definitive Edition\CustomLords\testlord_serp_fixesprobe]
[Info   :  SHCDE-SE] [T1-14:23:06.580] [GameAIManagerAPI] [ProcessCustomLord] Registering lord-based assets: [serpens66.testlord-serp-fixesprobe] - [Fixes Override Probe Lord] by [Serpens66]
[Info   :  SHCDE-SE] [T1-14:23:06.580] [GameAssetManagerAPI] [RegisterModProvider] Indexed 78 files for [serpens66.testlord-serp-fixesprobe] in [Global] asset mode from [C:\Users\Serpens66\AppData\LocalLow\Firefly Studios\Stronghold Crusader Definitive Edition\CustomLords\testlord_serp_fixesprobe] in 0 ms.
[Warning:  SHCDE-SE] [T1-14:23:06.581] [GameAssetModManager] [RegisterAssetModCore] Mod has no sprite logo at [Override/Assets/GUI/Sprites/serpens66.testlord-serp-fixesprobe.png] in [C:\Users\Serpens66\AppData\LocalLow\Firefly Studios\Stronghold Crusader Definitive Edition\CustomLords\testlord_serp_fixesprobe] - This may be ignored.
[Info   :  SHCDE-SE] [T1-14:23:06.581] [GameTranslateAPI] [LoadModLocalizations] Loaded 0 localization files from C:\Users\Serpens66\AppData\LocalLow\Firefly Studios\Stronghold Crusader Definitive Edition\CustomLords\testlord_serp_fixesprobe
[Info   :  SHCDE-SE] [T1-14:23:06.581] [GameAssetModManager] [RegisterAssetModCore] Mod [Fixes Override Probe Lord] has no Lua scripts (Scripts/init.lua not found) - This is fine.
[Info   :  SHCDE-SE] [T1-14:23:06.581] [GameAIManagerAPI] [BuildLordEntry] Added custom lord: [testlord_serp_fixesprobe]
[Info   :  SHCDE-SE] [T1-14:23:06.581] [GameAIManagerAPI] [BuildLordEntry] Assigned lord [testlord_serp_fixesprobe] message type [IncomingMessage] via key [IncomingMessage]
[Info   :  SHCDE-SE] [T1-14:23:06.581] [GameAIManagerAPI] [BuildLordEntry] Assigned lord [testlord_serp_fixesprobe] message type [Taunt1] via key [Taunt1]
[Info   :  SHCDE-SE] [T1-14:23:06.581] [GameAIManagerAPI] [BuildLordEntry] Assigned lord [testlord_serp_fixesprobe] message type [Taunt2] via key [Taunt2]
[Info   :  SHCDE-SE] [T1-14:23:06.581] [GameAIManagerAPI] [BuildLordEntry] Assigned lord [testlord_serp_fixesprobe] message type [Taunt3] via key [Taunt3]
[Info   :  SHCDE-SE] [T1-14:23:06.581] [GameAIManagerAPI] [BuildLordEntry] Assigned lord [testlord_serp_fixesprobe] message type [Taunt4] via key [Taunt4]
[Info   :  SHCDE-SE] [T1-14:23:06.581] [GameAIManagerAPI] [BuildLordEntry] Assigned lord [testlord_serp_fixesprobe] message type [AngrySiegeLost] via key [AngrySiegeLost]
[Info   :  SHCDE-SE] [T1-14:23:06.581] [GameAIManagerAPI] [BuildLordEntry] Assigned lord [testlord_serp_fixesprobe] message type [AngryCastleDamaged] via key [AngryCastleDamaged]
[Info   :  SHCDE-SE] [T1-14:23:06.581] [GameAIManagerAPI] [BuildLordEntry] Assigned lord [testlord_serp_fixesprobe] message type [Defeat] via key [Defeat]
[Info   :  SHCDE-SE] [T1-14:23:06.581] [GameAIManagerAPI] [BuildLordEntry] Assigned lord [testlord_serp_fixesprobe] message type [NervPreSiege] via key [NervPreSiege]
[Info   :  SHCDE-SE] [T1-14:23:06.581] [GameAIManagerAPI] [BuildLordEntry] Assigned lord [testlord_serp_fixesprobe] message type [NervWeak] via key [NervWeak]
[Info   :  SHCDE-SE] [T1-14:23:06.581] [GameAIManagerAPI] [BuildLordEntry] Assigned lord [testlord_serp_fixesprobe] message type [VictoryGood] via key [VictoryGood]
[Info   :  SHCDE-SE] [T1-14:23:06.581] [GameAIManagerAPI] [BuildLordEntry] Assigned lord [testlord_serp_fixesprobe] message type [KillPlayer] via key [KillPlayer]
[Info   :  SHCDE-SE] [T1-14:23:06.581] [GameAIManagerAPI] [BuildLordEntry] Assigned lord [testlord_serp_fixesprobe] message type [RequestGoods] via key [RequestGoods]
[Info   :  SHCDE-SE] [T1-14:23:06.581] [GameAIManagerAPI] [BuildLordEntry] Assigned lord [testlord_serp_fixesprobe] message type [ThankGoods] via key [ThankGoods]
[Info   :  SHCDE-SE] [T1-14:23:06.581] [GameAIManagerAPI] [BuildLordEntry] Assigned lord [testlord_serp_fixesprobe] message type [DieAlly] via key [DieAlly]
[Info   :  SHCDE-SE] [T1-14:23:06.581] [GameAIManagerAPI] [BuildLordEntry] Assigned lord [testlord_serp_fixesprobe] message type [CongratsOnKill] via key [CongratsOnKill]
[Info   :  SHCDE-SE] [T1-14:23:06.581] [GameAIManagerAPI] [BuildLordEntry] Assigned lord [testlord_serp_fixesprobe] message type [BoastOfKill] via key [BoastOfKill]
[Info   :  SHCDE-SE] [T1-14:23:06.581] [GameAIManagerAPI] [BuildLordEntry] Assigned lord [testlord_serp_fixesprobe] message type [AllyNeedHelp] via key [AllyNeedHelp]
[Info   :  SHCDE-SE] [T1-14:23:06.581] [GameAIManagerAPI] [BuildLordEntry] Assigned lord [testlord_serp_fixesprobe] message type [CantAttack] via key [CantAttack]
[Info   :  SHCDE-SE] [T1-14:23:06.581] [GameAIManagerAPI] [BuildLordEntry] Assigned lord [testlord_serp_fixesprobe] message type [WontAttack] via key [WontAttack]
[Info   :  SHCDE-SE] [T1-14:23:06.581] [GameAIManagerAPI] [BuildLordEntry] Assigned lord [testlord_serp_fixesprobe] message type [CantHelp] via key [CantHelp]
[Info   :FixesAIEvents] [T1-14:23:06.581] [FixesAIEvents] [OnProcessCustomLord] Processing custom AI lord: testlord_serp_fixesprobe
[Info   :  SHCDE-SE] [T1-14:23:06.581] [GameAIManagerAPI] [BuildLordEntry] Assigned lord [testlord_serp_fixesprobe] message type [WontHelp] via key [WontHelp]
[Info   :  SHCDE-SE] [T1-14:23:06.581] [GameAIManagerAPI] [BuildLordEntry] Assigned lord [testlord_serp_fixesprobe] message type [NotSendingGoods] via key [NotSendingGoods]
[Info   :  SHCDE-SE] [T1-14:23:06.581] [GameAIManagerAPI] [BuildLordEntry] Assigned lord [testlord_serp_fixesprobe] message type [SentGoods] via key [SentGoods]
[Info   :  SHCDE-SE] [T1-14:23:06.581] [GameAIManagerAPI] [BuildLordEntry] Assigned lord [testlord_serp_fixesprobe] message type [TeamWinning] via key [TeamWinning]
[Info   :  SHCDE-SE] [T1-14:23:06.581] [GameAIManagerAPI] [BuildLordEntry] Assigned lord [testlord_serp_fixesprobe] message type [TeamLosing] via key [TeamLosing]
[Info   :  SHCDE-SE] [T1-14:23:06.581] [GameAIManagerAPI] [BuildLordEntry] Assigned lord [testlord_serp_fixesprobe] message type [WillSendTroops] via key [WillSendTroops]
[Info   :  SHCDE-SE] [T1-14:23:06.581] [GameAIManagerAPI] [BuildLordEntry] Assigned lord [testlord_serp_fixesprobe] message type [WillAttackEnemy] via key [WillAttackEnemy]
[Info   :FixesAIEvents] [T1-14:23:06.594] [FixesAIEvents] [OnProcessCustomLord] Processing custom AI lord: testlord_serp_fixesprobe
[Info   :FixesAIEvents] [T1-14:23:06.594] [FixesAIEvents] [OnProcessCustomLord] Processing custom AI lord: testlord_serp_fixesprobe
[Info   :FixesAIEvents] [T1-14:23:06.596] [FixesAIEvents] [OnProcessCustomLord] Processing custom AI lord: testlord_serp_fixesprobe
[Info   :FixesAIEvents] [T1-14:23:06.596] [FixesAIEvents] [OnProcessCustomLord] Processing custom AI lord: testlord_serp_fixesprobe
[Info   :FixesAIEvents] [T1-14:23:06.597] [FixesAIEvents] [OnProcessCustomLord] Processing custom AI lord: 3659458903\Nox
[Info   :FixesAIEvents] [T1-14:23:06.929] [FixesAIEvents] [OnProcessCustomLord] Processing custom AI lord: 3659458903\Nox
[Info   :FixesAIEvents] [T1-14:23:06.931] [FixesAIEvents] [OnProcessCustomLord] Processing custom AI lord: 3659458903\Nox
[Info   :FixesAIEvents] [T1-14:23:06.932] [FixesAIEvents] [OnProcessCustomLord] Processing custom AI lord: 3659458903\Nox
[Info   :FixesAIEvents] [T1-14:23:06.932] [FixesAIEvents] [OnProcessCustomLord] Processing custom AI lord: 3659458903\Nox
[Info   :FixesAIEvents] [T1-14:23:06.934] [FixesAIEvents] [OnProcessCustomLord] Processing custom AI lord: 3659458903\Nox
[Info   :FixesAIEvents] [T1-14:23:06.934] [FixesAIEvents] [OnProcessCustomLord] Processing custom AI lord: 3659458903\Nox
[Info   :FixesAIEvents] [T1-14:23:06.934] [FixesAIEvents] [OnProcessCustomLord] Processing custom AI lord: 3769305376\Krosis' Classic Trail
[Info   :FixesAIEvents] [T1-14:23:06.934] [FixesAIEvents] [OnProcessCustomLord] Processing custom AI lord: 3769305376\Krosis' Classic Trail
[Info   :FixesAIEvents] [T1-14:23:06.934] [FixesAIEvents] [OnProcessCustomLord] Processing custom AI lord: 3769305376\Krosis' Classic Trail
[Info   :FixesAIEvents] [T1-14:23:06.934] [FixesAIEvents] [OnProcessCustomLord] Processing custom AI lord: 3769305376\Krosis' Classic Trail
[Info   :FixesAIEvents] [T1-14:23:06.934] [FixesAIEvents] [OnProcessCustomLord] Processing custom AI lord: 3769305376\Krosis' Classic Trail
[Info   :FixesAIEvents] [T1-14:23:06.934] [FixesAIEvents] [OnProcessCustomLord] Processing custom AI lord: 3769305376\Krosis' Classic Trail
[Info   :FixesAIEvents] [T1-14:23:06.934] [FixesAIEvents] [OnProcessCustomLord] Processing custom AI lord: 3769305376\Krosis' Classic Trail
[Info   :FixesAIEvents] [T1-14:23:06.934] [FixesAIEvents] [OnProcessCustomLord] Processing custom AI lord: 3769305376\Krosis' Classic Trail
[Info   :FixesAIEvents] [T1-14:23:06.934] [FixesAIEvents] [OnProcessCustomLord] Processing custom AI lord: 3769305376\Krosis' Classic Trail
[Info   :FixesAIEvents] [T1-14:23:06.934] [FixesAIEvents] [OnProcessCustomLord] Processing custom AI lord: 3769305376\Krosis' Classic Trail
[Info   :FixesAIEvents] [T1-14:23:06.934] [FixesAIEvents] [OnProcessCustomLord] Processing custom AI lord: 3769305376\Krosis' Classic Trail
[Info   :FixesAIEvents] [T1-14:23:06.934] [FixesAIEvents] [OnProcessCustomLord] Processing custom AI lord: 3769305376\Krosis' Classic Trail
[Info   :FixesAIEvents] [T1-14:23:06.934] [FixesAIEvents] [OnProcessCustomLord] Processing custom AI lord: 3769305376\Krosis' Classic Trail
[Info   :FixesAIEvents] [T1-14:23:06.934] [FixesAIEvents] [OnProcessCustomLord] Processing custom AI lord: 3769305376\Krosis' Classic Trail
[Info   :FixesAIEvents] [T1-14:23:06.934] [FixesAIEvents] [OnProcessCustomLord] Processing custom AI lord: 3769305376\Krosis' Classic Trail
[Info   :FixesAIEvents] [T1-14:23:06.934] [FixesAIEvents] [OnProcessCustomLord] Processing custom AI lord: 3769305376\Krosis' Classic Trail
[Info   :FixesAIEvents] [T1-14:23:06.934] [FixesAIEvents] [OnProcessCustomLord] Processing custom AI lord: 3769305376\Krosis' Classic Trail
[Info   :FixesAIEvents] [T1-14:23:06.934] [FixesAIEvents] [OnProcessCustomLord] Processing custom AI lord: 3769305376\Krosis' Classic Trail
[Info   :FixesAIEvents] [T1-14:23:06.934] [FixesAIEvents] [OnProcessCustomLord] Processing custom AI lord: 3769305376\Krosis' Classic Trail
[Info   :FixesAIEvents] [T1-14:23:06.934] [FixesAIEvents] [OnProcessCustomLord] Processing custom AI lord: 3769305376\Krosis' Classic Trail
[Info   :FixesAIEvents] [T1-14:23:06.934] [FixesAIEvents] [OnProcessCustomLord] Processing custom AI lord: 3769305376\Krosis' Classic Trail
[Info   :FixesAIEvents] [T1-14:23:06.934] [FixesAIEvents] [OnProcessCustomLord] Processing custom AI lord: 3769305376\Krosis' Classic Trail
[Info   :FixesAIEvents] [T1-14:23:06.934] [FixesAIEvents] [OnProcessCustomLord] Processing custom AI lord: 3769305376\Krosis' Classic Trail
[Info   :FixesAIEvents] [T1-14:23:06.934] [FixesAIEvents] [OnProcessCustomLord] Processing custom AI lord: 3769305376\Krosis' Classic Trail
[Info   :FixesAIEvents] [T1-14:23:06.934] [FixesAIEvents] [OnProcessCustomLord] Processing custom AI lord: 3769305376\Krosis' Classic Trail
[Info   :FixesAIEvents] [T1-14:23:06.934] [FixesAIEvents] [OnProcessCustomLord] Processing custom AI lord: 3769305376\Krosis' Classic Trail
[Info   :FixesAIEvents] [T1-14:23:06.934] [FixesAIEvents] [OnProcessCustomLord] Processing custom AI lord: 3769305376\Krosis' Classic Trail
[Info   :FixesAIEvents] [T1-14:23:06.934] [FixesAIEvents] [OnProcessCustomLord] Processing custom AI lord: 3769305376\Krosis' Classic Trail
[Info   :FixesAIEvents] [T1-14:23:06.935] [FixesAIEvents] [OnProcessCustomLord] Processing custom AI lord: 3769305376\Krosis' Classic Trail
[Info   :FixesAIEvents] [T1-14:23:06.935] [FixesAIEvents] [OnProcessCustomLord] Processing custom AI lord: 3769305376\Krosis' Classic Trail
[Info   :FixesAIEvents] [T1-14:23:06.935] [FixesAIEvents] [OnProcessCustomLord] Processing custom AI lord: 3769305376\Krosis' Classic Trail
[Info   :FixesAIEvents] [T1-14:23:06.935] [FixesAIEvents] [OnProcessCustomLord] Processing custom AI lord: 3769305376\Krosis' Classic Trail
[Info   :FixesAIEvents] [T1-14:23:06.935] [FixesAIEvents] [OnProcessCustomLord] Processing custom AI lord: 3769305376\Krosis' Classic Trail
[Info   :FixesAIEvents] [T1-14:23:06.935] [FixesAIEvents] [OnProcessCustomLord] Processing custom AI lord: 3769305376\Krosis' Classic Trail
[Info   :FixesAIEvents] [T1-14:23:06.935] [FixesAIEvents] [OnProcessCustomLord] Processing custom AI lord: 3769305376\Krosis' Classic Trail
[Info   :FixesAIEvents] [T1-14:23:06.935] [FixesAIEvents] [OnProcessCustomLord] Processing custom AI lord: 3769305376\Krosis' Classic Trail
[Info   :FixesAIEvents] [T1-14:23:06.935] [FixesAIEvents] [OnProcessCustomLord] Processing custom AI lord: 3769305376\Krosis' Classic Trail
[Info   :FixesAIEvents] [T1-14:23:06.935] [FixesAIEvents] [OnProcessCustomLord] Processing custom AI lord: 3769305376\Krosis' Classic Trail
[Info   :FixesAIEvents] [T1-14:23:06.935] [FixesAIEvents] [OnProcessCustomLord] Processing custom AI lord: 3769305376\Krosis' Classic Trail
[Info   :FixesAIEvents] [T1-14:23:06.935] [FixesAIEvents] [OnProcessCustomLord] Processing custom AI lord: 3769305376\Krosis' Classic Trail
[Info   :FixesAIEvents] [T1-14:23:06.935] [FixesAIEvents] [OnProcessCustomLord] Processing custom AI lord: 3693412090\Plague Doctor
[Info   :FixesAIEvents] [T1-14:23:06.936] [FixesAIEvents] [OnProcessCustomLord] Processing custom AI lord: 3693412090\Plague Doctor
[Info   :FixesAIEvents] [T1-14:23:06.937] [FixesAIEvents] [OnProcessCustomLord] Processing custom AI lord: 3693412090\Plague Doctor
[Info   :FixesAIEvents] [T1-14:23:06.938] [FixesAIEvents] [OnProcessCustomLord] Processing custom AI lord: 3693412090\Plague Doctor
[Info   :FixesAIEvents] [T1-14:23:06.940] [FixesAIEvents] [OnProcessCustomLord] Processing custom AI lord: 3693412090\Plague Doctor
[Info   :FixesAIEvents] [T1-14:23:06.941] [FixesAIEvents] [OnProcessCustomLord] Processing custom AI lord: 3693412090\Plague Doctor
[Info   :FixesAIEvents] [T1-14:23:06.944] [FixesAIEvents] [OnProcessCustomLord] Processing custom AI lord: 3693412090\Plague Doctor
[Info   :FixesAIEvents] [T1-14:23:06.945] [FixesAIEvents] [OnProcessCustomLord] Processing custom AI lord: 3693412090\Plague Doctor
[Info   :FixesAIEvents] [T1-14:23:06.947] [FixesAIEvents] [OnProcessCustomLord] Processing custom AI lord: 3693412090\Plague Doctor
[Info   :FixesAIEvents] [T1-14:23:06.949] [FixesAIEvents] [OnProcessCustomLord] Processing custom AI lord: 3693412090\Plague Doctor
[Info   :FixesAIEvents] [T1-14:23:06.950] [FixesAIEvents] [OnProcessCustomLord] Processing custom AI lord: 3693412090\Plague Doctor
[Info   :FixesAIEvents] [T1-14:23:07.196] [FixesAIEvents] [OnProcessCustomLord] Processing custom AI lord: 3693412090\Plague Doctor
[Info   :  SHCDE-SE] [T1-14:23:10.652] [GameSpriteManagerAPI] [ApplyRuntimeOverrides] Starting Sprite Override Injection...
[Info   :  SHCDE-SE] [T1-14:23:10.711] [GameSpriteManagerAPI] [ApplyRuntimeOverrides] Replaced 0 sprites (Plain=0, TeamColour=0, Foliage=0) in 58 ms.
[Info   :  SHCDE-SE] [T1-14:23:17.678] [NoesisTextureProvider_Hooks] [NoesisTextureProvider_GetTextureInfo] Registering Mod Texture: Assets/GUI/Sprites/000shcdese
[Info   :  SHCDE-SE] [T1-14:23:17.679] [NoesisTextureProvider_Hooks] [NoesisTextureProvider_GetTextureInfo] Registering Mod Texture: Assets/GUI/Sprites/SerpsMods_Serp
[Info   :  SHCDE-SE] [T1-14:23:17.679] [NoesisTextureProvider_Hooks] [NoesisTextureProvider_GetTextureInfo] Registering Mod Texture: Assets/GUI/Sprites/fixes
[Info   :  SHCDE-SE] [T1-14:23:18.844] [BulkMapLoaderDetours] [c_game_unload_map_hook_impl] pTileManager=00007FFAB29AEDB0, preventNotification=False
[Info   :  SHCDE-SE] [T1-14:23:18.844] [GameMapArchiveManagerAPI] [OnUnloadMap] Unloading archive
[Info   :  SHCDE-SE] [T1-14:23:18.844] [GameMapArchiveManagerAPI] [RemoveActiveArchive] Attempting to remove active archive
[Info   :  SHCDE-SE] [T1-14:23:18.844] [LuaManager] [OnUnloadMap] Attempting to unload lua state due to event, phase: Pre
[Info   :  SHCDE-SE] [T1-14:23:18.844] [LuaManager] [TryUnload] Attempting to unload lua state
[Warning:  SHCDE-SE] [T1-14:23:18.844] [LuaManager] [TryUnload] Lua state already unloaded!
[Info   :  SHCDE-SE] [T1-14:23:18.846] [DeterministicRandom] [OnUnloadMap] uninitializing shared state.
[Info   :  SHCDE-SE] [T1-14:23:18.846] [GamePlayerManagerAPI] [OnUnloadMap] Unloading
[Info   :  SHCDE-SE] [T1-14:23:18.846] [GameUnitManagerAPI] [OnUnloadMap] Unloading
[Info   :  SHCDE-SE] [T1-14:23:18.847] [GameBuildingManagerAPI] [OnUnloadMap] Unloading
[Info   :  SHCDE-SE] [T1-14:23:18.848] [GameMetadataManagerAPI] [OnUnloadMap] Unloading metadata
[Info   :  SHCDE-SE] [T1-14:23:18.848] [GameSoundManagerAPI] [Unload] Unloading sounds
[Info   :  SHCDE-SE] [T1-14:23:18.849] [GameSoundManagerAPI] [Unload] Unloading sounds complete
[Info   :  SHCDE-SE] [T1-14:23:18.849] [GameTriggerManager] [OnUnloadMap] Unloading
[Info   :  SHCDE-SE] [T1-14:23:18.849] [GameTimeManagerAPI] [OnUnloadMap] Unloading
[Info   :  SHCDE-SE] [T1-14:23:18.850] [GameAfterImageManager] [OnUnloadMap] Unloading active effects
[Info   :  SHCDE-SE] [T1-14:23:18.850] [GameBundleManager] [OnUnloadMap] Unloading
[Info   :  SHCDE-SE] [T1-14:23:18.869] [GameMapArchiveManagerAPI] [OnUnloadMap] Unloading archive
[Info   :  SHCDE-SE] [T1-14:23:18.869] [GameMapArchiveManagerAPI] [RemoveActiveArchive] Attempting to remove active archive
[Info   :  SHCDE-SE] [T1-14:23:18.869] [DeterministicRandom] [OnUnloadMap] uninitializing shared state.
[Info   :  SHCDE-SE] [T1-14:23:18.869] [GamePlayerManagerAPI] [OnUnloadMap] Unloading
[Info   :  SHCDE-SE] [T1-14:23:18.869] [GameUnitManagerAPI] [OnUnloadMap] Unloading
[Info   :  SHCDE-SE] [T1-14:23:18.869] [GameBuildingManagerAPI] [OnUnloadMap] Unloading
[Info   :  SHCDE-SE] [T1-14:23:18.869] [GameMetadataManagerAPI] [OnUnloadMap] Unloading metadata
[Info   :  SHCDE-SE] [T1-14:23:18.869] [GameSoundManagerAPI] [Unload] Unloading sounds
[Info   :  SHCDE-SE] [T1-14:23:18.869] [GameSoundManagerAPI] [Unload] Unloading sounds complete
[Info   :  SHCDE-SE] [T1-14:23:18.869] [GameTriggerManager] [OnUnloadMap] Unloading
[Info   :  SHCDE-SE] [T1-14:23:18.869] [GameTimeManagerAPI] [OnUnloadMap] Unloading
[Info   :  SHCDE-SE] [T1-14:23:18.869] [GameAfterImageManager] [OnUnloadMap] Unloading active effects
[Info   :  SHCDE-SE] [T1-14:23:18.869] [GameBundleManager] [OnUnloadMap] Unloading
[Info   :  SHCDE-SE] [T1-14:23:18.873] [BulkMapLoaderDetours] [c_game_unload_map_hook_impl] pTileManager=00007FFAB29AEDB0, preventNotification=False
[Info   :  SHCDE-SE] [T1-14:23:18.873] [GameMapArchiveManagerAPI] [OnUnloadMap] Unloading archive
[Info   :  SHCDE-SE] [T1-14:23:18.873] [GameMapArchiveManagerAPI] [RemoveActiveArchive] Attempting to remove active archive
[Info   :  SHCDE-SE] [T1-14:23:18.873] [LuaManager] [OnUnloadMap] Attempting to unload lua state due to event, phase: Pre
[Info   :  SHCDE-SE] [T1-14:23:18.873] [LuaManager] [TryUnload] Attempting to unload lua state
[Warning:  SHCDE-SE] [T1-14:23:18.873] [LuaManager] [TryUnload] Lua state already unloaded!
[Info   :  SHCDE-SE] [T1-14:23:18.873] [DeterministicRandom] [OnUnloadMap] uninitializing shared state.
[Info   :  SHCDE-SE] [T1-14:23:18.873] [GamePlayerManagerAPI] [OnUnloadMap] Unloading
[Info   :  SHCDE-SE] [T1-14:23:18.873] [GameUnitManagerAPI] [OnUnloadMap] Unloading
[Info   :  SHCDE-SE] [T1-14:23:18.873] [GameBuildingManagerAPI] [OnUnloadMap] Unloading
[Info   :  SHCDE-SE] [T1-14:23:18.873] [GameMetadataManagerAPI] [OnUnloadMap] Unloading metadata
[Info   :  SHCDE-SE] [T1-14:23:18.873] [GameSoundManagerAPI] [Unload] Unloading sounds
[Info   :  SHCDE-SE] [T1-14:23:18.873] [GameSoundManagerAPI] [Unload] Unloading sounds complete
[Info   :  SHCDE-SE] [T1-14:23:18.873] [GameTriggerManager] [OnUnloadMap] Unloading
[Info   :  SHCDE-SE] [T1-14:23:18.873] [GameTimeManagerAPI] [OnUnloadMap] Unloading
[Info   :  SHCDE-SE] [T1-14:23:18.873] [GameAfterImageManager] [OnUnloadMap] Unloading active effects
[Info   :  SHCDE-SE] [T1-14:23:18.873] [GameBundleManager] [OnUnloadMap] Unloading
[Info   :  SHCDE-SE] [T1-14:23:18.889] [GameMapArchiveManagerAPI] [OnUnloadMap] Unloading archive
[Info   :  SHCDE-SE] [T1-14:23:18.889] [GameMapArchiveManagerAPI] [RemoveActiveArchive] Attempting to remove active archive
[Info   :  SHCDE-SE] [T1-14:23:18.890] [DeterministicRandom] [OnUnloadMap] uninitializing shared state.
[Info   :  SHCDE-SE] [T1-14:23:18.890] [GamePlayerManagerAPI] [OnUnloadMap] Unloading
[Info   :  SHCDE-SE] [T1-14:23:18.890] [GameUnitManagerAPI] [OnUnloadMap] Unloading
[Info   :  SHCDE-SE] [T1-14:23:18.890] [GameBuildingManagerAPI] [OnUnloadMap] Unloading
[Info   :  SHCDE-SE] [T1-14:23:18.890] [GameMetadataManagerAPI] [OnUnloadMap] Unloading metadata
[Info   :  SHCDE-SE] [T1-14:23:18.890] [GameSoundManagerAPI] [Unload] Unloading sounds
[Info   :  SHCDE-SE] [T1-14:23:18.890] [GameSoundManagerAPI] [Unload] Unloading sounds complete
[Info   :  SHCDE-SE] [T1-14:23:18.890] [GameTriggerManager] [OnUnloadMap] Unloading
[Info   :  SHCDE-SE] [T1-14:23:18.890] [GameTimeManagerAPI] [OnUnloadMap] Unloading
[Info   :  SHCDE-SE] [T1-14:23:18.890] [GameAfterImageManager] [OnUnloadMap] Unloading active effects
[Info   :  SHCDE-SE] [T1-14:23:18.890] [GameBundleManager] [OnUnloadMap] Unloading
[Info   :AIV Lobby Preset Test] Preset Prepare entered; config=E:\ProgrammeE\Steam\steamapps\common\Stronghold Crusader Definitive Edition\BepInEx\config\AivLobbyPresetTest.json, lobby=True
[Info   :AIV Lobby Preset Test] Test series run 1/1: CC-A-on, Completed Castles=1
[Info   :AIV Lobby Preset Test] Validated lobby preset: Craggy Cliffs.map, players=8, mapSha256=C46B71C941EA299D1CA82C4F9649601E41F80517F05885ECDDA39DEEE5E4EF25
[Warning:  SHCDE-SE] [T1-14:23:18.969] [MapArchive] [.ctor] ZIP EOCD-Header not found for [E:\ProgrammeE\Steam\steamapps\common\Stronghold Crusader Definitive Edition\Stronghold Crusader Definitive Edition_Data\StreamingAssets\Maps\Crater Lake.map]. Not a valid archive.
[Warning:  SHCDE-SE] [T1-14:23:18.977] [MapArchive] [.ctor] ZIP EOCD-Header not found for [E:\ProgrammeE\Steam\steamapps\common\Stronghold Crusader Definitive Edition\Stronghold Crusader Definitive Edition_Data\StreamingAssets\Maps\Crater Lake.map]. Not a valid archive.
[Warning:  SHCDE-SE] [T1-14:23:18.982] [MapArchive] [.ctor] ZIP EOCD-Header not found for [E:\ProgrammeE\Steam\steamapps\common\Stronghold Crusader Definitive Edition\Stronghold Crusader Definitive Edition_Data\StreamingAssets\Maps\Crater Lake.map]. Not a valid archive.
[Info   :CastlePlanner] [2026-09-24 14:23:18.989] AIV lobby placement: active=True, host=True.
[Debug  :Bugfixes and QoL] [2026-09-24 14:23:19.002] Bugfixes and QoL market-goods visuals resolved: icons=20/20, localizedNames=20/20, gameSprites=747.
[Debug  :Extended Data] [2026-09-24 14:23:19.198] Initialized custom presentation for Coop Trail 1; phase=loaded.
[Debug  :Extended Data] [2026-09-24 14:23:19.199] Initialized custom presentation for Coop Trail 2; phase=loaded.
[Debug  :Extended Data] [2026-09-24 14:23:19.199] Initialized custom presentation for Coop Trail 3; phase=loaded.
[Debug  :Extended Data] [2026-09-24 14:23:19.199] Initialized custom presentation for Coop Trail 4; phase=loaded.
[Info   :AIV Lobby Preset Test] Lobby observed: skirmish=True, host=True, visible=True, panelActive=True, managedViewNull=False, noesisViewNull=False
[Info   :AIV Lobby Preset Test] Lobby bridge before Tick: assembly=E:\ProgrammeE\Steam\steamapps\common\Stronghold Crusader Definitive Edition\BepInEx\plugins\APIShared_Serp\APIShared.dll, owner=AivLobbyPresetTest_Serp, callback=AivLobbyPresetTest.AivLobbyPresetTestPlugin, sameLobby=True, prepared=False, active=True, applyAttempted=False
[Info   :AIV Lobby Preset Test] Preset Prepare entered; config=E:\ProgrammeE\Steam\steamapps\common\Stronghold Crusader Definitive Edition\BepInEx\config\AivLobbyPresetTest.json, lobby=True
[Info   :AIV Lobby Preset Test] Test series run 1/1: CC-A-on, Completed Castles=1
[Info   :AIV Lobby Preset Test] Validated lobby preset: Craggy Cliffs.map, players=8, mapSha256=C46B71C941EA299D1CA82C4F9649601E41F80517F05885ECDDA39DEEE5E4EF25
[Info   :AIV Lobby Preset Test] Preset Apply entered; map=E:\ProgrammeE\Steam\steamapps\common\Stronghold Crusader Definitive Edition\Stronghold Crusader Definitive Edition_Data\StreamingAssets\Maps\Craggy Cliffs.map, players=8
[Warning:  SHCDE-SE] [T1-14:23:19.240] [MapArchive] [.ctor] ZIP EOCD-Header not found for [E:\ProgrammeE\Steam\steamapps\common\Stronghold Crusader Definitive Edition\Stronghold Crusader Definitive Edition_Data\StreamingAssets\Maps\Craggy Cliffs.map]. Not a valid archive.
[Warning:  SHCDE-SE] [T1-14:23:19.247] [MapArchive] [.ctor] ZIP EOCD-Header not found for [E:\ProgrammeE\Steam\steamapps\common\Stronghold Crusader Definitive Edition\Stronghold Crusader Definitive Edition_Data\StreamingAssets\Maps\Craggy Cliffs.map]. Not a valid archive.
[Info   :AIV Lobby Preset Test] Preset player=1 lord=human keepSlot=0 keep=264,401
[Info   :AIV Lobby Preset Test] Preset player=2 lord=12 keepSlot=1 keep=330,333 AIV=Default 6 rotation=auto aivDataSha256=F1D404B8018A15FA56F7ED340D54FFC544CBC507589C2DD757D4E6C00CE64158
[Info   :AIV Lobby Preset Test] Preset player=3 lord=3 keepSlot=2 keep=398,258 AIV=Default 8 rotation=auto aivDataSha256=7EE4519EAFBC46C7C1954F2941BC6F1C72BCC8E26853476BA053A8D168BB7110
[Info   :AIV Lobby Preset Test] Preset player=4 lord=14 keepSlot=3 keep=377,515 AIV=Default 7 rotation=auto aivDataSha256=DE54F8D2382B33263BBF3F8E8C6E1C9D64DFFEE9AEFC4F49F622557084BD8D1D
[Info   :AIV Lobby Preset Test] Preset player=5 lord=11 keepSlot=4 keep=418,519 AIV=Default 1 rotation=auto aivDataSha256=70C520BEA3D658F2B7F591630D9B30B493D7C80D32883444792F3D0B8A911D84
[Info   :AIV Lobby Preset Test] Preset player=6 lord=15 keepSlot=5 keep=481,397 AIV=Default 2 rotation=auto aivDataSha256=5B6CA96B80D5F35EC83125E58E15E42D59B125B92DEAD469C321E1EC845B6A41
[Info   :AIV Lobby Preset Test] Preset player=7 lord=16 keepSlot=6 keep=506,352 AIV=Default 5 rotation=auto aivDataSha256=2A0550938D2DDD4797800159589F287D0CCA9F77C48027880CB1153C69DE6DD0
[Info   :AIV Lobby Preset Test] Preset player=8 lord=18 keepSlot=7 keep=535,396 AIV=Default 4 rotation=auto aivDataSha256=3CC85D84AF2DB6CA50BA83A183642E850B1B06933C395CD6AD9DE38CB58C9385
[Info   :AIV Lobby Preset Test] Test series preset applied: CC-A-on, Completed Castles=1.
[Info   :AIV Lobby Preset Test] Lobby bridge after Tick: assembly=E:\ProgrammeE\Steam\steamapps\common\Stronghold Crusader Definitive Edition\BepInEx\plugins\APIShared_Serp\APIShared.dll, owner=AivLobbyPresetTest_Serp, callback=AivLobbyPresetTest.AivLobbyPresetTestPlugin, sameLobby=True, prepared=True, active=True, applyAttempted=True
[Info   :CastlePlanner] [2026-09-24 14:23:20.165] AIV lobby placement result: generation=2, playerId=2, preBuild=1, status=Complete, evaluableCandidates=1/1, selectedCandidate=0, rotation=Degrees270, possibleCandidates=0, possibleRotations=Degrees270, reason=None: .
[Info   :CastlePlanner] [2026-09-24 14:23:20.165] AIV lobby placement result: generation=2, playerId=3, preBuild=1, status=NotEvaluable, evaluableCandidates=0/0, selectedCandidate=none, rotation=unknown, possibleCandidates=unproven, possibleRotations=unproven, reason=RequestNotReady: PreBuildSequenceUnsupported.
[Info   :CastlePlanner] [2026-09-24 14:23:20.166] AIV lobby placement result: generation=2, playerId=4, preBuild=1, status=NotEvaluable, evaluableCandidates=0/0, selectedCandidate=none, rotation=unknown, possibleCandidates=unproven, possibleRotations=unproven, reason=RequestNotReady: PreBuildSequenceUnsupported.
[Info   :CastlePlanner] [2026-09-24 14:23:20.166] AIV lobby placement result: generation=2, playerId=5, preBuild=1, status=NotEvaluable, evaluableCandidates=0/0, selectedCandidate=none, rotation=unknown, possibleCandidates=unproven, possibleRotations=unproven, reason=RequestNotReady: PreBuildSequenceUnsupported.
[Info   :CastlePlanner] [2026-09-24 14:23:20.166] AIV lobby placement result: generation=2, playerId=6, preBuild=1, status=NotEvaluable, evaluableCandidates=0/0, selectedCandidate=none, rotation=unknown, possibleCandidates=unproven, possibleRotations=unproven, reason=RequestNotReady: PreBuildSequenceUnsupported.
[Info   :CastlePlanner] [2026-09-24 14:23:20.166] AIV lobby placement result: generation=2, playerId=7, preBuild=1, status=NotEvaluable, evaluableCandidates=0/0, selectedCandidate=none, rotation=unknown, possibleCandidates=unproven, possibleRotations=unproven, reason=RequestNotReady: PreBuildSequenceUnsupported.
[Info   :CastlePlanner] [2026-09-24 14:23:20.166] AIV lobby placement result: generation=2, playerId=8, preBuild=1, status=NotEvaluable, evaluableCandidates=0/0, selectedCandidate=none, rotation=unknown, possibleCandidates=unproven, possibleRotations=unproven, reason=RequestNotReady: PreBuildSequenceUnsupported.
[Info   :Active AIV Detector] [2026-09-24 14:23:20.727] Captured skirmish option before StartSkirmishGame: advopt_pre_build=1, mode=enabled.
[Info   :Active AIV Detector] [2026-09-24 14:23:20.729] Captured lord/AIV metadata for 7 AI lobby slots before StartSkirmishGame.
[Info   :  SHCDE-SE] [T1-14:23:20.793] [BulkMapLoaderDetours] [c_game_unload_map_hook_impl] pTileManager=00007FFAB29AEDB0, preventNotification=False
[Info   :  SHCDE-SE] [T1-14:23:20.793] [GameMapArchiveManagerAPI] [OnUnloadMap] Unloading archive
[Info   :  SHCDE-SE] [T1-14:23:20.793] [GameMapArchiveManagerAPI] [RemoveActiveArchive] Attempting to remove active archive
[Info   :  SHCDE-SE] [T1-14:23:20.793] [LuaManager] [OnUnloadMap] Attempting to unload lua state due to event, phase: Pre
[Info   :  SHCDE-SE] [T1-14:23:20.793] [LuaManager] [TryUnload] Attempting to unload lua state
[Warning:  SHCDE-SE] [T1-14:23:20.793] [LuaManager] [TryUnload] Lua state already unloaded!
[Info   :  SHCDE-SE] [T1-14:23:20.793] [DeterministicRandom] [OnUnloadMap] uninitializing shared state.
[Info   :  SHCDE-SE] [T1-14:23:20.793] [GamePlayerManagerAPI] [OnUnloadMap] Unloading
[Info   :  SHCDE-SE] [T1-14:23:20.793] [GameUnitManagerAPI] [OnUnloadMap] Unloading
[Info   :  SHCDE-SE] [T1-14:23:20.793] [GameBuildingManagerAPI] [OnUnloadMap] Unloading
[Info   :  SHCDE-SE] [T1-14:23:20.793] [GameMetadataManagerAPI] [OnUnloadMap] Unloading metadata
[Info   :  SHCDE-SE] [T1-14:23:20.793] [GameSoundManagerAPI] [Unload] Unloading sounds
[Info   :  SHCDE-SE] [T1-14:23:20.793] [GameSoundManagerAPI] [Unload] Unloading sounds complete
[Info   :  SHCDE-SE] [T1-14:23:20.793] [GameTriggerManager] [OnUnloadMap] Unloading
[Info   :  SHCDE-SE] [T1-14:23:20.793] [GameTimeManagerAPI] [OnUnloadMap] Unloading
[Info   :  SHCDE-SE] [T1-14:23:20.793] [GameAfterImageManager] [OnUnloadMap] Unloading active effects
[Info   :  SHCDE-SE] [T1-14:23:20.793] [GameBundleManager] [OnUnloadMap] Unloading
[Info   :  SHCDE-SE] [T1-14:23:20.823] [GameMapArchiveManagerAPI] [OnUnloadMap] Unloading archive
[Info   :  SHCDE-SE] [T1-14:23:20.823] [GameMapArchiveManagerAPI] [RemoveActiveArchive] Attempting to remove active archive
[Info   :  SHCDE-SE] [T1-14:23:20.823] [DeterministicRandom] [OnUnloadMap] uninitializing shared state.
[Info   :  SHCDE-SE] [T1-14:23:20.823] [GamePlayerManagerAPI] [OnUnloadMap] Unloading
[Info   :  SHCDE-SE] [T1-14:23:20.823] [GameUnitManagerAPI] [OnUnloadMap] Unloading
[Info   :  SHCDE-SE] [T1-14:23:20.823] [GameBuildingManagerAPI] [OnUnloadMap] Unloading
[Info   :  SHCDE-SE] [T1-14:23:20.823] [GameMetadataManagerAPI] [OnUnloadMap] Unloading metadata
[Info   :  SHCDE-SE] [T1-14:23:20.823] [GameSoundManagerAPI] [Unload] Unloading sounds
[Info   :  SHCDE-SE] [T1-14:23:20.823] [GameSoundManagerAPI] [Unload] Unloading sounds complete
[Info   :  SHCDE-SE] [T1-14:23:20.823] [GameTriggerManager] [OnUnloadMap] Unloading
[Info   :  SHCDE-SE] [T1-14:23:20.823] [GameTimeManagerAPI] [OnUnloadMap] Unloading
[Info   :  SHCDE-SE] [T1-14:23:20.823] [GameAfterImageManager] [OnUnloadMap] Unloading active effects
[Info   :  SHCDE-SE] [T1-14:23:20.823] [GameBundleManager] [OnUnloadMap] Unloading
[Info   :  SHCDE-SE] [T1-14:23:20.831] [BulkMapLoaderDetours] [c_game_unload_map_hook_impl] pTileManager=00007FFAB29AEDB0, preventNotification=False
[Info   :  SHCDE-SE] [T1-14:23:20.831] [GameMapArchiveManagerAPI] [OnUnloadMap] Unloading archive
[Info   :  SHCDE-SE] [T1-14:23:20.831] [GameMapArchiveManagerAPI] [RemoveActiveArchive] Attempting to remove active archive
[Info   :  SHCDE-SE] [T1-14:23:20.831] [LuaManager] [OnUnloadMap] Attempting to unload lua state due to event, phase: Pre
[Info   :  SHCDE-SE] [T1-14:23:20.831] [LuaManager] [TryUnload] Attempting to unload lua state
[Warning:  SHCDE-SE] [T1-14:23:20.831] [LuaManager] [TryUnload] Lua state already unloaded!
[Info   :  SHCDE-SE] [T1-14:23:20.831] [DeterministicRandom] [OnUnloadMap] uninitializing shared state.
[Info   :  SHCDE-SE] [T1-14:23:20.831] [GamePlayerManagerAPI] [OnUnloadMap] Unloading
[Info   :  SHCDE-SE] [T1-14:23:20.831] [GameUnitManagerAPI] [OnUnloadMap] Unloading
[Info   :  SHCDE-SE] [T1-14:23:20.831] [GameBuildingManagerAPI] [OnUnloadMap] Unloading
[Info   :  SHCDE-SE] [T1-14:23:20.831] [GameMetadataManagerAPI] [OnUnloadMap] Unloading metadata
[Info   :  SHCDE-SE] [T1-14:23:20.831] [GameSoundManagerAPI] [Unload] Unloading sounds
[Info   :  SHCDE-SE] [T1-14:23:20.831] [GameSoundManagerAPI] [Unload] Unloading sounds complete
[Info   :  SHCDE-SE] [T1-14:23:20.831] [GameTriggerManager] [OnUnloadMap] Unloading
[Info   :  SHCDE-SE] [T1-14:23:20.831] [GameTimeManagerAPI] [OnUnloadMap] Unloading
[Info   :  SHCDE-SE] [T1-14:23:20.831] [GameAfterImageManager] [OnUnloadMap] Unloading active effects
[Info   :  SHCDE-SE] [T1-14:23:20.831] [GameBundleManager] [OnUnloadMap] Unloading
[Info   :  SHCDE-SE] [T1-14:23:20.848] [GameMapArchiveManagerAPI] [OnUnloadMap] Unloading archive
[Info   :  SHCDE-SE] [T1-14:23:20.848] [GameMapArchiveManagerAPI] [RemoveActiveArchive] Attempting to remove active archive
[Info   :  SHCDE-SE] [T1-14:23:20.848] [DeterministicRandom] [OnUnloadMap] uninitializing shared state.
[Info   :  SHCDE-SE] [T1-14:23:20.848] [GamePlayerManagerAPI] [OnUnloadMap] Unloading
[Info   :  SHCDE-SE] [T1-14:23:20.848] [GameUnitManagerAPI] [OnUnloadMap] Unloading
[Info   :  SHCDE-SE] [T1-14:23:20.848] [GameBuildingManagerAPI] [OnUnloadMap] Unloading
[Info   :  SHCDE-SE] [T1-14:23:20.848] [GameMetadataManagerAPI] [OnUnloadMap] Unloading metadata
[Info   :  SHCDE-SE] [T1-14:23:20.848] [GameSoundManagerAPI] [Unload] Unloading sounds
[Info   :  SHCDE-SE] [T1-14:23:20.848] [GameSoundManagerAPI] [Unload] Unloading sounds complete
[Info   :  SHCDE-SE] [T1-14:23:20.848] [GameTriggerManager] [OnUnloadMap] Unloading
[Info   :  SHCDE-SE] [T1-14:23:20.848] [GameTimeManagerAPI] [OnUnloadMap] Unloading
[Info   :  SHCDE-SE] [T1-14:23:20.848] [GameAfterImageManager] [OnUnloadMap] Unloading active effects
[Info   :  SHCDE-SE] [T1-14:23:20.848] [GameBundleManager] [OnUnloadMap] Unloading
[Info   :  SHCDE-SE] [T1-14:23:20.848] [BulkAIDetours] [c_game_dll_importaiv_hook_impl] Loaded AIV bank=-1, variant=-1, elementCount=0, isCustom=0
[Info   :  SHCDE-SE] [T1-14:23:20.849] [BulkAIDetours] [c_game_dll_importaiv_hook_impl] Loaded AIV bank=1, variant=0, elementCount=1678, isCustom=1
[Info   :  SHCDE-SE] [T1-14:23:20.850] [BulkAIDetours] [c_game_dll_importaiv_hook_impl] Loaded AIV bank=2, variant=0, elementCount=1562, isCustom=1
[Info   :  SHCDE-SE] [T1-14:23:20.850] [BulkAIDetours] [c_game_dll_importaiv_hook_impl] Loaded AIV bank=3, variant=0, elementCount=651, isCustom=1
[Info   :  SHCDE-SE] [T1-14:23:20.850] [BulkAIDetours] [c_game_dll_importaiv_hook_impl] Loaded AIV bank=4, variant=0, elementCount=1006, isCustom=1
[Info   :  SHCDE-SE] [T1-14:23:20.850] [BulkAIDetours] [c_game_dll_importaiv_hook_impl] Loaded AIV bank=5, variant=0, elementCount=1301, isCustom=1
[Info   :  SHCDE-SE] [T1-14:23:20.850] [BulkAIDetours] [c_game_dll_importaiv_hook_impl] Loaded AIV bank=6, variant=0, elementCount=1082, isCustom=1
[Info   :  SHCDE-SE] [T1-14:23:20.850] [BulkAIDetours] [c_game_dll_importaiv_hook_impl] Loaded AIV bank=7, variant=0, elementCount=284, isCustom=1
[Info   : APIShared] [2026-09-24 14:23:20.851] MissionInitialization: session=1, source=NewGame, mode=CustomGame, phase=BeforeLoad, reason=None, started=False, replay=False.
[Info   :Active AIV Detector] [2026-09-24 14:23:20.853] Active AIV detector reset for map load; waiting for finalized AI selections. retainedPendingLobbyMetadata=True, retainedPendingPreBuildSetting=True.
[Info   :Unit Limit] [2026-09-24 14:23:20.908] [Unit Limit] gameplay-mod gate: modGuid=UnitLimit_Serp, source=MissionInitialization(BeforeLoad, session=1), kind=CustomGame, launchVariant=Standard, customized=False, customizedOrigin=0, modeAllowed=True, configuredEnabled=True, effectiveEnabled=True, action=enabled, reason=custom-game.
[Info   :Unit Limit] [2026-09-24 14:23:20.908] [UnitLimit_Serp] gameplay-feature gate: feature=UnitLimitEnforcement, source=MissionInitialization(BeforeLoad, session=1), kind=CustomGame, launchVariant=Standard, realMultiplayer=False, modeAllowed=True, action=enabled, reason=feature-context-allowed.
[Debug  :Unit Limit] [2026-09-24 14:23:20.909] Subscribing unit limit runtime hooks
[Debug  :Unit Limit] [2026-09-24 14:23:20.910] ActiveUnitCache hooks subscribed.
[Debug  :Unit Limit] [2026-09-24 14:23:20.910] ActiveSiegeTentCache hooks subscribed.
[Debug  :Unit Limit] [2026-09-24 14:23:20.911] UnitLimit MakeTroop GameAction hook installed.
[Debug  :Unit Limit] [2026-09-24 14:23:20.914] UnitLimit create troop hover hooks installed.
[Debug  :Unit Limit] [2026-09-24 14:23:20.915] UnitLimit recruitment availability UI hook installed.
[Debug  :Unit Limit] [2026-09-24 14:23:20.917] UnitLimit siege build hover hooks installed.
[Debug  :Unit Limit] [2026-09-24 14:23:20.918] Unit limit runtime hooks subscribed
[Debug  :Unit Limit] [2026-09-24 14:23:20.919] Applied active unit limit rules: 32
[Info   :Extra Features] [2026-09-24 14:23:20.923] [Extra Features] gameplay-mod gate: modGuid=ExtraFeatures_Serp, source=MissionInitialization(BeforeLoad, session=1), kind=CustomGame, launchVariant=Standard, customized=False, customizedOrigin=0, modeAllowed=True, configuredEnabled=True, effectiveEnabled=True, action=enabled, reason=custom-game.
[Info   :Extra Features] [2026-09-24 14:23:20.923] [ExtraFeatures_Serp] gameplay-feature gate: feature=LordHealthMultipliers, source=MissionInitialization(BeforeLoad, session=1), kind=CustomGame, launchVariant=Standard, realMultiplayer=False, modeAllowed=True, action=enabled, reason=feature-context-allowed.
[Info   :  SHCDE-SE] [T1-14:23:20.927] [X64InlineHook] ["drawbridgeHeightFailureWriterHook"] compiled stub at 0x00007FFA3EA81D00, size: 255 bytes (target: 0x00007FFAAE9C870B).
[Info   :  SHCDE-SE] [T1-14:23:20.927] [X64InlineHook] ["aivAudienceCaptureHook"] compiled stub at 0x00007FFA3EA82060, size: 270 bytes (target: 0x00007FFAAE9A9730).
[Info   :  SHCDE-SE] [T1-14:23:20.928] [X64InlineHook] ["aivHeightGateHook"] compiled stub at 0x00007FFA3EB0FE10, size: 81 bytes (target: 0x00007FFAAE9A9827).
[Info   :  SHCDE-SE] [T1-14:23:20.928] [X64InlineHook] ["moatCommandHeightGateHook"] compiled stub at 0x00007FFA3EA82410, size: 104 bytes (target: 0x00007FFAAE9ACC1E).
[Info   :  SHCDE-SE] [T1-14:23:20.929] [X64InlineHook] ["sharedHeightGateHook"] compiled stub at 0x00007FFA3EA825B0, size: 116 bytes (target: 0x00007FFAAE9C04CC).
[Info   :  SHCDE-SE] [T1-14:23:20.929] [X64InlineHook] ["aivCompletedHeightHook"] compiled stub at 0x00007FFA3EA82790, size: 272 bytes (target: 0x00007FFAAE9A99E7).
[Info   :  SHCDE-SE] [T1-14:23:20.929] [X64InlineHook] ["excavationCompletedHeightHook"] compiled stub at 0x00007FFA3EA82B20, size: 271 bytes (target: 0x00007FFAAE9B3A65).
[Info   :  SHCDE-SE] [T1-14:23:20.930] [X64InlineHook] ["loweredDrawbridgeHeightWriteHook"] compiled stub at 0x00007FFA3EA82EB0, size: 73 bytes (target: 0x00007FFAAE9B4546).
[Info   :  SHCDE-SE] [T1-14:23:20.930] [X64InlineHook] ["directCompletedHeightHook"] compiled stub at 0x00007FFA3EA82FC0, size: 277 bytes (target: 0x00007FFAAE9C05F7).
[Info   :  SHCDE-SE] [T1-14:23:20.931] [X64InlineHook] ["completedDrawbridgeHeightWriteHook"] compiled stub at 0x00007FFA3EA83350, size: 89 bytes (target: 0x00007FFAAE9C3B35).
[Info   :  SHCDE-SE] [T1-14:23:20.932] [X64InlineHook] ["drawbridgeSpecialRendererHook"] compiled stub at 0x00007FFA3EA83480, size: 100 bytes (target: 0x00007FFAAE995820).
[Info   :  SHCDE-SE] [T1-14:23:20.933] [X64InlineHook] ["drawbridgeAnimatedRendererArgumentsHook"] compiled stub at 0x00007FFA3EA83610, size: 116 bytes (target: 0x00007FFAAE993BA2).
[Info   :  SHCDE-SE] [T1-14:23:20.933] [X64InlineHook] ["drawbridgeStaticRendererArgumentsHook"] compiled stub at 0x00007FFA3EA837A0, size: 90 bytes (target: 0x00007FFAAE994EDD).
[Info   :  SHCDE-SE] [T1-14:23:20.934] [X64InlineHook] ["unitDrawbridgeHeightCorrectionHook"] compiled stub at 0x00007FFA3EAE0000, size: 100 bytes (target: 0x00007FFAAEAD511C).
[Info   :  SHCDE-SE] [T1-14:23:20.934] [X64InlineHook] ["plannedMoatCancellationHook"] compiled stub at 0x00007FFA3EAE0140, size: 270 bytes (target: 0x00007FFAAE9C0562).
[Info   :  SHCDE-SE] [T1-14:23:20.934] [X64InlineHook] ["directRemovalHeightHook"] compiled stub at 0x00007FFA3EAE04F0, size: 278 bytes (target: 0x00007FFAAE9C0621).
[Info   :  SHCDE-SE] [T1-14:23:20.935] [X64InlineHook] ["footprintRemovalHeightHook"] compiled stub at 0x00007FFA3EAE0890, size: 270 bytes (target: 0x00007FFAAE9B23DA).
[Info   :  SHCDE-SE] [T1-14:23:20.935] [X64InlineHook] ["objectRemovalHeightHook"] compiled stub at 0x00007FFA3EAE0C10, size: 274 bytes (target: 0x00007FFAAE9BCAA1).
[Info   :  SHCDE-SE] [T1-14:23:20.935] [X64InlineHook] ["moatWorkCompletionHeightHook"] compiled stub at 0x00007FFA3EAE0F90, size: 277 bytes (target: 0x00007FFAAE9B94BD).
[Info   :  SHCDE-SE] [T1-14:23:20.935] [X64InlineHook] ["areaRemovalHeightHook"] compiled stub at 0x00007FFA3EAE1320, size: 276 bytes (target: 0x00007FFAAEA3DA77).
[Info   :  SHCDE-SE] [T1-14:23:20.935] [X64InlineHook] ["drawbridgeHeightFailureWriterHook"] hook enabled at 0x00007FFAAE9C870B, stub 0x00007FFA3EA81D00.
[Info   :  SHCDE-SE] [T1-14:23:20.935] [X64InlineHook] ["aivAudienceCaptureHook"] hook enabled at 0x00007FFAAE9A9730, stub 0x00007FFA3EA82060.
[Info   :  SHCDE-SE] [T1-14:23:20.935] [X64InlineHook] ["aivHeightGateHook"] hook enabled at 0x00007FFAAE9A9827, stub 0x00007FFA3EB0FE10.
[Info   :  SHCDE-SE] [T1-14:23:20.935] [X64InlineHook] ["moatCommandHeightGateHook"] hook enabled at 0x00007FFAAE9ACC1E, stub 0x00007FFA3EA82410.
[Info   :  SHCDE-SE] [T1-14:23:20.935] [X64InlineHook] ["sharedHeightGateHook"] hook enabled at 0x00007FFAAE9C04CC, stub 0x00007FFA3EA825B0.
[Info   :  SHCDE-SE] [T1-14:23:20.935] [X64InlineHook] ["aivCompletedHeightHook"] hook enabled at 0x00007FFAAE9A99E7, stub 0x00007FFA3EA82790.
[Info   :  SHCDE-SE] [T1-14:23:20.935] [X64InlineHook] ["excavationCompletedHeightHook"] hook enabled at 0x00007FFAAE9B3A65, stub 0x00007FFA3EA82B20.
[Info   :  SHCDE-SE] [T1-14:23:20.935] [X64InlineHook] ["loweredDrawbridgeHeightWriteHook"] hook enabled at 0x00007FFAAE9B4546, stub 0x00007FFA3EA82EB0.
[Info   :  SHCDE-SE] [T1-14:23:20.935] [X64InlineHook] ["directCompletedHeightHook"] hook enabled at 0x00007FFAAE9C05F7, stub 0x00007FFA3EA82FC0.
[Info   :  SHCDE-SE] [T1-14:23:20.935] [X64InlineHook] ["completedDrawbridgeHeightWriteHook"] hook enabled at 0x00007FFAAE9C3B35, stub 0x00007FFA3EA83350.
[Info   :  SHCDE-SE] [T1-14:23:20.935] [X64InlineHook] ["drawbridgeSpecialRendererHook"] hook enabled at 0x00007FFAAE995820, stub 0x00007FFA3EA83480.
[Info   :  SHCDE-SE] [T1-14:23:20.935] [X64InlineHook] ["drawbridgeAnimatedRendererArgumentsHook"] hook enabled at 0x00007FFAAE993BA2, stub 0x00007FFA3EA83610.
[Info   :  SHCDE-SE] [T1-14:23:20.935] [X64InlineHook] ["drawbridgeStaticRendererArgumentsHook"] hook enabled at 0x00007FFAAE994EDD, stub 0x00007FFA3EA837A0.
[Info   :  SHCDE-SE] [T1-14:23:20.935] [X64InlineHook] ["unitDrawbridgeHeightCorrectionHook"] hook enabled at 0x00007FFAAEAD511C, stub 0x00007FFA3EAE0000.
[Info   :  SHCDE-SE] [T1-14:23:20.935] [X64InlineHook] ["plannedMoatCancellationHook"] hook enabled at 0x00007FFAAE9C0562, stub 0x00007FFA3EAE0140.
[Info   :  SHCDE-SE] [T1-14:23:20.935] [X64InlineHook] ["directRemovalHeightHook"] hook enabled at 0x00007FFAAE9C0621, stub 0x00007FFA3EAE04F0.
[Info   :  SHCDE-SE] [T1-14:23:20.935] [X64InlineHook] ["footprintRemovalHeightHook"] hook enabled at 0x00007FFAAE9B23DA, stub 0x00007FFA3EAE0890.
[Info   :  SHCDE-SE] [T1-14:23:20.935] [X64InlineHook] ["objectRemovalHeightHook"] hook enabled at 0x00007FFAAE9BCAA1, stub 0x00007FFA3EAE0C10.
[Info   :  SHCDE-SE] [T1-14:23:20.935] [X64InlineHook] ["moatWorkCompletionHeightHook"] hook enabled at 0x00007FFAAE9B94BD, stub 0x00007FFA3EAE0F90.
[Info   :  SHCDE-SE] [T1-14:23:20.935] [X64InlineHook] ["areaRemovalHeightHook"] hook enabled at 0x00007FFAAEA3DA77, stub 0x00007FFA3EAE1320.
[Info   :  SHCDE-SE] [T1-14:23:20.935] [HookTransaction[.ctor]] Commit: "20/20 installed, 0 failed, 8ms (0ms scanning)"
[Info   :Extra Features] [2026-09-24 14:23:20.935] Extra Features elevated-moat active; AI=True, human=False, editor=true, adaptiveDepth=8, healthReportInterval=4096 corrections.
[Debug  :Extra Features] [2026-09-24 14:23:20.935] Native address resolved: name=AI AIV placement helper, method=reference-rva, rva=0x5CD90.
[Info   :  SHCDE-SE] [T1-14:23:20.936] [Detour:placementHook] ["placementHook"] prepared at 0x00007FFAAE9ACD90 using Indirect: 10 bytes displaced, trampoline 0x00007FFA3EAE16A0.
[Info   :  SHCDE-SE] [T1-14:23:20.983] [HookTransaction[CreateOwnedTransaction]] Commit: "1/1 installed, 0 failed, 47ms (0ms scanning)"
[Debug  :Extra Features] [2026-09-24 14:23:20.983] AI defense rebuild registered through APIShared; placement hook installed at RVA 0x5CD90.
[Debug  :Extra Features] [2026-09-24 14:23:20.983] Extra Features apothecary plague-search maximum is now 50 (configured).
[Debug  :Extra Features] [2026-09-24 14:23:20.984] Extra Features feature hooks reconciled.
[Info   :Extra Features] [2026-09-24 14:23:20.984] Extra Features church priest counts applied: enabled=True, church2=2, church3=3.
[Debug  :Extra Features] [2026-09-24 14:23:20.985] Extra Features gatehouse diagnostic: button visibility state: hidden: map-inactive, editor=False.
[Info   :Building Costs] [2026-09-24 14:23:20.987] [Building Costs] gameplay-mod gate: modGuid=BuildingCosts_Serp, source=MissionInitialization(BeforeLoad, session=1), kind=CustomGame, launchVariant=Standard, customized=False, customizedOrigin=0, modeAllowed=True, configuredEnabled=True, effectiveEnabled=True, action=enabled, reason=custom-game.
[Info   :Building Costs] [2026-09-24 14:23:20.987] [BuildingCosts_Serp] gameplay-feature gate: feature=BuildingCostTooltip, source=MissionInitialization(BeforeLoad, session=1), kind=CustomGame, launchVariant=Standard, realMultiplayer=False, modeAllowed=True, action=enabled, reason=feature-context-allowed.
[Debug  :Building Costs] [2026-09-24 14:23:21.011] HUD_Main.UpdateRollover hook installed
[Debug  :Building Costs] [2026-09-24 14:23:21.011] Building cost runtime hooks subscribed
[Debug  :Building Costs] [2026-09-24 14:23:21.014] Applied building cost materials: 0
[Info   :Building Limit] [2026-09-24 14:23:21.015] [Building Limit] gameplay-mod gate: modGuid=BuildingLimit_Serp, source=MissionInitialization(BeforeLoad, session=1), kind=CustomGame, launchVariant=Standard, customized=False, customizedOrigin=0, modeAllowed=True, configuredEnabled=True, effectiveEnabled=True, action=enabled, reason=custom-game.
[Info   :Building Limit] [2026-09-24 14:23:21.015] [BuildingLimit_Serp] gameplay-feature gate: feature=BuildingLimitEnforcement, source=MissionInitialization(BeforeLoad, session=1), kind=CustomGame, launchVariant=Standard, realMultiplayer=False, modeAllowed=True, action=enabled, reason=feature-context-allowed.
[Debug  :Building Limit] [2026-09-24 14:23:21.015] Subscribing building limit runtime hooks
[Debug  :Building Limit] [2026-09-24 14:23:21.015] ActiveBuildingCache hooks subscribed.
[Debug  :Building Limit] [2026-09-24 14:23:21.017] HUD_Main.UpdateRollover building limit hook installed
[Debug  :Building Limit] [2026-09-24 14:23:21.018] Building limit runtime hooks subscribed
[Debug  :Building Limit] [2026-09-24 14:23:21.021] Applied active building limit rules: 93
[Info   :CastlePlanner] [2026-09-24 14:23:21.021] [CastlePlanner] gameplay-mod gate: modGuid=CastlePlanner_Serp, source=MissionInitialization(BeforeLoad, session=1), kind=CustomGame, launchVariant=Standard, customized=False, customizedOrigin=0, modeAllowed=True, configuredEnabled=True, effectiveEnabled=True, action=enabled, reason=custom-game.
[Info   :CastlePlanner] [2026-09-24 14:23:21.021] [CastlePlanner_Serp] gameplay-feature gate: feature=CastleSpawning, source=MissionInitialization(BeforeLoad, session=1), kind=CustomGame, launchVariant=Standard, realMultiplayer=False, modeAllowed=True, action=enabled, reason=feature-context-allowed.
[Info   :CastlePlanner] [2026-09-24 14:23:21.021] [CastlePlanner_Serp] gameplay-feature gate: feature=FreeCastlePreview, source=MissionInitialization(BeforeLoad, session=1), kind=CustomGame, launchVariant=Standard, realMultiplayer=False, modeAllowed=True, action=enabled, reason=feature-context-allowed.
[Info   :CastlePlanner] [2026-09-24 14:23:21.021] [CastlePlanner_Serp] gameplay-feature gate: feature=CastleBlueprints, source=MissionInitialization(BeforeLoad, session=1), kind=CustomGame, launchVariant=Standard, realMultiplayer=False, modeAllowed=True, action=enabled, reason=feature-context-allowed.
[Info   : Cheat Mod] [2026-09-24 14:23:21.022] [Cheat Mod] gameplay-mod gate: modGuid=CheatMod_Serp, source=MissionInitialization(BeforeLoad, session=1), kind=CustomGame, launchVariant=Standard, customized=False, customizedOrigin=0, modeAllowed=True, configuredEnabled=False, effectiveEnabled=False, action=restriction-lifted-setting-disabled, reason=custom-game.
[Info   : Cheat Mod] [2026-09-24 14:23:21.022] [CheatMod_Serp] gameplay-feature gate: feature=EndlessExtremePowersRecharge, source=MissionInitialization(BeforeLoad, session=1), kind=CustomGame, launchVariant=Standard, realMultiplayer=False, modeAllowed=True, action=enabled, reason=feature-context-allowed.
[Info   :Extreme Powers] [2026-09-24 14:23:21.022] [Extreme Powers] gameplay-mod gate: modGuid=ExtremePowers_Serp, source=MissionInitialization(BeforeLoad, session=1), kind=CustomGame, launchVariant=Standard, customized=False, customizedOrigin=0, modeAllowed=True, configuredEnabled=True, effectiveEnabled=True, action=enabled, reason=custom-game.
[Info   :Random Events] [2026-09-24 14:23:21.023] [Random Events] gameplay-mod gate: modGuid=RandomEvents_Serp, source=MissionInitialization(BeforeLoad, session=1), kind=CustomGame, launchVariant=Standard, customized=False, customizedOrigin=0, modeAllowed=True, configuredEnabled=True, effectiveEnabled=True, action=enabled, reason=custom-game.
[Info   :Random Events] [2026-09-24 14:23:21.023] [RandomEvents_Serp] gameplay-feature gate: feature=RandomEventsRuntime, source=MissionInitialization(BeforeLoad, session=1), kind=CustomGame, launchVariant=Standard, realMultiplayer=False, modeAllowed=True, action=enabled, reason=feature-context-allowed.
[Info   :Unit Costs] [2026-09-24 14:23:21.024] [Unit Costs] gameplay-mod gate: modGuid=UnitCosts_Serp, source=MissionInitialization(BeforeLoad, session=1), kind=CustomGame, launchVariant=Standard, customized=False, customizedOrigin=0, modeAllowed=True, configuredEnabled=True, effectiveEnabled=True, action=enabled, reason=custom-game.
[Info   :Unit Costs] [2026-09-24 14:23:21.024] [UnitCosts_Serp] gameplay-feature gate: feature=UnitCostEnforcement, source=MissionInitialization(BeforeLoad, session=1), kind=CustomGame, launchVariant=Standard, realMultiplayer=False, modeAllowed=True, action=enabled, reason=feature-context-allowed.
[Debug  :Unit Costs] [2026-09-24 14:23:21.026] UnitCosts MakeTroop GameAction hook installed.
[Debug  :Unit Costs] [2026-09-24 14:23:21.027] UnitCosts create troop hover hooks installed.
[Debug  :Unit Costs] [2026-09-24 14:23:21.029] UnitCosts siege build hover hooks installed.
[Debug  :Unit Costs] [2026-09-24 14:23:21.030] UnitCosts recruitment availability UI hook installed.
[Debug  :Unit Costs] [2026-09-24 14:23:21.030] UnitCosts runtime hooks subscribed
[Debug  :Unit Costs] [2026-09-24 14:23:21.032] Applied unit cost values: 0
[Debug  :Unit Costs] [2026-09-24 14:23:21.034] Applied human extra unit cost rows: 0
[Info   :  SHCDE-SE] [T1-14:23:21.040] [BulkMapLoaderDetours] [c_game_dll_loadmaptoplay_hook_impl] campaignMapID=4294967295, safeFileName=E:\ProgrammeE\Steam\steamapps\common\Stronghold Crusader Definitive Edition\Stronghold Crusader Definitive Edition_Data\StreamingAssets\Maps\Craggy Cliffs.map, length=316, retData=00000148A91D44A0, dummy=0, safeMapName=Craggy Cliffs.map, maplength=34, multiplayerSave=0, trailType=-1, trailID=0, allow_classic_bedouins=0
[Info   :  SHCDE-SE] [T1-14:23:21.042] [GameMapArchiveManagerAPI] [OnLoadMap] Loading archive from map file
[Info   :  SHCDE-SE] [T1-14:23:21.042] [GameMapArchiveManagerAPI] [LoadMapArchive] Loading archive: [E:\ProgrammeE\Steam\steamapps\common\Stronghold Crusader Definitive Edition\Stronghold Crusader Definitive Edition_Data\StreamingAssets\Maps\Craggy Cliffs.map]
[Warning:  SHCDE-SE] [T1-14:23:21.045] [MapArchive] [.ctor] ZIP EOCD-Header not found for [E:\ProgrammeE\Steam\steamapps\common\Stronghold Crusader Definitive Edition\Stronghold Crusader Definitive Edition_Data\StreamingAssets\Maps\Craggy Cliffs.map]. Not a valid archive.
[Info   :  SHCDE-SE] [T1-14:23:21.045] [GameMapArchiveManagerAPI] [LoadMapArchive] No existing archive found - will create on-demand if needed
[Info   :  SHCDE-SE] [T1-14:23:21.045] [ModSaveDataAPI] [ReadAllModDataFromArchive] Reading mod data from archive (IsSaveFile=False)
[Info   :  SHCDE-SE] [T1-14:23:21.045] [ModSaveDataAPI] [ReadAllModDataFromArchive] No archive exists - skipping mod data load (this is normal for new maps)
[Info   :  SHCDE-SE] [T1-14:23:21.045] [GameMapArchiveManagerAPI] [LoadMapArchive] Archive loaded (or will be created on-demand)
[Info   :  SHCDE-SE] [T1-14:23:21.045] [GameMapArchiveManagerAPI] [OnLoadMap] Archive Contents: [
]
[Info   :  SHCDE-SE] [T1-14:23:21.045] [LuaManager] [OnLoadMap] Attempting to create lua state due to event, phase: Pre
[Info   :  SHCDE-SE] [T1-14:23:21.047] [LuaManager] [TryLoad] Loading file: [E:\ProgrammeE\Steam\steamapps\common\Stronghold Crusader Definitive Edition\Stronghold Crusader Definitive Edition_Data\StreamingAssets\Maps\Craggy Cliffs.map]
[Info   :  SHCDE-SE] [T1-14:23:21.047] [LuaManager] [TryLoad] Loading [E:\ProgrammeE\Steam\steamapps\common\Stronghold Crusader Definitive Edition\Stronghold Crusader Definitive Edition_Data\StreamingAssets\Maps\Craggy Cliffs.map] - Archive mode.
[Warning:  SHCDE-SE] [T1-14:23:21.047] [LuaManager] [TryLoad] No Lua source found for [E:\ProgrammeE\Steam\steamapps\common\Stronghold Crusader Definitive Edition\Stronghold Crusader Definitive Edition_Data\StreamingAssets\Maps\Craggy Cliffs.map] and no lord AI or asset mod scripts registered. Skipping Lua init.
[Info   :  SHCDE-SE] [T1-14:23:21.047] [BulkMapLoaderDetours] [c_game_start_skirmish_game_handler_hook_impl] a1=000000375C399FC0, bMultiplayerSave=0, a3=0
[Info   : APIShared] [2026-09-24 14:23:21.047] MissionInitialization: session=1, source=NewGame, mode=CustomGame, phase=BeforeNativeStart, reason=None, started=False, replay=False.
[Debug  :Extra Features] [2026-09-24 14:23:21.048] Enemy-proximity runtime captured map mode: realMultiplayer=False, singleplayerSkirmishMode=True, singleplayerSkirmish=True, singleplayerTrail=False, mapEditor=False, multiplayerSave=False, directorAvailable=True, directorMultiplayer=False, directorSkirmish=False, lowLevelNetworked=True, platformMultiplayer=False, lobbyMembers=8, realLobbyMembers=0, skirmishLobbyMembers=8, gameMembers=8, realNetworkGameMembers=0, gameType=3, skirmishGameType=0, skirmishTrailType=-1, coopTrailId=0, kind=CustomGame, launchVariant=Standard, allowsCustomGameMods=True, allowsRegularGameplayMods=True, campaignMapId=0, eventTrailType=-1, customizedTrailId=-1, customizedMissionId=-1, customizedOriginKind=0, conflictingCustomizedOrigin=False.
[Debug  :Bugfixes and QoL] [2026-09-24 14:23:21.048] Post-game lobby handoff state reset: reason=map-start.
[Info   :AIV Lobby Preset Test] Test-series launch verified: CC-A-on, session=1.
[Debug  :CastlePlanner] [2026-09-24 14:23:21.080] OnStartMap(Pre) received: handledCurrentMap=False.
[Debug  :Extreme Powers] [2026-09-24 14:23:21.081] Extreme Powers map session captured: realMultiplayer=False, singleplayerSkirmishMode=True, singleplayerSkirmish=True, singleplayerTrail=False, mapEditor=False, multiplayerSave=False, directorAvailable=True, directorMultiplayer=False, directorSkirmish=False, lowLevelNetworked=True, platformMultiplayer=False, lobbyMembers=8, realLobbyMembers=0, skirmishLobbyMembers=8, gameMembers=8, realNetworkGameMembers=0, gameType=3, skirmishGameType=0, skirmishTrailType=-1, coopTrailId=0, kind=CustomGame, launchVariant=Standard, allowsCustomGameMods=True, allowsRegularGameplayMods=True, campaignMapId=0, eventTrailType=-1, customizedTrailId=-1, customizedMissionId=-1, customizedOriginKind=0, conflictingCustomizedOrigin=False, players=[1,2,3,4,5,6,7,8].
[Info   :  SHCDE-SE] [T1-14:23:21.081] [BulkMapLoaderDetours] [c_game_unload_map_hook_impl] pTileManager=00007FFAB29AEDB0, preventNotification=True
[Debug  :Building Limit] [2026-09-24 14:23:21.315] ActiveBuildingCache NotifyNativeSnapshotChanged read snapshot: buildingId 1 owner 1 type STRUCT_KEEP_TWO aliveState NeedsInit reason Created
[Debug  :Building Limit] [2026-09-24 14:23:21.317] ActiveBuildingCache UpdateSnapshot: buildingId 1 owner 1 type STRUCT_KEEP_TWO aliveState NeedsInit reason Created changed True
[Debug  :Building Limit] [2026-09-24 14:23:21.318] ActiveBuildingCache count changed: player 1 type STRUCT_KEEP_TWO old 0 new 1 delta 1 buildingId 1 reason Created
[Debug  :Building Limit] [2026-09-24 14:23:21.320] ActiveBuildingCache NotifyNativeSnapshotChanged read snapshot: buildingId 2 owner 1 type STRUCT_KEEPDOOR_LEFT aliveState NeedsInit reason Created
[Debug  :Building Limit] [2026-09-24 14:23:21.320] ActiveBuildingCache UpdateSnapshot: buildingId 2 owner 1 type STRUCT_KEEPDOOR_LEFT aliveState NeedsInit reason Created changed True
[Debug  :Building Limit] [2026-09-24 14:23:21.320] ActiveBuildingCache count changed: player 1 type STRUCT_KEEPDOOR_LEFT old 0 new 1 delta 1 buildingId 2 reason Created
[Debug  :Building Limit] [2026-09-24 14:23:21.320] ActiveBuildingCache NotifyNativeSnapshotChanged read snapshot: buildingId 3 owner 1 type STRUCT_KEEPDOOR aliveState NeedsInit reason Created
[Debug  :Building Limit] [2026-09-24 14:23:21.320] ActiveBuildingCache UpdateSnapshot: buildingId 3 owner 1 type STRUCT_KEEPDOOR aliveState NeedsInit reason Created changed True
[Debug  :Building Limit] [2026-09-24 14:23:21.320] ActiveBuildingCache count changed: player 1 type STRUCT_KEEPDOOR old 0 new 1 delta 1 buildingId 3 reason Created
[Debug  :Building Limit] [2026-09-24 14:23:21.320] ActiveBuildingCache NotifyNativeSnapshotChanged read snapshot: buildingId 4 owner 1 type STRUCT_KEEPDOOR_RIGHT aliveState NeedsInit reason Created
[Debug  :Building Limit] [2026-09-24 14:23:21.321] ActiveBuildingCache UpdateSnapshot: buildingId 4 owner 1 type STRUCT_KEEPDOOR_RIGHT aliveState NeedsInit reason Created changed True
[Debug  :Building Limit] [2026-09-24 14:23:21.321] ActiveBuildingCache count changed: player 1 type STRUCT_KEEPDOOR_RIGHT old 0 new 1 delta 1 buildingId 4 reason Created
[Debug  :Building Limit] [2026-09-24 14:23:21.321] ActiveBuildingCache NotifyNativeSnapshotChanged read snapshot: buildingId 5 owner 1 type STRUCT_CAMPGROUND aliveState NeedsInit reason Created
[Debug  :Building Limit] [2026-09-24 14:23:21.321] ActiveBuildingCache UpdateSnapshot: buildingId 5 owner 1 type STRUCT_CAMPGROUND aliveState NeedsInit reason Created changed True
[Debug  :Building Limit] [2026-09-24 14:23:21.321] ActiveBuildingCache count changed: player 1 type STRUCT_CAMPGROUND old 0 new 1 delta 1 buildingId 5 reason Created
[Debug  :Building Limit] [2026-09-24 14:23:21.321] ActiveBuildingCache NotifyNativeSnapshotChanged read snapshot: buildingId 6 owner 1 type STRUCT_GOODS_YARD aliveState NeedsInit reason Created
[Info   :     Fixes] [T1-14:23:21.321] [BuildingDetours] [.ctor] Build goodsyard for player 1: True
[Debug  :Building Limit] [2026-09-24 14:23:21.321] ActiveBuildingCache UpdateSnapshot: buildingId 6 owner 1 type STRUCT_GOODS_YARD aliveState NeedsInit reason Created changed True
[Debug  :Building Limit] [2026-09-24 14:23:21.321] ActiveBuildingCache count changed: player 1 type STRUCT_GOODS_YARD old 0 new 1 delta 1 buildingId 6 reason Created
[Debug  :Building Limit] [2026-09-24 14:23:21.321] ActiveBuildingCache NotifyNativeSnapshotChanged read snapshot: buildingId 7 owner 1 type STRUCT_GOODS_YARD aliveState NeedsInit reason Created
[Debug  :Building Limit] [2026-09-24 14:23:21.321] ActiveBuildingCache UpdateSnapshot: buildingId 7 owner 1 type STRUCT_GOODS_YARD aliveState NeedsInit reason Created changed True
[Debug  :Building Limit] [2026-09-24 14:23:21.321] ActiveBuildingCache count changed: player 1 type STRUCT_GOODS_YARD old 1 new 2 delta 1 buildingId 7 reason Created
[Debug  :Building Limit] [2026-09-24 14:23:21.321] ActiveBuildingCache NotifyNativeSnapshotChanged read snapshot: buildingId 8 owner 1 type STRUCT_GOODS_YARD aliveState NeedsInit reason Created
[Debug  :Building Limit] [2026-09-24 14:23:21.321] ActiveBuildingCache UpdateSnapshot: buildingId 8 owner 1 type STRUCT_GOODS_YARD aliveState NeedsInit reason Created changed True
[Debug  :Building Limit] [2026-09-24 14:23:21.321] ActiveBuildingCache count changed: player 1 type STRUCT_GOODS_YARD old 2 new 3 delta 1 buildingId 8 reason Created
[Debug  :Building Limit] [2026-09-24 14:23:21.321] ActiveBuildingCache NotifyNativeSnapshotChanged read snapshot: buildingId 9 owner 1 type STRUCT_GOODS_YARD aliveState NeedsInit reason Created
[Debug  :Building Limit] [2026-09-24 14:23:21.321] ActiveBuildingCache UpdateSnapshot: buildingId 9 owner 1 type STRUCT_GOODS_YARD aliveState NeedsInit reason Created changed True
[Debug  :Building Limit] [2026-09-24 14:23:21.321] ActiveBuildingCache count changed: player 1 type STRUCT_GOODS_YARD old 3 new 4 delta 1 buildingId 9 reason Created
[Info   :Active AIV Detector] [2026-09-24 14:23:21.344] Captured opt-in AIV cell trace 1/2048: playerId=2, candidateId=0, orientation=6, keep=(330,333), evaluated=2352, nativeBlocked=0, resultGridBlocked=0, validatorCalls=2352, validatorBlocked=0.
[Info   :     Fixes] [T1-14:23:21.356] [BuildingDetours] [.ctor] Build goodsyard for player 2: True
[Info   :Active AIV Detector] [2026-09-24 14:23:21.366] Started opt-in Oracle prebuild trace 1/8: playerId=2, aivStateAddress=0x7FFAB1DF9F70.
[Info   :Active AIV Detector] [2026-09-24 14:23:26.537] Captured opt-in AIV cell trace 2/2048: playerId=3, candidateId=0, orientation=4, keep=(398,258), evaluated=2068, nativeBlocked=10, resultGridBlocked=4, validatorCalls=2062, validatorBlocked=4.
[Info   :Active AIV Detector] [2026-09-24 14:23:26.538] Captured opt-in AIV cell trace 3/2048: playerId=3, candidateId=0, orientation=6, keep=(398,258), evaluated=2068, nativeBlocked=0, resultGridBlocked=0, validatorCalls=2068, validatorBlocked=0.
[Info   :     Fixes] [T1-14:23:26.550] [BuildingDetours] [.ctor] Build goodsyard for player 3: True
[Info   :Active AIV Detector] [2026-09-24 14:23:26.561] Started opt-in Oracle prebuild trace 2/8: playerId=3, aivStateAddress=0x7FFAB1DF9F70.
[Info   :Active AIV Detector] [2026-09-24 14:23:32.473] Captured opt-in AIV cell trace 4/2048: playerId=4, candidateId=0, orientation=0, keep=(377,515), evaluated=1770, nativeBlocked=0, resultGridBlocked=0, validatorCalls=1770, validatorBlocked=0.
[Info   :     Fixes] [T1-14:23:32.485] [BuildingDetours] [.ctor] Build goodsyard for player 4: True
[Info   :Active AIV Detector] [2026-09-24 14:23:32.494] Started opt-in Oracle prebuild trace 3/8: playerId=4, aivStateAddress=0x7FFAB1DF9F70.
[Info   :Active AIV Detector] [2026-09-24 14:23:33.883] Captured opt-in AIV cell trace 5/2048: playerId=5, candidateId=0, orientation=0, keep=(418,519), evaluated=2616, nativeBlocked=783, resultGridBlocked=699, validatorCalls=2532, validatorBlocked=699.
[Info   :Active AIV Detector] [2026-09-24 14:23:33.883] Captured opt-in AIV cell trace 6/2048: playerId=5, candidateId=0, orientation=2, keep=(418,519), evaluated=2616, nativeBlocked=547, resultGridBlocked=382, validatorCalls=2451, validatorBlocked=382.
[Info   :Active AIV Detector] [2026-09-24 14:23:33.884] Captured opt-in AIV cell trace 7/2048: playerId=5, candidateId=0, orientation=4, keep=(418,519), evaluated=2616, nativeBlocked=538, resultGridBlocked=509, validatorCalls=2587, validatorBlocked=509.
[Info   :Active AIV Detector] [2026-09-24 14:23:33.885] Captured opt-in AIV cell trace 8/2048: playerId=5, candidateId=0, orientation=6, keep=(418,519), evaluated=2616, nativeBlocked=639, resultGridBlocked=626, validatorCalls=2603, validatorBlocked=626.
[Info   :     Fixes] [T1-14:23:33.897] [BuildingDetours] [.ctor] Build goodsyard for player 5: True
[Info   :Active AIV Detector] [2026-09-24 14:23:33.908] Captured opt-in AIV cell trace 9/2048: playerId=6, candidateId=0, orientation=2, keep=(481,397), evaluated=2870, nativeBlocked=2, resultGridBlocked=2, validatorCalls=2870, validatorBlocked=2.
[Info   :Active AIV Detector] [2026-09-24 14:23:33.909] Captured opt-in AIV cell trace 10/2048: playerId=6, candidateId=0, orientation=4, keep=(481,397), evaluated=2870, nativeBlocked=5, resultGridBlocked=5, validatorCalls=2870, validatorBlocked=5.
[Info   :Active AIV Detector] [2026-09-24 14:23:33.910] Captured opt-in AIV cell trace 11/2048: playerId=6, candidateId=0, orientation=6, keep=(481,397), evaluated=2870, nativeBlocked=0, resultGridBlocked=0, validatorCalls=2870, validatorBlocked=0.
[Info   :     Fixes] [T1-14:23:33.921] [BuildingDetours] [.ctor] Build goodsyard for player 6: True
[Info   :Active AIV Detector] [2026-09-24 14:23:33.931] Started opt-in Oracle prebuild trace 4/8: playerId=6, aivStateAddress=0x7FFAB1DF9F70.
[Info   :Active AIV Detector] [2026-09-24 14:23:36.025] Captured opt-in AIV cell trace 12/2048: playerId=7, candidateId=0, orientation=2, keep=(506,352), evaluated=2077, nativeBlocked=359, resultGridBlocked=359, validatorCalls=2077, validatorBlocked=359.
[Info   :Active AIV Detector] [2026-09-24 14:23:36.026] Captured opt-in AIV cell trace 13/2048: playerId=7, candidateId=0, orientation=4, keep=(506,352), evaluated=2077, nativeBlocked=411, resultGridBlocked=411, validatorCalls=2077, validatorBlocked=411.
[Info   :Active AIV Detector] [2026-09-24 14:23:36.026] Captured opt-in AIV cell trace 14/2048: playerId=7, candidateId=0, orientation=6, keep=(506,352), evaluated=2077, nativeBlocked=364, resultGridBlocked=179, validatorCalls=1892, validatorBlocked=179.
[Info   :Active AIV Detector] [2026-09-24 14:23:36.027] Captured opt-in AIV cell trace 15/2048: playerId=7, candidateId=0, orientation=0, keep=(506,352), evaluated=2077, nativeBlocked=483, resultGridBlocked=257, validatorCalls=1851, validatorBlocked=257.
[Info   :     Fixes] [T1-14:23:36.038] [BuildingDetours] [.ctor] Build goodsyard for player 7: True
[Info   :Active AIV Detector] [2026-09-24 14:23:36.048] Started opt-in Oracle prebuild trace 5/8: playerId=7, aivStateAddress=0x7FFAB1DF9F70.
[Info   :Active AIV Detector] [2026-09-24 14:23:38.550] Captured opt-in AIV cell trace 16/2048: playerId=8, candidateId=0, orientation=2, keep=(535,396), evaluated=534, nativeBlocked=0, resultGridBlocked=0, validatorCalls=534, validatorBlocked=0.
[Info   :     Fixes] [T1-14:23:38.560] [BuildingDetours] [.ctor] Build goodsyard for player 8: True
[Info   :Active AIV Detector] [2026-09-24 14:23:38.571] Started opt-in Oracle prebuild trace 6/8: playerId=8, aivStateAddress=0x7FFAB1DF9F70.
[Info   :  SHCDE-SE] [T1-14:23:39.996] [LuaManager] [OnStartMap] Attempting to run init due to event, phase: Post
[Info   :  SHCDE-SE] [T1-14:23:39.997] [LuaManager] [TryRunInit] Attempting to execute lua-side init functions. Reason=NewGame
[Warning:  SHCDE-SE] [T1-14:23:39.997] [LuaManager] [TryRunInit] Lua state is null
[Info   :  SHCDE-SE] [T1-14:23:39.997] [DeterministicRandom] [OnStartMap] Initializing shared state.
[Info   :  SHCDE-SE] [T1-14:23:39.997] [DeterministicRandom] [InitializeSeedAsHost] Initializing random seed [345606536] as host.
[Warning:  SHCDE-SE] [T1-14:23:39.997] [GameNetworkAPI] [GetLocalPlayerId] Local SteamID [76561198102311542] has no assigned slot yet: returning -1
[Info   : APIShared] [2026-09-24 14:23:39.999] MissionInitialization: session=1, source=NewGame, mode=CustomGame, phase=AfterNativeStart, reason=None, started=False, replay=False.
[Debug  :Bugfixes and QoL] Corrupt Lord-data spawn fix session armed: session=1, eligible=True, phase=AfterNativeStart, startKind=NewGame, mode=CustomGame.
[Debug  :CastlePlanner] [2026-09-24 14:23:40.006] OnStartMap(Post) received: handledCurrentMap=False, preImports=0, keepPreSpawns=0, keepPostSpawns=0.
[Debug  :CastlePlanner] [2026-09-24 14:23:40.007] Game-mode diagnostics: campaignMapId=0, bMultiplayerSave=0, sharedRealMultiplayer=False, sharedSingleplayerSkirmish=True, sharedSingleplayerTrail=False, directorAvailable=True, directorMultiplayerGame=False, directorSkirmishModeGame=False, directorSimRunning=False, networkedEnvironment=True, networkActivePlayers=8, nativeLocalPlayerId=1, platformAvailable=True, platformMpGameActive=False, platformIsHost=False, activeLobbyAvailable=True, lobbyReportedMembers=8, lobbyMembers=8, lobbySkirmishMembers=8, lobbySkirmishHumans=1, lobbyNetworkHumans=0, gameMembers=8, realNetworkGameMembers=0, gameDataMultiplayerMap=False, gameDataSkirmishGameType=0, gameDataGameType=3.
[Debug  :CastlePlanner] [2026-09-24 14:23:40.007] Shared game-mode diagnostics: realMultiplayer=False, singleplayerSkirmishMode=True, singleplayerSkirmish=True, singleplayerTrail=False, mapEditor=False, multiplayerSave=False, directorAvailable=True, directorMultiplayer=False, directorSkirmish=False, lowLevelNetworked=True, platformMultiplayer=False, lobbyMembers=8, realLobbyMembers=0, skirmishLobbyMembers=8, gameMembers=8, realNetworkGameMembers=0, gameType=3, skirmishGameType=0, skirmishTrailType=-1, coopTrailId=0, kind=CustomGame, launchVariant=Standard, allowsCustomGameMods=True, allowsRegularGameplayMods=True, campaignMapId=0, eventTrailType=-1, customizedTrailId=-1, customizedMissionId=-1, customizedOriginKind=0, conflictingCustomizedOrigin=False.
[Debug  :CastlePlanner] [2026-09-24 14:23:40.007] Game-member diagnostics: [1:self=False,host=False,ai=False,steam=0,kicked=False | 2:self=False,host=False,ai=False,steam=0,kicked=False | 3:self=False,host=False,ai=False,steam=0,kicked=False | 4:self=False,host=False,ai=False,steam=0,kicked=False | 5:self=False,host=False,ai=False,steam=0,kicked=False | 6:self=False,host=False,ai=False,steam=0,kicked=False | 7:self=False,host=False,ai=False,steam=0,kicked=False | 8:self=False,host=False,ai=False,steam=0,kicked=False].
[Debug  :CastlePlanner] [2026-09-24 14:23:40.007] Active-player diagnostics (not used for multiplayer detection): [1:ai=False | 2:ai=True | 3:ai=True | 4:ai=True | 5:ai=True | 6:ai=True | 7:ai=True | 8:ai=True].
[Debug  :CastlePlanner] [2026-09-24 14:23:40.007] Native castle spawning skipped because this is not the committed restart pass.
[Info   :  SHCDE-SE] [T1-14:23:40.007] [GameMapArchiveManagerAPI] [OnLoadMap] Loading archive from map file
[Info   :  SHCDE-SE] [T1-14:23:40.007] [GameMapArchiveManagerAPI] [LoadMapArchive] Loading archive: [E:\ProgrammeE\Steam\steamapps\common\Stronghold Crusader Definitive Edition\Stronghold Crusader Definitive Edition_Data\StreamingAssets\Maps\Craggy Cliffs.map]
[Warning:  SHCDE-SE] [T1-14:23:40.011] [MapArchive] [.ctor] ZIP EOCD-Header not found for [E:\ProgrammeE\Steam\steamapps\common\Stronghold Crusader Definitive Edition\Stronghold Crusader Definitive Edition_Data\StreamingAssets\Maps\Craggy Cliffs.map]. Not a valid archive.
[Info   :  SHCDE-SE] [T1-14:23:40.011] [GameMapArchiveManagerAPI] [LoadMapArchive] No existing archive found - will create on-demand if needed
[Info   :  SHCDE-SE] [T1-14:23:40.011] [ModSaveDataAPI] [ReadAllModDataFromArchive] Reading mod data from archive (IsSaveFile=False)
[Info   :  SHCDE-SE] [T1-14:23:40.011] [ModSaveDataAPI] [ReadAllModDataFromArchive] No archive exists - skipping mod data load (this is normal for new maps)
[Info   :  SHCDE-SE] [T1-14:23:40.011] [GameMapArchiveManagerAPI] [LoadMapArchive] Archive loaded (or will be created on-demand)
[Info   :  SHCDE-SE] [T1-14:23:40.011] [GameMapArchiveManagerAPI] [OnLoadMap] Archive Contents: [
]
[Info   : APIShared] [2026-09-24 14:23:40.011] MissionInitialization: session=1, source=NewGame, mode=CustomGame, phase=NativeLoaded, reason=None, started=False, replay=False.
[Info   : APIShared] [2026-09-24 14:23:40.360] MissionStart: session=1, source=NewGame, mode=CustomGame, phase=ManagedReady, reason=None, started=True, replay=False.
[Info   :Bugfixes and QoL] [2026-09-24 14:23:40.372] RUNTIME_ACTIVE: firstTick=1.
[Info   :Active AIV Detector] [2026-09-24 14:23:40.379] Wrote opt-in Oracle prebuild trace: path=E:\ProgrammeE\Steam\steamapps\common\Stronghold Crusader Definitive Edition\BepInEx\plugins\ActiveAIVDetector_Serp\PrebuildTraces\oracle-prebuild-trace-20260924-142321-366-session001-p2-capture01.tsv, mapLoadSequence=1, playerId=2, frames=292, layerChanges=3842, beforeCaptureMs=2280,6, afterCaptureMs=2856,9, buildingRecordChanges=222, added=957, removed=0, replaced=0, pointerProblemFrames=0, captureErrorFrames=0.
[Info   :Active AIV Detector] [2026-09-24 14:23:40.379] Oracle prebuild highlighted mapper frame: playerId=2, frameIndex=2, mapper=52, returnValue=0, added=0, removed=0, replaced=0, pointerConsistent=True.
[Info   :Active AIV Detector] [2026-09-24 14:23:40.379] Oracle prebuild highlighted mapper frame: playerId=2, frameIndex=3, mapper=52, returnValue=0, added=0, removed=0, replaced=0, pointerConsistent=True.
[Info   :Active AIV Detector] [2026-09-24 14:23:40.379] Oracle prebuild highlighted mapper frame: playerId=2, frameIndex=28, mapper=105, returnValue=1, added=25, removed=0, replaced=0, pointerConsistent=True.
[Info   :Active AIV Detector] [2026-09-24 14:23:40.389] Wrote opt-in Oracle prebuild trace: path=E:\ProgrammeE\Steam\steamapps\common\Stronghold Crusader Definitive Edition\BepInEx\plugins\ActiveAIVDetector_Serp\PrebuildTraces\oracle-prebuild-trace-20260924-142326-561-session001-p3-capture02.tsv, mapLoadSequence=1, playerId=3, frames=337, layerChanges=3544, beforeCaptureMs=2608,9, afterCaptureMs=3281,0, buildingRecordChanges=295, added=1174, removed=0, replaced=0, pointerProblemFrames=0, captureErrorFrames=0.
[Info   :Active AIV Detector] [2026-09-24 14:23:40.389] Oracle prebuild highlighted mapper frame: playerId=3, frameIndex=2, mapper=52, returnValue=0, added=0, removed=0, replaced=0, pointerConsistent=True.
[Info   :Active AIV Detector] [2026-09-24 14:23:40.396] Wrote opt-in Oracle prebuild trace: path=E:\ProgrammeE\Steam\steamapps\common\Stronghold Crusader Definitive Edition\BepInEx\plugins\ActiveAIVDetector_Serp\PrebuildTraces\oracle-prebuild-trace-20260924-142332-494-session001-p4-capture03.tsv, mapLoadSequence=1, playerId=4, frames=80, layerChanges=3159, beforeCaptureMs=615,2, afterCaptureMs=762,4, buildingRecordChanges=46, added=982, removed=0, replaced=0, pointerProblemFrames=0, captureErrorFrames=0.
[Info   :Active AIV Detector] [2026-09-24 14:23:40.396] Oracle prebuild highlighted mapper frame: playerId=4, frameIndex=4, mapper=52, returnValue=0, added=0, removed=0, replaced=0, pointerConsistent=True.
[Info   :Active AIV Detector] [2026-09-24 14:23:40.396] Oracle prebuild highlighted mapper frame: playerId=4, frameIndex=5, mapper=52, returnValue=0, added=0, removed=0, replaced=0, pointerConsistent=True.
[Info   :Active AIV Detector] [2026-09-24 14:23:40.417] Wrote opt-in Oracle prebuild trace: path=E:\ProgrammeE\Steam\steamapps\common\Stronghold Crusader Definitive Edition\BepInEx\plugins\ActiveAIVDetector_Serp\PrebuildTraces\oracle-prebuild-trace-20260924-142333-931-session001-p6-capture04.tsv, mapLoadSequence=1, playerId=6, frames=118, layerChanges=5594, beforeCaptureMs=939,4, afterCaptureMs=1138,0, buildingRecordChanges=59, added=1516, removed=0, replaced=0, pointerProblemFrames=0, captureErrorFrames=0.
[Info   :Active AIV Detector] [2026-09-24 14:23:40.417] Oracle prebuild highlighted mapper frame: playerId=6, frameIndex=9, mapper=52, returnValue=0, added=0, removed=0, replaced=0, pointerConsistent=True.
[Info   :Active AIV Detector] [2026-09-24 14:23:40.417] Oracle prebuild highlighted mapper frame: playerId=6, frameIndex=10, mapper=52, returnValue=0, added=0, removed=0, replaced=0, pointerConsistent=True.
[Info   :Active AIV Detector] [2026-09-24 14:23:40.417] Oracle prebuild highlighted mapper frame: playerId=6, frameIndex=13, mapper=52, returnValue=0, added=0, removed=0, replaced=0, pointerConsistent=True.
[Info   :Active AIV Detector] [2026-09-24 14:23:40.417] Oracle prebuild highlighted mapper frame: playerId=6, frameIndex=16, mapper=52, returnValue=0, added=0, removed=0, replaced=0, pointerConsistent=True.
[Info   :Active AIV Detector] [2026-09-24 14:23:40.417] Oracle prebuild highlighted mapper frame: playerId=6, frameIndex=17, mapper=52, returnValue=0, added=0, removed=0, replaced=0, pointerConsistent=True.
[Info   :Active AIV Detector] [2026-09-24 14:23:40.433] Wrote opt-in Oracle prebuild trace: path=E:\ProgrammeE\Steam\steamapps\common\Stronghold Crusader Definitive Edition\BepInEx\plugins\ActiveAIVDetector_Serp\PrebuildTraces\oracle-prebuild-trace-20260924-142336-048-session001-p7-capture05.tsv, mapLoadSequence=1, playerId=7, frames=141, layerChanges=3729, beforeCaptureMs=1113,4, afterCaptureMs=1371,6, buildingRecordChanges=37, added=780, removed=193, replaced=0, pointerProblemFrames=0, captureErrorFrames=0.
[Info   :Active AIV Detector] [2026-09-24 14:23:40.433] Oracle prebuild highlighted mapper frame: playerId=7, frameIndex=3, mapper=52, returnValue=0, added=0, removed=0, replaced=0, pointerConsistent=True.
[Info   :Active AIV Detector] [2026-09-24 14:23:40.435] Wrote opt-in Oracle prebuild trace: path=E:\ProgrammeE\Steam\steamapps\common\Stronghold Crusader Definitive Edition\BepInEx\plugins\ActiveAIVDetector_Serp\PrebuildTraces\oracle-prebuild-trace-20260924-142338-571-session001-p8-capture06.tsv, mapLoadSequence=1, playerId=8, frames=80, layerChanges=756, beforeCaptureMs=625,6, afterCaptureMs=783,2, buildingRecordChanges=61, added=271, removed=0, replaced=0, pointerProblemFrames=0, captureErrorFrames=0.
[Info   :Active AIV Detector] [2026-09-24 14:23:40.435] Oracle prebuild highlighted mapper frame: playerId=8, frameIndex=3, mapper=52, returnValue=0, added=0, removed=0, replaced=0, pointerConsistent=True.
[Info   :Active AIV Detector] [2026-09-24 14:23:40.437] Wrote Oracle Keep-start trace: path=E:\ProgrammeE\Steam\steamapps\common\Stronghold Crusader Definitive Edition\BepInEx\plugins\ActiveAIVDetector_Serp\StartTraces\oracle-start-trace-20260924-142340-437-session001-p1-n01.tsv, playerId=1, selectionAccepted=False, postFailureFlag=0, postFailureReason=<not-applicable>, newBuildings=117, replacedBuildings=0, clearedBuildings=0, changes=231, scanMs=21,6.
[Info   :Active AIV Detector] [2026-09-24 14:23:40.438] Wrote Oracle Keep-start trace: path=E:\ProgrammeE\Steam\steamapps\common\Stronghold Crusader Definitive Edition\BepInEx\plugins\ActiveAIVDetector_Serp\StartTraces\oracle-start-trace-20260924-142340-437-session001-p2-n02.tsv, playerId=2, selectionAccepted=True, postFailureFlag=0, postFailureReason=<not-applicable>, newBuildings=117, replacedBuildings=0, clearedBuildings=0, changes=359, scanMs=18,4.
[Info   :Active AIV Detector] [2026-09-24 14:23:40.438] Wrote Oracle Keep-start trace: path=E:\ProgrammeE\Steam\steamapps\common\Stronghold Crusader Definitive Edition\BepInEx\plugins\ActiveAIVDetector_Serp\StartTraces\oracle-start-trace-20260924-142340-438-session001-p3-n03.tsv, playerId=3, selectionAccepted=True, postFailureFlag=0, postFailureReason=<not-applicable>, newBuildings=117, replacedBuildings=0, clearedBuildings=0, changes=314, scanMs=18,9.
[Info   :Active AIV Detector] [2026-09-24 14:23:40.439] Wrote Oracle Keep-start trace: path=E:\ProgrammeE\Steam\steamapps\common\Stronghold Crusader Definitive Edition\BepInEx\plugins\ActiveAIVDetector_Serp\StartTraces\oracle-start-trace-20260924-142340-438-session001-p4-n04.tsv, playerId=4, selectionAccepted=True, postFailureFlag=0, postFailureReason=<not-applicable>, newBuildings=117, replacedBuildings=0, clearedBuildings=0, changes=231, scanMs=18,3.
[Info   :Active AIV Detector] [2026-09-24 14:23:40.440] Wrote Oracle Keep-start trace: path=E:\ProgrammeE\Steam\steamapps\common\Stronghold Crusader Definitive Edition\BepInEx\plugins\ActiveAIVDetector_Serp\StartTraces\oracle-start-trace-20260924-142340-439-session001-p5-n05.tsv, playerId=5, selectionAccepted=False, postFailureFlag=0, postFailureReason=<not-applicable>, newBuildings=100, replacedBuildings=8, clearedBuildings=60, changes=402, scanMs=18,3.
[Info   :Active AIV Detector] [2026-09-24 14:23:40.441] Wrote Oracle Keep-start trace: path=E:\ProgrammeE\Steam\steamapps\common\Stronghold Crusader Definitive Edition\BepInEx\plugins\ActiveAIVDetector_Serp\StartTraces\oracle-start-trace-20260924-142340-440-session001-p6-n06.tsv, playerId=6, selectionAccepted=True, postFailureFlag=0, postFailureReason=<not-applicable>, newBuildings=117, replacedBuildings=0, clearedBuildings=0, changes=376, scanMs=18,3.
[Info   :Active AIV Detector] [2026-09-24 14:23:40.441] Wrote Oracle Keep-start trace: path=E:\ProgrammeE\Steam\steamapps\common\Stronghold Crusader Definitive Edition\BepInEx\plugins\ActiveAIVDetector_Serp\StartTraces\oracle-start-trace-20260924-142340-441-session001-p7-n07.tsv, playerId=7, selectionAccepted=True, postFailureFlag=0, postFailureReason=<not-applicable>, newBuildings=117, replacedBuildings=0, clearedBuildings=0, changes=323, scanMs=18,4.
[Info   :Active AIV Detector] [2026-09-24 14:23:40.442] Wrote Oracle Keep-start trace: path=E:\ProgrammeE\Steam\steamapps\common\Stronghold Crusader Definitive Edition\BepInEx\plugins\ActiveAIVDetector_Serp\StartTraces\oracle-start-trace-20260924-142340-441-session001-p8-n08.tsv, playerId=8, selectionAccepted=True, postFailureFlag=0, postFailureReason=<not-applicable>, newBuildings=117, replacedBuildings=0, clearedBuildings=0, changes=383, scanMs=19,3.
[Info   :Active AIV Detector] [2026-09-24 14:23:40.442] Oracle Keep-start capture summary: mapLoadSequence=1, captured=8, incomplete=False.
[Info   :Active AIV Detector] [2026-09-24 14:23:40.443] AIV placement oracle selection #1: mapName=<unknown>, mapFile=E:\ProgrammeE\Steam\steamapps\common\Stronghold Crusader Definitive Edition\Stronghold Crusader Definitive Edition_Data\StreamingAssets\Maps\Craggy Cliffs.map, mapFileSha256=c46b71c941ea299d1ca82c4f9649601e41f80517f05885ecdda39deee5e4ef25, nativeDllSha256=fbcb93195fc7efca9bdac5204852efdd76f9818f59a6711750d77c9cef2831e2, preBuildSetting=1, nativeStartOptions=mode=99,option2F0=0,option2F4=1,option2F8=4294967297, playerId=2, method=SelectBestFit, tryOtherRotations=True, aivSpecIndex=1, attempts=1, finalCandidateId=0, finalAivName=Default 6, finalAivJson=E:\ProgrammeE\Steam\steamapps\common\Stronghold Crusader Definitive Edition\BepInEx\plugins\ActiveAIVDetector_Serp\VanillaAIV\nizar6.aivjson, finalAivJsonSha256=1d86b141261297706ad65f60d870a3ae30a8c0da05b6b3b1d4d923c702cb11ad, finalOrientation=6 (270 degrees), placementState=2 (complete fit), directReturnSigned=<not-applicable>, confirmationPoint=OnStartMap(Post).
[Info   :Active AIV Detector] [2026-09-24 14:23:40.443] AIV placement oracle attempt #1.1: mapName=<unknown>, mapFile=E:\ProgrammeE\Steam\steamapps\common\Stronghold Crusader Definitive Edition\Stronghold Crusader Definitive Edition_Data\StreamingAssets\Maps\Craggy Cliffs.map, mapFileSha256=c46b71c941ea299d1ca82c4f9649601e41f80517f05885ecdda39deee5e4ef25, preBuildSetting=1, playerId=2, method=SelectBestFit, candidateId=0, aivName=Default 6, aivJson=E:\ProgrammeE\Steam\steamapps\common\Stronghold Crusader Definitive Edition\BepInEx\plugins\ActiveAIVDetector_Serp\VanillaAIV\nizar6.aivjson, aivJsonSha256=1d86b141261297706ad65f60d870a3ae30a8c0da05b6b3b1d4d923c702cb11ad, orientation=6 (270 degrees), result=Complete, rawFitScore=999999, fitPercent=100, evaluatedCells=2352, blockedCells=0, origin=(287,290), keepReference=(330,333).
[Info   :Active AIV Detector] [2026-09-24 14:23:40.451] Wrote opt-in AIV cell trace: path=E:\ProgrammeE\Steam\steamapps\common\Stronghold Crusader Definitive Edition\BepInEx\plugins\ActiveAIVDetector_Serp\CellTraces\oracle-cell-trace-20260924-142321-343-p2-c0-r6-keep330-333.tsv, rows=2352, nativeBlocked=0, resultGridBlocked=0, validatorCalls=2352, validatorBlocked=0.
[Info   :Active AIV Detector] [2026-09-24 14:23:40.452] Wrote opt-in live building grid: path=E:\ProgrammeE\Steam\steamapps\common\Stronghold Crusader Definitive Edition\BepInEx\plugins\ActiveAIVDetector_Serp\CellTraces\oracle-live-building-grid-20260924-142321-343-p2-r6-keep330-333.tsv, occupiedCells=117.
[Info   :Active AIV Detector] [2026-09-24 14:23:40.452] AIV placement oracle selection #2: mapName=<unknown>, mapFile=E:\ProgrammeE\Steam\steamapps\common\Stronghold Crusader Definitive Edition\Stronghold Crusader Definitive Edition_Data\StreamingAssets\Maps\Craggy Cliffs.map, mapFileSha256=c46b71c941ea299d1ca82c4f9649601e41f80517f05885ecdda39deee5e4ef25, nativeDllSha256=fbcb93195fc7efca9bdac5204852efdd76f9818f59a6711750d77c9cef2831e2, preBuildSetting=1, nativeStartOptions=mode=99,option2F0=0,option2F4=1,option2F8=4294967297, playerId=3, method=SelectBestFit, tryOtherRotations=True, aivSpecIndex=2, attempts=2, finalCandidateId=0, finalAivName=Default 8, finalAivJson=E:\ProgrammeE\Steam\steamapps\common\Stronghold Crusader Definitive Edition\BepInEx\plugins\ActiveAIVDetector_Serp\VanillaAIV\wolf8.aivjson, finalAivJsonSha256=0e59ca19225bfa86472a4b2a939ac8c97a1d6301e0fcc00b36cb998dd36eedd2, finalOrientation=6 (270 degrees), placementState=2 (complete fit), directReturnSigned=<not-applicable>, confirmationPoint=OnStartMap(Post).
[Info   :Active AIV Detector] [2026-09-24 14:23:40.453] AIV placement oracle attempt #2.1: mapName=<unknown>, mapFile=E:\ProgrammeE\Steam\steamapps\common\Stronghold Crusader Definitive Edition\Stronghold Crusader Definitive Edition_Data\StreamingAssets\Maps\Craggy Cliffs.map, mapFileSha256=c46b71c941ea299d1ca82c4f9649601e41f80517f05885ecdda39deee5e4ef25, preBuildSetting=1, playerId=3, method=SelectBestFit, candidateId=0, aivName=Default 8, aivJson=E:\ProgrammeE\Steam\steamapps\common\Stronghold Crusader Definitive Edition\BepInEx\plugins\ActiveAIVDetector_Serp\VanillaAIV\wolf8.aivjson, aivJsonSha256=0e59ca19225bfa86472a4b2a939ac8c97a1d6301e0fcc00b36cb998dd36eedd2, orientation=4 (180 degrees), result=Partial, rawFitScore=186, fitPercent=99, evaluatedCells=2068, blockedCells=10, origin=(355,215), keepReference=(398,258).
[Info   :Active AIV Detector] [2026-09-24 14:23:40.459] Wrote opt-in AIV cell trace: path=E:\ProgrammeE\Steam\steamapps\common\Stronghold Crusader Definitive Edition\BepInEx\plugins\ActiveAIVDetector_Serp\CellTraces\oracle-cell-trace-20260924-142326-537-p3-c0-r4-keep398-258.tsv, rows=2068, nativeBlocked=10, resultGridBlocked=4, validatorCalls=2062, validatorBlocked=4.
[Warning:Active AIV Detector] [2026-09-24 14:23:40.459] AIV cell trace grid validation differs from native counters: rows=2068/2068, validatorBlocked=4/10.
[Info   :Active AIV Detector] [2026-09-24 14:23:40.460] Wrote opt-in live building grid: path=E:\ProgrammeE\Steam\steamapps\common\Stronghold Crusader Definitive Edition\BepInEx\plugins\ActiveAIVDetector_Serp\CellTraces\oracle-live-building-grid-20260924-142326-537-p3-r4-keep398-258.tsv, occupiedCells=1191.
[Info   :Active AIV Detector] [2026-09-24 14:23:40.460] AIV placement oracle attempt #2.2: mapName=<unknown>, mapFile=E:\ProgrammeE\Steam\steamapps\common\Stronghold Crusader Definitive Edition\Stronghold Crusader Definitive Edition_Data\StreamingAssets\Maps\Craggy Cliffs.map, mapFileSha256=c46b71c941ea299d1ca82c4f9649601e41f80517f05885ecdda39deee5e4ef25, preBuildSetting=1, playerId=3, method=SelectBestFit, candidateId=0, aivName=Default 8, aivJson=E:\ProgrammeE\Steam\steamapps\common\Stronghold Crusader Definitive Edition\BepInEx\plugins\ActiveAIVDetector_Serp\VanillaAIV\wolf8.aivjson, aivJsonSha256=0e59ca19225bfa86472a4b2a939ac8c97a1d6301e0fcc00b36cb998dd36eedd2, orientation=6 (270 degrees), result=Complete, rawFitScore=999999, fitPercent=100, evaluatedCells=2068, blockedCells=0, origin=(355,215), keepReference=(398,258).
[Info   :Active AIV Detector] [2026-09-24 14:23:40.465] Wrote opt-in AIV cell trace: path=E:\ProgrammeE\Steam\steamapps\common\Stronghold Crusader Definitive Edition\BepInEx\plugins\ActiveAIVDetector_Serp\CellTraces\oracle-cell-trace-20260924-142326-537-p3-c0-r6-keep398-258.tsv, rows=2068, nativeBlocked=0, resultGridBlocked=0, validatorCalls=2068, validatorBlocked=0.
[Info   :Active AIV Detector] [2026-09-24 14:23:40.465] Wrote opt-in live building grid: path=E:\ProgrammeE\Steam\steamapps\common\Stronghold Crusader Definitive Edition\BepInEx\plugins\ActiveAIVDetector_Serp\CellTraces\oracle-live-building-grid-20260924-142326-537-p3-r6-keep398-258.tsv, occupiedCells=1191.
[Info   :Active AIV Detector] [2026-09-24 14:23:40.465] AIV placement oracle selection #3: mapName=<unknown>, mapFile=E:\ProgrammeE\Steam\steamapps\common\Stronghold Crusader Definitive Edition\Stronghold Crusader Definitive Edition_Data\StreamingAssets\Maps\Craggy Cliffs.map, mapFileSha256=c46b71c941ea299d1ca82c4f9649601e41f80517f05885ecdda39deee5e4ef25, nativeDllSha256=fbcb93195fc7efca9bdac5204852efdd76f9818f59a6711750d77c9cef2831e2, preBuildSetting=1, nativeStartOptions=mode=99,option2F0=0,option2F4=1,option2F8=4294967297, playerId=4, method=SelectBestFit, tryOtherRotations=True, aivSpecIndex=3, attempts=1, finalCandidateId=0, finalAivName=Default 7, finalAivJson=E:\ProgrammeE\Steam\steamapps\common\Stronghold Crusader Definitive Edition\BepInEx\plugins\ActiveAIVDetector_Serp\VanillaAIV\marshal7.aivjson, finalAivJsonSha256=384abb01e5b4c0ff36ceddeac64c3a8dc8151d0113d1189a32d8c7feb9bb337f, finalOrientation=0 (0 degrees), placementState=2 (complete fit), directReturnSigned=<not-applicable>, confirmationPoint=OnStartMap(Post).
[Info   :Active AIV Detector] [2026-09-24 14:23:40.465] AIV placement oracle attempt #3.1: mapName=<unknown>, mapFile=E:\ProgrammeE\Steam\steamapps\common\Stronghold Crusader Definitive Edition\Stronghold Crusader Definitive Edition_Data\StreamingAssets\Maps\Craggy Cliffs.map, mapFileSha256=c46b71c941ea299d1ca82c4f9649601e41f80517f05885ecdda39deee5e4ef25, preBuildSetting=1, playerId=4, method=SelectBestFit, candidateId=0, aivName=Default 7, aivJson=E:\ProgrammeE\Steam\steamapps\common\Stronghold Crusader Definitive Edition\BepInEx\plugins\ActiveAIVDetector_Serp\VanillaAIV\marshal7.aivjson, aivJsonSha256=384abb01e5b4c0ff36ceddeac64c3a8dc8151d0113d1189a32d8c7feb9bb337f, orientation=0 (0 degrees), result=Complete, rawFitScore=999999, fitPercent=100, evaluatedCells=1770, blockedCells=0, origin=(334,472), keepReference=(377,515).
[Info   :Active AIV Detector] [2026-09-24 14:23:40.471] Wrote opt-in AIV cell trace: path=E:\ProgrammeE\Steam\steamapps\common\Stronghold Crusader Definitive Edition\BepInEx\plugins\ActiveAIVDetector_Serp\CellTraces\oracle-cell-trace-20260924-142332-473-p4-c0-r0-keep377-515.tsv, rows=1770, nativeBlocked=0, resultGridBlocked=0, validatorCalls=1770, validatorBlocked=0.
[Info   :Active AIV Detector] [2026-09-24 14:23:40.472] Wrote opt-in live building grid: path=E:\ProgrammeE\Steam\steamapps\common\Stronghold Crusader Definitive Edition\BepInEx\plugins\ActiveAIVDetector_Serp\CellTraces\oracle-live-building-grid-20260924-142332-473-p4-r0-keep377-515.tsv, occupiedCells=2482.
[Info   :Active AIV Detector] [2026-09-24 14:23:40.476] AIV placement oracle selection #4: mapName=<unknown>, mapFile=E:\ProgrammeE\Steam\steamapps\common\Stronghold Crusader Definitive Edition\Stronghold Crusader Definitive Edition_Data\StreamingAssets\Maps\Craggy Cliffs.map, mapFileSha256=c46b71c941ea299d1ca82c4f9649601e41f80517f05885ecdda39deee5e4ef25, nativeDllSha256=fbcb93195fc7efca9bdac5204852efdd76f9818f59a6711750d77c9cef2831e2, preBuildSetting=1, nativeStartOptions=mode=99,option2F0=0,option2F4=1,option2F8=4294967297, playerId=5, method=SelectBestFit, tryOtherRotations=True, aivSpecIndex=4, attempts=4, finalCandidateId=0, finalAivName=Default 1, finalAivJson=E:\ProgrammeE\Steam\steamapps\common\Stronghold Crusader Definitive Edition\BepInEx\plugins\ActiveAIVDetector_Serp\VanillaAIV\emir1.aivjson, finalAivJsonSha256=ffa393f8dfb7899742c7647645d3cd3fa582090c7770cf9d32d89c96d46bd658, finalOrientation=0 (0 degrees), placementState=0 (no accepted placement), directReturnSigned=<not-applicable>, confirmationPoint=OnStartMap(Post).
[Info   :Active AIV Detector] [2026-09-24 14:23:40.476] AIV placement oracle attempt #4.1: mapName=<unknown>, mapFile=E:\ProgrammeE\Steam\steamapps\common\Stronghold Crusader Definitive Edition\Stronghold Crusader Definitive Edition_Data\StreamingAssets\Maps\Craggy Cliffs.map, mapFileSha256=c46b71c941ea299d1ca82c4f9649601e41f80517f05885ecdda39deee5e4ef25, preBuildSetting=1, playerId=5, method=SelectBestFit, candidateId=0, aivName=Default 1, aivJson=E:\ProgrammeE\Steam\steamapps\common\Stronghold Crusader Definitive Edition\BepInEx\plugins\ActiveAIVDetector_Serp\VanillaAIV\emir1.aivjson, aivJsonSha256=ffa393f8dfb7899742c7647645d3cd3fa582090c7770cf9d32d89c96d46bd658, orientation=0 (0 degrees), result=Rejected, rawFitScore=0, fitPercent=70, evaluatedCells=2616, blockedCells=783, origin=(375,476), keepReference=(418,519).
[Info   :Active AIV Detector] [2026-09-24 14:23:40.483] Wrote opt-in AIV cell trace: path=E:\ProgrammeE\Steam\steamapps\common\Stronghold Crusader Definitive Edition\BepInEx\plugins\ActiveAIVDetector_Serp\CellTraces\oracle-cell-trace-20260924-142333-882-p5-c0-r0-keep418-519.tsv, rows=2616, nativeBlocked=783, resultGridBlocked=699, validatorCalls=2532, validatorBlocked=699.
[Warning:Active AIV Detector] [2026-09-24 14:23:40.483] AIV cell trace grid validation differs from native counters: rows=2616/2616, validatorBlocked=699/783.
[Info   :Active AIV Detector] [2026-09-24 14:23:40.485] Wrote opt-in live building grid: path=E:\ProgrammeE\Steam\steamapps\common\Stronghold Crusader Definitive Edition\BepInEx\plugins\ActiveAIVDetector_Serp\CellTraces\oracle-live-building-grid-20260924-142333-882-p5-r0-keep418-519.tsv, occupiedCells=3581.
[Info   :Active AIV Detector] [2026-09-24 14:23:40.486] AIV placement oracle attempt #4.2: mapName=<unknown>, mapFile=E:\ProgrammeE\Steam\steamapps\common\Stronghold Crusader Definitive Edition\Stronghold Crusader Definitive Edition_Data\StreamingAssets\Maps\Craggy Cliffs.map, mapFileSha256=c46b71c941ea299d1ca82c4f9649601e41f80517f05885ecdda39deee5e4ef25, preBuildSetting=1, playerId=5, method=SelectBestFit, candidateId=0, aivName=Default 1, aivJson=E:\ProgrammeE\Steam\steamapps\common\Stronghold Crusader Definitive Edition\BepInEx\plugins\ActiveAIVDetector_Serp\VanillaAIV\emir1.aivjson, aivJsonSha256=ffa393f8dfb7899742c7647645d3cd3fa582090c7770cf9d32d89c96d46bd658, orientation=2 (90 degrees), result=Rejected, rawFitScore=0, fitPercent=79, evaluatedCells=2616, blockedCells=547, origin=(375,476), keepReference=(418,519).
[Info   :Active AIV Detector] [2026-09-24 14:23:40.491] Wrote opt-in AIV cell trace: path=E:\ProgrammeE\Steam\steamapps\common\Stronghold Crusader Definitive Edition\BepInEx\plugins\ActiveAIVDetector_Serp\CellTraces\oracle-cell-trace-20260924-142333-883-p5-c0-r2-keep418-519.tsv, rows=2616, nativeBlocked=547, resultGridBlocked=382, validatorCalls=2451, validatorBlocked=382.
[Warning:Active AIV Detector] [2026-09-24 14:23:40.491] AIV cell trace grid validation differs from native counters: rows=2616/2616, validatorBlocked=382/547.
[Info   :Active AIV Detector] [2026-09-24 14:23:40.494] Wrote opt-in live building grid: path=E:\ProgrammeE\Steam\steamapps\common\Stronghold Crusader Definitive Edition\BepInEx\plugins\ActiveAIVDetector_Serp\CellTraces\oracle-live-building-grid-20260924-142333-883-p5-r2-keep418-519.tsv, occupiedCells=3581.
[Info   :Active AIV Detector] [2026-09-24 14:23:40.494] AIV placement oracle attempt #4.3: mapName=<unknown>, mapFile=E:\ProgrammeE\Steam\steamapps\common\Stronghold Crusader Definitive Edition\Stronghold Crusader Definitive Edition_Data\StreamingAssets\Maps\Craggy Cliffs.map, mapFileSha256=c46b71c941ea299d1ca82c4f9649601e41f80517f05885ecdda39deee5e4ef25, preBuildSetting=1, playerId=5, method=SelectBestFit, candidateId=0, aivName=Default 1, aivJson=E:\ProgrammeE\Steam\steamapps\common\Stronghold Crusader Definitive Edition\BepInEx\plugins\ActiveAIVDetector_Serp\VanillaAIV\emir1.aivjson, aivJsonSha256=ffa393f8dfb7899742c7647645d3cd3fa582090c7770cf9d32d89c96d46bd658, orientation=4 (180 degrees), result=Rejected, rawFitScore=0, fitPercent=79, evaluatedCells=2616, blockedCells=538, origin=(375,476), keepReference=(418,519).
[Info   :Active AIV Detector] [2026-09-24 14:23:40.500] Wrote opt-in AIV cell trace: path=E:\ProgrammeE\Steam\steamapps\common\Stronghold Crusader Definitive Edition\BepInEx\plugins\ActiveAIVDetector_Serp\CellTraces\oracle-cell-trace-20260924-142333-884-p5-c0-r4-keep418-519.tsv, rows=2616, nativeBlocked=538, resultGridBlocked=509, validatorCalls=2587, validatorBlocked=509.
[Warning:Active AIV Detector] [2026-09-24 14:23:40.500] AIV cell trace grid validation differs from native counters: rows=2616/2616, validatorBlocked=509/538.
[Info   :Active AIV Detector] [2026-09-24 14:23:40.502] Wrote opt-in live building grid: path=E:\ProgrammeE\Steam\steamapps\common\Stronghold Crusader Definitive Edition\BepInEx\plugins\ActiveAIVDetector_Serp\CellTraces\oracle-live-building-grid-20260924-142333-884-p5-r4-keep418-519.tsv, occupiedCells=3581.
[Info   :Active AIV Detector] [2026-09-24 14:23:40.502] AIV placement oracle attempt #4.4: mapName=<unknown>, mapFile=E:\ProgrammeE\Steam\steamapps\common\Stronghold Crusader Definitive Edition\Stronghold Crusader Definitive Edition_Data\StreamingAssets\Maps\Craggy Cliffs.map, mapFileSha256=c46b71c941ea299d1ca82c4f9649601e41f80517f05885ecdda39deee5e4ef25, preBuildSetting=1, playerId=5, method=SelectBestFit, candidateId=0, aivName=Default 1, aivJson=E:\ProgrammeE\Steam\steamapps\common\Stronghold Crusader Definitive Edition\BepInEx\plugins\ActiveAIVDetector_Serp\VanillaAIV\emir1.aivjson, aivJsonSha256=ffa393f8dfb7899742c7647645d3cd3fa582090c7770cf9d32d89c96d46bd658, orientation=6 (270 degrees), result=Rejected, rawFitScore=0, fitPercent=75, evaluatedCells=2616, blockedCells=639, origin=(375,476), keepReference=(418,519).
[Info   :Active AIV Detector] [2026-09-24 14:23:40.508] Wrote opt-in AIV cell trace: path=E:\ProgrammeE\Steam\steamapps\common\Stronghold Crusader Definitive Edition\BepInEx\plugins\ActiveAIVDetector_Serp\CellTraces\oracle-cell-trace-20260924-142333-885-p5-c0-r6-keep418-519.tsv, rows=2616, nativeBlocked=639, resultGridBlocked=626, validatorCalls=2603, validatorBlocked=626.
[Warning:Active AIV Detector] [2026-09-24 14:23:40.508] AIV cell trace grid validation differs from native counters: rows=2616/2616, validatorBlocked=626/639.
[Info   :Active AIV Detector] [2026-09-24 14:23:40.510] Wrote opt-in live building grid: path=E:\ProgrammeE\Steam\steamapps\common\Stronghold Crusader Definitive Edition\BepInEx\plugins\ActiveAIVDetector_Serp\CellTraces\oracle-live-building-grid-20260924-142333-885-p5-r6-keep418-519.tsv, occupiedCells=3581.
[Info   :Active AIV Detector] [2026-09-24 14:23:40.510] AIV placement oracle selection #5: mapName=<unknown>, mapFile=E:\ProgrammeE\Steam\steamapps\common\Stronghold Crusader Definitive Edition\Stronghold Crusader Definitive Edition_Data\StreamingAssets\Maps\Craggy Cliffs.map, mapFileSha256=c46b71c941ea299d1ca82c4f9649601e41f80517f05885ecdda39deee5e4ef25, nativeDllSha256=fbcb93195fc7efca9bdac5204852efdd76f9818f59a6711750d77c9cef2831e2, preBuildSetting=1, nativeStartOptions=mode=99,option2F0=0,option2F4=1,option2F8=4294967297, playerId=6, method=SelectBestFit, tryOtherRotations=True, aivSpecIndex=5, attempts=3, finalCandidateId=0, finalAivName=Default 2, finalAivJson=E:\ProgrammeE\Steam\steamapps\common\Stronghold Crusader Definitive Edition\BepInEx\plugins\ActiveAIVDetector_Serp\VanillaAIV\abbot2.aivjson, finalAivJsonSha256=486ff3d30ba01c407d039d367a53b1391fd9f2feff500eb82e420cb297afdf07, finalOrientation=6 (270 degrees), placementState=2 (complete fit), directReturnSigned=<not-applicable>, confirmationPoint=OnStartMap(Post).
[Info   :Active AIV Detector] [2026-09-24 14:23:40.510] AIV placement oracle attempt #5.1: mapName=<unknown>, mapFile=E:\ProgrammeE\Steam\steamapps\common\Stronghold Crusader Definitive Edition\Stronghold Crusader Definitive Edition_Data\StreamingAssets\Maps\Craggy Cliffs.map, mapFileSha256=c46b71c941ea299d1ca82c4f9649601e41f80517f05885ecdda39deee5e4ef25, preBuildSetting=1, playerId=6, method=SelectBestFit, candidateId=0, aivName=Default 2, aivJson=E:\ProgrammeE\Steam\steamapps\common\Stronghold Crusader Definitive Edition\BepInEx\plugins\ActiveAIVDetector_Serp\VanillaAIV\abbot2.aivjson, aivJsonSha256=486ff3d30ba01c407d039d367a53b1391fd9f2feff500eb82e420cb297afdf07, orientation=2 (90 degrees), result=Partial, rawFitScore=70, fitPercent=99, evaluatedCells=2870, blockedCells=2, origin=(438,354), keepReference=(481,397).
[Info   :Active AIV Detector] [2026-09-24 14:23:40.518] Wrote opt-in AIV cell trace: path=E:\ProgrammeE\Steam\steamapps\common\Stronghold Crusader Definitive Edition\BepInEx\plugins\ActiveAIVDetector_Serp\CellTraces\oracle-cell-trace-20260924-142333-908-p6-c0-r2-keep481-397.tsv, rows=2870, nativeBlocked=2, resultGridBlocked=2, validatorCalls=2870, validatorBlocked=2.
[Info   :Active AIV Detector] [2026-09-24 14:23:40.519] Wrote opt-in live building grid: path=E:\ProgrammeE\Steam\steamapps\common\Stronghold Crusader Definitive Edition\BepInEx\plugins\ActiveAIVDetector_Serp\CellTraces\oracle-live-building-grid-20260924-142333-908-p6-r2-keep481-397.tsv, occupiedCells=3621.
[Info   :Active AIV Detector] [2026-09-24 14:23:40.519] AIV placement oracle attempt #5.2: mapName=<unknown>, mapFile=E:\ProgrammeE\Steam\steamapps\common\Stronghold Crusader Definitive Edition\Stronghold Crusader Definitive Edition_Data\StreamingAssets\Maps\Craggy Cliffs.map, mapFileSha256=c46b71c941ea299d1ca82c4f9649601e41f80517f05885ecdda39deee5e4ef25, preBuildSetting=1, playerId=6, method=SelectBestFit, candidateId=0, aivName=Default 2, aivJson=E:\ProgrammeE\Steam\steamapps\common\Stronghold Crusader Definitive Edition\BepInEx\plugins\ActiveAIVDetector_Serp\VanillaAIV\abbot2.aivjson, aivJsonSha256=486ff3d30ba01c407d039d367a53b1391fd9f2feff500eb82e420cb297afdf07, orientation=4 (180 degrees), result=Partial, rawFitScore=100, fitPercent=99, evaluatedCells=2870, blockedCells=5, origin=(438,354), keepReference=(481,397).
[Info   :Active AIV Detector] [2026-09-24 14:23:40.534] Wrote opt-in AIV cell trace: path=E:\ProgrammeE\Steam\steamapps\common\Stronghold Crusader Definitive Edition\BepInEx\plugins\ActiveAIVDetector_Serp\CellTraces\oracle-cell-trace-20260924-142333-909-p6-c0-r4-keep481-397.tsv, rows=2870, nativeBlocked=5, resultGridBlocked=5, validatorCalls=2870, validatorBlocked=5.
[Info   :Active AIV Detector] [2026-09-24 14:23:40.542] Wrote opt-in live building grid: path=E:\ProgrammeE\Steam\steamapps\common\Stronghold Crusader Definitive Edition\BepInEx\plugins\ActiveAIVDetector_Serp\CellTraces\oracle-live-building-grid-20260924-142333-909-p6-r4-keep481-397.tsv, occupiedCells=3621.
[Info   :Active AIV Detector] [2026-09-24 14:23:40.542] AIV placement oracle attempt #5.3: mapName=<unknown>, mapFile=E:\ProgrammeE\Steam\steamapps\common\Stronghold Crusader Definitive Edition\Stronghold Crusader Definitive Edition_Data\StreamingAssets\Maps\Craggy Cliffs.map, mapFileSha256=c46b71c941ea299d1ca82c4f9649601e41f80517f05885ecdda39deee5e4ef25, preBuildSetting=1, playerId=6, method=SelectBestFit, candidateId=0, aivName=Default 2, aivJson=E:\ProgrammeE\Steam\steamapps\common\Stronghold Crusader Definitive Edition\BepInEx\plugins\ActiveAIVDetector_Serp\VanillaAIV\abbot2.aivjson, aivJsonSha256=486ff3d30ba01c407d039d367a53b1391fd9f2feff500eb82e420cb297afdf07, orientation=6 (270 degrees), result=Complete, rawFitScore=999999, fitPercent=100, evaluatedCells=2870, blockedCells=0, origin=(438,354), keepReference=(481,397).
[Info   :Active AIV Detector] [2026-09-24 14:23:40.549] Wrote opt-in AIV cell trace: path=E:\ProgrammeE\Steam\steamapps\common\Stronghold Crusader Definitive Edition\BepInEx\plugins\ActiveAIVDetector_Serp\CellTraces\oracle-cell-trace-20260924-142333-910-p6-c0-r6-keep481-397.tsv, rows=2870, nativeBlocked=0, resultGridBlocked=0, validatorCalls=2870, validatorBlocked=0.
[Info   :Active AIV Detector] [2026-09-24 14:23:40.551] Wrote opt-in live building grid: path=E:\ProgrammeE\Steam\steamapps\common\Stronghold Crusader Definitive Edition\BepInEx\plugins\ActiveAIVDetector_Serp\CellTraces\oracle-live-building-grid-20260924-142333-910-p6-r6-keep481-397.tsv, occupiedCells=3621.
[Info   :Active AIV Detector] [2026-09-24 14:23:40.551] AIV placement oracle selection #6: mapName=<unknown>, mapFile=E:\ProgrammeE\Steam\steamapps\common\Stronghold Crusader Definitive Edition\Stronghold Crusader Definitive Edition_Data\StreamingAssets\Maps\Craggy Cliffs.map, mapFileSha256=c46b71c941ea299d1ca82c4f9649601e41f80517f05885ecdda39deee5e4ef25, nativeDllSha256=fbcb93195fc7efca9bdac5204852efdd76f9818f59a6711750d77c9cef2831e2, preBuildSetting=1, nativeStartOptions=mode=99,option2F0=0,option2F4=1,option2F8=4294967297, playerId=7, method=SelectBestFit, tryOtherRotations=True, aivSpecIndex=6, attempts=4, finalCandidateId=0, finalAivName=Default 5, finalAivJson=E:\ProgrammeE\Steam\steamapps\common\Stronghold Crusader Definitive Edition\BepInEx\plugins\ActiveAIVDetector_Serp\VanillaAIV\jewel5.aivjson, finalAivJsonSha256=fe15c680d1515b8b401f1edb19b99f79cdb726e0169cf2db096df6c139a46eb8, finalOrientation=2 (90 degrees), placementState=1 (best partial fit), directReturnSigned=<not-applicable>, confirmationPoint=OnStartMap(Post).
[Info   :Active AIV Detector] [2026-09-24 14:23:40.551] AIV placement oracle attempt #6.1: mapName=<unknown>, mapFile=E:\ProgrammeE\Steam\steamapps\common\Stronghold Crusader Definitive Edition\Stronghold Crusader Definitive Edition_Data\StreamingAssets\Maps\Craggy Cliffs.map, mapFileSha256=c46b71c941ea299d1ca82c4f9649601e41f80517f05885ecdda39deee5e4ef25, preBuildSetting=1, playerId=7, method=SelectBestFit, candidateId=0, aivName=Default 5, aivJson=E:\ProgrammeE\Steam\steamapps\common\Stronghold Crusader Definitive Edition\BepInEx\plugins\ActiveAIVDetector_Serp\VanillaAIV\jewel5.aivjson, aivJsonSha256=fe15c680d1515b8b401f1edb19b99f79cdb726e0169cf2db096df6c139a46eb8, orientation=2 (90 degrees), result=Partial, rawFitScore=3, fitPercent=82, evaluatedCells=2077, blockedCells=359, origin=(463,309), keepReference=(506,352).
[Info   :Active AIV Detector] [2026-09-24 14:23:40.557] Wrote opt-in AIV cell trace: path=E:\ProgrammeE\Steam\steamapps\common\Stronghold Crusader Definitive Edition\BepInEx\plugins\ActiveAIVDetector_Serp\CellTraces\oracle-cell-trace-20260924-142336-025-p7-c0-r2-keep506-352.tsv, rows=2077, nativeBlocked=359, resultGridBlocked=359, validatorCalls=2077, validatorBlocked=359.
[Info   :Active AIV Detector] [2026-09-24 14:23:40.559] Wrote opt-in live building grid: path=E:\ProgrammeE\Steam\steamapps\common\Stronghold Crusader Definitive Edition\BepInEx\plugins\ActiveAIVDetector_Serp\CellTraces\oracle-live-building-grid-20260924-142336-025-p7-r2-keep506-352.tsv, occupiedCells=5254.
[Info   :Active AIV Detector] [2026-09-24 14:23:40.559] AIV placement oracle attempt #6.2: mapName=<unknown>, mapFile=E:\ProgrammeE\Steam\steamapps\common\Stronghold Crusader Definitive Edition\Stronghold Crusader Definitive Edition_Data\StreamingAssets\Maps\Craggy Cliffs.map, mapFileSha256=c46b71c941ea299d1ca82c4f9649601e41f80517f05885ecdda39deee5e4ef25, preBuildSetting=1, playerId=7, method=SelectBestFit, candidateId=0, aivName=Default 5, aivJson=E:\ProgrammeE\Steam\steamapps\common\Stronghold Crusader Definitive Edition\BepInEx\plugins\ActiveAIVDetector_Serp\VanillaAIV\jewel5.aivjson, aivJsonSha256=fe15c680d1515b8b401f1edb19b99f79cdb726e0169cf2db096df6c139a46eb8, orientation=4 (180 degrees), result=Partial, rawFitScore=6, fitPercent=80, evaluatedCells=2077, blockedCells=411, origin=(463,309), keepReference=(506,352).
[Info   :Active AIV Detector] [2026-09-24 14:23:40.564] Wrote opt-in AIV cell trace: path=E:\ProgrammeE\Steam\steamapps\common\Stronghold Crusader Definitive Edition\BepInEx\plugins\ActiveAIVDetector_Serp\CellTraces\oracle-cell-trace-20260924-142336-026-p7-c0-r4-keep506-352.tsv, rows=2077, nativeBlocked=411, resultGridBlocked=411, validatorCalls=2077, validatorBlocked=411.
[Info   :Active AIV Detector] [2026-09-24 14:23:40.567] Wrote opt-in live building grid: path=E:\ProgrammeE\Steam\steamapps\common\Stronghold Crusader Definitive Edition\BepInEx\plugins\ActiveAIVDetector_Serp\CellTraces\oracle-live-building-grid-20260924-142336-026-p7-r4-keep506-352.tsv, occupiedCells=5254.
[Info   :Active AIV Detector] [2026-09-24 14:23:40.567] AIV placement oracle attempt #6.3: mapName=<unknown>, mapFile=E:\ProgrammeE\Steam\steamapps\common\Stronghold Crusader Definitive Edition\Stronghold Crusader Definitive Edition_Data\StreamingAssets\Maps\Craggy Cliffs.map, mapFileSha256=c46b71c941ea299d1ca82c4f9649601e41f80517f05885ecdda39deee5e4ef25, preBuildSetting=1, playerId=7, method=SelectBestFit, candidateId=0, aivName=Default 5, aivJson=E:\ProgrammeE\Steam\steamapps\common\Stronghold Crusader Definitive Edition\BepInEx\plugins\ActiveAIVDetector_Serp\VanillaAIV\jewel5.aivjson, aivJsonSha256=fe15c680d1515b8b401f1edb19b99f79cdb726e0169cf2db096df6c139a46eb8, orientation=6 (270 degrees), result=Partial, rawFitScore=7, fitPercent=82, evaluatedCells=2077, blockedCells=364, origin=(463,309), keepReference=(506,352).
[Info   :Active AIV Detector] [2026-09-24 14:23:40.571] Wrote opt-in AIV cell trace: path=E:\ProgrammeE\Steam\steamapps\common\Stronghold Crusader Definitive Edition\BepInEx\plugins\ActiveAIVDetector_Serp\CellTraces\oracle-cell-trace-20260924-142336-026-p7-c0-r6-keep506-352.tsv, rows=2077, nativeBlocked=364, resultGridBlocked=179, validatorCalls=1892, validatorBlocked=179.
[Warning:Active AIV Detector] [2026-09-24 14:23:40.571] AIV cell trace grid validation differs from native counters: rows=2077/2077, validatorBlocked=179/364.
[Info   :Active AIV Detector] [2026-09-24 14:23:40.574] Wrote opt-in live building grid: path=E:\ProgrammeE\Steam\steamapps\common\Stronghold Crusader Definitive Edition\BepInEx\plugins\ActiveAIVDetector_Serp\CellTraces\oracle-live-building-grid-20260924-142336-026-p7-r6-keep506-352.tsv, occupiedCells=5254.
[Info   :Active AIV Detector] [2026-09-24 14:23:40.574] AIV placement oracle attempt #6.4: mapName=<unknown>, mapFile=E:\ProgrammeE\Steam\steamapps\common\Stronghold Crusader Definitive Edition\Stronghold Crusader Definitive Edition_Data\StreamingAssets\Maps\Craggy Cliffs.map, mapFileSha256=c46b71c941ea299d1ca82c4f9649601e41f80517f05885ecdda39deee5e4ef25, preBuildSetting=1, playerId=7, method=SelectBestFit, candidateId=0, aivName=Default 5, aivJson=E:\ProgrammeE\Steam\steamapps\common\Stronghold Crusader Definitive Edition\BepInEx\plugins\ActiveAIVDetector_Serp\VanillaAIV\jewel5.aivjson, aivJsonSha256=fe15c680d1515b8b401f1edb19b99f79cdb726e0169cf2db096df6c139a46eb8, orientation=0 (0 degrees), result=Partial, rawFitScore=1, fitPercent=76, evaluatedCells=2077, blockedCells=483, origin=(463,309), keepReference=(506,352).
[Info   :Active AIV Detector] [2026-09-24 14:23:40.579] Wrote opt-in AIV cell trace: path=E:\ProgrammeE\Steam\steamapps\common\Stronghold Crusader Definitive Edition\BepInEx\plugins\ActiveAIVDetector_Serp\CellTraces\oracle-cell-trace-20260924-142336-027-p7-c0-r0-keep506-352.tsv, rows=2077, nativeBlocked=483, resultGridBlocked=257, validatorCalls=1851, validatorBlocked=257.
[Warning:Active AIV Detector] [2026-09-24 14:23:40.579] AIV cell trace grid validation differs from native counters: rows=2077/2077, validatorBlocked=257/483.
[Info   :Active AIV Detector] [2026-09-24 14:23:40.581] Wrote opt-in live building grid: path=E:\ProgrammeE\Steam\steamapps\common\Stronghold Crusader Definitive Edition\BepInEx\plugins\ActiveAIVDetector_Serp\CellTraces\oracle-live-building-grid-20260924-142336-027-p7-r0-keep506-352.tsv, occupiedCells=5254.
[Info   :Active AIV Detector] [2026-09-24 14:23:40.582] AIV placement oracle selection #7: mapName=<unknown>, mapFile=E:\ProgrammeE\Steam\steamapps\common\Stronghold Crusader Definitive Edition\Stronghold Crusader Definitive Edition_Data\StreamingAssets\Maps\Craggy Cliffs.map, mapFileSha256=c46b71c941ea299d1ca82c4f9649601e41f80517f05885ecdda39deee5e4ef25, nativeDllSha256=fbcb93195fc7efca9bdac5204852efdd76f9818f59a6711750d77c9cef2831e2, preBuildSetting=1, nativeStartOptions=mode=99,option2F0=0,option2F4=1,option2F8=4294967297, playerId=8, method=SelectBestFit, tryOtherRotations=True, aivSpecIndex=7, attempts=1, finalCandidateId=0, finalAivName=Default 4, finalAivJson=E:\ProgrammeE\Steam\steamapps\common\Stronghold Crusader Definitive Edition\BepInEx\plugins\ActiveAIVDetector_Serp\VanillaAIV\nomad4.aivjson, finalAivJsonSha256=54a4bef2e38baf573124a9075a95ce0d94a3ea1941282f4af0b09481a421693b, finalOrientation=2 (90 degrees), placementState=2 (complete fit), directReturnSigned=<not-applicable>, confirmationPoint=OnStartMap(Post).
[Info   :Active AIV Detector] [2026-09-24 14:23:40.582] AIV placement oracle attempt #7.1: mapName=<unknown>, mapFile=E:\ProgrammeE\Steam\steamapps\common\Stronghold Crusader Definitive Edition\Stronghold Crusader Definitive Edition_Data\StreamingAssets\Maps\Craggy Cliffs.map, mapFileSha256=c46b71c941ea299d1ca82c4f9649601e41f80517f05885ecdda39deee5e4ef25, preBuildSetting=1, playerId=8, method=SelectBestFit, candidateId=0, aivName=Default 4, aivJson=E:\ProgrammeE\Steam\steamapps\common\Stronghold Crusader Definitive Edition\BepInEx\plugins\ActiveAIVDetector_Serp\VanillaAIV\nomad4.aivjson, aivJsonSha256=54a4bef2e38baf573124a9075a95ce0d94a3ea1941282f4af0b09481a421693b, orientation=2 (90 degrees), result=Complete, rawFitScore=999999, fitPercent=100, evaluatedCells=534, blockedCells=0, origin=(492,353), keepReference=(535,396).
[Info   :Active AIV Detector] [2026-09-24 14:23:40.584] Wrote opt-in AIV cell trace: path=E:\ProgrammeE\Steam\steamapps\common\Stronghold Crusader Definitive Edition\BepInEx\plugins\ActiveAIVDetector_Serp\CellTraces\oracle-cell-trace-20260924-142338-550-p8-c0-r2-keep535-396.tsv, rows=534, nativeBlocked=0, resultGridBlocked=0, validatorCalls=534, validatorBlocked=0.
[Info   :Active AIV Detector] [2026-09-24 14:23:40.587] Wrote opt-in live building grid: path=E:\ProgrammeE\Steam\steamapps\common\Stronghold Crusader Definitive Edition\BepInEx\plugins\ActiveAIVDetector_Serp\CellTraces\oracle-live-building-grid-20260924-142338-550-p8-r2-keep535-396.tsv, occupiedCells=5958.
[Info   :Active AIV Detector] [2026-09-24 14:23:40.589] Active AIV confirmed #1: playerId=2, lord=NIZAR, baseLordEnum=SK_NIZAR, runtimeLordEnum=SK_NIZAR, lordJson=E:\ProgrammeE\Steam\steamapps\common\Stronghold Crusader Definitive Edition\BepInEx\plugins\ActiveAIVDetector_Serp\VanillaAIC\Nizar.lordjson, lordConfigChecksum=<not-applicable>, lordJsonSha256=361070a6c6c91b7733d07182d916fdbfbd3d8242e5103031182312d00643d9b7, lordConfigEffectiveSource=embedded game data; bundled lordJson exists but its manifest does not match the installed CrusaderDE.dll, aivMode=Default, candidateId=0, aivName=Default 6, aivJson=E:\ProgrammeE\Steam\steamapps\common\Stronghold Crusader Definitive Edition\BepInEx\plugins\ActiveAIVDetector_Serp\VanillaAIV\nizar6.aivjson, aivJsonSha256=1d86b141261297706ad65f60d870a3ae30a8c0da05b6b3b1d4d923c702cb11ad, checksum=6, effectiveSource=embedded game data; bundled aivJson is the equivalent official editor file and is not read by the game, aivSpecIndex=1, orientation=6 (270 degrees), placementState=2 (complete fit), confirmationPoint=OnStartMap(Post).
[Info   :Active AIV Detector] [2026-09-24 14:23:40.593] Active AIV confirmed #2: playerId=3, lord=WOLF, baseLordEnum=SK_WOLF, runtimeLordEnum=SK_WOLF, lordJson=E:\ProgrammeE\Steam\steamapps\common\Stronghold Crusader Definitive Edition\BepInEx\plugins\ActiveAIVDetector_Serp\VanillaAIC\Wolf.lordjson, lordConfigChecksum=<not-applicable>, lordJsonSha256=c79627657a2ee5f402a3deea637fefdc8467876f92edf3a8c2aad17b8af2e2c1, lordConfigEffectiveSource=embedded game data; bundled lordJson exists but its manifest does not match the installed CrusaderDE.dll, aivMode=Default, candidateId=0, aivName=Default 8, aivJson=E:\ProgrammeE\Steam\steamapps\common\Stronghold Crusader Definitive Edition\BepInEx\plugins\ActiveAIVDetector_Serp\VanillaAIV\wolf8.aivjson, aivJsonSha256=0e59ca19225bfa86472a4b2a939ac8c97a1d6301e0fcc00b36cb998dd36eedd2, checksum=8, effectiveSource=embedded game data; bundled aivJson is the equivalent official editor file and is not read by the game, aivSpecIndex=2, orientation=6 (270 degrees), placementState=2 (complete fit), confirmationPoint=OnStartMap(Post).
[Info   :Active AIV Detector] [2026-09-24 14:23:40.593] Active AIV confirmed #3: playerId=4, lord=MARSHAL, baseLordEnum=SK_MARSHAL, runtimeLordEnum=SK_MARSHAL, lordJson=E:\ProgrammeE\Steam\steamapps\common\Stronghold Crusader Definitive Edition\BepInEx\plugins\ActiveAIVDetector_Serp\VanillaAIC\Marshal.lordjson, lordConfigChecksum=<not-applicable>, lordJsonSha256=5814c0445a51d1dabb346ac61e2e9b7573ebc707ac265287e00aa6faf14c4bd9, lordConfigEffectiveSource=embedded game data; bundled lordJson exists but its manifest does not match the installed CrusaderDE.dll, aivMode=Default, candidateId=0, aivName=Default 7, aivJson=E:\ProgrammeE\Steam\steamapps\common\Stronghold Crusader Definitive Edition\BepInEx\plugins\ActiveAIVDetector_Serp\VanillaAIV\marshal7.aivjson, aivJsonSha256=384abb01e5b4c0ff36ceddeac64c3a8dc8151d0113d1189a32d8c7feb9bb337f, checksum=7, effectiveSource=embedded game data; bundled aivJson is the equivalent official editor file and is not read by the game, aivSpecIndex=3, orientation=0 (0 degrees), placementState=2 (complete fit), confirmationPoint=OnStartMap(Post).
[Info   :Active AIV Detector] [2026-09-24 14:23:40.593] No finalized AIV selection was captured for active AI playerId=5.
[Info   :Active AIV Detector] [2026-09-24 14:23:40.594] Active AIV confirmed #4: playerId=6, lord=ABBOT, baseLordEnum=SK_ABBOT, runtimeLordEnum=SK_ABBOT, lordJson=E:\ProgrammeE\Steam\steamapps\common\Stronghold Crusader Definitive Edition\BepInEx\plugins\ActiveAIVDetector_Serp\VanillaAIC\Abbot.lordjson, lordConfigChecksum=<not-applicable>, lordJsonSha256=2c85a98288333cf49833a6f64af7aee38b7c97050d2826414df9893414f3a8e8, lordConfigEffectiveSource=embedded game data; bundled lordJson exists but its manifest does not match the installed CrusaderDE.dll, aivMode=Default, candidateId=0, aivName=Default 2, aivJson=E:\ProgrammeE\Steam\steamapps\common\Stronghold Crusader Definitive Edition\BepInEx\plugins\ActiveAIVDetector_Serp\VanillaAIV\abbot2.aivjson, aivJsonSha256=486ff3d30ba01c407d039d367a53b1391fd9f2feff500eb82e420cb297afdf07, checksum=2, effectiveSource=embedded game data; bundled aivJson is the equivalent official editor file and is not read by the game, aivSpecIndex=5, orientation=6 (270 degrees), placementState=2 (complete fit), confirmationPoint=OnStartMap(Post).
[Info   :Active AIV Detector] [2026-09-24 14:23:40.598] Active AIV confirmed #5: playerId=7, lord=JEWEL, baseLordEnum=SK_JEWEL, runtimeLordEnum=SK_JEWEL, lordJson=E:\ProgrammeE\Steam\steamapps\common\Stronghold Crusader Definitive Edition\BepInEx\plugins\ActiveAIVDetector_Serp\VanillaAIC\Jewel.lordjson, lordConfigChecksum=<not-applicable>, lordJsonSha256=0560a1e700e5e33f521b3b5919d512051c5c750408da6d672fa552f6733f345a, lordConfigEffectiveSource=embedded game data; bundled lordJson exists but its manifest does not match the installed CrusaderDE.dll, aivMode=Default, candidateId=0, aivName=Default 5, aivJson=E:\ProgrammeE\Steam\steamapps\common\Stronghold Crusader Definitive Edition\BepInEx\plugins\ActiveAIVDetector_Serp\VanillaAIV\jewel5.aivjson, aivJsonSha256=fe15c680d1515b8b401f1edb19b99f79cdb726e0169cf2db096df6c139a46eb8, checksum=5, effectiveSource=embedded game data; bundled aivJson is the equivalent official editor file and is not read by the game, aivSpecIndex=6, orientation=2 (90 degrees), placementState=1 (best partial fit), confirmationPoint=OnStartMap(Post).
[Info   :Active AIV Detector] [2026-09-24 14:23:40.600] Active AIV confirmed #6: playerId=8, lord=NOMAD, baseLordEnum=SK_NOMAD, runtimeLordEnum=SK_NOMAD, lordJson=E:\ProgrammeE\Steam\steamapps\common\Stronghold Crusader Definitive Edition\BepInEx\plugins\ActiveAIVDetector_Serp\VanillaAIC\Nomad.lordjson, lordConfigChecksum=<not-applicable>, lordJsonSha256=ae58acb5d0f491713d0dc23aa8ac174058aa829c468a48c34a2db34442f7250f, lordConfigEffectiveSource=embedded game data; bundled lordJson exists but its manifest does not match the installed CrusaderDE.dll, aivMode=Default, candidateId=0, aivName=Default 4, aivJson=E:\ProgrammeE\Steam\steamapps\common\Stronghold Crusader Definitive Edition\BepInEx\plugins\ActiveAIVDetector_Serp\VanillaAIV\nomad4.aivjson, aivJsonSha256=54a4bef2e38baf573124a9075a95ce0d94a3ea1941282f4af0b09481a421693b, checksum=4, effectiveSource=embedded game data; bundled aivJson is the equivalent official editor file and is not read by the game, aivSpecIndex=7, orientation=2 (90 degrees), placementState=2 (complete fit), confirmationPoint=OnStartMap(Post).
[Info   :Active AIV Detector] [2026-09-24 14:23:40.600] Active AIV finalization completed after MissionStart: activeAIs=7, reportedAIVs=6, capturedSelections=6.
[Debug  :Unit Limit] [2026-09-24 14:23:40.607] ActiveSiegeTentCache ResyncAll: countKeys 0
[Debug  :Unit Limit] [2026-09-24 14:23:40.607] Gameplay session started: NewMap
[Debug  :Unit Limit] [2026-09-24 14:23:40.607] Applied active unit limit rules: 32
[Debug  :Extra Features] [2026-09-24 14:23:40.610] Extra Features multiplayer feature gate captured map mode: realMultiplayer=False, singleplayerSkirmishMode=True, singleplayerSkirmish=True, singleplayerTrail=False, mapEditor=False, multiplayerSave=False, directorAvailable=True, directorMultiplayer=False, directorSkirmish=True, lowLevelNetworked=True, platformMultiplayer=False, lobbyMembers=8, realLobbyMembers=0, skirmishLobbyMembers=8, gameMembers=8, realNetworkGameMembers=0, gameType=3, skirmishGameType=0, skirmishTrailType=-1, coopTrailId=0, kind=CustomGame, launchVariant=Standard, allowsCustomGameMods=True, allowsRegularGameplayMods=True, campaignMapId=0, eventTrailType=-1, customizedTrailId=-1, customizedMissionId=-1, customizedOriginKind=0, conflictingCustomizedOrigin=False.
[Debug  :Extra Features] [2026-09-24 14:23:40.611] Extra Features gatehouse diagnostic: button visibility state: hidden: editor=False, playerId=1, selectedBuildingId=0, reason=not-a-live-gatehouse, selection=none.
[Info   :Extra Features] [2026-09-24 14:23:40.611] Extra Features gatehouse map state started: manualOnly=0.
[Info   :Extra Features] [2026-09-24 14:23:40.612] Extra Features church priest counts applied: enabled=True, church2=2, church3=3.
[Debug  :Extra Features] [2026-09-24 14:23:40.612] Extra Features Lord health initialized: session=1, savedBasis=False, humans=100%, AI=100%.
[Info   :Extra Features] [2026-09-24 14:23:40.613] Extra Features gatehouse map state resumed: manualOnly=0.
[Debug  :Bugfixes and QoL] [2026-09-24 14:23:40.614] Bugfixes and QoL multiplayer feature gate captured map mode: realMultiplayer=False, singleplayerSkirmishMode=True, singleplayerSkirmish=True, singleplayerTrail=False, mapEditor=False, multiplayerSave=False, directorAvailable=True, directorMultiplayer=False, directorSkirmish=True, lowLevelNetworked=True, platformMultiplayer=False, lobbyMembers=8, realLobbyMembers=0, skirmishLobbyMembers=8, gameMembers=8, realNetworkGameMembers=0, gameType=3, skirmishGameType=0, skirmishTrailType=-1, coopTrailId=0, kind=CustomGame, launchVariant=Standard, allowsCustomGameMods=True, allowsRegularGameplayMods=True, campaignMapId=0, eventTrailType=-1, customizedTrailId=-1, customizedMissionId=-1, customizedOriginKind=0, conflictingCustomizedOrigin=False.
[Debug  :Bugfixes and QoL] [2026-09-24 14:23:40.616] Reset surrender/statistics session state: reason=session-start:NewMap.
[Debug  :Bugfixes and QoL] [2026-09-24 14:23:40.617] Extended Shift queue mode: realMultiplayer=False, synchronizedQueueing=False.
[Debug  :Bugfixes and QoL] [2026-09-24 14:23:40.617] Plague popularity diagnostics armed: modEnabled=True, fixEnabled=True, source=NewMap, mode=realMultiplayer=False, singleplayerSkirmishMode=True, singleplayerSkirmish=True, singleplayerTrail=False, mapEditor=False, multiplayerSave=False, directorAvailable=True, directorMultiplayer=False, directorSkirmish=True, lowLevelNetworked=True, platformMultiplayer=False, lobbyMembers=8, realLobbyMembers=0, skirmishLobbyMembers=8, gameMembers=8, realNetworkGameMembers=0, gameType=3, skirmishGameType=0, skirmishTrailType=-1, coopTrailId=0, kind=CustomGame, launchVariant=Standard, allowsCustomGameMods=True, allowsRegularGameplayMods=True, campaignMapId=0, eventTrailType=-1, customizedTrailId=-1, customizedMissionId=-1, customizedOriginKind=0, conflictingCustomizedOrigin=False.
[Debug  :Bugfixes and QoL] [2026-09-24 14:23:40.618] Bugfixes and QoL quarry-pile runtime: loaded Vanilla structure-group repair completed: candidates=0, validPairs=0, alreadyValid=0, plannedRepairs=0, groupIdsCorrected=0, legacyReverseLinksCleared=0, invalid=0, ambiguous=0, rejectedGroups=0.
[Info   :AIV Lobby Preset Test] Test-series run completed: CC-A-on; next=complete, session=1.
[Debug  :Building Costs] [2026-09-24 14:23:40.626] Gameplay session started: NewMap
[Debug  :Building Costs] [2026-09-24 14:23:40.626] Applied building cost materials: 0
[Debug  :Building Limit] [2026-09-24 14:23:40.629] ActiveBuildingCache RebuildCounts: humanCountKeys 6
[Debug  :Building Limit] [2026-09-24 14:23:40.629] ActiveBuildingCache ResyncAll: raiseEvents True scanned 3999 alive 778 humanActiveIds 9 humanCountKeys 6
[Debug  :Building Limit] [2026-09-24 14:23:40.631] ActiveBuildingCache ResyncAll count: player 1 type STRUCT_GOODS_YARD count 4
[Debug  :Building Limit] [2026-09-24 14:23:40.631] ActiveBuildingCache ResyncAll count: player 1 type STRUCT_KEEP_TWO count 1
[Debug  :Building Limit] [2026-09-24 14:23:40.631] ActiveBuildingCache ResyncAll count: player 1 type STRUCT_CAMPGROUND count 1
[Debug  :Building Limit] [2026-09-24 14:23:40.631] ActiveBuildingCache ResyncAll count: player 1 type STRUCT_KEEPDOOR_LEFT count 1
[Debug  :Building Limit] [2026-09-24 14:23:40.631] ActiveBuildingCache ResyncAll count: player 1 type STRUCT_KEEPDOOR_RIGHT count 1
[Debug  :Building Limit] [2026-09-24 14:23:40.631] ActiveBuildingCache ResyncAll count: player 1 type STRUCT_KEEPDOOR count 1
[Debug  :Building Limit] [2026-09-24 14:23:40.631] Gameplay session started: NewMap
[Debug  :Building Limit] [2026-09-24 14:23:40.631] Applied active building limit rules: 93
[Debug  :CastlePlanner] [2026-09-24 14:23:40.634] Blueprint preparation skipped because the local AIVJSON is unavailable and Spawn Castle is disabled: '[CustomLords] testlord_serp\testlord_serpcastle1.aivjson'.
[Debug  :CastlePlanner] [2026-09-24 14:23:40.634] Blueprint map-start lifecycle received; visibility reset to hidden.
[Debug  : Cheat Mod] [2026-09-24 14:23:40.634] Cheat Mod map runtime started; extreme-powers recharge interval=40 ticks, mana=7000, tickSubscribed=False.
[Debug  :Unit Costs] [2026-09-24 14:23:40.636] Applied unit cost values: 0
[Debug  :Unit Costs] [2026-09-24 14:23:40.637] Applied human extra unit cost rows: 0
[Debug  :Random Events] [2026-09-24 14:23:40.692] Signpost initialization deferred: player 1 Keep 1 geometry is unavailable: occupied tiles and grid fallback are invalid: begin=(264,401), gridSize=7.
[Debug  :Extreme Powers] [2026-09-24 14:23:40.722] Extreme Powers session is ready.
[Debug  :Bugfixes and QoL] [2026-09-24 14:23:40.722] Bugfixes and QoL quarry-pile runtime: AI quarry spawn observation armed after map/load initialization: tick=26.
[Info   :Extra Features] [2026-09-24 14:23:40.777] Extra Features gatehouse automation icon loaded: asset='Assets/GUI/Sprites/ExtraFeatures_GatehouseAutomation.png', bytes=2443140.
[Debug  :CastlePlanner] [2026-09-24 14:23:40.777] Persistent Application.onBeforeRender blueprint callback is active.
[Info   :CastlePlanner] [2026-09-24 14:23:40.781] CastlePlanner cached AIVJSON choices including Steam Workshop content; unique=511, identicalDuplicatesIgnored=376, nonAivContainersIgnored=3.
[Info   :CastlePlanner] [2026-09-24 14:23:40.810] Blueprint prepared locally: reason=scheduled preparation, file=C:\Users\Serpens66\AppData\LocalLow\Firefly Studios\Stronghold Crusader Definitive Edition\CustomLords\testlord_serp\testlord_serpcastle1.aivjson, keep=(264,401), projectedKeep=(264,401), castleRotation=0, tiles=1683, icons=161, unknownMappers=0, miscItemsIgnored=0.
[Debug  :CastlePlanner] [2026-09-24 14:23:40.810] Blueprint HUD viewport updated: width=1365,0, height=768,0.
[Debug  :CastlePlanner] [2026-09-24 14:23:40.816] Decoded Blueprint depth atlas page: key=MAPPER_WALL|Generic|Default, page=0, bytes=90046, size=68x540, pngDecodeMs=2,5, pagePrepareMs=3,1.
[Debug  :CastlePlanner] [2026-09-24 14:23:40.821] Prepared Blueprint depth visual: key=MAPPER_WALL|Generic|Default, pages=1, fragments=1, layers=1, fileReadMs=0,9, pngDecodeMs=2,5, meshBuildMs=4,5, mainThreadMs=7,8.
[Debug  :CastlePlanner] [2026-09-24 14:23:40.829] Decoded Blueprint depth atlas page: key=MAPPER_WOODWALL|Generic|Default, page=0, bytes=90300, size=68x540, pngDecodeMs=1,1, pagePrepareMs=1,1.
[Debug  :CastlePlanner] [2026-09-24 14:23:40.829] Prepared Blueprint depth visual: key=MAPPER_WOODWALL|Generic|Default, pages=1, fragments=1, layers=1, fileReadMs=0,9, pngDecodeMs=1,1, meshBuildMs=0,0, mainThreadMs=1,2.
[Debug  :CastlePlanner] [2026-09-24 14:23:40.838] Decoded Blueprint depth atlas page: key=MAPPER_CRENAL|Generic|PlacedDefault, page=0, bytes=95445, size=68x576, pngDecodeMs=1,2, pagePrepareMs=1,2.
[Debug  :CastlePlanner] [2026-09-24 14:23:40.838] Prepared Blueprint depth visual: key=MAPPER_CRENAL|Generic|PlacedDefault, pages=1, fragments=1, layers=1, fileReadMs=0,2, pngDecodeMs=1,2, meshBuildMs=0,1, mainThreadMs=1,3.
[Debug  :CastlePlanner] [2026-09-24 14:23:40.848] Decoded Blueprint depth atlas page: key=MAPPER_CRENAL2|Generic|PlacedDefault, page=0, bytes=95445, size=68x576, pngDecodeMs=1,2, pagePrepareMs=1,2.
[Debug  :CastlePlanner] [2026-09-24 14:23:40.848] Prepared Blueprint depth visual: key=MAPPER_CRENAL2|Generic|PlacedDefault, pages=1, fragments=1, layers=1, fileReadMs=0,1, pngDecodeMs=1,2, meshBuildMs=0,1, mainThreadMs=1,4.
[Debug  :CastlePlanner] [2026-09-24 14:23:40.859] Decoded Blueprint depth atlas page: key=MAPPER_STAIR|Generic|StairNorth, page=0, bytes=8970, size=68x68, pngDecodeMs=0,2, pagePrepareMs=0,2.
[Debug  :CastlePlanner] [2026-09-24 14:23:40.859] Prepared Blueprint depth visual: key=MAPPER_STAIR|Generic|StairNorth, pages=1, fragments=1, layers=1, fileReadMs=0,1, pngDecodeMs=0,2, meshBuildMs=0,1, mainThreadMs=0,4.
[Debug  :CastlePlanner] [2026-09-24 14:23:40.871] Decoded Blueprint depth atlas page: key=MAPPER_TOWER1|Generic|Default, page=0, bytes=453661, size=596x680, pngDecodeMs=4,8, pagePrepareMs=4,9.
[Debug  :CastlePlanner] [2026-09-24 14:23:40.872] Prepared Blueprint depth visual: key=MAPPER_TOWER1|Generic|Default, pages=1, fragments=9, layers=5, fileReadMs=2,0, pngDecodeMs=4,8, meshBuildMs=0,5, mainThreadMs=5,4.
[Debug  :CastlePlanner] [2026-09-24 14:23:40.881] Decoded Blueprint depth atlas page: key=MAPPER_TOWER2|Generic|Default, page=0, bytes=413999, size=992x428, pngDecodeMs=4,8, pagePrepareMs=4,8.
[Debug  :CastlePlanner] [2026-09-24 14:23:40.881] Prepared Blueprint depth visual: key=MAPPER_TOWER2|Generic|Default, pages=1, fragments=16, layers=7, fileReadMs=2,2, pngDecodeMs=4,8, meshBuildMs=0,1, mainThreadMs=5,0.
[Debug  :CastlePlanner] [2026-09-24 14:23:40.890] Decoded Blueprint depth atlas page: key=MAPPER_TOWER3|Generic|Default, page=0, bytes=589632, size=992x468, pngDecodeMs=5,7, pagePrepareMs=5,8.
[Debug  :CastlePlanner] [2026-09-24 14:23:40.890] Prepared Blueprint depth visual: key=MAPPER_TOWER3|Generic|Default, pages=1, fragments=25, layers=9, fileReadMs=2,7, pngDecodeMs=5,7, meshBuildMs=0,3, mainThreadMs=6,1.
[Debug  :CastlePlanner] [2026-09-24 14:23:40.902] Decoded Blueprint depth atlas page: key=MAPPER_TOWER4|Generic|Default, page=0, bytes=812187, size=992x968, pngDecodeMs=10,6, pagePrepareMs=10,6.
[Debug  :CastlePlanner] [2026-09-24 14:23:40.903] Prepared Blueprint depth visual: key=MAPPER_TOWER4|Generic|Default, pages=1, fragments=36, layers=11, fileReadMs=0,3, pngDecodeMs=10,6, meshBuildMs=0,2, mainThreadMs=10,8.
[Debug  :CastlePlanner] [2026-09-24 14:23:40.916] Decoded Blueprint depth atlas page: key=MAPPER_TOWER5|Generic|Default, page=0, bytes=875698, size=2048x556, pngDecodeMs=12,3, pagePrepareMs=12,3.
[Debug  :CastlePlanner] [2026-09-24 14:23:40.917] Prepared Blueprint depth visual: key=MAPPER_TOWER5|Generic|Default, pages=1, fragments=36, layers=11, fileReadMs=2,3, pngDecodeMs=12,3, meshBuildMs=0,3, mainThreadMs=12,7.
[Debug  :CastlePlanner] [2026-09-24 14:23:40.921] Decoded Blueprint depth atlas page: key=MAPPER_OIL_SMELTER|Generic|ReservationFront, page=0, bytes=165724, size=464x424, pngDecodeMs=2,2, pagePrepareMs=2,3.
[Debug  :CastlePlanner] [2026-09-24 14:23:40.921] Prepared Blueprint depth visual: key=MAPPER_OIL_SMELTER|Generic|ReservationFront, pages=1, fragments=32, layers=11, fileReadMs=0,4, pngDecodeMs=2,2, meshBuildMs=0,1, mainThreadMs=2,4.
[Debug  :CastlePlanner] [2026-09-24 14:23:40.931] Decoded Blueprint depth atlas page: key=MAPPER_DOG_CAGE|Generic|Default, page=0, bytes=49882, size=200x216, pngDecodeMs=0,6, pagePrepareMs=0,7.
[Debug  :CastlePlanner] [2026-09-24 14:23:40.932] Prepared Blueprint depth visual: key=MAPPER_DOG_CAGE|Generic|Default, pages=1, fragments=9, layers=5, fileReadMs=0,1, pngDecodeMs=0,6, meshBuildMs=0,1, mainThreadMs=0,9.
[Debug  :CastlePlanner] [2026-09-24 14:23:40.940] Decoded Blueprint depth atlas page: key=MAPPER_GATE_STONE1A|Generic|Default, page=0, bytes=392752, size=992x340, pngDecodeMs=4,3, pagePrepareMs=4,3.
[Debug  :CastlePlanner] [2026-09-24 14:23:40.940] Prepared Blueprint depth visual: key=MAPPER_GATE_STONE1A|Generic|Default, pages=1, fragments=25, layers=9, fileReadMs=1,6, pngDecodeMs=4,3, meshBuildMs=0,1, mainThreadMs=4,5.
[Debug  :CastlePlanner] [2026-09-24 14:23:40.953] Decoded Blueprint depth atlas page: key=MAPPER_GATE_STONE2A|Generic|Default, page=0, bytes=696164, size=992x756, pngDecodeMs=8,2, pagePrepareMs=8,3.
[Debug  :CastlePlanner] [2026-09-24 14:23:40.953] Prepared Blueprint depth visual: key=MAPPER_GATE_STONE2A|Generic|Default, pages=1, fragments=49, layers=13, fileReadMs=9,6, pngDecodeMs=8,2, meshBuildMs=0,2, mainThreadMs=8,5.
[Debug  :CastlePlanner] [2026-09-24 14:23:40.957] Decoded Blueprint depth atlas page: key=MAPPER_DRAWBRIDGE|Generic|DrawbridgeFront, page=0, bytes=116940, size=992x284, pngDecodeMs=2,7, pagePrepareMs=2,7.
[Debug  :CastlePlanner] [2026-09-24 14:23:40.957] Prepared Blueprint depth visual: key=MAPPER_DRAWBRIDGE|Generic|DrawbridgeFront, pages=1, fragments=25, layers=9, fileReadMs=8,2, pngDecodeMs=2,7, meshBuildMs=0,1, mainThreadMs=2,9.
[Debug  :CastlePlanner] [2026-09-24 14:23:40.965] Decoded Blueprint depth atlas page: key=MAPPER_POLETURNER|Generic|Default, page=0, bytes=200416, size=464x336, pngDecodeMs=2,0, pagePrepareMs=2,0.
[Debug  :CastlePlanner] [2026-09-24 14:23:40.965] Prepared Blueprint depth visual: key=MAPPER_POLETURNER|Generic|Default, pages=1, fragments=16, layers=7, fileReadMs=0,1, pngDecodeMs=2,0, meshBuildMs=0,1, mainThreadMs=2,1.
[Debug  :CastlePlanner] [2026-09-24 14:23:40.971] Decoded Blueprint depth atlas page: key=MAPPER_FLETCHER|Generic|Default, page=0, bytes=200989, size=464x340, pngDecodeMs=2,0, pagePrepareMs=2,1.
[Debug  :CastlePlanner] [2026-09-24 14:23:40.973] Prepared Blueprint depth visual: key=MAPPER_FLETCHER|Generic|Default, pages=1, fragments=16, layers=7, fileReadMs=0,1, pngDecodeMs=2,0, meshBuildMs=0,1, mainThreadMs=2,2.
[Debug  :CastlePlanner] [2026-09-24 14:23:40.979] Decoded Blueprint depth atlas page: key=MAPPER_BLACKSMITH|Generic|Default, page=0, bytes=198094, size=464x352, pngDecodeMs=2,1, pagePrepareMs=2,1.
[Debug  :CastlePlanner] [2026-09-24 14:23:40.979] Prepared Blueprint depth visual: key=MAPPER_BLACKSMITH|Generic|Default, pages=1, fragments=16, layers=7, fileReadMs=0,1, pngDecodeMs=2,1, meshBuildMs=0,1, mainThreadMs=2,2.
[Debug  :CastlePlanner] [2026-09-24 14:23:40.986] Decoded Blueprint depth atlas page: key=MAPPER_TANNER|Generic|Default, page=0, bytes=184360, size=464x324, pngDecodeMs=2,6, pagePrepareMs=2,7.
[Debug  :CastlePlanner] [2026-09-24 14:23:40.986] Prepared Blueprint depth visual: key=MAPPER_TANNER|Generic|Default, pages=1, fragments=16, layers=7, fileReadMs=0,1, pngDecodeMs=2,6, meshBuildMs=0,1, mainThreadMs=2,8.
[Debug  :CastlePlanner] [2026-09-24 14:23:40.992] Decoded Blueprint depth atlas page: key=MAPPER_ARMOURER|Generic|Default, page=0, bytes=199906, size=464x356, pngDecodeMs=2,2, pagePrepareMs=2,2.
[Debug  :CastlePlanner] [2026-09-24 14:23:40.993] Prepared Blueprint depth visual: key=MAPPER_ARMOURER|Generic|Default, pages=1, fragments=16, layers=7, fileReadMs=0,2, pngDecodeMs=2,2, meshBuildMs=0,1, mainThreadMs=2,4.
[Debug  :CastlePlanner] [2026-09-24 14:23:41.001] Decoded Blueprint depth atlas page: key=MAPPER_ARMOURY|Generic|Default, page=0, bytes=273249, size=464x460, pngDecodeMs=3,1, pagePrepareMs=3,2.
[Debug  :CastlePlanner] [2026-09-24 14:23:41.001] Prepared Blueprint depth visual: key=MAPPER_ARMOURY|Generic|Default, pages=1, fragments=16, layers=7, fileReadMs=0,1, pngDecodeMs=3,1, meshBuildMs=0,1, mainThreadMs=3,3.
[Debug  :CastlePlanner] [2026-09-24 14:23:41.009] Decoded Blueprint depth atlas page: key=MAPPER_ENGINEERS_GUILD|Generic|ReservationFront, page=0, bytes=365609, size=992x276, pngDecodeMs=3,2, pagePrepareMs=3,3.
[Debug  :CastlePlanner] [2026-09-24 14:23:41.009] Prepared Blueprint depth visual: key=MAPPER_ENGINEERS_GUILD|Generic|ReservationFront, pages=1, fragments=50, layers=14, fileReadMs=0,2, pngDecodeMs=3,2, meshBuildMs=0,2, mainThreadMs=3,5.
[Debug  :CastlePlanner] [2026-09-24 14:23:41.017] Decoded Blueprint depth atlas page: key=MAPPER_TUNNELERS_GUILD|Generic|ReservationRear, page=0, bytes=373038, size=992x284, pngDecodeMs=3,4, pagePrepareMs=3,4.
[Debug  :CastlePlanner] [2026-09-24 14:23:41.017] Prepared Blueprint depth visual: key=MAPPER_TUNNELERS_GUILD|Generic|ReservationRear, pages=1, fragments=50, layers=14, fileReadMs=0,2, pngDecodeMs=3,4, meshBuildMs=0,2, mainThreadMs=3,6.
[Debug  :CastlePlanner] [2026-09-24 14:23:41.024] Decoded Blueprint depth atlas page: key=MAPPER_STABLES|Generic|Default, page=0, bytes=314293, size=992x396, pngDecodeMs=4,3, pagePrepareMs=4,3.
[Debug  :CastlePlanner] [2026-09-24 14:23:41.024] Prepared Blueprint depth visual: key=MAPPER_STABLES|Generic|Default, pages=1, fragments=36, layers=11, fileReadMs=0,1, pngDecodeMs=4,3, meshBuildMs=0,1, mainThreadMs=4,5.
[Debug  :CastlePlanner] [2026-09-24 14:23:41.034] Decoded Blueprint depth atlas page: key=MAPPER_BARRACKS_STONE|Generic|ReservationDefault, page=0, bytes=636911, size=992x572, pngDecodeMs=6,4, pagePrepareMs=6,4.
[Debug  :CastlePlanner] [2026-09-24 14:23:41.034] Prepared Blueprint depth visual: key=MAPPER_BARRACKS_STONE|Generic|ReservationDefault, pages=1, fragments=100, layers=19, fileReadMs=0,2, pngDecodeMs=6,4, meshBuildMs=0,2, mainThreadMs=6,7.
[Debug  :CastlePlanner] [2026-09-24 14:23:41.042] Decoded Blueprint depth atlas page: key=MAPPER_BARRACKS_WOOD|Generic|ReservationDefault, page=0, bytes=436519, size=992x464, pngDecodeMs=5,0, pagePrepareMs=5,0.
[Debug  :CastlePlanner] [2026-09-24 14:23:41.042] Prepared Blueprint depth visual: key=MAPPER_BARRACKS_WOOD|Generic|ReservationDefault, pages=1, fragments=100, layers=19, fileReadMs=0,2, pngDecodeMs=5,0, meshBuildMs=0,2, mainThreadMs=5,3.
[Debug  :CastlePlanner] [2026-09-24 14:23:41.049] Decoded Blueprint depth atlas page: key=MAPPER_BEDOUIN_STOCKADE|Generic|ReservationDefault, page=0, bytes=452884, size=992x544, pngDecodeMs=5,7, pagePrepareMs=5,7.
[Debug  :CastlePlanner] [2026-09-24 14:23:41.049] Prepared Blueprint depth visual: key=MAPPER_BEDOUIN_STOCKADE|Generic|ReservationDefault, pages=1, fragments=100, layers=19, fileReadMs=0,2, pngDecodeMs=5,7, meshBuildMs=0,2, mainThreadMs=6,0.
[Debug  :CastlePlanner] [2026-09-24 14:23:41.055] Decoded Blueprint depth atlas page: key=MAPPER_STORES|Generic|Default, page=0, bytes=109328, size=464x192, pngDecodeMs=1,0, pagePrepareMs=1,1.
[Debug  :CastlePlanner] [2026-09-24 14:23:41.055] Prepared Blueprint depth visual: key=MAPPER_STORES|Generic|Default, pages=1, fragments=25, layers=9, fileReadMs=0,1, pngDecodeMs=1,0, meshBuildMs=0,1, mainThreadMs=1,2.
[Debug  :CastlePlanner] [2026-09-24 14:23:41.061] Decoded Blueprint depth atlas page: key=MAPPER_WOODSMAN|Generic|Default, page=0, bytes=58393, size=464x160, pngDecodeMs=0,8, pagePrepareMs=0,8.
[Debug  :CastlePlanner] [2026-09-24 14:23:41.061] Prepared Blueprint depth visual: key=MAPPER_WOODSMAN|Generic|Default, pages=1, fragments=9, layers=5, fileReadMs=0,1, pngDecodeMs=0,8, meshBuildMs=0,1, mainThreadMs=0,9.
[Debug  :CastlePlanner] [2026-09-24 14:23:41.070] Decoded Blueprint depth atlas page: key=MAPPER_TRADEPOST|Generic|Default, page=0, bytes=259795, size=464x416, pngDecodeMs=2,7, pagePrepareMs=2,7.
[Debug  :CastlePlanner] [2026-09-24 14:23:41.070] Prepared Blueprint depth visual: key=MAPPER_TRADEPOST|Generic|Default, pages=1, fragments=25, layers=9, fileReadMs=0,1, pngDecodeMs=2,7, meshBuildMs=0,1, mainThreadMs=2,8.
[Debug  :CastlePlanner] [2026-09-24 14:23:41.074] Decoded Blueprint depth atlas page: key=MAPPER_GRANARY|Generic|Default, page=0, bytes=224910, size=464x408, pngDecodeMs=3,0, pagePrepareMs=3,0.
[Debug  :CastlePlanner] [2026-09-24 14:23:41.074] Prepared Blueprint depth visual: key=MAPPER_GRANARY|Generic|Default, pages=1, fragments=16, layers=7, fileReadMs=0,1, pngDecodeMs=3,0, meshBuildMs=0,1, mainThreadMs=3,2.
[Debug  :CastlePlanner] [2026-09-24 14:23:41.076] Decoded Blueprint depth atlas page: key=MAPPER_HUNTER|Generic|Default, page=0, bytes=55453, size=200x252, pngDecodeMs=0,7, pagePrepareMs=0,7.
[Debug  :CastlePlanner] [2026-09-24 14:23:41.076] Prepared Blueprint depth visual: key=MAPPER_HUNTER|Generic|Default, pages=1, fragments=9, layers=5, fileReadMs=0,1, pngDecodeMs=0,7, meshBuildMs=0,1, mainThreadMs=0,8.
[Debug  :CastlePlanner] [2026-09-24 14:23:41.084] Decoded Blueprint depth atlas page: key=MAPPER_MILL|Generic|Default, page=0, bytes=193862, size=464x480, pngDecodeMs=3,2, pagePrepareMs=3,3.
[Debug  :CastlePlanner] [2026-09-24 14:23:41.084] Prepared Blueprint depth visual: key=MAPPER_MILL|Generic|Default, pages=1, fragments=9, layers=5, fileReadMs=0,1, pngDecodeMs=3,2, meshBuildMs=0,1, mainThreadMs=3,4.
[Debug  :CastlePlanner] [2026-09-24 14:23:41.088] Decoded Blueprint depth atlas page: key=MAPPER_BAKER|Generic|Default, page=0, bytes=212576, size=464x364, pngDecodeMs=2,4, pagePrepareMs=2,5.
[Debug  :CastlePlanner] [2026-09-24 14:23:41.088] Prepared Blueprint depth visual: key=MAPPER_BAKER|Generic|Default, pages=1, fragments=16, layers=7, fileReadMs=0,1, pngDecodeMs=2,4, meshBuildMs=0,4, mainThreadMs=3,0.
[Debug  :CastlePlanner] [2026-09-24 14:23:41.092] Decoded Blueprint depth atlas page: key=MAPPER_BREWER|Generic|Default, page=0, bytes=206924, size=464x348, pngDecodeMs=2,1, pagePrepareMs=2,2.
[Debug  :CastlePlanner] [2026-09-24 14:23:41.092] Prepared Blueprint depth visual: key=MAPPER_BREWER|Generic|Default, pages=1, fragments=16, layers=7, fileReadMs=0,1, pngDecodeMs=2,1, meshBuildMs=0,2, mainThreadMs=2,5.
[Debug  :CastlePlanner] [2026-09-24 14:23:41.097] Decoded Blueprint depth atlas page: key=MAPPER_INN|Generic|Default, page=0, bytes=406032, size=992x304, pngDecodeMs=3,6, pagePrepareMs=3,6.
[Debug  :CastlePlanner] [2026-09-24 14:23:41.097] Prepared Blueprint depth visual: key=MAPPER_INN|Generic|Default, pages=1, fragments=25, layers=9, fileReadMs=0,1, pngDecodeMs=3,6, meshBuildMs=0,1, mainThreadMs=3,7.
[Debug  :CastlePlanner] [2026-09-24 14:23:41.100] Decoded Blueprint depth atlas page: key=MAPPER_HOVEL|Generic|Default, page=0, bytes=137741, size=464x212, pngDecodeMs=1,4, pagePrepareMs=1,4.
[Debug  :CastlePlanner] [2026-09-24 14:23:41.100] Prepared Blueprint depth visual: key=MAPPER_HOVEL|Generic|Default, pages=1, fragments=16, layers=7, fileReadMs=0,1, pngDecodeMs=1,4, meshBuildMs=0,1, mainThreadMs=1,5.
[Debug  :CastlePlanner] [2026-09-24 14:23:41.105] Decoded Blueprint depth atlas page: key=MAPPER_CHURCH1|European|Default, page=0, bytes=355865, size=992x344, pngDecodeMs=3,9, pagePrepareMs=3,9.
[Debug  :CastlePlanner] [2026-09-24 14:23:41.105] Prepared Blueprint depth visual: key=MAPPER_CHURCH1|European|Default, pages=1, fragments=36, layers=11, fileReadMs=0,1, pngDecodeMs=3,9, meshBuildMs=0,1, mainThreadMs=4,1.
[Debug  :CastlePlanner] [2026-09-24 14:23:41.119] Decoded Blueprint depth atlas page: key=MAPPER_CHURCH2|European|Default, page=0, bytes=695883, size=992x808, pngDecodeMs=8,7, pagePrepareMs=8,8.
[Debug  :CastlePlanner] [2026-09-24 14:23:41.119] Prepared Blueprint depth visual: key=MAPPER_CHURCH2|European|Default, pages=1, fragments=81, layers=17, fileReadMs=0,2, pngDecodeMs=8,7, meshBuildMs=0,3, mainThreadMs=9,1.
[Debug  :CastlePlanner] [2026-09-24 14:23:41.150] Decoded Blueprint depth atlas page: key=MAPPER_CHURCH3|European|Default, page=0, bytes=1676006, size=2048x1388, pngDecodeMs=29,4, pagePrepareMs=29,4.
[Debug  :CastlePlanner] [2026-09-24 14:23:41.150] Prepared Blueprint depth visual: key=MAPPER_CHURCH3|European|Default, pages=1, fragments=169, layers=25, fileReadMs=0,4, pngDecodeMs=29,4, meshBuildMs=0,4, mainThreadMs=29,9.
[Debug  :CastlePlanner] [2026-09-24 14:23:41.160] Decoded Blueprint depth atlas page: key=MAPPER_HEALER|Generic|Default, page=0, bytes=411126, size=992x376, pngDecodeMs=4,4, pagePrepareMs=4,5.
[Debug  :CastlePlanner] [2026-09-24 14:23:41.161] Prepared Blueprint depth visual: key=MAPPER_HEALER|Generic|Default, pages=1, fragments=36, layers=11, fileReadMs=0,1, pngDecodeMs=4,4, meshBuildMs=0,1, mainThreadMs=4,7.
[Debug  :CastlePlanner] [2026-09-24 14:23:41.163] Decoded Blueprint depth atlas page: key=MAPPER_WELL|Generic|Default, page=0, bytes=42912, size=200x196, pngDecodeMs=0,6, pagePrepareMs=0,6.
[Debug  :CastlePlanner] [2026-09-24 14:23:41.163] Prepared Blueprint depth visual: key=MAPPER_WELL|Generic|Default, pages=1, fragments=9, layers=5, fileReadMs=0,1, pngDecodeMs=0,6, meshBuildMs=0,1, mainThreadMs=0,8.
[Debug  :CastlePlanner] [2026-09-24 14:23:41.168] Decoded Blueprint depth atlas page: key=MAPPER_WATERPOT|Generic|Default, page=0, bytes=134683, size=464x388, pngDecodeMs=2,1, pagePrepareMs=2,1.
[Debug  :CastlePlanner] [2026-09-24 14:23:41.168] Prepared Blueprint depth visual: key=MAPPER_WATERPOT|Generic|Default, pages=1, fragments=16, layers=7, fileReadMs=0,1, pngDecodeMs=2,1, meshBuildMs=0,1, mainThreadMs=2,2.
[Debug  :CastlePlanner] [2026-09-24 14:23:41.170] Decoded Blueprint depth atlas page: key=MAPPER_MAYPOLE|Generic|Default, page=0, bytes=39232, size=200x200, pngDecodeMs=0,5, pagePrepareMs=0,6.
[Debug  :CastlePlanner] [2026-09-24 14:23:41.170] Prepared Blueprint depth visual: key=MAPPER_MAYPOLE|Generic|Default, pages=1, fragments=9, layers=5, fileReadMs=0,1, pngDecodeMs=0,5, meshBuildMs=0,1, mainThreadMs=0,7.
[Debug  :CastlePlanner] [2026-09-24 14:23:41.174] Decoded Blueprint depth atlas page: key=MAPPER_DANCING_BEAR|Generic|Default, page=0, bytes=98458, size=464x180, pngDecodeMs=1,0, pagePrepareMs=1,1.
[Debug  :CastlePlanner] [2026-09-24 14:23:41.174] Prepared Blueprint depth visual: key=MAPPER_DANCING_BEAR|Generic|Default, pages=1, fragments=25, layers=9, fileReadMs=0,1, pngDecodeMs=1,0, meshBuildMs=0,1, mainThreadMs=1,2.
[Debug  :CastlePlanner] [2026-09-24 14:23:41.176] Decoded Blueprint depth atlas page: key=MAPPER_STATUE1|Generic|Default, page=0, bytes=33434, size=200x208, pngDecodeMs=0,5, pagePrepareMs=0,6.
[Debug  :CastlePlanner] [2026-09-24 14:23:41.176] Prepared Blueprint depth visual: key=MAPPER_STATUE1|Generic|Default, pages=1, fragments=4, layers=3, fileReadMs=0,1, pngDecodeMs=0,5, meshBuildMs=0,1, mainThreadMs=0,6.
[Debug  :CastlePlanner] [2026-09-24 14:23:41.179] Decoded Blueprint depth atlas page: key=MAPPER_SHRINE1|Generic|Default, page=0, bytes=22715, size=200x112, pngDecodeMs=0,3, pagePrepareMs=0,3.
[Debug  :CastlePlanner] [2026-09-24 14:23:41.179] Prepared Blueprint depth visual: key=MAPPER_SHRINE1|Generic|Default, pages=1, fragments=4, layers=3, fileReadMs=0,1, pngDecodeMs=0,3, meshBuildMs=0,0, mainThreadMs=0,4.
[Debug  :CastlePlanner] [2026-09-24 14:23:41.183] Decoded Blueprint depth atlas page: key=MAPPER_GARDEN10|Generic|Default, page=0, bytes=87497, size=464x188, pngDecodeMs=1,1, pagePrepareMs=1,1.
[Debug  :CastlePlanner] [2026-09-24 14:23:41.183] Prepared Blueprint depth visual: key=MAPPER_GARDEN10|Generic|Default, pages=1, fragments=16, layers=7, fileReadMs=0,1, pngDecodeMs=1,1, meshBuildMs=0,1, mainThreadMs=1,2.
[Debug  :CastlePlanner] [2026-09-24 14:23:41.186] Decoded Blueprint depth atlas page: key=MAPPER_GARDEN7|Generic|Default, page=0, bytes=51107, size=200x204, pngDecodeMs=0,6, pagePrepareMs=0,6.
[Debug  :CastlePlanner] [2026-09-24 14:23:41.186] Prepared Blueprint depth visual: key=MAPPER_GARDEN7|Generic|Default, pages=1, fragments=9, layers=5, fileReadMs=0,1, pngDecodeMs=0,6, meshBuildMs=0,1, mainThreadMs=0,7.
[Debug  :CastlePlanner] [2026-09-24 14:23:41.189] Decoded Blueprint depth atlas page: key=MAPPER_GARDEN1|Generic|Default, page=0, bytes=22566, size=200x104, pngDecodeMs=0,3, pagePrepareMs=0,3.
[Debug  :CastlePlanner] [2026-09-24 14:23:41.189] Prepared Blueprint depth visual: key=MAPPER_GARDEN1|Generic|Default, pages=1, fragments=4, layers=3, fileReadMs=0,1, pngDecodeMs=0,3, meshBuildMs=0,0, mainThreadMs=0,4.
[Debug  :CastlePlanner] [2026-09-24 14:23:41.194] Decoded Blueprint depth atlas page: key=MAPPER_GALLOWS|Generic|Default, page=0, bytes=31927, size=264x256, pngDecodeMs=0,7, pagePrepareMs=0,7.
[Debug  :CastlePlanner] [2026-09-24 14:23:41.194] Prepared Blueprint depth visual: key=MAPPER_GALLOWS|Generic|Default, pages=1, fragments=4, layers=3, fileReadMs=0,1, pngDecodeMs=0,7, meshBuildMs=0,0, mainThreadMs=0,8.
[Debug  :CastlePlanner] [2026-09-24 14:23:41.196] Decoded Blueprint depth atlas page: key=MAPPER_CESS_PIT1|Generic|Default, page=0, bytes=93926, size=464x160, pngDecodeMs=0,9, pagePrepareMs=0,9.
[Debug  :CastlePlanner] [2026-09-24 14:23:41.196] Prepared Blueprint depth visual: key=MAPPER_CESS_PIT1|Generic|Default, pages=1, fragments=25, layers=9, fileReadMs=0,1, pngDecodeMs=0,9, meshBuildMs=0,1, mainThreadMs=1,1.
[Debug  :CastlePlanner] [2026-09-24 14:23:41.200] Decoded Blueprint depth atlas page: key=MAPPER_STOCKS|Generic|Default, page=0, bytes=37145, size=200x144, pngDecodeMs=0,4, pagePrepareMs=0,4.
[Debug  :CastlePlanner] [2026-09-24 14:23:41.200] Prepared Blueprint depth visual: key=MAPPER_STOCKS|Generic|Default, pages=1, fragments=9, layers=5, fileReadMs=0,1, pngDecodeMs=0,4, meshBuildMs=0,1, mainThreadMs=0,5.
[Debug  :CastlePlanner] [2026-09-24 14:23:41.204] Decoded Blueprint depth atlas page: key=MAPPER_BURNING_STAKE|Generic|Default, page=0, bytes=59112, size=464x220, pngDecodeMs=1,1, pagePrepareMs=1,1.
[Debug  :CastlePlanner] [2026-09-24 14:23:41.204] Prepared Blueprint depth visual: key=MAPPER_BURNING_STAKE|Generic|Default, pages=1, fragments=9, layers=5, fileReadMs=0,1, pngDecodeMs=1,1, meshBuildMs=0,1, mainThreadMs=1,2.
[Debug  :CastlePlanner] [2026-09-24 14:23:41.207] Decoded Blueprint depth atlas page: key=MAPPER_DUNGEON|Generic|Default, page=0, bytes=107207, size=464x256, pngDecodeMs=1,4, pagePrepareMs=1,4.
[Debug  :CastlePlanner] [2026-09-24 14:23:41.207] Prepared Blueprint depth visual: key=MAPPER_DUNGEON|Generic|Default, pages=1, fragments=25, layers=9, fileReadMs=0,1, pngDecodeMs=1,4, meshBuildMs=0,1, mainThreadMs=1,6.
[Debug  :CastlePlanner] [2026-09-24 14:23:41.209] Decoded Blueprint depth atlas page: key=MAPPER_RACK_STRETCHING|Generic|Default, page=0, bytes=51835, size=200x204, pngDecodeMs=0,6, pagePrepareMs=0,6.
[Debug  :CastlePlanner] [2026-09-24 14:23:41.210] Prepared Blueprint depth visual: key=MAPPER_RACK_STRETCHING|Generic|Default, pages=1, fragments=9, layers=5, fileReadMs=0,1, pngDecodeMs=0,6, meshBuildMs=0,1, mainThreadMs=0,7.
[Debug  :CastlePlanner] [2026-09-24 14:23:41.213] Decoded Blueprint depth atlas page: key=MAPPER_GIBBET|Generic|Default, page=0, bytes=59199, size=264x264, pngDecodeMs=0,8, pagePrepareMs=0,8.
[Debug  :CastlePlanner] [2026-09-24 14:23:41.213] Prepared Blueprint depth visual: key=MAPPER_GIBBET|Generic|Default, pages=1, fragments=4, layers=3, fileReadMs=0,1, pngDecodeMs=0,8, meshBuildMs=0,0, mainThreadMs=0,8.
[Debug  :CastlePlanner] [2026-09-24 14:23:41.216] Decoded Blueprint depth atlas page: key=MAPPER_CHOPPING_BLOCK|Generic|Default, page=0, bytes=64482, size=200x204, pngDecodeMs=0,6, pagePrepareMs=0,6.
[Debug  :CastlePlanner] [2026-09-24 14:23:41.216] Prepared Blueprint depth visual: key=MAPPER_CHOPPING_BLOCK|Generic|Default, pages=1, fragments=9, layers=5, fileReadMs=0,1, pngDecodeMs=0,6, meshBuildMs=0,1, mainThreadMs=0,7.
[Debug  :CastlePlanner] [2026-09-24 14:23:41.221] Decoded Blueprint depth atlas page: key=MAPPER_DUNKING_STOOL|Generic|Default, page=0, bytes=107136, size=464x376, pngDecodeMs=2,0, pagePrepareMs=2,1.
[Debug  :CastlePlanner] [2026-09-24 14:23:41.221] Prepared Blueprint depth visual: key=MAPPER_DUNKING_STOOL|Generic|Default, pages=1, fragments=25, layers=9, fileReadMs=0,1, pngDecodeMs=2,0, meshBuildMs=0,3, mainThreadMs=2,4.
[Info   :  SHCDE-SE] [T17-14:23:42.019] [GameProjectileManagerAPI] [.ctor] _projectileArray: 00007FFAB18CA680
[Debug  :Bugfixes and QoL] [2026-09-24 14:23:42.020] Keep-flag rotation summary: session=1, tick=29, enabled=True, captured=8, correctedBeforeSpawn=5, alreadyCorrectBeforeSpawn=2, keeps=8, correctedAfterStart=0, verified=7, rejected=1.
[Debug  :Extra Features] [2026-09-24 14:23:42.790] Extra Features gatehouse query hook confirmed: buildingId=45, eventUnitId=1, validatedUnitId=1, globalId=34773, owner=2, tileX=315, tileY=337.
[Debug  :Extra Features] [2026-09-24 14:23:43.209] Extra Features applied Lord health: player=1, globalId=36192, multiplier=100%, health=150000/150000->150000/150000, vanillaMax=150000.
[Debug  :Extra Features] [2026-09-24 14:23:43.209] Extra Features applied Lord health: player=2, globalId=36194, multiplier=100%, health=360000/360000->360000/360000, vanillaMax=360000.
[Debug  :Extra Features] [2026-09-24 14:23:43.209] Extra Features applied Lord health: player=3, globalId=36196, multiplier=100%, health=450000/450000->450000/450000, vanillaMax=450000.
[Debug  :Extra Features] [2026-09-24 14:23:43.209] Extra Features applied Lord health: player=4, globalId=36198, multiplier=100%, health=270000/270000->270000/270000, vanillaMax=270000.
[Debug  :Extra Features] [2026-09-24 14:23:43.209] Extra Features applied Lord health: player=5, globalId=36200, multiplier=100%, health=225000/225000->225000/225000, vanillaMax=225000.
[Debug  :Extra Features] [2026-09-24 14:23:43.209] Extra Features applied Lord health: player=6, globalId=36202, multiplier=100%, health=315000/315000->315000/315000, vanillaMax=315000.
[Debug  :Extra Features] [2026-09-24 14:23:43.209] Extra Features applied Lord health: player=7, globalId=36204, multiplier=100%, health=405000/405000->405000/405000, vanillaMax=405000.
[Debug  :Extra Features] [2026-09-24 14:23:43.209] Extra Features applied Lord health: player=8, globalId=36206, multiplier=100%, health=315000/315000->315000/315000, vanillaMax=315000.
[Debug  :Bugfixes and QoL] [2026-09-24 14:23:43.223] AI stone-reserve first live calculation succeeded: player=2, slot=1, maximumBuildStep=291, reserve=0.
[Debug  :Bugfixes and QoL] [2026-09-24 14:23:51.123] Bugfixes and QoL quarry-pile runtime: AI quarry queued for Keep-facing pile placement: playerId=5, quarryId=807, quarryGlobalId=36920, timeoutSeconds=10.
[Debug  :Bugfixes and QoL] [2026-09-24 14:23:51.138] Bugfixes and QoL quarry-pile runtime: AI quarry queued for Keep-facing pile placement: playerId=6, quarryId=810, quarryGlobalId=36925, timeoutSeconds=10.
[Debug  :Bugfixes and QoL] [2026-09-24 14:23:51.152] Bugfixes and QoL quarry-pile runtime: AI Keep-facing target selected: playerId=5, quarryGlobalId=36920, target=427,553, vanillaTry=1, candidateIndex=0, currentPositionIsBest=False.
[Debug  :Bugfixes and QoL] [2026-09-24 14:23:51.152] Bugfixes and QoL quarry-pile runtime: rotation completed: reason=singleplayer-ai-keep-facing, playerId=5, quarryGlobalId=36920, newPileGlobalId=36933, vanillaGroupId=36920, target=427,553.
[Debug  :Bugfixes and QoL] [2026-09-24 14:23:51.159] Bugfixes and QoL quarry-pile runtime: AI Keep-facing target selected: playerId=6, quarryGlobalId=36925, target=490,443, vanillaTry=1, candidateIndex=3, currentPositionIsBest=False.
[Debug  :Bugfixes and QoL] [2026-09-24 14:23:51.159] Bugfixes and QoL quarry-pile runtime: rotation completed: reason=singleplayer-ai-keep-facing, playerId=6, quarryGlobalId=36925, newPileGlobalId=36938, vanillaGroupId=36925, target=490,443.
[Debug  :Bugfixes and QoL] [2026-09-24 14:23:55.706] Bugfixes and QoL quarry-pile runtime: AI quarry queued for Keep-facing pile placement: playerId=4, quarryId=837, quarryGlobalId=39730, timeoutSeconds=10.
[Debug  :Bugfixes and QoL] [2026-09-24 14:23:55.728] Bugfixes and QoL quarry-pile runtime: AI Keep-facing target selected: playerId=4, quarryGlobalId=39730, target=369,547, vanillaTry=1, candidateIndex=1, currentPositionIsBest=False.
[Debug  :Bugfixes and QoL] [2026-09-24 14:23:55.728] Bugfixes and QoL quarry-pile runtime: rotation completed: reason=singleplayer-ai-keep-facing, playerId=4, quarryGlobalId=39730, newPileGlobalId=39757, vanillaGroupId=39730, target=369,547.
[Debug  :Bugfixes and QoL] [2026-09-24 14:23:55.744] Bugfixes and QoL quarry-pile runtime: AI quarry queued for Keep-facing pile placement: playerId=7, quarryId=838, quarryGlobalId=39776, timeoutSeconds=10.
[Debug  :Bugfixes and QoL] [2026-09-24 14:23:55.768] Bugfixes and QoL quarry-pile runtime: AI Keep-facing target selected: playerId=7, quarryGlobalId=39776, target=466,336, vanillaTry=1, candidateIndex=9, currentPositionIsBest=False.
[Debug  :Bugfixes and QoL] [2026-09-24 14:23:55.768] Bugfixes and QoL quarry-pile runtime: rotation completed: reason=singleplayer-ai-keep-facing, playerId=7, quarryGlobalId=39776, newPileGlobalId=39803, vanillaGroupId=39776, target=466,336.
[Debug  :Extra Features] [2026-09-24 14:23:58.499] Crash diagnostics 60s summary: AiDefenseBuildStep=1112, AiDefensePlacement=5076, AiFlagRoutine=170, AiMarketBuyPrice=120, AiMarketSellPrice=34, ApothecaryPlagueSearchHookInstalled=1, ApothecaryPlagueSearchMaximum=1, MonkMovementHookInstalled=1.
[Debug  :Unit Limit] [2026-09-24 14:24:03.440] Crash diagnostics 60s summary: SiegeTentChanged=7.
[Info   :  SHCDE-SE] [T1-14:24:05.401] [GameMapArchiveManagerAPI] [OnUnloadMap] Unloading archive
[Info   :  SHCDE-SE] [T1-14:24:05.402] [GameMapArchiveManagerAPI] [RemoveActiveArchive] Attempting to remove active archive
[Info   :  SHCDE-SE] [T1-14:24:05.402] [LuaManager] [OnUnloadMap] Attempting to unload lua state due to event, phase: Pre
[Info   :  SHCDE-SE] [T1-14:24:05.402] [LuaManager] [TryUnload] Attempting to unload lua state
[Warning:  SHCDE-SE] [T1-14:24:05.402] [LuaManager] [TryUnload] Lua state already unloaded!
[Info   :  SHCDE-SE] [T1-14:24:05.402] [DeterministicRandom] [OnUnloadMap] uninitializing shared state.
[Info   :  SHCDE-SE] [T1-14:24:05.402] [GamePlayerManagerAPI] [OnUnloadMap] Unloading
[Info   :  SHCDE-SE] [T1-14:24:05.402] [GameUnitManagerAPI] [OnUnloadMap] Unloading
[Info   :  SHCDE-SE] [T1-14:24:05.402] [GameBuildingManagerAPI] [OnUnloadMap] Unloading
[Info   :  SHCDE-SE] [T1-14:24:05.402] [GameMetadataManagerAPI] [OnUnloadMap] Unloading metadata
[Info   :  SHCDE-SE] [T1-14:24:05.402] [GameSoundManagerAPI] [Unload] Unloading sounds
[Info   :  SHCDE-SE] [T1-14:24:05.402] [GameSoundManagerAPI] [Unload] Unloading sounds complete
[Info   :  SHCDE-SE] [T1-14:24:05.402] [GameTriggerManager] [OnUnloadMap] Unloading
[Info   : APIShared] [2026-09-24 14:24:05.402] MissionEnd: session=1, source=NewGame, mode=CustomGame, phase=ManagedReady, reason=Unloaded, started=True, replay=False.
[Info   :  SHCDE-SE] [T1-14:24:05.402] [GameTimeManagerAPI] [OnUnloadMap] Unloading
[Info   :  SHCDE-SE] [T1-14:24:05.402] [GameAfterImageManager] [OnUnloadMap] Unloading active effects
[Info   :  SHCDE-SE] [T1-14:24:05.402] [GameBundleManager] [OnUnloadMap] Unloading
[Info   :Active AIV Detector] [2026-09-24 14:24:05.402] Active AIV detector reset for map unload; waiting for finalized AI selections. retainedPendingLobbyMetadata=False, retainedPendingPreBuildSetting=False.
[Info   :Unit Limit] [2026-09-24 14:24:05.402] [Unit Limit] gameplay-mod gate: modGuid=UnitLimit_Serp, source=MissionEnd, kind=Unknown, launchVariant=Standard, customized=False, customizedOrigin=0, modeAllowed=False, configuredEnabled=True, effectiveEnabled=False, action=disabled-by-mode, reason=unknown-fail-closed.
[Info   :Unit Limit] [2026-09-24 14:24:05.402] [UnitLimit_Serp] gameplay-feature gate: feature=UnitLimitEnforcement, source=MissionEnd, kind=Unknown, launchVariant=Standard, realMultiplayer=False, modeAllowed=False, action=disabled-by-feature-mode, reason=unknown-fail-closed.
[Debug  :Unit Limit] [2026-09-24 14:24:05.404] UnitLimit MakeTroop GameAction hook disposed.
[Debug  :Unit Limit] [2026-09-24 14:24:05.405] UnitLimit create troop hover hooks disposed.
[Debug  :Unit Limit] [2026-09-24 14:24:05.405] UnitLimit siege build hover hooks disposed.
[Debug  :Unit Limit] [2026-09-24 14:24:05.405] UnitLimit recruitment availability UI hook disposed.
[Debug  :Unit Limit] [2026-09-24 14:24:05.405] ActiveUnitCache cleared.
[Debug  :Unit Limit] [2026-09-24 14:24:05.406] ActiveSiegeTentCache cleared.
[Info   :Extra Features] [2026-09-24 14:24:05.407] [Extra Features] gameplay-mod gate: modGuid=ExtraFeatures_Serp, source=MissionEnd, kind=Unknown, launchVariant=Standard, customized=False, customizedOrigin=0, modeAllowed=False, configuredEnabled=True, effectiveEnabled=False, action=disabled-by-mode, reason=unknown-fail-closed.
[Info   :Extra Features] [2026-09-24 14:24:05.407] [ExtraFeatures_Serp] gameplay-feature gate: feature=LordHealthMultipliers, source=MissionEnd, kind=Unknown, launchVariant=Standard, realMultiplayer=False, modeAllowed=False, action=disabled-by-feature-mode, reason=unknown-fail-closed.
[Info   :Extra Features] [2026-09-24 14:24:05.407] Extra Features gatehouse map state cleared: manualOnly=0.
[Debug  :Extra Features] [2026-09-24 14:24:05.407] Extra Features apothecary plague-search maximum is now 30 (Vanilla).
[Debug  :Extra Features] [2026-09-24 14:24:05.407] Extra Features gatehouse diagnostic: button visibility state: hidden: mod-disabled.
[Info   :Extra Features] [2026-09-24 14:24:05.407] Extra Features church priest counts applied: enabled=False, church2=1, church3=1.
[Debug  :Bugfixes and QoL] [2026-09-24 14:24:05.407] Post-game lobby handoff state reset: reason=mission-end.
[Debug  :Bugfixes and QoL] [2026-09-24 14:24:05.407] Reset surrender/statistics session state: reason=mission-end.
[Info   :Building Costs] [2026-09-24 14:24:05.408] [Building Costs] gameplay-mod gate: modGuid=BuildingCosts_Serp, source=MissionEnd, kind=Unknown, launchVariant=Standard, customized=False, customizedOrigin=0, modeAllowed=False, configuredEnabled=True, effectiveEnabled=False, action=disabled-by-mode, reason=unknown-fail-closed.
[Info   :Building Costs] [2026-09-24 14:24:05.408] [BuildingCosts_Serp] gameplay-feature gate: feature=BuildingCostTooltip, source=MissionEnd, kind=Unknown, launchVariant=Standard, realMultiplayer=False, modeAllowed=False, action=disabled-by-feature-mode, reason=unknown-fail-closed.
[Debug  :Building Costs] [2026-09-24 14:24:05.409] Restored default building cost materials: 0
[Info   :Building Limit] [2026-09-24 14:24:05.409] [Building Limit] gameplay-mod gate: modGuid=BuildingLimit_Serp, source=MissionEnd, kind=Unknown, launchVariant=Standard, customized=False, customizedOrigin=0, modeAllowed=False, configuredEnabled=True, effectiveEnabled=False, action=disabled-by-mode, reason=unknown-fail-closed.
[Info   :Building Limit] [2026-09-24 14:24:05.409] [BuildingLimit_Serp] gameplay-feature gate: feature=BuildingLimitEnforcement, source=MissionEnd, kind=Unknown, launchVariant=Standard, realMultiplayer=False, modeAllowed=False, action=disabled-by-feature-mode, reason=unknown-fail-closed.
[Debug  :Building Limit] [2026-09-24 14:24:05.410] ActiveBuildingCache cleared.
[Info   :CastlePlanner] [2026-09-24 14:24:05.410] [CastlePlanner] gameplay-mod gate: modGuid=CastlePlanner_Serp, source=MissionEnd, kind=Unknown, launchVariant=Standard, customized=False, customizedOrigin=0, modeAllowed=False, configuredEnabled=True, effectiveEnabled=False, action=disabled-by-mode, reason=unknown-fail-closed.
[Info   :CastlePlanner] [2026-09-24 14:24:05.410] [CastlePlanner_Serp] gameplay-feature gate: feature=CastleSpawning, source=MissionEnd, kind=Unknown, launchVariant=Standard, realMultiplayer=False, modeAllowed=False, action=disabled-by-feature-mode, reason=unknown-fail-closed.
[Info   :CastlePlanner] [2026-09-24 14:24:05.410] [CastlePlanner_Serp] gameplay-feature gate: feature=FreeCastlePreview, source=MissionEnd, kind=Unknown, launchVariant=Standard, realMultiplayer=False, modeAllowed=False, action=disabled-by-feature-mode, reason=unknown-fail-closed.
[Info   :CastlePlanner] [2026-09-24 14:24:05.410] [CastlePlanner_Serp] gameplay-feature gate: feature=CastleBlueprints, source=MissionEnd, kind=Unknown, launchVariant=Standard, realMultiplayer=False, modeAllowed=False, action=disabled-by-feature-mode, reason=unknown-fail-closed.
[Debug  :CastlePlanner] [2026-09-24 14:24:05.410] Blueprint overlay cleared for map unload.
[Debug  :CastlePlanner] [2026-09-24 14:24:05.410] OnUnloadMap(Post) received; the next new map may spawn a native AIV castle.
[Info   : Cheat Mod] [2026-09-24 14:24:05.410] [Cheat Mod] gameplay-mod gate: modGuid=CheatMod_Serp, source=MissionEnd, kind=Unknown, launchVariant=Standard, customized=False, customizedOrigin=0, modeAllowed=False, configuredEnabled=False, effectiveEnabled=False, action=disabled-by-mode, reason=unknown-fail-closed.
[Info   : Cheat Mod] [2026-09-24 14:24:05.410] [CheatMod_Serp] gameplay-feature gate: feature=EndlessExtremePowersRecharge, source=MissionEnd, kind=Unknown, launchVariant=Standard, realMultiplayer=False, modeAllowed=False, action=disabled-by-feature-mode, reason=unknown-fail-closed.
[Info   :Extreme Powers] [2026-09-24 14:24:05.415] [Extreme Powers] gameplay-mod gate: modGuid=ExtremePowers_Serp, source=MissionEnd, kind=Unknown, launchVariant=Standard, customized=False, customizedOrigin=0, modeAllowed=False, configuredEnabled=True, effectiveEnabled=False, action=disabled-by-mode, reason=unknown-fail-closed.
[Info   :Random Events] [2026-09-24 14:24:05.415] [Random Events] gameplay-mod gate: modGuid=RandomEvents_Serp, source=MissionEnd, kind=Unknown, launchVariant=Standard, customized=False, customizedOrigin=0, modeAllowed=False, configuredEnabled=True, effectiveEnabled=False, action=disabled-by-mode, reason=unknown-fail-closed.
[Info   :Random Events] [2026-09-24 14:24:05.415] [RandomEvents_Serp] gameplay-feature gate: feature=RandomEventsRuntime, source=MissionEnd, kind=Unknown, launchVariant=Standard, realMultiplayer=False, modeAllowed=False, action=disabled-by-feature-mode, reason=unknown-fail-closed.
[Info   :Unit Costs] [2026-09-24 14:24:05.415] [Unit Costs] gameplay-mod gate: modGuid=UnitCosts_Serp, source=MissionEnd, kind=Unknown, launchVariant=Standard, customized=False, customizedOrigin=0, modeAllowed=False, configuredEnabled=True, effectiveEnabled=False, action=disabled-by-mode, reason=unknown-fail-closed.
[Info   :Unit Costs] [2026-09-24 14:24:05.415] [UnitCosts_Serp] gameplay-feature gate: feature=UnitCostEnforcement, source=MissionEnd, kind=Unknown, launchVariant=Standard, realMultiplayer=False, modeAllowed=False, action=disabled-by-feature-mode, reason=unknown-fail-closed.
[Debug  :Unit Costs] [2026-09-24 14:24:05.417] Restored vanilla unit cost values: 32
[Debug  :Unit Costs] [2026-09-24 14:24:05.417] UnitCosts MakeTroop GameAction hook disposed.
[Debug  :Unit Costs] [2026-09-24 14:24:05.417] UnitCosts create troop hover hooks disposed.
[Debug  :Unit Costs] [2026-09-24 14:24:05.418] UnitCosts siege build hover hooks disposed.
[Debug  :Unit Costs] [2026-09-24 14:24:05.418] UnitCosts recruitment availability UI hook disposed.
[Info   :  SHCDE-SE] [T1-14:24:05.514] [BulkMapLoaderDetours] [c_game_unload_map_hook_impl] pTileManager=00007FFAB29AEDB0, preventNotification=False
[Info   :  SHCDE-SE] [T1-14:24:05.514] [GameMapArchiveManagerAPI] [OnUnloadMap] Unloading archive
[Info   :  SHCDE-SE] [T1-14:24:05.514] [GameMapArchiveManagerAPI] [RemoveActiveArchive] Attempting to remove active archive
[Info   :  SHCDE-SE] [T1-14:24:05.514] [LuaManager] [OnUnloadMap] Attempting to unload lua state due to event, phase: Pre
[Info   :  SHCDE-SE] [T1-14:24:05.514] [LuaManager] [TryUnload] Attempting to unload lua state
[Warning:  SHCDE-SE] [T1-14:24:05.514] [LuaManager] [TryUnload] Lua state already unloaded!
[Info   :  SHCDE-SE] [T1-14:24:05.514] [DeterministicRandom] [OnUnloadMap] uninitializing shared state.
[Info   :  SHCDE-SE] [T1-14:24:05.514] [GamePlayerManagerAPI] [OnUnloadMap] Unloading
[Info   :  SHCDE-SE] [T1-14:24:05.514] [GameUnitManagerAPI] [OnUnloadMap] Unloading
[Info   :  SHCDE-SE] [T1-14:24:05.514] [GameBuildingManagerAPI] [OnUnloadMap] Unloading
[Info   :  SHCDE-SE] [T1-14:24:05.514] [GameMetadataManagerAPI] [OnUnloadMap] Unloading metadata
[Info   :  SHCDE-SE] [T1-14:24:05.514] [GameSoundManagerAPI] [Unload] Unloading sounds
[Info   :  SHCDE-SE] [T1-14:24:05.514] [GameSoundManagerAPI] [Unload] Unloading sounds complete
[Info   :  SHCDE-SE] [T1-14:24:05.514] [GameTriggerManager] [OnUnloadMap] Unloading
[Info   :  SHCDE-SE] [T1-14:24:05.514] [GameTimeManagerAPI] [OnUnloadMap] Unloading
[Info   :  SHCDE-SE] [T1-14:24:05.514] [GameAfterImageManager] [OnUnloadMap] Unloading active effects
[Info   :  SHCDE-SE] [T1-14:24:05.514] [GameBundleManager] [OnUnloadMap] Unloading
[Info   :  SHCDE-SE] [T1-14:24:05.531] [GameMapArchiveManagerAPI] [OnUnloadMap] Unloading archive
[Info   :  SHCDE-SE] [T1-14:24:05.531] [GameMapArchiveManagerAPI] [RemoveActiveArchive] Attempting to remove active archive
[Info   :  SHCDE-SE] [T1-14:24:05.531] [DeterministicRandom] [OnUnloadMap] uninitializing shared state.
[Info   :  SHCDE-SE] [T1-14:24:05.531] [GamePlayerManagerAPI] [OnUnloadMap] Unloading
[Info   :  SHCDE-SE] [T1-14:24:05.531] [GameUnitManagerAPI] [OnUnloadMap] Unloading
[Info   :  SHCDE-SE] [T1-14:24:05.531] [GameBuildingManagerAPI] [OnUnloadMap] Unloading
[Info   :  SHCDE-SE] [T1-14:24:05.531] [GameMetadataManagerAPI] [OnUnloadMap] Unloading metadata
[Info   :  SHCDE-SE] [T1-14:24:05.531] [GameSoundManagerAPI] [Unload] Unloading sounds
[Info   :  SHCDE-SE] [T1-14:24:05.531] [GameSoundManagerAPI] [Unload] Unloading sounds complete
[Info   :  SHCDE-SE] [T1-14:24:05.531] [GameTriggerManager] [OnUnloadMap] Unloading
[Info   :  SHCDE-SE] [T1-14:24:05.531] [GameTimeManagerAPI] [OnUnloadMap] Unloading
[Info   :  SHCDE-SE] [T1-14:24:05.531] [GameAfterImageManager] [OnUnloadMap] Unloading active effects
[Info   :  SHCDE-SE] [T1-14:24:05.531] [GameBundleManager] [OnUnloadMap] Unloading
[Info   :  SHCDE-SE] [T1-14:24:05.537] [BulkMapLoaderDetours] [c_game_unload_map_hook_impl] pTileManager=00007FFAB29AEDB0, preventNotification=False
[Info   :  SHCDE-SE] [T1-14:24:05.537] [GameMapArchiveManagerAPI] [OnUnloadMap] Unloading archive
[Info   :  SHCDE-SE] [T1-14:24:05.537] [GameMapArchiveManagerAPI] [RemoveActiveArchive] Attempting to remove active archive
[Info   :  SHCDE-SE] [T1-14:24:05.537] [LuaManager] [OnUnloadMap] Attempting to unload lua state due to event, phase: Pre
[Info   :  SHCDE-SE] [T1-14:24:05.537] [LuaManager] [TryUnload] Attempting to unload lua state
[Warning:  SHCDE-SE] [T1-14:24:05.537] [LuaManager] [TryUnload] Lua state already unloaded!
[Info   :  SHCDE-SE] [T1-14:24:05.537] [DeterministicRandom] [OnUnloadMap] uninitializing shared state.
[Info   :  SHCDE-SE] [T1-14:24:05.537] [GamePlayerManagerAPI] [OnUnloadMap] Unloading
[Info   :  SHCDE-SE] [T1-14:24:05.537] [GameUnitManagerAPI] [OnUnloadMap] Unloading
[Info   :  SHCDE-SE] [T1-14:24:05.537] [GameBuildingManagerAPI] [OnUnloadMap] Unloading
[Info   :  SHCDE-SE] [T1-14:24:05.537] [GameMetadataManagerAPI] [OnUnloadMap] Unloading metadata
[Info   :  SHCDE-SE] [T1-14:24:05.537] [GameSoundManagerAPI] [Unload] Unloading sounds
[Info   :  SHCDE-SE] [T1-14:24:05.537] [GameSoundManagerAPI] [Unload] Unloading sounds complete
[Info   :  SHCDE-SE] [T1-14:24:05.537] [GameTriggerManager] [OnUnloadMap] Unloading
[Info   :  SHCDE-SE] [T1-14:24:05.537] [GameTimeManagerAPI] [OnUnloadMap] Unloading
[Info   :  SHCDE-SE] [T1-14:24:05.537] [GameAfterImageManager] [OnUnloadMap] Unloading active effects
[Info   :  SHCDE-SE] [T1-14:24:05.537] [GameBundleManager] [OnUnloadMap] Unloading
[Info   :  SHCDE-SE] [T1-14:24:05.553] [GameMapArchiveManagerAPI] [OnUnloadMap] Unloading archive
[Info   :  SHCDE-SE] [T1-14:24:05.553] [GameMapArchiveManagerAPI] [RemoveActiveArchive] Attempting to remove active archive
[Info   :  SHCDE-SE] [T1-14:24:05.553] [DeterministicRandom] [OnUnloadMap] uninitializing shared state.
[Info   :  SHCDE-SE] [T1-14:24:05.553] [GamePlayerManagerAPI] [OnUnloadMap] Unloading
[Info   :  SHCDE-SE] [T1-14:24:05.553] [GameUnitManagerAPI] [OnUnloadMap] Unloading
[Info   :  SHCDE-SE] [T1-14:24:05.553] [GameBuildingManagerAPI] [OnUnloadMap] Unloading
[Info   :  SHCDE-SE] [T1-14:24:05.553] [GameMetadataManagerAPI] [OnUnloadMap] Unloading metadata
[Info   :  SHCDE-SE] [T1-14:24:05.553] [GameSoundManagerAPI] [Unload] Unloading sounds
[Info   :  SHCDE-SE] [T1-14:24:05.553] [GameSoundManagerAPI] [Unload] Unloading sounds complete
[Info   :  SHCDE-SE] [T1-14:24:05.553] [GameTriggerManager] [OnUnloadMap] Unloading
[Info   :  SHCDE-SE] [T1-14:24:05.553] [GameTimeManagerAPI] [OnUnloadMap] Unloading
[Info   :  SHCDE-SE] [T1-14:24:05.553] [GameAfterImageManager] [OnUnloadMap] Unloading active effects
[Info   :  SHCDE-SE] [T1-14:24:05.553] [GameBundleManager] [OnUnloadMap] Unloading
[Info   :AIV Lobby Preset Test] Preset Prepare entered; config=E:\ProgrammeE\Steam\steamapps\common\Stronghold Crusader Definitive Edition\BepInEx\config\AivLobbyPresetTest.json, lobby=True
[Info   :AIV Lobby Preset Test] Test series complete; no preset will override this lobby.
[Warning:  SHCDE-SE] [T1-14:24:05.571] [MapArchive] [.ctor] ZIP EOCD-Header not found for [E:\ProgrammeE\Steam\steamapps\common\Stronghold Crusader Definitive Edition\Stronghold Crusader Definitive Edition_Data\StreamingAssets\Maps\Craggy Cliffs.map]. Not a valid archive.
[Warning:  SHCDE-SE] [T1-14:24:05.578] [MapArchive] [.ctor] ZIP EOCD-Header not found for [E:\ProgrammeE\Steam\steamapps\common\Stronghold Crusader Definitive Edition\Stronghold Crusader Definitive Edition_Data\StreamingAssets\Maps\Craggy Cliffs.map]. Not a valid archive.
[Warning:  SHCDE-SE] [T1-14:24:05.584] [MapArchive] [.ctor] ZIP EOCD-Header not found for [E:\ProgrammeE\Steam\steamapps\common\Stronghold Crusader Definitive Edition\Stronghold Crusader Definitive Edition_Data\StreamingAssets\Maps\Craggy Cliffs.map]. Not a valid archive.
[Info   :CastlePlanner] [2026-09-24 14:24:05.592] AIV lobby placement result: generation=3, playerId=2, preBuild=1, status=Complete, evaluableCandidates=1/1, selectedCandidate=0, rotation=Degrees270, possibleCandidates=0, possibleRotations=Degrees270, reason=None: .
[Info   :CastlePlanner] [2026-09-24 14:24:05.592] AIV lobby placement result: generation=3, playerId=3, preBuild=1, status=NotEvaluable, evaluableCandidates=0/0, selectedCandidate=none, rotation=unknown, possibleCandidates=unproven, possibleRotations=unproven, reason=RequestNotReady: PreBuildSequenceUnsupported.
[Info   :CastlePlanner] [2026-09-24 14:24:05.592] AIV lobby placement result: generation=3, playerId=4, preBuild=1, status=NotEvaluable, evaluableCandidates=0/0, selectedCandidate=none, rotation=unknown, possibleCandidates=unproven, possibleRotations=unproven, reason=RequestNotReady: PreBuildSequenceUnsupported.
[Info   :CastlePlanner] [2026-09-24 14:24:05.592] AIV lobby placement result: generation=3, playerId=5, preBuild=1, status=NotEvaluable, evaluableCandidates=0/0, selectedCandidate=none, rotation=unknown, possibleCandidates=unproven, possibleRotations=unproven, reason=RequestNotReady: PreBuildSequenceUnsupported.
[Info   :CastlePlanner] [2026-09-24 14:24:05.592] AIV lobby placement result: generation=3, playerId=6, preBuild=1, status=NotEvaluable, evaluableCandidates=0/0, selectedCandidate=none, rotation=unknown, possibleCandidates=unproven, possibleRotations=unproven, reason=RequestNotReady: PreBuildSequenceUnsupported.
[Info   :CastlePlanner] [2026-09-24 14:24:05.592] AIV lobby placement result: generation=3, playerId=7, preBuild=1, status=NotEvaluable, evaluableCandidates=0/0, selectedCandidate=none, rotation=unknown, possibleCandidates=unproven, possibleRotations=unproven, reason=RequestNotReady: PreBuildSequenceUnsupported.
[Info   :CastlePlanner] [2026-09-24 14:24:05.592] AIV lobby placement result: generation=3, playerId=8, preBuild=1, status=NotEvaluable, evaluableCandidates=0/0, selectedCandidate=none, rotation=unknown, possibleCandidates=unproven, possibleRotations=unproven, reason=RequestNotReady: PreBuildSequenceUnsupported.
[Info   :AIV Lobby Preset Test] Lobby observed: skirmish=True, host=True, visible=True, panelActive=True, managedViewNull=False, noesisViewNull=False
[Info   :AIV Lobby Preset Test] Lobby bridge before Tick: assembly=E:\ProgrammeE\Steam\steamapps\common\Stronghold Crusader Definitive Edition\BepInEx\plugins\APIShared_Serp\APIShared.dll, owner=AivLobbyPresetTest_Serp, callback=AivLobbyPresetTest.AivLobbyPresetTestPlugin, sameLobby=True, prepared=False, active=False, applyAttempted=False
[Info   :AIV Lobby Preset Test] Preset Prepare entered; config=E:\ProgrammeE\Steam\steamapps\common\Stronghold Crusader Definitive Edition\BepInEx\config\AivLobbyPresetTest.json, lobby=True
[Info   :AIV Lobby Preset Test] Test series complete; no preset will override this lobby.
[Info   :AIV Lobby Preset Test] Lobby bridge after Tick: assembly=E:\ProgrammeE\Steam\steamapps\common\Stronghold Crusader Definitive Edition\BepInEx\plugins\APIShared_Serp\APIShared.dll, owner=AivLobbyPresetTest_Serp, callback=AivLobbyPresetTest.AivLobbyPresetTestPlugin, sameLobby=True, prepared=True, active=False, applyAttempted=False
[Info   :  SHCDE-SE] [T1-14:24:09.539] [Plugin] [Application_quitting] Restoring original VEH
[Info   :  SHCDE-SE] [T1-14:24:09.541] [X64InlineHook] ["c_game_veh_handler_for_access_violations"] hook disabled at 0x00007FFAAEAF49F0.
[Debug  :Bugfixes and QoL] [2026-09-24 14:24:09.545] Crash diagnostics 60s summary: FeatureApply=46, FeatureInitialize=80, LibraryLoaded=2, PersistentInitialize=44, VanillaPeaceTimeGameplayPatchInstalled=1.
[Debug  :UU-ImGUI API] Running ProcessExit events...
