[Message:   BepInEx] BepInEx 5.4.23.5 - Stronghold Crusader Definitive Edition (07.09.2026 11:07:12)
[Info   :   BepInEx] Running under Unity v2021.3.45.8976527
[Info   :   BepInEx] CLR runtime version: 4.0.30319.42000
[Info   :   BepInEx] Supports SRE: True
[Info   :   BepInEx] System platform: Bits64, Windows
[Message:   BepInEx] Preloader started
[Info   :   BepInEx] Loaded 1 patcher method from [BepInEx.Preloader 5.4.23.5]
[Info   :   BepInEx] 1 patcher plugin loaded
[Info   :   BepInEx] Patching [UnityEngine.CoreModule] with [BepInEx.Chainloader]
[Message:   BepInEx] Preloader finished
[Message:   BepInEx] Chainloader ready
[Message:   BepInEx] Chainloader started
[Debug  :   BepInEx] Skipping loading E:\ProgrammeE\Steam\steamapps\common\Stronghold Crusader Definitive Edition\BepInEx\plugins\000shcdese\lua54.dll because it's not a valid .NET assembly. Full error: Format of the executable (.exe) or library (.dll) is invalid.
[Debug  :   BepInEx] Skipping loading E:\ProgrammeE\Steam\steamapps\common\Stronghold Crusader Definitive Edition\BepInEx\plugins\000shcdese\msvcp140.dll because it's not a valid .NET assembly. Full error: Format of the executable (.exe) or library (.dll) is invalid.
[Debug  :   BepInEx] Skipping loading E:\ProgrammeE\Steam\steamapps\common\Stronghold Crusader Definitive Edition\BepInEx\plugins\000shcdese\SHCDESE.NativeCrashHandler.dll because it's not a valid .NET assembly. Full error: Format of the executable (.exe) or library (.dll) is invalid.
[Debug  :   BepInEx] Skipping loading E:\ProgrammeE\Steam\steamapps\common\Stronghold Crusader Definitive Edition\BepInEx\plugins\000shcdese\ARM64\lua54.dll because it's not a valid .NET assembly. Full error: Format of the executable (.exe) or library (.dll) is invalid.
[Debug  :   BepInEx] Skipping loading E:\ProgrammeE\Steam\steamapps\common\Stronghold Crusader Definitive Edition\BepInEx\plugins\000shcdese\x64\lua54.dll because it's not a valid .NET assembly. Full error: Format of the executable (.exe) or library (.dll) is invalid.
[Debug  :   BepInEx] Skipping loading E:\ProgrammeE\Steam\steamapps\common\Stronghold Crusader Definitive Edition\BepInEx\plugins\000shcdese\x86\lua54.dll because it's not a valid .NET assembly. Full error: Format of the executable (.exe) or library (.dll) is invalid.
[Debug  :   BepInEx] Skipping loading E:\ProgrammeE\Steam\steamapps\common\Stronghold Crusader Definitive Edition\BepInEx\plugins\000shcdese\x86_64\asmjit.dll because it's not a valid .NET assembly. Full error: Format of the executable (.exe) or library (.dll) is invalid.
[Debug  :   BepInEx] Skipping loading E:\ProgrammeE\Steam\steamapps\common\Stronghold Crusader Definitive Edition\BepInEx\plugins\000shcdese\x86_64\asmtk.dll because it's not a valid .NET assembly. Full error: Format of the executable (.exe) or library (.dll) is invalid.
[Debug  :   BepInEx] Skipping loading E:\ProgrammeE\Steam\steamapps\common\Stronghold Crusader Definitive Edition\BepInEx\plugins\000shcdese\x86_64\cimguiaio.dll because it's not a valid .NET assembly. Full error: Format of the executable (.exe) or library (.dll) is invalid.
[Debug  :   BepInEx] Skipping loading E:\ProgrammeE\Steam\steamapps\common\Stronghold Crusader Definitive Edition\BepInEx\plugins\000shcdese\x86_64\cpolyhook2.dll because it's not a valid .NET assembly. Full error: Format of the executable (.exe) or library (.dll) is invalid.
[Debug  :   BepInEx] Skipping loading E:\ProgrammeE\Steam\steamapps\common\Stronghold Crusader Definitive Edition\BepInEx\plugins\000shcdese\x86_64\PolyHook_2.dll because it's not a valid .NET assembly. Full error: Format of the executable (.exe) or library (.dll) is invalid.
[Debug  :   BepInEx] Skipping loading E:\ProgrammeE\Steam\steamapps\common\Stronghold Crusader Definitive Edition\BepInEx\plugins\000shcdese\x86_64\Zydis.dll because it's not a valid .NET assembly. Full error: Format of the executable (.exe) or library (.dll) is invalid.
[Debug  :   BepInEx] Skipping loading E:\ProgrammeE\Steam\steamapps\common\Stronghold Crusader Definitive Edition\BepInEx\plugins\000shcdese\runtimes\win-x64\native\asmjit.dll because it's not a valid .NET assembly. Full error: Format of the executable (.exe) or library (.dll) is invalid.
[Debug  :   BepInEx] Skipping loading E:\ProgrammeE\Steam\steamapps\common\Stronghold Crusader Definitive Edition\BepInEx\plugins\000shcdese\runtimes\win-x64\native\asmtk.dll because it's not a valid .NET assembly. Full error: Format of the executable (.exe) or library (.dll) is invalid.
[Debug  :   BepInEx] Skipping loading E:\ProgrammeE\Steam\steamapps\common\Stronghold Crusader Definitive Edition\BepInEx\plugins\000shcdese\runtimes\win-x64\native\cpolyhook2.dll because it's not a valid .NET assembly. Full error: Format of the executable (.exe) or library (.dll) is invalid.
[Debug  :   BepInEx] Skipping loading E:\ProgrammeE\Steam\steamapps\common\Stronghold Crusader Definitive Edition\BepInEx\plugins\000shcdese\runtimes\win-x64\native\PolyHook_2.dll because it's not a valid .NET assembly. Full error: Format of the executable (.exe) or library (.dll) is invalid.
[Debug  :   BepInEx] Skipping loading E:\ProgrammeE\Steam\steamapps\common\Stronghold Crusader Definitive Edition\BepInEx\plugins\000shcdese\runtimes\win-x64\native\Zydis.dll because it's not a valid .NET assembly. Full error: Format of the executable (.exe) or library (.dll) is invalid.
[Debug  :   BepInEx] Skipping loading E:\ProgrammeE\Steam\steamapps\common\Stronghold Crusader Definitive Edition\BepInEx\plugins\000shcdese\runtimes\win-x86\native\asmjit.dll because it's not a valid .NET assembly. Full error: Format of the executable (.exe) or library (.dll) is invalid.
[Debug  :   BepInEx] Skipping loading E:\ProgrammeE\Steam\steamapps\common\Stronghold Crusader Definitive Edition\BepInEx\plugins\000shcdese\runtimes\win-x86\native\asmtk.dll because it's not a valid .NET assembly. Full error: Format of the executable (.exe) or library (.dll) is invalid.
[Debug  :   BepInEx] Skipping loading E:\ProgrammeE\Steam\steamapps\common\Stronghold Crusader Definitive Edition\BepInEx\plugins\000shcdese\runtimes\win-x86\native\cpolyhook2.dll because it's not a valid .NET assembly. Full error: Format of the executable (.exe) or library (.dll) is invalid.
[Debug  :   BepInEx] Skipping loading E:\ProgrammeE\Steam\steamapps\common\Stronghold Crusader Definitive Edition\BepInEx\plugins\000shcdese\runtimes\win-x86\native\PolyHook_2.dll because it's not a valid .NET assembly. Full error: Format of the executable (.exe) or library (.dll) is invalid.
[Debug  :   BepInEx] Skipping loading E:\ProgrammeE\Steam\steamapps\common\Stronghold Crusader Definitive Edition\BepInEx\plugins\000shcdese\runtimes\win-x86\native\Zydis.dll because it's not a valid .NET assembly. Full error: Format of the executable (.exe) or library (.dll) is invalid.
[Info   :   BepInEx] 19 plugins to load
[Info   :   BepInEx] Loading [UU-ImGUI API 1.6.7]
[Info   :UU-ImGUI API] Plugin UU-ImGUI API is loading!
[Info   :UU-ImGUI API] Adding to PATH: E:\ProgrammeE\Steam\steamapps\common\Stronghold Crusader Definitive Edition\BepInEx\plugins\000shcdese\x86_64
[Info   :UU-ImGUI API] Initializing...
[Info   :UU-ImGUI API] Trying locale-path: E:\ProgrammeE\Steam\steamapps\common\Stronghold Crusader Definitive Edition\BepInEx\plugins\000shcdese\data\localization
[Debug  :UU-ImGUI API] Found localization folder: E:\ProgrammeE\Steam\steamapps\common\Stronghold Crusader Definitive Edition\BepInEx\plugins\000shcdese\data\localization
[Info   :UU-ImGUI API] hModule base image addr:		0x7FF6B4A30000
[Info   :UU-ImGUI API] hModule size of image:		0xDF000
[Info   :UU-ImGUI API] GAME PROCESS ID: 50916
[Info   :UU-ImGUI API] GAME WINDOW HWND: 4851382
[Debug  :UU-ImGUI API] TryCreateSwapChain
[Debug  :UU-ImGUI API] IDXGISwapChain self=1E2F9625F80
[Info   :UU-ImGUI API] D3D11 SWAPCHAIN VTABLE.PRESENT ADDR: 7FFBDBD39530
[Warning:UU-ImGUI API] GetProcAddressProxy: 7FFB12D20000::ImGuiFreeType_GetBuilderForFreeType -> returned null
[Warning:UU-ImGUI API] GetProcAddressProxy: 7FFB12D20000::TextEditor_GetTextLines -> returned null
[Info   :UU-ImGUI API] LibD3D11: Initialize
[Info   :UU-ImGUI API] Plugin UU-ImGUI API is loaded!
[Info   :   BepInEx] Loading [SHCDE-SE 2.10.1.0]
[Info   :  SHCDE-SE] [T1-22:11:13.333] [Plugin] [Awake] Plugin SHCDE-SE is loading!
[Info   :  SHCDE-SE] [T1-22:11:13.386] [GameAssetModManager] [PrepareAllAndCheckCompatibility] Mod compatibility check completed (18 active mod(s), 0 issue(s)).
[Info   :  SHCDE-SE] [T1-22:11:13.473] [Plugin] [InitLanguageProviderEarly] Set language provider to [en-US]
[Info   :  SHCDE-SE] [T1-22:11:13.478] [Plugin] [Awake] Added to library search path: E:\ProgrammeE\Steam\steamapps\common\Stronghold Crusader Definitive Edition\BepInEx\plugins\000shcdese
[Info   :  SHCDE-SE] [T1-22:11:13.484] [Plugin] [Awake] Deleted 2 old native crash-handler file(s)
[Info   :  SHCDE-SE] [T1-22:11:13.487] [Plugin] [Awake] Native crash handler installed; dumps will be written to E:\ProgrammeE\Steam\steamapps\common\Stronghold Crusader Definitive Edition\BepInEx\crashdumps
[Info   :  SHCDE-SE] [T1-22:11:13.511] [ILHooksManager] [ApplyEarly] Applying Managed Early IL Detours
[Info   :  SHCDE-SE] [T1-22:11:13.512] [ManagedHookManager] [ApplyEarly] Applying Managed Early Detours
[Info   :  SHCDE-SE] [T1-22:11:13.522] [ManagedDetour] [.ctor] Created detour [LoadXaml]->[NoesisXamlProvider_LoadXaml]
[Info   :  SHCDE-SE] [T1-22:11:13.527] [ManagedDetour] [.ctor] Created detour [GetTextureInfo]->[NoesisTextureProvider_GetTextureInfo]
[Info   :  SHCDE-SE] [T1-22:11:13.528] [ManagedDetour] [.ctor] Created detour [LoadComponent]->[NoesisGUI_LoadComponent_Hook]
[Info   :  SHCDE-SE] [T1-22:11:13.528] [GameXAMLManagerAPI] [RegisterBinding] Registering auto-binding: [SEMainMenuContainer]
[Info   :  SHCDE-SE] [T1-22:11:13.535] [GameXAMLManagerAPI] [RegisterBinding] Registering auto-binding: [SE_ModOptionsToggle]
[Info   :  SHCDE-SE] [T1-22:11:13.535] [GameXAMLManagerAPI] [RegisterBinding] Registering auto-binding: [SE_ModOptionsModal]
[Info   :  SHCDE-SE] [T1-22:11:13.538] [GameAssetModManager] [RegisterAll] Loading Asset Mod: [E:\ProgrammeE\Steam\steamapps\common\Stronghold Crusader Definitive Edition\BepInEx\plugins\000shcdese]
[Info   :  SHCDE-SE] [T1-22:11:13.542] [GameAssetManagerAPI] [RegisterModProvider] Indexed 234 files for [000shcdese] in [Global] asset mode from [E:\ProgrammeE\Steam\steamapps\common\Stronghold Crusader Definitive Edition\BepInEx\plugins\000shcdese] in 2 ms.
[Info   :  SHCDE-SE] [T1-22:11:13.547] [GameTranslateAPI] [LoadModLocalizations] Loaded 0 localization files from E:\ProgrammeE\Steam\steamapps\common\Stronghold Crusader Definitive Edition\BepInEx\plugins\000shcdese
[Info   :  SHCDE-SE] [T1-22:11:13.547] [GameAssetModManager] [RegisterAssetModCore] Mod [Script Extender] has no Lua scripts (Scripts/init.lua not found) - This is fine.
[Info   :  SHCDE-SE] [T1-22:11:13.547] [GameAssetModManager] [RegisterAll] Loading Asset Mod: [E:\ProgrammeE\Steam\steamapps\common\Stronghold Crusader Definitive Edition\BepInEx\plugins\APIShared_Serp]
[Info   :  SHCDE-SE] [T1-22:11:13.547] [GameAssetManagerAPI] [RegisterModProvider] Indexed 6 files for [APIShared_Serp] in [Global] asset mode from [E:\ProgrammeE\Steam\steamapps\common\Stronghold Crusader Definitive Edition\BepInEx\plugins\APIShared_Serp] in 0 ms.
[Warning:  SHCDE-SE] [T1-22:11:13.548] [GameAssetModManager] [RegisterAssetModCore] Mod has no sprite logo at [Override/Assets/GUI/Sprites/APIShared_Serp.png] in [E:\ProgrammeE\Steam\steamapps\common\Stronghold Crusader Definitive Edition\BepInEx\plugins\APIShared_Serp] - This may be ignored.
[Info   :  SHCDE-SE] [T1-22:11:13.548] [GameTranslateAPI] [LoadModLocalizations] Loaded 0 localization files from E:\ProgrammeE\Steam\steamapps\common\Stronghold Crusader Definitive Edition\BepInEx\plugins\APIShared_Serp
[Info   :  SHCDE-SE] [T1-22:11:13.548] [GameAssetModManager] [RegisterAssetModCore] Mod [APIShared] has no Lua scripts (Scripts/init.lua not found) - This is fine.
[Info   :  SHCDE-SE] [T1-22:11:13.548] [GameAssetModManager] [RegisterAll] Loading Asset Mod: [E:\ProgrammeE\Steam\steamapps\common\Stronghold Crusader Definitive Edition\BepInEx\plugins\ActiveAIVDetector_Serp]
[Info   :  SHCDE-SE] [T1-22:11:13.552] [GameAssetManagerAPI] [RegisterModProvider] Indexed 1560 files for [ActiveAIVDetector_Serp] in [Global] asset mode from [E:\ProgrammeE\Steam\steamapps\common\Stronghold Crusader Definitive Edition\BepInEx\plugins\ActiveAIVDetector_Serp] in 4 ms.
[Warning:  SHCDE-SE] [T1-22:11:13.552] [GameAssetModManager] [RegisterAssetModCore] Mod has no sprite logo at [Override/Assets/GUI/Sprites/ActiveAIVDetector_Serp.png] in [E:\ProgrammeE\Steam\steamapps\common\Stronghold Crusader Definitive Edition\BepInEx\plugins\ActiveAIVDetector_Serp] - This may be ignored.
[Info   :  SHCDE-SE] [T1-22:11:13.552] [GameTranslateAPI] [LoadModLocalizations] Loaded 0 localization files from E:\ProgrammeE\Steam\steamapps\common\Stronghold Crusader Definitive Edition\BepInEx\plugins\ActiveAIVDetector_Serp
[Info   :  SHCDE-SE] [T1-22:11:13.552] [GameAssetModManager] [RegisterAssetModCore] Mod [Active AIV Detector] has no Lua scripts (Scripts/init.lua not found) - This is fine.
[Info   :  SHCDE-SE] [T1-22:11:13.552] [GameAssetModManager] [RegisterAll] Loading Asset Mod: [E:\ProgrammeE\Steam\steamapps\common\Stronghold Crusader Definitive Edition\BepInEx\plugins\AivLobbyPresetTest_Serp]
[Info   :  SHCDE-SE] [T1-22:11:13.552] [GameAssetManagerAPI] [RegisterModProvider] Indexed 4 files for [AivLobbyPresetTest_Serp] in [Global] asset mode from [E:\ProgrammeE\Steam\steamapps\common\Stronghold Crusader Definitive Edition\BepInEx\plugins\AivLobbyPresetTest_Serp] in 0 ms.
[Warning:  SHCDE-SE] [T1-22:11:13.552] [GameAssetModManager] [RegisterAssetModCore] Mod has no sprite logo at [Override/Assets/GUI/Sprites/AivLobbyPresetTest_Serp.png] in [E:\ProgrammeE\Steam\steamapps\common\Stronghold Crusader Definitive Edition\BepInEx\plugins\AivLobbyPresetTest_Serp] - This may be ignored.
[Info   :  SHCDE-SE] [T1-22:11:13.552] [GameTranslateAPI] [LoadModLocalizations] Loaded 0 localization files from E:\ProgrammeE\Steam\steamapps\common\Stronghold Crusader Definitive Edition\BepInEx\plugins\AivLobbyPresetTest_Serp
[Info   :  SHCDE-SE] [T1-22:11:13.552] [GameAssetModManager] [RegisterAssetModCore] Mod [AIV Lobby Preset Test] has no Lua scripts (Scripts/init.lua not found) - This is fine.
[Info   :  SHCDE-SE] [T1-22:11:13.552] [GameAssetModManager] [RegisterAll] Loading Asset Mod: [E:\ProgrammeE\Steam\steamapps\common\Stronghold Crusader Definitive Edition\BepInEx\plugins\BugfixesAndQoL_Serp]
[Info   :  SHCDE-SE] [T1-22:11:13.554] [GameAssetManagerAPI] [RegisterModProvider] Indexed 47 files for [BugfixesAndQoL_Serp] in [Global] asset mode from [E:\ProgrammeE\Steam\steamapps\common\Stronghold Crusader Definitive Edition\BepInEx\plugins\BugfixesAndQoL_Serp] in 0 ms.
[Warning:  SHCDE-SE] [T1-22:11:13.554] [GameAssetModManager] [RegisterAssetModCore] Mod has no sprite logo at [Override/Assets/GUI/Sprites/BugfixesAndQoL_Serp.png] in [E:\ProgrammeE\Steam\steamapps\common\Stronghold Crusader Definitive Edition\BepInEx\plugins\BugfixesAndQoL_Serp] - This may be ignored.
[Info   :  SHCDE-SE] [T1-22:11:13.554] [GameTranslateAPI] [LoadModLocalizations] Loaded 0 localization files from E:\ProgrammeE\Steam\steamapps\common\Stronghold Crusader Definitive Edition\BepInEx\plugins\BugfixesAndQoL_Serp
[Info   :  SHCDE-SE] [T1-22:11:13.554] [GameAssetModManager] [RegisterAssetModCore] Mod [Bugfixes and QoL] has no Lua scripts (Scripts/init.lua not found) - This is fine.
[Info   :  SHCDE-SE] [T1-22:11:13.554] [GameAssetModManager] [RegisterAll] Loading Asset Mod: [E:\ProgrammeE\Steam\steamapps\common\Stronghold Crusader Definitive Edition\BepInEx\plugins\BuildingCosts_Serp]
[Info   :  SHCDE-SE] [T1-22:11:13.554] [GameAssetManagerAPI] [RegisterModProvider] Indexed 27 files for [BuildingCosts_Serp] in [Global] asset mode from [E:\ProgrammeE\Steam\steamapps\common\Stronghold Crusader Definitive Edition\BepInEx\plugins\BuildingCosts_Serp] in 0 ms.
[Warning:  SHCDE-SE] [T1-22:11:13.554] [GameAssetModManager] [RegisterAssetModCore] Mod has no sprite logo at [Override/Assets/GUI/Sprites/BuildingCosts_Serp.png] in [E:\ProgrammeE\Steam\steamapps\common\Stronghold Crusader Definitive Edition\BepInEx\plugins\BuildingCosts_Serp] - This may be ignored.
[Info   :  SHCDE-SE] [T1-22:11:13.554] [GameTranslateAPI] [LoadModLocalizations] Loaded 0 localization files from E:\ProgrammeE\Steam\steamapps\common\Stronghold Crusader Definitive Edition\BepInEx\plugins\BuildingCosts_Serp
[Info   :  SHCDE-SE] [T1-22:11:13.554] [GameAssetModManager] [RegisterAssetModCore] Mod [Building Costs] has no Lua scripts (Scripts/init.lua not found) - This is fine.
[Info   :  SHCDE-SE] [T1-22:11:13.554] [GameAssetModManager] [RegisterAll] Loading Asset Mod: [E:\ProgrammeE\Steam\steamapps\common\Stronghold Crusader Definitive Edition\BepInEx\plugins\BuildingLimit_Serp]
[Info   :  SHCDE-SE] [T1-22:11:13.555] [GameAssetManagerAPI] [RegisterModProvider] Indexed 27 files for [BuildingLimit_Serp] in [Global] asset mode from [E:\ProgrammeE\Steam\steamapps\common\Stronghold Crusader Definitive Edition\BepInEx\plugins\BuildingLimit_Serp] in 0 ms.
[Warning:  SHCDE-SE] [T1-22:11:13.555] [GameAssetModManager] [RegisterAssetModCore] Mod has no sprite logo at [Override/Assets/GUI/Sprites/BuildingLimit_Serp.png] in [E:\ProgrammeE\Steam\steamapps\common\Stronghold Crusader Definitive Edition\BepInEx\plugins\BuildingLimit_Serp] - This may be ignored.
[Info   :  SHCDE-SE] [T1-22:11:13.555] [GameTranslateAPI] [LoadModLocalizations] Loaded 0 localization files from E:\ProgrammeE\Steam\steamapps\common\Stronghold Crusader Definitive Edition\BepInEx\plugins\BuildingLimit_Serp
[Info   :  SHCDE-SE] [T1-22:11:13.555] [GameAssetModManager] [RegisterAssetModCore] Mod [Building Limit] has no Lua scripts (Scripts/init.lua not found) - This is fine.
[Info   :  SHCDE-SE] [T1-22:11:13.555] [GameAssetModManager] [RegisterAll] Loading Asset Mod: [E:\ProgrammeE\Steam\steamapps\common\Stronghold Crusader Definitive Edition\BepInEx\plugins\CastlePlanner_Serp]
[Info   :  SHCDE-SE] [T1-22:11:13.556] [GameAssetManagerAPI] [RegisterModProvider] Indexed 576 files for [CastlePlanner_Serp] in [Global] asset mode from [E:\ProgrammeE\Steam\steamapps\common\Stronghold Crusader Definitive Edition\BepInEx\plugins\CastlePlanner_Serp] in 1 ms.
[Warning:  SHCDE-SE] [T1-22:11:13.556] [GameAssetModManager] [RegisterAssetModCore] Mod has no sprite logo at [Override/Assets/GUI/Sprites/CastlePlanner_Serp.png] in [E:\ProgrammeE\Steam\steamapps\common\Stronghold Crusader Definitive Edition\BepInEx\plugins\CastlePlanner_Serp] - This may be ignored.
[Info   :  SHCDE-SE] [T1-22:11:13.556] [GameTranslateAPI] [LoadModLocalizations] Loaded 0 localization files from E:\ProgrammeE\Steam\steamapps\common\Stronghold Crusader Definitive Edition\BepInEx\plugins\CastlePlanner_Serp
[Info   :  SHCDE-SE] [T1-22:11:13.556] [GameAssetModManager] [RegisterAssetModCore] Mod [CastlePlanner] has no Lua scripts (Scripts/init.lua not found) - This is fine.
[Info   :  SHCDE-SE] [T1-22:11:13.556] [GameAssetModManager] [RegisterAll] Loading Asset Mod: [E:\ProgrammeE\Steam\steamapps\common\Stronghold Crusader Definitive Edition\BepInEx\plugins\CheatMod_Serp]
[Info   :  SHCDE-SE] [T1-22:11:13.556] [GameAssetManagerAPI] [RegisterModProvider] Indexed 26 files for [CheatMod_Serp] in [Global] asset mode from [E:\ProgrammeE\Steam\steamapps\common\Stronghold Crusader Definitive Edition\BepInEx\plugins\CheatMod_Serp] in 0 ms.
[Warning:  SHCDE-SE] [T1-22:11:13.556] [GameAssetModManager] [RegisterAssetModCore] Mod has no sprite logo at [Override/Assets/GUI/Sprites/CheatMod_Serp.png] in [E:\ProgrammeE\Steam\steamapps\common\Stronghold Crusader Definitive Edition\BepInEx\plugins\CheatMod_Serp] - This may be ignored.
[Info   :  SHCDE-SE] [T1-22:11:13.556] [GameTranslateAPI] [LoadModLocalizations] Loaded 0 localization files from E:\ProgrammeE\Steam\steamapps\common\Stronghold Crusader Definitive Edition\BepInEx\plugins\CheatMod_Serp
[Info   :  SHCDE-SE] [T1-22:11:13.556] [GameAssetModManager] [RegisterAssetModCore] Mod [Cheat Mod] has no Lua scripts (Scripts/init.lua not found) - This is fine.
[Info   :  SHCDE-SE] [T1-22:11:13.556] [GameAssetModManager] [RegisterAll] Loading Asset Mod: [E:\ProgrammeE\Steam\steamapps\common\Stronghold Crusader Definitive Edition\BepInEx\plugins\ExtendedData_Serp]
[Info   :  SHCDE-SE] [T1-22:11:13.557] [GameAssetManagerAPI] [RegisterModProvider] Indexed 35 files for [ExtendedData_Serp] in [Global] asset mode from [E:\ProgrammeE\Steam\steamapps\common\Stronghold Crusader Definitive Edition\BepInEx\plugins\ExtendedData_Serp] in 0 ms.
[Warning:  SHCDE-SE] [T1-22:11:13.557] [GameAssetModManager] [RegisterAssetModCore] Mod has no sprite logo at [Override/Assets/GUI/Sprites/ExtendedData_Serp.png] in [E:\ProgrammeE\Steam\steamapps\common\Stronghold Crusader Definitive Edition\BepInEx\plugins\ExtendedData_Serp] - This may be ignored.
[Info   :  SHCDE-SE] [T1-22:11:13.557] [GameTranslateAPI] [LoadModLocalizations] Loaded 0 localization files from E:\ProgrammeE\Steam\steamapps\common\Stronghold Crusader Definitive Edition\BepInEx\plugins\ExtendedData_Serp
[Info   :  SHCDE-SE] [T1-22:11:13.557] [GameAssetModManager] [RegisterAssetModCore] Mod [Extended Data] has no Lua scripts (Scripts/init.lua not found) - This is fine.
[Info   :  SHCDE-SE] [T1-22:11:13.557] [GameAssetModManager] [RegisterAll] Loading Asset Mod: [E:\ProgrammeE\Steam\steamapps\common\Stronghold Crusader Definitive Edition\BepInEx\plugins\ExtraFeatures_Serp]
[Info   :  SHCDE-SE] [T1-22:11:13.557] [GameAssetManagerAPI] [RegisterModProvider] Indexed 29 files for [ExtraFeatures_Serp] in [Global] asset mode from [E:\ProgrammeE\Steam\steamapps\common\Stronghold Crusader Definitive Edition\BepInEx\plugins\ExtraFeatures_Serp] in 0 ms.
[Warning:  SHCDE-SE] [T1-22:11:13.557] [GameAssetModManager] [RegisterAssetModCore] Mod has no sprite logo at [Override/Assets/GUI/Sprites/ExtraFeatures_Serp.png] in [E:\ProgrammeE\Steam\steamapps\common\Stronghold Crusader Definitive Edition\BepInEx\plugins\ExtraFeatures_Serp] - This may be ignored.
[Info   :  SHCDE-SE] [T1-22:11:13.557] [GameTranslateAPI] [LoadModLocalizations] Loaded 0 localization files from E:\ProgrammeE\Steam\steamapps\common\Stronghold Crusader Definitive Edition\BepInEx\plugins\ExtraFeatures_Serp
[Info   :  SHCDE-SE] [T1-22:11:13.557] [GameAssetModManager] [RegisterAssetModCore] Mod [Extra Features] has no Lua scripts (Scripts/init.lua not found) - This is fine.
[Info   :  SHCDE-SE] [T1-22:11:13.557] [GameAssetModManager] [RegisterAll] Loading Asset Mod: [E:\ProgrammeE\Steam\steamapps\common\Stronghold Crusader Definitive Edition\BepInEx\plugins\ExtremePowers_Serp]
[Info   :  SHCDE-SE] [T1-22:11:13.557] [GameAssetManagerAPI] [RegisterModProvider] Indexed 29 files for [ExtremePowers_Serp] in [Global] asset mode from [E:\ProgrammeE\Steam\steamapps\common\Stronghold Crusader Definitive Edition\BepInEx\plugins\ExtremePowers_Serp] in 0 ms.
[Warning:  SHCDE-SE] [T1-22:11:13.557] [GameAssetModManager] [RegisterAssetModCore] Mod has no sprite logo at [Override/Assets/GUI/Sprites/ExtremePowers_Serp.png] in [E:\ProgrammeE\Steam\steamapps\common\Stronghold Crusader Definitive Edition\BepInEx\plugins\ExtremePowers_Serp] - This may be ignored.
[Info   :  SHCDE-SE] [T1-22:11:13.557] [GameTranslateAPI] [LoadModLocalizations] Loaded 0 localization files from E:\ProgrammeE\Steam\steamapps\common\Stronghold Crusader Definitive Edition\BepInEx\plugins\ExtremePowers_Serp
[Info   :  SHCDE-SE] [T1-22:11:13.558] [GameAssetModManager] [RegisterAssetModCore] Mod [Extreme Powers] has no Lua scripts (Scripts/init.lua not found) - This is fine.
[Info   :  SHCDE-SE] [T1-22:11:13.558] [GameAssetModManager] [RegisterAll] Loading Asset Mod: [E:\ProgrammeE\Steam\steamapps\common\Stronghold Crusader Definitive Edition\BepInEx\plugins\RandomEvents_Serp]
[Info   :  SHCDE-SE] [T1-22:11:13.558] [GameAssetManagerAPI] [RegisterModProvider] Indexed 26 files for [RandomEvents_Serp] in [Global] asset mode from [E:\ProgrammeE\Steam\steamapps\common\Stronghold Crusader Definitive Edition\BepInEx\plugins\RandomEvents_Serp] in 0 ms.
[Warning:  SHCDE-SE] [T1-22:11:13.558] [GameAssetModManager] [RegisterAssetModCore] Mod has no sprite logo at [Override/Assets/GUI/Sprites/RandomEvents_Serp.png] in [E:\ProgrammeE\Steam\steamapps\common\Stronghold Crusader Definitive Edition\BepInEx\plugins\RandomEvents_Serp] - This may be ignored.
[Info   :  SHCDE-SE] [T1-22:11:13.558] [GameTranslateAPI] [LoadModLocalizations] Loaded 0 localization files from E:\ProgrammeE\Steam\steamapps\common\Stronghold Crusader Definitive Edition\BepInEx\plugins\RandomEvents_Serp
[Info   :  SHCDE-SE] [T1-22:11:13.558] [GameAssetModManager] [RegisterAssetModCore] Mod [Random Events] has no Lua scripts (Scripts/init.lua not found) - This is fine.
[Info   :  SHCDE-SE] [T1-22:11:13.558] [GameAssetModManager] [RegisterAll] Loading Asset Mod: [E:\ProgrammeE\Steam\steamapps\common\Stronghold Crusader Definitive Edition\BepInEx\plugins\SerpsMods_Serp]
[Info   :  SHCDE-SE] [T1-22:11:13.558] [GameAssetManagerAPI] [RegisterModProvider] Indexed 27 files for [SerpsMods_Serp] in [Global] asset mode from [E:\ProgrammeE\Steam\steamapps\common\Stronghold Crusader Definitive Edition\BepInEx\plugins\SerpsMods_Serp] in 0 ms.
[Info   :  SHCDE-SE] [T1-22:11:13.558] [GameTranslateAPI] [LoadModLocalizations] Loaded 0 localization files from E:\ProgrammeE\Steam\steamapps\common\Stronghold Crusader Definitive Edition\BepInEx\plugins\SerpsMods_Serp
[Info   :  SHCDE-SE] [T1-22:11:13.558] [GameAssetModManager] [RegisterAssetModCore] Mod [Serps Mods - Fully Customizable Collection] has no Lua scripts (Scripts/init.lua not found) - This is fine.
[Info   :  SHCDE-SE] [T1-22:11:13.558] [GameAssetModManager] [RegisterAll] Loading Asset Mod: [E:\ProgrammeE\Steam\steamapps\common\Stronghold Crusader Definitive Edition\BepInEx\plugins\StartConditions_Serp]
[Info   :  SHCDE-SE] [T1-22:11:13.558] [GameAssetManagerAPI] [RegisterModProvider] Indexed 26 files for [StartConditions_Serp] in [Global] asset mode from [E:\ProgrammeE\Steam\steamapps\common\Stronghold Crusader Definitive Edition\BepInEx\plugins\StartConditions_Serp] in 0 ms.
[Warning:  SHCDE-SE] [T1-22:11:13.558] [GameAssetModManager] [RegisterAssetModCore] Mod has no sprite logo at [Override/Assets/GUI/Sprites/StartConditions_Serp.png] in [E:\ProgrammeE\Steam\steamapps\common\Stronghold Crusader Definitive Edition\BepInEx\plugins\StartConditions_Serp] - This may be ignored.
[Info   :  SHCDE-SE] [T1-22:11:13.558] [GameTranslateAPI] [LoadModLocalizations] Loaded 0 localization files from E:\ProgrammeE\Steam\steamapps\common\Stronghold Crusader Definitive Edition\BepInEx\plugins\StartConditions_Serp
[Info   :  SHCDE-SE] [T1-22:11:13.558] [GameAssetModManager] [RegisterAssetModCore] Mod [Start Conditions] has no Lua scripts (Scripts/init.lua not found) - This is fine.
[Info   :  SHCDE-SE] [T1-22:11:13.558] [GameAssetModManager] [RegisterAll] Loading Asset Mod: [E:\ProgrammeE\Steam\steamapps\common\Stronghold Crusader Definitive Edition\BepInEx\plugins\UnitCosts_Serp]
[Info   :  SHCDE-SE] [T1-22:11:13.559] [GameAssetManagerAPI] [RegisterModProvider] Indexed 28 files for [UnitCosts_Serp] in [Global] asset mode from [E:\ProgrammeE\Steam\steamapps\common\Stronghold Crusader Definitive Edition\BepInEx\plugins\UnitCosts_Serp] in 0 ms.
[Warning:  SHCDE-SE] [T1-22:11:13.559] [GameAssetModManager] [RegisterAssetModCore] Mod has no sprite logo at [Override/Assets/GUI/Sprites/UnitCosts_Serp.png] in [E:\ProgrammeE\Steam\steamapps\common\Stronghold Crusader Definitive Edition\BepInEx\plugins\UnitCosts_Serp] - This may be ignored.
[Info   :  SHCDE-SE] [T1-22:11:13.559] [GameTranslateAPI] [LoadModLocalizations] Loaded 0 localization files from E:\ProgrammeE\Steam\steamapps\common\Stronghold Crusader Definitive Edition\BepInEx\plugins\UnitCosts_Serp
[Info   :  SHCDE-SE] [T1-22:11:13.559] [GameAssetModManager] [RegisterAssetModCore] Mod [Unit Costs] has no Lua scripts (Scripts/init.lua not found) - This is fine.
[Info   :  SHCDE-SE] [T1-22:11:13.559] [GameAssetModManager] [RegisterAll] Loading Asset Mod: [E:\ProgrammeE\Steam\steamapps\common\Stronghold Crusader Definitive Edition\BepInEx\plugins\UnitLimit_Serp]
[Info   :  SHCDE-SE] [T1-22:11:13.559] [GameAssetManagerAPI] [RegisterModProvider] Indexed 29 files for [UnitLimit_Serp] in [Global] asset mode from [E:\ProgrammeE\Steam\steamapps\common\Stronghold Crusader Definitive Edition\BepInEx\plugins\UnitLimit_Serp] in 0 ms.
[Warning:  SHCDE-SE] [T1-22:11:13.559] [GameAssetModManager] [RegisterAssetModCore] Mod has no sprite logo at [Override/Assets/GUI/Sprites/UnitLimit_Serp.png] in [E:\ProgrammeE\Steam\steamapps\common\Stronghold Crusader Definitive Edition\BepInEx\plugins\UnitLimit_Serp] - This may be ignored.
[Info   :  SHCDE-SE] [T1-22:11:13.559] [GameTranslateAPI] [LoadModLocalizations] Loaded 0 localization files from E:\ProgrammeE\Steam\steamapps\common\Stronghold Crusader Definitive Edition\BepInEx\plugins\UnitLimit_Serp
[Info   :  SHCDE-SE] [T1-22:11:13.559] [GameAssetModManager] [RegisterAssetModCore] Mod [Unit Limit] has no Lua scripts (Scripts/init.lua not found) - This is fine.
[Info   :  SHCDE-SE] [T1-22:11:13.559] [GameAssetModManager] [RegisterAll] Loading Asset Mod: [E:\ProgrammeE\Steam\steamapps\common\Stronghold Crusader Definitive Edition\BepInEx\plugins\fixes]
[Info   :  SHCDE-SE] [T1-22:11:13.559] [GameAssetManagerAPI] [RegisterModProvider] Indexed 13 files for [fixes] in [Global] asset mode from [E:\ProgrammeE\Steam\steamapps\common\Stronghold Crusader Definitive Edition\BepInEx\plugins\fixes] in 0 ms.
[Info   :  SHCDE-SE] [T1-22:11:13.559] [GameTranslateAPI] [LoadModLocalizations] Loaded 0 localization files from E:\ProgrammeE\Steam\steamapps\common\Stronghold Crusader Definitive Edition\BepInEx\plugins\fixes
[Info   :  SHCDE-SE] [T1-22:11:13.559] [GameAssetModManager] [RegisterAssetModCore] Mod [Fixes] has no Lua scripts (Scripts/init.lua not found) - This is fine.
[Info   :  SHCDE-SE] [T1-22:11:13.559] [GameAssetModManager] [RegisterAll] Asset mod registration and indexing completed in 21 ms (18 mod(s)).
[Info   :  SHCDE-SE] [T1-22:11:13.560] [ILHooksManager] [Apply] Applying Managed IL Detours
[Info   :  SHCDE-SE] [T1-22:11:14.532] [ManagedHookManager] [Apply] Applying Managed Detours
[Info   :  SHCDE-SE] [T1-22:11:14.535] [ManagedDetour] [.ctor] Created detour [getChimpGoldCost]->[GameData_getChimpGoldCosts_Hook]
[Info   :  SHCDE-SE] [T1-22:11:14.537] [ManagedDetour] [.ctor] Created detour [TroopSelection]->[EngineInterface_TroopSelection_Hook]
[Info   :  SHCDE-SE] [T1-22:11:14.539] [ManagedDetour] [.ctor] Created detour [GetRadarFromFile]->[MapFileManager_GetRadarFromFile_Hook]
[Info   :  SHCDE-SE] [T1-22:11:14.843] [ManagedDetour] [.ctor] Created detour [lookUpText]->[Translate_lookUpText_Hook]
[Info   :  SHCDE-SE] [T1-22:11:14.843] [ManagedDetour] [.ctor] Created detour [lookUpText]->[Translate_lookUpText2_Hook]
[Info   :  SHCDE-SE] [T1-22:11:14.844] [ManagedDetour] [.ctor] Created detour [lookUpText]->[Translate_lookUpTextEx_Hook]
[Info   :  SHCDE-SE] [T1-22:11:14.860] [ManagedDetour] [.ctor] Created detour [recieveIngameChat]->[HUD_MPChatMessages_ReceiveIngameChat_Hook]
[Info   :  SHCDE-SE] [T1-22:11:14.862] [ManagedDetour] [.ctor] Created detour [ChatHandle]->[Platform_Multiplayer_ChatHandle_Hook]
[Info   :  SHCDE-SE] [T1-22:11:14.862] [ManagedDetour] [.ctor] Created detour [SendLobbyChatMessage]->[Platform_Multiplayer_SendLobbyChatMessage_Hook]
[Info   :  SHCDE-SE] [T1-22:11:14.863] [ManagedDetour] [.ctor] Created detour [SendIngameChat]->[Platform_Multiplayer_SendIngameChat_Hook]
[Info   :  SHCDE-SE] [T1-22:11:14.867] [ManagedDetour] [.ctor] Created detour [receiveLobbyMessages]->[Platform_Multiplayer_ReceiveLobbyMessages_Hook]
[Info   :  SHCDE-SE] [T1-22:11:14.868] [ManagedDetour] [.ctor] Created detour [SendCustomInfoToMember]->[Platform_Multiplayer_SendCustomInfoToMember_Hook]
[Info   :  SHCDE-SE] [T1-22:11:15.285] [ManagedDetour] [.ctor] Created detour [NoesisGUIUpdateChecksInGame]->[FatControler_NoesisGUIUpdateChecksInGame_Hook]
[Info   :  SHCDE-SE] [T1-22:11:15.311] [ManagedDetour] [.ctor] Created detour [.ctor]->[HUD_Buildings_CTOR_Hook]
[Info   :  SHCDE-SE] [T1-22:11:15.313] [ManagedDetour] [.ctor] Created detour [interpChimp]->[GameMap_InterpChimpHook]
[Info   :  SHCDE-SE] [T1-22:11:15.314] [ManagedDetour] [.ctor] Created detour [deleteChimp]->[GameMap_DeleteChimpHook]
[Info   :  SHCDE-SE] [T1-22:11:15.315] [ManagedDetour] [.ctor] Created detour [playSFX]->[MyAudioManager_PlaySFX_Hook]
[Info   :  SHCDE-SE] [T1-22:11:15.316] [ManagedDetour] [.ctor] Created detour [LoadClip]->[MyAudioManager_LoadClip_Hook]
[Info   :  SHCDE-SE] [T1-22:11:15.318] [ManagedDetour] [.ctor] Created detour [UpdateWorkshopMap]->[MapFileManager_UpdateWorkshopMap_Hook]
[Info   :  SHCDE-SE] [T1-22:11:15.319] [ManagedDetour] [.ctor] Created detour [SetBodySprite]->[SpriteMapping_SetBodySprite_Hook]
[Info   :  SHCDE-SE] [T1-22:11:15.327] [ManagedDetour] [.ctor] Created detour [SetVisibleState]->[MainViewModel_SetVisibleState_Hook]
[Info   :  SHCDE-SE] [T1-22:11:15.329] [ManagedDetour] [.ctor] Created detour [Update]->[KeyManager_Update_Hook_Impl]
[Info   :  SHCDE-SE] [T1-22:11:15.335] [ManagedDetour] [.ctor] Created detour [ProcessExtendedLordFile]->[CustomisationFileManager_ProcessExtendedLordFile_Hook]
[Info   :  SHCDE-SE] [T1-22:11:15.336] [ManagedDetour] [.ctor] Created detour [GetCustomLordText]->[CustomisationFileManager_GetCustomLordText_Hook]
[Info   :  SHCDE-SE] [T1-22:11:15.341] [ManagedDetour] [.ctor] Created detour [SkirmishAIAddClick]->[FRONT_Multiplayer_SkirmishAIAddClick_Hook]
[Info   :  SHCDE-SE] [T1-22:11:15.342] [ManagedDetour] [.ctor] Created detour [AILordLeave]->[FRONT_Multiplayer_AILordLeave_Hook]
[Info   :  SHCDE-SE] [T1-22:11:15.345] [ManagedDetour] [.ctor] Created detour [getAIFace]->[MainViewModel_GetAIFace_Hook]
[Info   :  SHCDE-SE] [T1-22:11:15.359] [ManagedDetour] [.ctor] Created detour [set_Source]->[NoesisMediaElement_Setter_Hook]
[Info   :  SHCDE-SE] [T1-22:11:15.361] [ManagedDetour] [.ctor] Created detour [playSpeech]->[SFXManager_PlaySpeech_Hook]
[Info   :  SHCDE-SE] [T1-22:11:15.363] [ManagedDetour] [.ctor] Created detour [getComputerName]->[OnScreenText_GetComputerName_Hook]
[Info   :  SHCDE-SE] [T1-22:11:15.373] [ManagedDetour] [.ctor] Created detour [getAIVData]->[AIVLoader_GetAIVData_Hook]
[Info   :  SHCDE-SE] [T1-22:11:15.375] [ManagedDetour] [.ctor] Created detour [GetListOfSubscribedItemsPaths]->[Platform_Workshop_GetListOfSubscribedItemsPaths_Hook]
[Info   :  SHCDE-SE] [T1-22:11:15.461] [ManagedDetour] [.ctor] Created detour [ClearUIPanels]->[FrontendMenus_ClearUIPanels_Hook]
[Info   :  SHCDE-SE] [T1-22:11:15.461] [ManagedDetour] [.ctor] Created detour [OpenFrontEndMenus]->[FrontendMenus_OpenFrontEndMenus_Hook]
[Info   :  SHCDE-SE] [T1-22:11:15.464] [ManagedDetour] [.ctor] Created detour [setTileColour]->[GameTile_SetTileColor_Hook]
[Info   :  SHCDE-SE] [T1-22:11:15.465] [ManagedDetour] [.ctor] Created detour [Awake]->[SteamManager_Awake_Hook]
[Info   :  SHCDE-SE] [T1-22:11:15.467] [ManagedDetour] [.ctor] Created detour [Awake]->[Director_Awake_Hook]
[Info   :  SHCDE-SE] [T1-22:11:15.470] [ManagedDetour] [.ctor] Created detour [postLoading]->[EditorDirector_PostLoading_Hook]
[Info   :  SHCDE-SE] [T1-22:11:15.491] [Plugin] [LoadNativeLibrary] CrusaderDE: 00007FFAAA280000
[Info   :  SHCDE-SE] [T1-22:11:15.492] [Unknown] Base address: 0x00007FFAAA280000
[Info   :  SHCDE-SE] [T1-22:11:15.493] [Unknown] Module size: 0x0000000008903000 bytes
[Info   :  SHCDE-SE] [T1-22:11:15.544] [Plugin] [CrusaderLibrary_LibraryLoaded] Initializing native-side...
[Info   :  SHCDE-SE] [T1-22:11:15.559] [GameGlobalsManager] [FindGameGlobals] Finding Game Globals...
[Info   :  SHCDE-SE] [T1-22:11:15.592] [GameGlobalsManager] [FindGameGlobals] GameUnitManager found at VA: 00007FFAB0A68400
[Info   :  SHCDE-SE] [T1-22:11:15.598] [GameGlobalsManager] [FindGameGlobals] gRangedBoltDamageTableRVA found at RVA: 0000000000322C70
[Info   :  SHCDE-SE] [T1-22:11:15.605] [GameGlobalsManager] [FindGameGlobals] gRangedJavelinDamageTableRVA found at RVA: 0000000000322DE0
[Info   :  SHCDE-SE] [T1-22:11:15.610] [GameGlobalsManager] [FindGameGlobals] gRangedArrowDamageTableRVA found at RVA: 0000000000322990
[Info   :  SHCDE-SE] [T1-22:11:15.614] [GameGlobalsManager] [FindGameGlobals] gProjectileAttackRangeTilesTable found at RVA: 00000000002DA8F0
[Info   :  SHCDE-SE] [T1-22:11:15.620] [GameGlobalsManager] [FindGameGlobals] gProjectileTrajectoryModeTableRVA found at RVA: 00007FFAAA55AD00
[Info   :  SHCDE-SE] [T1-22:11:15.624] [GameGlobalsManager] [FindGameGlobals] gProjectileDefaultSpeedOrAngleByTypeTableRVA found at RVA: 00000000002DADD0
[Info   :  SHCDE-SE] [T1-22:11:15.629] [GameGlobalsManager] [FindGameGlobals] gProjectileMotionStepTableRVA found at RVA: 00000000002DAEA0
[Info   :  SHCDE-SE] [T1-22:11:15.634] [GameGlobalsManager] [FindGameGlobals] gRangedSlingerDamageTableRVA found at RVA: 0000000000322B00
[Info   :  SHCDE-SE] [T1-22:11:15.639] [GameGlobalsManager] [FindGameGlobals] gMeleeDamageTableRVA found at RVA: 0000000000323230
[Info   :  SHCDE-SE] [T1-22:11:15.644] [GameGlobalsManager] [FindGameGlobals] gMeleeEunuchAOEDamageTableRVA found at RVA: 0000000000322F50
[Info   :  SHCDE-SE] [T1-22:11:15.652] [GameGlobalsManager] [FindGameGlobals] gBallistaDamageDefault: 10000
[Info   :  SHCDE-SE] [T1-22:11:15.656] [GameGlobalsManager] [FindGameGlobals] gBallistaDamageToPortableShields: 500
[Info   :  SHCDE-SE] [T1-22:11:15.662] [GameGlobalsManager] [FindGameGlobals] gBallistaDamageToBallista: 2000
[Info   :  SHCDE-SE] [T1-22:11:15.667] [GameGlobalsManager] [FindGameGlobals] gBallistaDamageToMangonel: 2000
[Info   :  SHCDE-SE] [T1-22:11:15.672] [GameGlobalsManager] [FindGameGlobals] gBallistaDamageToArabBallista: 2000
[Info   :  SHCDE-SE] [T1-22:11:15.676] [GameGlobalsManager] [FindGameGlobals] gBallistaDamageToCatapult: 2500
[Info   :  SHCDE-SE] [T1-22:11:15.682] [GameGlobalsManager] [FindGameGlobals] gBallistaDamageToTrebutchet: 4000
[Info   :  SHCDE-SE] [T1-22:11:15.686] [GameGlobalsManager] [FindGameGlobals] gBallistaDamageToBatteringRam: 20000
[Info   :  SHCDE-SE] [T1-22:11:15.692] [GameGlobalsManager] [FindGameGlobals] gMaxMana: 7000
[Info   :  SHCDE-SE] [T1-22:11:15.698] [GameGlobalsManager] [FindGameGlobals] gManaRegenAmount: 1
[Info   :  SHCDE-SE] [T1-22:11:15.703] [GameGlobalsManager] [FindGameGlobals] gMacemanMinDistanceToEnemyToRun: 192
[Info   :  SHCDE-SE] [T1-22:11:15.708] [GameGlobalsManager] [FindGameGlobals] gUnitHealthTable found at RVA: 0000000000322820
[Info   :  SHCDE-SE] [T1-22:11:15.713] [GameGlobalsManager] [FindGameGlobals] gBuildingHealthTable found at RVA: 00000000002E7510
[Info   :  SHCDE-SE] [T1-22:11:15.718] [GameGlobalsManager] [FindGameGlobals] gBuildingHousingPopulatonSpaceTable found at RVA: 00000000002E7740
[Info   :  SHCDE-SE] [T1-22:11:15.723] [GameGlobalsManager] [FindGameGlobals] gSpeedTable found at RVA: 00000000003230C0
[Info   :  SHCDE-SE] [T1-22:11:15.726] [GameGlobalsManager] [FindGameGlobals] gMapRowLookupTable found at RVA: 000000000402FF2C
[Info   :  SHCDE-SE] [T1-22:11:15.731] [GameGlobalsManager] [FindGameGlobals] gMapColumnLookupTableRVA found at RVA: 0000000003AAE2A4
[Info   :  SHCDE-SE] [T1-22:11:15.735] [GameGlobalsManager] [FindGameGlobals] gMapBuildingManager found at RVA: 00007FFAB074CBB0
[Info   :  SHCDE-SE] [T1-22:11:15.742] [GameGlobalsManager] [FindGameGlobals] gMaxRandomLions found at VA: 00007FFAAA39E29D
[Info   :  SHCDE-SE] [T1-22:11:15.742] [GameGlobalsManager] [FindGameGlobals] gMaxRandomLions: 3
[Info   :  SHCDE-SE] [T1-22:11:15.747] [GameGlobalsManager] [FindGameGlobals] gGameTribeManagerVA found at RVA: 00007FFAB1F46720
[Info   :  SHCDE-SE] [T1-22:11:15.752] [GameGlobalsManager] [FindGameGlobals] gPlayerManager found at RVA: 00007FFAAD8EC210
[Info   :  SHCDE-SE] [T1-22:11:15.757] [GameGlobalsManager] [FindGameGlobals] gBuildingCostDefaults found at VA: 00007FFAAA55E244
[Info   :  SHCDE-SE] [T1-22:11:15.762] [GameGlobalsManager] [FindGameGlobals] gBuildingCostDefaultsEnd found at VA: 00007FFAAA55EADC
[Info   :  SHCDE-SE] [T1-22:11:15.767] [GameGlobalsManager] [FindGameGlobals] gBuildingStoneCostsTable found at RVA: 00000000067E5B90
[Info   :  SHCDE-SE] [T1-22:11:15.771] [GameGlobalsManager] [FindGameGlobals] gBuildingRawPitchCostsTable found at RVA: 00000000067E5B98
[Info   :  SHCDE-SE] [T1-22:11:15.776] [GameGlobalsManager] [FindGameGlobals] gBuildingGoldCostsTable found at RVA: 00000000067E5B9C
[Info   :  SHCDE-SE] [T1-22:11:15.780] [GameGlobalsManager] [FindGameGlobals] gBuildingWoodCostsTable found at RVA: 00000000067E5B8C
[Info   :  SHCDE-SE] [T1-22:11:15.785] [GameGlobalsManager] [FindGameGlobals] gBuildingIronIngotsCostsTable found at RVA: 00000000067E5B94
[Info   :  SHCDE-SE] [T1-22:11:15.790] [GameGlobalsManager] [FindGameGlobals] gMaxGoodYards found at VA: 00007FFAAA2F89B4
[Info   :  SHCDE-SE] [T1-22:11:15.790] [GameGlobalsManager] [FindGameGlobals] gMaxGoodYards: 32
[Info   :  SHCDE-SE] [T1-22:11:15.794] [GameGlobalsManager] [FindGameGlobals] gMaxArmories found at VA: 00007FFAAA2F8AB4
[Info   :  SHCDE-SE] [T1-22:11:15.794] [GameGlobalsManager] [FindGameGlobals] gMaxArmories: 8
[Info   :  SHCDE-SE] [T1-22:11:15.799] [GameGlobalsManager] [FindGameGlobals] gMaxGranaries found at VA: 00007FFAAA2F8A34
[Info   :  SHCDE-SE] [T1-22:11:15.799] [GameGlobalsManager] [FindGameGlobals] gMaxGranaries: 8
[Info   :  SHCDE-SE] [T1-22:11:15.804] [GameGlobalsManager] [FindGameGlobals] gGateHouseCloseDistance found at VA: 00007FFAAA337BC0
[Info   :  SHCDE-SE] [T1-22:11:15.804] [GameGlobalsManager] [FindGameGlobals] gGateHouseCloseDistance: 200
[Info   :  SHCDE-SE] [T1-22:11:15.810] [GameGlobalsManager] [FindGameGlobals] gGateHouseReOpenDistance found at VA: 00007FFAAA337BC9
[Info   :  SHCDE-SE] [T1-22:11:15.810] [GameGlobalsManager] [FindGameGlobals] gGateHouseReOpenDistance: 1200
[Info   :  SHCDE-SE] [T1-22:11:15.815] [GameGlobalsManager] [FindGameGlobals] gGateHouseUnkDistance found at VA: 00007FFAAA337BD0
[Info   :  SHCDE-SE] [T1-22:11:15.815] [GameGlobalsManager] [FindGameGlobals] gGateHouseUnkDistance: 1200
[Info   :  SHCDE-SE] [T1-22:11:15.835] [GameGlobalsManager] [FindGameGlobals] Peasant Respawn Tick Target Value: 4000
[Info   :  SHCDE-SE] [T1-22:11:15.851] [GameGlobalsManager] [FindGameGlobals] Peasant Respawn Tick Reset Value: 2000
[Info   :  SHCDE-SE] [T1-22:11:15.855] [GameGlobalsManager] [FindGameGlobals] gLocalPlayerId found at VA: 00007FFAB2B63D70
[Info   :  SHCDE-SE] [T1-22:11:15.861] [GameGlobalsManager] [FindGameGlobals] gCurrentGameTick found at VA: 00007FFAAD8E5F58
[Info   :  SHCDE-SE] [T1-22:11:15.866] [GameGlobalsManager] [FindGameGlobals] gCurrentlySelectedBuildingId found at VA: 00007FFAB0A68394
[Info   :  SHCDE-SE] [T1-22:11:15.871] [GameGlobalsManager] [FindGameGlobals] gp_PathfindingContextVA found at VA: 00007FFAB032D660
[Info   :  SHCDE-SE] [T1-22:11:15.875] [GameGlobalsManager] [FindGameGlobals] gAIVDataTableVA found at VA: 00007FFAAAB44640
[Info   :  SHCDE-SE] [T1-22:11:15.879] [GameGlobalsManager] [FindGameGlobals] gSkirmishSpawnGoldTable found at RVA: 00000000002D4D90
[Info   :  SHCDE-SE] [T1-22:11:15.886] [GameGlobalsManager] [FindGameGlobals] gMonkAvailable found at RVA: 00007FFAB2A6E3F8
[Info   :  SHCDE-SE] [T1-22:11:15.891] [GameGlobalsManager] [FindGameGlobals] gEngineerAvailableVA found at RVA: 00007FFAB2A6E3E0
[Info   :  SHCDE-SE] [T1-22:11:15.896] [GameGlobalsManager] [FindGameGlobals] gLaddermanAvailableVA found at RVA: 00007FFAB2A6E3DC
[Info   :  SHCDE-SE] [T1-22:11:15.901] [GameGlobalsManager] [FindGameGlobals] gPlayerDefaultSkirmishResourcesVA found at VA: 00007FFAAA554E40
[Info   :  SHCDE-SE] [T1-22:11:15.907] [GameGlobalsManager] [FindGameGlobals] gAIVSystem found at VA: 00007FFAAD729F70
[Info   :  SHCDE-SE] [T1-22:11:15.911] [GameGlobalsManager] [FindGameGlobals] gGameVegetationManager found at VA: 00007FFAAD55E440
[Info   :  SHCDE-SE] [T1-22:11:15.916] [GameGlobalsManager] [FindGameGlobals] gAILordManager found at RVA: 000000000404C950 / VA: 00007FFAAE2CC950
[Info   :  SHCDE-SE] [T1-22:11:15.922] [GameGlobalsManager] [FindGameGlobals] gActivePlayerListVA found at VA: 00007FFAB27F4BCC
[Info   :  SHCDE-SE] [T1-22:11:15.926] [GameGlobalsManager] [FindGameGlobals] gAILineUpVA found at VA: 00007FFAB27F4C44
[Info   :  SHCDE-SE] [T1-22:11:15.930] [GameGlobalsManager] [FindGameGlobals] gGameStateChoreHandlersVA found at VA: 00007FFAAA547A30
[Info   :  SHCDE-SE] [T1-22:11:15.936] [GameGlobalsManager] [FindGameGlobals] gGamePaused found at VA: 00007FFAAD8EA0F8
[Info   :  SHCDE-SE] [T1-22:11:15.941] [GameGlobalsManager] [FindGameGlobals] gCurrentMapName found at VA: 00007FFAAD8E7FE0
[Info   :  SHCDE-SE] [T1-22:11:15.946] [GameGlobalsManager] [FindGameGlobals] gCurrentMapNameLength found at VA: 00007FFAAD8E81D4
[Info   :  SHCDE-SE] [T1-22:11:15.950] [GameGlobalsManager] [FindGameGlobals] gIsInMapEditorVA found at VA: 00007FFAB27F4B98
[Info   :  SHCDE-SE] [T1-22:11:15.956] [GameGlobalsManager] [FindGameGlobals] gTeamsListRVA found at VA: 00000000037EDF3C
[Info   :  SHCDE-SE] [T1-22:11:15.962] [GameGlobalsManager] [FindGameGlobals] gTreeGrowthProgressionTableRVA found at VA: 000000000031E224
[Info   :  SHCDE-SE] [T1-22:11:15.966] [GameGlobalsManager] [FindGameGlobals] gGameTileManagerVA found at VA: 00007FFAAE2DEDB0
[Info   :  SHCDE-SE] [T1-22:11:15.974] [GameGlobalsManager] [FindGameGlobals] GameGatehouseManagerRVA found at RVA: 00000000060AF690 / VA 00007FFAB032F690
[Info   :  SHCDE-SE] [T1-22:11:15.974] [GameGlobalsManager] [FindGameGlobals] gGameGatehouseFunctionsVA found at VA: 00007FFAAA5925D0
[Info   :  SHCDE-SE] [T1-22:11:15.981] [GameGlobalsManager] [FindGameGlobals] GameUnitFunctionsVTable found at VA: 00007FFAAA5A1CB0
[Info   :  SHCDE-SE] [T1-22:11:15.985] [GameGlobalsManager] [FindGameGlobals] GameBuildingFunctionsVTable found at VA: 00007FFAAA55EAE0
[Info   :  SHCDE-SE] [T1-22:11:15.990] [GameGlobalsManager] [FindGameGlobals] gLocalPlayerUnitLimitVA found at VA: 00007FFAAD8E8E34
[Info   :  SHCDE-SE] [T1-22:11:15.996] [GameGlobalsManager] [FindGameGlobals] gBuildingTypeAccessTileConnectivityBypassVA found at VA: 00007FFAAA564FE0
[Info   :  SHCDE-SE] [T1-22:11:16.000] [GameGlobalsManager] [FindGameGlobals] gAxisDistanceMetricsVA found at VA: 00007FFAAD729F50
[Info   :  SHCDE-SE] [T1-22:11:16.006] [GameGlobalsManager] [FindGameGlobals] gLocalPlayerArmyCounts found at VA: 00007FFAAAD186A0
[Info   :  SHCDE-SE] [T1-22:11:16.011] [GameGlobalsManager] [FindGameGlobals] gPeasantSpawnRateIncrementsHighPopRVA found at RVA: 0000000000311D90
[Info   :  SHCDE-SE] [T1-22:11:16.018] [GameGlobalsManager] [FindGameGlobals] gPeasantSpawnRateIncrementsLowPopRVA found at RVA: 0000000000311DF0
[Info   :  SHCDE-SE] [T1-22:11:16.023] [GameGlobalsManager] [FindGameGlobals] gPeasantSpawnRateIncrementsDefaultsRVA found at RVA: 0000000000311E50
[Info   :  SHCDE-SE] [T1-22:11:16.029] [GameGlobalsManager] [FindGameGlobals] BuildingAvailabilityManagerVA found at VA: 00007FFAAD547730
[Info   :  SHCDE-SE] [T1-22:11:16.036] [GameGlobalsManager] [FindGameGlobals] gMapRulesInfo_AllowedTradingGoodsRVA found: 00000000037EDB58
[Info   :  SHCDE-SE] [T1-22:11:16.041] [GameGlobalsManager] [FindGameGlobals] gMapRulesInfo_AllowedEuroUnitsVA found at VA: 00007FFAADA6DEFC
[Info   :  SHCDE-SE] [T1-22:11:16.047] [GameGlobalsManager] [FindGameGlobals] gMapRulesInfo_AllowedArabUnitsVA found at VA: 00007FFAADA6FA7C
[Info   :  SHCDE-SE] [T1-22:11:16.053] [Unknown] gMapRulesInfo_AllowedBedouinUnitsVA found at VA: 00007FFAADB1A0F8
[Info   :  SHCDE-SE] [T1-22:11:16.058] [Unknown] gCurrentSkirmishGameModeVA found at VA: 00007FFAAD8E9040
[Info   :  SHCDE-SE] [T1-22:11:16.063] [Unknown] gCurrentTrailTypeVA found at VA: 00007FFAAD8E9048
[Info   :  SHCDE-SE] [T1-22:11:16.069] [Unknown] gCurrentGameSkirmishModeVA found at VA: 00007FFAB2A6CA04
[Info   :  SHCDE-SE] [T1-22:11:16.074] [Unknown] gCurrentGameTypeModeVA found at VA: 00007FFAAD8E5F28
[Info   :  SHCDE-SE] [T1-22:11:16.079] [Unknown] gAIAdvantage found at VA: 00007FFAB2A6CAD0
[Info   :  SHCDE-SE] [T1-22:11:16.085] [Unknown] gCoopTrailIdVA found at VA: 00007FFAAD8EA090
[Info   :  SHCDE-SE] [T1-22:11:16.090] [Unknown] gCoopMissionIdVA found at VA: 00007FFAAD8EA094
[Info   :  SHCDE-SE] [T1-22:11:16.095] [GameGlobalsManager] [FindGameGlobals] gMapRulesInfo_AllowedProductionGoodsVA found at VA: 00007FFAAD8E6030
[Info   :  SHCDE-SE] [T1-22:11:16.101] [Unknown] gGameCursorManagerVA found at VA: 00007FFAADC91DC0
[Info   :  SHCDE-SE] [T1-22:11:16.107] [GameGlobalsManager] [FindGameGlobals] gFriendlyWallToEnemyWallProximityDistAllowance found at VA: 00007FFAAA2FA77C
[Info   :  SHCDE-SE] [T1-22:11:16.107] [GameGlobalsManager] [FindGameGlobals] gFriendlyWallToEnemyWallProximityDistAllowance: 7
[Info   :  SHCDE-SE] [T1-22:11:16.112] [GameGlobalsManager] [FindGameGlobals] gCurrentMapSize found at VA: 00007FFAB032D594
[Info   :  SHCDE-SE] [T1-22:11:16.118] [GameGlobalsManager] [FindGameGlobals] gPlayerKeepIsEnclosedVA found at VA: 00007FFAAA5B936C
[Info   :  SHCDE-SE] [T1-22:11:16.123] [GameGlobalsManager] [FindGameGlobals] gPlayerExtremePowersEnabledVA found at VA: 00007FFAADA6F968
[Info   :  SHCDE-SE] [T1-22:11:16.129] [GameGlobalsManager] [FindGameGlobals] gSoundManagerVA found at VA: 00007FFAB2B672D0
[Info   :  SHCDE-SE] [T1-22:11:16.134] [GameGlobalsManager] [FindGameGlobals] gProjectilesManagerVA found at VA: 00007FFAAD1FA680
[Info   :  SHCDE-SE] [T1-22:11:16.167] [GameGlobalsManager] [FindGameGlobals] gUnitEUGoldCostTableRVA found at RVA: 0000000000311C98
[Info   :  SHCDE-SE] [T1-22:11:16.174] [GameGlobalsManager] [FindGameGlobals] gUnitEUGoodTypeCostsTableRVA found at RVA: 00000000003219F0
[Info   :  SHCDE-SE] [T1-22:11:16.179] [GameGlobalsManager] [FindGameGlobals] gTreeProximityAreaLevelTableRVA found at RVA: 00000000002D1C38
[Info   :  SHCDE-SE] [T1-22:11:16.297] [GameGlobalsManager] [FindGameGlobals] gDateTimeCurrentYearRVA: 000000000018129C
[Info   :  SHCDE-SE] [T1-22:11:16.315] [GameGlobalsManager] [FindGameGlobals] gBedouinDemolisherShieldHealth: 40000
[Info   :  SHCDE-SE] [T1-22:11:16.321] [GameGlobalsManager] [FindGameGlobals] gCatapultRestockStoneCost: 10
[Info   :  SHCDE-SE] [T1-22:11:16.327] [GameGlobalsManager] [FindGameGlobals] gCatapultRestockStoneAmount: 20
[Info   :  SHCDE-SE] [T1-22:11:16.334] [GameGlobalsManager] [FindGameGlobals] gCatapultInitialStoneAmount: 20
[Info   :  SHCDE-SE] [T1-22:11:16.340] [GameGlobalsManager] [FindGameGlobals] gAssassinDetectionRange: 160
[Info   :  SHCDE-SE] [T1-22:11:16.346] [GameGlobalsManager] [FindGameGlobals] gAssassinTransparencyThreshold: 120
[Info   :  SHCDE-SE] [T1-22:11:16.352] [GameGlobalsManager] [FindGameGlobals] gAIMaxOxTethers: 10
[Info   :  SHCDE-SE] [T1-22:11:16.360] [GameGlobalsManager] [FindGameGlobals] gAIStoneToOxenRatio: 20
[Info   :  SHCDE-SE] [T1-22:11:16.365] [GameGlobalsManager] [FindGameGlobals] gAIHighGoldThresholdForSiege: 10000
[Info   :  SHCDE-SE] [T1-22:11:16.371] [GameGlobalsManager] [FindGameGlobals] gAIGoldThresholdForHarassmentSiegeEngines: 500
[Info   :  SHCDE-SE] [T1-22:11:16.378] [GameGlobalsManager] [FindGameGlobals] gKnightRunSpeedBonus found at VA: 00007FFAAA3C96B5
[Info   :  SHCDE-SE] [T1-22:11:16.385] [GameGlobalsManager] [FindGameGlobals] gArabHorsemanRunSpeedBonus found at VA: 00007FFAAA3EE7E1
[Info   :  SHCDE-SE] [T1-22:11:16.392] [GameGlobalsManager] [FindGameGlobals] gBedouinCamelLancerRunSpeedBonus found at VA: 00007FFAAA3F34B1
[Info   :  SHCDE-SE] [T1-22:11:16.397] [GameGlobalsManager] [FindGameGlobals] gBedouinHeavyCamelRunSpeedBonus found at VA: 00007FFAAA3FA8A4
[Info   :  SHCDE-SE] [T1-22:11:16.402] [GameGlobalsManager] [FindGameGlobals] gCurrentContextMapperValueVA found at VA: 00007FFAB032D45C
[Info   :  SHCDE-SE] [T1-22:11:16.409] [GameGlobalsManager] [FindGameGlobals] gCurrentContextUnitValueVA found at VA: 00007FFAAABB02C4
[Info   :  SHCDE-SE] [T1-22:11:16.414] [GameGlobalsManager] [FindGameGlobals] gCurrentContextBuildingValueVA found at VA: 00007FFAAAB79BE4
[Info   :  SHCDE-SE] [T1-22:11:16.420] [GameGlobalsManager] [FindGameGlobals] gBuildingRepairProximityCheckRange found at VA: 00007FFAAA3551D2
[Info   :  SHCDE-SE] [T1-22:11:16.425] [GameGlobalsManager] [FindGameGlobals] gBuildingRepairProximityCheckExRange found at VA: 00007FFAAA3551CD
[Info   :  SHCDE-SE] [T1-22:11:16.430] [GameGlobalsManager] [FindGameGlobals] ChoreManager found at VA: 00007FFAB27F4320
[Info   :  SHCDE-SE] [T1-22:11:16.436] [GameGlobalsManager] [FindGameGlobals] ChoreSendPhase found at VA: 00007FFAB2878FEC
[Info   :  SHCDE-SE] [T1-22:11:16.441] [GameGlobalsManager] [FindGameGlobals] MessageManager found at VA: 00007FFAABDE2EE0
[Info   :  SHCDE-SE] [T1-22:11:16.447] [GameGlobalsManager] [FindGameGlobals] EngineMemoryLastCallDescriptorVA found at VA: 00007FFAB032D648
[Info   :  SHCDE-SE] [T1-22:11:16.453] [GameGlobalsManager] [FindGameGlobals] PathfindingProfilesUnitTableRVA found at RVA: 0000000000322540
[Info   :  SHCDE-SE] [T1-22:11:16.460] [GameGlobalsManager] [FindGameGlobals] PathfindingConnectionClassesUnitTableVA found at VA: 00007FFAAA5ABDB0
[Info   :  SHCDE-SE] [T1-22:11:16.465] [GameGlobalsManager] [FindGameGlobals] TilePCLTableRVA found at RVA: 00000000050EC690
[Info   :  SHCDE-SE] [T1-22:11:16.472] [GameGlobalsManager] [FindGameGlobals] gNoKnockdownWalls found at VA: 00007FFAADA6D4C4
[Info   :  SHCDE-SE] [T1-22:11:16.477] [GameGlobalsManager] [FindGameGlobals] gGlobalImprovedSiegingBehaviourVA found at VA: 00007FFAAD8E5FB8
[Info   :  SHCDE-SE] [T1-22:11:16.483] [GameGlobalsManager] [FindGameGlobals] gGlobalMoreAggressiveAISiegingBehaviourVA found at VA: 00007FFAAD8E5FBC
[Info   :  SHCDE-SE] [T1-22:11:16.488] [GameGlobalsManager] [FindGameGlobals] gGlobalAdvancedOptions found at VA: 00007FFAB2A6E2F0
[Info   :  SHCDE-SE] [T1-22:11:16.495] [GameGlobalsManager] [FindGameGlobals] gStablesHorseRegenTickTarget: 550
[Info   :  SHCDE-SE] [T1-22:11:16.501] [GameGlobalsManager] [FindGameGlobals] gStablesHorsesCap: 4
[Info   :  SHCDE-SE] [T1-22:11:16.507] [GameGlobalsManager] [FindGameGlobals] gDiseaseDamage1: 150
[Info   :  SHCDE-SE] [T1-22:11:16.514] [GameGlobalsManager] [FindGameGlobals] gDiseaseDamage2: 200
[Info   :  SHCDE-SE] [T1-22:11:16.521] [GameGlobalsManager] [FindGameGlobals] gDiseaseDamage3: 400
[Info   :  SHCDE-SE] [T1-22:11:16.527] [GameGlobalsManager] [FindGameGlobals] gGlobalIdsUsedVA found at VA: 00007FFAAD8E5F84
[Info   :  SHCDE-SE] [T1-22:11:16.533] [GameGlobalsManager] [FindGameGlobals] AIResourceSellCategoryTableVA found at VA: 00007FFAAA54EC94
[Info   :  SHCDE-SE] [T1-22:11:16.539] [GameGlobalsManager] [FindGameGlobals] AIResourceSellCategoryTableEndVA found at VA: 00007FFAAA54ED34
[Info   :  SHCDE-SE] [T1-22:11:16.546] [GameGlobalsManager] [FindGameGlobals] gDefaultTradePriceTable found at VA: 0000000000310EB0
[Info   :  SHCDE-SE] [T1-22:11:16.552] [GameGlobalsManager] [FindGameGlobals] gRabbitDespawnTickTime: 32
[Info   :  SHCDE-SE] [T1-22:11:16.559] [GameGlobalsManager] [FindGameGlobals] gCurrentContextUnitIdVA found at VA: 00007FFAAABB02C4
[Info   :  SHCDE-SE] [T1-22:11:16.579] [GameGlobalsManager] [FindGameGlobals] gCampPeasantsCap: 24
[Info   :  SHCDE-SE] [T1-22:11:16.584] [GameGlobalsManager] [FindGameGlobals] gAIVBuildDelayGoldCeiling: 5000
[Info   :  SHCDE-SE] [T1-22:11:16.589] [GameGlobalsManager] [FindGameGlobals] gAIVAcceleratedBuildGoldThreshold: 16000
[Info   :  SHCDE-SE] [T1-22:11:16.594] [GameGlobalsManager] [FindGameGlobals] gAIMinimumAttackerGoldForPositiveAttackVariance : 1000
[Info   :  SHCDE-SE] [T1-22:11:16.600] [GameGlobalsManager] [FindGameGlobals] gAIAttackerGoldThresholdForDoubledAttackVariance : 5000
[Info   :  SHCDE-SE] [T1-22:11:16.604] [GameGlobalsManager] [FindGameGlobals] gAITargetGoldThresholdForNegativeAttackModifier : 500
[Info   :  SHCDE-SE] [T1-22:11:16.610] [GameGlobalsManager] [FindGameGlobals] gPathfindingMaxTilesConstraint: 2000
[Info   :  SHCDE-SE] [T1-22:11:16.611] [GameVegetationManagerAPI] [.ctor] _vegetationManager: 00007FFAAD55E440
[Info   :  SHCDE-SE] [T1-22:11:16.611] [GameVegetationManagerAPI] [.ctor] _vegArray: 00007FFAAD55E458
[Info   :  SHCDE-SE] [T1-22:11:16.611] [GameVegetationManagerAPI] [.ctor] _treeGrowthStageTable: 00007FFAAA59E224
[Info   :  SHCDE-SE] [T1-22:11:16.611] [GameVegetationManagerAPI] [.ctor] _treeAreaProximityLevelTable: 00007FFAAA551C38
[Info   :  SHCDE-SE] [T1-22:11:16.611] [GameGlobalsManager] [FindGameGlobals] Tree Growth of Oak Stage0: 24
[Info   :  SHCDE-SE] [T1-22:11:16.612] [GamePlayerManagerAPI] [.ctor] _playerManager: 00007FFAAD8EC210
[Info   :  SHCDE-SE] [T1-22:11:16.612] [GamePlayerManagerAPI] [.ctor] _playerResources: 00007FFAADA2060C
[Info   :  SHCDE-SE] [T1-22:11:16.612] [GamePlayerManagerAPI] [.ctor] _defaultSkirmishGold: 00007FFAAA554D90
[Info   :  SHCDE-SE] [T1-22:11:16.612] [GamePlayerManagerAPI] [.ctor] _defaultSkirmishResources: 00007FFAAA554E40
[Info   :  SHCDE-SE] [T1-22:11:16.612] [GamePlayerManagerAPI] [.ctor] _defaultSkirmishSettingsTable: 00007FFAAD729F70
[Info   :  SHCDE-SE] [T1-22:11:16.612] [GamePlayerManagerAPI] [.ctor] _peasantSpawnRateIncrementsHighPop: 00007FFAAA591D90
[Info   :  SHCDE-SE] [T1-22:11:16.612] [GamePlayerManagerAPI] [.ctor] _peasantSpawnRateIncrementsLowPop: 00007FFAAA591DF0
[Info   :  SHCDE-SE] [T1-22:11:16.612] [GamePlayerManagerAPI] [.ctor] _peasantSpawnRateIncrementsDefault: 00007FFAAA591E50
[Info   :  SHCDE-SE] [T1-22:11:16.613] [GamePlayerManagerAPI] [.ctor] CursorManager: 00007FFAADC91DC0
[Info   :  SHCDE-SE] [T1-22:11:16.613] [GamePlayerManagerAPI] [.ctor] _activePlayerList: 00007FFAB27F4BCC
[Info   :  SHCDE-SE] [T1-22:11:16.613] [GamePlayerManagerAPI] [.ctor] _aiLineUp: 00007FFAB27F4C44
[Info   :  SHCDE-SE] [T1-22:11:16.613] [GamePlayerManagerAPI] [.ctor] _teamList: 00007FFAADA6DF3C
[Info   :  SHCDE-SE] [T1-22:11:16.613] [GamePlayerManagerAPI] [.ctor] _localPause: 00007FFAAD8EA0F8
[Info   :  SHCDE-SE] [T1-22:11:16.613] [GamePlayerManagerAPI] [.ctor] _currentMapName: 00007FFAAD8E7FE0
[Info   :  SHCDE-SE] [T1-22:11:16.613] [GamePlayerManagerAPI] [.ctor] _currentMapNameLength: 00007FFAAD8E81D4
[Info   :  SHCDE-SE] [T1-22:11:16.613] [GamePlayerManagerAPI] [.ctor] _isInMapEditor: 00007FFAB27F4B98
[Info   :  SHCDE-SE] [T1-22:11:16.613] [GamePlayerManagerAPI] [.ctor] _mapRulesManager: 00007FFAAD547730
[Info   :  SHCDE-SE] [T1-22:11:16.613] [GamePlayerManagerAPI] [.ctor] _allowedTradingGoods: 00007FFAADA6DB58
[Info   :  SHCDE-SE] [T1-22:11:16.613] [GamePlayerManagerAPI] [.ctor] _cursorManager: 00007FFAADC91DC0
[Info   :  SHCDE-SE] [T1-22:11:16.613] [GamePlayerManagerAPI] [.ctor] _noKnockdownWalls: 00007FFAADA6D4C4
[Info   :  SHCDE-SE] [T1-22:11:16.613] [GamePlayerManagerAPI] [.ctor] _globalImprovedSiegeBehaviour: 00007FFAAD8E5FB8
[Info   :  SHCDE-SE] [T1-22:11:16.613] [GamePlayerManagerAPI] [.ctor] _globalMoreAggressiveSiegeBehaviour: 00007FFAAD8E5FBC
[Info   :  SHCDE-SE] [T1-22:11:16.613] [GamePlayerManagerAPI] [.ctor] _choreManagerOptionsInternal: 00007FFAB27F4320
[Info   :  SHCDE-SE] [T1-22:11:16.613] [GameGlobalsManager] [FindGameGlobals] Default Wood for Skirmish: 100
[Info   :  SHCDE-SE] [T1-22:11:16.617] [GameUnitManagerAPI] [.ctor] _gameManager: 00007FFAB0A68400
[Info   :  SHCDE-SE] [T1-22:11:16.617] [GameUnitManagerAPI] [.ctor] _unitArray: 00007FFAB0A68EEC
[Info   :  SHCDE-SE] [T1-22:11:16.617] [GameUnitManagerAPI] [.ctor] _meleeEunuchAOEDamageArray: 00007FFAAA5A2F50
[Info   :  SHCDE-SE] [T1-22:11:16.617] [GameUnitManagerAPI] [.ctor] _rangedArrowDamageArray: 00007FFAAA5A2990
[Info   :  SHCDE-SE] [T1-22:11:16.617] [GameUnitManagerAPI] [.ctor] _rangedBoltDamageArray: 00007FFAAA5A2C70
[Info   :  SHCDE-SE] [T1-22:11:16.617] [GameUnitManagerAPI] [.ctor] _rangedSlingerDamageArray: 00007FFAAA5A2B00
[Info   :  SHCDE-SE] [T1-22:11:16.617] [GameUnitManagerAPI] [.ctor] _rangedJavelinDamageArray: 00007FFAAA5A2DE0
[Info   :  SHCDE-SE] [T1-22:11:16.617] [GameUnitManagerAPI] [.ctor] _healthDefaultsArray: 00007FFAAA5A2820
[Info   :  SHCDE-SE] [T1-22:11:16.617] [GameUnitManagerAPI] [.ctor] _speedDefaultsArray: 00007FFAAA5A30C0
[Info   :  SHCDE-SE] [T1-22:11:16.617] [GameUnitManagerAPI] [.ctor] _localPlayerArmyCountsArray: 00007FFAAAD186A0
[Info   :  SHCDE-SE] [T1-22:11:16.617] [GameUnitManagerAPI] [.ctor] _euUnitsGoldCostsArray: 00007FFAAA591C98
[Info   :  SHCDE-SE] [T1-22:11:16.617] [GameUnitManagerAPI] [.ctor] _euUnitsGoodTypeCostArray: 00007FFAAA5A19F0
[Info   :  SHCDE-SE] [T1-22:11:16.617] [GameUnitManagerAPI] [.ctor] SizeOf(GameUnitManager)=2796, SizeOf(GameUnit)=1168
[Info   :  SHCDE-SE] [T1-22:11:16.617] [GameGlobalsManager] [FindGameGlobals] Knight Damage: 50
[Info   :  SHCDE-SE] [T1-22:11:16.617] [GameGlobalsManager] [FindGameGlobals] Knight Health: 20000
[Info   :  SHCDE-SE] [T1-22:11:16.617] [GameGlobalsManager] [FindGameGlobals] Knight Speed: 1
[Info   :  SHCDE-SE] [T1-22:11:16.621] [GameBuildingManagerAPI] [.ctor] _buildingManager: 00007FFAB074CBB0
[Info   :  SHCDE-SE] [T1-22:11:16.621] [GameBuildingManagerAPI] [.ctor] _buildingArray: 00007FFAB074CF38
[Info   :  SHCDE-SE] [T1-22:11:16.621] [GameBuildingManagerAPI] [.ctor] _buildingDefaultCostsArray: 00007FFAAA55E244
[Info   :  SHCDE-SE] [T1-22:11:16.621] [GameBuildingManagerAPI] [.ctor] _buildingDefaultCostsArrayEnd: 00007FFAAA55EADC
[Info   :  SHCDE-SE] [T1-22:11:16.621] [GameBuildingManagerAPI] [.ctor] _buildingStoneCostsArray: 00007FFAB0A65B90
[Info   :  SHCDE-SE] [T1-22:11:16.621] [GameBuildingManagerAPI] [.ctor] _buildingRawPitchCostsArray: 00007FFAB0A65B98
[Info   :  SHCDE-SE] [T1-22:11:16.621] [GameBuildingManagerAPI] [.ctor] _buildingGoldCostsArray: 00007FFAB0A65B9C
[Info   :  SHCDE-SE] [T1-22:11:16.621] [GameBuildingManagerAPI] [.ctor] _buildingWoodCostsArray: 00007FFAB0A65B8C
[Info   :  SHCDE-SE] [T1-22:11:16.621] [GameBuildingManagerAPI] [.ctor] _buildingIronIngotsCostsArray: 00007FFAB0A65B94
[Info   :  SHCDE-SE] [T1-22:11:16.621] [GameBuildingManagerAPI] [.ctor] _buildingTypeAccessTileConnectivityBypassArray: 00007FFAAA564FE0
[Info   :  SHCDE-SE] [T1-22:11:16.621] [GameGlobalsManager] [FindGameGlobals] NULL DEFAULT Wood Cost: Wood=0, Stone=0, Iron=0, Pitch=0, Gold=0
[Info   :  SHCDE-SE] [T1-22:11:16.621] [GameGlobalsManager] [FindGameGlobals] HOVEL DEFAULT Wood Cost: Wood=6, Stone=0, Iron=0, Pitch=0, Gold=0
[Info   :  SHCDE-SE] [T1-22:11:16.621] [GameGlobalsManager] [FindGameGlobals] Woodcutters Hut DEFAULT Wood Cost: Wood=3, Stone=0, Iron=0, Pitch=0, Gold=0
[Info   :  SHCDE-SE] [T1-22:11:16.621] [GameGlobalsManager] [FindGameGlobals] Lion->Spearman Damage: 100
[Info   :  SHCDE-SE] [T1-22:11:16.623] [BulkMonoDetours] [.ctor] Applying, region=00007FFACFB30000, size=0000000000A54000
[Warning:  SHCDE-SE] [T1-22:11:16.635] [BulkMonoDetours] [.ctor] NUKING 1MB VALUE TYPE SIZE LIMIT FROM ORBIT
[Info   :  SHCDE-SE] [T1-22:11:16.646] [BulkTribeDetours] [.ctor] Applying
[Info   :  SHCDE-SE] [T1-22:11:16.651] [BulkUnitDetours] [.ctor] Applying
[Info   :  SHCDE-SE] [T1-22:11:16.660] [BulkUnitDetours] [.ctor] c_game_unit_hunter_query_for_target found at 00007FFAAA40AF50
[Info   :  SHCDE-SE] [T1-22:11:16.660] [BulkUnitDetours] [.ctor] Anchor point found: 00007FFAAA40AFE6
[Info   :  SHCDE-SE] [T1-22:11:16.662] [Unknown] Hooking unit update function at address: 0x7FFAAA3BF540 chimp: CHIMP_TYPE_ARCHER
[Info   :  SHCDE-SE] [T1-22:11:16.663] [Unknown] Installing dynamic inline hook at: 0x00007FFAAA3BFAA1 for Dynamic Unit Range Support
[Info   :  SHCDE-SE] [T1-22:11:16.664] [Unknown] Installing dynamic inline hook at: 0x00007FFAAA3BFAD1 for Dynamic Unit Range Support
[Info   :  SHCDE-SE] [T1-22:11:16.664] [Unknown] Hooking unit update function at address: 0x7FFAAA3F1C50 chimp: CHIMP_TYPE_ARAB_BALLISTA
[Info   :  SHCDE-SE] [T1-22:11:16.664] [Unknown] Installing dynamic inline hook at: 0x00007FFAAA3F1DBD for Dynamic Unit Range Support
[Info   :  SHCDE-SE] [T1-22:11:16.664] [Unknown] Installing dynamic inline hook at: 0x00007FFAAA3F1EDD for Dynamic Unit Range Support
[Info   :  SHCDE-SE] [T1-22:11:16.664] [Unknown] Hooking unit update function at address: 0x7FFAAA3E7D40 chimp: CHIMP_TYPE_ARAB_BOW
[Info   :  SHCDE-SE] [T1-22:11:16.664] [Unknown] Installing dynamic inline hook at: 0x00007FFAAA3E7F93 for Dynamic Unit Range Support
[Info   :  SHCDE-SE] [T1-22:11:16.664] [Unknown] Installing dynamic inline hook at: 0x00007FFAAA3E7FC3 for Dynamic Unit Range Support
[Info   :  SHCDE-SE] [T1-22:11:16.664] [Unknown] Hooking unit update function at address: 0x7FFAAA3E1CB0 chimp: CHIMP_TYPE_BALLISTA
[Info   :  SHCDE-SE] [T1-22:11:16.664] [Unknown] Installing dynamic inline hook at: 0x00007FFAAA3E1E3D for Dynamic Unit Range Support
[Info   :  SHCDE-SE] [T1-22:11:16.664] [Unknown] Hooking unit update function at address: 0x7FFAAA3D35F0 chimp: CHIMP_TYPE_TREBUCHET
[Info   :  SHCDE-SE] [T1-22:11:16.664] [Unknown] Hooking unit update function at address: 0x7FFAAA3D20D0 chimp: CHIMP_TYPE_CATAPULT
[Info   :  SHCDE-SE] [T1-22:11:16.664] [Unknown] Hooking unit update function at address: 0x7FFAAA3D47F0 chimp: CHIMP_TYPE_MANGONEL
[Info   :  SHCDE-SE] [T1-22:11:16.664] [Unknown] Hooking unit update function at address: 0x7FFAAA3EB220 chimp: CHIMP_TYPE_ARAB_SLINGER
[Info   :  SHCDE-SE] [T1-22:11:16.664] [Unknown] Installing dynamic inline hook at: 0x00007FFAAA3EB3DE for Dynamic Unit Range Support
[Info   :  SHCDE-SE] [T1-22:11:16.664] [Unknown] Hooking unit update function at address: 0x7FFAAA3FA590 chimp: CHIMP_TYPE_BEDOUIN_HEAVY_CAMEL
[Info   :  SHCDE-SE] [T1-22:11:16.664] [Unknown] Installing dynamic inline hook at: 0x00007FFAAA3FA6F3 for Dynamic Unit Range Support
[Info   :  SHCDE-SE] [T1-22:11:16.664] [Unknown] Installing dynamic inline hook at: 0x00007FFAAA3FA801 for Dynamic Unit Range Support
[Info   :  SHCDE-SE] [T1-22:11:16.664] [Unknown] Hooking unit update function at address: 0x7FFAAA3F8350 chimp: CHIMP_TYPE_BEDOUIN_SKIRMISHER
[Info   :  SHCDE-SE] [T1-22:11:16.664] [Unknown] Installing dynamic inline hook at: 0x00007FFAAA3F8856 for Dynamic Unit Range Support
[Info   :  SHCDE-SE] [T1-22:11:16.664] [Unknown] Installing dynamic inline hook at: 0x00007FFAAA3F8886 for Dynamic Unit Range Support
[Info   :  SHCDE-SE] [T1-22:11:16.664] [Unknown] Hooking unit update function at address: 0x7FFAAA3C1DA0 chimp: CHIMP_TYPE_XBOWMAN
[Info   :  SHCDE-SE] [T1-22:11:16.664] [Unknown] Installing dynamic inline hook at: 0x00007FFAAA3C1F47 for Dynamic Unit Range Support
[Info   :  SHCDE-SE] [T1-22:11:16.664] [Unknown] Installing dynamic inline hook at: 0x00007FFAAA3C203F for Dynamic Unit Range Support
[Info   :  SHCDE-SE] [T1-22:11:16.664] [Unknown] Hooking unit update function at address: 0x7FFAAA3F0570 chimp: CHIMP_TYPE_ARAB_GRENADIER
[Info   :  SHCDE-SE] [T1-22:11:16.664] [Unknown] Installing dynamic inline hook at: 0x00007FFAAA3F0733 for Dynamic Unit Range Support
[Info   :  SHCDE-SE] [T1-22:11:16.664] [Unknown] Hooking unit update function at address: 0x7FFAAA3EE440 chimp: CHIMP_TYPE_ARAB_HORSEMAN
[Info   :  SHCDE-SE] [T1-22:11:16.664] [Unknown] Installing dynamic inline hook at: 0x00007FFAAA3EE62C for Dynamic Unit Range Support
[Info   :  SHCDE-SE] [T1-22:11:16.664] [Unknown] Installing dynamic inline hook at: 0x00007FFAAA3EE73F for Dynamic Unit Range Support
[Info   :  SHCDE-SE] [T1-22:11:16.666] [BulkBuildingDetours] [.ctor] Applying
[Info   :  SHCDE-SE] [T1-22:11:16.674] [BulkVegetationDetours] [.ctor] Applying
[Info   :  SHCDE-SE] [T1-22:11:16.686] [BulkMapLoaderDetours] [.ctor] Applying
[Info   :  SHCDE-SE] [T1-22:11:16.691] [BulkMapLoaderDetours] [.ctor] c_game_save_file_write found at 00007FFAAA45DB94
[Info   :  SHCDE-SE] [T1-22:11:16.697] [BulkProjectileDetours] [.ctor] Applying
[Info   :  SHCDE-SE] [T1-22:11:16.698] [BulkPlayerDetours] [.ctor] Applying
[Info   :  SHCDE-SE] [T1-22:11:16.698] [BulkSoundDetours] [.ctor] Applying
[Info   :  SHCDE-SE] [T1-22:11:16.704] [BulkTileDetours] [.ctor] Applying
[Info   :  SHCDE-SE] [T1-22:11:16.721] [BulkTimeDetours] [.ctor] Applying
[Info   :  SHCDE-SE] [T1-22:11:16.722] [BulkMapEditorDetours] [.ctor] Applying
[Info   :  SHCDE-SE] [T1-22:11:16.728] [BulkMapEditorDetours] [.ctor] c_game_tile_refresh_visual found at 00007FFAAA363B90
[Info   :  SHCDE-SE] [T1-22:11:16.728] [BulkAIDetours] [.ctor] Applying
[Info   :  SHCDE-SE] [T1-22:11:16.729] [BulkChoreDetours] [.ctor] Applying
[Info   :  SHCDE-SE] [T1-22:11:16.740] [BulkPathingDetours] [.ctor] Applying
[Info   :  SHCDE-SE] [T1-22:11:16.746] [BulkEngineDetours] [.ctor] Applying
[Info   :  SHCDE-SE] [T1-22:11:16.757] [BulkVEHDetours] [.ctor] Applying
[Info   :  SHCDE-SE] [T1-22:11:16.792] [HookTransaction[ApplyNative]] Loaded 1 of 166 AOB results from cache.
[Info   :  SHCDE-SE] [T1-22:11:16.793] [HookTransaction[ApplyNative]] Scanned 165 of 166 patterns across 143667200 bytes in one pass: 166 total resolved, 0 missing, 21ms.
[Info   :  SHCDE-SE] [T1-22:11:16.803] [Detour:c_game_unit_assign_tribe_hook] ["c_game_unit_assign_tribe_hook"] prepared at 0x00007FFAAA39D370 using Indirect: 6 bytes displaced, trampoline 0x00007FFA3A3A0000.
[Info   :  SHCDE-SE] [T1-22:11:16.803] [Detour:c_game_create_new_tribe_hook] ["c_game_create_new_tribe_hook"] prepared at 0x00007FFAAA399C00 using Indirect: 10 bytes displaced, trampoline 0x00007FFA3A3A0040.
[Info   :  SHCDE-SE] [T1-22:11:16.803] [Detour:c_game_tribe_issueorder_movehere_hook] ["c_game_tribe_issueorder_movehere_hook"] prepared at 0x00007FFAAA39B520 using Indirect: 9 bytes displaced, trampoline 0x00007FFA3A3A0080.
[Info   :  SHCDE-SE] [T1-22:11:16.804] [Detour:c_game_tribe_issueorder_withtarget_hook] ["c_game_tribe_issueorder_withtarget_hook"] prepared at 0x00007FFAAA39E960 using Indirect: 10 bytes displaced, trampoline 0x00007FFA3A3A00C0.
[Info   :  SHCDE-SE] [T1-22:11:16.804] [Detour:c_game_tribe_delete] ["c_game_tribe_delete"] prepared at 0x00007FFAAA398C70 using Indirect: 7 bytes displaced, trampoline 0x00007FFA3A3A0100.
[Info   :  SHCDE-SE] [T1-22:11:16.804] [Detour:c_game_spawn_unit_group_eu_and_arab] ["c_game_spawn_unit_group_eu_and_arab"] prepared at 0x00007FFAAA397D20 using Indirect: 10 bytes displaced, trampoline 0x00007FFA3A3A0140.
[Info   :  SHCDE-SE] [T1-22:11:16.804] [Detour:c_game_tribe_remove_unit] ["c_game_tribe_remove_unit"] prepared at 0x00007FFAAA3A3EA0 using Indirect: 10 bytes displaced, trampoline 0x00007FFA3A3B0000.
[Info   :  SHCDE-SE] [T1-22:11:16.811] [X64InlineHook] ["c_game_tribe_get_next_waypoint"] compiled stub at 0x00007FFA3A3B0040, size: 183 bytes (target: 0x00007FFAAA39ACE6).
[Info   :  SHCDE-SE] [T1-22:11:16.811] [Detour:c_game_unit_takedamage_melee_hook] ["c_game_unit_takedamage_melee_hook"] prepared at 0x00007FFAAA419110 using Indirect: 6 bytes displaced, trampoline 0x00007FFA3A420000.
[Info   :  SHCDE-SE] [T1-22:11:16.811] [Detour:c_game_unit_takedamage_projectile_hook] ["c_game_unit_takedamage_projectile_hook"] prepared at 0x00007FFAAA412750 using Indirect: 10 bytes displaced, trampoline 0x00007FFA3A420040.
[Info   :  SHCDE-SE] [T1-22:11:16.811] [Detour:c_game_unit_spawn_ex_hook] ["c_game_unit_spawn_ex_hook"] prepared at 0x00007FFAAA3FFEF0 using Indirect: 8 bytes displaced, trampoline 0x00007FFA3A420080.
[Info   :  SHCDE-SE] [T1-22:11:16.812] [Detour:c_game_unit_handle_movement_hook] ["c_game_unit_handle_movement_hook"] prepared at 0x00007FFAAA400230 using Indirect: 10 bytes displaced, trampoline 0x00007FFA3A4200C0.
[Info   :  SHCDE-SE] [T1-22:11:16.812] [Detour:c_game_unit_delete_hook] ["c_game_unit_delete_hook"] prepared at 0x00007FFAAA4069C0 using Indirect: 10 bytes displaced, trampoline 0x00007FFA3A420100.
[Info   :  SHCDE-SE] [T1-22:11:16.812] [Detour:c_game_unit_issueorder_movehere_hook] ["c_game_unit_issueorder_movehere_hook"] prepared at 0x00007FFAAA416280 using Indirect: 6 bytes displaced, trampoline 0x00007FFA3A420140.
[Info   :  SHCDE-SE] [T1-22:11:16.812] [Detour:c_game_unit_calculate_worker_good_yield_hook] ["c_game_unit_calculate_worker_good_yield_hook"] prepared at 0x00007FFAAA40D940 using Indirect: 10 bytes displaced, trampoline 0x00007FFA3A420180.
[Info   :  SHCDE-SE] [T1-22:11:16.812] [Detour:c_game_dll_troopselection_hook] ["c_game_dll_troopselection_hook"] prepared at 0x00007FFAAA3079A0 using Indirect: 10 bytes displaced, trampoline 0x00007FFA3A4201C0.
[Info   :  SHCDE-SE] [T1-22:11:16.812] [X64InlineHook] ["c_game_unit_killed_by_projectile_hook"] compiled stub at 0x00007FFA3A420200, size: 271 bytes (target: 0x00007FFAAA413363).
[Info   :  SHCDE-SE] [T1-22:11:16.812] [X64InlineHook] ["c_game_unit_killed_by_melee_hook"] compiled stub at 0x00007FFA3A420580, size: 273 bytes (target: 0x00007FFAAA419444).
[Info   :  SHCDE-SE] [T1-22:11:16.814] [X64InlineHook] ["c_game_unit_damaged_by_projectile_hook"] compiled stub at 0x00007FFA3A420900, size: 179 bytes (target: 0x00007FFAAA41307E).
[Info   :  SHCDE-SE] [T1-22:11:16.814] [X64InlineHook] ["c_game_player_buy_mercenary_hook"] compiled stub at 0x00007FFA3A420B50, size: 176 bytes (target: 0x00007FFAAA401B6E).
[Info   :  SHCDE-SE] [T1-22:11:16.814] [X64InlineHook] ["c_game_unit_take_fire_damage"] compiled stub at 0x00007FFA3A420D90, size: 270 bytes (target: 0x00007FFAAA4124B0).
[Info   :  SHCDE-SE] [T1-22:11:16.814] [X64InlineHook] ["c_game_unit_bedouin_healer_heal_hook"] compiled stub at 0x00007FFA3A421140, size: 162 bytes (target: 0x00007FFAAA3F491A).
[Info   :  SHCDE-SE] [T1-22:11:16.815] [X64InlineHook] ["c_game_unit_woodcutter_update_pickup_planks_hook"] compiled stub at 0x00007FFA3A421360, size: 271 bytes (target: 0x00007FFAAA3AC8D6).
[Info   :  SHCDE-SE] [T1-22:11:16.815] [X64InlineHook] ["c_game_unit_woodcutter_update_dropoff_planks_hook"] compiled stub at 0x00007FFA3A4216E0, size: 271 bytes (target: 0x00007FFAAA3ACA3B).
[Info   :  SHCDE-SE] [T1-22:11:16.815] [X64InlineHook] ["c_game_unit_farmer_cattle_update_pickup_cheese_hook"] compiled stub at 0x00007FFA3A421A60, size: 271 bytes (target: 0x00007FFAAA3B7255).
[Info   :  SHCDE-SE] [T1-22:11:16.815] [X64InlineHook] ["c_game_unit_farmer_cattle_update_dropoff_cheese_hook"] compiled stub at 0x00007FFA3A421DE0, size: 271 bytes (target: 0x00007FFAAA3B73D6).
[Info   :  SHCDE-SE] [T1-22:11:16.815] [X64InlineHook] ["c_game_unit_farmer_apple_update_pickup_apple_hook"] compiled stub at 0x00007FFA3A422160, size: 270 bytes (target: 0x00007FFAAA3B640E).
[Info   :  SHCDE-SE] [T1-22:11:16.815] [X64InlineHook] ["c_game_unit_farmer_apple_update_dropoff_apple_hook"] compiled stub at 0x00007FFA3A4224F0, size: 269 bytes (target: 0x00007FFAAA3B6901).
[Info   :  SHCDE-SE] [T1-22:11:16.815] [X64InlineHook] ["c_game_unit_farmer_hemp_update_pickup_hemp_hook"] compiled stub at 0x00007FFA3A422870, size: 277 bytes (target: 0x00007FFAAA3B5846).
[Info   :  SHCDE-SE] [T1-22:11:16.815] [X64InlineHook] ["c_game_unit_farmer_hemp_update_dropoff_hemp_hook"] compiled stub at 0x00007FFA3A422C00, size: 271 bytes (target: 0x00007FFAAA3B59AF).
[Info   :  SHCDE-SE] [T1-22:11:16.815] [X64InlineHook] ["c_game_unit_baker_update_pickup_flour_hook"] compiled stub at 0x00007FFA3A422F80, size: 272 bytes (target: 0x00007FFAAA3B8DD1).
[Info   :  SHCDE-SE] [T1-22:11:16.816] [X64InlineHook] ["c_game_unit_baker_update_pickup_bread_hook"] compiled stub at 0x00007FFA3A423310, size: 175 bytes (target: 0x00007FFAAA3B90C0).
[Info   :  SHCDE-SE] [T1-22:11:16.816] [X64InlineHook] ["c_game_unit_baker_update_dropoff_bread_hook"] compiled stub at 0x00007FFA3A423560, size: 269 bytes (target: 0x00007FFAAA3B93D3).
[Info   :  SHCDE-SE] [T1-22:11:16.816] [X64InlineHook] ["c_game_unit_farmer_wheat_update_pickup_wheat_hook"] compiled stub at 0x00007FFA3A4238E0, size: 269 bytes (target: 0x00007FFAAA3B48B5).
[Info   :  SHCDE-SE] [T1-22:11:16.816] [X64InlineHook] ["c_game_unit_farmer_wheat_update_dropoff_wheat_hook"] compiled stub at 0x00007FFA3A423C70, size: 271 bytes (target: 0x00007FFAAA3B4A4C).
[Info   :  SHCDE-SE] [T1-22:11:16.816] [X64InlineHook] ["c_game_unit_miller_update_pickup_wheat_hook"] compiled stub at 0x00007FFA3A423FF0, size: 269 bytes (target: 0x00007FFAAA3B7CF6).
[Info   :  SHCDE-SE] [T1-22:11:16.816] [X64InlineHook] ["c_game_unit_miller_update_dropoff_flour_hook"] compiled stub at 0x00007FFA3A424370, size: 271 bytes (target: 0x00007FFAAA3B824F).
[Info   :  SHCDE-SE] [T1-22:11:16.816] [X64InlineHook] ["c_game_unit_miller_update_pickup_flour_hook"] compiled stub at 0x00007FFA3A424700, size: 270 bytes (target: 0x00007FFAAA3B8134).
[Info   :  SHCDE-SE] [T1-22:11:16.816] [X64InlineHook] ["c_game_unit_brewer_update_pickup_hemp_hook"] compiled stub at 0x00007FFA3A424A80, size: 272 bytes (target: 0x00007FFAAA3B9D0D).
[Info   :  SHCDE-SE] [T1-22:11:16.816] [X64InlineHook] ["c_game_unit_brewer_update_dropoff_hemp_hook"] compiled stub at 0x00007FFA3A424E10, size: 271 bytes (target: 0x00007FFAAA3B9F61).
[Info   :  SHCDE-SE] [T1-22:11:16.816] [X64InlineHook] ["c_game_unit_brewer_update_pickup_ale_hook"] compiled stub at 0x00007FFA3A425190, size: 176 bytes (target: 0x00007FFAAA3BA286).
[Info   :  SHCDE-SE] [T1-22:11:16.816] [X64InlineHook] ["c_game_unit_brewer_update_dropoff_ale_hook"] compiled stub at 0x00007FFA3A4253F0, size: 177 bytes (target: 0x00007FFAAA3BA52B).
[Info   :  SHCDE-SE] [T1-22:11:16.816] [X64InlineHook] ["c_game_unit_brewer_update_produced_ale_hook"] compiled stub at 0x00007FFA3A425630, size: 273 bytes (target: 0x00007FFAAA3BA115).
[Info   :  SHCDE-SE] [T1-22:11:16.816] [X64InlineHook] ["c_game_unit_innkeeper_update_pickup_ale_hook"] compiled stub at 0x00007FFA3A4259C0, size: 271 bytes (target: 0x00007FFAAA3D0931).
[Info   :  SHCDE-SE] [T1-22:11:16.816] [X64InlineHook] ["c_game_unit_innkeeper_update_dropoff_ale_hook"] compiled stub at 0x00007FFA3A425D50, size: 273 bytes (target: 0x00007FFAAA3D0B90).
[Info   :  SHCDE-SE] [T1-22:11:16.816] [X64InlineHook] ["c_game_unit_fletcher_update_pickup_wood_hook"] compiled stub at 0x00007FFA3A4260D0, size: 274 bytes (target: 0x00007FFAAA3AD4E6).
[Info   :  SHCDE-SE] [T1-22:11:16.816] [X64InlineHook] ["c_game_unit_fletcher_update_dropoff_wood_hook"] compiled stub at 0x00007FFA3A426460, size: 271 bytes (target: 0x00007FFAAA3AD70B).
[Info   :  SHCDE-SE] [T1-22:11:16.816] [X64InlineHook] ["c_game_unit_fletcher_update_dropoff_produce_hook"] compiled stub at 0x00007FFA3A4267E0, size: 269 bytes (target: 0x00007FFAAA3ADD2D).
[Info   :  SHCDE-SE] [T1-22:11:16.818] [X64InlineHook] ["c_game_unit_poleturner_update_pickup_wood_hook"] compiled stub at 0x00007FFA3A426B60, size: 272 bytes (target: 0x00007FFAAA3BAE95).
[Info   :  SHCDE-SE] [T1-22:11:16.818] [X64InlineHook] ["c_game_unit_poleturner_update_dropoff_wood_hook"] compiled stub at 0x00007FFA3A426EF0, size: 271 bytes (target: 0x00007FFAAA3BB0CB).
[Info   :  SHCDE-SE] [T1-22:11:16.818] [X64InlineHook] ["c_game_unit_poleturner_update_dropoff_produce_hook"] compiled stub at 0x00007FFA3A427270, size: 275 bytes (target: 0x00007FFAAA3BB6C4).
[Info   :  SHCDE-SE] [T1-22:11:16.818] [X64InlineHook] ["c_game_unit_blacksmith_update_pickup_iron_hook"] compiled stub at 0x00007FFA3A427600, size: 271 bytes (target: 0x00007FFAAA3BC07D).
[Info   :  SHCDE-SE] [T1-22:11:16.818] [X64InlineHook] ["c_game_unit_blacksmith_update_dropoff_iron_hook"] compiled stub at 0x00007FFA3A427990, size: 271 bytes (target: 0x00007FFAAA3BC2EF).
[Info   :  SHCDE-SE] [T1-22:11:16.818] [X64InlineHook] ["c_game_unit_blacksmith_update_produce_hook"] compiled stub at 0x00007FFA3A427D10, size: 276 bytes (target: 0x00007FFAAA3BC52B).
[Info   :  SHCDE-SE] [T1-22:11:16.818] [X64InlineHook] ["c_game_unit_blacksmith_update_dropoff_produce_hook"] compiled stub at 0x00007FFA3A4280A0, size: 274 bytes (target: 0x00007FFAAA3BC854).
[Info   :  SHCDE-SE] [T1-22:11:16.818] [X64InlineHook] ["c_game_unit_tanner_update_store_cowhides_hook"] compiled stub at 0x00007FFA3A428430, size: 274 bytes (target: 0x00007FFAAA3BEA53).
[Info   :  SHCDE-SE] [T1-22:11:16.818] [X64InlineHook] ["c_game_unit_tanner_update_produce_hook"] compiled stub at 0x00007FFA3A4287B0, size: 273 bytes (target: 0x00007FFAAA3BECEE).
[Info   :  SHCDE-SE] [T1-22:11:16.818] [X64InlineHook] ["c_game_unit_tanner_update_dropoff_cowhides_hook"] compiled stub at 0x00007FFA3A428B40, size: 177 bytes (target: 0x00007FFAAA3BEF88).
[Info   :  SHCDE-SE] [T1-22:11:16.818] [X64InlineHook] ["c_game_unit_armourer_update_pickup_iron_hook"] compiled stub at 0x00007FFA3A428D80, size: 271 bytes (target: 0x00007FFAAA3BD1D5).
[Info   :  SHCDE-SE] [T1-22:11:16.818] [X64InlineHook] ["c_game_unit_armourer_update_dropoff_iron_hook"] compiled stub at 0x00007FFA3A429110, size: 271 bytes (target: 0x00007FFAAA3BD457).
[Info   :  SHCDE-SE] [T1-22:11:16.818] [X64InlineHook] ["c_game_unit_armourer_update_store_produce_hook"] compiled stub at 0x00007FFA3A429490, size: 277 bytes (target: 0x00007FFAAA3BD619).
[Info   :  SHCDE-SE] [T1-22:11:16.818] [X64InlineHook] ["c_game_unit_armourer_update_produce_hook"] compiled stub at 0x00007FFA3A429820, size: 274 bytes (target: 0x00007FFAAA3BD6D3).
[Info   :  SHCDE-SE] [T1-22:11:16.818] [X64InlineHook] ["c_game_unit_armourer_update_dropoff_produce_hook"] compiled stub at 0x00007FFA3A429BB0, size: 274 bytes (target: 0x00007FFAAA3BDA1E).
[Info   :  SHCDE-SE] [T1-22:11:16.818] [X64InlineHook] ["c_game_unit_armourer_update_pickup_produce_hook"] compiled stub at 0x00007FFA3A429F40, size: 274 bytes (target: 0x00007FFAAA3BD72C).
[Info   :  SHCDE-SE] [T1-22:11:16.818] [X64InlineHook] ["c_game_unit_hunter_update_pickup_meat_hook"] compiled stub at 0x00007FFA3A42A2D0, size: 273 bytes (target: 0x00007FFAAA3AFD7C).
[Info   :  SHCDE-SE] [T1-22:11:16.818] [X64InlineHook] ["c_game_unit_hunter_update_dropoff_meat_hook"] compiled stub at 0x00007FFA3A42A660, size: 176 bytes (target: 0x00007FFAAA3B0B54).
[Info   :  SHCDE-SE] [T1-22:11:16.819] [X64InlineHook] ["c_game_unit_quarry_grunt_update_pickup_stone_hook"] compiled stub at 0x00007FFA3A42A8A0, size: 183 bytes (target: 0x00007FFAAA3B1F28).
[Info   :  SHCDE-SE] [T1-22:11:16.819] [X64InlineHook] ["c_game_unit_quarry_grunt_update_dropoff_stone_hook"] compiled stub at 0x00007FFA3A42AAF0, size: 275 bytes (target: 0x00007FFAAA3B250E).
[Info   :  SHCDE-SE] [T1-22:11:16.819] [X64InlineHook] ["c_game_unit_quarry_ox_update_depart_hook"] compiled stub at 0x00007FFA3A42AE80, size: 270 bytes (target: 0x00007FFAAA3B2A4C).
[Info   :  SHCDE-SE] [T1-22:11:16.819] [X64InlineHook] ["c_game_unit_quarry_ox_update_dropoff_stone_hook"] compiled stub at 0x00007FFA3A42B210, size: 269 bytes (target: 0x00007FFAAA3B2E57).
[Info   :  SHCDE-SE] [T1-22:11:16.819] [X64InlineHook] ["c_game_unit_miner2_update_pickup_iron_hook"] compiled stub at 0x00007FFA3A42B590, size: 175 bytes (target: 0x00007FFAAA3CE028).
[Info   :  SHCDE-SE] [T1-22:11:16.819] [X64InlineHook] ["c_game_unit_miner2_update_dropoff_iron_hook"] compiled stub at 0x00007FFA3A42B7D0, size: 274 bytes (target: 0x00007FFAAA3CDEB3).
[Info   :  SHCDE-SE] [T1-22:11:16.819] [X64InlineHook] ["c_game_unit_pitcher_update_pickup_rawpitch_hook"] compiled stub at 0x00007FFA3A42BB60, size: 273 bytes (target: 0x00007FFAAA3B37A0).
[Info   :  SHCDE-SE] [T1-22:11:16.819] [X64InlineHook] ["c_game_unit_pitcher_update_dropoff_rawpitch_hook"] compiled stub at 0x00007FFA3A42BEF0, size: 175 bytes (target: 0x00007FFAAA3B38EC).
[Info   :  SHCDE-SE] [T1-22:11:16.820] [X64InlineHook] ["c_game_unit_is_over_killingpit_update_hook"] compiled stub at 0x00007FFA3A42C130, size: 91 bytes (target: 0x00007FFAAA3471C5).
[Info   :  SHCDE-SE] [T1-22:11:16.820] [X64InlineHook] ["c_game_unit_transition_hook1_c_game_player_buy_mercenary"] compiled stub at 0x00007FFA3A42C300, size: 198 bytes (target: 0x00007FFAAA401CE0).
[Info   :  SHCDE-SE] [T1-22:11:16.820] [X64InlineHook] ["c_game_unit_transition_hook2_c_game_player_buy_eu_mercenary"] compiled stub at 0x00007FFA3A42C590, size: 186 bytes (target: 0x00007FFAAA410EBB).
[Info   :  SHCDE-SE] [T1-22:11:16.821] [X64InlineHook] ["c_game_unit_transition_hook3_c_game_building_assign_worker"] compiled stub at 0x00007FFA3A42C810, size: 187 bytes (target: 0x00007FFAAA410C12).
[Info   :  SHCDE-SE] [T1-22:11:16.821] [X64InlineHook] ["c_game_unit_transition_hook4_c_game_unit_disband"] compiled stub at 0x00007FFA3A42CA90, size: 188 bytes (target: 0x00007FFAAA406E7A).
[Info   :  SHCDE-SE] [T1-22:11:16.821] [X64InlineHook] ["c_game_unit_hunter_query_for_target_hook"] compiled stub at 0x00007FFA3A42CCF0, size: 86 bytes (target: 0x00007FFAAA40AFE6).
[Info   :  SHCDE-SE] [T1-22:11:16.821] [X64InlineHook] ["c_game_unit_control_capability_unknown"] compiled stub at 0x00007FFA3A42CEB0, size: 190 bytes (target: 0x00007FFAAA30EA60).
[Info   :  SHCDE-SE] [T1-22:11:16.821] [X64InlineHook] ["c_game_unit_fsm_arabslave_attack_capability_wall"] compiled stub at 0x00007FFA3A42D120, size: 178 bytes (target: 0x00007FFAAA3EA439).
[Info   :  SHCDE-SE] [T1-22:11:16.822] [X64InlineHook] ["c_game_unit_fsm_arabslave_attack_capability_wall2"] compiled stub at 0x00007FFA3A42D360, size: 106 bytes (target: 0x00007FFAAA3EA490).
[Info   :  SHCDE-SE] [T1-22:11:16.822] [X64InlineHook] ["c_game_unit_fsm_arabslave_attack_capability_wall3"] compiled stub at 0x00007FFA3A42D580, size: 103 bytes (target: 0x00007FFAAA3EA4AD).
[Info   :  SHCDE-SE] [T1-22:11:16.824] [X64InlineHook] ["UnitUpdateEngageRange_7FFAAA3BF540_7FFAAA3BFAA1"] compiled stub at 0x00007FFA3A42D7C0, size: 173 bytes (target: 0x00007FFAAA3BFAA1).
[Info   :  SHCDE-SE] [T1-22:11:16.824] [X64InlineHook] ["UnitUpdateEngageRange_7FFAAA3BF540_7FFAAA3BFAD1"] compiled stub at 0x00007FFA3A42DA20, size: 172 bytes (target: 0x00007FFAAA3BFAD1).
[Info   :  SHCDE-SE] [T1-22:11:16.824] [X64InlineHook] ["UnitUpdateEngageRange_7FFAAA3F1C50_7FFAAA3F1DBD"] compiled stub at 0x00007FFA3A42DC80, size: 170 bytes (target: 0x00007FFAAA3F1DBD).
[Info   :  SHCDE-SE] [T1-22:11:16.824] [X64InlineHook] ["UnitUpdateEngageRange_7FFAAA3F1C50_7FFAAA3F1EDD"] compiled stub at 0x00007FFA3A42DEF0, size: 171 bytes (target: 0x00007FFAAA3F1EDD).
[Info   :  SHCDE-SE] [T1-22:11:16.824] [X64InlineHook] ["UnitUpdateEngageRange_7FFAAA3E7D40_7FFAAA3E7F93"] compiled stub at 0x00007FFA3A42E150, size: 173 bytes (target: 0x00007FFAAA3E7F93).
[Info   :  SHCDE-SE] [T1-22:11:16.824] [X64InlineHook] ["UnitUpdateEngageRange_7FFAAA3E7D40_7FFAAA3E7FC3"] compiled stub at 0x00007FFA3A42E3B0, size: 172 bytes (target: 0x00007FFAAA3E7FC3).
[Info   :  SHCDE-SE] [T1-22:11:16.824] [X64InlineHook] ["UnitUpdateEngageRange_7FFAAA3E1CB0_7FFAAA3E1E3D"] compiled stub at 0x00007FFA3A42E610, size: 171 bytes (target: 0x00007FFAAA3E1E3D).
[Info   :  SHCDE-SE] [T1-22:11:16.824] [X64InlineHook] ["UnitUpdateEngageRange_7FFAAA3EB220_7FFAAA3EB3DE"] compiled stub at 0x00007FFA3A42E870, size: 172 bytes (target: 0x00007FFAAA3EB3DE).
[Info   :  SHCDE-SE] [T1-22:11:16.824] [X64InlineHook] ["UnitUpdateEngageRange_7FFAAA3FA590_7FFAAA3FA6F3"] compiled stub at 0x00007FFA3A42EAD0, size: 170 bytes (target: 0x00007FFAAA3FA6F3).
[Info   :  SHCDE-SE] [T1-22:11:16.824] [X64InlineHook] ["UnitUpdateEngageRange_7FFAAA3FA590_7FFAAA3FA801"] compiled stub at 0x00007FFA3A42ED40, size: 170 bytes (target: 0x00007FFAAA3FA801).
[Info   :  SHCDE-SE] [T1-22:11:16.825] [X64InlineHook] ["UnitUpdateEngageRange_7FFAAA3F8350_7FFAAA3F8856"] compiled stub at 0x00007FFA3A42EFB0, size: 173 bytes (target: 0x00007FFAAA3F8856).
[Info   :  SHCDE-SE] [T1-22:11:16.825] [X64InlineHook] ["UnitUpdateEngageRange_7FFAAA3F8350_7FFAAA3F8886"] compiled stub at 0x00007FFA3A42F210, size: 172 bytes (target: 0x00007FFAAA3F8886).
[Info   :  SHCDE-SE] [T1-22:11:16.825] [X64InlineHook] ["UnitUpdateEngageRange_7FFAAA3C1DA0_7FFAAA3C1F47"] compiled stub at 0x00007FFA3A42F470, size: 170 bytes (target: 0x00007FFAAA3C1F47).
[Info   :  SHCDE-SE] [T1-22:11:16.825] [X64InlineHook] ["UnitUpdateEngageRange_7FFAAA3C1DA0_7FFAAA3C203F"] compiled stub at 0x00007FFA3A42F6D0, size: 170 bytes (target: 0x00007FFAAA3C203F).
[Info   :  SHCDE-SE] [T1-22:11:16.825] [X64InlineHook] ["UnitUpdateEngageRange_7FFAAA3F0570_7FFAAA3F0733"] compiled stub at 0x00007FFA3A42F940, size: 170 bytes (target: 0x00007FFAAA3F0733).
[Info   :  SHCDE-SE] [T1-22:11:16.825] [X64InlineHook] ["UnitUpdateEngageRange_7FFAAA3EE440_7FFAAA3EE62C"] compiled stub at 0x00007FFA3A42FBA0, size: 170 bytes (target: 0x00007FFAAA3EE62C).
[Info   :  SHCDE-SE] [T1-22:11:16.825] [X64InlineHook] ["UnitUpdateEngageRange_7FFAAA3EE440_7FFAAA3EE73F"] compiled stub at 0x00007FFA3A3F0000, size: 168 bytes (target: 0x00007FFAAA3EE73F).
[Info   :  SHCDE-SE] [T1-22:11:16.825] [X64InlineHook] ["c_game_unit_control_capability_interactrange_hook"] compiled stub at 0x00007FFA3A3F0270, size: 120 bytes (target: 0x00007FFAAA30D769).
[Info   :  SHCDE-SE] [T1-22:11:16.825] [Detour:c_game_build_wall_hook] ["c_game_build_wall_hook"] prepared at 0x00007FFAAA2EF230 using Indirect: 10 bytes displaced, trampoline 0x00007FFA3A3F0410.
[Info   :  SHCDE-SE] [T1-22:11:16.826] [Detour:c_game_buildingtile_take_melee_damage_hook] ["c_game_buildingtile_take_melee_damage_hook"] prepared at 0x00007FFAAA2FEB00 using Indirect: 10 bytes displaced, trampoline 0x00007FFA3A3F0450.
[Info   :  SHCDE-SE] [T1-22:11:16.826] [Detour:c_game_building_spawn_hook] ["c_game_building_spawn_hook"] prepared at 0x00007FFAAA3347E0 using Indirect: 10 bytes displaced, trampoline 0x00007FFA3A3F0490.
[Info   :  SHCDE-SE] [T1-22:11:16.829] [Detour:c_game_is_player_building_within_range_to_same_type_hook] ["c_game_is_player_building_within_range_to_same_type_hook"] prepared at 0x00007FFAAA3472C0 using Indirect: 10 bytes displaced, trampoline 0x00007FFA3A3F04D0.
[Info   :  SHCDE-SE] [T1-22:11:16.830] [Detour:c_game_player_build_structure_hook] ["c_game_player_build_structure_hook"] prepared at 0x00007FFAAA2ED580 using Indirect: 6 bytes displaced, trampoline 0x00007FFA3A3F0510.
[Info   :  SHCDE-SE] [T1-22:11:16.830] [Detour:c_game_building_bulldoze_hook] ["c_game_building_bulldoze_hook"] prepared at 0x00007FFAAA338310 using Indirect: 10 bytes displaced, trampoline 0x00007FFA3A3F0550.
[Info   :  SHCDE-SE] [T1-22:11:16.831] [Detour:c_game_building_delete_hook] ["c_game_building_delete_hook"] prepared at 0x00007FFAAA344290 using Indirect: 10 bytes displaced, trampoline 0x00007FFA3A3F0590.
[Info   :  SHCDE-SE] [T1-22:11:16.831] [Detour:c_game_add_good_to_goodsyard_hook] ["c_game_add_good_to_goodsyard_hook"] prepared at 0x00007FFAAA336100 using Indirect: 10 bytes displaced, trampoline 0x00007FFA3A3F05D0.
[Info   :  SHCDE-SE] [T1-22:11:16.831] [Detour:c_game_building_set_production_good_hook] ["c_game_building_set_production_good_hook"] prepared at 0x00007FFAAA355870 using Indirect: 6 bytes displaced, trampoline 0x00007FFA3A3F0610.
[Info   :  SHCDE-SE] [T1-22:11:16.832] [Detour:c_game_player_build_placement_validator_hook] ["c_game_player_build_placement_validator_hook"] prepared at 0x00007FFAAA2F7E60 using Indirect: 6 bytes displaced, trampoline 0x00007FFA3A3F0650.
[Info   :  SHCDE-SE] [T1-22:11:16.832] [Detour:c_game_bulldoze_wall_hook] ["c_game_bulldoze_wall_hook"] prepared at 0x00007FFAAA2E3700 using Indirect: 10 bytes displaced, trampoline 0x00007FFA3A3F0690.
[Info   :  SHCDE-SE] [T1-22:11:16.832] [Detour:c_game_building_repair_hook] ["c_game_building_repair_hook"] prepared at 0x00007FFAAA355030 using Indirect: 10 bytes displaced, trampoline 0x00007FFA3A3F06D0.
[Info   :  SHCDE-SE] [T1-22:11:16.833] [Detour:c_game_building_refund_hook] ["c_game_building_refund_hook"] prepared at 0x00007FFAAA344480 using Indirect: 9 bytes displaced, trampoline 0x00007FFA3A3F0710.
[Info   :  SHCDE-SE] [T1-22:11:16.833] [Detour:c_game_allow_repair_for_building_proximity_hook] ["c_game_allow_repair_for_building_proximity_hook"] prepared at 0x00007FFAAA36E640 using Indirect: 10 bytes displaced, trampoline 0x00007FFA3A3F0750.
[Info   :  SHCDE-SE] [T1-22:11:16.833] [Detour:c_game_player_build_pitch_ditch_hook] ["c_game_player_build_pitch_ditch_hook"] prepared at 0x00007FFAAA2D9380 using Indirect: 10 bytes displaced, trampoline 0x00007FFA3A3F0790.
[Info   :  SHCDE-SE] [T1-22:11:16.833] [Detour:c_game_player_remove_pitch_ditch_hook] ["c_game_player_remove_pitch_ditch_hook"] prepared at 0x00007FFAAA2E2EB0 using Indirect: 6 bytes displaced, trampoline 0x00007FFA3A3F07D0.
[Info   :  SHCDE-SE] [T1-22:11:16.833] [Detour:c_game_get_buildable_range_for_skirmish] ["c_game_get_buildable_range_for_skirmish"] prepared at 0x00007FFAAA2EAF00 using Indirect: 6 bytes displaced, trampoline 0x00007FFA3A3F0810.
[Info   :  SHCDE-SE] [T1-22:11:16.834] [X64InlineHook] ["c_game_building_keep_spawn_peasant_hook"] compiled stub at 0x00007FFA3A3F0850, size: 48 bytes (target: 0x00007FFAAA352E31).
[Info   :  SHCDE-SE] [T1-22:11:16.834] [X64InlineHook] ["c_game_building_granary_spawn_chicken_hook"] compiled stub at 0x00007FFA3A3F0900, size: 167 bytes (target: 0x00007FFAAA352B4C).
[Info   :  SHCDE-SE] [T1-22:11:16.835] [X64InlineHook] ["c_game_building_calculate_wall_cost_hook"] compiled stub at 0x00007FFA3A3F0B50, size: 166 bytes (target: 0x00007FFAAA348D1C).
[Info   :  SHCDE-SE] [T1-22:11:16.835] [X64InlineHook] ["c_game_building_calculate_wall_cost_placement_hook"] compiled stub at 0x00007FFA3A3F0EF0, size: 205 bytes (target: 0x00007FFAAA3141AB).
[Info   :  SHCDE-SE] [T1-22:11:16.836] [X64InlineHook] ["c_game_building_take_fire_damage_hook"] compiled stub at 0x00007FFA3A3F1330, size: 99 bytes (target: 0x00007FFAAA346599).
[Info   :  SHCDE-SE] [T1-22:11:16.836] [X64InlineHook] ["c_game_building_toggle_pause_hook"] compiled stub at 0x00007FFA3A3F1530, size: 166 bytes (target: 0x00007FFAAA347F13).
[Info   :  SHCDE-SE] [T1-22:11:16.836] [X64InlineHook] ["c_game_building_refund_intercept_hook"] compiled stub at 0x00007FFA3A3F1750, size: 201 bytes (target: 0x00007FFAAA34487A).
[Info   :  SHCDE-SE] [T1-22:11:16.836] [X64InlineHook] ["c_game_building_set_repair_costs_stone_hook"] compiled stub at 0x00007FFA3A3F19F0, size: 100 bytes (target: 0x00007FFAAA337031).
[Info   :  SHCDE-SE] [T1-22:11:16.837] [X64InlineHook] ["c_game_building_set_repair_costs_wood_hook"] compiled stub at 0x00007FFA3A3F1C30, size: 98 bytes (target: 0x00007FFAAA336FFD).
[Info   :  SHCDE-SE] [T1-22:11:16.837] [X64InlineHook] ["c_game_building_gatehouse_query_hook"] compiled stub at 0x00007FFA3A3F1E40, size: 81 bytes (target: 0x00007FFAAA337B4B).
[Info   :  SHCDE-SE] [T1-22:11:16.837] [Detour:c_game_spawn_vegetation] ["c_game_spawn_vegetation"] prepared at 0x00007FFAAA387390 using Indirect: 6 bytes displaced, trampoline 0x00007FFA3A3F2030.
[Info   :  SHCDE-SE] [T1-22:11:16.837] [Detour:c_game_vegetation_delete] ["c_game_vegetation_delete"] prepared at 0x00007FFAAA387970 using Indirect: 6 bytes displaced, trampoline 0x00007FFA3A3F2070.
[Info   :  SHCDE-SE] [T1-22:11:16.837] [Detour:c_game_vegetation_tree_take_damage] ["c_game_vegetation_tree_take_damage"] prepared at 0x00007FFAAA387C90 using Indirect: 7 bytes displaced, trampoline 0x00007FFA3A3F20B0.
[Info   :  SHCDE-SE] [T1-22:11:16.838] [Detour:c_game_vegetation_subtract_resource] ["c_game_vegetation_subtract_resource"] prepared at 0x00007FFAAA388E40 using Indirect: 10 bytes displaced, trampoline 0x00007FFA3A3F20F0.
[Info   :  SHCDE-SE] [T1-22:11:16.838] [Detour:c_game_vegetation_tick_handler] ["c_game_vegetation_tick_handler"] prepared at 0x00007FFAAA388800 using Indirect: 6 bytes displaced, trampoline 0x00007FFA3A3F2130.
[Info   :  SHCDE-SE] [T1-22:11:16.838] [Detour:c_game_vegetation_growth_handler] ["c_game_vegetation_growth_handler"] prepared at 0x00007FFAAA388320 using Indirect: 6 bytes displaced, trampoline 0x00007FFA3A3F2170.
[Info   :  SHCDE-SE] [T1-22:11:16.839] [X64InlineHook] ["c_game_vegetation_growth_hook"] compiled stub at 0x00007FFA3A3F21B0, size: 176 bytes (target: 0x00007FFAAA388518).
[Info   :  SHCDE-SE] [T1-22:11:16.839] [X64InlineHook] ["c_game_vegetation_tree_fell_hook"] compiled stub at 0x00007FFA3A3F2400, size: 165 bytes (target: 0x00007FFAAA387CC9).
[Info   :  SHCDE-SE] [T1-22:11:16.839] [Detour:c_game_dll_loadmaptoplay_hook] ["c_game_dll_loadmaptoplay_hook"] prepared at 0x00007FFAAA304AC0 using Indirect: 7 bytes displaced, trampoline 0x00007FFA3A3F2620.
[Info   :  SHCDE-SE] [T1-22:11:16.840] [Detour:c_game_unload_map_hook] ["c_game_unload_map_hook"] prepared at 0x00007FFAAA2DBC70 using Indirect: 10 bytes displaced, trampoline 0x00007FFA3A3F2660.
[Info   :  SHCDE-SE] [T1-22:11:16.841] [Detour:c_game_start_skirmish_game_handler] ["c_game_start_skirmish_game_handler"] prepared at 0x00007FFAAA314350 using Indirect: 7 bytes displaced, trampoline 0x00007FFA3A3F26A0.
[Info   :  SHCDE-SE] [T1-22:11:16.842] [Detour:c_game_start_non_skirmish_game_handler] ["c_game_start_non_skirmish_game_handler"] prepared at 0x00007FFAAA30AE80 using Indirect: 6 bytes displaced, trampoline 0x00007FFA3A3F26E0.
[Info   :  SHCDE-SE] [T1-22:11:16.842] [Detour:c_game_start_campaign_game_handler] ["c_game_start_campaign_game_handler"] prepared at 0x00007FFAAA307C40 using Indirect: 10 bytes displaced, trampoline 0x00007FFA3A3F2720.
[Info   :  SHCDE-SE] [T1-22:11:16.842] [Detour:c_game_dll_loadsavegame_hook] ["c_game_dll_loadsavegame_hook"] prepared at 0x00007FFAAA3053F0 using Indirect: 7 bytes displaced, trampoline 0x00007FFA3A3F2760.
[Info   :  SHCDE-SE] [T1-22:11:16.843] [Detour:c_game_dll_savesavegame_hook] ["c_game_dll_savesavegame_hook"] prepared at 0x00007FFAAA306F80 using Indirect: 6 bytes displaced, trampoline 0x00007FFA3A3F27A0.
[Info   :  SHCDE-SE] [T1-22:11:16.843] [X64InlineHook] ["c_game_save_game_file"] compiled stub at 0x00007FFA3A3F27E0, size: 177 bytes (target: 0x00007FFAAA285A4C).
[Info   :  SHCDE-SE] [T1-22:11:16.843] [Detour:c_game_projectile_spawn_hook] ["c_game_projectile_spawn_hook"] prepared at 0x00007FFAAA31B2B0 using Indirect: 10 bytes displaced, trampoline 0x00007FFA3A3F2A40.
[Info   :  SHCDE-SE] [T1-22:11:16.844] [Detour:c_game_projectile_delete_hook] ["c_game_projectile_delete_hook"] prepared at 0x00007FFAAA31F2D0 using Indirect: 6 bytes displaced, trampoline 0x00007FFA3A3F2A80.
[Info   :  SHCDE-SE] [T1-22:11:16.844] [Detour:c_game_spawn_fire_internal_hook] ["c_game_spawn_fire_internal_hook"] prepared at 0x00007FFAAA31C120 using Indirect: 6 bytes displaced, trampoline 0x00007FFA3A3F2AC0.
[Info   :  SHCDE-SE] [T1-22:11:16.845] [X64InlineHook] ["c_game_unit_try_select_and_prepare_ranged_attack_target_hook"] compiled stub at 0x00007FFA3A42FE10, size: 104 bytes (target: 0x00007FFAAA40EB20).
[Info   :  SHCDE-SE] [T1-22:11:16.845] [X64InlineHook] ["c_game_unit_has_ammo_and_target_within_ranged_attack_distance_hook2"] compiled stub at 0x00007FFA3A430000, size: 35 bytes (target: 0x00007FFAAA41B64E).
[Info   :  SHCDE-SE] [T1-22:11:16.845] [X64InlineHook] ["c_game_unit_has_ammo_and_target_within_ranged_attack_distance_hook"] compiled stub at 0x00007FFA3A430090, size: 79 bytes (target: 0x00007FFAAA41B786).
[Info   :  SHCDE-SE] [T1-22:11:16.846] [X64InlineHook] ["c_game_projectile_init_hook"] compiled stub at 0x00007FFA3A4301D0, size: 208 bytes (target: 0x00007FFAAA321E0C).
[Info   :  SHCDE-SE] [T1-22:11:16.846] [Detour:c_game_player_subtract_resources_hook] ["c_game_player_subtract_resources_hook"] prepared at 0x00007FFAAA337D80 using Indirect: 9 bytes displaced, trampoline 0x00007FFA3A4304D0.
[Info   :  SHCDE-SE] [T1-22:11:16.846] [Detour:c_game_player_add_resources_hook] ["c_game_player_add_resources_hook"] prepared at 0x00007FFAAA3358B0 using Indirect: 9 bytes displaced, trampoline 0x00007FFA3A430510.
[Info   :  SHCDE-SE] [T1-22:11:16.847] [Detour:c_game_player_market_buy_hook] ["c_game_player_market_buy_hook"] prepared at 0x00007FFAAA355A00 using Indirect: 10 bytes displaced, trampoline 0x00007FFA3A430550.
[Info   :  SHCDE-SE] [T1-22:11:16.847] [Detour:c_game_player_calculate_drunk_percentage_hook] ["c_game_player_calculate_drunk_percentage_hook"] prepared at 0x00007FFAAA34EA90 using Indirect: 10 bytes displaced, trampoline 0x00007FFA3A430590.
[Info   :  SHCDE-SE] [T1-22:11:16.847] [Detour:c_game_ai_request_eval_defend_order_hook] ["c_game_ai_request_eval_defend_order_hook"] prepared at 0x00007FFAAA2AA500 using Indirect: 7 bytes displaced, trampoline 0x00007FFA3A4305D0.
[Info   :  SHCDE-SE] [T1-22:11:16.847] [Detour:c_game_ai_request_eval_attack_order_hook] ["c_game_ai_request_eval_attack_order_hook"] prepared at 0x00007FFAAA2C1500 using Indirect: 7 bytes displaced, trampoline 0x00007FFA3A430610.
[Info   :  SHCDE-SE] [T1-22:11:16.847] [Detour:c_game_ai_can_spare_resource_amount_hook] ["c_game_ai_can_spare_resource_amount_hook"] prepared at 0x00007FFAAA2B0290 using Indirect: 10 bytes displaced, trampoline 0x00007FFA3A430650.
[Info   :  SHCDE-SE] [T1-22:11:16.847] [Detour:c_game_player_ai_request_good_hook] ["c_game_player_ai_request_good_hook"] prepared at 0x00007FFAAA3578C0 using Indirect: 10 bytes displaced, trampoline 0x00007FFA3A430690.
[Info   :  SHCDE-SE] [T1-22:11:16.848] [Detour:c_game_player_ai_send_good_hook] ["c_game_player_ai_send_good_hook"] prepared at 0x00007FFAAA357AD0 using Indirect: 9 bytes displaced, trampoline 0x00007FFA3A4306D0.
[Info   :  SHCDE-SE] [T1-22:11:16.848] [Detour:c_game_calculate_tax_income_hook] ["c_game_calculate_tax_income_hook"] prepared at 0x00007FFAAA34BCD0 using Indirect: 8 bytes displaced, trampoline 0x00007FFA3A430710.
[Info   :  SHCDE-SE] [T1-22:11:16.848] [Detour:c_game_calculate_donation_expense_hook] ["c_game_calculate_donation_expense_hook"] prepared at 0x00007FFAAA34B9A0 using Indirect: 10 bytes displaced, trampoline 0x00007FFA3A430750.
[Info   :  SHCDE-SE] [T1-22:11:16.849] [X64InlineHook] ["c_game_player_food_consumption_update_baseconsumptionrate"] compiled stub at 0x00007FFA3A430790, size: 167 bytes (target: 0x00007FFAAA34EC8E).
[Info   :  SHCDE-SE] [T1-22:11:16.849] [X64InlineHook] ["c_game_add_tax_money_addgold"] compiled stub at 0x00007FFA3A4309C0, size: 176 bytes (target: 0x00007FFAAA34CC82).
[Info   :  SHCDE-SE] [T1-22:11:16.849] [X64InlineHook] ["c_game_add_tax_money_removegold"] compiled stub at 0x00007FFA3A430C10, size: 179 bytes (target: 0x00007FFAAA34CC91).
[Info   :  SHCDE-SE] [T1-22:11:16.849] [X64InlineHook] ["c_game_update_player_popularity"] compiled stub at 0x00007FFA3A430E60, size: 171 bytes (target: 0x00007FFAAA34B16E).
[Info   :  SHCDE-SE] [T1-22:11:16.849] [Detour:c_game_soundmanager_play_speech_sound_hook] ["c_game_soundmanager_play_speech_sound_hook"] prepared at 0x00007FFAAA2839A0 using Indirect: 6 bytes displaced, trampoline 0x00007FFA3A4310A0.
[Info   :  SHCDE-SE] [T1-22:11:16.850] [Detour:c_game_update_datetime_hook] ["c_game_update_datetime_hook"] prepared at 0x00007FFAAA34E330 using Indirect: 6 bytes displaced, trampoline 0x00007FFA3A4310E0.
[Info   :  SHCDE-SE] [T1-22:11:16.850] [X64InlineHook] ["c_game_handle_time_stuff"] compiled stub at 0x00007FFA3A431120, size: 169 bytes (target: 0x00007FFAAA351D4F).
[Info   :  SHCDE-SE] [T1-22:11:16.852] [Detour:c_game_editor_brush_set_tiletype_hook] ["c_game_editor_brush_set_tiletype_hook"] prepared at 0x00007FFAAA2EFE90 using Indirect: 10 bytes displaced, trampoline 0x00007FFA3A431350.
[Info   :  SHCDE-SE] [T1-22:11:16.853] [Detour:c_game_editor_brush_set_tiletype_to_none_hook] ["c_game_editor_brush_set_tiletype_to_none_hook"] prepared at 0x00007FFAAA2FAE50 using Indirect: 7 bytes displaced, trampoline 0x00007FFA3A431390.
[Info   :  SHCDE-SE] [T1-22:11:16.853] [Detour:c_game_editor_brush_set_height_to_preset_hook] ["c_game_editor_brush_set_height_to_preset_hook"] prepared at 0x00007FFAAA2EFA10 using Indirect: 7 bytes displaced, trampoline 0x00007FFA3A4313D0.
[Info   :  SHCDE-SE] [T1-22:11:16.853] [Detour:c_game_editor_brush_set_height_to_number_hook] ["c_game_editor_brush_set_height_to_number_hook"] prepared at 0x00007FFAAA2F0DF0 using Indirect: 7 bytes displaced, trampoline 0x00007FFA3A431410.
[Info   :  SHCDE-SE] [T1-22:11:16.853] [Detour:c_game_editor_brush_even_height_hook] ["c_game_editor_brush_even_height_hook"] prepared at 0x00007FFAAA2E4700 using Indirect: 7 bytes displaced, trampoline 0x00007FFA3A431450.
[Info   :  SHCDE-SE] [T1-22:11:16.853] [Detour:c_game_editor_brush_raise_tileheight_hook] ["c_game_editor_brush_raise_tileheight_hook"] prepared at 0x00007FFAAA2EC0F0 using Indirect: 7 bytes displaced, trampoline 0x00007FFA3A431490.
[Info   :  SHCDE-SE] [T1-22:11:16.853] [Detour:c_game_editor_spawn_unit_hook] ["c_game_editor_spawn_unit_hook"] prepared at 0x00007FFAAA398CA0 using Indirect: 10 bytes displaced, trampoline 0x00007FFA3A4314D0.
[Info   :  SHCDE-SE] [T1-22:11:16.853] [Detour:c_game_editor_place_vegetation_hook] ["c_game_editor_place_vegetation_hook"] prepared at 0x00007FFAAA2EE2C0 using Indirect: 7 bytes displaced, trampoline 0x00007FFA3A431510.
[Info   :  SHCDE-SE] [T1-22:11:16.853] [Detour:c_game_editor_place_animal_hook] ["c_game_editor_place_animal_hook"] prepared at 0x00007FFAAA39E150 using Indirect: 10 bytes displaced, trampoline 0x00007FFA3A431550.
[Info   :  SHCDE-SE] [T1-22:11:16.853] [Detour:c_game_editor_brush_delete_hook] ["c_game_editor_brush_delete_hook"] prepared at 0x00007FFAAA2E2AB0 using Indirect: 7 bytes displaced, trampoline 0x00007FFA3A431590.
[Info   :  SHCDE-SE] [T1-22:11:16.854] [Detour:c_game_ai_enqueue_message_hook] ["c_game_ai_enqueue_message_hook"] prepared at 0x00007FFAAA383290 using Indirect: 9 bytes displaced, trampoline 0x00007FFA3A4315D0.
[Info   :  SHCDE-SE] [T1-22:11:16.854] [Detour:c_game_ai_enqueue_message_wrapper_hook] ["c_game_ai_enqueue_message_wrapper_hook"] prepared at 0x00007FFAAA383AA0 using Indirect: 7 bytes displaced, trampoline 0x00007FFA3A431610.
[Info   :  SHCDE-SE] [T1-22:11:16.854] [Detour:c_game_dll_importaiv_hook] ["c_game_dll_importaiv_hook"] prepared at 0x00007FFAAA304850 using Indirect: 10 bytes displaced, trampoline 0x00007FFA3A431650.
[Info   :  SHCDE-SE] [T1-22:11:16.854] [Detour:c_game_ai_build_wall_hook] ["c_game_ai_build_wall_hook"] prepared at 0x00007FFAAA2ECB20 using Indirect: 10 bytes displaced, trampoline 0x00007FFA3A431690.
[Info   :  SHCDE-SE] [T1-22:11:16.854] [X64InlineHook] ["c_game_ai_setup_siege_pathing_stuff_hook"] compiled stub at 0x00007FFA3A4316D0, size: 166 bytes (target: 0x00007FFAAA2AD345).
[Info   :  SHCDE-SE] [T1-22:11:16.854] [Detour:c_game_ai_should_not_build_hovel_hook_impl] ["c_game_ai_should_not_build_hovel_hook_impl"] prepared at 0x00007FFAAA2C14A0 using Indirect: 6 bytes displaced, trampoline 0x00007FFA3A431900.
[Info   :  SHCDE-SE] [T1-22:11:16.855] [Detour:c_game_unit_validate_next_tile_surface_for_type_hook] ["c_game_unit_validate_next_tile_surface_for_type_hook"] prepared at 0x00007FFAAA35CD60 using Indirect: 10 bytes displaced, trampoline 0x00007FFA3A431940.
[Info   :  SHCDE-SE] [T1-22:11:16.855] [Detour:c_game_unit_selection_contains_only_assassins_hook] ["c_game_unit_selection_contains_only_assassins_hook"] prepared at 0x00007FFAAA416870 using Indirect: 7 bytes displaced, trampoline 0x00007FFA3A431980.
[Info   :  SHCDE-SE] [T1-22:11:16.855] [X64InlineHook] ["c_game_veh_handler_for_access_violations"] compiled stub at 0x00007FFA3A4319C0, size: 17 bytes (target: 0x00007FFAAA4249F0).
[Info   :  SHCDE-SE] [T1-22:11:16.857] [X64InlineHook] ["c_game_tribe_get_next_waypoint"] hook enabled at 0x00007FFAAA39ACE6, stub 0x00007FFA3A3B0040.
[Info   :  SHCDE-SE] [T1-22:11:16.857] [X64InlineHook] ["c_game_unit_killed_by_projectile_hook"] hook enabled at 0x00007FFAAA413363, stub 0x00007FFA3A420200.
[Info   :  SHCDE-SE] [T1-22:11:16.857] [X64InlineHook] ["c_game_unit_killed_by_melee_hook"] hook enabled at 0x00007FFAAA419444, stub 0x00007FFA3A420580.
[Info   :  SHCDE-SE] [T1-22:11:16.857] [X64InlineHook] ["c_game_unit_damaged_by_projectile_hook"] hook enabled at 0x00007FFAAA41307E, stub 0x00007FFA3A420900.
[Info   :  SHCDE-SE] [T1-22:11:16.857] [X64InlineHook] ["c_game_player_buy_mercenary_hook"] hook enabled at 0x00007FFAAA401B6E, stub 0x00007FFA3A420B50.
[Info   :  SHCDE-SE] [T1-22:11:16.857] [X64InlineHook] ["c_game_unit_take_fire_damage"] hook enabled at 0x00007FFAAA4124B0, stub 0x00007FFA3A420D90.
[Info   :  SHCDE-SE] [T1-22:11:16.857] [X64InlineHook] ["c_game_unit_bedouin_healer_heal_hook"] hook enabled at 0x00007FFAAA3F491A, stub 0x00007FFA3A421140.
[Info   :  SHCDE-SE] [T1-22:11:16.857] [X64InlineHook] ["c_game_unit_woodcutter_update_pickup_planks_hook"] hook enabled at 0x00007FFAAA3AC8D6, stub 0x00007FFA3A421360.
[Info   :  SHCDE-SE] [T1-22:11:16.857] [X64InlineHook] ["c_game_unit_woodcutter_update_dropoff_planks_hook"] hook enabled at 0x00007FFAAA3ACA3B, stub 0x00007FFA3A4216E0.
[Info   :  SHCDE-SE] [T1-22:11:16.857] [X64InlineHook] ["c_game_unit_farmer_cattle_update_pickup_cheese_hook"] hook enabled at 0x00007FFAAA3B7255, stub 0x00007FFA3A421A60.
[Info   :  SHCDE-SE] [T1-22:11:16.857] [X64InlineHook] ["c_game_unit_farmer_cattle_update_dropoff_cheese_hook"] hook enabled at 0x00007FFAAA3B73D6, stub 0x00007FFA3A421DE0.
[Info   :  SHCDE-SE] [T1-22:11:16.857] [X64InlineHook] ["c_game_unit_farmer_apple_update_pickup_apple_hook"] hook enabled at 0x00007FFAAA3B640E, stub 0x00007FFA3A422160.
[Info   :  SHCDE-SE] [T1-22:11:16.857] [X64InlineHook] ["c_game_unit_farmer_apple_update_dropoff_apple_hook"] hook enabled at 0x00007FFAAA3B6901, stub 0x00007FFA3A4224F0.
[Info   :  SHCDE-SE] [T1-22:11:16.857] [X64InlineHook] ["c_game_unit_farmer_hemp_update_pickup_hemp_hook"] hook enabled at 0x00007FFAAA3B5846, stub 0x00007FFA3A422870.
[Info   :  SHCDE-SE] [T1-22:11:16.857] [X64InlineHook] ["c_game_unit_farmer_hemp_update_dropoff_hemp_hook"] hook enabled at 0x00007FFAAA3B59AF, stub 0x00007FFA3A422C00.
[Info   :  SHCDE-SE] [T1-22:11:16.857] [X64InlineHook] ["c_game_unit_baker_update_pickup_flour_hook"] hook enabled at 0x00007FFAAA3B8DD1, stub 0x00007FFA3A422F80.
[Info   :  SHCDE-SE] [T1-22:11:16.857] [X64InlineHook] ["c_game_unit_baker_update_pickup_bread_hook"] hook enabled at 0x00007FFAAA3B90C0, stub 0x00007FFA3A423310.
[Info   :  SHCDE-SE] [T1-22:11:16.857] [X64InlineHook] ["c_game_unit_baker_update_dropoff_bread_hook"] hook enabled at 0x00007FFAAA3B93D3, stub 0x00007FFA3A423560.
[Info   :  SHCDE-SE] [T1-22:11:16.857] [X64InlineHook] ["c_game_unit_farmer_wheat_update_pickup_wheat_hook"] hook enabled at 0x00007FFAAA3B48B5, stub 0x00007FFA3A4238E0.
[Info   :  SHCDE-SE] [T1-22:11:16.857] [X64InlineHook] ["c_game_unit_farmer_wheat_update_dropoff_wheat_hook"] hook enabled at 0x00007FFAAA3B4A4C, stub 0x00007FFA3A423C70.
[Info   :  SHCDE-SE] [T1-22:11:16.857] [X64InlineHook] ["c_game_unit_miller_update_pickup_wheat_hook"] hook enabled at 0x00007FFAAA3B7CF6, stub 0x00007FFA3A423FF0.
[Info   :  SHCDE-SE] [T1-22:11:16.857] [X64InlineHook] ["c_game_unit_miller_update_dropoff_flour_hook"] hook enabled at 0x00007FFAAA3B824F, stub 0x00007FFA3A424370.
[Info   :  SHCDE-SE] [T1-22:11:16.857] [X64InlineHook] ["c_game_unit_miller_update_pickup_flour_hook"] hook enabled at 0x00007FFAAA3B8134, stub 0x00007FFA3A424700.
[Info   :  SHCDE-SE] [T1-22:11:16.857] [X64InlineHook] ["c_game_unit_brewer_update_pickup_hemp_hook"] hook enabled at 0x00007FFAAA3B9D0D, stub 0x00007FFA3A424A80.
[Info   :  SHCDE-SE] [T1-22:11:16.857] [X64InlineHook] ["c_game_unit_brewer_update_dropoff_hemp_hook"] hook enabled at 0x00007FFAAA3B9F61, stub 0x00007FFA3A424E10.
[Info   :  SHCDE-SE] [T1-22:11:16.858] [X64InlineHook] ["c_game_unit_brewer_update_pickup_ale_hook"] hook enabled at 0x00007FFAAA3BA286, stub 0x00007FFA3A425190.
[Info   :  SHCDE-SE] [T1-22:11:16.858] [X64InlineHook] ["c_game_unit_brewer_update_dropoff_ale_hook"] hook enabled at 0x00007FFAAA3BA52B, stub 0x00007FFA3A4253F0.
[Info   :  SHCDE-SE] [T1-22:11:16.858] [X64InlineHook] ["c_game_unit_brewer_update_produced_ale_hook"] hook enabled at 0x00007FFAAA3BA115, stub 0x00007FFA3A425630.
[Info   :  SHCDE-SE] [T1-22:11:16.858] [X64InlineHook] ["c_game_unit_innkeeper_update_pickup_ale_hook"] hook enabled at 0x00007FFAAA3D0931, stub 0x00007FFA3A4259C0.
[Info   :  SHCDE-SE] [T1-22:11:16.858] [X64InlineHook] ["c_game_unit_innkeeper_update_dropoff_ale_hook"] hook enabled at 0x00007FFAAA3D0B90, stub 0x00007FFA3A425D50.
[Info   :  SHCDE-SE] [T1-22:11:16.858] [X64InlineHook] ["c_game_unit_fletcher_update_pickup_wood_hook"] hook enabled at 0x00007FFAAA3AD4E6, stub 0x00007FFA3A4260D0.
[Info   :  SHCDE-SE] [T1-22:11:16.858] [X64InlineHook] ["c_game_unit_fletcher_update_dropoff_wood_hook"] hook enabled at 0x00007FFAAA3AD70B, stub 0x00007FFA3A426460.
[Info   :  SHCDE-SE] [T1-22:11:16.858] [X64InlineHook] ["c_game_unit_fletcher_update_dropoff_produce_hook"] hook enabled at 0x00007FFAAA3ADD2D, stub 0x00007FFA3A4267E0.
[Info   :  SHCDE-SE] [T1-22:11:16.858] [X64InlineHook] ["c_game_unit_poleturner_update_pickup_wood_hook"] hook enabled at 0x00007FFAAA3BAE95, stub 0x00007FFA3A426B60.
[Info   :  SHCDE-SE] [T1-22:11:16.858] [X64InlineHook] ["c_game_unit_poleturner_update_dropoff_wood_hook"] hook enabled at 0x00007FFAAA3BB0CB, stub 0x00007FFA3A426EF0.
[Info   :  SHCDE-SE] [T1-22:11:16.858] [X64InlineHook] ["c_game_unit_poleturner_update_dropoff_produce_hook"] hook enabled at 0x00007FFAAA3BB6C4, stub 0x00007FFA3A427270.
[Info   :  SHCDE-SE] [T1-22:11:16.858] [X64InlineHook] ["c_game_unit_blacksmith_update_pickup_iron_hook"] hook enabled at 0x00007FFAAA3BC07D, stub 0x00007FFA3A427600.
[Info   :  SHCDE-SE] [T1-22:11:16.858] [X64InlineHook] ["c_game_unit_blacksmith_update_dropoff_iron_hook"] hook enabled at 0x00007FFAAA3BC2EF, stub 0x00007FFA3A427990.
[Info   :  SHCDE-SE] [T1-22:11:16.858] [X64InlineHook] ["c_game_unit_blacksmith_update_produce_hook"] hook enabled at 0x00007FFAAA3BC52B, stub 0x00007FFA3A427D10.
[Info   :  SHCDE-SE] [T1-22:11:16.858] [X64InlineHook] ["c_game_unit_blacksmith_update_dropoff_produce_hook"] hook enabled at 0x00007FFAAA3BC854, stub 0x00007FFA3A4280A0.
[Info   :  SHCDE-SE] [T1-22:11:16.858] [X64InlineHook] ["c_game_unit_tanner_update_store_cowhides_hook"] hook enabled at 0x00007FFAAA3BEA53, stub 0x00007FFA3A428430.
[Info   :  SHCDE-SE] [T1-22:11:16.858] [X64InlineHook] ["c_game_unit_tanner_update_produce_hook"] hook enabled at 0x00007FFAAA3BECEE, stub 0x00007FFA3A4287B0.
[Info   :  SHCDE-SE] [T1-22:11:16.858] [X64InlineHook] ["c_game_unit_tanner_update_dropoff_cowhides_hook"] hook enabled at 0x00007FFAAA3BEF88, stub 0x00007FFA3A428B40.
[Info   :  SHCDE-SE] [T1-22:11:16.858] [X64InlineHook] ["c_game_unit_armourer_update_pickup_iron_hook"] hook enabled at 0x00007FFAAA3BD1D5, stub 0x00007FFA3A428D80.
[Info   :  SHCDE-SE] [T1-22:11:16.858] [X64InlineHook] ["c_game_unit_armourer_update_dropoff_iron_hook"] hook enabled at 0x00007FFAAA3BD457, stub 0x00007FFA3A429110.
[Info   :  SHCDE-SE] [T1-22:11:16.858] [X64InlineHook] ["c_game_unit_armourer_update_store_produce_hook"] hook enabled at 0x00007FFAAA3BD619, stub 0x00007FFA3A429490.
[Info   :  SHCDE-SE] [T1-22:11:16.858] [X64InlineHook] ["c_game_unit_armourer_update_produce_hook"] hook enabled at 0x00007FFAAA3BD6D3, stub 0x00007FFA3A429820.
[Info   :  SHCDE-SE] [T1-22:11:16.858] [X64InlineHook] ["c_game_unit_armourer_update_dropoff_produce_hook"] hook enabled at 0x00007FFAAA3BDA1E, stub 0x00007FFA3A429BB0.
[Info   :  SHCDE-SE] [T1-22:11:16.858] [X64InlineHook] ["c_game_unit_armourer_update_pickup_produce_hook"] hook enabled at 0x00007FFAAA3BD72C, stub 0x00007FFA3A429F40.
[Info   :  SHCDE-SE] [T1-22:11:16.858] [X64InlineHook] ["c_game_unit_hunter_update_pickup_meat_hook"] hook enabled at 0x00007FFAAA3AFD7C, stub 0x00007FFA3A42A2D0.
[Info   :  SHCDE-SE] [T1-22:11:16.858] [X64InlineHook] ["c_game_unit_hunter_update_dropoff_meat_hook"] hook enabled at 0x00007FFAAA3B0B54, stub 0x00007FFA3A42A660.
[Info   :  SHCDE-SE] [T1-22:11:16.858] [X64InlineHook] ["c_game_unit_quarry_grunt_update_pickup_stone_hook"] hook enabled at 0x00007FFAAA3B1F28, stub 0x00007FFA3A42A8A0.
[Info   :  SHCDE-SE] [T1-22:11:16.858] [X64InlineHook] ["c_game_unit_quarry_grunt_update_dropoff_stone_hook"] hook enabled at 0x00007FFAAA3B250E, stub 0x00007FFA3A42AAF0.
[Info   :  SHCDE-SE] [T1-22:11:16.858] [X64InlineHook] ["c_game_unit_quarry_ox_update_depart_hook"] hook enabled at 0x00007FFAAA3B2A4C, stub 0x00007FFA3A42AE80.
[Info   :  SHCDE-SE] [T1-22:11:16.858] [X64InlineHook] ["c_game_unit_quarry_ox_update_dropoff_stone_hook"] hook enabled at 0x00007FFAAA3B2E57, stub 0x00007FFA3A42B210.
[Info   :  SHCDE-SE] [T1-22:11:16.858] [X64InlineHook] ["c_game_unit_miner2_update_pickup_iron_hook"] hook enabled at 0x00007FFAAA3CE028, stub 0x00007FFA3A42B590.
[Info   :  SHCDE-SE] [T1-22:11:16.858] [X64InlineHook] ["c_game_unit_miner2_update_dropoff_iron_hook"] hook enabled at 0x00007FFAAA3CDEB3, stub 0x00007FFA3A42B7D0.
[Info   :  SHCDE-SE] [T1-22:11:16.858] [X64InlineHook] ["c_game_unit_pitcher_update_pickup_rawpitch_hook"] hook enabled at 0x00007FFAAA3B37A0, stub 0x00007FFA3A42BB60.
[Info   :  SHCDE-SE] [T1-22:11:16.858] [X64InlineHook] ["c_game_unit_pitcher_update_dropoff_rawpitch_hook"] hook enabled at 0x00007FFAAA3B38EC, stub 0x00007FFA3A42BEF0.
[Info   :  SHCDE-SE] [T1-22:11:16.858] [X64InlineHook] ["c_game_unit_is_over_killingpit_update_hook"] hook enabled at 0x00007FFAAA3471C5, stub 0x00007FFA3A42C130.
[Info   :  SHCDE-SE] [T1-22:11:16.858] [X64InlineHook] ["c_game_unit_transition_hook1_c_game_player_buy_mercenary"] hook enabled at 0x00007FFAAA401CE0, stub 0x00007FFA3A42C300.
[Info   :  SHCDE-SE] [T1-22:11:16.858] [X64InlineHook] ["c_game_unit_transition_hook2_c_game_player_buy_eu_mercenary"] hook enabled at 0x00007FFAAA410EBB, stub 0x00007FFA3A42C590.
[Info   :  SHCDE-SE] [T1-22:11:16.858] [X64InlineHook] ["c_game_unit_transition_hook3_c_game_building_assign_worker"] hook enabled at 0x00007FFAAA410C12, stub 0x00007FFA3A42C810.
[Info   :  SHCDE-SE] [T1-22:11:16.858] [X64InlineHook] ["c_game_unit_transition_hook4_c_game_unit_disband"] hook enabled at 0x00007FFAAA406E7A, stub 0x00007FFA3A42CA90.
[Info   :  SHCDE-SE] [T1-22:11:16.858] [X64InlineHook] ["c_game_unit_hunter_query_for_target_hook"] hook enabled at 0x00007FFAAA40AFE6, stub 0x00007FFA3A42CCF0.
[Info   :  SHCDE-SE] [T1-22:11:16.858] [X64InlineHook] ["c_game_unit_control_capability_unknown"] hook enabled at 0x00007FFAAA30EA60, stub 0x00007FFA3A42CEB0.
[Info   :  SHCDE-SE] [T1-22:11:16.858] [X64InlineHook] ["c_game_unit_fsm_arabslave_attack_capability_wall"] hook enabled at 0x00007FFAAA3EA439, stub 0x00007FFA3A42D120.
[Info   :  SHCDE-SE] [T1-22:11:16.858] [X64InlineHook] ["c_game_unit_fsm_arabslave_attack_capability_wall2"] hook enabled at 0x00007FFAAA3EA490, stub 0x00007FFA3A42D360.
[Info   :  SHCDE-SE] [T1-22:11:16.858] [X64InlineHook] ["c_game_unit_fsm_arabslave_attack_capability_wall3"] hook enabled at 0x00007FFAAA3EA4AD, stub 0x00007FFA3A42D580.
[Info   :  SHCDE-SE] [T1-22:11:16.858] [X64InlineHook] ["UnitUpdateEngageRange_7FFAAA3BF540_7FFAAA3BFAA1"] hook enabled at 0x00007FFAAA3BFAA1, stub 0x00007FFA3A42D7C0.
[Info   :  SHCDE-SE] [T1-22:11:16.858] [X64InlineHook] ["UnitUpdateEngageRange_7FFAAA3BF540_7FFAAA3BFAD1"] hook enabled at 0x00007FFAAA3BFAD1, stub 0x00007FFA3A42DA20.
[Info   :  SHCDE-SE] [T1-22:11:16.858] [X64InlineHook] ["UnitUpdateEngageRange_7FFAAA3F1C50_7FFAAA3F1DBD"] hook enabled at 0x00007FFAAA3F1DBD, stub 0x00007FFA3A42DC80.
[Info   :  SHCDE-SE] [T1-22:11:16.858] [X64InlineHook] ["UnitUpdateEngageRange_7FFAAA3F1C50_7FFAAA3F1EDD"] hook enabled at 0x00007FFAAA3F1EDD, stub 0x00007FFA3A42DEF0.
[Info   :  SHCDE-SE] [T1-22:11:16.858] [X64InlineHook] ["UnitUpdateEngageRange_7FFAAA3E7D40_7FFAAA3E7F93"] hook enabled at 0x00007FFAAA3E7F93, stub 0x00007FFA3A42E150.
[Info   :  SHCDE-SE] [T1-22:11:16.858] [X64InlineHook] ["UnitUpdateEngageRange_7FFAAA3E7D40_7FFAAA3E7FC3"] hook enabled at 0x00007FFAAA3E7FC3, stub 0x00007FFA3A42E3B0.
[Info   :  SHCDE-SE] [T1-22:11:16.858] [X64InlineHook] ["UnitUpdateEngageRange_7FFAAA3E1CB0_7FFAAA3E1E3D"] hook enabled at 0x00007FFAAA3E1E3D, stub 0x00007FFA3A42E610.
[Info   :  SHCDE-SE] [T1-22:11:16.858] [X64InlineHook] ["UnitUpdateEngageRange_7FFAAA3EB220_7FFAAA3EB3DE"] hook enabled at 0x00007FFAAA3EB3DE, stub 0x00007FFA3A42E870.
[Info   :  SHCDE-SE] [T1-22:11:16.858] [X64InlineHook] ["UnitUpdateEngageRange_7FFAAA3FA590_7FFAAA3FA6F3"] hook enabled at 0x00007FFAAA3FA6F3, stub 0x00007FFA3A42EAD0.
[Info   :  SHCDE-SE] [T1-22:11:16.858] [X64InlineHook] ["UnitUpdateEngageRange_7FFAAA3FA590_7FFAAA3FA801"] hook enabled at 0x00007FFAAA3FA801, stub 0x00007FFA3A42ED40.
[Info   :  SHCDE-SE] [T1-22:11:16.858] [X64InlineHook] ["UnitUpdateEngageRange_7FFAAA3F8350_7FFAAA3F8856"] hook enabled at 0x00007FFAAA3F8856, stub 0x00007FFA3A42EFB0.
[Info   :  SHCDE-SE] [T1-22:11:16.858] [X64InlineHook] ["UnitUpdateEngageRange_7FFAAA3F8350_7FFAAA3F8886"] hook enabled at 0x00007FFAAA3F8886, stub 0x00007FFA3A42F210.
[Info   :  SHCDE-SE] [T1-22:11:16.858] [X64InlineHook] ["UnitUpdateEngageRange_7FFAAA3C1DA0_7FFAAA3C1F47"] hook enabled at 0x00007FFAAA3C1F47, stub 0x00007FFA3A42F470.
[Info   :  SHCDE-SE] [T1-22:11:16.858] [X64InlineHook] ["UnitUpdateEngageRange_7FFAAA3C1DA0_7FFAAA3C203F"] hook enabled at 0x00007FFAAA3C203F, stub 0x00007FFA3A42F6D0.
[Info   :  SHCDE-SE] [T1-22:11:16.858] [X64InlineHook] ["UnitUpdateEngageRange_7FFAAA3F0570_7FFAAA3F0733"] hook enabled at 0x00007FFAAA3F0733, stub 0x00007FFA3A42F940.
[Info   :  SHCDE-SE] [T1-22:11:16.858] [X64InlineHook] ["UnitUpdateEngageRange_7FFAAA3EE440_7FFAAA3EE62C"] hook enabled at 0x00007FFAAA3EE62C, stub 0x00007FFA3A42FBA0.
[Info   :  SHCDE-SE] [T1-22:11:16.858] [X64InlineHook] ["UnitUpdateEngageRange_7FFAAA3EE440_7FFAAA3EE73F"] hook enabled at 0x00007FFAAA3EE73F, stub 0x00007FFA3A3F0000.
[Info   :  SHCDE-SE] [T1-22:11:16.858] [X64InlineHook] ["c_game_unit_control_capability_interactrange_hook"] hook enabled at 0x00007FFAAA30D769, stub 0x00007FFA3A3F0270.
[Info   :  SHCDE-SE] [T1-22:11:16.859] [X64InlineHook] ["c_game_building_keep_spawn_peasant_hook"] hook enabled at 0x00007FFAAA352E31, stub 0x00007FFA3A3F0850.
[Info   :  SHCDE-SE] [T1-22:11:16.859] [X64InlineHook] ["c_game_building_granary_spawn_chicken_hook"] hook enabled at 0x00007FFAAA352B4C, stub 0x00007FFA3A3F0900.
[Info   :  SHCDE-SE] [T1-22:11:16.859] [X64InlineHook] ["c_game_building_calculate_wall_cost_hook"] hook enabled at 0x00007FFAAA348D1C, stub 0x00007FFA3A3F0B50.
[Info   :  SHCDE-SE] [T1-22:11:16.859] [X64InlineHook] ["c_game_building_calculate_wall_cost_placement_hook"] hook enabled at 0x00007FFAAA3141AB, stub 0x00007FFA3A3F0EF0.
[Info   :  SHCDE-SE] [T1-22:11:16.859] [X64InlineHook] ["c_game_building_take_fire_damage_hook"] hook enabled at 0x00007FFAAA346599, stub 0x00007FFA3A3F1330.
[Info   :  SHCDE-SE] [T1-22:11:16.859] [X64InlineHook] ["c_game_building_toggle_pause_hook"] hook enabled at 0x00007FFAAA347F13, stub 0x00007FFA3A3F1530.
[Info   :  SHCDE-SE] [T1-22:11:16.859] [X64InlineHook] ["c_game_building_refund_intercept_hook"] hook enabled at 0x00007FFAAA34487A, stub 0x00007FFA3A3F1750.
[Info   :  SHCDE-SE] [T1-22:11:16.859] [X64InlineHook] ["c_game_building_set_repair_costs_stone_hook"] hook enabled at 0x00007FFAAA337031, stub 0x00007FFA3A3F19F0.
[Info   :  SHCDE-SE] [T1-22:11:16.859] [X64InlineHook] ["c_game_building_set_repair_costs_wood_hook"] hook enabled at 0x00007FFAAA336FFD, stub 0x00007FFA3A3F1C30.
[Info   :  SHCDE-SE] [T1-22:11:16.859] [X64InlineHook] ["c_game_building_gatehouse_query_hook"] hook enabled at 0x00007FFAAA337B4B, stub 0x00007FFA3A3F1E40.
[Info   :  SHCDE-SE] [T1-22:11:16.859] [X64InlineHook] ["c_game_vegetation_growth_hook"] hook enabled at 0x00007FFAAA388518, stub 0x00007FFA3A3F21B0.
[Info   :  SHCDE-SE] [T1-22:11:16.859] [X64InlineHook] ["c_game_vegetation_tree_fell_hook"] hook enabled at 0x00007FFAAA387CC9, stub 0x00007FFA3A3F2400.
[Info   :  SHCDE-SE] [T1-22:11:16.859] [X64InlineHook] ["c_game_save_game_file"] hook enabled at 0x00007FFAAA285A4C, stub 0x00007FFA3A3F27E0.
[Info   :  SHCDE-SE] [T1-22:11:16.859] [X64InlineHook] ["c_game_unit_try_select_and_prepare_ranged_attack_target_hook"] hook enabled at 0x00007FFAAA40EB20, stub 0x00007FFA3A42FE10.
[Info   :  SHCDE-SE] [T1-22:11:16.859] [X64InlineHook] ["c_game_unit_has_ammo_and_target_within_ranged_attack_distance_hook2"] hook enabled at 0x00007FFAAA41B64E, stub 0x00007FFA3A430000.
[Info   :  SHCDE-SE] [T1-22:11:16.859] [X64InlineHook] ["c_game_unit_has_ammo_and_target_within_ranged_attack_distance_hook"] hook enabled at 0x00007FFAAA41B786, stub 0x00007FFA3A430090.
[Info   :  SHCDE-SE] [T1-22:11:16.859] [X64InlineHook] ["c_game_projectile_init_hook"] hook enabled at 0x00007FFAAA321E0C, stub 0x00007FFA3A4301D0.
[Info   :  SHCDE-SE] [T1-22:11:16.859] [X64InlineHook] ["c_game_player_food_consumption_update_baseconsumptionrate"] hook enabled at 0x00007FFAAA34EC8E, stub 0x00007FFA3A430790.
[Info   :  SHCDE-SE] [T1-22:11:16.859] [X64InlineHook] ["c_game_add_tax_money_addgold"] hook enabled at 0x00007FFAAA34CC82, stub 0x00007FFA3A4309C0.
[Info   :  SHCDE-SE] [T1-22:11:16.859] [X64InlineHook] ["c_game_add_tax_money_removegold"] hook enabled at 0x00007FFAAA34CC91, stub 0x00007FFA3A430C10.
[Info   :  SHCDE-SE] [T1-22:11:16.859] [X64InlineHook] ["c_game_update_player_popularity"] hook enabled at 0x00007FFAAA34B16E, stub 0x00007FFA3A430E60.
[Info   :  SHCDE-SE] [T1-22:11:16.860] [X64InlineHook] ["c_game_handle_time_stuff"] hook enabled at 0x00007FFAAA351D4F, stub 0x00007FFA3A431120.
[Info   :  SHCDE-SE] [T1-22:11:16.860] [X64InlineHook] ["c_game_ai_setup_siege_pathing_stuff_hook"] hook enabled at 0x00007FFAAA2AD345, stub 0x00007FFA3A4316D0.
[Info   :  SHCDE-SE] [T1-22:11:16.860] [X64InlineHook] ["c_game_veh_handler_for_access_violations"] hook enabled at 0x00007FFAAA4249F0, stub 0x00007FFA3A4319C0.
[Info   :  SHCDE-SE] [T1-22:11:16.861] [HookTransaction[ApplyNative]] Commit: "189/189 installed, 0 failed, 102ms (21ms scanning)"
[Info   :  SHCDE-SE] [T1-22:11:16.861] [DetourManager] [ApplyNative] Hook setup completed in 102ms
[Info   :  SHCDE-SE] [T1-22:11:16.862] [GameMapArchiveManagerAPI] [InitializeSubscribers] Setting up subscribers
[Info   :  SHCDE-SE] [T1-22:11:16.862] [LuaManager] [InitializeSubscribers] Setting up subscribers
[Info   :  SHCDE-SE] [T1-22:11:16.863] [GameNetworkAPI] [InitializeSubscribers] Setting up subscribers
[Info   :  SHCDE-SE] [T1-22:11:16.863] [DeterministicRandom] [InitializeSubscribers] Setting up subscribers
[Info   :  SHCDE-SE] [T1-22:11:16.864] [GameNetworkAPI] [GetPacketEventFor] Created R3 event stream for packet ID 1003 [SeedSyncNetworkPacket]
[Info   :  SHCDE-SE] [T1-22:11:16.864] [ModSaveDataAPI] [RegisterModDataHandler] Registered handler for [se-deterministicrandom-state]
[Info   :  SHCDE-SE] [T1-22:11:16.865] [GameNetworkAPI] [GetPacketEventFor] Dynamically registered packet type 'LobbyModSettingSyncPacket' with ID: 1100
[Info   :  SHCDE-SE] [T1-22:11:16.865] [GameNetworkAPI] [GetPacketEventFor] Created R3 event stream for packet ID 1100 [LobbyModSettingSyncPacket]
[Info   :  SHCDE-SE] [T1-22:11:16.865] [GameXAMLManagerAPI] [SetupNetworking] Mod-settings sync packet registered with ID=1100
[Info   :  SHCDE-SE] [T1-22:11:16.865] [GamePlayerManagerAPI] [InitializeSubscribers] Setting up subscribers
[Info   :  SHCDE-SE] [T1-22:11:16.867] [GameUnitManagerAPI] [InitializeSubscribers] Setting up subscribers
[Info   :  SHCDE-SE] [T1-22:11:16.867] [GameBuildingManagerAPI] [InitializeSubscribers] Setting up subscribers
[Info   :  SHCDE-SE] [T1-22:11:16.867] [GameMetadataManagerAPI] [InitializeSubscribers] Setting up subscribers
[Info   :  SHCDE-SE] [T1-22:11:16.868] [GameSoundManagerAPI] [.ctor] _soundManager: 00007FFAB2B672D0
[Info   :  SHCDE-SE] [T1-22:11:16.868] [GameSoundManagerAPI] [InitializeSubscribers] Setting up GameSoundManagerAPI event subscribers
[Info   :  SHCDE-SE] [T1-22:11:16.868] [GameTranslateAPI] [InitializeSubscribers] Setting up GameTranslateAPI subscribers
[Info   :  SHCDE-SE] [T1-22:11:16.868] [GameTriggerManager] [InitializeSubscribers] Setting up subscribers
[Info   :  SHCDE-SE] [T1-22:11:16.869] [GameTimeManagerAPI] [InitializeSubscribers] Setting up subscribers
[Info   :  SHCDE-SE] [T1-22:11:16.870] [GameAfterImageManager] [InitializeSubscribers] Setting up subscribers
[Info   :  SHCDE-SE] [T1-22:11:16.870] [GameBundleManager] [InitializeSubscribers] Setting up subscribers
[Info   :  SHCDE-SE] [T1-22:11:16.871] [MapModManager] [InitializeSubscribers] Setting up subscribers
[Info   :  SHCDE-SE] [T1-22:11:16.871] [Plugin] [InitLanguageProviderLate] Set language provider to en-US
[Info   :  SHCDE-SE] [T1-22:11:16.871] [Plugin] [CrusaderLibrary_LibraryLoaded] Native-side initialization done
[Info   :  SHCDE-SE] [T1-22:11:16.871] [Plugin] [Awake] Plugin SHCDE-SE is loaded!
[Info   :   BepInEx] Loading [APIShared 0.4.1]
[Info   : APIShared] [2026-09-24 22:11:16.938] Process-wide mission lifecycle installed.
[Info   : APIShared] [2026-09-24 22:11:17.012] Process-wide briefing-gold presentation installed.
[Info   : APIShared] [2026-09-24 22:11:17.024] Process-wide lobby-state observer installed.
[Info   : APIShared] [2026-09-24 22:11:17.024] APIShared 0.4.1 loaded; awaiting CrusaderLibrary.LibraryLoaded.
[Info   : APIShared] [2026-09-24 22:11:17.779] Unit HUD presentation installed; controlGroups=True, build=FBCB93195FC7EFCA9BDAC5204852EFDD76F9818F59A6711750D77C9CEF2831E2.
[Info   :  SHCDE-SE] [T1-22:11:17.783] [X64InlineHook] ["distanceHook"] compiled stub at 0x00007FFA3A431A40, size: 183 bytes (target: 0x00007FFAAA337B70).
[Info   :  SHCDE-SE] [T1-22:11:17.783] [X64InlineHook] ["decisionHook"] compiled stub at 0x00007FFA3A431D80, size: 104 bytes (target: 0x00007FFAAA337BBB).
[Info   :  SHCDE-SE] [T1-22:11:17.783] [X64InlineHook] ["distanceHook"] hook enabled at 0x00007FFAAA337B70, stub 0x00007FFA3A431A40.
[Info   :  SHCDE-SE] [T1-22:11:17.783] [X64InlineHook] ["decisionHook"] hook enabled at 0x00007FFAAA337BBB, stub 0x00007FFA3A431D80.
[Info   :  SHCDE-SE] [T1-22:11:17.783] [HookTransaction[.ctor]] Commit: "2/2 installed, 0 failed, 1ms (0ms scanning)"
[Info   :  SHCDE-SE] [T1-22:11:17.856] [Detour:candidate.hook] ["candidate.hook"] prepared at 0x00007FFAAA2D1790 using Indirect: 7 bytes displaced, trampoline 0x00007FFA3A431EF0.
[Info   :  SHCDE-SE] [T1-22:11:17.920] [HookTransaction[TryCreate]] Commit: "1/1 installed, 0 failed, 63ms (0ms scanning)"
[Info   : APIShared] [2026-09-24 22:11:17.920] capability=aiv-build-step, build=FBCB93195FC7EFCA9BDAC5204852EFDD76F9818F59A6711750D77C9CEF2831E2, rva=0x51790, status=installed
[Info   : APIShared] [2026-09-24 22:11:17.920] APIShared initialized: state=Ready, build=FBCB93195FC7EFCA9BDAC5204852EFDD76F9818F59A6711750D77C9CEF2831E2, lobbyState=Available, playerDefeat=Available, briefingGold=Available, gatehouseDistanceOrigin=Available, gatehouseTiming=Available, unitHudPresentation=Available, aivBuildStep=Available.
[Info   :   BepInEx] Loading [Active AIV Detector 0.10.1]
[Info   :Active AIV Detector] [2026-09-24 22:11:17.964] Bundled vanilla AIC verification: matchesInstalledGame=False, directory=E:\ProgrammeE\Steam\steamapps\common\Stronghold Crusader Definitive Edition\BepInEx\plugins\ActiveAIVDetector_Serp\VanillaAIC.
[Info   :Active AIV Detector] [2026-09-24 22:11:17.964] Bundled vanilla AIV inventory: files=376, directory=E:\ProgrammeE\Steam\steamapps\common\Stronghold Crusader Definitive Edition\BepInEx\plugins\ActiveAIVDetector_Serp\VanillaAIV.
[Info   :Active AIV Detector] [2026-09-24 22:11:17.964] Oracle cell trace configuration: enabled=True, playerId=-1, candidateId=-1, orientation=-1, keep=(-1,-1), maximumCaptures=2048.
[Info   :Active AIV Detector] [2026-09-24 22:11:17.964] Oracle prebuild trace configuration: enabled=True, playerId=-1, maximumCaptures=8.
[Info   :Active AIV Detector] [2026-09-24 22:11:17.989] Active AIV Detector verified the installed CrusaderDE.dll: sha256=FBCB93195FC7EFCA9BDAC5204852EFDD76F9818F59A6711750D77C9CEF2831E2, size=3451392, path=E:\ProgrammeE\Steam\steamapps\common\Stronghold Crusader Definitive Edition\Stronghold Crusader Definitive Edition_Data\Plugins\x86_64\CrusaderDE.dll.
[Debug  :Active AIV Detector] [2026-09-24 22:11:17.991] Native address resolved: name=prepare AIV layout, method=reference-rva, rva=0x53D00.
[Debug  :Active AIV Detector] [2026-09-24 22:11:17.997] Native address resolved: name=select best fit, method=reference-rva, rva=0x54F60.
[Debug  :Active AIV Detector] [2026-09-24 22:11:17.997] Native address resolved: name=test specific candidate, method=reference-rva, rva=0x54DE0.
[Debug  :Active AIV Detector] [2026-09-24 22:11:17.997] Native address resolved: name=load candidate, method=reference-rva, rva=0x55320.
[Debug  :Active AIV Detector] [2026-09-24 22:11:17.997] Native address resolved: name=apply rotation, method=reference-rva, rva=0x56670.
[Debug  :Active AIV Detector] [2026-09-24 22:11:17.997] Native address resolved: name=evaluate candidate fit, method=reference-rva, rva=0x57080.
[Debug  :Active AIV Detector] [2026-09-24 22:11:17.997] Native address resolved: name=building placement validator interior, method=reference-rva, rva=0x7B078.
[Debug  :Active AIV Detector] [2026-09-24 22:11:17.997] Native address resolved: name=organism record table, method=reference-rva, rva=0x15A27.
[Debug  :Active AIV Detector] [2026-09-24 22:11:17.997] Native address resolved: name=active AIV layout index table, method=reference-rva, rva=0x55F64.
[Info   :Active AIV Detector] [2026-09-24 22:11:17.998] Active AIV native globals resolved from unique RIP-relative signatures: organismRecordTable=0x7FFAAD55E464, activeLayoutIndexBase=0x7FFAADA1D0CC.
[Info   :  SHCDE-SE] [T1-22:11:17.998] [Detour:prepareLayoutHook] ["prepareLayoutHook"] prepared at 0x00007FFAAA2D3D00 using Indirect: 6 bytes displaced, trampoline 0x00007FFA3A431F30.
[Info   :  SHCDE-SE] [T1-22:11:17.998] [Detour:selectBestFitHook] ["selectBestFitHook"] prepared at 0x00007FFAAA2D4F60 using Indirect: 9 bytes displaced, trampoline 0x00007FFA3A431F70.
[Info   :  SHCDE-SE] [T1-22:11:17.999] [Detour:testSpecificCandidateHook] ["testSpecificCandidateHook"] prepared at 0x00007FFAAA2D4DE0 using Indirect: 10 bytes displaced, trampoline 0x00007FFA3A431FB0.
[Info   :  SHCDE-SE] [T1-22:11:17.999] [Detour:loadCandidateHook] ["loadCandidateHook"] prepared at 0x00007FFAAA2D5320 using Indirect: 6 bytes displaced, trampoline 0x00007FFA3A431FF0.
[Info   :  SHCDE-SE] [T1-22:11:17.999] [Detour:applyRotationHook] ["applyRotationHook"] prepared at 0x00007FFAAA2D6670 using Indirect: 8 bytes displaced, trampoline 0x00007FFA3A432030.
[Info   :  SHCDE-SE] [T1-22:11:17.999] [Detour:evaluateCandidateFitHook] ["evaluateCandidateFitHook"] prepared at 0x00007FFAAA2D7080 using Indirect: 6 bytes displaced, trampoline 0x00007FFA3A432070.
[Info   :  SHCDE-SE] [T1-22:11:17.999] [Detour:buildingPlacementValidatorHook] ["buildingPlacementValidatorHook"] prepared at 0x00007FFAAA2FB060 using Indirect: 7 bytes displaced, trampoline 0x00007FFA3A4320B0.
[Info   :  SHCDE-SE] [T1-22:11:18.314] [HookTransaction[Install]] Commit: "7/7 installed, 0 failed, 316ms (0ms scanning)"
[Info   :Active AIV Detector] [2026-09-24 22:11:18.315] Oracle prebuild trace registered through APIShared; no local ExecuteBuildStep detour was installed.
[Info   :Active AIV Detector] [2026-09-24 22:11:18.318] Native active-AIV detector and passive placement oracle installed at Info level; Vanilla candidate tests will be joined with lobby metadata after OnStartMap(Post).
[Info   :Active AIV Detector] [2026-09-24 22:11:18.318] Active AIV Detector 0.10.1 loaded.
[Info   :   BepInEx] Loading [Serps Mods 1.0.15]
[Info   :Serp Localization] [2026-09-24 22:11:18.326] Locale selected: locale=en-US, source=Steam runtime, rawLanguage=english, configuredProvider=detect, scriptExtenderLanguage=en-US, pluginDirectory=E:\ProgrammeE\Steam\steamapps\common\Stronghold Crusader Definitive Edition\BepInEx\plugins\SerpsMods_Serp, englishFileExists=True, localeFileExists=True.
[Debug  :Serps Mods] [2026-09-24 22:11:18.336] [Serps Mods] Script Extender 2.10.1 satisfies all 1 runtime component requirements; selected 2.10.1 from info.json='2.10.1', BepInEx metadata='2.10.1.0', assembly version='2.10.1.0', file version='2.10.1.0', product version='2.10.1'; ignored: none.
[Debug  :Serps Mods] [2026-09-24 22:11:18.336] [Serps Mods] pack=1.0.15, expected=0, validated=0, registered=0.
[Info   :  SHCDE-SE] [T1-22:11:18.338] [ManagedDetour] [.ctor] Created detour [JoinLobby]->[JoinLobbyHook]
[Info   :Serps Mods] [2026-09-24 22:11:18.339] Shared lobby-join lifecycle hook installed.
[Info   :  SHCDE-SE] [T1-22:11:18.361] [GameXAMLManagerAPI] [RegisterLobbyModSettingsCore] Registered mod [SerpsMods_Serp]
[Info   :Serps Mods] [2026-09-24 22:11:18.364] [SerpsMods_Serp] Preset storage skipped because the ViewModel has no persistent settings.
[Info   :   BepInEx] Loading [Fixes 1.19.1.0]
[Info   :     Fixes] [T1-22:11:18.512] [Plugin] [Awake] Plugin Fixes is loading!
[Info   :     Fixes] [T1-22:11:18.514] [BuildingDetours] [.ctor] Applying
[Info   :     Fixes] [T1-22:11:18.517] [Fixes-BuildingDetours] Creating with target 00007FFA3A4320F0, length=128
[Info   :     Fixes] [T1-22:11:18.517] [Fixes-BuildingDetours] Creating with target 00007FFAAA293880, length=2
[Info   :     Fixes] [T1-22:11:18.520] [AIDetours] [.ctor] Applying
[Info   :     Fixes] [T1-22:11:18.520] [Fixes-AIDetours] Found anchor c_game_ai_train_economy_protection_troops_hook2 at 00007FFAAA2C0569
[Info   :     Fixes] [T1-22:11:18.520] [Fixes-AIDetours] Found anchor c_game_ai_train_bodyguard_troops_hook2 at 00007FFAAA2C0379
[Info   :     Fixes] [T1-22:11:18.520] [AIDetours] [.ctor] _newOrderedMapTileIdsAddress: 0x000001E53BC80000
[Info   :  SHCDE-SE] [T1-22:11:18.520] [ModSaveDataAPI] [RegisterModDataHandler] Registered handler for [extendedaivbuffer-savedata]
[Info   :     Fixes] [T1-22:11:18.520] [AIDetours] [.ctor] c_game_ai_build_wall_internal_va=00007FFAAA2F7D43
[Info   :     Fixes] [T1-22:11:18.521] [UnitDetours] [.ctor] Applying FixesUnitDetours
[Info   :     Fixes] [T1-22:11:18.522] [UnitDetours] [.ctor] Hooking unit update function at address: 0x7FFAAA3D6130 chimp: CHIMP_TYPE_DEER
[Info   :     Fixes] [T1-22:11:18.522] [UnitDetours] [.ctor] Hooking unit update function at address: 0x7FFAAA3D6DC0 chimp: CHIMP_TYPE_LION
[Info   :     Fixes] [T1-22:11:18.522] [UnitDetours] [.ctor] Hooking unit update function at address: 0x7FFAAA3D7810 chimp: CHIMP_TYPE_RABBIT
[Info   :     Fixes] [T1-22:11:18.522] [UnitDetours] [.ctor] Hooking unit update function at address: 0x7FFAAA3D8020 chimp: CHIMP_TYPE_CAMEL
[Info   :     Fixes] [T1-22:11:18.522] [UnitDetours] [.ctor] Hooking unit update function at address: 0x7FFAAA3FF2F0 chimp: CHIMP_TYPE_CROCODILE
[Info   :     Fixes] [T1-22:11:18.523] [PathingDetours] [.ctor] Applying
[Info   :     Fixes] [T1-22:11:18.523] [PathingDetours] [.ctor] _oldNativeComponentTileCountAddress: 0x00007FFAB032D740
[Info   :     Fixes] [T1-22:11:18.523] [PathingDetours] [.ctor] _oldComponentVisitGenerationAddress: 0x00007FFAB032E6E4
[Info   :     Fixes] [T1-22:11:18.523] [PathingDetours] [.ctor] _newNativeComponentTileCountAddress: 0x000001E53B8D0000
[Info   :     Fixes] [T1-22:11:18.523] [PathingDetours] [.ctor] _newComponentVisitGenerationAddress: 0x000001E53B8E0000
[Info   :     Fixes] [T1-22:11:18.523] [PathingDetours] [.ctor] Installing dynamic inline hook at: 0x00007FFAAA34E7FA for Extended PCL support
[Info   :     Fixes] [T1-22:11:18.523] [PathingDetours] [.ctor] Installing dynamic inline hook at: 0x00007FFAAA34E839 for Extended PCL support
[Info   :     Fixes] [T1-22:11:18.523] [PathingDetours] [.ctor] Installing dynamic inline hook at: 0x00007FFAAA34E879 for Extended PCL support
[Info   :     Fixes] [T1-22:11:18.523] [PathingDetours] [.ctor] Installing dynamic inline hook at: 0x00007FFAAA34E8B9 for Extended PCL support
[Info   :     Fixes] [T1-22:11:18.523] [PathingDetours] [.ctor] Installing dynamic inline hook at: 0x00007FFAAA34E8F9 for Extended PCL support
[Info   :     Fixes] [T1-22:11:18.523] [PathingDetours] [.ctor] Installing dynamic inline hook at: 0x00007FFAAA34E939 for Extended PCL support
[Info   :     Fixes] [T1-22:11:18.523] [PathingDetours] [.ctor] Installing dynamic inline hook at: 0x00007FFAAA34E979 for Extended PCL support
[Info   :     Fixes] [T1-22:11:18.523] [PathingDetours] [.ctor] Installing dynamic inline hook at: 0x00007FFAAA34E9B9 for Extended PCL support
[Info   :     Fixes] [T1-22:11:18.523] [PathingDetours] [.ctor] Installing dynamic inline hook at: 0x00007FFAAA34EA32 for Extended PCL support
[Info   :     Fixes] [T1-22:11:18.524] [GameMapManagedDetours] [.ctor] Applying
[Info   :  SHCDE-SE] [T1-22:11:18.525] [ManagedDetour] [.ctor] Created detour [getPivotOffset]->[GameMap_getPivotOffset_Hook]
[Info   :     Fixes] [T1-22:11:18.526] [HookTransaction[ApplyNative]] Loaded 70 of 70 AOB results from cache.
[Info   :     Fixes] [T1-22:11:18.526] [X64InlineHook] ["c_game_build_wall_hook"] compiled stub at 0x00007FFA3A432170, size: 38 bytes (target: 0x00007FFAAA2EF2C2).
[Info   :     Fixes] [T1-22:11:18.526] [X64InlineHook] ["c_game_player_queue_build_wall_hook"] compiled stub at 0x00007FFA3A432230, size: 49 bytes (target: 0x00007FFAAA291D4A).
[Info   :     Fixes] [T1-22:11:18.527] [X64InlineHook] ["c_game_player_placing_walls_hook"] compiled stub at 0x00007FFA3A432320, size: 105 bytes (target: 0x00007FFAAA2E136F).
[Info   :     Fixes] [T1-22:11:18.527] [X64InlineHook] ["c_game_gatehouse_query_farmerstuck_fix_hook"] compiled stub at 0x00007FFA3A432580, size: 88 bytes (target: 0x00007FFAAA337C39).
[Info   :     Fixes] [T1-22:11:18.528] [X64InlineHook] ["c_game_building_toggle_pause_hook"] compiled stub at 0x00007FFA3A432750, size: 329 bytes (target: 0x00007FFAAA347F3E).
[Info   :     Fixes] [T1-22:11:18.528] [Detour:c_game_player_spawn_keep_hook] ["c_game_player_spawn_keep_hook"] prepared at 0x00007FFAAA2F4DA0 using Indirect: 9 bytes displaced, trampoline 0x00007FFA3A432D10.
[Info   :     Fixes] [T1-22:11:18.528] [Detour:c_game_ai_siege_master_handler_hook] ["c_game_ai_siege_master_handler_hook"] prepared at 0x00007FFAAA2AAE40 using Indirect: 10 bytes displaced, trampoline 0x00007FFA3A432D50.
[Info   :     Fixes] [T1-22:11:18.529] [X64InlineHook] ["c_game_ai_deploy_harassing_siege_engine_tents_hook"] compiled stub at 0x00007FFA3A432D90, size: 106 bytes (target: 0x00007FFAAA2AEFCB).
[Info   :     Fixes] [T1-22:11:18.529] [X64InlineHook] ["c_game_ai_find_valid_siege_tent_site_hook"] compiled stub at 0x00007FFA3A432FA0, size: 108 bytes (target: 0x00007FFAAA36A9F7).
[Info   :     Fixes] [T1-22:11:18.529] [X64InlineHook] ["c_game_ai_count_active_farms_hook"] compiled stub at 0x00007FFA3A433180, size: 112 bytes (target: 0x00007FFAAA3381E2).
[Info   :     Fixes] [T1-22:11:18.529] [X64InlineHook] ["c_game_aiv_prepare_layout_hook"] compiled stub at 0x00007FFA3A4333E0, size: 22 bytes (target: 0x00007FFAAA2D4C80).
[Info   :     Fixes] [T1-22:11:18.530] [X64InlineHook] ["c_game_attempt_recruit_required_troops_hook"] compiled stub at 0x00007FFA3A433460, size: 49 bytes (target: 0x00007FFAAA2C0C02).
[Info   :     Fixes] [T1-22:11:18.530] [X64InlineHook] ["c_game_attempt_recruit_required_troops_hook2"] compiled stub at 0x00007FFA3A433540, size: 50 bytes (target: 0x00007FFAAA2C0C66).
[Info   :     Fixes] [T1-22:11:18.530] [X64InlineHook] ["c_game_attempt_recruit_required_troops_hook3"] compiled stub at 0x00007FFA3A433630, size: 68 bytes (target: 0x00007FFAAA2C0D0D).
[Info   :     Fixes] [T1-22:11:18.530] [X64InlineHook] ["c_game_ai_train_economy_protection_troops_hook"] compiled stub at 0x00007FFA3A433770, size: 52 bytes (target: 0x00007FFAAA2C0522).
[Info   :     Fixes] [T1-22:11:18.530] [X64InlineHook] ["c_game_ai_train_economy_protection_troops_hook2"] compiled stub at 0x00007FFA3A433850, size: 57 bytes (target: 0x00007FFAAA2C0569).
[Info   :     Fixes] [T1-22:11:18.530] [X64InlineHook] ["c_game_ai_train_bodyguard_troops_hook"] compiled stub at 0x00007FFA3A433980, size: 51 bytes (target: 0x00007FFAAA2C0313).
[Info   :     Fixes] [T1-22:11:18.531] [X64InlineHook] ["c_game_ai_train_bodyguard_troops_hook2"] compiled stub at 0x00007FFA3A433A60, size: 57 bytes (target: 0x00007FFAAA2C0379).
[Info   :     Fixes] [T1-22:11:18.531] [X64InlineHook] ["c_game_ai_move_tribe_to_keep_entrance_hook"] compiled stub at 0x00007FFA3A433B90, size: 215 bytes (target: 0x00007FFAAA2BE9BA).
[Info   :     Fixes] [T1-22:11:18.532] [X64InlineHook] ["c_game_ai_recruitmentmode_handler_hook"] compiled stub at 0x00007FFA3A433F90, size: 99 bytes (target: 0x00007FFAAA2AF2C5).
[Info   :     Fixes] [T1-22:11:18.532] [X64InlineHook] ["c_game_aiv_validate_building_tile_hook"] compiled stub at 0x00007FFA3A4341B0, size: 205 bytes (target: 0x00007FFAAA2FB219).
[Info   :     Fixes] [T1-22:11:18.532] [X64InlineHook] ["c_game_ai_tribe_siege_behaviour_handler_hook"] compiled stub at 0x00007FFA3A434560, size: 140 bytes (target: 0x00007FFAAA2BB5C5).
[Info   :     Fixes] [T1-22:11:18.534] [X64InlineHook] ["c_game_ai_tribe_siege_behaviour_handler_hook"] compiled stub at 0x00007FFA3A4347D0, size: 150 bytes (target: 0x00007FFAAA2AF8DA).
[Info   :     Fixes] [T1-22:11:18.534] [X64InlineHook] ["c_game_ai_tribe_siege_behaviour_handler_hook2"] compiled stub at 0x00007FFA3A434A00, size: 49 bytes (target: 0x00007FFAAA2AF7C5).
[Info   :     Fixes] [T1-22:11:18.534] [X64InlineHook] ["c_game_aiv_orderedmaptileids_hook1"] compiled stub at 0x00007FFA3A434AD0, size: 43 bytes (target: 0x00007FFAAA2D1B4A).
[Info   :     Fixes] [T1-22:11:18.535] [X64InlineHook] ["c_game_aiv_orderedmaptileids_hook2"] compiled stub at 0x00007FFA3A434B80, size: 42 bytes (target: 0x00007FFAAA2D1A02).
[Info   :     Fixes] [T1-22:11:18.535] [X64InlineHook] ["c_game_aiv_orderedmaptileids_hook3"] compiled stub at 0x00007FFA3A434C30, size: 45 bytes (target: 0x00007FFAAA2D1914).
[Info   :     Fixes] [T1-22:11:18.535] [X64InlineHook] ["c_game_aiv_orderedmaptileids_hook4"] compiled stub at 0x00007FFA3A434CF0, size: 39 bytes (target: 0x00007FFAAA2D450A).
[Info   :     Fixes] [T1-22:11:18.535] [X64InlineHook] ["c_game_aiv_orderedmaptileids_hook5"] compiled stub at 0x00007FFA3A434DA0, size: 39 bytes (target: 0x00007FFAAA2D464A).
[Info   :     Fixes] [T1-22:11:18.535] [X64InlineHook] ["c_game_aiv_orderedmaptileids_hook11"] compiled stub at 0x00007FFA3A434E50, size: 68 bytes (target: 0x00007FFAAA2D6647).
[Info   :     Fixes] [T1-22:11:18.536] [X64InlineHook] ["c_game_ai_sell_item_handler_hook"] compiled stub at 0x00007FFA3A434F80, size: 75 bytes (target: 0x00007FFAAA2BF0C9).
[Info   :     Fixes] [T1-22:11:18.536] [X64InlineHook] ["c_game_ai_deploy_harassing_siege_engine_tents_hook2"] compiled stub at 0x00007FFA3A4350D0, size: 90 bytes (target: 0x00007FFAAA2AED16).
[Info   :     Fixes] [T1-22:11:18.536] [X64InlineHook] ["c_game_ai_build_wall_hook"] compiled stub at 0x00007FFA3A435240, size: 51 bytes (target: 0x00007FFAAA2ECCC8).
[Info   :     Fixes] [T1-22:11:18.536] [X64InlineHook] ["c_game_ai_build_wall_internal_hook"] compiled stub at 0x00007FFA3A435310, size: 80 bytes (target: 0x00007FFAAA2F7D43).
[Info   :     Fixes] [T1-22:11:18.537] [X64InlineHook] ["c_game_ai_need_more_ox_bases_hook"] compiled stub at 0x00007FFA3A435430, size: 89 bytes (target: 0x00007FFAAA2ADEBA).
[Info   :     Fixes] [T1-22:11:18.537] [X64InlineHook] ["c_game_ai_need_more_ox_bases_hook2"] compiled stub at 0x00007FFA3A4355D0, size: 88 bytes (target: 0x00007FFAAA2ADD86).
[Info   :     Fixes] [T1-22:11:18.537] [X64InlineHook] ["UnitUpdate_140714574700848"] compiled stub at 0x00007FFA3A435740, size: 155 bytes (target: 0x00007FFAAA3D6130).
[Info   :     Fixes] [T1-22:11:18.537] [X64InlineHook] ["UnitUpdate_140714574704064"] compiled stub at 0x00007FFA3A435A30, size: 155 bytes (target: 0x00007FFAAA3D6DC0).
[Info   :     Fixes] [T1-22:11:18.537] [X64InlineHook] ["UnitUpdate_140714574706704"] compiled stub at 0x00007FFA3A435D20, size: 155 bytes (target: 0x00007FFAAA3D7810).
[Info   :     Fixes] [T1-22:11:18.537] [X64InlineHook] ["UnitUpdate_140714574708768"] compiled stub at 0x00007FFA3A436010, size: 155 bytes (target: 0x00007FFAAA3D8020).
[Info   :     Fixes] [T1-22:11:18.537] [X64InlineHook] ["UnitUpdate_140714574869232"] compiled stub at 0x00007FFA3A436300, size: 154 bytes (target: 0x00007FFAAA3FF2F0).
[Info   :     Fixes] [T1-22:11:18.538] [Detour:c_game_tribe_remove_unit_type_hook] ["c_game_tribe_remove_unit_type_hook"] prepared at 0x00007FFAAA3A4110 using Indirect: 9 bytes displaced, trampoline 0x00007FFA3A436610.
[Info   :     Fixes] [T1-22:11:18.539] [X64InlineHook] ["c_game_unit_tunneler_collapse_tunnel_path_hook"] compiled stub at 0x00007FFA3A436650, size: 236 bytes (target: 0x00007FFAAA405306).
[Info   :     Fixes] [T1-22:11:18.539] [X64InlineHook] ["c_game_pathfinding_rebuild_hook1"] compiled stub at 0x00007FFA3A436990, size: 42 bytes (target: 0x00007FFAAA364B61).
[Info   :     Fixes] [T1-22:11:18.539] [X64InlineHook] ["c_game_pathfinding_rebuild_hook2"] compiled stub at 0x00007FFA3A436A80, size: 49 bytes (target: 0x00007FFAAA364AA3).
[Info   :     Fixes] [T1-22:11:18.539] [X64InlineHook] ["c_game_pathfinding_rebuild_hook3"] compiled stub at 0x00007FFA3A436B30, size: 35 bytes (target: 0x00007FFAAA364DF4).
[Info   :     Fixes] [T1-22:11:18.539] [X64InlineHook] ["c_game_pathfinding_rebuild_hook4"] compiled stub at 0x00007FFA3A436BC0, size: 48 bytes (target: 0x00007FFAAA367CE6).
[Info   :     Fixes] [T1-22:11:18.540] [X64InlineHook] ["c_game_pathfinding_rebuild_hook5"] compiled stub at 0x00007FFA3A436C70, size: 68 bytes (target: 0x00007FFAAA367E92).
[Info   :     Fixes] [T1-22:11:18.540] [X64InlineHook] ["c_game_ai_is_keep_siegeable_hook1"] compiled stub at 0x00007FFA3A436D90, size: 37 bytes (target: 0x00007FFAAA34F4D9).
[Info   :     Fixes] [T1-22:11:18.540] [X64InlineHook] ["newInlineHook"] compiled stub at 0x00007FFA3A436E40, size: 42 bytes (target: 0x00007FFAAA34E7FA).
[Info   :     Fixes] [T1-22:11:18.540] [X64InlineHook] ["newInlineHook"] compiled stub at 0x00007FFA3A436EF0, size: 42 bytes (target: 0x00007FFAAA34E839).
[Info   :     Fixes] [T1-22:11:18.540] [X64InlineHook] ["newInlineHook"] compiled stub at 0x00007FFA3A436FA0, size: 42 bytes (target: 0x00007FFAAA34E879).
[Info   :     Fixes] [T1-22:11:18.540] [X64InlineHook] ["newInlineHook"] compiled stub at 0x00007FFA3A437050, size: 42 bytes (target: 0x00007FFAAA34E8B9).
[Info   :     Fixes] [T1-22:11:18.540] [X64InlineHook] ["newInlineHook"] compiled stub at 0x00007FFA3A437100, size: 42 bytes (target: 0x00007FFAAA34E8F9).
[Info   :     Fixes] [T1-22:11:18.540] [X64InlineHook] ["newInlineHook"] compiled stub at 0x00007FFA3A4371B0, size: 42 bytes (target: 0x00007FFAAA34E939).
[Info   :     Fixes] [T1-22:11:18.540] [X64InlineHook] ["newInlineHook"] compiled stub at 0x00007FFA3A437260, size: 42 bytes (target: 0x00007FFAAA34E979).
[Info   :     Fixes] [T1-22:11:18.540] [X64InlineHook] ["newInlineHook"] compiled stub at 0x00007FFA3A437310, size: 42 bytes (target: 0x00007FFAAA34E9B9).
[Info   :     Fixes] [T1-22:11:18.540] [X64InlineHook] ["newInlineHook"] compiled stub at 0x00007FFA3A4373C0, size: 42 bytes (target: 0x00007FFAAA34EA32).
[Info   :     Fixes] [T1-22:11:18.540] [X64InlineHook] ["sub_18002C5A0_hook"] compiled stub at 0x00007FFA3A437470, size: 33 bytes (target: 0x00007FFAAA2AC5E1).
[Info   :     Fixes] [T1-22:11:18.540] [X64InlineHook] ["sub_18010DCB0_hook"] compiled stub at 0x00007FFA3A437500, size: 43 bytes (target: 0x00007FFAAA38DD50).
[Info   :     Fixes] [T1-22:11:18.540] [X64InlineHook] ["sub_18010F150_hook"] compiled stub at 0x00007FFA3A4375D0, size: 40 bytes (target: 0x00007FFAAA38F1B3).
[Info   :     Fixes] [T1-22:11:18.541] [X64InlineHook] ["sub_180114760_hook"] compiled stub at 0x00007FFA3A437670, size: 37 bytes (target: 0x00007FFAAA39488A).
[Info   :     Fixes] [T1-22:11:18.541] [X64InlineHook] ["c_game_building_select_worker_approach_tile_hook1"] compiled stub at 0x00007FFA3A437710, size: 266 bytes (target: 0x00007FFAAA33B44D).
[Info   :     Fixes] [T1-22:11:18.542] [X64InlineHook] ["c_game_building_select_worker_approach_tile_hook2"] compiled stub at 0x00007FFA3A437BB0, size: 218 bytes (target: 0x00007FFAAA33B9A7).
[Info   :     Fixes] [T1-22:11:18.542] [X64InlineHook] ["c_game_build_wall_hook"] hook enabled at 0x00007FFAAA2EF2C2, stub 0x00007FFA3A432170.
[Info   :     Fixes] [T1-22:11:18.542] [X64InlineHook] ["c_game_player_queue_build_wall_hook"] hook enabled at 0x00007FFAAA291D4A, stub 0x00007FFA3A432230.
[Info   :     Fixes] [T1-22:11:18.542] [X64InlineHook] ["c_game_player_placing_walls_hook"] hook enabled at 0x00007FFAAA2E136F, stub 0x00007FFA3A432320.
[Info   :     Fixes] [T1-22:11:18.542] [X64InlineHook] ["c_game_gatehouse_query_farmerstuck_fix_hook"] hook enabled at 0x00007FFAAA337C39, stub 0x00007FFA3A432580.
[Info   :     Fixes] [T1-22:11:18.542] [X64InlineHook] ["c_game_building_toggle_pause_hook"] hook enabled at 0x00007FFAAA347F3E, stub 0x00007FFA3A432750.
[Info   :     Fixes] [T1-22:11:18.542] [X64InlineHook] ["c_game_ai_deploy_harassing_siege_engine_tents_hook"] hook enabled at 0x00007FFAAA2AEFCB, stub 0x00007FFA3A432D90.
[Info   :     Fixes] [T1-22:11:18.542] [X64InlineHook] ["c_game_ai_find_valid_siege_tent_site_hook"] hook enabled at 0x00007FFAAA36A9F7, stub 0x00007FFA3A432FA0.
[Info   :     Fixes] [T1-22:11:18.542] [X64InlineHook] ["c_game_ai_count_active_farms_hook"] hook enabled at 0x00007FFAAA3381E2, stub 0x00007FFA3A433180.
[Info   :     Fixes] [T1-22:11:18.542] [X64InlineHook] ["c_game_aiv_prepare_layout_hook"] hook enabled at 0x00007FFAAA2D4C80, stub 0x00007FFA3A4333E0.
[Info   :     Fixes] [T1-22:11:18.542] [X64InlineHook] ["c_game_attempt_recruit_required_troops_hook"] hook enabled at 0x00007FFAAA2C0C02, stub 0x00007FFA3A433460.
[Info   :     Fixes] [T1-22:11:18.542] [X64InlineHook] ["c_game_attempt_recruit_required_troops_hook2"] hook enabled at 0x00007FFAAA2C0C66, stub 0x00007FFA3A433540.
[Info   :     Fixes] [T1-22:11:18.542] [X64InlineHook] ["c_game_attempt_recruit_required_troops_hook3"] hook enabled at 0x00007FFAAA2C0D0D, stub 0x00007FFA3A433630.
[Info   :     Fixes] [T1-22:11:18.542] [X64InlineHook] ["c_game_ai_train_economy_protection_troops_hook"] hook enabled at 0x00007FFAAA2C0522, stub 0x00007FFA3A433770.
[Info   :     Fixes] [T1-22:11:18.542] [X64InlineHook] ["c_game_ai_train_economy_protection_troops_hook2"] hook enabled at 0x00007FFAAA2C0569, stub 0x00007FFA3A433850.
[Info   :     Fixes] [T1-22:11:18.542] [X64InlineHook] ["c_game_ai_train_bodyguard_troops_hook"] hook enabled at 0x00007FFAAA2C0313, stub 0x00007FFA3A433980.
[Info   :     Fixes] [T1-22:11:18.542] [X64InlineHook] ["c_game_ai_train_bodyguard_troops_hook2"] hook enabled at 0x00007FFAAA2C0379, stub 0x00007FFA3A433A60.
[Info   :     Fixes] [T1-22:11:18.542] [X64InlineHook] ["c_game_ai_move_tribe_to_keep_entrance_hook"] hook enabled at 0x00007FFAAA2BE9BA, stub 0x00007FFA3A433B90.
[Info   :     Fixes] [T1-22:11:18.542] [X64InlineHook] ["c_game_ai_recruitmentmode_handler_hook"] hook enabled at 0x00007FFAAA2AF2C5, stub 0x00007FFA3A433F90.
[Info   :     Fixes] [T1-22:11:18.542] [X64InlineHook] ["c_game_aiv_validate_building_tile_hook"] hook enabled at 0x00007FFAAA2FB219, stub 0x00007FFA3A4341B0.
[Info   :     Fixes] [T1-22:11:18.542] [X64InlineHook] ["c_game_ai_tribe_siege_behaviour_handler_hook"] hook enabled at 0x00007FFAAA2BB5C5, stub 0x00007FFA3A434560.
[Info   :     Fixes] [T1-22:11:18.542] [X64InlineHook] ["c_game_ai_tribe_siege_behaviour_handler_hook"] hook enabled at 0x00007FFAAA2AF8DA, stub 0x00007FFA3A4347D0.
[Info   :     Fixes] [T1-22:11:18.542] [X64InlineHook] ["c_game_ai_tribe_siege_behaviour_handler_hook2"] hook enabled at 0x00007FFAAA2AF7C5, stub 0x00007FFA3A434A00.
[Info   :     Fixes] [T1-22:11:18.542] [X64InlineHook] ["c_game_aiv_orderedmaptileids_hook1"] hook enabled at 0x00007FFAAA2D1B4A, stub 0x00007FFA3A434AD0.
[Info   :     Fixes] [T1-22:11:18.542] [X64InlineHook] ["c_game_aiv_orderedmaptileids_hook2"] hook enabled at 0x00007FFAAA2D1A02, stub 0x00007FFA3A434B80.
[Info   :     Fixes] [T1-22:11:18.543] [X64InlineHook] ["c_game_aiv_orderedmaptileids_hook3"] hook enabled at 0x00007FFAAA2D1914, stub 0x00007FFA3A434C30.
[Info   :     Fixes] [T1-22:11:18.543] [X64InlineHook] ["c_game_aiv_orderedmaptileids_hook4"] hook enabled at 0x00007FFAAA2D450A, stub 0x00007FFA3A434CF0.
[Info   :     Fixes] [T1-22:11:18.543] [X64InlineHook] ["c_game_aiv_orderedmaptileids_hook5"] hook enabled at 0x00007FFAAA2D464A, stub 0x00007FFA3A434DA0.
[Info   :     Fixes] [T1-22:11:18.543] [X64InlineHook] ["c_game_aiv_orderedmaptileids_hook11"] hook enabled at 0x00007FFAAA2D6647, stub 0x00007FFA3A434E50.
[Info   :     Fixes] [T1-22:11:18.543] [X64InlineHook] ["c_game_ai_sell_item_handler_hook"] hook enabled at 0x00007FFAAA2BF0C9, stub 0x00007FFA3A434F80.
[Info   :     Fixes] [T1-22:11:18.543] [X64InlineHook] ["c_game_ai_deploy_harassing_siege_engine_tents_hook2"] hook enabled at 0x00007FFAAA2AED16, stub 0x00007FFA3A4350D0.
[Info   :     Fixes] [T1-22:11:18.543] [X64InlineHook] ["c_game_ai_build_wall_hook"] hook enabled at 0x00007FFAAA2ECCC8, stub 0x00007FFA3A435240.
[Info   :     Fixes] [T1-22:11:18.543] [X64InlineHook] ["c_game_ai_build_wall_internal_hook"] hook enabled at 0x00007FFAAA2F7D43, stub 0x00007FFA3A435310.
[Info   :     Fixes] [T1-22:11:18.543] [X64InlineHook] ["c_game_ai_need_more_ox_bases_hook"] hook enabled at 0x00007FFAAA2ADEBA, stub 0x00007FFA3A435430.
[Info   :     Fixes] [T1-22:11:18.543] [X64InlineHook] ["c_game_ai_need_more_ox_bases_hook2"] hook enabled at 0x00007FFAAA2ADD86, stub 0x00007FFA3A4355D0.
[Info   :     Fixes] [T1-22:11:18.543] [X64InlineHook] ["UnitUpdate_140714574700848"] hook enabled at 0x00007FFAAA3D6130, stub 0x00007FFA3A435740.
[Info   :     Fixes] [T1-22:11:18.543] [X64InlineHook] ["UnitUpdate_140714574704064"] hook enabled at 0x00007FFAAA3D6DC0, stub 0x00007FFA3A435A30.
[Info   :     Fixes] [T1-22:11:18.543] [X64InlineHook] ["UnitUpdate_140714574706704"] hook enabled at 0x00007FFAAA3D7810, stub 0x00007FFA3A435D20.
[Info   :     Fixes] [T1-22:11:18.543] [X64InlineHook] ["UnitUpdate_140714574708768"] hook enabled at 0x00007FFAAA3D8020, stub 0x00007FFA3A436010.
[Info   :     Fixes] [T1-22:11:18.543] [X64InlineHook] ["UnitUpdate_140714574869232"] hook enabled at 0x00007FFAAA3FF2F0, stub 0x00007FFA3A436300.
[Info   :     Fixes] [T1-22:11:18.543] [X64InlineHook] ["c_game_unit_tunneler_collapse_tunnel_path_hook"] hook enabled at 0x00007FFAAA405306, stub 0x00007FFA3A436650.
[Info   :     Fixes] [T1-22:11:18.543] [X64InlineHook] ["c_game_pathfinding_rebuild_hook1"] hook enabled at 0x00007FFAAA364B61, stub 0x00007FFA3A436990.
[Info   :     Fixes] [T1-22:11:18.543] [X64InlineHook] ["c_game_pathfinding_rebuild_hook2"] hook enabled at 0x00007FFAAA364AA3, stub 0x00007FFA3A436A80.
[Info   :     Fixes] [T1-22:11:18.543] [X64InlineHook] ["c_game_pathfinding_rebuild_hook3"] hook enabled at 0x00007FFAAA364DF4, stub 0x00007FFA3A436B30.
[Info   :     Fixes] [T1-22:11:18.543] [X64InlineHook] ["c_game_pathfinding_rebuild_hook4"] hook enabled at 0x00007FFAAA367CE6, stub 0x00007FFA3A436BC0.
[Info   :     Fixes] [T1-22:11:18.543] [X64InlineHook] ["c_game_pathfinding_rebuild_hook5"] hook enabled at 0x00007FFAAA367E92, stub 0x00007FFA3A436C70.
[Info   :     Fixes] [T1-22:11:18.543] [X64InlineHook] ["c_game_ai_is_keep_siegeable_hook1"] hook enabled at 0x00007FFAAA34F4D9, stub 0x00007FFA3A436D90.
[Info   :     Fixes] [T1-22:11:18.543] [X64InlineHook] ["newInlineHook"] hook enabled at 0x00007FFAAA34E7FA, stub 0x00007FFA3A436E40.
[Info   :     Fixes] [T1-22:11:18.543] [X64InlineHook] ["newInlineHook"] hook enabled at 0x00007FFAAA34E839, stub 0x00007FFA3A436EF0.
[Info   :     Fixes] [T1-22:11:18.543] [X64InlineHook] ["newInlineHook"] hook enabled at 0x00007FFAAA34E879, stub 0x00007FFA3A436FA0.
[Info   :     Fixes] [T1-22:11:18.543] [X64InlineHook] ["newInlineHook"] hook enabled at 0x00007FFAAA34E8B9, stub 0x00007FFA3A437050.
[Info   :     Fixes] [T1-22:11:18.543] [X64InlineHook] ["newInlineHook"] hook enabled at 0x00007FFAAA34E8F9, stub 0x00007FFA3A437100.
[Info   :     Fixes] [T1-22:11:18.543] [X64InlineHook] ["newInlineHook"] hook enabled at 0x00007FFAAA34E939, stub 0x00007FFA3A4371B0.
[Info   :     Fixes] [T1-22:11:18.543] [X64InlineHook] ["newInlineHook"] hook enabled at 0x00007FFAAA34E979, stub 0x00007FFA3A437260.
[Info   :     Fixes] [T1-22:11:18.543] [X64InlineHook] ["newInlineHook"] hook enabled at 0x00007FFAAA34E9B9, stub 0x00007FFA3A437310.
[Info   :     Fixes] [T1-22:11:18.543] [X64InlineHook] ["newInlineHook"] hook enabled at 0x00007FFAAA34EA32, stub 0x00007FFA3A4373C0.
[Info   :     Fixes] [T1-22:11:18.543] [X64InlineHook] ["sub_18002C5A0_hook"] hook enabled at 0x00007FFAAA2AC5E1, stub 0x00007FFA3A437470.
[Info   :     Fixes] [T1-22:11:18.543] [X64InlineHook] ["sub_18010DCB0_hook"] hook enabled at 0x00007FFAAA38DD50, stub 0x00007FFA3A437500.
[Info   :     Fixes] [T1-22:11:18.543] [X64InlineHook] ["sub_18010F150_hook"] hook enabled at 0x00007FFAAA38F1B3, stub 0x00007FFA3A4375D0.
[Info   :     Fixes] [T1-22:11:18.543] [X64InlineHook] ["sub_180114760_hook"] hook enabled at 0x00007FFAAA39488A, stub 0x00007FFA3A437670.
[Info   :     Fixes] [T1-22:11:18.543] [X64InlineHook] ["c_game_building_select_worker_approach_tile_hook1"] hook enabled at 0x00007FFAAA33B44D, stub 0x00007FFA3A437710.
[Info   :     Fixes] [T1-22:11:18.543] [X64InlineHook] ["c_game_building_select_worker_approach_tile_hook2"] hook enabled at 0x00007FFAAA33B9A7, stub 0x00007FFA3A437BB0.
[Info   :     Fixes] [T1-22:11:18.543] [HookTransaction[ApplyNative]] Commit: "88/88 installed, 0 failed, 17ms (0ms scanning)"
[Info   :  SHCDE-SE] [T1-22:11:18.552] [DetourManager] [ApplyNative] Hook setup completed in 17ms
[Info   :  SHCDE-SE] [T1-22:11:18.645] [LobbyModSettingsStorage] [Load] [Fixes]: Settings restored from [E:\ProgrammeE\Steam\steamapps\common\Stronghold Crusader Definitive Edition\BepInEx\plugins\fixes\LobbyModSettings\Fixes.msgpack]
[Info   :  SHCDE-SE] [T1-22:11:18.648] [GameXAMLManagerAPI] [RegisterLobbyModSettingsCore] Registered mod [Fixes]
[Info   :     Fixes] [T1-22:11:18.649] [Plugin] [LoadExternalConfigs] Loading external configuration...
[Info   :     Fixes] [T1-22:11:18.653] [Plugin] [OverrideGlobals] Overriding globals...
[Info   :   BepInEx] Loading [Unit Limit 1.0.100]
[Info   :     Fixes] [T1-22:11:18.653] [Plugin] [Awake] Plugin Fixes is loaded!
[Debug  :Unit Limit] [2026-09-24 22:11:18.661] Crash breadcrumb diagnostics enabled: plugin=UnitLimit_Serp, ringCapacity=256, snapshotIntervalSeconds=1, retainedSessions=3.
[Debug  :Unit Limit] [2026-09-24 22:11:18.661] Unit Limit 1.0.100 loaded.
[Debug  :Unit Limit] [2026-09-24 22:11:18.664] [Unit Limit] gameplay-mod gate: modGuid=UnitLimit_Serp, source=initialization, kind=Unknown, launchVariant=Standard, customized=False, customizedOrigin=0, modeAllowed=False, configuredEnabled=True, effectiveEnabled=False, action=disabled-by-mode, reason=unknown-fail-closed.
[Info   :Unit Limit] [2026-09-24 22:11:18.667] [UnitLimit_Serp] gameplay-feature gate: feature=UnitLimitEnforcement, source=initialization, kind=Unknown, launchVariant=Standard, realMultiplayer=False, modeAllowed=False, action=disabled-by-feature-mode, reason=unknown-fail-closed.
[Info   :Unit Limit] [2026-09-24 22:11:18.693] Unit Limit verified the installed CrusaderDE.dll: sha256=FBCB93195FC7EFCA9BDAC5204852EFDD76F9818F59A6711750D77C9CEF2831E2, size=3451392, path=E:\ProgrammeE\Steam\steamapps\common\Stronghold Crusader Definitive Edition\Stronghold Crusader Definitive Edition_Data\Plugins\x86_64\CrusaderDE.dll.
[Info   :Serp Localization] [2026-09-24 22:11:18.707] Locale selected: locale=en-US, source=Steam runtime, rawLanguage=english, configuredProvider=detect, scriptExtenderLanguage=en-US, pluginDirectory=E:\ProgrammeE\Steam\steamapps\common\Stronghold Crusader Definitive Edition\BepInEx\plugins\UnitLimit_Serp, englishFileExists=True, localeFileExists=True.
[Info   :  SHCDE-SE] [T1-22:11:18.708] [LobbyModSettingsStorage] [Load] [UnitLimit_Serp]: Settings restored from [E:\ProgrammeE\Steam\steamapps\common\Stronghold Crusader Definitive Edition\BepInEx\plugins\UnitLimit_Serp\LobbyModSettings\UnitLimit_Serp.msgpack]
[Info   :  SHCDE-SE] [T1-22:11:18.712] [GameXAMLManagerAPI] [RegisterLobbyModSettingsCore] Registered mod [UnitLimit_Serp]
[Info   :Unit Limit] [2026-09-24 22:11:18.713] [UnitLimit_Serp] Loaded editable lobby-settings working state; basedOn=, modified=False.
[Info   :  SHCDE-SE] [T1-22:11:18.713] [GameXAMLManagerAPI] [RegisterBinding] Registering auto-binding: [UnitLimitNotificationOverlay]
[Info   :  SHCDE-SE] [T1-22:11:18.713] [GameXAMLManagerAPI] [RegisterBinding] Registering auto-binding: [UnitLimitSiegeNotificationInlineHost]
[Info   :  SHCDE-SE] [T1-22:11:18.713] [GameXAMLManagerAPI] [RegisterBinding] Registering auto-binding: [UnitLimitTroopLimitInlineHost]
[Info   :  SHCDE-SE] [T1-22:11:18.713] [GameXAMLManagerAPI] [RegisterBinding] Registering auto-binding: [UnitLimitArabTroopLimitInlineHost]
[Info   :  SHCDE-SE] [T1-22:11:18.713] [GameXAMLManagerAPI] [RegisterBinding] Registering auto-binding: [UnitLimitBedouinTroopLimitInlineHost]
[Info   :  SHCDE-SE] [T1-22:11:18.713] [GameXAMLManagerAPI] [RegisterBinding] Registering auto-binding: [UnitLimitEngineersLimitInlineHost]
[Info   :  SHCDE-SE] [T1-22:11:18.713] [GameXAMLManagerAPI] [RegisterBinding] Registering auto-binding: [UnitLimitTunellersLimitInlineHost]
[Info   :  SHCDE-SE] [T1-22:11:18.713] [GameXAMLManagerAPI] [RegisterBinding] Registering auto-binding: [UnitLimitMonkLimitInlineHost]
[Info   :  SHCDE-SE] [T1-22:11:18.713] [GameXAMLManagerAPI] [RegisterBinding] Registering auto-binding: [UnitLimitSiegeLimitInlineHost]
[Debug  :Unit Limit] [2026-09-24 22:11:18.713] Unit limit disabled; runtime hooks not subscribed
[Debug  :Unit Limit] [2026-09-24 22:11:18.713] Crusader library loaded; UnitLimit runtime initialized.
[Info   :   BepInEx] Loading [Extra Features 1.0.101]
[Debug  :Extra Features] [2026-09-24 22:11:18.717] Crash breadcrumb diagnostics enabled: plugin=ExtraFeatures_Serp, ringCapacity=256, snapshotIntervalSeconds=1, retainedSessions=3.
[Debug  :Extra Features] [2026-09-24 22:11:18.717] Extra Features 1.0.101 loaded.
[Debug  :Extra Features] [2026-09-24 22:11:18.719] [Extra Features] gameplay-mod gate: modGuid=ExtraFeatures_Serp, source=initialization, kind=Unknown, launchVariant=Standard, customized=False, customizedOrigin=0, modeAllowed=False, configuredEnabled=True, effectiveEnabled=False, action=disabled-by-mode, reason=unknown-fail-closed.
[Info   :Extra Features] [2026-09-24 22:11:18.719] [ExtraFeatures_Serp] gameplay-feature gate: feature=LordHealthMultipliers, source=initialization, kind=Unknown, launchVariant=Standard, realMultiplayer=False, modeAllowed=False, action=disabled-by-feature-mode, reason=unknown-fail-closed.
[Debug  :Extra Features] [2026-09-24 22:11:18.720] Extra Features connected to UnitLimit capacity integration.
[Info   :  SHCDE-SE] [T1-22:11:18.724] [GameNetworkAPI] [GetPacketEventFor] Dynamically registered packet type 'KnightTransformationPacket' with ID: 1101
[Info   :  SHCDE-SE] [T1-22:11:18.724] [GameNetworkAPI] [GetPacketEventFor] Created R3 event stream for packet ID 1101 [KnightTransformationPacket]
[Debug  :Extra Features] [2026-09-24 22:11:18.727] Extra Features Knight transformation persistent Stop/Save/movement/visual infrastructure installed.
[Debug  :Extra Features] [2026-09-24 22:11:18.727] Extra Features Knight transformation synchronization registered: protocolVersion=2.
[Info   :  SHCDE-SE] [T1-22:11:18.727] [GameNetworkAPI] [GetPacketEventFor] Dynamically registered packet type 'GatehouseAutomationPacket' with ID: 1102
[Info   :  SHCDE-SE] [T1-22:11:18.727] [GameNetworkAPI] [GetPacketEventFor] Created R3 event stream for packet ID 1102 [GatehouseAutomationPacket]
[Info   :Extra Features] [2026-09-24 22:11:18.728] Extra Features gatehouse Chore packet registered eagerly: packetId=1102, protocolVersion=1.
[Info   :  SHCDE-SE] [T1-22:11:18.728] [ModSaveDataAPI] [RegisterModDataHandler] Registered handler for [serp-extrafeatures-gatehouse-automation-v1]
[Info   :Extra Features] [2026-09-24 22:11:18.729] Extra Features gatehouse timing is owned by APIShared; no local native timing patch is installed.
[Info   :Extra Features] [2026-09-24 22:11:18.729] Extra Features gatehouse automation initialized; savegames use global building IDs and editor maps use stable locators in save schema v2.
[Debug  :Extra Features] [2026-09-24 22:11:18.730] AI defense repair and rebuild runtime initialized.
[Info   :  SHCDE-SE] [T1-22:11:18.730] [ModSaveDataAPI] [RegisterModDataHandler] Registered handler for [ExtraFeatures.LordHealth.v1]
[Info   :Serp Localization] [2026-09-24 22:11:18.747] Locale selected: locale=en-US, source=Steam runtime, rawLanguage=english, configuredProvider=detect, scriptExtenderLanguage=en-US, pluginDirectory=E:\ProgrammeE\Steam\steamapps\common\Stronghold Crusader Definitive Edition\BepInEx\plugins\ExtraFeatures_Serp, englishFileExists=True, localeFileExists=True.
[Info   :  SHCDE-SE] [T1-22:11:18.752] [LobbyModSettingsStorage] [Load] [ExtraFeatures_Serp]: Settings restored from [E:\ProgrammeE\Steam\steamapps\common\Stronghold Crusader Definitive Edition\BepInEx\plugins\ExtraFeatures_Serp\LobbyModSettings\ExtraFeatures_Serp.msgpack]
[Info   :  SHCDE-SE] [T1-22:11:18.764] [GameXAMLManagerAPI] [RegisterLobbyModSettingsCore] Registered mod [ExtraFeatures_Serp]
[Info   :Extra Features] [2026-09-24 22:11:18.764] [ExtraFeatures_Serp] Loaded editable lobby-settings working state; basedOn=, modified=False.
[Info   :  SHCDE-SE] [T1-22:11:18.764] [GameXAMLManagerAPI] [RegisterBinding] Registering auto-binding: [SerpTroopAction_0100_ExtraFeaturesKnightTransform]
[Info   :  SHCDE-SE] [T1-22:11:18.764] [GameXAMLManagerAPI] [RegisterBinding] Registering auto-binding: [ExtraFeaturesGatehouseAutomationButtonHost]
[Debug  :Extra Features] [2026-09-24 22:11:18.789] Native address resolved: name=default worker-count table, method=reference-rva, rva=0x2E5E58.
[Info   :Extra Features] [2026-09-24 22:11:18.790] Extra Features church worker table found at 00007FFAAA565DE0.
[Debug  :Extra Features] [2026-09-24 22:11:18.790] Native address resolved: name=plague lifetime instruction, method=reference-rva, rva=0x9A164.
[Info   :  SHCDE-SE] [T1-22:11:18.791] [X64InlineHook] ["handle"] compiled stub at 0x00007FFA3A437ED0, size: 182 bytes (target: 0x00007FFAAA31A176).
[Info   :  SHCDE-SE] [T1-22:11:18.792] [X64InlineHook] ["handle"] hook enabled at 0x00007FFAAA31A176, stub 0x00007FFA3A437ED0.
[Info   :  SHCDE-SE] [T1-22:11:18.792] [HookTransaction[CreateOwnedTransaction]] Commit: "1/1 installed, 0 failed, 0ms (0ms scanning)"
[Debug  :Extra Features] [2026-09-24 22:11:18.793] Native address resolved: name=AI flag projectile routine, method=reference-rva, rva=0x504F0.
[Info   :  SHCDE-SE] [T1-22:11:18.793] [ModSaveDataAPI] [RegisterModDataHandler] Registered handler for [ExtraFeatures.AiFlagDisease.v1]
[Info   :  SHCDE-SE] [T1-22:11:18.793] [Detour:aiFlagRoutineHook] ["aiFlagRoutineHook"] prepared at 0x00007FFAAA2D04F0 using Indirect: 6 bytes displaced, trampoline 0x00007FFA3A438120.
[Debug  :Extra Features] [2026-09-24 22:11:18.840] Extra Features AI flag disease tracking initialized: routineRva=0x504F0.
[Info   :  SHCDE-SE] [T1-22:11:18.840] [HookTransaction[CreateOwnedTransaction]] Commit: "1/1 installed, 0 failed, 46ms (0ms scanning)"
[Debug  :Extra Features] [2026-09-24 22:11:18.841] Extra Features AI flag and Cesspit Disease lifetime exceptions initialized: comparisonRva=0x9A176, vanilla=800.
[Debug  :Extra Features] [2026-09-24 22:11:18.842] Native address resolved: name=apothecary plague-search range block, method=reference-rva, rva=0x9F85F.
[Info   :  SHCDE-SE] [T1-22:11:18.843] [X64InlineHook] ["distanceComparisonHook"] compiled stub at 0x00007FFA3A438160, size: 53 bytes (target: 0x00007FFAAA31F866).
[Info   :  SHCDE-SE] [T1-22:11:18.843] [X64InlineHook] ["distanceComparisonHook"] hook enabled at 0x00007FFAAA31F866, stub 0x00007FFA3A438160.
[Info   :  SHCDE-SE] [T1-22:11:18.843] [HookTransaction[CreateOwnedTransaction]] Commit: "1/1 installed, 0 failed, 0ms (0ms scanning)"
[Info   :Extra Features] [2026-09-24 22:11:18.843] Extra Features apothecary plague-search hook installed disabled: startRva=0x9F866, displaced=14, returnRva=0x9F874, rejectRva=0x9F8CD, incomingInteriorTargets=0.
[Debug  :Extra Features] [2026-09-24 22:11:18.843] Native address resolved: name=Monk movement decision, method=reference-rva, rva=0x151436.
[Info   :  SHCDE-SE] [T1-22:11:18.857] [X64InlineHook] ["movementDecisionHook"] compiled stub at 0x00007FFA3A438260, size: 143 bytes (target: 0x00007FFAAA3D1436).
[Info   :Extra Features] [2026-09-24 22:11:18.857] Extra Features Monk movement hook installed disabled: startRva=0x151436, endRva=0x15144A, instructionLengths=9,2,9, nextRva=0x15144A, incomingInteriorTargets=0, skins=FightingMonk/TempleGuard.
[Info   :  SHCDE-SE] [T1-22:11:18.857] [X64InlineHook] ["movementDecisionHook"] hook enabled at 0x00007FFAAA3D1436, stub 0x00007FFA3A438260.
[Info   :  SHCDE-SE] [T1-22:11:18.857] [HookTransaction[CreateOwnedTransaction]] Commit: "1/1 installed, 0 failed, 0ms (0ms scanning)"
[Debug  :Extra Features] [2026-09-24 22:11:18.859] Native address resolved: name=fear-factor damage helper, method=reference-rva, rva=0x180560.
[Debug  :Extra Features] [2026-09-24 22:11:18.859] Native address resolved: name=fear-factor selected-unit overlay, method=reference-rva, rva=0x1A19F2.
[Info   :Extra Features] [2026-09-24 22:11:18.863] FEAR_FACTOR_VALIDATED: sha256=FBCB93195FC7EFCA9BDAC5204852EFDD76F9818F59A6711750D77C9CEF2831E2, uiStart=0x1A19F2, uiEnd=0x1A1A00, instructionLengths=7,7, next=TEST_EAX_EAX.
[Info   :  SHCDE-SE] [T1-22:11:18.863] [Detour:damageHook] ["damageHook"] prepared at 0x00007FFAAA400560 using Indirect: 10 bytes displaced, trampoline 0x00007FFA3A438440.
[Info   :  SHCDE-SE] [T1-22:11:18.863] [X64InlineHook] ["unitOverlayHook"] compiled stub at 0x00007FFA3A438480, size: 269 bytes (target: 0x00007FFAAA4219F2).
[Info   :  SHCDE-SE] [T1-22:11:18.910] [X64InlineHook] ["unitOverlayHook"] hook enabled at 0x00007FFAAA4219F2, stub 0x00007FFA3A438480.
[Info   :Extra Features] [2026-09-24 22:11:18.910] FEAR_FACTOR_NEUTRALIZATION_READY: damageRva=0x180560, damageDetourLength=10, uiHookRva=0x1A19F2, actualUiHookLength=14, scope=allPlayersAndAI, initiallyEnabled=false, registers=All, editorEnabled=true, fearStateMutation=false, hooksInstalledAtomically=true.
[Info   :  SHCDE-SE] [T1-22:11:18.910] [HookTransaction[Apply]] Commit: "2/2 installed, 0 failed, 47ms (0ms scanning)"
[Debug  :Extra Features] [2026-09-24 22:11:18.914] Extra Features gatehouse diagnostic: button visibility state: hidden: mod-disabled.
[Info   :Extra Features] [2026-09-24 22:11:18.916] Extra Features church priest counts applied: enabled=False, church2=1, church3=1.
[Debug  :Extra Features] [2026-09-24 22:11:18.917] Native address resolved: name=AI market buy-price helper, method=reference-rva, rva=0xCEB10.
[Debug  :Extra Features] [2026-09-24 22:11:18.917] Native address resolved: name=AI market sell-price helper, method=reference-rva, rva=0xCEB90.
[Info   :Extra Features] [2026-09-24 22:11:18.937] Extra Features AI market hook spans validated before installation: buy=0xCEB10-0xCEB1A (3+7 bytes), sell=0xCEB90-0xCEB9A (3+7 bytes), nextInstructionLength=5, minimumDetourBytes=6, ripRelative=false, incomingInteriorTargets=0, overlap=false.
[Info   :  SHCDE-SE] [T1-22:11:18.937] [Detour:buyPriceHook] ["buyPriceHook"] prepared at 0x00007FFAAA34EB10 using Indirect: 10 bytes displaced, trampoline 0x00007FFA3A438800.
[Info   :  SHCDE-SE] [T1-22:11:18.938] [Detour:sellPriceHook] ["sellPriceHook"] prepared at 0x00007FFAAA34EB90 using Indirect: 10 bytes displaced, trampoline 0x00007FFA3A438840.
[Info   :Extra Features] [2026-09-24 22:11:19.030] Extra Features AI Vanilla market-price hooks installed atomically: buyMethod=reference-rva, buyRva=0xCEB10, buySpan=0xCEB10-0xCEB1A; sellMethod=reference-rva, sellRva=0xCEB90, sellSpan=0xCEB90-0xCEB9A; minimumDetourBytes=6.
[Info   :  SHCDE-SE] [T1-22:11:19.030] [HookTransaction[CreateOwnedTransaction]] Commit: "2/2 installed, 0 failed, 93ms (0ms scanning)"
[Debug  :Extra Features] [2026-09-24 22:11:19.031] Crusader library loaded; Extra Features initialization stages completed.
[Info   :   BepInEx] Loading [Bugfixes and QoL 1.0.163]
[Debug  :Bugfixes and QoL] [2026-09-24 22:11:19.044] Crash breadcrumb diagnostics enabled: plugin=BugfixesAndQoL_Serp, ringCapacity=256, snapshotIntervalSeconds=1, retainedSessions=3.
[Debug  :Bugfixes and QoL] [2026-09-24 22:11:19.044] Bugfixes and QoL 1.0.163 loaded.
[Debug  :Bugfixes and QoL] [2026-09-24 22:11:19.067] Bugfixes and QoL Vanilla startup UI-readiness guard installed for the process lifetime.
[Debug  :Bugfixes and QoL] [2026-09-24 22:11:19.075] Bugfixes and QoL resolution-aware extended zoom hooks installed for the process lifetime.
[Info   :Bugfixes and QoL] [2026-09-24 22:11:19.144] Controlled Lord registered with APIShared unit-HUD presentation.
[Info   : APIShared] [2026-09-24 22:11:19.144] capability=gatehouse-distance-origin, build=FBCB93195FC7EFCA9BDAC5204852EFDD76F9818F59A6711750D77C9CEF2831E2, owner=BugfixesAndQoL_Serp, origin=BuildingBoundsCenter, status=applied
[Info   :Bugfixes and QoL] [2026-09-24 22:11:19.144] Gatehouse distance-origin correction is owned by APIShared; no local native patch is installed.
[Info   :Bugfixes and QoL] [2026-09-24 22:11:19.146] Briefing No Starting Gold correction registered with APIShared.
[Info   :Bugfixes and QoL] [2026-09-24 22:11:19.236] Bugfixes and QoL Coop custom-lord selection initialized.
[Info   :  SHCDE-SE] [T1-22:11:19.236] [GameXAMLManagerAPI] [RegisterBinding] Registering auto-binding: [CoopCustomLordSelectionHost]
[Info   :  SHCDE-SE] [T1-22:11:19.236] [ModSaveDataAPI] [RegisterModDataHandler] Registered handler for [BugfixesAndQoL-TrailCustomizationOrigin]
[Info   :  SHCDE-SE] [T1-22:11:19.237] [GameNetworkAPI] [GetPacketEventFor] Dynamically registered packet type 'TrailCustomizationPacket' with ID: 1103
[Info   :  SHCDE-SE] [T1-22:11:19.237] [GameNetworkAPI] [GetPacketEventFor] Created R3 event stream for packet ID 1103 [TrailCustomizationPacket]
[Info   :Bugfixes and QoL] [2026-09-24 22:11:19.309] Trail Customize button feature initialized.
[Info   :  SHCDE-SE] [T1-22:11:19.311] [GameNetworkAPI] [GetPacketEventFor] Dynamically registered packet type 'QuarryPileRelocationPacket' with ID: 1104
[Info   :  SHCDE-SE] [T1-22:11:19.311] [GameNetworkAPI] [GetPacketEventFor] Created R3 event stream for packet ID 1104 [QuarryPileRelocationPacket]
[Info   :  SHCDE-SE] [T1-22:11:19.311] [GameNetworkAPI] [GetPacketEventFor] Dynamically registered packet type 'SingleBuildingPausePacket' with ID: 1105
[Info   :  SHCDE-SE] [T1-22:11:19.311] [GameNetworkAPI] [GetPacketEventFor] Created R3 event stream for packet ID 1105 [SingleBuildingPausePacket]
[Info   :Bugfixes and QoL] [2026-09-24 22:11:19.312] Bugfixes and QoL Chore packet registered eagerly: packetId=1105, protocolVersion=2.
[Info   :  SHCDE-SE] [T1-22:11:19.312] [GameNetworkAPI] [GetPacketEventFor] Dynamically registered packet type 'AssassinClimbStatePacket' with ID: 1106
[Info   :  SHCDE-SE] [T1-22:11:19.312] [GameNetworkAPI] [GetPacketEventFor] Created R3 event stream for packet ID 1106 [AssassinClimbStatePacket]
[Debug  :Bugfixes and QoL] [2026-09-24 22:11:19.312] Bugfixes and QoL Assassin climb-state synchronization registered: protocolVersion=1.
[Debug  :Bugfixes and QoL] [2026-09-24 22:11:19.312] Bugfixes and QoL Assassin climb cancellation subscribed to the Script Extender selected-unit Pre event.
[Info   :  SHCDE-SE] [T1-22:11:19.313] [GameNetworkAPI] [GetPacketEventFor] Dynamically registered packet type 'MultiplayerAivSyncPacket' with ID: 1107
[Info   :  SHCDE-SE] [T1-22:11:19.313] [GameNetworkAPI] [GetPacketEventFor] Created R3 event stream for packet ID 1107 [MultiplayerAivSyncPacket]
[Debug  :Bugfixes and QoL] [2026-09-24 22:11:19.315] Bugfixes and QoL multiplayer AIV sync initialized: packetId=1107, protocol=1.
[Info   :  SHCDE-SE] [T1-22:11:19.316] [GameNetworkAPI] [GetPacketEventFor] Dynamically registered packet type 'MultiplayerGameSpeedChangePacket' with ID: 1108
[Info   :  SHCDE-SE] [T1-22:11:19.316] [GameNetworkAPI] [GetPacketEventFor] Created R3 event stream for packet ID 1108 [MultiplayerGameSpeedChangePacket]
[Info   :Bugfixes and QoL] [2026-09-24 22:11:19.316] Bugfixes and QoL multiplayer game speed: Chore packet registered eagerly: packetId=1108, protocolVersion=2.
[Info   :Bugfixes and QoL] [2026-09-24 22:11:19.351] Bugfixes and QoL multiplayer game speed: managed keybind and in-game options hooks installed.
[Info   :  SHCDE-SE] [T1-22:11:19.352] [GameNetworkAPI] [GetPacketEventFor] Dynamically registered packet type 'SiegeAmmoRestockPacket' with ID: 1109
[Info   :  SHCDE-SE] [T1-22:11:19.352] [GameNetworkAPI] [GetPacketEventFor] Created R3 event stream for packet ID 1109 [SiegeAmmoRestockPacket]
[Info   :Bugfixes and QoL] [2026-09-24 22:11:19.367] fair siege-ammunition hook initialized: packetId=1109, protocol=1.
[Info   :Bugfixes and QoL] [2026-09-24 22:11:19.367] Bugfixes and QoL hostile placement-clearance validation subscribed.
[Debug  :Bugfixes and QoL] [2026-09-24 22:11:19.372] Bugfixes and QoL abrupt host-migration hook installed.
[Info   :  SHCDE-SE] [T1-22:11:19.375] [GameXAMLManagerAPI] [RegisterBinding] Registering auto-binding: [BugfixesAndQoLAivSyncStatusHost]
[Debug  :Bugfixes and QoL] [2026-09-24 22:11:19.377] Bugfixes and QoL deferred market-goods visuals until the game UI resources are ready: mainViewModelReady=False, gameSprites=0, icons=0/20, localizedNames=0/20.
[Info   :Serp Localization] [2026-09-24 22:11:19.391] Locale selected: locale=en-US, source=Steam runtime, rawLanguage=english, configuredProvider=detect, scriptExtenderLanguage=en-US, pluginDirectory=E:\ProgrammeE\Steam\steamapps\common\Stronghold Crusader Definitive Edition\BepInEx\plugins\BugfixesAndQoL_Serp, englishFileExists=True, localeFileExists=True.
[Info   :  SHCDE-SE] [T1-22:11:19.399] [GameNetworkAPI] [GetPacketEventFor] Dynamically registered packet type 'SurrenderRequestPacket' with ID: 1110
[Info   :  SHCDE-SE] [T1-22:11:19.399] [GameNetworkAPI] [GetPacketEventFor] Created R3 event stream for packet ID 1110 [SurrenderRequestPacket]
[Info   :  SHCDE-SE] [T1-22:11:19.399] [GameNetworkAPI] [GetPacketEventFor] Dynamically registered packet type 'SurrenderExecutionPacket' with ID: 1111
[Info   :  SHCDE-SE] [T1-22:11:19.399] [GameNetworkAPI] [GetPacketEventFor] Created R3 event stream for packet ID 1111 [SurrenderExecutionPacket]
[Info   :  SHCDE-SE] [T1-22:11:19.399] [GameNetworkAPI] [GetPacketEventFor] Dynamically registered packet type 'EliminatedPlayerSpectatorPacket' with ID: 1112
[Info   :  SHCDE-SE] [T1-22:11:19.399] [GameNetworkAPI] [GetPacketEventFor] Created R3 event stream for packet ID 1112 [EliminatedPlayerSpectatorPacket]
[Info   :Bugfixes and QoL] [2026-09-24 22:11:19.437] Bugfixes and QoL surrender/statistics initialized: requestPacketId=1110, executionPacketId=1111, spectatorPacketId=1112, requestProtocolVersion=1, statisticsReady=True, statisticsTeamBadgesReady=True.
[Debug  :Bugfixes and QoL] [2026-09-24 22:11:19.459] Bugfixes and QoL resync host-kick hooks installed.
[Debug  :Bugfixes and QoL] [2026-09-24 22:11:19.463] Bugfixes and QoL loaded 8 shared AI AIV/AIC selections from E:\ProgrammeE\Steam\steamapps\common\Stronghold Crusader Definitive Edition\BepInEx\plugins\BugfixesAndQoL_Serp\LobbyModSettings\AiAivSelectionMemory.json.
[Info   :  SHCDE-SE] [T1-22:11:19.463] [GameXAMLManagerAPI] [RegisterBinding] Registering auto-binding: [RandomLordFiltersSimple]
[Info   :  SHCDE-SE] [T1-22:11:19.463] [GameXAMLManagerAPI] [RegisterBinding] Registering auto-binding: [RandomLordFiltersAdvanced]
[Debug  :Bugfixes and QoL] [2026-09-24 22:11:19.480] Bugfixes and QoL AI selection memory hooks installed. memoryEnabled=True, storePath=E:\ProgrammeE\Steam\steamapps\common\Stronghold Crusader Definitive Edition\BepInEx\plugins\BugfixesAndQoL_Serp\LobbyModSettings\AiAivSelectionMemory.json
[Debug  :Bugfixes and QoL] [2026-09-24 22:11:19.501] Bugfixes and QoL Workshop upload Lord-selection hook installed.
[Info   :  SHCDE-SE] [T1-22:11:19.502] [GameXAMLManagerAPI] [RegisterBinding] Registering auto-binding: [CustomLordSearchPanel]
[Info   :  SHCDE-SE] [T1-22:11:19.502] [GameXAMLManagerAPI] [RegisterBinding] Registering auto-binding: [CustomLordHeaderPanel]
[Info   :  SHCDE-SE] [T1-22:11:19.502] [GameXAMLManagerAPI] [RegisterBinding] Registering auto-binding: [CustomLordTypeHeader]
[Info   :  SHCDE-SE] [T1-22:11:19.502] [GameXAMLManagerAPI] [RegisterBinding] Registering auto-binding: [CustomLordNameHeader]
[Info   :  SHCDE-SE] [T1-22:11:19.502] [GameXAMLManagerAPI] [RegisterBinding] Registering auto-binding: [CustomLordPowerHeader]
[Info   :  SHCDE-SE] [T1-22:11:19.502] [GameXAMLManagerAPI] [RegisterBinding] Registering auto-binding: [CustomLordSortHelpPanel]
[Debug  :Bugfixes and QoL] [2026-09-24 22:11:19.503] Bugfixes and QoL custom-lord list hook installed.
[Info   :  SHCDE-SE] [T1-22:11:19.510] [GameXAMLManagerAPI] [RegisterBinding] Registering auto-binding: [BugfixesAndQoLAivHeaderPanel]
[Info   :  SHCDE-SE] [T1-22:11:19.510] [GameXAMLManagerAPI] [RegisterBinding] Registering auto-binding: [BugfixesAndQoLAivSearchPanel]
[Info   :  SHCDE-SE] [T1-22:11:19.510] [GameXAMLManagerAPI] [RegisterBinding] Registering auto-binding: [BugfixesAndQoLAicHeaderPanel]
[Info   :  SHCDE-SE] [T1-22:11:19.510] [GameXAMLManagerAPI] [RegisterBinding] Registering auto-binding: [BugfixesAndQoLAicSearchPanel]
[Info   :  SHCDE-SE] [T1-22:11:19.510] [GameXAMLManagerAPI] [RegisterBinding] Registering auto-binding: [BugfixesAndQoLAicDropdownHost]
[Info   :  SHCDE-SE] [T1-22:11:19.510] [GameXAMLManagerAPI] [RegisterBinding] Registering auto-binding: [BugfixesAndQoLAivPresetButtonHost]
[Info   :  SHCDE-SE] [T1-22:11:19.510] [GameXAMLManagerAPI] [RegisterBinding] Registering auto-binding: [BugfixesAndQoLAivPresetDialog]
[Info   :  SHCDE-SE] [T1-22:11:19.510] [GameXAMLManagerAPI] [RegisterBinding] Registering auto-binding: [BugfixesAndQoLAivSelectionListHost]
[Debug  :Bugfixes and QoL] [2026-09-24 22:11:19.512] Bugfixes and QoL AI castle/settings list hook installed.
[Debug  :Bugfixes and QoL] [2026-09-24 22:11:19.529] Bugfixes and QoL loaded lobby map-selection memory: column=2, ascending=True, map=user:test AI overbuild eachother.
[Debug  :Bugfixes and QoL] [2026-09-24 22:11:19.530] Bugfixes and QoL map-origin sorting hooks installed.
[Info   :  SHCDE-SE] [T1-22:11:19.542] [GameXAMLManagerAPI] [RegisterBinding] Registering auto-binding: [BugfixesAndQoLShowVanillaMapsHost]
[Info   :  SHCDE-SE] [T1-22:11:19.542] [GameXAMLManagerAPI] [RegisterBinding] Registering auto-binding: [BugfixesAndQoLDeleteMapHost]
[Debug  :Bugfixes and QoL] [2026-09-24 22:11:19.547] Bugfixes and QoL auto-trade sell zero hook installed.
[Debug  :Bugfixes and QoL] [2026-09-24 22:11:19.549] Bugfixes and QoL HD market view hooks installed.
[Debug  :Bugfixes and QoL] [2026-09-24 22:11:19.552] Bugfixes and QoL camera movement modifier hooks installed.
[Debug  :Bugfixes and QoL] [2026-09-24 22:11:19.554] Bugfixes and QoL Custom Trail starting-gold fix hooks installed.
[Debug  :Bugfixes and QoL] [2026-09-24 22:11:19.554] Bugfixes and QoL feature hooks reconciled.
[Info   :  SHCDE-SE] [T1-22:11:19.555] [LobbyModSettingsStorage] [Load] [BugfixesAndQoL_Serp]: Settings restored from [E:\ProgrammeE\Steam\steamapps\common\Stronghold Crusader Definitive Edition\BepInEx\plugins\BugfixesAndQoL_Serp\LobbyModSettings\BugfixesAndQoL_Serp.msgpack]
[Info   :  SHCDE-SE] [T1-22:11:19.566] [GameXAMLManagerAPI] [RegisterLobbyModSettingsCore] Registered mod [BugfixesAndQoL_Serp]
[Info   :Bugfixes and QoL] [2026-09-24 22:11:19.566] [BugfixesAndQoL_Serp] Loaded editable lobby-settings working state; basedOn=, modified=False.
[Info   :Bugfixes and QoL] [2026-09-24 22:11:19.569] [BugfixesAndQoL_Serp] Shared per-player lobby convergence activated: settings=[EnableMinimapCursorFollowFix,EnableCompleteNotificationSkipOnClick,EnableMarketKeyMainMenuFix,EnableAutoTradeSellZeroFix,EnableEnemyProximityBulldozeCursorFix,EnableIngameSteamInvitePrompt,ShowSelectedUnitHealth,ImproveYellowLobbyContrast,EnableBriefingNoStartingGoldFix,StatisticsTeamBadgeMode,EnableTroopHudMiddleClickCameraJump,EnableClientFeatures,AllowMinimapWhilePlacingBuilding,PreventMoveOrderOnPlacementCancel,AllowCameraMovementWithModifiers,EnableResolutionAwareExtendedZoom,HdMarketView,MarketGoodsOrder,MultiplayerSafetyCompatibilityReport], required=[MultiplayerSafetyCompatibilityReport].
[Info   :  SHCDE-SE] [T1-22:11:19.569] [GameXAMLManagerAPI] [RegisterBinding] Registering auto-binding: [BugfixesAndQoLSkirmishGameOptionsButtonHost]
[Debug  :Bugfixes and QoL] [2026-09-24 22:11:19.608] BUGFIXES_AND_QOL_SKIRMISH_GAME_OPTIONS_MANAGED_READY: lobby, cow and auto-trading hooks installed.
[Info   :  SHCDE-SE] [T1-22:11:19.608] [GameXAMLManagerAPI] [RegisterBinding] Registering auto-binding: [SerpTroopAction_0200_BugfixesAndQoLAssassinClimb]
[Info   :  SHCDE-SE] [T1-22:11:19.608] [GameXAMLManagerAPI] [RegisterBinding] Registering auto-binding: [BugfixesAndQoLQuarryPileRelocationButtonHost]
[Info   :  SHCDE-SE] [T1-22:11:19.608] [GameXAMLManagerAPI] [RegisterBinding] Registering auto-binding: [BugfixesAndQoLSurrenderButtonHost]
[Info   :  SHCDE-SE] [T1-22:11:19.608] [GameXAMLManagerAPI] [RegisterBinding] Registering auto-binding: [BugfixesAndQoLSpectatorStatisticsRefreshHost]
[Info   :  SHCDE-SE] [T1-22:11:19.608] [GameXAMLManagerAPI] [RegisterBinding] Registering auto-binding: [BugfixesAndQoLSelectedUnitHealthHost]
[Debug  :Bugfixes and QoL] [2026-09-24 22:11:19.634] Keep-flag rotation fix installed; scanDelayTicks=3, modeFilter=new-map-only.
[Info   :  SHCDE-SE] [T1-22:11:19.705] [Detour:handle] ["handle"] prepared at 0x00007FFAAA3310D0 using Indirect: 7 bytes displaced, trampoline 0x00007FFA3A438880.
[Info   :  SHCDE-SE] [T1-22:11:19.754] [HookTransaction[.ctor]] Commit: "1/1 installed, 0 failed, 49ms (0ms scanning)"
[Info   :Bugfixes and QoL] [2026-09-24T22:11:19.754+02:00] TANNER_FADE_FIX NATIVE_FIX_READY rva=0xB10D0 scheme=Indirect span=7 fade_updates=64
[Info   :  SHCDE-SE] [T1-22:11:19.787] [Detour:notificationUpdateHook] ["notificationUpdateHook"] prepared at 0x00007FFAAA37E570 using Indirect: 6 bytes displaced, trampoline 0x00007FFA3A4388C0.
[Info   :  SHCDE-SE] [T1-22:11:19.835] [HookTransaction[CreateOwnedTransaction]] Commit: "1/1 installed, 0 failed, 48ms (0ms scanning)"
[Debug  :Bugfixes and QoL] [2026-09-24 22:11:19.836] Bugfixes and QoL complete notification-skip hooks installed for the process lifetime.
[Debug  :Bugfixes and QoL] [2026-09-24 22:11:19.838] Native address resolved: name=Assassin path-cost builder, method=reference-rva, rva=0xD9C40.
[Debug  :Bugfixes and QoL] [2026-09-24 22:11:19.839] Native address resolved: name=Assassin path reconstruction endpoint-building guards, method=reference-rva, rva=0xE19D4.
[Info   :  SHCDE-SE] [T1-22:11:19.840] [X64InlineHook] ["handle"] compiled stub at 0x00007FFA3A438900, size: 68 bytes (target: 0x00007FFAAA3619D8).
[Info   :  SHCDE-SE] [T1-22:11:19.840] [X64InlineHook] ["handle"] compiled stub at 0x00007FFA3A438A50, size: 86 bytes (target: 0x00007FFAAA3619F9).
[Info   :  SHCDE-SE] [T1-22:11:19.840] [X64InlineHook] ["handle"] hook enabled at 0x00007FFAAA3619D8, stub 0x00007FFA3A438900.
[Info   :  SHCDE-SE] [T1-22:11:19.840] [X64InlineHook] ["handle"] hook enabled at 0x00007FFAAA3619F9, stub 0x00007FFA3A438A50.
[Debug  :Bugfixes and QoL] [2026-09-24 22:11:19.840] Assassin path reconstruction permanent hooks installed: currentRva=0xE19D8, currentDisplaced=18, neighborRva=0xE19F9, neighborDisplaced=23.
[Info   :  SHCDE-SE] [T1-22:11:19.840] [HookTransaction[CreateOwnedTransaction]] Commit: "2/2 installed, 0 failed, 0ms (0ms scanning)"
[Info   :  SHCDE-SE] [T1-22:11:19.841] [Detour:detour] ["detour"] prepared at 0x00007FFAAA359C40 using Indirect: 10 bytes displaced, trampoline 0x00007FFA3A438BC0.
[Info   :  SHCDE-SE] [T1-22:11:19.887] [HookTransaction[CreateOwnedTransaction]] Commit: "1/1 installed, 0 failed, 47ms (0ms scanning)"
[Debug  :Bugfixes and QoL] [2026-09-24 22:11:19.888] Bugfixes and QoL weighted Assassin pathfinding installed at RVA 0xD9C40; climb costs=80/240/400 ticks.
[Info   :  SHCDE-SE] [T1-22:11:19.889] [X64InlineHook] ["handle"] compiled stub at 0x00007FFA3A438C00, size: 269 bytes (target: 0x00007FFAAA417716).
[Info   :  SHCDE-SE] [T1-22:11:19.889] [X64InlineHook] ["handle"] hook enabled at 0x00007FFAAA417716, stub 0x00007FFA3A438C00.
[Info   :  SHCDE-SE] [T1-22:11:19.889] [HookTransaction[CreateOwnedTransaction]] Commit: "1/1 installed, 0 failed, 0ms (0ms scanning)"
[Info   :Bugfixes and QoL] [2026-09-24 22:11:19.889] installed Assassin post-combat path-context hook at RVA 0x197716.
[Debug  :Bugfixes and QoL] [2026-09-24 22:11:19.890] Native address resolved: name=pre-terrain movement-speed adjustment, method=reference-rva, rva=0x19B506.
[Debug  :Bugfixes and QoL] [2026-09-24 22:11:19.890] Native address resolved: name=unit-type update dispatch, method=reference-rva, rva=0x18410C.
[Debug  :Bugfixes and QoL] [2026-09-24 22:11:19.890] Native address resolved: name=movement cadence, method=reference-rva, rva=0x184203.
[Debug  :Bugfixes and QoL] [2026-09-24 22:11:19.891] Native address resolved: name=Spearman movement decision for rally cadence, method=reference-rva, rva=0x143BD9.
[Info   :  SHCDE-SE] [T1-22:11:19.940] [X64InlineHook] ["movementSpeedAdjustmentHook"] compiled stub at 0x00007FFA3A438F90, size: 173 bytes (target: 0x00007FFAAA41B506).
[Info   :  SHCDE-SE] [T1-22:11:19.942] [X64InlineHook] ["movementCadenceHook"] compiled stub at 0x00007FFA3A439240, size: 2722 bytes (target: 0x00007FFAAA404203).
[Info   :  SHCDE-SE] [T1-22:11:19.942] [X64InlineHook] ["movementSpeedAdjustmentHook"] hook enabled at 0x00007FFAAA41B506, stub 0x00007FFA3A438F90.
[Info   :  SHCDE-SE] [T1-22:11:19.943] [X64InlineHook] ["movementCadenceHook"] hook enabled at 0x00007FFAAA404203, stub 0x00007FFA3A439240.
[Info   :  SHCDE-SE] [T1-22:11:19.943] [HookTransaction[CreateOwnedTransaction]] Commit: "2/2 installed, 0 failed, 3ms (0ms scanning)"
[Debug  :Bugfixes and QoL] [2026-09-24 22:11:19.943] Native address resolved: name=Spearman movement decision, method=reference-rva, rva=0x143BD9.
[Info   :  SHCDE-SE] [T1-22:11:19.943] [X64InlineHook] ["movementDecisionHook"] compiled stub at 0x00007FFA3A43B250, size: 144 bytes (target: 0x00007FFAAA3C3BD9).
[Info   :  SHCDE-SE] [T1-22:11:19.943] [X64InlineHook] ["movementDecisionHook"] hook enabled at 0x00007FFAAA3C3BD9, stub 0x00007FFA3A43B250.
[Info   :  SHCDE-SE] [T1-22:11:19.943] [HookTransaction[CreateOwnedTransaction]] Commit: "1/1 installed, 0 failed, 0ms (0ms scanning)"
[Debug  :Bugfixes and QoL] [2026-09-24 22:11:19.944] Movement features: sameSpeed=True, rally=False, nativeFastpaths=True.
[Debug  :Bugfixes and QoL] [2026-09-24 22:11:19.944] Bugfixes and QoL quarry-pile runtime: validated Vanilla GameBuilding structure-group layout: size=0x32C, pileIdOffset=0x192, structureGroupOffset=0x2A8.
[Debug  :Bugfixes and QoL] [2026-09-24 22:11:19.944] Native address resolved: name=quarry-pile Vanilla candidate helper, method=reference-rva, rva=0xC0270.
[Debug  :Bugfixes and QoL] [2026-09-24 22:11:19.945] Native address resolved: name=building sleep-state synchronization function, method=reference-rva, rva=0xC7D50.
[Debug  :Bugfixes and QoL] [2026-09-24 22:11:19.945] Native address resolved: name=building sleep-state comparison, method=reference-rva, rva=0xC7DCB.
[Debug  :Bugfixes and QoL] [2026-09-24 22:11:19.945] Native address resolved: name=AI resource-shortage sleep planner, method=reference-rva, rva=0x2AA20.
[Debug  :Bugfixes and QoL] [2026-09-24 22:11:19.945] Native address resolved: name=AI emergency-demolition comparison, method=reference-rva, rva=0x2F454.
[Debug  :Bugfixes and QoL] [2026-09-24 22:11:19.945] Native address resolved: name=AI hovel-demolition function, method=reference-rva, rva=0x3B1D0.
[Debug  :Bugfixes and QoL] [2026-09-24 22:11:19.945] Native address resolved: name=general AI inaccessible-building decision, method=reference-rva, rva=0xC8FD7.
[Info   :  SHCDE-SE] [T1-22:11:19.947] [X64InlineHook] ["handle"] compiled stub at 0x00007FFA3A43B3F0, size: 171 bytes (target: 0x00007FFAAA347DCB).
[Info   :  SHCDE-SE] [T1-22:11:19.947] [X64InlineHook] ["handle"] compiled stub at 0x00007FFA3A43B630, size: 165 bytes (target: 0x00007FFAAA2AF454).
[Info   :  SHCDE-SE] [T1-22:11:19.947] [X64InlineHook] ["handle"] compiled stub at 0x00007FFA3A43B850, size: 213 bytes (target: 0x00007FFAAA348FD7).
[Info   :  SHCDE-SE] [T1-22:11:19.948] [Detour:aiHovelDemolitionHook] ["aiHovelDemolitionHook"] prepared at 0x00007FFAAA2BB1D0 using Indirect: 6 bytes displaced, trampoline 0x00007FFA3A43BB30.
[Info   :  SHCDE-SE] [T1-22:11:19.948] [Detour:aiResourceShortageSleepHook] ["aiResourceShortageSleepHook"] prepared at 0x00007FFAAA2AAA20 using Indirect: 7 bytes displaced, trampoline 0x00007FFA3A43BB70.
[Info   :  SHCDE-SE] [T1-22:11:19.948] [X64InlineHook] ["handle"] hook enabled at 0x00007FFAAA347DCB, stub 0x00007FFA3A43B3F0.
[Info   :  SHCDE-SE] [T1-22:11:19.948] [X64InlineHook] ["handle"] hook enabled at 0x00007FFAAA2AF454, stub 0x00007FFA3A43B630.
[Info   :  SHCDE-SE] [T1-22:11:19.948] [X64InlineHook] ["handle"] hook enabled at 0x00007FFAAA348FD7, stub 0x00007FFA3A43B850.
[Info   :  SHCDE-SE] [T1-22:11:20.042] [HookTransaction[CreateOwnedTransaction]] Commit: "5/5 installed, 0 failed, 94ms (0ms scanning)"
[Debug  :Bugfixes and QoL] [2026-09-24 22:11:20.049] Native address resolved: name=unit-type update dispatch for movement cadence, method=reference-rva, rva=0x18410C.
[Info   :Bugfixes and QoL] [2026-09-24 22:11:20.067] Bugfixes and QoL stage=friendly-moat-movement-weighted-cadence-resolver dispatchRva=0x18410C tableRva=0x321CB0 handlers=86 resolvedTypes=25/89 mode=read-only-no-audited-type-table.
[Info   :  SHCDE-SE] [T1-22:11:20.068] [Detour:detour.Handle] ["detour.Handle"] prepared at 0x00007FFAAA40E1E0 using Indirect: 7 bytes displaced, trampoline 0x00007FFA3A43BBB0.
[Info   :  SHCDE-SE] [T1-22:11:20.069] [Detour:detour.Handle] ["detour.Handle"] prepared at 0x00007FFAAA4053F0 using Indirect: 6 bytes displaced, trampoline 0x00007FFA3A43BBF0.
[Info   :  SHCDE-SE] [T1-22:11:20.069] [Detour:detour.Handle] ["detour.Handle"] prepared at 0x00007FFAAA415E30 using Indirect: 10 bytes displaced, trampoline 0x00007FFA3A43BC30.
[Info   :  SHCDE-SE] [T1-22:11:20.069] [Detour:detour.Handle] ["detour.Handle"] prepared at 0x00007FFAAA374930 using Indirect: 10 bytes displaced, trampoline 0x00007FFA3A43BC70.
[Info   :  SHCDE-SE] [T1-22:11:20.069] [Detour:detour.Handle] ["detour.Handle"] prepared at 0x00007FFAAA3632B0 using Indirect: 6 bytes displaced, trampoline 0x00007FFA3A43BCB0.
[Info   :  SHCDE-SE] [T1-22:11:20.069] [Detour:detour.Handle] ["detour.Handle"] prepared at 0x00007FFAAA3A4740 using Indirect: 10 bytes displaced, trampoline 0x00007FFA3A43BCF0.
[Info   :  SHCDE-SE] [T1-22:11:20.070] [Detour:detour.Handle] ["detour.Handle"] prepared at 0x00007FFAAA397BC0 using Indirect: 10 bytes displaced, trampoline 0x00007FFA3A43BD30.
[Info   :  SHCDE-SE] [T1-22:11:20.070] [Detour:detour.Handle] ["detour.Handle"] prepared at 0x00007FFAAA416840 using Indirect: 10 bytes displaced, trampoline 0x00007FFA3A43BD70.
[Info   :  SHCDE-SE] [T1-22:11:20.070] [Detour:detour.Handle] ["detour.Handle"] prepared at 0x00007FFAAA367C40 using Indirect: 9 bytes displaced, trampoline 0x00007FFA3A43BDB0.
[Info   :  SHCDE-SE] [T1-22:11:20.070] [Detour:detour.Handle] ["detour.Handle"] prepared at 0x00007FFAAA369FF0 using Indirect: 10 bytes displaced, trampoline 0x00007FFA3A43BDF0.
[Info   :  SHCDE-SE] [T1-22:11:20.071] [X64InlineHook] ["selectionCallHooks[i]"] compiled stub at 0x00007FFA3A43BE30, size: 272 bytes (target: 0x00007FFAAA30D724).
[Info   :  SHCDE-SE] [T1-22:11:20.072] [X64InlineHook] ["selectionCallHooks[i]"] compiled stub at 0x00007FFA3A43C120, size: 265 bytes (target: 0x00007FFAAA30E2B8).
[Info   :  SHCDE-SE] [T1-22:11:20.072] [X64InlineHook] ["selectionCallHooks[i]"] compiled stub at 0x00007FFA3A43C400, size: 272 bytes (target: 0x00007FFAAA30E550).
[Info   :  SHCDE-SE] [T1-22:11:20.072] [X64InlineHook] ["selectionCallHooks[i]"] compiled stub at 0x00007FFA3A43C6F0, size: 273 bytes (target: 0x00007FFAAA30F325).
[Info   :  SHCDE-SE] [T1-22:11:20.072] [X64InlineHook] ["selectionCallHooks[i]"] compiled stub at 0x00007FFA3A43C9F0, size: 266 bytes (target: 0x00007FFAAA337161).
[Info   :  SHCDE-SE] [T1-22:11:20.072] [X64InlineHook] ["selectionCallHooks[i]"] compiled stub at 0x00007FFA3A43CCE0, size: 269 bytes (target: 0x00007FFAAA337321).
[Info   :  SHCDE-SE] [T1-22:11:20.072] [Detour:detour.Handle] ["detour.Handle"] prepared at 0x00007FFAAA362CA0 using Indirect: 10 bytes displaced, trampoline 0x00007FFA3A43CFE0.
[Info   :  SHCDE-SE] [T1-22:11:20.072] [Detour:detour.Handle] ["detour.Handle"] prepared at 0x00007FFAAA369D90 using Indirect: 6 bytes displaced, trampoline 0x00007FFA3A43D020.
[Info   :  SHCDE-SE] [T1-22:11:20.538] [X64InlineHook] ["selectionCallHooks[i]"] hook enabled at 0x00007FFAAA30D724, stub 0x00007FFA3A43BE30.
[Info   :  SHCDE-SE] [T1-22:11:20.538] [X64InlineHook] ["selectionCallHooks[i]"] hook enabled at 0x00007FFAAA30E2B8, stub 0x00007FFA3A43C120.
[Info   :  SHCDE-SE] [T1-22:11:20.538] [X64InlineHook] ["selectionCallHooks[i]"] hook enabled at 0x00007FFAAA30E550, stub 0x00007FFA3A43C400.
[Info   :  SHCDE-SE] [T1-22:11:20.538] [X64InlineHook] ["selectionCallHooks[i]"] hook enabled at 0x00007FFAAA30F325, stub 0x00007FFA3A43C6F0.
[Info   :  SHCDE-SE] [T1-22:11:20.538] [X64InlineHook] ["selectionCallHooks[i]"] hook enabled at 0x00007FFAAA337161, stub 0x00007FFA3A43C9F0.
[Info   :  SHCDE-SE] [T1-22:11:20.538] [X64InlineHook] ["selectionCallHooks[i]"] hook enabled at 0x00007FFAAA337321, stub 0x00007FFA3A43CCE0.
[Info   :  SHCDE-SE] [T1-22:11:20.630] [HookTransaction[CreateOwnedHookTransaction]] Commit: "18/18 installed, 0 failed, 561ms (0ms scanning)"
[Info   :Bugfixes and QoL] [2026-09-24 22:11:20.631] Friendly Moat Movement final candidate installed: cursorGate=0x8F388/jump=0x8F393(vanilla), cursorRegion=0xE9D90, cursorDirect=0xE9FF0, cursorPair=0xE2CA0, representativeUnit=0x18D460, attackPairGates=0x8D72B/0x8E2C6/0x8E557(all-vanilla), selectionCallAdapters=6, seSelectionResultPreserved=true, plan=0x18E1E0, mode=0x196840, region=0xE7C40, builder=0xF4930, postCombatResume=0x1853F0->0x1976C0->0x196280, directCursorMove=0x195E30, selectionCanDigMoat=0x191C00/call=0x8D3CE, tribeFloodFill=0x124740, moatLookup=0x69560; groupMoatMode=0x117BC0/iterator=0x119F90/call=0x11B666; friendlyAndAlliedCompletedMoats=true, enemyMoats=fail-closed-experimental, weightedMoatRouting=functional/speedContracts=0x19B506/0x184203/0x1855A0/0x1857AA/consumerContracts=0x19670C/0x185934.
[Info   :  SHCDE-SE] [T1-22:11:20.632] [Detour:detour.Handle] ["detour.Handle"] prepared at 0x00007FFAAA3370C0 using Indirect: 6 bytes displaced, trampoline 0x00007FFA3A43D060.
[Info   :  SHCDE-SE] [T1-22:11:20.679] [HookTransaction[CreateOwnedHookTransaction]] Commit: "1/1 installed, 0 failed, 47ms (0ms scanning)"
[Info   :Bugfixes and QoL] [2026-09-24 22:11:20.679] Bugfixes and QoL friendly-moat-movement building cursor reachability installed: helper=0xB70C0, call=0x8DFF6.
[Info   :  SHCDE-SE] [T1-22:11:20.680] [Detour:detour.Handle] ["detour.Handle"] prepared at 0x00007FFAAA35BC60 using Indirect: 6 bytes displaced, trampoline 0x00007FFA3A43D0A0.
[Info   :  SHCDE-SE] [T1-22:11:20.680] [Detour:detour.Handle] ["detour.Handle"] prepared at 0x00007FFAAA35A020 using Indirect: 6 bytes displaced, trampoline 0x00007FFA3A43D0E0.
[Info   :  SHCDE-SE] [T1-22:11:20.681] [Detour:detour.Handle] ["detour.Handle"] prepared at 0x00007FFAAA3A3090 using Indirect: 10 bytes displaced, trampoline 0x00007FFA3A43D120.
[Info   :  SHCDE-SE] [T1-22:11:20.681] [Detour:detour.Handle] ["detour.Handle"] prepared at 0x00007FFAAA362610 using Indirect: 6 bytes displaced, trampoline 0x00007FFA3A43D160.
[Info   :  SHCDE-SE] [T1-22:11:20.869] [HookTransaction[CreateOwnedHookTransaction]] Commit: "4/4 installed, 0 failed, 190ms (0ms scanning)"
[Info   :Bugfixes and QoL] [2026-09-24 22:11:20.870] Bugfixes and QoL friendly-moat-movement attack-approach hooks installed: unitFlood=0xDBC60, buildingApproach=0xDA020, buildingConsumer=0x123090, regionPair=0xE2610, vanillaGroupMode=0x117C70, directFillApproach=0xE7F60->0xE81EB.
[Info   :  SHCDE-SE] [T1-22:11:20.871] [Detour:detour.Handle] ["detour.Handle"] prepared at 0x00007FFAAA2E9D60 using Indirect: 9 bytes displaced, trampoline 0x00007FFA3A43D1A0.
[Info   :  SHCDE-SE] [T1-22:11:20.871] [Detour:detour.Handle] ["detour.Handle"] prepared at 0x00007FFAAA2EAF60 using Indirect: 6 bytes displaced, trampoline 0x00007FFA3A43D1E0.
[Info   :  SHCDE-SE] [T1-22:11:20.871] [Detour:detour.Handle] ["detour.Handle"] prepared at 0x00007FFAAA2EC490 using Indirect: 10 bytes displaced, trampoline 0x00007FFA3A43D220.
[Info   :  SHCDE-SE] [T1-22:11:21.012] [HookTransaction[CreateOwnedHookTransaction]] Commit: "3/3 installed, 0 failed, 142ms (0ms scanning)"
[Info   :Bugfixes and QoL] [2026-09-24 22:11:21.014] Bugfixes and QoL friendly-moat-movement moat-work target selection installed: selector=0x69D60, resolver=0x6AF60, fillApproach=0x6C490, regionPair=0xE2610, regionSearch=0xE7C40.
[Info   :  SHCDE-SE] [T1-22:11:21.030] [Detour:detour.Handle] ["detour.Handle"] prepared at 0x00007FFAAA3590D0 using Indirect: 10 bytes displaced, trampoline 0x00007FFA3A43D260.
[Info   :  SHCDE-SE] [T1-22:11:21.031] [Detour:detour.Handle] ["detour.Handle"] prepared at 0x00007FFAAA2D9210 using Indirect: 10 bytes displaced, trampoline 0x00007FFA3A43D2A0.
[Info   :  SHCDE-SE] [T1-22:11:21.031] [Detour:detour.Handle] ["detour.Handle"] prepared at 0x00007FFAAA2E1E70 using Indirect: 6 bytes displaced, trampoline 0x00007FFA3A43D2E0.
[Info   :  SHCDE-SE] [T1-22:11:21.031] [Detour:detour.Handle] ["detour.Handle"] prepared at 0x00007FFAAA35AA50 using Indirect: 10 bytes displaced, trampoline 0x00007FFA3A43D320.
[Info   :  SHCDE-SE] [T1-22:11:21.032] [X64InlineHook] ["preBuilderRecoveryHook"] compiled stub at 0x00007FFA3A43D360, size: 87 bytes (target: 0x00007FFAAA41664B).
[Info   :  SHCDE-SE] [T1-22:11:21.032] [Detour:detour.Handle] ["detour.Handle"] prepared at 0x00007FFAAA361D30 using Indirect: 10 bytes displaced, trampoline 0x00007FFA3A43D4C0.
[Info   :  SHCDE-SE] [T1-22:11:21.032] [Detour:detour.Handle] ["detour.Handle"] prepared at 0x00007FFAAA360970 using Indirect: 10 bytes displaced, trampoline 0x00007FFA3A43D500.
[Info   :  SHCDE-SE] [T1-22:11:21.032] [Detour:detour.Handle] ["detour.Handle"] prepared at 0x00007FFAAA398E00 using Indirect: 10 bytes displaced, trampoline 0x00007FFA3A43D540.
[Info   :  SHCDE-SE] [T1-22:11:21.033] [Detour:detour.Handle] ["detour.Handle"] prepared at 0x00007FFAAA401890 using Indirect: 10 bytes displaced, trampoline 0x00007FFA3A43D580.
[Info   :  SHCDE-SE] [T1-22:11:21.033] [Detour:detour.Handle] ["detour.Handle"] prepared at 0x00007FFAAA3703C0 using Indirect: 6 bytes displaced, trampoline 0x00007FFA3A43D5C0.
[Info   :  SHCDE-SE] [T1-22:11:21.221] [X64InlineHook] ["preBuilderRecoveryHook"] hook enabled at 0x00007FFAAA41664B, stub 0x00007FFA3A43D360.
[Info   :  SHCDE-SE] [T1-22:11:21.455] [HookTransaction[CreateOwnedHookTransaction]] Commit: "10/10 installed, 0 failed, 425ms (0ms scanning)"
[Info   :Bugfixes and QoL] [2026-09-24 22:11:21.456] Bugfixes and QoL friendly-moat-movement placement hooks installed: commonGroup=0x118E00 formationSlot=0xE1D30 assassinGroundSlot=0xE0970 unstack=0x181890 freePlace=0xF03C0; native Unit event retained, terrain unchanged.
[Info   :Bugfixes and QoL] [2026-09-24 22:11:21.456] Bugfixes and QoL friendly moat movement initialized: mode=0, improvedFill=True, ladderAttackFix=True.
[Info   :  SHCDE-SE] [T1-22:11:21.461] [GameTribeManagerAPI] [.ctor] _tribeManager: 00007FFAB1F46720
[Info   :  SHCDE-SE] [T1-22:11:21.461] [GameTribeManagerAPI] [.ctor] _tribesArray: 00007FFAB1F4674A
[Info   :  SHCDE-SE] [T1-22:11:21.461] [GameTribeManagerAPI] [.ctor] SizeOf(GameTribeManagerAPI)=1714, SizeOf(GameTribe)=1672
[Info   :  SHCDE-SE] [T1-22:11:21.462] [Detour:waypointAppendHook] ["waypointAppendHook"] prepared at 0x00007FFAAA39C3A0 using Indirect: 8 bytes displaced, trampoline 0x00007FFA3A43D600.
[Info   :  SHCDE-SE] [T1-22:11:21.462] [Detour:tribeOverlayRenderHook] ["tribeOverlayRenderHook"] prepared at 0x00007FFAAA3A22A0 using Indirect: 10 bytes displaced, trampoline 0x00007FFA3A43D640.
[Info   :  SHCDE-SE] [T1-22:11:21.557] [HookTransaction[Install]] Commit: "2/2 installed, 0 failed, 95ms (0ms scanning)"
[Info   :  SHCDE-SE] [T1-22:11:21.558] [Detour:moveChoreHandlerHook] ["moveChoreHandlerHook"] prepared at 0x00007FFAAA290AE0 using Indirect: 6 bytes displaced, trampoline 0x00007FFA3A43D680.
[Info   :  SHCDE-SE] [T1-22:11:21.558] [Detour:targetOrderChoreHandlerHook] ["targetOrderChoreHandlerHook"] prepared at 0x00007FFAAA292BF0 using Indirect: 6 bytes displaced, trampoline 0x00007FFA3A43D6C0.
[Info   :  SHCDE-SE] [T1-22:11:21.651] [HookTransaction[InstallMultiplayerSynchronization]] Commit: "2/2 installed, 0 failed, 93ms (0ms scanning)"
[Info   :  SHCDE-SE] [T1-22:11:21.652] [Detour:drawSubmissionHook] ["drawSubmissionHook"] prepared at 0x00007FFAAA2C17A0 using Indirect: 10 bytes displaced, trampoline 0x00007FFA3A43D700.
[Info   :  SHCDE-SE] [T1-22:11:21.698] [HookTransaction[InstallOptionalDrawFilter]] Commit: "1/1 installed, 0 failed, 46ms (0ms scanning)"
[Info   :  SHCDE-SE] [T1-22:11:21.700] [Detour:resetDrawListHook] ["resetDrawListHook"] prepared at 0x00007FFAAA2C1D10 using Indirect: 6 bytes displaced, trampoline 0x00007FFA3A43D740.
[Info   :  SHCDE-SE] [T1-22:11:21.700] [X64InlineHook] ["handle"] compiled stub at 0x00007FFA3A43D780, size: 272 bytes (target: 0x00007FFAAA2C36DE).
[Info   :  SHCDE-SE] [T1-22:11:21.745] [X64InlineHook] ["handle"] hook enabled at 0x00007FFAAA2C36DE, stub 0x00007FFA3A43D780.
[Info   :  SHCDE-SE] [T1-22:11:21.745] [HookTransaction[CreateOwnedTransaction]] Commit: "2/2 installed, 0 failed, 45ms (0ms scanning)"
[Info   :Bugfixes and QoL] [2026-09-24 22:11:21.745] Large Move marker renderer ready: reset=0x41D10/span80, visible=0x436DE/span17.
[Info   :Bugfixes and QoL] [2026-09-24 22:11:21.754] Move formation drag R3 input, selection transition, and full Vanilla EngineInterface.run transaction installed for the process lifetime.
[Debug  :Bugfixes and QoL] [2026-09-24 22:11:21.755] Extended Shift command queue setting applied: enabled=True.
[Info   :Bugfixes and QoL] [2026-09-24 22:11:21.755] INITIALIZED: waypointRva=0x11C3A0, functionSize=71, movementCompleteRva=0x1178D0, overlayRenderRva=0x1222A0, tribeUnassign=SHCDESE-2.3.0-wrapper, drawFilterInstalled=True, targetMarkerProjectionAvailable=True, largeMoveMarkerOverflowAvailable=True, multiplayerSynchronizationReady=True, GameTribeSize=0x688, queueLimit=128, featureEnabled=True. Command capture no longer depends on an OnStartMap event.
[Debug  :Bugfixes and QoL] [2026-09-24 22:11:21.756] Native address resolved: name=plague herd creation, method=reference-rva, rva=0xD17D0.
[Debug  :Bugfixes and QoL] [2026-09-24 22:11:21.756] Native address resolved: name=plague popularity exit, method=reference-rva, rva=0xCB55C.
[Info   :  SHCDE-SE] [T1-22:11:21.757] [Detour:createHerdHook] ["createHerdHook"] prepared at 0x00007FFAAA3517D0 using Indirect: 10 bytes displaced, trampoline 0x00007FFA3A43DB10.
[Info   :  SHCDE-SE] [T1-22:11:21.757] [X64InlineHook] ["handle"] compiled stub at 0x00007FFA3A43DB50, size: 199 bytes (target: 0x00007FFAAA34B57C).
[Info   :  SHCDE-SE] [T1-22:11:21.803] [X64InlineHook] ["handle"] hook enabled at 0x00007FFAAA34B57C, stub 0x00007FFA3A43DB50.
[Info   :  SHCDE-SE] [T1-22:11:21.803] [HookTransaction[CreateOwnedTransaction]] Commit: "2/2 installed, 0 failed, 46ms (0ms scanning)"
[Info   :  SHCDE-SE] [T1-22:11:21.803] [ModSaveDataAPI] [RegisterModDataHandler] Registered handler for [serp-plague-popularity-v1]
[Debug  :Bugfixes and QoL] [2026-09-24 22:11:21.803] Native address resolved: name=plague area-treatment function, method=reference-rva, rva=0xA0470.
[Info   :  SHCDE-SE] [T1-22:11:21.803] [Detour:areaTreatmentHook] ["areaTreatmentHook"] prepared at 0x00007FFAAA320470 using Indirect: 8 bytes displaced, trampoline 0x00007FFA3A43DDD0.
[Debug  :Bugfixes and QoL] [2026-09-24 22:11:21.849] Bugfixes and QoL plague-cloud removal fix initialized from a unique native signature.
[Info   :  SHCDE-SE] [T1-22:11:21.849] [HookTransaction[CreateOwnedTransaction]] Commit: "1/1 installed, 0 failed, 46ms (0ms scanning)"
[Debug  :Bugfixes and QoL] [2026-09-24 22:11:21.857] Native address resolved: name=apothecary nearest-disease search function, method=reference-rva, rva=0x9F700.
[Debug  :Bugfixes and QoL] [2026-09-24 22:11:21.857] Native address resolved: name=apothecary update common exit, method=reference-rva, rva=0x1501A7.
[Info   :  SHCDE-SE] [T1-22:11:21.857] [Detour:diseaseSearchHook] ["diseaseSearchHook"] prepared at 0x00007FFAAA31F700 using Indirect: 10 bytes displaced, trampoline 0x00007FFA3A43DE10.
[Info   :  SHCDE-SE] [T1-22:11:21.857] [X64InlineHook] ["handle"] compiled stub at 0x00007FFA3A43DE50, size: 176 bytes (target: 0x00007FFAAA3D01A7).
[Info   :  SHCDE-SE] [T1-22:11:21.904] [X64InlineHook] ["handle"] hook enabled at 0x00007FFAAA3D01A7, stub 0x00007FFA3A43DE50.
[Debug  :Bugfixes and QoL] [2026-09-24 22:11:21.904] Bugfixes and QoL plague target-reservation fix initialized from unique disease-search and healer-update-exit signatures; radius=<7, stationaryTimeoutGameMs=10000.
[Info   :  SHCDE-SE] [T1-22:11:21.904] [HookTransaction[CreateOwnedTransaction]] Commit: "2/2 installed, 0 failed, 47ms (0ms scanning)"
[Debug  :Bugfixes and QoL] [2026-09-24 22:11:21.904] Native address resolved: name=apothecary state-2 disease-found branch, method=reference-rva, rva=0x14F8CC.
[Debug  :Bugfixes and QoL] [2026-09-24 22:11:21.904] Native address resolved: name=apothecary working state-2 building-exit reference, method=reference-rva, rva=0x14F768.
[Info   :  SHCDE-SE] [T1-22:11:21.905] [X64InlineHook] ["handle"] compiled stub at 0x00007FFA3A43E0A0, size: 181 bytes (target: 0x00007FFAAA3CF8CC).
[Info   :  SHCDE-SE] [T1-22:11:21.905] [X64InlineHook] ["handle"] hook enabled at 0x00007FFAAA3CF8CC, stub 0x00007FFA3A43E0A0.
[Debug  :Bugfixes and QoL] [2026-09-24 22:11:21.905] Bugfixes and QoL stuck-apothecary fix initialized from unique target and Vanilla building-exit reference signatures.
[Info   :  SHCDE-SE] [T1-22:11:21.905] [HookTransaction[CreateOwnedTransaction]] Commit: "1/1 installed, 0 failed, 0ms (0ms scanning)"
[Debug  :Bugfixes and QoL] [2026-09-24 22:11:21.906] Native address resolved: name=shared preview failure status, method=reference-rva, rva=0x9129E.
[Debug  :Bugfixes and QoL] [2026-09-24 22:11:21.906] Native address resolved: name=European troop placement rejection, method=reference-rva, rva=0x929D3.
[Debug  :Bugfixes and QoL] [2026-09-24 22:11:21.906] Native address resolved: name=mercenary troop placement rejection, method=reference-rva, rva=0x928E0.
[Debug  :Bugfixes and QoL] [2026-09-24 22:11:21.906] Native address resolved: name=engineer placement rejection, method=reference-rva, rva=0x926FA.
[Debug  :Bugfixes and QoL] [2026-09-24 22:11:21.906] Native address resolved: name=tunneler placement rejection, method=reference-rva, rva=0x912E0.
[Debug  :Bugfixes and QoL] [2026-09-24 22:11:21.906] Native address resolved: name=knight placement rejection, method=reference-rva, rva=0x913CF.
[Debug  :Bugfixes and QoL] [2026-09-24 22:11:21.906] Native address resolved: name=Bedouin troop placement rejection, method=reference-rva, rva=0x927ED.
[Info   :  SHCDE-SE] [T1-22:11:21.906] [X64InlineHook] ["handle"] compiled stub at 0x00007FFA3A43E2F0, size: 67 bytes (target: 0x00007FFAAA3112AF).
[Info   :  SHCDE-SE] [T1-22:11:21.906] [X64InlineHook] ["handle"] compiled stub at 0x00007FFA3A43E460, size: 66 bytes (target: 0x00007FFAAA3129D5).
[Info   :  SHCDE-SE] [T1-22:11:21.906] [X64InlineHook] ["handle"] compiled stub at 0x00007FFA3A43E5B0, size: 66 bytes (target: 0x00007FFAAA3128E2).
[Info   :  SHCDE-SE] [T1-22:11:21.906] [X64InlineHook] ["handle"] compiled stub at 0x00007FFA3A43E700, size: 66 bytes (target: 0x00007FFAAA3126FC).
[Info   :  SHCDE-SE] [T1-22:11:21.906] [X64InlineHook] ["handle"] compiled stub at 0x00007FFA3A43E850, size: 64 bytes (target: 0x00007FFAAA3112E2).
[Info   :  SHCDE-SE] [T1-22:11:21.906] [X64InlineHook] ["handle"] compiled stub at 0x00007FFA3A43E980, size: 68 bytes (target: 0x00007FFAAA3113D1).
[Info   :  SHCDE-SE] [T1-22:11:21.906] [X64InlineHook] ["handle"] compiled stub at 0x00007FFA3A43EAD0, size: 66 bytes (target: 0x00007FFAAA3127EF).
[Info   :  SHCDE-SE] [T1-22:11:21.906] [X64InlineHook] ["handle"] hook enabled at 0x00007FFAAA3112AF, stub 0x00007FFA3A43E2F0.
[Info   :  SHCDE-SE] [T1-22:11:21.906] [X64InlineHook] ["handle"] hook enabled at 0x00007FFAAA3129D5, stub 0x00007FFA3A43E460.
[Info   :  SHCDE-SE] [T1-22:11:21.906] [X64InlineHook] ["handle"] hook enabled at 0x00007FFAAA3128E2, stub 0x00007FFA3A43E5B0.
[Info   :  SHCDE-SE] [T1-22:11:21.906] [X64InlineHook] ["handle"] hook enabled at 0x00007FFAAA3126FC, stub 0x00007FFA3A43E700.
[Info   :  SHCDE-SE] [T1-22:11:21.906] [X64InlineHook] ["handle"] hook enabled at 0x00007FFAAA3112E2, stub 0x00007FFA3A43E850.
[Info   :  SHCDE-SE] [T1-22:11:21.906] [X64InlineHook] ["handle"] hook enabled at 0x00007FFAAA3113D1, stub 0x00007FFA3A43E980.
[Info   :  SHCDE-SE] [T1-22:11:21.906] [X64InlineHook] ["handle"] hook enabled at 0x00007FFAAA3127EF, stub 0x00007FFA3A43EAD0.
[Info   :  SHCDE-SE] [T1-22:11:21.906] [HookTransaction[CreateOwnedTransaction]] Commit: "7/7 installed, 0 failed, 0ms (0ms scanning)"
[Debug  :Bugfixes and QoL] [2026-09-24 22:11:21.906] Assembly-point permanent hooks installed; sites=7.
[Info   :  SHCDE-SE] [T1-22:11:21.910] [X64InlineHook] ["firstClassifierHook"] compiled stub at 0x00007FFA3A43EC20, size: 86 bytes (target: 0x00007FFAAA39EBF5).
[Info   :  SHCDE-SE] [T1-22:11:21.910] [X64InlineHook] ["secondClassifierHook"] compiled stub at 0x00007FFA3A43EDB0, size: 82 bytes (target: 0x00007FFAAA39EF39).
[Info   :  SHCDE-SE] [T1-22:11:21.910] [X64InlineHook] ["firstClassifierHook"] hook enabled at 0x00007FFAAA39EBF5, stub 0x00007FFA3A43EC20.
[Info   :  SHCDE-SE] [T1-22:11:21.910] [X64InlineHook] ["secondClassifierHook"] hook enabled at 0x00007FFAAA39EF39, stub 0x00007FFA3A43EDB0.
[Info   :  SHCDE-SE] [T1-22:11:21.910] [HookTransaction[CreateOwnedTransaction]] Commit: "2/2 installed, 0 failed, 0ms (0ms scanning)"
[Debug  :Bugfixes and QoL] [2026-09-24 22:11:21.910] Healer AttackUnit permanent classifier hooks installed: first=18, second=16.
[Debug  :Bugfixes and QoL] [2026-09-24 22:11:21.911] Native address resolved: name=mounted-stockpile cursor mounted classification, method=reference-rva, rva=0x8F209.
[Debug  :Bugfixes and QoL] [2026-09-24 22:11:21.911] Native address resolved: name=mounted-stockpile order-feedback mounted classification, method=reference-rva, rva=0x195F5E.
[Debug  :Bugfixes and QoL] [2026-09-24 22:11:21.911] Native address resolved: name=mounted-stockpile per-unit endpoint wall gate, method=reference-rva, rva=0x196483.
[Info   :  SHCDE-SE] [T1-22:11:21.912] [X64InlineHook] ["handle"] compiled stub at 0x00007FFA3A43EF40, size: 113 bytes (target: 0x00007FFAAA30F20E).
[Info   :  SHCDE-SE] [T1-22:11:21.912] [X64InlineHook] ["handle"] compiled stub at 0x00007FFA3A43F0D0, size: 113 bytes (target: 0x00007FFAAA415F63).
[Info   :  SHCDE-SE] [T1-22:11:21.912] [X64InlineHook] ["handle"] compiled stub at 0x00007FFA3A43F260, size: 208 bytes (target: 0x00007FFAAA41648D).
[Info   :  SHCDE-SE] [T1-22:11:21.912] [X64InlineHook] ["handle"] hook enabled at 0x00007FFAAA30F20E, stub 0x00007FFA3A43EF40.
[Info   :  SHCDE-SE] [T1-22:11:21.912] [X64InlineHook] ["handle"] hook enabled at 0x00007FFAAA415F63, stub 0x00007FFA3A43F0D0.
[Info   :  SHCDE-SE] [T1-22:11:21.912] [X64InlineHook] ["handle"] hook enabled at 0x00007FFAAA41648D, stub 0x00007FFA3A43F260.
[Info   :  SHCDE-SE] [T1-22:11:21.912] [HookTransaction[CreateOwnedTransaction]] Commit: "3/3 installed, 0 failed, 0ms (0ms scanning)"
[Debug  :Bugfixes and QoL] [2026-09-24 22:11:21.912] Bugfixes and QoL mounted-stockpile movement hooks enabled logically.
[Debug  :Bugfixes and QoL] [2026-09-24 22:11:21.912] Bugfixes and QoL mounted-stockpile movement hooks installed; cursor=0x8F20E, orderFeedback=0x195F63, endpoint=0x19648D.
[Info   :  SHCDE-SE] [T1-22:11:21.922] [Detour:detour] ["detour"] prepared at 0x00007FFAAA406D10 using Indirect: 7 bytes displaced, trampoline 0x00007FFA3A43F500.
[Info   :  SHCDE-SE] [T1-22:11:21.969] [HookTransaction[CreateOwnedTransaction]] Commit: "1/1 installed, 0 failed, 46ms (0ms scanning)"
[Info   :  SHCDE-SE] [T1-22:11:21.987] [X64InlineHook] ["handle"] compiled stub at 0x00007FFA3A43F540, size: 68 bytes (target: 0x00007FFAAA34AF1C).
[Info   :  SHCDE-SE] [T1-22:11:21.987] [X64InlineHook] ["handle"] compiled stub at 0x00007FFA3A43F6B0, size: 64 bytes (target: 0x00007FFAAA351020).
[Info   :  SHCDE-SE] [T1-22:11:21.987] [X64InlineHook] ["handle"] hook enabled at 0x00007FFAAA34AF1C, stub 0x00007FFA3A43F540.
[Info   :  SHCDE-SE] [T1-22:11:21.988] [X64InlineHook] ["handle"] hook enabled at 0x00007FFAAA351020, stub 0x00007FFA3A43F6B0.
[Info   :  SHCDE-SE] [T1-22:11:21.988] [HookTransaction[CreateOwnedTransaction]] Commit: "2/2 installed, 0 failed, 0ms (0ms scanning)"
[Info   :  SHCDE-SE] [T1-22:11:21.989] [GameAIVManagerAPI] [.ctor] AIVSystem: 00007FFAAD729F70
[Info   :  SHCDE-SE] [T1-22:11:21.989] [GameAIVManagerAPI] [.ctor] Imported AIV variants: 00007FFAAAB44640
[Info   :Bugfixes and QoL] [2026-09-24 22:11:21.990] AI stone-reserve AIV backend: official SHCDE-SE 2.10.1.0 API; SHCDESE_COARSE_GRID_BUFFER_WORKAROUND workaround inactive.
[Info   :  SHCDE-SE] [T1-22:11:21.990] [X64InlineHook] ["handle"] compiled stub at 0x00007FFA3A43F800, size: 279 bytes (target: 0x00007FFAAA2BF156).
[Info   :  SHCDE-SE] [T1-22:11:21.990] [X64InlineHook] ["handle"] hook enabled at 0x00007FFAAA2BF156, stub 0x00007FFA3A43F800.
[Info   :  SHCDE-SE] [T1-22:11:21.990] [HookTransaction[CreateOwnedTransaction]] Commit: "1/1 installed, 0 failed, 0ms (0ms scanning)"
[Debug  :Bugfixes and QoL] [2026-09-24 22:11:21.990] Bugfixes and QoL AI stone-reserve hook installed: method=reference-rva, patternRva=0x3F14F, hookRva=0x3F156, nativeHookActive=True, enabled=True.
[Info   :  SHCDE-SE] [T1-22:11:21.994] [X64InlineHook] ["handle"] compiled stub at 0x00007FFA3A43FBA0, size: 270 bytes (target: 0x00007FFAAA2C0C97).
[Info   :  SHCDE-SE] [T1-22:11:21.994] [X64InlineHook] ["handle"] hook enabled at 0x00007FFAAA2C0C97, stub 0x00007FFA3A43FBA0.
[Info   :  SHCDE-SE] [T1-22:11:21.994] [HookTransaction[CreateOwnedTransaction]] Commit: "1/1 installed, 0 failed, 0ms (0ms scanning)"
[Debug  :Bugfixes and QoL] [2026-09-24 22:11:21.994] Bugfixes and QoL AI defense patrol hook installed: hookRva=0x40C97, hookLength=15, nativeHookActive=True, enabled=True, unitIdsAreOneBased=true, scanIndicesAreZeroBased=true, existingPatrolMigration=false.
[Info   :  SHCDE-SE] [T1-22:11:21.996] [X64InlineHook] ["handle"] compiled stub at 0x00007FFA3A3F2B00, size: 70 bytes (target: 0x00007FFAAA38ECC3).
[Info   :  SHCDE-SE] [T1-22:11:21.996] [X64InlineHook] ["handle"] hook enabled at 0x00007FFAAA38ECC3, stub 0x00007FFA3A3F2B00.
[Info   :  SHCDE-SE] [T1-22:11:21.996] [HookTransaction[CreateOwnedTransaction]] Commit: "1/1 installed, 0 failed, 0ms (0ms scanning)"
[Info   :Bugfixes and QoL] [2026-09-24 22:11:21.996] AI wall-targeting permanent hook installed: rva=0x10ECC3, displaced=15.
[Info   :  SHCDE-SE] [T1-22:11:21.997] [X64InlineHook] ["miller"] compiled stub at 0x00007FFA3A3F2C50, size: 62 bytes (target: 0x00007FFAAA3B83F3).
[Info   :  SHCDE-SE] [T1-22:11:21.997] [X64InlineHook] ["baker"] compiled stub at 0x00007FFA3A3F2D80, size: 58 bytes (target: 0x00007FFAAA3B9596).
[Info   :  SHCDE-SE] [T1-22:11:21.997] [X64InlineHook] ["miller"] hook enabled at 0x00007FFAAA3B83F3, stub 0x00007FFA3A3F2C50.
[Info   :  SHCDE-SE] [T1-22:11:21.997] [X64InlineHook] ["baker"] hook enabled at 0x00007FFAAA3B9596, stub 0x00007FFA3A3F2D80.
[Info   :  SHCDE-SE] [T1-22:11:21.997] [HookTransaction[CreateOwnedTransaction]] Commit: "2/2 installed, 0 failed, 0ms (0ms scanning)"
[Info   :  SHCDE-SE] [T1-22:11:22.006] [X64InlineHook] ["handle"] compiled stub at 0x00007FFA3A3F2EB0, size: 82 bytes (target: 0x00007FFAAA2D471F).
[Info   :  SHCDE-SE] [T1-22:11:22.006] [X64InlineHook] ["handle"] hook enabled at 0x00007FFAAA2D471F, stub 0x00007FFA3A3F2EB0.
[Info   :  SHCDE-SE] [T1-22:11:22.006] [HookTransaction[CreateOwnedTransaction]] Commit: "1/1 installed, 0 failed, 0ms (0ms scanning)"
[Info   :Bugfixes and QoL] [2026-09-24 22:11:22.006] AIV defender-position permanent hook installed: rva=0x5471F, displaced=17.
[Debug  :Bugfixes and QoL] [2026-09-24 22:11:22.009] Native address resolved: name=BugfixesAndQoL AI preplaced buildings economy-oxen, method=reference-rva, rva=0x50F90.
[Debug  :Bugfixes and QoL] [2026-09-24 22:11:22.009] Native address resolved: name=BugfixesAndQoL AI preplaced buildings economy-quarry, method=reference-rva, rva=0x51270.
[Debug  :Bugfixes and QoL] [2026-09-24 22:11:22.009] Native address resolved: name=BugfixesAndQoL AI preplaced buildings economy-wood, method=reference-rva, rva=0x51540.
[Debug  :Bugfixes and QoL] [2026-09-24 22:11:22.009] Native address resolved: name=BugfixesAndQoL AI preplaced buildings farm-search, method=reference-rva, rva=0x575B0.
[Debug  :Bugfixes and QoL] [2026-09-24 22:11:22.009] Native address resolved: name=BugfixesAndQoL AI preplaced buildings resource-search, method=reference-rva, rva=0x57B80.
[Debug  :Bugfixes and QoL] [2026-09-24 22:11:22.009] Native address resolved: name=BugfixesAndQoL AI preplaced buildings wood-search, method=reference-rva, rva=0x58020.
[Debug  :Bugfixes and QoL] [2026-09-24 22:11:22.009] Native address resolved: name=BugfixesAndQoL AI preplaced buildings nearby-search, method=reference-rva, rva=0x58950.
[Debug  :Bugfixes and QoL] [2026-09-24 22:11:22.009] Native address resolved: name=BugfixesAndQoL AI preplaced buildings economy-grid-update, method=reference-rva, rva=0x50720.
[Debug  :Bugfixes and QoL] [2026-09-24 22:11:22.009] Native address resolved: name=BugfixesAndQoL AI preplaced buildings initialize-economy-availability, method=reference-rva, rva=0x55FE0.
[Debug  :Bugfixes and QoL] [2026-09-24 22:11:22.009] Native address resolved: name=BugfixesAndQoL AI preplaced buildings legacy-player-state-copy, method=reference-rva, rva=0xD4290.
[Debug  :Bugfixes and QoL] [2026-09-24 22:11:22.009] Native address resolved: name=BugfixesAndQoL AI preplaced buildings allocate, method=reference-rva, rva=0x50680.
[Debug  :Bugfixes and QoL] [2026-09-24 22:11:22.009] Native address resolved: name=BugfixesAndQoL AI preplaced buildings active-layout-reference, method=reference-rva, rva=0x55F64.
[Info   :  SHCDE-SE] [T1-22:11:22.011] [GameTileManagerAPI] [.ctor] TileManager: 00007FFAAE2DEDB0
[Info   :  SHCDE-SE] [T1-22:11:22.011] [GameTileManagerAPI] [.ctor] TileHeightGridVA: 00007FFAAF05D350
[Info   :  SHCDE-SE] [T1-22:11:22.011] [GameTileManagerAPI] [.ctor] TilePropertyFlagsVA: 00007FFAAEB771B0
[Info   :  SHCDE-SE] [T1-22:11:22.011] [GameTileManagerAPI] [.ctor] VegetationTypeLookupVA: 00007FFAAED4E010
[Info   :  SHCDE-SE] [T1-22:11:22.011] [GameTileManagerAPI] [.ctor] TilePlayerOwnerIdVA: 00007FFAAF0F9D90
[Info   :  SHCDE-SE] [T1-22:11:22.011] [GameTileManagerAPI] [.ctor] TileBuildingIdGridVA: 00007FFAAEDEAA50
[Info   :  SHCDE-SE] [T1-22:11:22.011] [GameTileManagerAPI] [.ctor] TileUnitIdGridVA: 00007FFAAEED59B0
[Info   :  SHCDE-SE] [T1-22:11:22.011] [GameTileManagerAPI] [.ctor] TileStateGridVA: 00007FFAAF281730
[Info   :  SHCDE-SE] [T1-22:11:22.011] [GameTileManagerAPI] [.ctor] TileTypeVA: 00007FFAAECB12B0
[Info   :  SHCDE-SE] [T1-22:11:22.011] [GameTileManagerAPI] [.ctor] _currentMapSize: 00007FFAB032D594
[Info   :  SHCDE-SE] [T1-22:11:22.011] [GameTileManagerAPI] [.ctor] _gp_pathfindingContext: 00007FFAB032D660
[Info   :  SHCDE-SE] [T1-22:11:22.012] [Detour:allocateHook] ["allocateHook"] prepared at 0x00007FFAAA2D0680 using Indirect: 6 bytes displaced, trampoline 0x00007FFA3A43FF30.
[Info   :  SHCDE-SE] [T1-22:11:22.012] [Detour:economyOxenHook] ["economyOxenHook"] prepared at 0x00007FFAAA2D0F90 using Indirect: 6 bytes displaced, trampoline 0x00007FFA3A43FF70.
[Info   :  SHCDE-SE] [T1-22:11:22.012] [Detour:economyQuarryHook] ["economyQuarryHook"] prepared at 0x00007FFAAA2D1270 using Indirect: 8 bytes displaced, trampoline 0x00007FFA3A43FFB0.
[Info   :  SHCDE-SE] [T1-22:11:22.012] [Detour:economyWoodHook] ["economyWoodHook"] prepared at 0x00007FFAAA2D1540 using Indirect: 10 bytes displaced, trampoline 0x00007FFA3A3F3040.
[Info   :  SHCDE-SE] [T1-22:11:22.014] [Detour:farmSearchHook] ["farmSearchHook"] prepared at 0x00007FFAAA2D75B0 using Indirect: 9 bytes displaced, trampoline 0x00007FFA3A3F3070.
[Info   :  SHCDE-SE] [T1-22:11:22.014] [Detour:resourceSearchHook] ["resourceSearchHook"] prepared at 0x00007FFAAA2D7B80 using Indirect: 8 bytes displaced, trampoline 0x00007FFA3A3F30B0.
[Info   :  SHCDE-SE] [T1-22:11:22.014] [Detour:woodSearchHook] ["woodSearchHook"] prepared at 0x00007FFAAA2D8020 using Indirect: 7 bytes displaced, trampoline 0x00007FFA3A3F30F0.
[Info   :  SHCDE-SE] [T1-22:11:22.014] [X64InlineHook] ["woodScoreFloorHook"] compiled stub at 0x00007FFA3A3F3130, size: 270 bytes (target: 0x00007FFAAA2D8057).
[Info   :  SHCDE-SE] [T1-22:11:22.014] [Detour:nearbySearchHook] ["nearbySearchHook"] prepared at 0x00007FFAAA2D8950 using Indirect: 6 bytes displaced, trampoline 0x00007FFA3A3F34C0.
[Info   :  SHCDE-SE] [T1-22:11:22.015] [Detour:economyGridUpdateHook] ["economyGridUpdateHook"] prepared at 0x00007FFAAA2D0720 using Indirect: 7 bytes displaced, trampoline 0x00007FFA3A3F3500.
[Info   :  SHCDE-SE] [T1-22:11:22.015] [Detour:legacyPlayerStateCopyHook] ["legacyPlayerStateCopyHook"] prepared at 0x00007FFAAA354290 using Indirect: 10 bytes displaced, trampoline 0x00007FFA3A3F3540.
[Info   :  SHCDE-SE] [T1-22:11:22.340] [X64InlineHook] ["woodScoreFloorHook"] hook enabled at 0x00007FFAAA2D8057, stub 0x00007FFA3A3F3130.
[Info   :  SHCDE-SE] [T1-22:11:22.479] [HookTransaction[TryInstallNativeFixes]] Commit: "11/11 installed, 0 failed, 466ms (0ms scanning)"
[Debug  :Bugfixes and QoL] [2026-09-24 22:11:22.481] Native address resolved: name=AI narrow tower-ruin classifier, method=reference-rva, rva=0x5D055.
[Debug  :Bugfixes and QoL] [2026-09-24 22:11:22.481] Native address resolved: name=AI broad tower-ruin classifier, method=reference-rva, rva=0x5D025.
[Info   :  SHCDE-SE] [T1-22:11:22.481] [X64InlineHook] ["handle"] compiled stub at 0x00007FFA3A3F3580, size: 275 bytes (target: 0x00007FFAAA2DD055).
[Info   :  SHCDE-SE] [T1-22:11:22.481] [X64InlineHook] ["handle"] compiled stub at 0x00007FFA3A3F3910, size: 279 bytes (target: 0x00007FFAAA2DD025).
[Info   :  SHCDE-SE] [T1-22:11:22.482] [X64InlineHook] ["handle"] hook enabled at 0x00007FFAAA2DD055, stub 0x00007FFA3A3F3580.
[Info   :  SHCDE-SE] [T1-22:11:22.482] [X64InlineHook] ["handle"] hook enabled at 0x00007FFAAA2DD025, stub 0x00007FFA3A3F3910.
[Info   :  SHCDE-SE] [T1-22:11:22.482] [HookTransaction[CreateOwnedTransaction]] Commit: "2/2 installed, 0 failed, 0ms (0ms scanning)"
[Debug  :Bugfixes and QoL] [2026-09-24 22:11:22.482] AI tower-ruin classifiers installed at RVAs 0x5D055 and 0x5D025.
[Debug  :Bugfixes and QoL] [2026-09-24 22:11:22.483] Native address resolved: name=AI overbuild mapper selection, method=reference-rva, rva=0x5CEAB.
[Debug  :Bugfixes and QoL] [2026-09-24 22:11:22.483] Native address resolved: name=AI broad-overbuild blocker protection, method=reference-rva, rva=0x5D016.
[Debug  :Bugfixes and QoL] [2026-09-24 22:11:22.483] Native address resolved: name=AI narrow-overbuild blocker protection, method=reference-rva, rva=0x5D045.
[Info   :  SHCDE-SE] [T1-22:11:22.483] [X64InlineHook] ["handle"] compiled stub at 0x00007FFA3A3F3CB0, size: 282 bytes (target: 0x00007FFAAA2DCEAB).
[Info   :  SHCDE-SE] [T1-22:11:22.483] [X64InlineHook] ["handle"] compiled stub at 0x00007FFA3A3F4070, size: 270 bytes (target: 0x00007FFAAA2DD016).
[Info   :  SHCDE-SE] [T1-22:11:22.483] [X64InlineHook] ["handle"] compiled stub at 0x00007FFA3A3F43F0, size: 271 bytes (target: 0x00007FFAAA2DD045).
[Info   :  SHCDE-SE] [T1-22:11:22.483] [X64InlineHook] ["handle"] hook enabled at 0x00007FFAAA2DCEAB, stub 0x00007FFA3A3F3CB0.
[Info   :  SHCDE-SE] [T1-22:11:22.483] [X64InlineHook] ["handle"] hook enabled at 0x00007FFAAA2DD016, stub 0x00007FFA3A3F4070.
[Info   :  SHCDE-SE] [T1-22:11:22.483] [X64InlineHook] ["handle"] hook enabled at 0x00007FFAAA2DD045, stub 0x00007FFA3A3F43F0.
[Info   :  SHCDE-SE] [T1-22:11:22.483] [HookTransaction[CreateOwnedTransaction]] Commit: "3/3 installed, 0 failed, 0ms (0ms scanning)"
[Debug  :Bugfixes and QoL] [2026-09-24 22:11:22.500] Bugfixes and QoL ally goods amount modifier hook installed.
[Debug  :Bugfixes and QoL] [2026-09-24 22:11:22.500] Native address resolved: name=market validator, method=reference-rva, rva=0xD7080.
[Debug  :Bugfixes and QoL] [2026-09-24 22:11:22.501] Native address resolved: name=market packet tail, method=reference-rva, rva=0xD7324.
[Debug  :Bugfixes and QoL] [2026-09-24 22:11:22.501] Native address resolved: name=market storage call, method=reference-rva, rva=0xD7119.
[Debug  :Bugfixes and QoL] [2026-09-24 22:11:22.501] Native address resolved: name=AutoMarket sell statistic update, method=reference-rva, rva=0xD0484.
[Info   :Bugfixes and QoL] [2026-09-24 22:11:22.501] Ctrl market native dependencies resolved by instruction patterns: validatorRva=0xD7080, packetTailRva=0xD7324, storageFunctionRva=0xC5AD0, senderRva=0x23990, sellStatisticRva=0x87EED98.
[Info   :  SHCDE-SE] [T1-22:11:22.501] [Detour:marketValidatorHook] ["marketValidatorHook"] prepared at 0x00007FFAAA357080 using Indirect: 10 bytes displaced, trampoline 0x00007FFA3A3F4770.
[Info   :  SHCDE-SE] [T1-22:11:22.549] [HookTransaction[CreateOwnedTransaction]] Commit: "1/1 installed, 0 failed, 47ms (0ms scanning)"
[Info   :Bugfixes and QoL] [2026-09-24 22:11:22.551] Bugfixes and QoL Ctrl single-unit market hooks installed.
[Info   :  SHCDE-SE] [T1-22:11:22.579] [X64InlineHook] ["VanillaPeaceTime_StartingTroops"] compiled stub at 0x00007FFA3A3F47B0, size: 45 bytes (target: 0x00007FFAAA399050).
[Info   :  SHCDE-SE] [T1-22:11:22.580] [X64InlineHook] ["VanillaPeaceTime_StartingTroops"] hook enabled at 0x00007FFAAA399050, stub 0x00007FFA3A3F47B0.
[Info   :  SHCDE-SE] [T1-22:11:22.580] [HookTransaction[CreateOwnedTransaction]] Commit: "30/30 installed, 0 failed, 1ms (0ms scanning)"
[Debug  :Bugfixes and QoL] [2026-09-24 22:11:22.580] BUGFIXES_AND_QOL_VANILLA_PEACE_TIME_PATCH_INSTALLED: sha256=FBCB93195FC7EFCA9BDAC5204852EFDD76F9818F59A6711750D77C9CEF2831E2, branchPatches=29, startingTroopsRva=0x119050, displacedBytes=16.
[Debug  :Bugfixes and QoL] [2026-09-24 22:11:22.581] BUGFIXES_AND_QOL_SKIRMISH_GAME_OPTIONS_NO_DOGS_PATCH_INSTALLED: sha256=FBCB93195FC7EFCA9BDAC5204852EFDD76F9818F59A6711750D77C9CEF2831E2, rva=0xFFD98, original=74-31, replacement=90-90.
[Info   :  SHCDE-SE] [T1-22:11:22.581] [HookTransaction[CreateOwnedTransaction]] Commit: "1/1 installed, 0 failed, 0ms (0ms scanning)"
[Info   :  SHCDE-SE] [T1-22:11:22.581] [GameXAMLManagerAPI] [RegisterBinding] Registering auto-binding: [BugfixesAndQoLAllyAmount5]
[Info   :  SHCDE-SE] [T1-22:11:22.581] [GameXAMLManagerAPI] [RegisterBinding] Registering auto-binding: [BugfixesAndQoLAllyAmount10]
[Info   :  SHCDE-SE] [T1-22:11:22.581] [GameXAMLManagerAPI] [RegisterBinding] Registering auto-binding: [BugfixesAndQoLAllyAmount25]
[Info   :  SHCDE-SE] [T1-22:11:22.581] [GameXAMLManagerAPI] [RegisterBinding] Registering auto-binding: [BugfixesAndQoLAllyAmount100]
[Info   :  SHCDE-SE] [T1-22:11:22.581] [GameXAMLManagerAPI] [RegisterBinding] Registering auto-binding: [BugfixesAndQoLAllyAmount500]
[Info   :  SHCDE-SE] [T1-22:11:22.584] [MapModManager] [TryUpdateModsFromRemote] Trying to update mods from steam-remote...
[Info   :  SHCDE-SE] [T1-22:11:22.585] [WorkshopUpdateManager] [CheckAndDownloadUpdates] Checking for Steam Workshop updates...
[Info   :  SHCDE-SE] [T1-22:11:22.586] [WorkshopUpdateManager] [CheckAndDownloadUpdates] All workshop items are up to date
[Info   :  SHCDE-SE] [T1-22:11:22.586] [MapModManager] [TryUpdateModsFromRemote] Retrieved 6 items
[Info   :  SHCDE-SE] [T1-22:11:22.586] [MapModManager] [DetectAndStageUninstalls] Scanning for uninstalls in: [E:\ProgrammeE\Steam\steamapps\common\Stronghold Crusader Definitive Edition\_SE]
[Info   :  SHCDE-SE] [T1-22:11:22.587] [MapModManager] [DetectAndStageUninstalls] Found 3 local manifests.
[Info   :  SHCDE-SE] [T1-22:11:22.592] [MapArchive] [.ctor] Reading ZIP data from offset: 003444B7
[Info   :  SHCDE-SE] [T1-22:11:22.601] [MapModManager] [TryStageModUpdate] Querying workshop mod (MAS): [fixes], full: [E:\ProgrammeE\Steam\steamapps\workshop\content\3024040\3791770511\fixes.map]
[Info   :  SHCDE-SE] [T1-22:11:22.601] [MapModManager] [ShouldUpdate] Querying local mod info: [E:\ProgrammeE\Steam\steamapps\common\Stronghold Crusader Definitive Edition\_SE\fixes.json]
[Info   :  SHCDE-SE] [T1-22:11:22.604] [MapModManager] [ShouldUpdate] Local mod info version: [1.19.1], Remote version: [1.19.1]
[Info   :  SHCDE-SE] [T1-22:11:22.604] [MapModManager] [TryStageModUpdate] Skipping: [fixes]
[Info   :  SHCDE-SE] [T1-22:11:22.607] [MapArchive] [.ctor] Reading ZIP data from offset: 003444B7
[Info   :  SHCDE-SE] [T1-22:11:22.622] [MapModManager] [TryStageModUpdate] Querying workshop mod (MAS): [SerpsMods], full: [E:\ProgrammeE\Steam\steamapps\workshop\content\3024040\3788821961\SerpsMods.map]
[Info   :  SHCDE-SE] [T1-22:11:22.622] [MapModManager] [ShouldUpdate] Querying local mod info: [E:\ProgrammeE\Steam\steamapps\common\Stronghold Crusader Definitive Edition\_SE\SerpsMods.json]
[Info   :  SHCDE-SE] [T1-22:11:22.622] [MapModManager] [ShouldUpdate] Local mod info version: [1.0.14], Remote version: [1.0.14]
[Info   :  SHCDE-SE] [T1-22:11:22.622] [MapModManager] [TryStageModUpdate] Skipping: [SerpsMods]
[Info   :  SHCDE-SE] [T1-22:11:22.625] [MapArchive] [.ctor] Reading ZIP data from offset: 003444B7
[Info   :  SHCDE-SE] [T1-22:11:22.626] [MapModManager] [TryStageModUpdate] Querying workshop mod (MAS): [LorrdyAISharesGold], full: [E:\ProgrammeE\Steam\steamapps\workshop\content\3024040\3774768801\LorrdyAISharesGold.map]
[Info   :  SHCDE-SE] [T1-22:11:22.626] [MapModManager] [ShouldUpdate] Querying local mod info: [E:\ProgrammeE\Steam\steamapps\common\Stronghold Crusader Definitive Edition\_SE\LorrdyAISharesGold.json]
[Info   :  SHCDE-SE] [T1-22:11:22.627] [MapModManager] [ShouldUpdate] Local mod info version: [1.0.4], Remote version: [1.0.4]
[Info   :  SHCDE-SE] [T1-22:11:22.627] [MapModManager] [TryStageModUpdate] Skipping: [LorrdyAISharesGold]
[Debug  :Bugfixes and QoL] [2026-09-24 22:11:22.629] Steam lobby-invite popup validation callbacks registered.
[Debug  :Bugfixes and QoL] [2026-09-24 22:11:22.630] Bugfixes and QoL quarry-pile runtime: runtime initialized: mode=Vanilla-clockwise-prefab-spawn-and-structure-group, nativeCandidateHelperAvailable=True, subscriptions=3, setUpInbuildingHookInstalled=True.
[Debug  :Bugfixes and QoL] [2026-09-24 22:11:22.630] Bugfixes and QoL quarry-pile runtime: setting applied: EnableMod=True, EnableQuarryPileRelocation=True, EnableAIQuarryPileTowardsKeep=True.
[Debug  :Bugfixes and QoL] [2026-09-24 22:11:22.637] Movement features: sameSpeed=True, rally=True, nativeFastpaths=True.
[Debug  :Bugfixes and QoL] [2026-09-24 22:11:22.637] Bugfixes and QoL mounted-stockpile movement hooks enabled logically.
[Debug  :Bugfixes and QoL] [2026-09-24 22:11:22.642] Bugfixes and QoL enemy-proximity bulldoze cursor hook installed.
[Debug  :Bugfixes and QoL] [2026-09-24 22:11:22.642] Bugfixes and QoL feature hooks reconciled.
[Debug  :Bugfixes and QoL] [2026-09-24 22:11:22.642] Crusader library loaded; Bugfixes and QoL initialized.
[Info   :   BepInEx] Loading [AIV Lobby Preset Test 0.1.0]
[Info   :AIV Lobby Preset Test] Test-series progression registered on APIShared mission lifecycle.
[Info   :AIV Lobby Preset Test] AIV lobby preset registered; config=E:\ProgrammeE\Steam\steamapps\common\Stronghold Crusader Definitive Edition\BepInEx\config\AivLobbyPresetTest.json
[Info   :AIV Lobby Preset Test] Lobby bridge after registration: assembly=E:\ProgrammeE\Steam\steamapps\common\Stronghold Crusader Definitive Edition\BepInEx\plugins\APIShared_Serp\APIShared.dll, owner=AivLobbyPresetTest_Serp, callback=AivLobbyPresetTest.AivLobbyPresetTestPlugin, sameLobby=True, prepared=False, active=False, applyAttempted=False
[Info   :   BepInEx] Loading [Building Costs 1.0.107]
[Debug  :Building Costs] [2026-09-24 22:11:22.649] Building Costs 1.0.107 loaded.
[Debug  :Building Costs] [2026-09-24 22:11:22.657] [Building Costs] gameplay-mod gate: modGuid=BuildingCosts_Serp, source=initialization, kind=Unknown, launchVariant=Standard, customized=False, customizedOrigin=0, modeAllowed=False, configuredEnabled=True, effectiveEnabled=False, action=disabled-by-mode, reason=unknown-fail-closed.
[Info   :Building Costs] [2026-09-24 22:11:22.657] [BuildingCosts_Serp] gameplay-feature gate: feature=BuildingCostTooltip, source=initialization, kind=Unknown, launchVariant=Standard, realMultiplayer=False, modeAllowed=False, action=disabled-by-feature-mode, reason=unknown-fail-closed.
[Info   :Building Costs] [2026-09-24 22:11:22.683] Building Costs verified the installed CrusaderDE.dll: sha256=FBCB93195FC7EFCA9BDAC5204852EFDD76F9818F59A6711750D77C9CEF2831E2, size=3451392, path=E:\ProgrammeE\Steam\steamapps\common\Stronghold Crusader Definitive Edition\Stronghold Crusader Definitive Edition_Data\Plugins\x86_64\CrusaderDE.dll.
[Info   :Serp Localization] [2026-09-24 22:11:22.694] Locale selected: locale=en-US, source=Steam runtime, rawLanguage=english, configuredProvider=detect, scriptExtenderLanguage=en-US, pluginDirectory=E:\ProgrammeE\Steam\steamapps\common\Stronghold Crusader Definitive Edition\BepInEx\plugins\BuildingCosts_Serp, englishFileExists=True, localeFileExists=True.
[Info   :  SHCDE-SE] [T1-22:11:22.696] [LobbyModSettingsStorage] [Load] [BuildingCosts_Serp]: Settings restored from [E:\ProgrammeE\Steam\steamapps\common\Stronghold Crusader Definitive Edition\BepInEx\plugins\BuildingCosts_Serp\LobbyModSettings\BuildingCosts_Serp.msgpack]
[Info   :  SHCDE-SE] [T1-22:11:22.700] [GameXAMLManagerAPI] [RegisterLobbyModSettingsCore] Registered mod [BuildingCosts_Serp]
[Info   :Building Costs] [2026-09-24 22:11:22.700] [BuildingCosts_Serp] Loaded editable lobby-settings working state; basedOn=, modified=False.
[Info   :  SHCDE-SE] [T1-22:11:22.700] [GameXAMLManagerAPI] [RegisterBinding] Registering auto-binding: [BuildingCostsTooltipHost]
[Info   :  SHCDE-SE] [T1-22:11:22.700] [GameXAMLManagerAPI] [RegisterBinding] Registering auto-binding: [BuildingCostsTooltipHostCompact]
[Debug  :Building Costs] [2026-09-24 22:11:22.700] Building costs disabled; runtime hooks not subscribed
[Debug  :Building Costs] [2026-09-24 22:11:22.700] Crusader library loaded; BuildingCosts runtime initialized.
[Info   :   BepInEx] Loading [Building Limit 1.0.25]
[Debug  :Building Limit] [2026-09-24 22:11:22.708] Building Limit 1.0.25 loaded.
[Debug  :Building Limit] [2026-09-24 22:11:22.713] [Building Limit] gameplay-mod gate: modGuid=BuildingLimit_Serp, source=initialization, kind=Unknown, launchVariant=Standard, customized=False, customizedOrigin=0, modeAllowed=False, configuredEnabled=True, effectiveEnabled=False, action=disabled-by-mode, reason=unknown-fail-closed.
[Info   :Building Limit] [2026-09-24 22:11:22.713] [BuildingLimit_Serp] gameplay-feature gate: feature=BuildingLimitEnforcement, source=initialization, kind=Unknown, launchVariant=Standard, realMultiplayer=False, modeAllowed=False, action=disabled-by-feature-mode, reason=unknown-fail-closed.
[Info   :Building Limit] [2026-09-24 22:11:22.738] Building Limit verified the installed CrusaderDE.dll: sha256=FBCB93195FC7EFCA9BDAC5204852EFDD76F9818F59A6711750D77C9CEF2831E2, size=3451392, path=E:\ProgrammeE\Steam\steamapps\common\Stronghold Crusader Definitive Edition\Stronghold Crusader Definitive Edition_Data\Plugins\x86_64\CrusaderDE.dll.
[Info   :Serp Localization] [2026-09-24 22:11:22.745] Locale selected: locale=en-US, source=Steam runtime, rawLanguage=english, configuredProvider=detect, scriptExtenderLanguage=en-US, pluginDirectory=E:\ProgrammeE\Steam\steamapps\common\Stronghold Crusader Definitive Edition\BepInEx\plugins\BuildingLimit_Serp, englishFileExists=True, localeFileExists=True.
[Info   :  SHCDE-SE] [T1-22:11:22.747] [LobbyModSettingsStorage] [Load] [BuildingLimit_Serp]: Settings restored from [E:\ProgrammeE\Steam\steamapps\common\Stronghold Crusader Definitive Edition\BepInEx\plugins\BuildingLimit_Serp\LobbyModSettings\BuildingLimit_Serp.msgpack]
[Info   :  SHCDE-SE] [T1-22:11:22.750] [GameXAMLManagerAPI] [RegisterLobbyModSettingsCore] Registered mod [BuildingLimit_Serp]
[Info   :Building Limit] [2026-09-24 22:11:22.750] [BuildingLimit_Serp] Loaded editable lobby-settings working state; basedOn=, modified=False.
[Info   :  SHCDE-SE] [T1-22:11:22.750] [GameXAMLManagerAPI] [RegisterBinding] Registering auto-binding: [BuildingLimitNotificationOverlay]
[Info   :  SHCDE-SE] [T1-22:11:22.750] [GameXAMLManagerAPI] [RegisterBinding] Registering auto-binding: [BuildingLimitTooltipHost]
[Info   :  SHCDE-SE] [T1-22:11:22.750] [GameXAMLManagerAPI] [RegisterBinding] Registering auto-binding: [BuildingLimitTooltipHostCompact]
[Debug  :Building Limit] [2026-09-24 22:11:22.750] Building limit disabled; runtime hooks not subscribed
[Debug  :Building Limit] [2026-09-24 22:11:22.750] Crusader library loaded; BuildingLimit runtime initialized.
[Info   :   BepInEx] Loading [CastlePlanner 0.8.31]
[Debug  :CastlePlanner] [2026-09-24 22:11:22.761] [CastlePlanner] gameplay-mod gate: modGuid=CastlePlanner_Serp, source=initialization, kind=Unknown, launchVariant=Standard, customized=False, customizedOrigin=0, modeAllowed=False, configuredEnabled=True, effectiveEnabled=False, action=disabled-by-mode, reason=unknown-fail-closed.
[Info   :CastlePlanner] [2026-09-24 22:11:22.761] [CastlePlanner_Serp] gameplay-feature gate: feature=CastleSpawning, source=initialization, kind=Unknown, launchVariant=Standard, realMultiplayer=False, modeAllowed=False, action=disabled-by-feature-mode, reason=unknown-fail-closed.
[Info   :CastlePlanner] [2026-09-24 22:11:22.761] [CastlePlanner_Serp] gameplay-feature gate: feature=FreeCastlePreview, source=initialization, kind=Unknown, launchVariant=Standard, realMultiplayer=False, modeAllowed=False, action=disabled-by-feature-mode, reason=unknown-fail-closed.
[Info   :CastlePlanner] [2026-09-24 22:11:22.761] [CastlePlanner_Serp] gameplay-feature gate: feature=CastleBlueprints, source=initialization, kind=Unknown, launchVariant=Standard, realMultiplayer=False, modeAllowed=False, action=disabled-by-feature-mode, reason=unknown-fail-closed.
[Info   :CastlePlanner] [2026-09-24 22:11:22.788] CastlePlanner verified the installed CrusaderDE.dll: sha256=FBCB93195FC7EFCA9BDAC5204852EFDD76F9818F59A6711750D77C9CEF2831E2, size=3451392, path=E:\ProgrammeE\Steam\steamapps\common\Stronghold Crusader Definitive Edition\Stronghold Crusader Definitive Edition_Data\Plugins\x86_64\CrusaderDE.dll.
[Info   :Serp Localization] [2026-09-24 22:11:22.802] Locale selected: locale=en-US, source=Steam runtime, rawLanguage=english, configuredProvider=detect, scriptExtenderLanguage=en-US, pluginDirectory=E:\ProgrammeE\Steam\steamapps\common\Stronghold Crusader Definitive Edition\BepInEx\plugins\CastlePlanner_Serp, englishFileExists=True, localeFileExists=True.
[Info   :  SHCDE-SE] [T1-22:11:22.803] [LobbyModSettingsStorage] [Load] [CastlePlanner_Serp]: Settings restored from [E:\ProgrammeE\Steam\steamapps\common\Stronghold Crusader Definitive Edition\BepInEx\plugins\CastlePlanner_Serp\LobbyModSettings\CastlePlanner_Serp.msgpack]
[Info   :  SHCDE-SE] [T1-22:11:22.820] [GameXAMLManagerAPI] [RegisterLobbyModSettingsCore] Registered mod [CastlePlanner_Serp]
[Info   :CastlePlanner] [2026-09-24 22:11:22.820] [CastlePlanner ModSettingsScrollDiagnostic] attached; horizontal=0, vertical=0, extentWidth=0, viewportWidth=0.
[Info   :CastlePlanner] [2026-09-24 22:11:22.820] [CastlePlanner_Serp] Loaded editable lobby-settings working state; basedOn=, modified=False.
[Info   :CastlePlanner] [2026-09-24 22:11:22.821] CastlePlanner local AIVJSON selection changed to '[CustomLords] testlord_serp\testlord_serpcastle1.aivjson'.
[Info   :CastlePlanner] [2026-09-24 22:11:22.830] Asynchronous AIVJSON catalog loading started; recursive discovery and hashing will not block the game thread.
[Info   :CastlePlanner] [2026-09-24 22:11:22.838] Loaded 14 Blueprint building-size calibrations (14 usable sizes, 14 ground-aligned) from E:\ProgrammeE\Steam\steamapps\common\Stronghold Crusader Definitive Edition\BepInEx\plugins\CastlePlanner_Serp\RuntimeData\BlueprintBuildingSizes.tsv.
[Info   :CastlePlanner] [2026-09-24 22:11:22.885] Blueprint capture status: available=80, required=80, missing=0, depthAtlases=80, missingDepth=0.
[Debug  :CastlePlanner] [2026-09-24 22:11:22.885] Blueprint image manifests loaded: composites=80, depthCaptures=80, elapsedMs=47,1.
[Info   :CastlePlanner] [2026-09-24 22:11:22.892] Persistent local blueprint runtime initialized; Application.onBeforeRender frame loop and focus-loss guard registered.
[Info   :  SHCDE-SE] [T1-22:11:22.892] [GameNetworkAPI] [GetPacketEventFor] Dynamically registered packet type 'FreeCastlePacket' with ID: 1113
[Info   :  SHCDE-SE] [T1-22:11:22.892] [GameNetworkAPI] [GetPacketEventFor] Created R3 event stream for packet ID 1113 [FreeCastlePacket]
[Info   :CastlePlanner] [2026-09-24 22:11:22.896] Free-castle preview initialized: packetId=1113, defaultTimeout=120s, timeoutRange=60-600s, mainThread=1, synchronizationContext=UnityEngine.UnitySynchronizationContext, loadingWarningGuard=managed-generation.
[Info   :  SHCDE-SE] [T1-22:11:22.896] [GameXAMLManagerAPI] [RegisterBinding] Registering auto-binding: [CastlePlannerBlueprintHud]
[Info   :  SHCDE-SE] [T1-22:11:22.896] [GameXAMLManagerAPI] [RegisterBinding] Registering auto-binding: [CastlePlannerBlueprintSettingsButton]
[Info   :  SHCDE-SE] [T1-22:11:22.919] [GameXAMLManagerAPI] [RegisterBinding] Registering auto-binding: [CastlePlannerAivSelectionListHost]
[Debug  :CastlePlanner] [2026-09-24 22:11:22.931] Native address resolved: name=AllocateSpecDelegate, method=reference-rva, rva=0x50680.
[Debug  :CastlePlanner] [2026-09-24 22:11:22.931] Native address resolved: name=SetPlacementDelegate, method=reference-rva, rva=0x54EC0.
[Debug  :CastlePlanner] [2026-09-24 22:11:22.931] Native address resolved: name=TestSpecificCandidateDelegate, method=reference-rva, rva=0x54DE0.
[Debug  :CastlePlanner] [2026-09-24 22:11:22.932] Native address resolved: name=PrepareLayoutDelegate, method=reference-rva, rva=0x53D00.
[Debug  :CastlePlanner] [2026-09-24 22:11:22.932] Native address resolved: name=ExecuteToPercentageDelegate, method=reference-rva, rva=0x55F50.
[Debug  :CastlePlanner] [2026-09-24 22:11:22.932] Native address resolved: name=aivState, method=reference-rva, rva=0x95C9F.
[Debug  :CastlePlanner] [2026-09-24 22:11:22.932] Native address resolved: name=prebuiltPlayersBitField, method=reference-rva, rva=0x95FF8.
[Debug  :CastlePlanner] [2026-09-24 22:11:22.932] Native address resolved: name=prepared Keep coordinates, method=reference-rva, rva=0x95EA3.
[Info   :CastlePlanner] [2026-09-24 22:11:22.932] Native AIV bindings resolved: module=0x7FFAAA280000, aivState=0x7FFAAD729F70, playerAivStateBase=0x7FFAADA1D0CC, prebuiltPlayers=0x7FFAAD8E5FC0, preparedKeepX=0x7FFAAD7679CC, preparedKeepY=0x7FFAAD7679D0.
[Info   :CastlePlanner] [2026-09-24 22:11:22.932] CastlePlanner AIV import backend: official SHCDE-SE 2.10.1.0 GameAIVManagerAPI is available; compatibility workaround inactive.
[Debug  :CastlePlanner] [2026-09-24 22:11:22.933] Native address resolved: name=Vanilla human Keep coordinate load, method=reference-rva, rva=0x95B3C.
[Info   :  SHCDE-SE] [T1-22:11:22.933] [X64InlineHook] ["humanKeepCoordinateLoadHook"] compiled stub at 0x00007FFA3A3F48B0, size: 271 bytes (target: 0x00007FFAAA315B3C).
[Info   :  SHCDE-SE] [T1-22:11:22.933] [X64InlineHook] ["humanKeepCoordinateLoadHook"] hook enabled at 0x00007FFAAA315B3C, stub 0x00007FFA3A3F48B0.
[Info   :CastlePlanner] [2026-09-24 22:11:22.933] Early Vanilla human-start hooks installed: keepCoordinateRva=0x95B3C, displacedBytes=16.
[Info   :  SHCDE-SE] [T1-22:11:22.933] [HookTransaction[InstallHumanStartPreparationHook]] Commit: "1/1 installed, 0 failed, 0ms (0ms scanning)"
[Info   :CastlePlanner] [2026-09-24 22:11:22.933] Native AIV castle spawner installed; all private functions and globals resolved uniquely.
[Info   :CastlePlanner] [2026-09-24 22:11:22.933] Crusader library initialization completed; all optional stages completed successfully.
[Info   :CastlePlanner] [2026-09-24 22:11:22.933] CastlePlanner 0.8.31 loaded; the AIVJSON catalog will be cached automatically in the lobby.
[Info   :   BepInEx] Loading [Cheat Mod 1.0.9]
[Debug  : Cheat Mod] [2026-09-24 22:11:22.936] Cheat Mod 1.0.9 loaded.
[Debug  : Cheat Mod] [2026-09-24 22:11:22.938] [Cheat Mod] gameplay-mod gate: modGuid=CheatMod_Serp, source=initialization, kind=Unknown, launchVariant=Standard, customized=False, customizedOrigin=0, modeAllowed=False, configuredEnabled=False, effectiveEnabled=False, action=disabled-by-mode, reason=unknown-fail-closed.
[Info   : Cheat Mod] [2026-09-24 22:11:22.938] [CheatMod_Serp] gameplay-feature gate: feature=EndlessExtremePowersRecharge, source=initialization, kind=Unknown, launchVariant=Standard, realMultiplayer=False, modeAllowed=False, action=disabled-by-feature-mode, reason=unknown-fail-closed.
[Info   : Cheat Mod] [2026-09-24 22:11:22.963] Cheat Mod verified the installed CrusaderDE.dll: sha256=FBCB93195FC7EFCA9BDAC5204852EFDD76F9818F59A6711750D77C9CEF2831E2, size=3451392, path=E:\ProgrammeE\Steam\steamapps\common\Stronghold Crusader Definitive Edition\Stronghold Crusader Definitive Edition_Data\Plugins\x86_64\CrusaderDE.dll.
[Info   :Serp Localization] [2026-09-24 22:11:22.969] Locale selected: locale=en-US, source=Steam runtime, rawLanguage=english, configuredProvider=detect, scriptExtenderLanguage=en-US, pluginDirectory=E:\ProgrammeE\Steam\steamapps\common\Stronghold Crusader Definitive Edition\BepInEx\plugins\CheatMod_Serp, englishFileExists=True, localeFileExists=True.
[Info   :  SHCDE-SE] [T1-22:11:22.969] [LobbyModSettingsStorage] [Load] [CheatMod_Serp]: Settings restored from [E:\ProgrammeE\Steam\steamapps\common\Stronghold Crusader Definitive Edition\BepInEx\plugins\CheatMod_Serp\LobbyModSettings\CheatMod_Serp.msgpack]
[Info   :  SHCDE-SE] [T1-22:11:22.972] [GameXAMLManagerAPI] [RegisterLobbyModSettingsCore] Registered mod [CheatMod_Serp]
[Info   : Cheat Mod] [2026-09-24 22:11:22.972] [CheatMod_Serp] Loaded editable lobby-settings working state; basedOn=, modified=False.
[Debug  : Cheat Mod] [2026-09-24 22:11:22.975] Cheat Mod listens for Script Extender Extreme Powers activation changes.
[Debug  : Cheat Mod] [2026-09-24 22:11:22.975] Crusader library loaded; Cheat Mod runtime initialized.
[Info   :   BepInEx] Loading [Extended Data 1.0.2]
[Info   :Extended Data] [2026-09-24 22:11:22.978] Extended Data 1.0.2 loaded.
[Info   :Extended Data] [2026-09-24 22:11:23.008] Extended Data verified the installed CrusaderDE.dll: sha256=FBCB93195FC7EFCA9BDAC5204852EFDD76F9818F59A6711750D77C9CEF2831E2, size=3451392, path=E:\ProgrammeE\Steam\steamapps\common\Stronghold Crusader Definitive Edition\Stronghold Crusader Definitive Edition_Data\Plugins\x86_64\CrusaderDE.dll.
[Info   :Serp Localization] [2026-09-24 22:11:23.015] Locale selected: locale=en-US, source=Steam runtime, rawLanguage=english, configuredProvider=detect, scriptExtenderLanguage=en-US, pluginDirectory=E:\ProgrammeE\Steam\steamapps\common\Stronghold Crusader Definitive Edition\BepInEx\plugins\ExtendedData_Serp, englishFileExists=True, localeFileExists=True.
[Info   :  SHCDE-SE] [T1-22:11:23.024] [LobbyModSettingsStorage] [Load] [ExtendedData_Serp]: Settings restored from [E:\ProgrammeE\Steam\steamapps\common\Stronghold Crusader Definitive Edition\BepInEx\plugins\ExtendedData_Serp\LobbyModSettings\ExtendedData_Serp.msgpack]
[Info   :  SHCDE-SE] [T1-22:11:23.028] [GameXAMLManagerAPI] [RegisterLobbyModSettingsCore] Registered mod [ExtendedData_Serp]
[Info   :Extended Data] [2026-09-24 22:11:23.028] [ExtendedData_Serp] Loaded editable lobby-settings working state; basedOn=, modified=False.
[Info   :Extended Data] [2026-09-24 22:11:23.031] [ExtendedData_Serp] Shared per-player lobby convergence activated: settings=[CoopPackageStatus], required=[CoopPackageStatus].
[Info   :  SHCDE-SE] [T1-22:11:23.033] [ModSaveDataAPI] [RegisterModDataHandler] Registered handler for [ExtendedData-LaunchOrigin]
[Info   :  SHCDE-SE] [T1-22:11:23.034] [GameXAMLManagerAPI] [RegisterBinding] Registering auto-binding: [ExtendedDataMapEditorSaveOptionsHost]
[Info   :  SHCDE-SE] [T1-22:11:23.034] [GameXAMLManagerAPI] [RegisterBinding] Registering auto-binding: [ExtendedDataTrailMakerSaveOptionsHost]
[Info   :Extended Data] [2026-09-24 22:11:23.038] Registered ExtendedData as the BugfixesAndQoL Trail customization provider.
[Info   :Extended Data] [2026-09-24 22:11:23.042] Custom Lord preflight rules: Script Extender=2.10.1, knownProfile=False, reflectedLordInfoFields=13, reflectedMessageTypes=42, publicValidator=False.
[Info   :  SHCDE-SE] [T1-22:11:23.042] [GameXAMLManagerAPI] [RegisterBinding] Registering auto-binding: [ExtendedDataUploadOptionsHost]
[Info   :  SHCDE-SE] [T1-22:11:23.042] [GameNetworkAPI] [GetPacketEventFor] Dynamically registered packet type 'CoopCustomizePacket' with ID: 1114
[Info   :  SHCDE-SE] [T1-22:11:23.042] [GameNetworkAPI] [GetPacketEventFor] Created R3 event stream for packet ID 1114 [CoopCustomizePacket]
[Info   :  SHCDE-SE] [T1-22:11:23.043] [GameNetworkAPI] [GetPacketEventFor] Dynamically registered packet type 'BuiltInCustomizeOriginPacket' with ID: 1115
[Info   :  SHCDE-SE] [T1-22:11:23.043] [GameNetworkAPI] [GetPacketEventFor] Created R3 event stream for packet ID 1115 [BuiltInCustomizeOriginPacket]
[Info   :Extended Data] [2026-09-24 22:11:23.135] Trail mission-settings coordinator initialized.
[Info   :  SHCDE-SE] [T1-22:11:23.136] [ModSaveDataAPI] [RegisterModDataHandler] Registered handler for [ExtendedData-MapModSettings]
[Info   :  SHCDE-SE] [T1-22:11:23.146] [GameNetworkAPI] [GetPacketEventFor] Dynamically registered packet type 'MapModSettingsPacket' with ID: 1116
[Info   :  SHCDE-SE] [T1-22:11:23.146] [GameNetworkAPI] [GetPacketEventFor] Created R3 event stream for packet ID 1116 [MapModSettingsPacket]
[Info   :Extended Data] [2026-09-24 22:11:23.149] Map mod-settings coordinator initialized.
[Info   :Extended Data] [2026-09-24 22:11:23.156] Map/Trail mod settings [Fixes] (fixes) are not included in creator presets: missing typed APIShared preset endpoint.
[Info   :Extended Data] [2026-09-24 22:11:23.162] Map/Trail mod-settings compatibility refreshed: compatible=7 [Bugfixes and QoL, Building Costs, Building Limit, CastlePlanner, Cheat Mod, Extra Features, Unit Limit], incompatible=1 [Fixes].
[Info   :Extended Data] [2026-09-24 22:11:23.224] Found Coop Trail package [Coop Trail (PoC)] with 1 mission(s).
[Info   :Extended Data] [2026-09-24 22:11:23.232] Runtime initialized; selected Coop Trail packages use cooptrail.json and centralized Trail settings.
[Info   :   BepInEx] Loading [Extreme Powers 0.1.4]
[Debug  :Extreme Powers] [2026-09-24 22:11:23.236] [Extreme Powers] gameplay-mod gate: modGuid=ExtremePowers_Serp, source=initialization, kind=Unknown, launchVariant=Standard, customized=False, customizedOrigin=0, modeAllowed=False, configuredEnabled=False, effectiveEnabled=False, action=disabled-by-mode, reason=unknown-fail-closed.
[Debug  :Extreme Powers] [2026-09-24 22:11:23.236] Extreme Powers 0.1.4 loaded.
[Info   :Serp Localization] [2026-09-24 22:11:23.248] Locale selected: locale=en-US, source=Steam runtime, rawLanguage=english, configuredProvider=detect, scriptExtenderLanguage=en-US, pluginDirectory=E:\ProgrammeE\Steam\steamapps\common\Stronghold Crusader Definitive Edition\BepInEx\plugins\ExtremePowers_Serp, englishFileExists=True, localeFileExists=True.
[Info   :  SHCDE-SE] [T1-22:11:23.276] [GameNetworkAPI] [GetPacketEventFor] Dynamically registered packet type 'ExtremePowerChore' with ID: 1117
[Info   :  SHCDE-SE] [T1-22:11:23.276] [GameNetworkAPI] [GetPacketEventFor] Created R3 event stream for packet ID 1117 [ExtremePowerChore]
[Info   :  SHCDE-SE] [T1-22:11:23.289] [LobbyModSettingsStorage] [Load] [ExtremePowers_Serp]: Settings restored from [E:\ProgrammeE\Steam\steamapps\common\Stronghold Crusader Definitive Edition\BepInEx\plugins\ExtremePowers_Serp\LobbyModSettings\ExtremePowers_Serp.msgpack]
[Info   :  SHCDE-SE] [T1-22:11:23.295] [GameXAMLManagerAPI] [RegisterLobbyModSettingsCore] Registered mod [ExtremePowers_Serp]
[Info   :Extreme Powers] [2026-09-24 22:11:23.295] [ExtremePowers_Serp] Loaded editable lobby-settings working state; basedOn=, modified=False.
[Info   :Extreme Powers] [2026-09-24 22:11:23.296] [ExtremePowers_Serp] Shared per-player lobby convergence activated: settings=[ApiProtocolReport], required=[ApiProtocolReport].
[Debug  :Extreme Powers] [2026-09-24 22:11:23.296] Supported Steam build 24816905; validated Extreme Powers hooks are active.
[Info   :   BepInEx] Loading [Random Events 1.0.42]
[Debug  :Random Events] [2026-09-24 22:11:23.301] [Random Events] gameplay-mod gate: modGuid=RandomEvents_Serp, source=initialization, kind=Unknown, launchVariant=Standard, customized=False, customizedOrigin=0, modeAllowed=False, configuredEnabled=True, effectiveEnabled=False, action=disabled-by-mode, reason=unknown-fail-closed.
[Info   :Random Events] [2026-09-24 22:11:23.301] [RandomEvents_Serp] gameplay-feature gate: feature=RandomEventsRuntime, source=initialization, kind=Unknown, launchVariant=Standard, realMultiplayer=False, modeAllowed=False, action=disabled-by-feature-mode, reason=unknown-fail-closed.
[Info   :  SHCDE-SE] [T1-22:11:23.302] [GameNetworkAPI] [GetPacketEventFor] Dynamically registered packet type 'RandomEventsInitializationChorePacket' with ID: 1118
[Info   :  SHCDE-SE] [T1-22:11:23.302] [GameNetworkAPI] [GetPacketEventFor] Created R3 event stream for packet ID 1118 [RandomEventsInitializationChorePacket]
[Info   :  SHCDE-SE] [T1-22:11:23.302] [GameNetworkAPI] [GetPacketEventFor] Dynamically registered packet type 'RandomEventsBatchChorePacket' with ID: 1119
[Info   :  SHCDE-SE] [T1-22:11:23.302] [GameNetworkAPI] [GetPacketEventFor] Created R3 event stream for packet ID 1119 [RandomEventsBatchChorePacket]
[Info   :  SHCDE-SE] [T1-22:11:23.302] [GameNetworkAPI] [GetPacketEventFor] Dynamically registered packet type 'RandomEventsSignpostChorePacket' with ID: 1120
[Info   :  SHCDE-SE] [T1-22:11:23.302] [GameNetworkAPI] [GetPacketEventFor] Created R3 event stream for packet ID 1120 [RandomEventsSignpostChorePacket]
[Info   :  SHCDE-SE] [T1-22:11:23.302] [GameNetworkAPI] [GetPacketEventFor] Dynamically registered packet type 'RandomEventsInitializationAckPacket' with ID: 1121
[Info   :  SHCDE-SE] [T1-22:11:23.302] [GameNetworkAPI] [GetPacketEventFor] Created R3 event stream for packet ID 1121 [RandomEventsInitializationAckPacket]
[Debug  :Random Events] [2026-09-24 22:11:23.303] Random Events Chore packets registered eagerly: initialization=1118, batch=1119, signpost=1120, protocolVersion=2.
[Debug  :Random Events] [2026-09-24 22:11:23.303] Random Events initialization-ACK packet registered eagerly: packetId=1121, protocolVersion=2.
[Debug  :Random Events] [2026-09-24 22:11:23.316] Random Events Script Extender binary: path=E:\ProgrammeE\Steam\steamapps\common\Stronghold Crusader Definitive Edition\BepInEx\plugins\000shcdese\SHCDESE.dll, version=2.10.1.0, size=1670656, sha256=85591256082C6F2329EDC0BFB0C1C163D9CF1BF2991DC8B11F6790907B60F2F2.
[Debug  :Random Events] [2026-09-24 22:11:23.326] Random Events Chore serializer self-tests passed: initialization-none(bytes=63,sha256=FE3799B68832EE999E16D16EC1561108E18D6D542E98FB9B355025508B6DA938), initialization-shared(bytes=78,sha256=B91D757B13BAF8D458BA0D850F53C4E352FF94CB49CCC0AC065A915FBD0354DA), initialization-individual-dense(bytes=185,sha256=225D396B104FEE15C2A5AF01357353CEE0AB46B500D7CE4B91A06B7E011BA6E4), empty-batch(bytes=27,sha256=4D8647032200FBC739FDC8F5F181A377E268542F398D987E31550D5EC5676EBB), maximum-batch(bytes=393,sha256=0627C9EFD45CA8AC23CBA3A90B198FDA82CE5A96CDBF829C88D1B41956C744BD), signpost(bytes=3,sha256=8117175A4F042DD4C5982F6E865AB11C0E893551CD454B1F32A83535AD331F96), initialization-ack(bytes=38,sha256=F8A010EAC7F7F6F9A1A6F8B132277D6318F767EEBE7EE4C3DD1534862969AAF3).
[Info   :Serp Localization] [2026-09-24 22:11:23.333] Locale selected: locale=en-US, source=Steam runtime, rawLanguage=english, configuredProvider=detect, scriptExtenderLanguage=en-US, pluginDirectory=E:\ProgrammeE\Steam\steamapps\common\Stronghold Crusader Definitive Edition\BepInEx\plugins\RandomEvents_Serp, englishFileExists=True, localeFileExists=True.
[Info   :  SHCDE-SE] [T1-22:11:23.337] [LobbyModSettingsStorage] [Load] [RandomEvents_Serp]: Settings restored from [E:\ProgrammeE\Steam\steamapps\common\Stronghold Crusader Definitive Edition\BepInEx\plugins\RandomEvents_Serp\LobbyModSettings\RandomEvents_Serp.msgpack]
[Info   :  SHCDE-SE] [T1-22:11:23.344] [GameXAMLManagerAPI] [RegisterLobbyModSettingsCore] Registered mod [RandomEvents_Serp]
[Info   :Random Events] [2026-09-24 22:11:23.344] [RandomEvents_Serp] Loaded editable lobby-settings working state; basedOn=, modified=False.
[Info   :Random Events] [2026-09-24 22:11:23.369] Random Events native integration verified the installed CrusaderDE.dll: sha256=FBCB93195FC7EFCA9BDAC5204852EFDD76F9818F59A6711750D77C9CEF2831E2, size=3451392, path=E:\ProgrammeE\Steam\steamapps\common\Stronghold Crusader Definitive Edition\Stronghold Crusader Definitive Edition_Data\Plugins\x86_64\CrusaderDE.dll.
[Info   :Random Events] [2026-09-24 22:11:23.370] Native address resolved: name=signpost lookup, method=reference-rva, rva=0xCB800.
[Info   :Random Events] [2026-09-24 22:11:23.371] Native address resolved: name=archer signpost source, method=reference-rva, rva=0x104E13, sourceXOffset=0x1838CC, sourceYOffset=0x1838D0, slotStride=0x10.
[Debug  :Random Events] [2026-09-24 22:11:23.372] Native address resolved: name=building prerequisite, method=reference-rva, rva=0xB8D50.
[Debug  :Random Events] [2026-09-24 22:11:23.372] Native address resolved: name=wheat infestation, method=reference-rva, rva=0xC3130.
[Debug  :Random Events] [2026-09-24 22:11:23.372] Native address resolved: name=hops beetles, method=reference-rva, rva=0xC2E30.
[Debug  :Random Events] [2026-09-24 22:11:23.373] Native address resolved: name=apple blight, method=reference-rva, rva=0xC2C30.
[Debug  :Random Events] [2026-09-24 22:11:23.373] Native address resolved: name=mad-cow unit effect, method=reference-rva, rva=0x194C40.
[Debug  :Random Events] [2026-09-24 22:11:23.373] Native address resolved: name=mad-cow building effect, method=reference-rva, rva=0xC6090.
[Debug  :Random Events] [2026-09-24 22:11:23.373] Native address resolved: name=granary theft, method=reference-rva, rva=0xC5F70.
[Debug  :Random Events] [2026-09-24 22:11:23.373] Native address resolved: name=event presentation callsite, method=reference-rva, rva=0xF9B74.
[Debug  :Random Events] [2026-09-24 22:11:23.374] Native event-presentation target filter installed: address=0x7FFAAA3831B0.
[Debug  :Random Events] [2026-09-24 22:11:23.375] Native event-sound target filter installed: address=0x7FFAAA282940.
[Debug  :Random Events] [2026-09-24 22:11:23.375] Native event-sound target resolved: method=reference-rva, callsiteRva=0x104A20, managerRva=0x64C4490, handlerRva=0x2940.
[Debug  :Random Events] [2026-09-24 22:11:23.375] Native address resolved: name=Vanilla wildlife handler, method=reference-rva, rva=0x11E150.
[Debug  :Random Events] [2026-09-24 22:11:23.375] Native address resolved: name=Vanilla lion/rabbit source branches, method=reference-rva, rva=0x11E638.
[Debug  :Random Events] [2026-09-24 22:11:23.376] Native address resolved: name=Vanilla rabbit predicate, method=reference-rva, rva=0x1177A0.
[Debug  :Random Events] [2026-09-24 22:11:23.376] Native address resolved: name=Vanilla rabbit spawner, method=reference-rva, rva=0x123AC0.
[Debug  :Random Events] [2026-09-24 22:11:23.376] Native address resolved: name=Vanilla rabbit tile mask, method=reference-rva, rva=0x123B86.
[Debug  :Random Events] [2026-09-24 22:11:23.376] Native address resolved: name=Vanilla rabbit event wrapper, method=reference-rva, rva=0x10496A.
[Debug  :Random Events] [2026-09-24 22:11:23.376] Native address resolved: name=Vanilla rabbit source write, method=reference-rva, rva=0x123BD3.
[Debug  :Random Events] [2026-09-24 22:11:23.376] Native address resolved: name=Vanilla lion spawn case, method=reference-rva, rva=0x11E261.
[Debug  :Random Events] [2026-09-24 22:11:23.376] Native address resolved: name=Vanilla lion activation write, method=reference-rva, rva=0x104C64.
[Debug  :Random Events] [2026-09-24 22:11:23.376] Native address resolved: name=Vanilla lion action-point wrapper, method=reference-rva, rva=0x104C46.
[Debug  :Random Events] [2026-09-24 22:11:23.377] Native address resolved: name=Vanilla action-point handler, method=reference-rva, rva=0xF4D40.
[Debug  :Random Events] [2026-09-24 22:11:23.377] Native minimap action-point target filter installed: address=0x7FFAAA374D40.
[Debug  :Random Events] [2026-09-24 22:11:23.377] Native address resolved: name=Vanilla bandit popularity-state write, method=reference-rva, rva=0x104CBA.
[Info   :  SHCDE-SE] [T1-22:11:23.378] [ModSaveDataAPI] [RegisterModDataHandler] Registered handler for [serp-randomevents-state]
[Debug  :Random Events] [2026-09-24 22:11:23.378] Crusader library loaded; Random Events initialized.
[Info   :   BepInEx] Loading [Start Conditions 1.0.28]
[Info   :  SHCDE-SE] [T1-22:11:23.421] [LobbyModSettingsStorage] [Load] [StartConditions_Serp]: Settings restored from [E:\ProgrammeE\Steam\steamapps\common\Stronghold Crusader Definitive Edition\BepInEx\plugins\StartConditions_Serp\LobbyModSettings\StartConditions_Serp.msgpack]
[Info   :  SHCDE-SE] [T1-22:11:23.426] [GameXAMLManagerAPI] [RegisterLobbyModSettingsCore] Registered mod [StartConditions_Serp]
[Info   :  SHCDE-SE] [T1-22:11:23.428] [ModSaveDataAPI] [RegisterModDataHandler] Registered handler for [StartConditions_Serp.AIStartTroops]
[Info   :Start Conditions] [2026-09-24 22:11:23.429] Start Conditions briefing-gold adjustment registered with APIShared.
[Info   :   BepInEx] Loading [Unit Costs 1.0.30]
[Debug  :Unit Costs] [2026-09-24 22:11:23.432] Unit Costs 1.0.30 loaded.
[Debug  :Unit Costs] [2026-09-24 22:11:23.440] [Unit Costs] gameplay-mod gate: modGuid=UnitCosts_Serp, source=initialization, kind=Unknown, launchVariant=Standard, customized=False, customizedOrigin=0, modeAllowed=False, configuredEnabled=True, effectiveEnabled=False, action=disabled-by-mode, reason=unknown-fail-closed.
[Info   :Unit Costs] [2026-09-24 22:11:23.440] [UnitCosts_Serp] gameplay-feature gate: feature=UnitCostEnforcement, source=initialization, kind=Unknown, launchVariant=Standard, realMultiplayer=False, modeAllowed=False, action=disabled-by-feature-mode, reason=unknown-fail-closed.
[Info   :Unit Costs] [2026-09-24 22:11:23.465] Unit Costs verified the installed CrusaderDE.dll: sha256=FBCB93195FC7EFCA9BDAC5204852EFDD76F9818F59A6711750D77C9CEF2831E2, size=3451392, path=E:\ProgrammeE\Steam\steamapps\common\Stronghold Crusader Definitive Edition\Stronghold Crusader Definitive Edition_Data\Plugins\x86_64\CrusaderDE.dll.
[Info   :Serp Localization] [2026-09-24 22:11:23.475] Locale selected: locale=en-US, source=Steam runtime, rawLanguage=english, configuredProvider=detect, scriptExtenderLanguage=en-US, pluginDirectory=E:\ProgrammeE\Steam\steamapps\common\Stronghold Crusader Definitive Edition\BepInEx\plugins\UnitCosts_Serp, englishFileExists=True, localeFileExists=True.
[Info   :  SHCDE-SE] [T1-22:11:23.476] [LobbyModSettingsStorage] [Load] [UnitCosts_Serp]: Settings restored from [E:\ProgrammeE\Steam\steamapps\common\Stronghold Crusader Definitive Edition\BepInEx\plugins\UnitCosts_Serp\LobbyModSettings\UnitCosts_Serp.msgpack]
[Info   :  SHCDE-SE] [T1-22:11:23.480] [GameXAMLManagerAPI] [RegisterLobbyModSettingsCore] Registered mod [UnitCosts_Serp]
[Info   :Unit Costs] [2026-09-24 22:11:23.480] [UnitCosts_Serp] Loaded editable lobby-settings working state; basedOn=, modified=False.
[Info   :  SHCDE-SE] [T1-22:11:23.480] [GameXAMLManagerAPI] [RegisterBinding] Registering auto-binding: [UnitCostsNotificationOverlay]
[Info   :  SHCDE-SE] [T1-22:11:23.480] [GameXAMLManagerAPI] [RegisterBinding] Registering auto-binding: [UnitCostsSiegeNotificationInlineHost]
[Info   :  SHCDE-SE] [T1-22:11:23.480] [GameXAMLManagerAPI] [RegisterBinding] Registering auto-binding: [UnitCostsTroopCostsInlineHost]
[Info   :  SHCDE-SE] [T1-22:11:23.480] [GameXAMLManagerAPI] [RegisterBinding] Registering auto-binding: [UnitCostsArabTroopCostsInlineHost]
[Info   :  SHCDE-SE] [T1-22:11:23.480] [GameXAMLManagerAPI] [RegisterBinding] Registering auto-binding: [UnitCostsBedouinTroopCostsInlineHost]
[Info   :  SHCDE-SE] [T1-22:11:23.480] [GameXAMLManagerAPI] [RegisterBinding] Registering auto-binding: [UnitCostsEngineersCostsInlineHost]
[Info   :  SHCDE-SE] [T1-22:11:23.480] [GameXAMLManagerAPI] [RegisterBinding] Registering auto-binding: [UnitCostsTunellersCostsInlineHost]
[Info   :  SHCDE-SE] [T1-22:11:23.480] [GameXAMLManagerAPI] [RegisterBinding] Registering auto-binding: [UnitCostsMonkCostsInlineHost]
[Info   :  SHCDE-SE] [T1-22:11:23.480] [GameXAMLManagerAPI] [RegisterBinding] Registering auto-binding: [UnitCostsSiegeBuildCostsInlineHost]
[Debug  :Unit Costs] [2026-09-24 22:11:23.481] UnitCosts horse-link lifecycle subscribed
[Debug  :Unit Costs] [2026-09-24 22:11:23.481] UnitCosts disabled; runtime hooks not subscribed
[Debug  :Unit Costs] [2026-09-24 22:11:23.481] Crusader library loaded; UnitCosts runtime initialized.
[Message:   BepInEx] Chainloader startup complete
[Info   :Active AIV Detector] [2026-09-24 22:11:23.531] Plugin component destroyed during startup; keeping the active-AIV hook rooted.
[Debug  :CastlePlanner] [2026-09-24 22:11:23.531] Plugin component destroyed during startup; keeping CastlePlanner lifecycle subscriptions rooted.
[Debug  :Extended Data] [2026-09-24 22:11:23.531] ExtendedData OnDestroy called; keeping process-lifetime runtime active.
[Debug  :Extreme Powers] [2026-09-24 22:11:23.531] Plugin component destroyed during startup; keeping Extreme Powers hooks and settings rooted.
[Info   :  SHCDE-SE] [T1-22:11:24.322] [MapModManager] [TryUpdateModsFromRemote] Trying to update mods from steam-remote...
[Info   :  SHCDE-SE] [T1-22:11:24.322] [MapModManager] [TryUpdateModsFromRemote] Retrieved 6 items
[Info   :  SHCDE-SE] [T1-22:11:24.322] [MapModManager] [DetectAndStageUninstalls] Scanning for uninstalls in: [E:\ProgrammeE\Steam\steamapps\common\Stronghold Crusader Definitive Edition\_SE]
[Info   :  SHCDE-SE] [T1-22:11:24.322] [MapModManager] [DetectAndStageUninstalls] Found 3 local manifests.
[Info   :  SHCDE-SE] [T1-22:11:24.326] [MapArchive] [.ctor] Reading ZIP data from offset: 003444B7
[Info   :  SHCDE-SE] [T1-22:11:24.326] [MapModManager] [TryStageModUpdate] Querying workshop mod (MAS): [fixes], full: [E:\ProgrammeE\Steam\steamapps\workshop\content\3024040\3791770511\fixes.map]
[Info   :  SHCDE-SE] [T1-22:11:24.326] [MapModManager] [ShouldUpdate] Querying local mod info: [E:\ProgrammeE\Steam\steamapps\common\Stronghold Crusader Definitive Edition\_SE\fixes.json]
[Info   :  SHCDE-SE] [T1-22:11:24.326] [MapModManager] [ShouldUpdate] Local mod info version: [1.19.1], Remote version: [1.19.1]
[Info   :  SHCDE-SE] [T1-22:11:24.326] [MapModManager] [TryStageModUpdate] Skipping: [fixes]
[Info   :  SHCDE-SE] [T1-22:11:24.329] [MapArchive] [.ctor] Reading ZIP data from offset: 003444B7
[Info   :  SHCDE-SE] [T1-22:11:24.339] [MapModManager] [TryStageModUpdate] Querying workshop mod (MAS): [SerpsMods], full: [E:\ProgrammeE\Steam\steamapps\workshop\content\3024040\3788821961\SerpsMods.map]
[Info   :  SHCDE-SE] [T1-22:11:24.339] [MapModManager] [ShouldUpdate] Querying local mod info: [E:\ProgrammeE\Steam\steamapps\common\Stronghold Crusader Definitive Edition\_SE\SerpsMods.json]
[Info   :  SHCDE-SE] [T1-22:11:24.340] [MapModManager] [ShouldUpdate] Local mod info version: [1.0.14], Remote version: [1.0.14]
[Info   :  SHCDE-SE] [T1-22:11:24.340] [MapModManager] [TryStageModUpdate] Skipping: [SerpsMods]
[Info   :  SHCDE-SE] [T1-22:11:24.343] [MapArchive] [.ctor] Reading ZIP data from offset: 003444B7
[Info   :  SHCDE-SE] [T1-22:11:24.344] [MapModManager] [TryStageModUpdate] Querying workshop mod (MAS): [LorrdyAISharesGold], full: [E:\ProgrammeE\Steam\steamapps\workshop\content\3024040\3774768801\LorrdyAISharesGold.map]
[Info   :  SHCDE-SE] [T1-22:11:24.344] [MapModManager] [ShouldUpdate] Querying local mod info: [E:\ProgrammeE\Steam\steamapps\common\Stronghold Crusader Definitive Edition\_SE\LorrdyAISharesGold.json]
[Info   :  SHCDE-SE] [T1-22:11:24.344] [MapModManager] [ShouldUpdate] Local mod info version: [1.0.4], Remote version: [1.0.4]
[Info   :  SHCDE-SE] [T1-22:11:24.344] [MapModManager] [TryStageModUpdate] Skipping: [LorrdyAISharesGold]
[Info   :AIV Lobby Preset Test] Persistent lobby render observer active.
[Info   :Extended Data] [2026-09-24 22:11:24.778] Map/Trail mod-settings compatibility refreshed: compatible=11 [Bugfixes and QoL, Building Costs, Building Limit, CastlePlanner, Cheat Mod, Extra Features, Extreme Powers, Random Events, Start Conditions, Unit Costs, Unit Limit], incompatible=1 [Fixes].
[Info   :UU-ImGUI API] idxgiswapchain_present_hook_impl: init
[Info   :UU-ImGUI API] idxgiswapchain_present_hook_impl: overwritten wndproc of hwnd: 4851382. old: 1E5A00D2F90, new=1E6BE272850
[Info   :UU-ImGUI API] idxgiswapchain_present_hook_impl: created imgui context: 1E6BD1CB790
[Info   :UU-ImGUI API] idxgiswapchain_present_hook_impl: created implot context: 1E59E28A700
[Info   :UU-ImGUI API] idxgiswapchain_present_hook_impl: created imnodes context: 1E2E4BDBE40
[Info   :UU-ImGUI API] idxgiswapchain_present_hook_impl: created implot3d context: 1E59DD49E00
[Info   :UU-ImGUI API] idxgiswapchain_present_hook_impl: context creation complete
[Debug  :UU-ImGUI API] IDXGISwapChain self=1E539A62370
[Info   :UU-ImGUI API] idxgiswapchain_present_hook_impl: idgxiswapchain_getdesc::getdesc OK
[Info   :UU-ImGUI API] idxgiswapchain_present_hook_impl: idgxiswapchain_getdevice::getdevice OK
[Info   :UU-ImGUI API] idxgiswapchain_present_hook_impl: cached id3d11 device, id3d11 device context
[Info   :UU-ImGUI API] idxgiswapchain_present_hook_impl: idgxiswapchain_getbuffer::getbuffer
[Info   :UU-ImGUI API] idxgiswapchain_present_hook_impl: cached_ID3D11Device::createrendertargetview
[Info   :UU-ImGUI API] idxgiswapchain_present_hook_impl: pBackBuffer release OK
[Info   :UU-ImGUI API] idxgiswapchain_present_hook_impl: imgui get io
[Info   :UU-ImGUI API] idxgiswapchain_present_hook_impl: adding primary font: E:\ProgrammeE\Steam\steamapps\common\Stronghold Crusader Definitive Edition\BepInEx\plugins\000shcdese\data\fonts/FiraCode-Regular.ttf
[Debug  :Bugfixes and QoL] [2026-09-24 22:11:25.124] Recovered classic map size 400 from section 1050: C:/Users/Serpens66/AppData/LocalLow/Firefly Studios/Stronghold Crusader Definitive Edition\Maps\1001 Schlacht.map
[Debug  :Bugfixes and QoL] [2026-09-24 22:11:25.125] Recovered classic map size 400 from section 1050: C:/Users/Serpens66/AppData/LocalLow/Firefly Studios/Stronghold Crusader Definitive Edition\Maps\2 Penninsula limited.map
[Debug  :Bugfixes and QoL] [2026-09-24 22:11:25.126] Recovered classic map size 400 from section 1050: C:/Users/Serpens66/AppData/LocalLow/Firefly Studios/Stronghold Crusader Definitive Edition\Maps\2 Penninsula.map
[Debug  :Bugfixes and QoL] [2026-09-24 22:11:25.126] Recovered classic map size 400 from section 1050: C:/Users/Serpens66/AppData/LocalLow/Firefly Studios/Stronghold Crusader Definitive Edition\Maps\3 vs 3 vs 1 vs 1.map
[Debug  :Bugfixes and QoL] [2026-09-24 22:11:25.127] Recovered classic map size 400 from section 1050: C:/Users/Serpens66/AppData/LocalLow/Firefly Studios/Stronghold Crusader Definitive Edition\Maps\3 vs 5.map
[Debug  :Bugfixes and QoL] [2026-09-24 22:11:25.128] Recovered classic map size 400 from section 1050: C:/Users/Serpens66/AppData/LocalLow/Firefly Studios/Stronghold Crusader Definitive Edition\Maps\3vs5 mit vorteil 5 sold.map
[Debug  :Bugfixes and QoL] [2026-09-24 22:11:25.129] Recovered classic map size 400 from section 1050: C:/Users/Serpens66/AppData/LocalLow/Firefly Studios/Stronghold Crusader Definitive Edition\Maps\4 vs 4 comps.map
[Debug  :Bugfixes and QoL] [2026-09-24 22:11:25.130] Recovered classic map size 400 from section 1050: C:/Users/Serpens66/AppData/LocalLow/Firefly Studios/Stronghold Crusader Definitive Edition\Maps\4spielerkarte.map
[Debug  :Bugfixes and QoL] [2026-09-24 22:11:25.130] Recovered classic map size 400 from section 1050: C:/Users/Serpens66/AppData/LocalLow/Firefly Studios/Stronghold Crusader Definitive Edition\Maps\aaaselbstge.map
[Debug  :Bugfixes and QoL] [2026-09-24 22:11:25.134] Recovered classic map size 160 from section 1050: C:/Users/Serpens66/AppData/LocalLow/Firefly Studios/Stronghold Crusader Definitive Edition\Maps\Another Close Call.map
[Debug  :Bugfixes and QoL] [2026-09-24 22:11:25.139] Recovered classic map size 400 from section 1050: C:/Users/Serpens66/AppData/LocalLow/Firefly Studios/Stronghold Crusader Definitive Edition\Maps\Antarctic- '' RaradICE''.map
[Debug  :Bugfixes and QoL] [2026-09-24 22:11:25.139] Recovered classic map size 400 from section 1050: C:/Users/Serpens66/AppData/LocalLow/Firefly Studios/Stronghold Crusader Definitive Edition\Maps\aPech.map
[Debug  :Bugfixes and QoL] [2026-09-24 22:11:25.140] Recovered classic map size 400 from section 1050: C:/Users/Serpens66/AppData/LocalLow/Firefly Studios/Stronghold Crusader Definitive Edition\Maps\BasisKarte X-easy.map
[Debug  :Bugfixes and QoL] [2026-09-24 22:11:25.140] Recovered classic map size 400 from section 1050: C:/Users/Serpens66/AppData/LocalLow/Firefly Studios/Stronghold Crusader Definitive Edition\Maps\BasisKarte X-easy2.map
[Debug  :Bugfixes and QoL] [2026-09-24 22:11:25.141] Recovered classic map size 400 from section 1050: C:/Users/Serpens66/AppData/LocalLow/Firefly Studios/Stronghold Crusader Definitive Edition\Maps\BasisKarte X-easy5.map
[Debug  :Bugfixes and QoL] [2026-09-24 22:11:25.142] Recovered classic map size 400 from section 1050: C:/Users/Serpens66/AppData/LocalLow/Firefly Studios/Stronghold Crusader Definitive Edition\Maps\BasisKarte X-easy6.map
[Debug  :Bugfixes and QoL] [2026-09-24 22:11:25.142] Recovered classic map size 400 from section 1050: C:/Users/Serpens66/AppData/LocalLow/Firefly Studios/Stronghold Crusader Definitive Edition\Maps\BasisKarte X-hard.map
[Debug  :Bugfixes and QoL] [2026-09-24 22:11:25.142] Recovered classic map size 400 from section 1050: C:/Users/Serpens66/AppData/LocalLow/Firefly Studios/Stronghold Crusader Definitive Edition\Maps\BasisKarte X-hard2.map
[Debug  :Bugfixes and QoL] [2026-09-24 22:11:25.144] Recovered classic map size 400 from section 1050: C:/Users/Serpens66/AppData/LocalLow/Firefly Studios/Stronghold Crusader Definitive Edition\Maps\BasisKarte X-hard5.map
[Debug  :Bugfixes and QoL] [2026-09-24 22:11:25.145] Recovered classic map size 400 from section 1050: C:/Users/Serpens66/AppData/LocalLow/Firefly Studios/Stronghold Crusader Definitive Edition\Maps\BasisKarte X-hard6.map
[Debug  :Bugfixes and QoL] [2026-09-24 22:11:25.146] Recovered classic map size 400 from section 1050: C:/Users/Serpens66/AppData/LocalLow/Firefly Studios/Stronghold Crusader Definitive Edition\Maps\BasisKarte X-hard6_2.map
[Info   :UU-ImGUI API] idxgiswapchain_present_hook_impl: win32 init begin
[Debug  :Bugfixes and QoL] [2026-09-24 22:11:25.146] Recovered classic map size 400 from section 1050: C:/Users/Serpens66/AppData/LocalLow/Firefly Studios/Stronghold Crusader Definitive Edition\Maps\BasisKarte X-med.map
[Debug  :Bugfixes and QoL] [2026-09-24 22:11:25.147] Recovered classic map size 400 from section 1050: C:/Users/Serpens66/AppData/LocalLow/Firefly Studios/Stronghold Crusader Definitive Edition\Maps\BasisKarte X-med2.map
[Info   :UU-ImGUI API] idxgiswapchain_present_hook_impl: win32 init ok
[Info   :UU-ImGUI API] idxgiswapchain_present_hook_impl: dx11 init begin, ppDevice=1E2E5865DA0, pID3D11DeviceContext=1E2E5867128 PTRSIZE=8 / 8
[Info   :UU-ImGUI API] idxgiswapchain_present_hook_impl: dx11 init ok
[Debug  :Bugfixes and QoL] [2026-09-24 22:11:25.148] Recovered classic map size 400 from section 1050: C:/Users/Serpens66/AppData/LocalLow/Firefly Studios/Stronghold Crusader Definitive Edition\Maps\BasisKarte X-med5.map
[Debug  :Bugfixes and QoL] [2026-09-24 22:11:25.148] Recovered classic map size 400 from section 1050: C:/Users/Serpens66/AppData/LocalLow/Firefly Studios/Stronghold Crusader Definitive Edition\Maps\BasisKarte X-med6.map
[Debug  :Bugfixes and QoL] [2026-09-24 22:11:25.149] Recovered classic map size 400 from section 1050: C:/Users/Serpens66/AppData/LocalLow/Firefly Studios/Stronghold Crusader Definitive Edition\Maps\BasisKarte.map
[Debug  :Bugfixes and QoL] [2026-09-24 22:11:25.149] Recovered classic map size 400 from section 1050: C:/Users/Serpens66/AppData/LocalLow/Firefly Studios/Stronghold Crusader Definitive Edition\Maps\Best_Friends.map
[Debug  :Bugfixes and QoL] [2026-09-24 22:11:25.150] Recovered classic map size 400 from section 1050: C:/Users/Serpens66/AppData/LocalLow/Firefly Studios/Stronghold Crusader Definitive Edition\Maps\Bird_in_flight.map
[Debug  :Bugfixes and QoL] [2026-09-24 22:11:25.151] Recovered classic map size 400 from section 1050: C:/Users/Serpens66/AppData/LocalLow/Firefly Studios/Stronghold Crusader Definitive Edition\Maps\Brother's Strife.map
[Debug  :Bugfixes and QoL] [2026-09-24 22:11:25.151] Recovered classic map size 400 from section 1050: C:/Users/Serpens66/AppData/LocalLow/Firefly Studios/Stronghold Crusader Definitive Edition\Maps\Center of Attention.map
[Debug  :Bugfixes and QoL] [2026-09-24 22:11:25.155] Recovered classic map size 400 from section 1050: C:/Users/Serpens66/AppData/LocalLow/Firefly Studios/Stronghold Crusader Definitive Edition\Maps\Coastal_Trap.map
[Debug  :Bugfixes and QoL] [2026-09-24 22:11:25.158] Recovered classic map size 400 from section 1050: C:/Users/Serpens66/AppData/LocalLow/Firefly Studios/Stronghold Crusader Definitive Edition\Maps\Country of Calendine4.map
[Debug  :Bugfixes and QoL] [2026-09-24 22:11:25.159] Recovered classic map size 400 from section 1050: C:/Users/Serpens66/AppData/LocalLow/Firefly Studios/Stronghold Crusader Definitive Edition\Maps\cove castles.map
[Debug  :Bugfixes and QoL] [2026-09-24 22:11:25.160] Recovered classic map size 400 from section 1050: C:/Users/Serpens66/AppData/LocalLow/Firefly Studios/Stronghold Crusader Definitive Edition\Maps\Crossroads.map
[Debug  :Bugfixes and QoL] [2026-09-24 22:11:25.160] Recovered classic map size 400 from section 1050: C:/Users/Serpens66/AppData/LocalLow/Firefly Studios/Stronghold Crusader Definitive Edition\Maps\Deep blue.map
[Debug  :Bugfixes and QoL] [2026-09-24 22:11:25.161] Recovered classic map size 400 from section 1050: C:/Users/Serpens66/AppData/LocalLow/Firefly Studios/Stronghold Crusader Definitive Edition\Maps\Desert Siege.map
[Debug  :Bugfixes and QoL] [2026-09-24 22:11:25.161] Recovered classic map size 400 from section 1050: C:/Users/Serpens66/AppData/LocalLow/Firefly Studios/Stronghold Crusader Definitive Edition\Maps\Desert Storm.map
[Debug  :Bugfixes and QoL] [2026-09-24 22:11:25.162] Recovered classic map size 300 from section 1050: C:/Users/Serpens66/AppData/LocalLow/Firefly Studios/Stronghold Crusader Definitive Edition\Maps\Devil's Lair.map
[Debug  :Bugfixes and QoL] [2026-09-24 22:11:25.162] Recovered classic map size 400 from section 1050: C:/Users/Serpens66/AppData/LocalLow/Firefly Studios/Stronghold Crusader Definitive Edition\Maps\Divided.map
[Debug  :Bugfixes and QoL] [2026-09-24 22:11:25.164] Recovered classic map size 400 from section 1050: C:/Users/Serpens66/AppData/LocalLow/Firefly Studios/Stronghold Crusader Definitive Edition\Maps\Dvelogre's Black Knights.map
[Debug  :Bugfixes and QoL] [2026-09-24 22:11:25.164] Recovered classic map size 400 from section 1050: C:/Users/Serpens66/AppData/LocalLow/Firefly Studios/Stronghold Crusader Definitive Edition\Maps\Eingekesselte Trutz.map
[Debug  :Bugfixes and QoL] [2026-09-24 22:11:25.165] Recovered classic map size 400 from section 1050: C:/Users/Serpens66/AppData/LocalLow/Firefly Studios/Stronghold Crusader Definitive Edition\Maps\Emblem of the Gallant.map
[Debug  :Bugfixes and QoL] [2026-09-24 22:11:25.165] Recovered classic map size 400 from section 1050: C:/Users/Serpens66/AppData/LocalLow/Firefly Studios/Stronghold Crusader Definitive Edition\Maps\Enclosure.map
[Debug  :Bugfixes and QoL] [2026-09-24 22:11:25.166] Recovered classic map size 400 from section 1050: C:/Users/Serpens66/AppData/LocalLow/Firefly Studios/Stronghold Crusader Definitive Edition\Maps\Final Destination.map
[Debug  :Bugfixes and QoL] [2026-09-24 22:11:25.167] Recovered classic map size 400 from section 1050: C:/Users/Serpens66/AppData/LocalLow/Firefly Studios/Stronghold Crusader Definitive Edition\Maps\From Small Things.map
[Debug  :Bugfixes and QoL] [2026-09-24 22:11:25.167] Recovered classic map size 400 from section 1050: C:/Users/Serpens66/AppData/LocalLow/Firefly Studios/Stronghold Crusader Definitive Edition\Maps\Fury_Bay.map
[Debug  :Bugfixes and QoL] [2026-09-24 22:11:25.168] Recovered classic map size 400 from section 1050: C:/Users/Serpens66/AppData/LocalLow/Firefly Studios/Stronghold Crusader Definitive Edition\Maps\Helms Klamm.map
[Debug  :Bugfixes and QoL] [2026-09-24 22:11:25.168] Recovered classic map size 400 from section 1050: C:/Users/Serpens66/AppData/LocalLow/Firefly Studios/Stronghold Crusader Definitive Edition\Maps\Heritage of Kings 2.map
[Debug  :Bugfixes and QoL] [2026-09-24 22:11:25.169] Recovered classic map size 400 from section 1050: C:/Users/Serpens66/AppData/LocalLow/Firefly Studios/Stronghold Crusader Definitive Edition\Maps\Heritage of Kings 3.map
[Debug  :Bugfixes and QoL] [2026-09-24 22:11:25.170] Recovered classic map size 200 from section 1050: C:/Users/Serpens66/AppData/LocalLow/Firefly Studios/Stronghold Crusader Definitive Edition\Maps\Im Nest der Ratte.map
[Debug  :Bugfixes and QoL] [2026-09-24 22:11:25.170] Recovered classic map size 300 from section 1050: C:/Users/Serpens66/AppData/LocalLow/Firefly Studios/Stronghold Crusader Definitive Edition\Maps\Jealous_Neighbours.map
[Debug  :Bugfixes and QoL] [2026-09-24 22:11:25.174] Recovered classic map size 400 from section 1050: C:/Users/Serpens66/AppData/LocalLow/Firefly Studios/Stronghold Crusader Definitive Edition\Maps\Jubal Al Waha - The Mountain Oasis.map
[Debug  :Bugfixes and QoL] [2026-09-24 22:11:25.177] Recovered classic map size 400 from section 1050: C:/Users/Serpens66/AppData/LocalLow/Firefly Studios/Stronghold Crusader Definitive Edition\Maps\Land of the Deserters II.map
[Debug  :Bugfixes and QoL] [2026-09-24 22:11:25.178] Recovered classic map size 400 from section 1050: C:/Users/Serpens66/AppData/LocalLow/Firefly Studios/Stronghold Crusader Definitive Edition\Maps\Land of the Deserters.map
[Debug  :Bugfixes and QoL] [2026-09-24 22:11:25.179] Recovered classic map size 300 from section 1050: C:/Users/Serpens66/AppData/LocalLow/Firefly Studios/Stronghold Crusader Definitive Edition\Maps\Lionheart.map
[Debug  :Bugfixes and QoL] [2026-09-24 22:11:25.179] Recovered classic map size 200 from section 1050: C:/Users/Serpens66/AppData/LocalLow/Firefly Studios/Stronghold Crusader Definitive Edition\Maps\Look_out.map
[Debug  :Bugfixes and QoL] [2026-09-24 22:11:25.180] Recovered classic map size 400 from section 1050: C:/Users/Serpens66/AppData/LocalLow/Firefly Studios/Stronghold Crusader Definitive Edition\Maps\MP-Divided.map
[Debug  :Bugfixes and QoL] [2026-09-24 22:11:25.181] Recovered classic map size 400 from section 1050: C:/Users/Serpens66/AppData/LocalLow/Firefly Studios/Stronghold Crusader Definitive Edition\Maps\MP-Downhill Scrum.map
[Debug  :Bugfixes and QoL] [2026-09-24 22:11:25.181] Recovered classic map size 300 from section 1050: C:/Users/Serpens66/AppData/LocalLow/Firefly Studios/Stronghold Crusader Definitive Edition\Maps\MP-No mans land.map
[Debug  :Bugfixes and QoL] [2026-09-24 22:11:25.182] Recovered classic map size 400 from section 1050: C:/Users/Serpens66/AppData/LocalLow/Firefly Studios/Stronghold Crusader Definitive Edition\Maps\MP-No where to hide.map
[Debug  :Bugfixes and QoL] [2026-09-24 22:11:25.182] Recovered classic map size 300 from section 1050: C:/Users/Serpens66/AppData/LocalLow/Firefly Studios/Stronghold Crusader Definitive Edition\Maps\MP-Slopes of doom.map
[Debug  :Bugfixes and QoL] [2026-09-24 22:11:25.184] Recovered classic map size 400 from section 1050: C:/Users/Serpens66/AppData/LocalLow/Firefly Studios/Stronghold Crusader Definitive Edition\Maps\MP-Snake River.map
[Debug  :Bugfixes and QoL] [2026-09-24 22:11:25.184] Recovered classic map size 400 from section 1050: C:/Users/Serpens66/AppData/LocalLow/Firefly Studios/Stronghold Crusader Definitive Edition\Maps\MP-Surrounded.map
[Debug  :Bugfixes and QoL] [2026-09-24 22:11:25.185] Recovered classic map size 300 from section 1050: C:/Users/Serpens66/AppData/LocalLow/Firefly Studios/Stronghold Crusader Definitive Edition\Maps\MP-The rocky divide.map
[Debug  :Bugfixes and QoL] [2026-09-24 22:11:25.185] Recovered classic map size 300 from section 1050: C:/Users/Serpens66/AppData/LocalLow/Firefly Studios/Stronghold Crusader Definitive Edition\Maps\MP-Two Falls.map
[Debug  :Bugfixes and QoL] [2026-09-24 22:11:25.186] Recovered classic map size 400 from section 1050: C:/Users/Serpens66/AppData/LocalLow/Firefly Studios/Stronghold Crusader Definitive Edition\Maps\MP-Valley of the lords.map
[Debug  :Bugfixes and QoL] [2026-09-24 22:11:25.187] Recovered classic map size 300 from section 1050: C:/Users/Serpens66/AppData/LocalLow/Firefly Studios/Stronghold Crusader Definitive Edition\Maps\Nachbarn im Klamm.map
[Debug  :Bugfixes and QoL] [2026-09-24 22:11:25.187] Recovered classic map size 400 from section 1050: C:/Users/Serpens66/AppData/LocalLow/Firefly Studios/Stronghold Crusader Definitive Edition\Maps\NurPech X-easy.map
[Debug  :Bugfixes and QoL] [2026-09-24 22:11:25.188] Recovered classic map size 400 from section 1050: C:/Users/Serpens66/AppData/LocalLow/Firefly Studios/Stronghold Crusader Definitive Edition\Maps\NurPech X-easy2.map
[Debug  :Bugfixes and QoL] [2026-09-24 22:11:25.189] Recovered classic map size 400 from section 1050: C:/Users/Serpens66/AppData/LocalLow/Firefly Studios/Stronghold Crusader Definitive Edition\Maps\NurPech X-hard.map
[Debug  :Bugfixes and QoL] [2026-09-24 22:11:25.193] Recovered classic map size 400 from section 1050: C:/Users/Serpens66/AppData/LocalLow/Firefly Studios/Stronghold Crusader Definitive Edition\Maps\NurPech X-hard2.map
[Debug  :Bugfixes and QoL] [2026-09-24 22:11:25.194] Recovered classic map size 400 from section 1050: C:/Users/Serpens66/AppData/LocalLow/Firefly Studios/Stronghold Crusader Definitive Edition\Maps\NurPech X-hard5.map
[Debug  :Bugfixes and QoL] [2026-09-24 22:11:25.194] Recovered classic map size 400 from section 1050: C:/Users/Serpens66/AppData/LocalLow/Firefly Studios/Stronghold Crusader Definitive Edition\Maps\NurPech X-med.map
[Debug  :Bugfixes and QoL] [2026-09-24 22:11:25.195] Recovered classic map size 400 from section 1050: C:/Users/Serpens66/AppData/LocalLow/Firefly Studios/Stronghold Crusader Definitive Edition\Maps\NurPech.map
[Debug  :Bugfixes and QoL] [2026-09-24 22:11:25.195] Recovered classic map size 400 from section 1050: C:/Users/Serpens66/AppData/LocalLow/Firefly Studios/Stronghold Crusader Definitive Edition\Maps\Of heaven and earth.map
[Debug  :Bugfixes and QoL] [2026-09-24 22:11:25.196] Recovered classic map size 400 from section 1050: C:/Users/Serpens66/AppData/LocalLow/Firefly Studios/Stronghold Crusader Definitive Edition\Maps\Open Plains.map
[Debug  :Bugfixes and QoL] [2026-09-24 22:11:25.196] Recovered classic map size 400 from section 1050: C:/Users/Serpens66/AppData/LocalLow/Firefly Studios/Stronghold Crusader Definitive Edition\Maps\Osmosis.map
[Debug  :Bugfixes and QoL] [2026-09-24 22:11:25.197] Recovered classic map size 400 from section 1050: C:/Users/Serpens66/AppData/LocalLow/Firefly Studios/Stronghold Crusader Definitive Edition\Maps\Patras, Greece.map
[Debug  :Bugfixes and QoL] [2026-09-24 22:11:25.198] Recovered classic map size 400 from section 1050: C:/Users/Serpens66/AppData/LocalLow/Firefly Studios/Stronghold Crusader Definitive Edition\Maps\Phoenix.map
[Debug  :Bugfixes and QoL] [2026-09-24 22:11:25.198] Recovered classic map size 400 from section 1050: C:/Users/Serpens66/AppData/LocalLow/Firefly Studios/Stronghold Crusader Definitive Edition\Maps\Rache.map
[Debug  :Bugfixes and QoL] [2026-09-24 22:11:25.199] Recovered classic map size 300 from section 1050: C:/Users/Serpens66/AppData/LocalLow/Firefly Studios/Stronghold Crusader Definitive Edition\Maps\Rivers_Fork.map
[Debug  :Bugfixes and QoL] [2026-09-24 22:11:25.199] Recovered classic map size 400 from section 1050: C:/Users/Serpens66/AppData/LocalLow/Firefly Studios/Stronghold Crusader Definitive Edition\Maps\Rizen River.map
[Debug  :Bugfixes and QoL] [2026-09-24 22:11:25.200] Recovered classic map size 400 from section 1050: C:/Users/Serpens66/AppData/LocalLow/Firefly Studios/Stronghold Crusader Definitive Edition\Maps\selbstgemacht 1.map
[Debug  :Bugfixes and QoL] [2026-09-24 22:11:25.201] Recovered classic map size 400 from section 1050: C:/Users/Serpens66/AppData/LocalLow/Firefly Studios/Stronghold Crusader Definitive Edition\Maps\Snake_River.map
[Debug  :Bugfixes and QoL] [2026-09-24 22:11:25.201] Recovered classic map size 400 from section 1050: C:/Users/Serpens66/AppData/LocalLow/Firefly Studios/Stronghold Crusader Definitive Edition\Maps\spezialist 3vs5.map
[Debug  :Bugfixes and QoL] [2026-09-24 22:11:25.202] Recovered classic map size 400 from section 1050: C:/Users/Serpens66/AppData/LocalLow/Firefly Studios/Stronghold Crusader Definitive Edition\Maps\Spider_Island.map
[Debug  :Bugfixes and QoL] [2026-09-24 22:11:25.202] Recovered classic map size 400 from section 1050: C:/Users/Serpens66/AppData/LocalLow/Firefly Studios/Stronghold Crusader Definitive Edition\Maps\Springs of Arda.map
[Debug  :Bugfixes and QoL] [2026-09-24 22:11:25.203] Recovered classic map size 400 from section 1050: C:/Users/Serpens66/AppData/LocalLow/Firefly Studios/Stronghold Crusader Definitive Edition\Maps\Staircase to Heaven.map
[Debug  :Bugfixes and QoL] [2026-09-24 22:11:25.204] Recovered classic map size 400 from section 1050: C:/Users/Serpens66/AppData/LocalLow/Firefly Studios/Stronghold Crusader Definitive Edition\Maps\Swampy_Island.map
[Debug  :Bugfixes and QoL] [2026-09-24 22:11:25.212] Recovered classic map size 400 from section 1050: C:/Users/Serpens66/AppData/LocalLow/Firefly Studios/Stronghold Crusader Definitive Edition\Maps\test.map
[Debug  :Bugfixes and QoL] [2026-09-24 22:11:25.220] Recovered classic map size 400 from section 1050: C:/Users/Serpens66/AppData/LocalLow/Firefly Studios/Stronghold Crusader Definitive Edition\Maps\The Arena.map
[Debug  :Bugfixes and QoL] [2026-09-24 22:11:25.221] Recovered classic map size 400 from section 1050: C:/Users/Serpens66/AppData/LocalLow/Firefly Studios/Stronghold Crusader Definitive Edition\Maps\The cry for mercy=suraj.map
[Debug  :Bugfixes and QoL] [2026-09-24 22:11:25.226] Recovered classic map size 400 from section 1050: C:/Users/Serpens66/AppData/LocalLow/Firefly Studios/Stronghold Crusader Definitive Edition\Maps\The Fallen City.map
[Debug  :Bugfixes and QoL] [2026-09-24 22:11:25.226] Recovered classic map size 400 from section 1050: C:/Users/Serpens66/AppData/LocalLow/Firefly Studios/Stronghold Crusader Definitive Edition\Maps\The mount of siege.map
[Debug  :Bugfixes and QoL] [2026-09-24 22:11:25.227] Recovered classic map size 400 from section 1050: C:/Users/Serpens66/AppData/LocalLow/Firefly Studios/Stronghold Crusader Definitive Edition\Maps\The Penninsula.map
[Debug  :Bugfixes and QoL] [2026-09-24 22:11:25.228] Recovered classic map size 400 from section 1050: C:/Users/Serpens66/AppData/LocalLow/Firefly Studios/Stronghold Crusader Definitive Edition\Maps\The_Host.map
[Debug  :Bugfixes and QoL] [2026-09-24 22:11:25.228] Recovered classic map size 300 from section 1050: C:/Users/Serpens66/AppData/LocalLow/Firefly Studios/Stronghold Crusader Definitive Edition\Maps\Three_Little_Pigs.map
[Debug  :Bugfixes and QoL] [2026-09-24 22:11:25.229] Recovered classic map size 400 from section 1050: C:/Users/Serpens66/AppData/LocalLow/Firefly Studios/Stronghold Crusader Definitive Edition\Maps\Tiers.map
[Debug  :Bugfixes and QoL] [2026-09-24 22:11:25.229] Recovered classic map size 400 from section 1050: C:/Users/Serpens66/AppData/LocalLow/Firefly Studios/Stronghold Crusader Definitive Edition\Maps\Ultimate_Victory.map
[Debug  :Bugfixes and QoL] [2026-09-24 22:11:25.230] Recovered classic map size 400 from section 1050: C:/Users/Serpens66/AppData/LocalLow/Firefly Studios/Stronghold Crusader Definitive Edition\Maps\Wazirs_Fortress.map
[Debug  :Bugfixes and QoL] [2026-09-24 22:11:25.231] Recovered classic map size 400 from section 1050: C:/Users/Serpens66/AppData/LocalLow/Firefly Studios/Stronghold Crusader Definitive Edition\Maps\Wide_Open_Plain.map
[Info   :  SHCDE-SE] [T25-22:11:25.469] [MapFileManager_Hooks] [MapFileManager_UpdateWorkshopMap_Hook] Attempting to retrieve from file=[e:\programmee\steam\steamapps\workshop\content\3024040\3791770511\fixes.map], realFileName=[E:\ProgrammeE\Steam\steamapps\workshop\content\3024040\3791770511\fixes.map]
[Info   :  SHCDE-SE] [T25-22:11:25.472] [MapArchive] [.ctor] Reading ZIP data from offset: 003444B7
[Info   :  SHCDE-SE] [T25-22:11:25.473] [MapFileManager_Hooks] [MapFileManager_UpdateWorkshopMap_Hook] Map manifest: of [file]: [BepInEx]
[Info   :  SHCDE-SE] [T25-22:11:25.473] [MapFileManager_Hooks] [MapFileManager_UpdateWorkshopMap_Hook] Attempting to retrieve from file=[e:\programmee\steam\steamapps\workshop\content\3024040\3788821961\serpsmods.map], realFileName=[E:\ProgrammeE\Steam\steamapps\workshop\content\3024040\3788821961\SerpsMods.map]
[Info   :  SHCDE-SE] [T25-22:11:25.476] [MapArchive] [.ctor] Reading ZIP data from offset: 003444B7
[Info   :  SHCDE-SE] [T25-22:11:25.490] [MapFileManager_Hooks] [MapFileManager_UpdateWorkshopMap_Hook] Map manifest: of [file]: [BepInEx]
[Info   :  SHCDE-SE] [T1-22:11:25.500] [GameXAMLManagerAPI] [GetPatchesForPath] Found patch for [Assets/GUI/Sprites/UI-MasterAtlas.xaml] in mod [BugfixesAndQoL_Serp]
[Info   :  SHCDE-SE] [T1-22:11:25.523] [GameXAMLManagerAPI] [ApplyPatchForPath] Applying 1 patch files to Assets/GUI/Sprites/UI-MasterAtlas.xaml
[Info   :  SHCDE-SE] [T1-22:11:25.543] [XamlPatcher] [ApplyPatches] Applying patch: Add, xpath: [/n:ResourceDictionary]
[Info   :  SHCDE-SE] [T1-22:11:25.559] [XamlPatcher] [ApplyPatches] Applying patch: Add, xpath: [/n:ResourceDictionary]
[Info   :  SHCDE-SE] [T1-22:11:25.559] [XamlPatcher] [ApplyPatches] Applying patch: Add, xpath: [/n:ResourceDictionary]
[Info   :  SHCDE-SE] [T1-22:11:25.559] [XamlPatcher] [ApplyPatches] Applying patch: Add, xpath: [/n:ResourceDictionary]
[Info   :  SHCDE-SE] [T1-22:11:25.559] [XamlPatcher] [ApplyPatches] Applying patch: Add, xpath: [/n:ResourceDictionary]
[Info   :  SHCDE-SE] [T1-22:11:25.559] [XamlPatcher] [ApplyPatches] Applying patch: Add, xpath: [/n:ResourceDictionary]
[Info   :  SHCDE-SE] [T1-22:11:25.559] [XamlPatcher] [ApplyPatches] Applying patch: Add, xpath: [/n:ResourceDictionary]
[Info   :  SHCDE-SE] [T25-22:11:25.572] [MapFileManager_Hooks] [MapFileManager_UpdateWorkshopMap_Hook] Attempting to retrieve from file=[e:\programmee\steam\steamapps\workshop\content\3024040\3774768801\lorrdyaisharesgold.map], realFileName=[E:\ProgrammeE\Steam\steamapps\workshop\content\3024040\3774768801\LorrdyAISharesGold.map]
[Info   :  SHCDE-SE] [T25-22:11:25.576] [MapArchive] [.ctor] Reading ZIP data from offset: 003444B7
[Info   :  SHCDE-SE] [T25-22:11:25.576] [MapFileManager_Hooks] [MapFileManager_UpdateWorkshopMap_Hook] Map manifest: of [file]: [BepInEx]
[Info   :  SHCDE-SE] [T1-22:11:25.592] [NoesisTextureProvider_Hooks] [NoesisTextureProvider_GetTextureInfo] Registering Mod Texture: Assets/GUI/Sprites/BugfixesAndQoL-Lord.png
[Info   :  SHCDE-SE] [T1-22:11:25.597] [NoesisTextureProvider_Hooks] [NoesisTextureProvider_GetTextureInfo] Registering Mod Texture: Assets/GUI/Sprites/BugfixesAndQoL-LobbyGoldShields.png
[Info   :  SHCDE-SE] [T1-22:11:25.805] [GameXAMLManagerAPI] [GetPatchesForPath] Found patch for [Assets/GUI/XAMLResources/TOOLTIPS.xaml] in mod [000shcdese]
[Info   :  SHCDE-SE] [T1-22:11:25.811] [GameXAMLManagerAPI] [ApplyPatchForPath] Applying 1 patch files to Assets/GUI/XAMLResources/TOOLTIPS.xaml
[Info   :  SHCDE-SE] [T1-22:11:25.812] [XamlPatcher] [ApplyPatches] Applying patch: AddNamespace, xpath: []
[Info   :  SHCDE-SE] [T1-22:11:25.812] [XamlPatcher] [ApplyPatches] Applying patch: Add, xpath: [/n:ResourceDictionary]
[Info   :  SHCDE-SE] [T1-22:11:25.812] [XamlPatcher] [ApplyPatches] Applying patch: Add, xpath: [/n:ResourceDictionary]
[Info   :  SHCDE-SE] [T1-22:11:25.812] [XamlPatcher] [ApplyPatches] Applying patch: Add, xpath: [/n:ResourceDictionary]
[Info   :  SHCDE-SE] [T1-22:11:25.812] [XamlPatcher] [ApplyPatches] Applying patch: Add, xpath: [/n:ResourceDictionary]
[Info   :  SHCDE-SE] [T1-22:11:25.812] [XamlPatcher] [ApplyPatches] Applying patch: Add, xpath: [/n:ResourceDictionary]
[Info   :  SHCDE-SE] [T1-22:11:25.812] [XamlPatcher] [ApplyPatches] Applying patch: Add, xpath: [/n:ResourceDictionary]
[Debug  :Bugfixes and QoL] [2026-09-24 22:11:25.844] Bugfixes and QoL high-contrast yellow presentation ready; shields=4, enabled=True.
[Info   :  SHCDE-SE] [T1-22:11:25.957] [GameXAMLManagerAPI] [GetPatchesForPath] Found patch for [Assets/GUI/XAMLResources/HUD_ConfirmationPopup.xaml] in mod [ExtendedData_Serp]
[Info   :  SHCDE-SE] [T1-22:11:25.957] [GameXAMLManagerAPI] [ApplyPatchForPath] Applying 1 patch files to Assets/GUI/XAMLResources/HUD_ConfirmationPopup.xaml
[Info   :  SHCDE-SE] [T1-22:11:25.958] [XamlPatcher] [ApplyPatches] Applying patch: Replace, xpath: [//n:TextBlock[@Text='{Binding ConfirmationMessage}']]
[Info   :Extended Data] [2026-09-24 22:11:25.961] Custom Lord upload popup XAML patch matched exactly once.
[Info   :  SHCDE-SE] [T1-22:11:25.975] [GameXAMLManagerAPI] [GetPatchesForPath] Found patch for [Assets/GUI/XAML/FrontendMenus.xaml] in mod [000shcdese]
[Info   :  SHCDE-SE] [T1-22:11:25.983] [GameXAMLManagerAPI] [ApplyPatchForPath] Applying 1 patch files to Assets/GUI/XAML/FrontendMenus.xaml
[Info   :  SHCDE-SE] [T1-22:11:25.997] [XamlPatcher] [ApplyPatches] Applying patch: AddNamespace, xpath: []
[Info   :  SHCDE-SE] [T1-22:11:25.997] [XamlPatcher] [ApplyPatches] Applying patch: InsertAfter, xpath: [//n:TextBlock[@Text='{Binding VersionString}']]
[Info   :  SHCDE-SE] [T1-22:11:25.998] [XamlPatcher] [ApplyPatches] Applying patch: InsertAfter, xpath: [//n:Grid[@Name='Multiplayer']]
[Info   :  SHCDE-SE] [T1-22:11:26.034] [GameXAMLManagerAPI] [GetPatchesForPath] Found patch for [Assets/GUI/XAMLResources/FRONT_EditorSetup.xaml] in mod [ExtendedData_Serp]
[Info   :  SHCDE-SE] [T1-22:11:26.035] [GameXAMLManagerAPI] [ApplyPatchForPath] Applying 1 patch files to Assets/GUI/XAMLResources/FRONT_EditorSetup.xaml
[Info   :  SHCDE-SE] [T1-22:11:26.036] [XamlPatcher] [ApplyPatches] Applying patch: SetAttribute, xpath: [//n:TextBox[@Name='WorkshopMapDescription']]
[Info   :  SHCDE-SE] [T1-22:11:26.036] [XamlPatcher] [ApplyPatches] Applying patch: Add, xpath: [//n:Grid[n:TextBox[@Name='WorkshopMapDescription'] and n:Button[@CommandParameter='DoUpload']]]
[Info   :Extended Data] [2026-09-24 22:11:26.037] Custom Lord upload checkbox XAML patch matched exactly once.
[Info   :  SHCDE-SE] [T1-22:11:26.050] [GameXAMLManagerAPI] [InjectBindings] ViewModel Linked [ExtendedDataUploadOptionsHost] in [FRONT_EditorSetup]
[Info   :  SHCDE-SE] [T1-22:11:26.051] [GameXAMLManagerAPI] [ApplyBinding] ViewModel Linked [ExtendedDataUploadOptionsHost]
[Info   :  SHCDE-SE] [T1-22:11:26.065] [GameXAMLManagerAPI] [GetPatchesForPath] Found patch for [Assets/GUI/XAMLResources/HUD_Options.xaml] in mod [000shcdese]
[Info   :  SHCDE-SE] [T1-22:11:26.069] [GameXAMLManagerAPI] [ApplyPatchForPath] Applying 1 patch files to Assets/GUI/XAMLResources/HUD_Options.xaml
[Info   :  SHCDE-SE] [T1-22:11:26.071] [XamlPatcher] [ApplyPatches] Applying patch: SetAttribute, xpath: [//*[@Name='GameSpeedSlider']]
[Info   :  SHCDE-SE] [T1-22:11:26.116] [GameXAMLManagerAPI] [GetPatchesForPath] Found patch for [Assets/GUI/XAMLResources/HUD_LoadSaveRequester.xaml] in mod [BugfixesAndQoL_Serp]
[Info   :  SHCDE-SE] [T1-22:11:26.116] [GameXAMLManagerAPI] [GetPatchesForPath] Found patch for [Assets/GUI/XAMLResources/HUD_LoadSaveRequester.xaml] in mod [ExtendedData_Serp]
[Info   :  SHCDE-SE] [T1-22:11:26.117] [GameXAMLManagerAPI] [ApplyPatchForPath] Applying 2 patch files to Assets/GUI/XAMLResources/HUD_LoadSaveRequester.xaml
[Info   :  SHCDE-SE] [T1-22:11:26.117] [XamlPatcher] [ApplyPatches] Applying patch: AddNamespace, xpath: []
[Info   :  SHCDE-SE] [T1-22:11:26.117] [XamlPatcher] [ApplyPatches] Applying patch: InsertAfter, xpath: [//n:ListView[@Name='FileList']/n:ListView.View/n:GridView/n:GridViewColumn[4]]
[Info   :  SHCDE-SE] [T1-22:11:26.119] [XamlPatcher] [ApplyPatches] Applying patch: InsertBefore, xpath: [//n:CheckBox[@x:Name='HideQuicksaveCheck']]
[Info   :  SHCDE-SE] [T1-22:11:26.119] [XamlPatcher] [ApplyPatches] Applying patch: InsertBefore, xpath: [//n:TextBox[@Name='SearchFilter']]
[Info   :  SHCDE-SE] [T1-22:11:26.119] [XamlPatcher] [ApplyPatches] Applying patch: Add, xpath: [//n:Grid[n:Button[@Name='ButtonAction'] and n:Button[@Name='ButtonCancel']]]
[Info   :  SHCDE-SE] [T1-22:11:26.121] [GameXAMLManagerAPI] [InjectBindings] ViewModel Linked [BugfixesAndQoLShowVanillaMapsHost] in [HUD_LoadSaveRequester]
[Info   :  SHCDE-SE] [T1-22:11:26.122] [GameXAMLManagerAPI] [ApplyBinding] ViewModel Linked [BugfixesAndQoLShowVanillaMapsHost]
[Info   :  SHCDE-SE] [T1-22:11:26.122] [GameXAMLManagerAPI] [InjectBindings] ViewModel Linked [BugfixesAndQoLDeleteMapHost] in [HUD_LoadSaveRequester]
[Info   :  SHCDE-SE] [T1-22:11:26.122] [GameXAMLManagerAPI] [ApplyBinding] ViewModel Linked [BugfixesAndQoLDeleteMapHost]
[Info   :  SHCDE-SE] [T1-22:11:26.122] [GameXAMLManagerAPI] [InjectBindings] ViewModel Linked [ExtendedDataMapEditorSaveOptionsHost] in [HUD_LoadSaveRequester]
[Info   :  SHCDE-SE] [T1-22:11:26.122] [GameXAMLManagerAPI] [ApplyBinding] ViewModel Linked [ExtendedDataMapEditorSaveOptionsHost]
[Info   :  SHCDE-SE] [T1-22:11:26.123] [GameXAMLManagerAPI] [GetPatchesForPath] Found patch for [Assets/GUI/XAMLResources/HUD_ConfirmationPopup.xaml] in mod [ExtendedData_Serp]
[Info   :  SHCDE-SE] [T1-22:11:26.123] [GameXAMLManagerAPI] [ApplyPatchForPath] Applying 1 patch files to Assets/GUI/XAMLResources/HUD_ConfirmationPopup.xaml
[Info   :  SHCDE-SE] [T1-22:11:26.123] [XamlPatcher] [ApplyPatches] Applying patch: Replace, xpath: [//n:TextBlock[@Text='{Binding ConfirmationMessage}']]
[Info   :  SHCDE-SE] [T1-22:11:26.211] [GameXAMLManagerAPI] [GetPatchesForPath] Found patch for [Assets/GUI/XAMLResources/HUD_ConfirmationPopup.xaml] in mod [ExtendedData_Serp]
[Info   :  SHCDE-SE] [T1-22:11:26.212] [GameXAMLManagerAPI] [ApplyPatchForPath] Applying 1 patch files to Assets/GUI/XAMLResources/HUD_ConfirmationPopup.xaml
[Info   :  SHCDE-SE] [T1-22:11:26.212] [XamlPatcher] [ApplyPatches] Applying patch: Replace, xpath: [//n:TextBlock[@Text='{Binding ConfirmationMessage}']]
[Info   :  SHCDE-SE] [T1-22:11:26.228] [GameXAMLManagerAPI] [GetPatchesForPath] Found patch for [Assets/GUI/XAMLResources/HUD_ConfirmationPopup.xaml] in mod [ExtendedData_Serp]
[Info   :  SHCDE-SE] [T1-22:11:26.229] [GameXAMLManagerAPI] [ApplyPatchForPath] Applying 1 patch files to Assets/GUI/XAMLResources/HUD_ConfirmationPopup.xaml
[Info   :  SHCDE-SE] [T1-22:11:26.230] [XamlPatcher] [ApplyPatches] Applying patch: Replace, xpath: [//n:TextBlock[@Text='{Binding ConfirmationMessage}']]
[Info   :  SHCDE-SE] [T1-22:11:26.249] [GameXAMLManagerAPI] [GetPatchesForPath] Found patch for [Assets/GUI/XAMLResources/HUD_ConfirmationPopup.xaml] in mod [ExtendedData_Serp]
[Info   :  SHCDE-SE] [T1-22:11:26.249] [GameXAMLManagerAPI] [ApplyPatchForPath] Applying 1 patch files to Assets/GUI/XAMLResources/HUD_ConfirmationPopup.xaml
[Info   :  SHCDE-SE] [T1-22:11:26.249] [XamlPatcher] [ApplyPatches] Applying patch: Replace, xpath: [//n:TextBlock[@Text='{Binding ConfirmationMessage}']]
[Info   :  SHCDE-SE] [T1-22:11:26.275] [GameXAMLManagerAPI] [GetPatchesForPath] Found patch for [Assets/GUI/XAMLResources/HUD_ConfirmationPopup.xaml] in mod [ExtendedData_Serp]
[Info   :  SHCDE-SE] [T1-22:11:26.276] [GameXAMLManagerAPI] [ApplyPatchForPath] Applying 1 patch files to Assets/GUI/XAMLResources/HUD_ConfirmationPopup.xaml
[Info   :  SHCDE-SE] [T1-22:11:26.276] [XamlPatcher] [ApplyPatches] Applying patch: Replace, xpath: [//n:TextBlock[@Text='{Binding ConfirmationMessage}']]
[Info   :  SHCDE-SE] [T1-22:11:26.277] [GameXAMLManagerAPI] [GetPatchesForPath] Found patch for [Assets/GUI/XAMLResources/HUD_ConfirmationPopup.xaml] in mod [ExtendedData_Serp]
[Info   :  SHCDE-SE] [T1-22:11:26.277] [GameXAMLManagerAPI] [ApplyPatchForPath] Applying 1 patch files to Assets/GUI/XAMLResources/HUD_ConfirmationPopup.xaml
[Info   :  SHCDE-SE] [T1-22:11:26.278] [XamlPatcher] [ApplyPatches] Applying patch: Replace, xpath: [//n:TextBlock[@Text='{Binding ConfirmationMessage}']]
[Info   :  SHCDE-SE] [T1-22:11:26.297] [GameXAMLManagerAPI] [GetPatchesForPath] Found patch for [Assets/GUI/XAMLResources/HUD_ConfirmationPopup.xaml] in mod [ExtendedData_Serp]
[Info   :  SHCDE-SE] [T1-22:11:26.297] [GameXAMLManagerAPI] [ApplyPatchForPath] Applying 1 patch files to Assets/GUI/XAMLResources/HUD_ConfirmationPopup.xaml
[Info   :  SHCDE-SE] [T1-22:11:26.297] [XamlPatcher] [ApplyPatches] Applying patch: Replace, xpath: [//n:TextBlock[@Text='{Binding ConfirmationMessage}']]
[Info   :  SHCDE-SE] [T1-22:11:26.298] [GameXAMLManagerAPI] [GetPatchesForPath] Found patch for [Assets/GUI/XAMLResources/HUD_ConfirmationPopup.xaml] in mod [ExtendedData_Serp]
[Info   :  SHCDE-SE] [T1-22:11:26.299] [GameXAMLManagerAPI] [ApplyPatchForPath] Applying 1 patch files to Assets/GUI/XAMLResources/HUD_ConfirmationPopup.xaml
[Info   :  SHCDE-SE] [T1-22:11:26.299] [XamlPatcher] [ApplyPatches] Applying patch: Replace, xpath: [//n:TextBlock[@Text='{Binding ConfirmationMessage}']]
[Info   :  SHCDE-SE] [T1-22:11:26.313] [GameXAMLManagerAPI] [GetPatchesForPath] Found patch for [Assets/GUI/XAMLResources/HUD_ConfirmationPopup.xaml] in mod [ExtendedData_Serp]
[Info   :  SHCDE-SE] [T1-22:11:26.313] [GameXAMLManagerAPI] [ApplyPatchForPath] Applying 1 patch files to Assets/GUI/XAMLResources/HUD_ConfirmationPopup.xaml
[Info   :  SHCDE-SE] [T1-22:11:26.313] [XamlPatcher] [ApplyPatches] Applying patch: Replace, xpath: [//n:TextBlock[@Text='{Binding ConfirmationMessage}']]
[Info   :  SHCDE-SE] [T1-22:11:26.315] [GameXAMLManagerAPI] [GetPatchesForPath] Found patch for [Assets/GUI/XAMLResources/HUD_ConfirmationPopup.xaml] in mod [ExtendedData_Serp]
[Info   :  SHCDE-SE] [T1-22:11:26.315] [GameXAMLManagerAPI] [ApplyPatchForPath] Applying 1 patch files to Assets/GUI/XAMLResources/HUD_ConfirmationPopup.xaml
[Info   :  SHCDE-SE] [T1-22:11:26.315] [XamlPatcher] [ApplyPatches] Applying patch: Replace, xpath: [//n:TextBlock[@Text='{Binding ConfirmationMessage}']]
[Info   :  SHCDE-SE] [T1-22:11:26.331] [GameXAMLManagerAPI] [GetPatchesForPath] Found patch for [Assets/GUI/XAMLResources/HUD_ConfirmationPopup.xaml] in mod [ExtendedData_Serp]
[Info   :  SHCDE-SE] [T1-22:11:26.331] [GameXAMLManagerAPI] [ApplyPatchForPath] Applying 1 patch files to Assets/GUI/XAMLResources/HUD_ConfirmationPopup.xaml
[Info   :  SHCDE-SE] [T1-22:11:26.331] [XamlPatcher] [ApplyPatches] Applying patch: Replace, xpath: [//n:TextBlock[@Text='{Binding ConfirmationMessage}']]
[Info   :  SHCDE-SE] [T1-22:11:26.332] [GameXAMLManagerAPI] [GetPatchesForPath] Found patch for [Assets/GUI/XAMLResources/HUD_ConfirmationPopup.xaml] in mod [ExtendedData_Serp]
[Info   :  SHCDE-SE] [T1-22:11:26.332] [GameXAMLManagerAPI] [ApplyPatchForPath] Applying 1 patch files to Assets/GUI/XAMLResources/HUD_ConfirmationPopup.xaml
[Info   :  SHCDE-SE] [T1-22:11:26.333] [XamlPatcher] [ApplyPatches] Applying patch: Replace, xpath: [//n:TextBlock[@Text='{Binding ConfirmationMessage}']]
[Info   :  SHCDE-SE] [T1-22:11:26.353] [GameXAMLManagerAPI] [GetPatchesForPath] Found patch for [Assets/GUI/XAMLResources/HUD_ConfirmationPopup.xaml] in mod [ExtendedData_Serp]
[Info   :  SHCDE-SE] [T1-22:11:26.353] [GameXAMLManagerAPI] [ApplyPatchForPath] Applying 1 patch files to Assets/GUI/XAMLResources/HUD_ConfirmationPopup.xaml
[Info   :  SHCDE-SE] [T1-22:11:26.353] [XamlPatcher] [ApplyPatches] Applying patch: Replace, xpath: [//n:TextBlock[@Text='{Binding ConfirmationMessage}']]
[Info   :  SHCDE-SE] [T1-22:11:26.355] [GameXAMLManagerAPI] [GetPatchesForPath] Found patch for [Assets/GUI/XAMLResources/HUD_ConfirmationPopup.xaml] in mod [ExtendedData_Serp]
[Info   :  SHCDE-SE] [T1-22:11:26.355] [GameXAMLManagerAPI] [ApplyPatchForPath] Applying 1 patch files to Assets/GUI/XAMLResources/HUD_ConfirmationPopup.xaml
[Info   :  SHCDE-SE] [T1-22:11:26.355] [XamlPatcher] [ApplyPatches] Applying patch: Replace, xpath: [//n:TextBlock[@Text='{Binding ConfirmationMessage}']]
[Info   :  SHCDE-SE] [T1-22:11:26.369] [GameXAMLManagerAPI] [GetPatchesForPath] Found patch for [Assets/GUI/XAMLResources/HUD_ConfirmationPopup.xaml] in mod [ExtendedData_Serp]
[Info   :  SHCDE-SE] [T1-22:11:26.369] [GameXAMLManagerAPI] [ApplyPatchForPath] Applying 1 patch files to Assets/GUI/XAMLResources/HUD_ConfirmationPopup.xaml
[Info   :  SHCDE-SE] [T1-22:11:26.369] [XamlPatcher] [ApplyPatches] Applying patch: Replace, xpath: [//n:TextBlock[@Text='{Binding ConfirmationMessage}']]
[Info   :  SHCDE-SE] [T1-22:11:26.370] [GameXAMLManagerAPI] [GetPatchesForPath] Found patch for [Assets/GUI/XAMLResources/HUD_ConfirmationPopup.xaml] in mod [ExtendedData_Serp]
[Info   :  SHCDE-SE] [T1-22:11:26.371] [GameXAMLManagerAPI] [ApplyPatchForPath] Applying 1 patch files to Assets/GUI/XAMLResources/HUD_ConfirmationPopup.xaml
[Info   :  SHCDE-SE] [T1-22:11:26.371] [XamlPatcher] [ApplyPatches] Applying patch: Replace, xpath: [//n:TextBlock[@Text='{Binding ConfirmationMessage}']]
[Info   :  SHCDE-SE] [T1-22:11:26.385] [GameXAMLManagerAPI] [GetPatchesForPath] Found patch for [Assets/GUI/XAMLResources/HUD_ConfirmationPopup.xaml] in mod [ExtendedData_Serp]
[Info   :  SHCDE-SE] [T1-22:11:26.385] [GameXAMLManagerAPI] [ApplyPatchForPath] Applying 1 patch files to Assets/GUI/XAMLResources/HUD_ConfirmationPopup.xaml
[Info   :  SHCDE-SE] [T1-22:11:26.385] [XamlPatcher] [ApplyPatches] Applying patch: Replace, xpath: [//n:TextBlock[@Text='{Binding ConfirmationMessage}']]
[Info   :  SHCDE-SE] [T1-22:11:26.387] [GameXAMLManagerAPI] [GetPatchesForPath] Found patch for [Assets/GUI/XAMLResources/HUD_ConfirmationPopup.xaml] in mod [ExtendedData_Serp]
[Info   :  SHCDE-SE] [T1-22:11:26.387] [GameXAMLManagerAPI] [ApplyPatchForPath] Applying 1 patch files to Assets/GUI/XAMLResources/HUD_ConfirmationPopup.xaml
[Info   :  SHCDE-SE] [T1-22:11:26.387] [XamlPatcher] [ApplyPatches] Applying patch: Replace, xpath: [//n:TextBlock[@Text='{Binding ConfirmationMessage}']]
[Info   :  SHCDE-SE] [T1-22:11:26.407] [GameXAMLManagerAPI] [GetPatchesForPath] Found patch for [Assets/GUI/XAMLResources/HUD_ConfirmationPopup.xaml] in mod [ExtendedData_Serp]
[Info   :  SHCDE-SE] [T1-22:11:26.407] [GameXAMLManagerAPI] [ApplyPatchForPath] Applying 1 patch files to Assets/GUI/XAMLResources/HUD_ConfirmationPopup.xaml
[Info   :  SHCDE-SE] [T1-22:11:26.407] [XamlPatcher] [ApplyPatches] Applying patch: Replace, xpath: [//n:TextBlock[@Text='{Binding ConfirmationMessage}']]
[Info   :  SHCDE-SE] [T1-22:11:26.409] [GameXAMLManagerAPI] [GetPatchesForPath] Found patch for [Assets/GUI/XAMLResources/HUD_ConfirmationPopup.xaml] in mod [ExtendedData_Serp]
[Info   :  SHCDE-SE] [T1-22:11:26.409] [GameXAMLManagerAPI] [ApplyPatchForPath] Applying 1 patch files to Assets/GUI/XAMLResources/HUD_ConfirmationPopup.xaml
[Info   :  SHCDE-SE] [T1-22:11:26.409] [XamlPatcher] [ApplyPatches] Applying patch: Replace, xpath: [//n:TextBlock[@Text='{Binding ConfirmationMessage}']]
[Info   :  SHCDE-SE] [T1-22:11:26.436] [GameXAMLManagerAPI] [GetPatchesForPath] Found patch for [Assets/GUI/XAMLResources/FRONT_Multiplayer.xaml] in mod [000shcdese]
[Info   :  SHCDE-SE] [T1-22:11:26.442] [GameXAMLManagerAPI] [GetPatchesForPath] Found patch for [Assets/GUI/XAMLResources/FRONT_Multiplayer.xaml] in mod [BugfixesAndQoL_Serp]
[Info   :  SHCDE-SE] [T1-22:11:26.443] [GameXAMLManagerAPI] [ApplyPatchForPath] Applying 2 patch files to Assets/GUI/XAMLResources/FRONT_Multiplayer.xaml
[Info   :  SHCDE-SE] [T1-22:11:26.447] [XamlPatcher] [ApplyPatches] Applying patch: AddNamespace, xpath: []
[Info   :  SHCDE-SE] [T1-22:11:26.447] [XamlPatcher] [ApplyPatches] Applying patch: SetAttribute, xpath: [//n:ListView[@Name='LobbyList']]
[Info   :  SHCDE-SE] [T1-22:11:26.447] [XamlPatcher] [ApplyPatches] Applying patch: InsertAfter, xpath: [(//n:Button[@CommandParameter='Back'])[1]]
[Info   :  SHCDE-SE] [T1-22:11:26.451] [XamlPatcher] [ApplyPatches] Applying patch: Add, xpath: [//n:Grid[@Name='mapgrid']]
[Info   :  SHCDE-SE] [T1-22:11:26.451] [XamlPatcher] [ApplyPatches] Applying patch: SetAttribute, xpath: [//n:Grid[@Visibility='{Binding Show_MPSettings, Converter={StaticResource booleanToVisibilityConverter}}']]
[Info   :  SHCDE-SE] [T1-22:11:26.452] [XamlPatcher] [ApplyPatches] Applying patch: SetAttribute, xpath: [//n:Grid[@Width='700' and @Height='360' and @Visibility='{Binding Show_AddAIPanel, Converter={StaticResource booleanToVisibilityConverter}}']]
[Info   :  SHCDE-SE] [T1-22:11:26.453] [XamlPatcher] [ApplyPatches] Applying patch: SetAttribute, xpath: [//n:Grid[@Width='700' and @Height='360' and @Visibility='{Binding Show_AddAIPanel, Converter={StaticResource booleanToVisibilityConverter}}']]
[Info   :  SHCDE-SE] [T1-22:11:26.455] [XamlPatcher] [ApplyPatches] Applying patch: Replace, xpath: [//n:ListView[@Name='CustomLordList']/n:ListView.View/n:GridView]
[Info   :  SHCDE-SE] [T1-22:11:26.456] [XamlPatcher] [ApplyPatches] Applying patch: InsertBefore, xpath: [//n:ListView[@Name='CustomLordList']]
[Info   :  SHCDE-SE] [T1-22:11:26.460] [XamlPatcher] [ApplyPatches] Applying patch: InsertAfter, xpath: [//n:Grid[@Width='700' and @Height='360' and @Visibility='{Binding Show_AddAIPanel, Converter={StaticResource booleanToVisibilityConverter}}']]
[Info   :  SHCDE-SE] [T1-22:11:26.460] [XamlPatcher] [ApplyPatches] Applying patch: InsertBefore, xpath: [//n:Button[@CommandParameter='AddCustomLord']]
[Info   :  SHCDE-SE] [T1-22:11:26.461] [XamlPatcher] [ApplyPatches] Applying patch: InsertAfter, xpath: [//n:Button[@Name='RandomAI7']]
[Info   :  SHCDE-SE] [T1-22:11:26.461] [XamlPatcher] [ApplyPatches] Applying patch: InsertAfter, xpath: [//n:Slider[@Name='AIMax_Slider']]
[Info   :  SHCDE-SE] [T1-22:11:26.462] [XamlPatcher] [ApplyPatches] Applying patch: InsertBefore, xpath: [//n:Button[@Name='MultiplayerPlayButton']]
[Info   :  SHCDE-SE] [T1-22:11:26.462] [XamlPatcher] [ApplyPatches] Applying patch: InsertBefore, xpath: [//n:Button[@CommandParameter='Settings_SkirmishAdvanced']]
[Info   :  SHCDE-SE] [T1-22:11:26.480] [GameXAMLManagerAPI] [GetPatchesForPath] Found patch for [Assets/GUI/XAMLResources/FRONT_Multiplayer_Setup.xaml] in mod [000shcdese]
[Info   :  SHCDE-SE] [T1-22:11:26.484] [GameXAMLManagerAPI] [GetPatchesForPath] Found patch for [Assets/GUI/XAMLResources/FRONT_Multiplayer_Setup.xaml] in mod [BugfixesAndQoL_Serp]
[Info   :  SHCDE-SE] [T1-22:11:26.484] [GameXAMLManagerAPI] [ApplyPatchForPath] Applying 2 patch files to Assets/GUI/XAMLResources/FRONT_Multiplayer_Setup.xaml
[Info   :  SHCDE-SE] [T1-22:11:26.487] [XamlPatcher] [ApplyPatches] Applying patch: SetAttribute, xpath: [//*[@Name='MP_Settings_GameSpeed_Slider']]
[Info   :  SHCDE-SE] [T1-22:11:26.487] [XamlPatcher] [ApplyPatches] Applying patch: SetAttribute, xpath: [//n:Grid[@Visibility='{Binding Show_MPNotSkirmishIsHost, Converter={StaticResource booleanToVisibilityConverter}}']]
[Info   :  SHCDE-SE] [T1-22:11:26.506] [GameXAMLManagerAPI] [GetPatchesForPath] Found patch for [Assets/GUI/XAMLResources/FRONT_Multiplayer_Setup.xaml] in mod [000shcdese]
[Info   :  SHCDE-SE] [T1-22:11:26.506] [GameXAMLManagerAPI] [GetPatchesForPath] Found patch for [Assets/GUI/XAMLResources/FRONT_Multiplayer_Setup.xaml] in mod [BugfixesAndQoL_Serp]
[Info   :  SHCDE-SE] [T1-22:11:26.506] [GameXAMLManagerAPI] [ApplyPatchForPath] Applying 2 patch files to Assets/GUI/XAMLResources/FRONT_Multiplayer_Setup.xaml
[Info   :  SHCDE-SE] [T1-22:11:26.514] [XamlPatcher] [ApplyPatches] Applying patch: SetAttribute, xpath: [//*[@Name='MP_Settings_GameSpeed_Slider']]
[Info   :  SHCDE-SE] [T1-22:11:26.515] [XamlPatcher] [ApplyPatches] Applying patch: SetAttribute, xpath: [//n:Grid[@Visibility='{Binding Show_MPNotSkirmishIsHost, Converter={StaticResource booleanToVisibilityConverter}}']]
[Info   :  SHCDE-SE] [T1-22:11:26.534] [GameXAMLManagerAPI] [GetPatchesForPath] Found patch for [Assets/GUI/XAMLResources/FRONT_Multiplayer_AISettings.xaml] in mod [BugfixesAndQoL_Serp]
[Info   :  SHCDE-SE] [T1-22:11:26.535] [GameXAMLManagerAPI] [GetPatchesForPath] Found patch for [Assets/GUI/XAMLResources/FRONT_Multiplayer_AISettings.xaml] in mod [CastlePlanner_Serp]
[Info   :  SHCDE-SE] [T1-22:11:26.535] [GameXAMLManagerAPI] [ApplyPatchForPath] Applying 2 patch files to Assets/GUI/XAMLResources/FRONT_Multiplayer_AISettings.xaml
[Info   :  SHCDE-SE] [T1-22:11:26.536] [XamlPatcher] [ApplyPatches] Applying patch: SetAttribute, xpath: [//n:Grid[@Width='880' and @Height='630' and @Margin='00,43,0,0']]
[Info   :  SHCDE-SE] [T1-22:11:26.536] [XamlPatcher] [ApplyPatches] Applying patch: SetAttribute, xpath: [//n:Grid[@Width='880' and @Height='630' and @Margin='00,43,0,0']]
[Info   :  SHCDE-SE] [T1-22:11:26.537] [XamlPatcher] [ApplyPatches] Applying patch: Replace, xpath: [//n:RadioButton[@Name='No_Rotation']/parent::n:Grid]
[Info   :  SHCDE-SE] [T1-22:11:26.537] [XamlPatcher] [ApplyPatches] Applying patch: InsertBefore, xpath: [//n:ListView[@Name='AIVList']]
[Info   :  SHCDE-SE] [T1-22:11:26.538] [XamlPatcher] [ApplyPatches] Applying patch: InsertAfter, xpath: [//n:Button[@Name='Player1_Kick']/parent::n:Grid/parent::n:StackPanel]
[Info   :  SHCDE-SE] [T1-22:11:26.538] [XamlPatcher] [ApplyPatches] Applying patch: InsertAfter, xpath: [//n:Button[@Name='MP_Replace']]
[Info   :  SHCDE-SE] [T1-22:11:26.538] [XamlPatcher] [ApplyPatches] Applying patch: SetAttribute, xpath: [//n:Button[@Name='MP_OKSettings']]
[Info   :  SHCDE-SE] [T1-22:11:26.538] [XamlPatcher] [ApplyPatches] Applying patch: SetAttribute, xpath: [//n:Button[@Name='MP_OKSettings']]
[Info   :  SHCDE-SE] [T1-22:11:26.538] [XamlPatcher] [ApplyPatches] Applying patch: SetAttribute, xpath: [//n:Button[@Name='MP_OKSettings']]
[Info   :  SHCDE-SE] [T1-22:11:26.538] [XamlPatcher] [ApplyPatches] Applying patch: Replace, xpath: [//n:Button[@Name='MP_Clear']/parent::n:Viewbox]
[Info   :  SHCDE-SE] [T1-22:11:26.538] [XamlPatcher] [ApplyPatches] Applying patch: InsertAfter, xpath: [//n:ListView[@Name='LordList']/n:ListView.View/n:GridView/n:GridViewColumn[2]]
[Info   :  SHCDE-SE] [T1-22:11:26.538] [XamlPatcher] [ApplyPatches] Applying patch: InsertBefore, xpath: [//n:ListView[@Name='LordList']]
[Info   :  SHCDE-SE] [T1-22:11:26.538] [XamlPatcher] [ApplyPatches] Applying patch: InsertAfter, xpath: [//n:ListView[@Name='LordList']/parent::n:Grid/parent::n:DockPanel]
[Info   :  SHCDE-SE] [T1-22:11:26.539] [XamlPatcher] [ApplyPatches] Applying patch: InsertAfter, xpath: [//n:Button[@Name='MP_OKSettings']]
[Info   :  SHCDE-SE] [T1-22:11:26.539] [XamlPatcher] [ApplyPatches] Applying patch: SetAttribute, xpath: [//n:Grid[@Width='880' and @Height='630' and @Margin='00,43,0,0']]
[Info   :  SHCDE-SE] [T1-22:11:26.539] [XamlPatcher] [ApplyPatches] Applying patch: SetAttribute, xpath: [//n:Grid[@Width='880' and @Height='630' and @Margin='00,43,0,0']]
[Info   :  SHCDE-SE] [T1-22:11:26.539] [XamlPatcher] [ApplyPatches] Applying patch: SetAttribute, xpath: [//n:Grid[@Visibility='{Binding Show_AI_Settings_Help, Converter={StaticResource booleanToVisibilityConverter}}']]
[Info   :  SHCDE-SE] [T1-22:11:26.539] [XamlPatcher] [ApplyPatches] Applying patch: SetAttribute, xpath: [//n:Grid[@Visibility='{Binding Show_AI_Settings_Help, Converter={StaticResource booleanToVisibilityConverter}}']]
[Info   :  SHCDE-SE] [T1-22:11:26.539] [XamlPatcher] [ApplyPatches] Applying patch: SetAttribute, xpath: [//n:Grid[@Visibility='{Binding Show_AI_Settings_Help, Converter={StaticResource booleanToVisibilityConverter}}']/n:Grid[@Width='1150']]
[Info   :  SHCDE-SE] [T1-22:11:26.539] [XamlPatcher] [ApplyPatches] Applying patch: InsertAfter, xpath: [//n:Button[@Name='Player1_Kick']/parent::n:Grid/parent::n:StackPanel]
[Info   :  SHCDE-SE] [T1-22:11:26.545] [GameXAMLManagerAPI] [InjectBindings] ViewModel Linked [BugfixesAndQoLAivHeaderPanel] in [FRONT_Multiplayer_AISettings]
[Info   :  SHCDE-SE] [T1-22:11:26.545] [GameXAMLManagerAPI] [ApplyBinding] ViewModel Linked [BugfixesAndQoLAivHeaderPanel]
[Info   :  SHCDE-SE] [T1-22:11:26.547] [GameXAMLManagerAPI] [InjectBindings] ViewModel Linked [BugfixesAndQoLAivSearchPanel] in [FRONT_Multiplayer_AISettings]
[Info   :  SHCDE-SE] [T1-22:11:26.547] [GameXAMLManagerAPI] [ApplyBinding] ViewModel Linked [BugfixesAndQoLAivSearchPanel]
[Info   :  SHCDE-SE] [T1-22:11:26.547] [GameXAMLManagerAPI] [InjectBindings] ViewModel Linked [BugfixesAndQoLAicHeaderPanel] in [FRONT_Multiplayer_AISettings]
[Info   :  SHCDE-SE] [T1-22:11:26.547] [GameXAMLManagerAPI] [ApplyBinding] ViewModel Linked [BugfixesAndQoLAicHeaderPanel]
[Info   :  SHCDE-SE] [T1-22:11:26.547] [GameXAMLManagerAPI] [InjectBindings] ViewModel Linked [BugfixesAndQoLAicSearchPanel] in [FRONT_Multiplayer_AISettings]
[Info   :  SHCDE-SE] [T1-22:11:26.547] [GameXAMLManagerAPI] [ApplyBinding] ViewModel Linked [BugfixesAndQoLAicSearchPanel]
[Info   :  SHCDE-SE] [T1-22:11:26.547] [GameXAMLManagerAPI] [InjectBindings] ViewModel Linked [BugfixesAndQoLAicDropdownHost] in [FRONT_Multiplayer_AISettings]
[Info   :  SHCDE-SE] [T1-22:11:26.547] [GameXAMLManagerAPI] [ApplyBinding] ViewModel Linked [BugfixesAndQoLAicDropdownHost]
[Info   :  SHCDE-SE] [T1-22:11:26.547] [GameXAMLManagerAPI] [InjectBindings] ViewModel Linked [BugfixesAndQoLAivPresetButtonHost] in [FRONT_Multiplayer_AISettings]
[Info   :  SHCDE-SE] [T1-22:11:26.547] [GameXAMLManagerAPI] [ApplyBinding] ViewModel Linked [BugfixesAndQoLAivPresetButtonHost]
[Info   :  SHCDE-SE] [T1-22:11:26.547] [GameXAMLManagerAPI] [InjectBindings] ViewModel Linked [BugfixesAndQoLAivPresetDialog] in [FRONT_Multiplayer_AISettings]
[Info   :  SHCDE-SE] [T1-22:11:26.547] [GameXAMLManagerAPI] [ApplyBinding] ViewModel Linked [BugfixesAndQoLAivPresetDialog]
[Info   :  SHCDE-SE] [T1-22:11:26.547] [GameXAMLManagerAPI] [InjectBindings] ViewModel Linked [BugfixesAndQoLAivSelectionListHost] in [FRONT_Multiplayer_AISettings]
[Info   :  SHCDE-SE] [T1-22:11:26.547] [GameXAMLManagerAPI] [ApplyBinding] ViewModel Linked [BugfixesAndQoLAivSelectionListHost]
[Info   :  SHCDE-SE] [T1-22:11:26.548] [GameXAMLManagerAPI] [InjectBindings] ViewModel Linked [CastlePlannerAivSelectionListHost] in [FRONT_Multiplayer_AISettings]
[Info   :  SHCDE-SE] [T1-22:11:26.548] [GameXAMLManagerAPI] [ApplyBinding] ViewModel Linked [CastlePlannerAivSelectionListHost]
[Info   :  SHCDE-SE] [T1-22:11:26.557] [GameXAMLManagerAPI] [GetPatchesForPath] Found patch for [Assets/GUI/XAMLResources/FRONT_ManageTrail.xaml] in mod [ExtendedData_Serp]
[Info   :  SHCDE-SE] [T1-22:11:26.558] [GameXAMLManagerAPI] [ApplyPatchForPath] Applying 1 patch files to Assets/GUI/XAMLResources/FRONT_ManageTrail.xaml
[Info   :  SHCDE-SE] [T1-22:11:26.561] [XamlPatcher] [ApplyPatches] Applying patch: Add, xpath: [//n:Grid[n:Button[@Name='Load'] and n:Button[@Name='Save']]]
[Info   :  SHCDE-SE] [T1-22:11:26.572] [GameXAMLManagerAPI] [InjectBindings] ViewModel Linked [ExtendedDataTrailMakerSaveOptionsHost] in [FRONT_ManageTrail]
[Info   :  SHCDE-SE] [T1-22:11:26.572] [GameXAMLManagerAPI] [ApplyBinding] ViewModel Linked [ExtendedDataTrailMakerSaveOptionsHost]
[Info   :  SHCDE-SE] [T1-22:11:26.588] [GameXAMLManagerAPI] [GetPatchesForPath] Found patch for [Assets/GUI/XAMLResources/FRONT_CoopTrail1.xaml] in mod [BugfixesAndQoL_Serp]
[Info   :  SHCDE-SE] [T1-22:11:26.588] [GameXAMLManagerAPI] [ApplyPatchForPath] Applying 1 patch files to Assets/GUI/XAMLResources/FRONT_CoopTrail1.xaml
[Info   :  SHCDE-SE] [T1-22:11:26.590] [XamlPatcher] [ApplyPatches] Applying patch: SetAttribute, xpath: [//n:Grid[@Width='1080' and @Height='640']/n:Grid[@Margin='25,0,0,0']]
[Info   :  SHCDE-SE] [T1-22:11:26.590] [XamlPatcher] [ApplyPatches] Applying patch: Add, xpath: [//n:Grid[@Width='1080' and @Height='640']/n:Grid[@x:Name='CoopLordPortraitGrid']]
[Info   :  SHCDE-SE] [T1-22:11:26.598] [GameXAMLManagerAPI] [InjectBindings] ViewModel Linked [CoopCustomLordSelectionHost] in [FRONT_CoopTrail1]
[Info   :  SHCDE-SE] [T1-22:11:26.598] [GameXAMLManagerAPI] [ApplyBinding] ViewModel Linked [CoopCustomLordSelectionHost]
[Debug  :Extended Data] [2026-09-24 22:11:26.600] Deferred custom presentation until Loaded for Coop Trail 1.
[Info   :  SHCDE-SE] [T1-22:11:26.608] [GameXAMLManagerAPI] [GetPatchesForPath] Found patch for [Assets/GUI/XAMLResources/FRONT_CoopTrail2.xaml] in mod [BugfixesAndQoL_Serp]
[Info   :  SHCDE-SE] [T1-22:11:26.608] [GameXAMLManagerAPI] [ApplyPatchForPath] Applying 1 patch files to Assets/GUI/XAMLResources/FRONT_CoopTrail2.xaml
[Info   :  SHCDE-SE] [T1-22:11:26.610] [XamlPatcher] [ApplyPatches] Applying patch: SetAttribute, xpath: [//n:Grid[@Width='1080' and @Height='640']/n:Grid[@Margin='25,0,0,0']]
[Info   :  SHCDE-SE] [T1-22:11:26.610] [XamlPatcher] [ApplyPatches] Applying patch: Add, xpath: [//n:Grid[@Width='1080' and @Height='640']/n:Grid[@x:Name='CoopLordPortraitGrid']]
[Info   :  SHCDE-SE] [T1-22:11:26.618] [GameXAMLManagerAPI] [InjectBindings] ViewModel Linked [CoopCustomLordSelectionHost] in [FRONT_CoopTrail2]
[Info   :  SHCDE-SE] [T1-22:11:26.618] [GameXAMLManagerAPI] [ApplyBinding] ViewModel Linked [CoopCustomLordSelectionHost]
[Debug  :Extended Data] [2026-09-24 22:11:26.619] Deferred custom presentation until Loaded for Coop Trail 2.
[Info   :  SHCDE-SE] [T1-22:11:26.627] [GameXAMLManagerAPI] [GetPatchesForPath] Found patch for [Assets/GUI/XAMLResources/FRONT_CoopTrail3.xaml] in mod [BugfixesAndQoL_Serp]
[Info   :  SHCDE-SE] [T1-22:11:26.627] [GameXAMLManagerAPI] [ApplyPatchForPath] Applying 1 patch files to Assets/GUI/XAMLResources/FRONT_CoopTrail3.xaml
[Info   :  SHCDE-SE] [T1-22:11:26.629] [XamlPatcher] [ApplyPatches] Applying patch: SetAttribute, xpath: [//n:Grid[@Width='1080' and @Height='640']/n:Grid[@Margin='25,0,0,0']]
[Info   :  SHCDE-SE] [T1-22:11:26.629] [XamlPatcher] [ApplyPatches] Applying patch: Add, xpath: [//n:Grid[@Width='1080' and @Height='640']/n:Grid[@x:Name='CoopLordPortraitGrid']]
[Info   :  SHCDE-SE] [T1-22:11:26.638] [GameXAMLManagerAPI] [InjectBindings] ViewModel Linked [CoopCustomLordSelectionHost] in [FRONT_CoopTrail3]
[Info   :  SHCDE-SE] [T1-22:11:26.638] [GameXAMLManagerAPI] [ApplyBinding] ViewModel Linked [CoopCustomLordSelectionHost]
[Debug  :Extended Data] [2026-09-24 22:11:26.639] Deferred custom presentation until Loaded for Coop Trail 3.
[Info   :  SHCDE-SE] [T1-22:11:26.647] [GameXAMLManagerAPI] [GetPatchesForPath] Found patch for [Assets/GUI/XAMLResources/FRONT_CoopTrail4.xaml] in mod [BugfixesAndQoL_Serp]
[Info   :  SHCDE-SE] [T1-22:11:26.647] [GameXAMLManagerAPI] [ApplyPatchForPath] Applying 1 patch files to Assets/GUI/XAMLResources/FRONT_CoopTrail4.xaml
[Info   :  SHCDE-SE] [T1-22:11:26.649] [XamlPatcher] [ApplyPatches] Applying patch: SetAttribute, xpath: [//n:Grid[@Width='1080' and @Height='640']/n:Grid[@Margin='25,0,0,0']]
[Info   :  SHCDE-SE] [T1-22:11:26.649] [XamlPatcher] [ApplyPatches] Applying patch: Add, xpath: [//n:Grid[@Width='1080' and @Height='640']/n:Grid[@x:Name='CoopLordPortraitGrid']]
[Info   :  SHCDE-SE] [T1-22:11:26.657] [GameXAMLManagerAPI] [InjectBindings] ViewModel Linked [CoopCustomLordSelectionHost] in [FRONT_CoopTrail4]
[Info   :  SHCDE-SE] [T1-22:11:26.657] [GameXAMLManagerAPI] [ApplyBinding] ViewModel Linked [CoopCustomLordSelectionHost]
[Debug  :Extended Data] [2026-09-24 22:11:26.658] Deferred custom presentation until Loaded for Coop Trail 4.
[Info   :  SHCDE-SE] [T1-22:11:26.658] [GameXAMLManagerAPI] [GetPatchesForPath] Found patch for [Assets/GUI/XAMLResources/HUD_LoadSaveRequester.xaml] in mod [BugfixesAndQoL_Serp]
[Info   :  SHCDE-SE] [T1-22:11:26.659] [GameXAMLManagerAPI] [GetPatchesForPath] Found patch for [Assets/GUI/XAMLResources/HUD_LoadSaveRequester.xaml] in mod [ExtendedData_Serp]
[Info   :  SHCDE-SE] [T1-22:11:26.659] [GameXAMLManagerAPI] [ApplyPatchForPath] Applying 2 patch files to Assets/GUI/XAMLResources/HUD_LoadSaveRequester.xaml
[Info   :  SHCDE-SE] [T1-22:11:26.659] [XamlPatcher] [ApplyPatches] Applying patch: AddNamespace, xpath: []
[Info   :  SHCDE-SE] [T1-22:11:26.659] [XamlPatcher] [ApplyPatches] Applying patch: InsertAfter, xpath: [//n:ListView[@Name='FileList']/n:ListView.View/n:GridView/n:GridViewColumn[4]]
[Info   :  SHCDE-SE] [T1-22:11:26.659] [XamlPatcher] [ApplyPatches] Applying patch: InsertBefore, xpath: [//n:CheckBox[@x:Name='HideQuicksaveCheck']]
[Info   :  SHCDE-SE] [T1-22:11:26.659] [XamlPatcher] [ApplyPatches] Applying patch: InsertBefore, xpath: [//n:TextBox[@Name='SearchFilter']]
[Info   :  SHCDE-SE] [T1-22:11:26.659] [XamlPatcher] [ApplyPatches] Applying patch: Add, xpath: [//n:Grid[n:Button[@Name='ButtonAction'] and n:Button[@Name='ButtonCancel']]]
[Info   :  SHCDE-SE] [T1-22:11:26.661] [GameXAMLManagerAPI] [InjectBindings] ViewModel Linked [BugfixesAndQoLShowVanillaMapsHost] in [HUD_LoadSaveRequester]
[Info   :  SHCDE-SE] [T1-22:11:26.661] [GameXAMLManagerAPI] [ApplyBinding] ViewModel Linked [BugfixesAndQoLShowVanillaMapsHost]
[Info   :  SHCDE-SE] [T1-22:11:26.661] [GameXAMLManagerAPI] [InjectBindings] ViewModel Linked [BugfixesAndQoLDeleteMapHost] in [HUD_LoadSaveRequester]
[Info   :  SHCDE-SE] [T1-22:11:26.661] [GameXAMLManagerAPI] [ApplyBinding] ViewModel Linked [BugfixesAndQoLDeleteMapHost]
[Info   :  SHCDE-SE] [T1-22:11:26.661] [GameXAMLManagerAPI] [InjectBindings] ViewModel Linked [ExtendedDataMapEditorSaveOptionsHost] in [HUD_LoadSaveRequester]
[Info   :  SHCDE-SE] [T1-22:11:26.661] [GameXAMLManagerAPI] [ApplyBinding] ViewModel Linked [ExtendedDataMapEditorSaveOptionsHost]
[Info   :  SHCDE-SE] [T1-22:11:26.661] [GameXAMLManagerAPI] [GetPatchesForPath] Found patch for [Assets/GUI/XAMLResources/HUD_ConfirmationPopup.xaml] in mod [ExtendedData_Serp]
[Info   :  SHCDE-SE] [T1-22:11:26.662] [GameXAMLManagerAPI] [ApplyPatchForPath] Applying 1 patch files to Assets/GUI/XAMLResources/HUD_ConfirmationPopup.xaml
[Info   :  SHCDE-SE] [T1-22:11:26.662] [XamlPatcher] [ApplyPatches] Applying patch: Replace, xpath: [//n:TextBlock[@Text='{Binding ConfirmationMessage}']]
[Info   :  SHCDE-SE] [T1-22:11:26.663] [GameXAMLManagerAPI] [GetPatchesForPath] Found patch for [Assets/GUI/XAMLResources/HUD_Options.xaml] in mod [000shcdese]
[Info   :  SHCDE-SE] [T1-22:11:26.663] [GameXAMLManagerAPI] [ApplyPatchForPath] Applying 1 patch files to Assets/GUI/XAMLResources/HUD_Options.xaml
[Info   :  SHCDE-SE] [T1-22:11:26.665] [XamlPatcher] [ApplyPatches] Applying patch: SetAttribute, xpath: [//*[@Name='GameSpeedSlider']]
[Info   :  SHCDE-SE] [T1-22:11:26.701] [NoesisTextureProvider_Hooks] [NoesisTextureProvider_GetTextureInfo] Registering Mod Texture: Assets/GUI/Sprites/modsettingspanel.png
[Info   :  SHCDE-SE] [T1-22:11:26.703] [GameXAMLManagerAPI] [InjectBindings] ViewModel Linked [SE_ModOptionsToggle] in [FRONT_Multiplayer]
[Info   :  SHCDE-SE] [T1-22:11:26.703] [GameXAMLManagerAPI] [ApplyBinding] ViewModel Linked [SE_ModOptionsToggle]
[Info   :  SHCDE-SE] [T1-22:11:26.705] [GameXAMLManagerAPI] [InjectBindings] ViewModel Linked [SE_ModOptionsModal] in [FRONT_Multiplayer]
[Info   :  SHCDE-SE] [T1-22:11:26.705] [GameXAMLManagerAPI] [ApplyBinding] ViewModel Linked [SE_ModOptionsModal]
[Info   :  SHCDE-SE] [T1-22:11:26.705] [GameXAMLManagerAPI] [InjectBindings] ViewModel Linked [BugfixesAndQoLAivSyncStatusHost] in [FRONT_Multiplayer]
[Info   :  SHCDE-SE] [T1-22:11:26.705] [GameXAMLManagerAPI] [ApplyBinding] ViewModel Linked [BugfixesAndQoLAivSyncStatusHost]
[Info   :  SHCDE-SE] [T1-22:11:26.705] [GameXAMLManagerAPI] [InjectBindings] ViewModel Linked [RandomLordFiltersSimple] in [FRONT_Multiplayer]
[Info   :  SHCDE-SE] [T1-22:11:26.705] [GameXAMLManagerAPI] [ApplyBinding] ViewModel Linked [RandomLordFiltersSimple]
[Info   :  SHCDE-SE] [T1-22:11:26.705] [GameXAMLManagerAPI] [InjectBindings] ViewModel Linked [RandomLordFiltersAdvanced] in [FRONT_Multiplayer]
[Info   :  SHCDE-SE] [T1-22:11:26.705] [GameXAMLManagerAPI] [ApplyBinding] ViewModel Linked [RandomLordFiltersAdvanced]
[Info   :  SHCDE-SE] [T1-22:11:26.705] [GameXAMLManagerAPI] [InjectBindings] ViewModel Linked [CustomLordSearchPanel] in [FRONT_Multiplayer]
[Info   :  SHCDE-SE] [T1-22:11:26.705] [GameXAMLManagerAPI] [ApplyBinding] ViewModel Linked [CustomLordSearchPanel]
[Info   :  SHCDE-SE] [T1-22:11:26.706] [GameXAMLManagerAPI] [InjectBindings] ViewModel Linked [CustomLordHeaderPanel] in [FRONT_Multiplayer]
[Info   :  SHCDE-SE] [T1-22:11:26.706] [GameXAMLManagerAPI] [ApplyBinding] ViewModel Linked [CustomLordHeaderPanel]
[Info   :  SHCDE-SE] [T1-22:11:26.706] [GameXAMLManagerAPI] [InjectBindings] ViewModel Linked [CustomLordTypeHeader] in [FRONT_Multiplayer]
[Info   :  SHCDE-SE] [T1-22:11:26.706] [GameXAMLManagerAPI] [ApplyBinding] ViewModel Linked [CustomLordTypeHeader]
[Info   :  SHCDE-SE] [T1-22:11:26.706] [GameXAMLManagerAPI] [InjectBindings] ViewModel Linked [CustomLordNameHeader] in [FRONT_Multiplayer]
[Info   :  SHCDE-SE] [T1-22:11:26.706] [GameXAMLManagerAPI] [ApplyBinding] ViewModel Linked [CustomLordNameHeader]
[Info   :  SHCDE-SE] [T1-22:11:26.706] [GameXAMLManagerAPI] [InjectBindings] ViewModel Linked [CustomLordPowerHeader] in [FRONT_Multiplayer]
[Info   :  SHCDE-SE] [T1-22:11:26.706] [GameXAMLManagerAPI] [ApplyBinding] ViewModel Linked [CustomLordPowerHeader]
[Info   :  SHCDE-SE] [T1-22:11:26.706] [GameXAMLManagerAPI] [InjectBindings] ViewModel Linked [CustomLordSortHelpPanel] in [FRONT_Multiplayer]
[Info   :  SHCDE-SE] [T1-22:11:26.706] [GameXAMLManagerAPI] [ApplyBinding] ViewModel Linked [CustomLordSortHelpPanel]
[Info   :  SHCDE-SE] [T1-22:11:26.706] [GameXAMLManagerAPI] [InjectBindings] ViewModel Linked [BugfixesAndQoLSkirmishGameOptionsButtonHost] in [FRONT_Multiplayer]
[Info   :  SHCDE-SE] [T1-22:11:26.706] [GameXAMLManagerAPI] [ApplyBinding] ViewModel Linked [BugfixesAndQoLSkirmishGameOptionsButtonHost]
[Debug  :Bugfixes and QoL] [2026-09-24 22:11:26.706] BUGFIXES_AND_QOL_SKIRMISH_GAME_OPTIONS_BUTTON_BOUND: commandAvailable=true, dataContext=MainViewModel.Instance.
[Info   :  SHCDE-SE] [T1-22:11:26.716] [GameXAMLManagerAPI] [GetPatchesForPath] Found patch for [Assets/GUI/XAMLResources/HUD_ConfirmationPopup.xaml] in mod [ExtendedData_Serp]
[Info   :  SHCDE-SE] [T1-22:11:26.717] [GameXAMLManagerAPI] [ApplyPatchForPath] Applying 1 patch files to Assets/GUI/XAMLResources/HUD_ConfirmationPopup.xaml
[Info   :  SHCDE-SE] [T1-22:11:26.717] [XamlPatcher] [ApplyPatches] Applying patch: Replace, xpath: [//n:TextBlock[@Text='{Binding ConfirmationMessage}']]
[Info   :  SHCDE-SE] [T1-22:11:26.730] [GameXAMLManagerAPI] [GetPatchesForPath] Found patch for [Assets/GUI/XAMLResources/HUD_MissionOver.xaml] in mod [BugfixesAndQoL_Serp]
[Info   :  SHCDE-SE] [T1-22:11:26.730] [GameXAMLManagerAPI] [ApplyPatchForPath] Applying 1 patch files to Assets/GUI/XAMLResources/HUD_MissionOver.xaml
[Info   :  SHCDE-SE] [T1-22:11:26.737] [XamlPatcher] [ApplyPatches] Applying patch: Add, xpath: [//n:StackPanel[@Name='RowStackMP']/n:Grid[n:Button[@CommandParameter='Exit']]]
[Info   :  SHCDE-SE] [T1-22:11:26.737] [XamlPatcher] [ApplyPatches] Applying patch: Add, xpath: [//n:Grid[n:Grid.ColumnDefinitions/n:ColumnDefinition[2][@Width='470'] and n:Image[@Source='{Binding MO_MP_PlayersShields0}']]]
[Info   :  SHCDE-SE] [T1-22:11:26.738] [XamlPatcher] [ApplyPatches] Applying patch: Add, xpath: [//n:Grid[n:Grid.ColumnDefinitions/n:ColumnDefinition[2][@Width='510'] and n:Image[@Source='{Binding MO_MP_PlayersShields0}']]]
[Info   :  SHCDE-SE] [T1-22:11:26.739] [XamlPatcher] [ApplyPatches] Applying patch: Add, xpath: [//n:Grid[n:Grid.ColumnDefinitions/n:ColumnDefinition[2][@Width='470'] and n:Image[@Source='{Binding MO_MP_PlayersShields1}']]]
[Info   :  SHCDE-SE] [T1-22:11:26.740] [XamlPatcher] [ApplyPatches] Applying patch: Add, xpath: [//n:Grid[n:Grid.ColumnDefinitions/n:ColumnDefinition[2][@Width='510'] and n:Image[@Source='{Binding MO_MP_PlayersShields1}']]]
[Info   :  SHCDE-SE] [T1-22:11:26.740] [XamlPatcher] [ApplyPatches] Applying patch: Add, xpath: [//n:Grid[n:Grid.ColumnDefinitions/n:ColumnDefinition[2][@Width='470'] and n:Image[@Source='{Binding MO_MP_PlayersShields2}']]]
[Info   :  SHCDE-SE] [T1-22:11:26.741] [XamlPatcher] [ApplyPatches] Applying patch: Add, xpath: [//n:Grid[n:Grid.ColumnDefinitions/n:ColumnDefinition[2][@Width='510'] and n:Image[@Source='{Binding MO_MP_PlayersShields2}']]]
[Info   :  SHCDE-SE] [T1-22:11:26.741] [XamlPatcher] [ApplyPatches] Applying patch: Add, xpath: [//n:Grid[n:Grid.ColumnDefinitions/n:ColumnDefinition[2][@Width='470'] and n:Image[@Source='{Binding MO_MP_PlayersShields3}']]]
[Info   :  SHCDE-SE] [T1-22:11:26.742] [XamlPatcher] [ApplyPatches] Applying patch: Add, xpath: [//n:Grid[n:Grid.ColumnDefinitions/n:ColumnDefinition[2][@Width='510'] and n:Image[@Source='{Binding MO_MP_PlayersShields3}']]]
[Info   :  SHCDE-SE] [T1-22:11:26.743] [XamlPatcher] [ApplyPatches] Applying patch: Add, xpath: [//n:Grid[n:Grid.ColumnDefinitions/n:ColumnDefinition[2][@Width='470'] and n:Image[@Source='{Binding MO_MP_PlayersShields4}']]]
[Info   :  SHCDE-SE] [T1-22:11:26.743] [XamlPatcher] [ApplyPatches] Applying patch: Add, xpath: [//n:Grid[n:Grid.ColumnDefinitions/n:ColumnDefinition[2][@Width='510'] and n:Image[@Source='{Binding MO_MP_PlayersShields4}']]]
[Info   :  SHCDE-SE] [T1-22:11:26.744] [XamlPatcher] [ApplyPatches] Applying patch: Add, xpath: [//n:Grid[n:Grid.ColumnDefinitions/n:ColumnDefinition[2][@Width='470'] and n:Image[@Source='{Binding MO_MP_PlayersShields5}']]]
[Info   :  SHCDE-SE] [T1-22:11:26.745] [XamlPatcher] [ApplyPatches] Applying patch: Add, xpath: [//n:Grid[n:Grid.ColumnDefinitions/n:ColumnDefinition[2][@Width='510'] and n:Image[@Source='{Binding MO_MP_PlayersShields5}']]]
[Info   :  SHCDE-SE] [T1-22:11:26.746] [XamlPatcher] [ApplyPatches] Applying patch: Add, xpath: [//n:Grid[n:Grid.ColumnDefinitions/n:ColumnDefinition[2][@Width='470'] and n:Image[@Source='{Binding MO_MP_PlayersShields6}']]]
[Info   :  SHCDE-SE] [T1-22:11:26.746] [XamlPatcher] [ApplyPatches] Applying patch: Add, xpath: [//n:Grid[n:Grid.ColumnDefinitions/n:ColumnDefinition[2][@Width='510'] and n:Image[@Source='{Binding MO_MP_PlayersShields6}']]]
[Info   :  SHCDE-SE] [T1-22:11:26.747] [XamlPatcher] [ApplyPatches] Applying patch: Add, xpath: [//n:Grid[n:Grid.ColumnDefinitions/n:ColumnDefinition[2][@Width='470'] and n:Image[@Source='{Binding MO_MP_PlayersShields7}']]]
[Info   :  SHCDE-SE] [T1-22:11:26.748] [XamlPatcher] [ApplyPatches] Applying patch: Add, xpath: [//n:Grid[n:Grid.ColumnDefinitions/n:ColumnDefinition[2][@Width='510'] and n:Image[@Source='{Binding MO_MP_PlayersShields7}']]]
[Info   :  SHCDE-SE] [T1-22:11:26.765] [GameXAMLManagerAPI] [InjectBindings] ViewModel Linked [BugfixesAndQoLSpectatorStatisticsRefreshHost] in [HUD_MissionOver]
[Info   :  SHCDE-SE] [T1-22:11:26.765] [GameXAMLManagerAPI] [ApplyBinding] ViewModel Linked [BugfixesAndQoLSpectatorStatisticsRefreshHost]
[Info   :  SHCDE-SE] [T1-22:11:26.767] [GameXAMLManagerAPI] [GetPatchesForPath] Found patch for [Assets/GUI/XAMLResources/HUD_LoadSaveRequester.xaml] in mod [BugfixesAndQoL_Serp]
[Info   :  SHCDE-SE] [T1-22:11:26.767] [GameXAMLManagerAPI] [GetPatchesForPath] Found patch for [Assets/GUI/XAMLResources/HUD_LoadSaveRequester.xaml] in mod [ExtendedData_Serp]
[Info   :  SHCDE-SE] [T1-22:11:26.767] [GameXAMLManagerAPI] [ApplyPatchForPath] Applying 2 patch files to Assets/GUI/XAMLResources/HUD_LoadSaveRequester.xaml
[Info   :  SHCDE-SE] [T1-22:11:26.768] [XamlPatcher] [ApplyPatches] Applying patch: AddNamespace, xpath: []
[Info   :  SHCDE-SE] [T1-22:11:26.768] [XamlPatcher] [ApplyPatches] Applying patch: InsertAfter, xpath: [//n:ListView[@Name='FileList']/n:ListView.View/n:GridView/n:GridViewColumn[4]]
[Info   :  SHCDE-SE] [T1-22:11:26.772] [XamlPatcher] [ApplyPatches] Applying patch: InsertBefore, xpath: [//n:CheckBox[@x:Name='HideQuicksaveCheck']]
[Info   :  SHCDE-SE] [T1-22:11:26.772] [XamlPatcher] [ApplyPatches] Applying patch: InsertBefore, xpath: [//n:TextBox[@Name='SearchFilter']]
[Info   :  SHCDE-SE] [T1-22:11:26.772] [XamlPatcher] [ApplyPatches] Applying patch: Add, xpath: [//n:Grid[n:Button[@Name='ButtonAction'] and n:Button[@Name='ButtonCancel']]]
[Info   :  SHCDE-SE] [T1-22:11:26.774] [GameXAMLManagerAPI] [InjectBindings] ViewModel Linked [BugfixesAndQoLShowVanillaMapsHost] in [HUD_LoadSaveRequester]
[Info   :  SHCDE-SE] [T1-22:11:26.774] [GameXAMLManagerAPI] [ApplyBinding] ViewModel Linked [BugfixesAndQoLShowVanillaMapsHost]
[Info   :  SHCDE-SE] [T1-22:11:26.774] [GameXAMLManagerAPI] [InjectBindings] ViewModel Linked [BugfixesAndQoLDeleteMapHost] in [HUD_LoadSaveRequester]
[Info   :  SHCDE-SE] [T1-22:11:26.774] [GameXAMLManagerAPI] [ApplyBinding] ViewModel Linked [BugfixesAndQoLDeleteMapHost]
[Info   :  SHCDE-SE] [T1-22:11:26.774] [GameXAMLManagerAPI] [InjectBindings] ViewModel Linked [ExtendedDataMapEditorSaveOptionsHost] in [HUD_LoadSaveRequester]
[Info   :  SHCDE-SE] [T1-22:11:26.774] [GameXAMLManagerAPI] [ApplyBinding] ViewModel Linked [ExtendedDataMapEditorSaveOptionsHost]
[Info   :  SHCDE-SE] [T1-22:11:26.797] [GameXAMLManagerAPI] [InjectBindings] ViewModel Linked [SEMainMenuContainer] in [FrontendMenus]
[Info   :  SHCDE-SE] [T1-22:11:26.797] [GameXAMLManagerAPI] [ApplyBinding] ViewModel Linked [SEMainMenuContainer]
[Info   :  SHCDE-SE] [T1-22:11:26.799] [GameXAMLManagerAPI] [InjectBindings] ViewModel Linked [SE_ModOptionsToggle] in [FrontendMenus]
[Info   :  SHCDE-SE] [T1-22:11:26.799] [GameXAMLManagerAPI] [ApplyBinding] ViewModel Linked [SE_ModOptionsToggle]
[Info   :  SHCDE-SE] [T1-22:11:26.799] [GameXAMLManagerAPI] [InjectBindings] ViewModel Linked [SE_ModOptionsModal] in [FrontendMenus]
[Info   :  SHCDE-SE] [T1-22:11:26.799] [GameXAMLManagerAPI] [ApplyBinding] ViewModel Linked [SE_ModOptionsModal]
[Info   :  SHCDE-SE] [T1-22:11:27.060] [GameXAMLManagerAPI] [GetPatchesForPath] Found patch for [Assets/GUI/XAML/IngameUIScreens.xaml] in mod [CastlePlanner_Serp]
[Info   :  SHCDE-SE] [T1-22:11:27.066] [GameXAMLManagerAPI] [ApplyPatchForPath] Applying 1 patch files to Assets/GUI/XAML/IngameUIScreens.xaml
[Info   :  SHCDE-SE] [T1-22:11:27.066] [XamlPatcher] [ApplyPatches] Applying patch: Add, xpath: [/n:UserControl/n:Grid]
[Info   :  SHCDE-SE] [T1-22:11:27.067] [XamlPatcher] [ApplyPatches] Applying patch: Add, xpath: [/n:UserControl/n:Grid/n:Grid[@Name='HUD_ObjectivesPanel']]
[Info   :  SHCDE-SE] [T1-22:11:27.075] [GameXAMLManagerAPI] [GetPatchesForPath] Found patch for [Assets/GUI/XAML/MainHUD.xaml] in mod [BugfixesAndQoL_Serp]
[Info   :  SHCDE-SE] [T1-22:11:27.075] [GameXAMLManagerAPI] [GetPatchesForPath] Found patch for [Assets/GUI/XAML/MainHUD.xaml] in mod [BuildingCosts_Serp]
[Info   :  SHCDE-SE] [T1-22:11:27.075] [GameXAMLManagerAPI] [GetPatchesForPath] Found patch for [Assets/GUI/XAML/MainHUD.xaml] in mod [BuildingLimit_Serp]
[Info   :  SHCDE-SE] [T1-22:11:27.075] [GameXAMLManagerAPI] [GetPatchesForPath] Found patch for [Assets/GUI/XAML/MainHUD.xaml] in mod [UnitLimit_Serp]
[Info   :  SHCDE-SE] [T1-22:11:27.076] [GameXAMLManagerAPI] [ApplyPatchForPath] Applying 4 patch files to Assets/GUI/XAML/MainHUD.xaml
[Info   :  SHCDE-SE] [T1-22:11:27.076] [XamlPatcher] [ApplyPatches] Applying patch: AddNamespace, xpath: []
[Info   :  SHCDE-SE] [T1-22:11:27.076] [XamlPatcher] [ApplyPatches] Applying patch: SetAttribute, xpath: [//n:MediaElement[@Name='RadarME']]
[Info   :  SHCDE-SE] [T1-22:11:27.076] [XamlPatcher] [ApplyPatches] Applying patch: SetAttribute, xpath: [//n:MediaElement[@Name='RadarME']]
[Info   :  SHCDE-SE] [T1-22:11:27.076] [XamlPatcher] [ApplyPatches] Applying patch: SetAttribute, xpath: [//n:Image[@Name='RadarMapImage']]
[Info   :  SHCDE-SE] [T1-22:11:27.076] [XamlPatcher] [ApplyPatches] Applying patch: SetAttribute, xpath: [//n:Image[@Name='RadarMapImage']]
[Info   :  SHCDE-SE] [T1-22:11:27.077] [XamlPatcher] [ApplyPatches] Applying patch: Replace, xpath: [//n:DockPanel[@Visibility='{Binding RolloverBuilding_TooltipVis, Converter={StaticResource booleanToVisibilityConverter}}']//n:TextBlock[n:Run[@Text='{Binding RollOverText_AmountReq1}']]]
[Info   :  SHCDE-SE] [T1-22:11:27.077] [XamlPatcher] [ApplyPatches] Applying patch: InsertBefore, xpath: [//n:TextBlock[@Text='{Binding RolloverBuilding_TooltipBody}']]
[Info   :  SHCDE-SE] [T1-22:11:27.077] [XamlPatcher] [ApplyPatches] Applying patch: Replace, xpath: [//n:TextBlock[@x:Name='GameHoverText']]
[Info   :  SHCDE-SE] [T1-22:11:27.077] [XamlPatcher] [ApplyPatches] Applying patch: Add, xpath: [/n:UserControl/n:Grid]
[Info   :  SHCDE-SE] [T1-22:11:27.077] [XamlPatcher] [ApplyPatches] Applying patch: InsertBefore, xpath: [//n:TextBlock[@Text='{Binding RolloverBuilding_TooltipBody}']]
[Info   :  SHCDE-SE] [T1-22:11:27.077] [XamlPatcher] [ApplyPatches] Applying patch: Add, xpath: [//n:StackPanel[@Visibility='{Binding RolloverBuilding_TooltipVisNot, Converter={StaticResource booleanToVisibilityConverter}}']]
[Info   :  SHCDE-SE] [T1-22:11:27.078] [XamlPatcher] [ApplyPatches] Applying patch: Add, xpath: [/n:UserControl/n:Grid]
[Info   :  SHCDE-SE] [T1-22:11:27.126] [GameXAMLManagerAPI] [GetPatchesForPath] Found patch for [Assets/GUI/XAMLResources/HUD_Troops.xaml] in mod [APIShared_Serp]
[Info   :  SHCDE-SE] [T1-22:11:27.126] [GameXAMLManagerAPI] [GetPatchesForPath] Found patch for [Assets/GUI/XAMLResources/HUD_Troops.xaml] in mod [BugfixesAndQoL_Serp]
[Info   :  SHCDE-SE] [T1-22:11:27.127] [GameXAMLManagerAPI] [GetPatchesForPath] Found patch for [Assets/GUI/XAMLResources/HUD_Troops.xaml] in mod [ExtraFeatures_Serp]
[Info   :  SHCDE-SE] [T1-22:11:27.127] [GameXAMLManagerAPI] [GetPatchesForPath] Found patch for [Assets/GUI/XAMLResources/HUD_Troops.xaml] in mod [UnitCosts_Serp]
[Info   :  SHCDE-SE] [T1-22:11:27.127] [GameXAMLManagerAPI] [GetPatchesForPath] Found patch for [Assets/GUI/XAMLResources/HUD_Troops.xaml] in mod [UnitLimit_Serp]
[Info   :  SHCDE-SE] [T1-22:11:27.127] [GameXAMLManagerAPI] [ApplyPatchForPath] Applying 5 patch files to Assets/GUI/XAMLResources/HUD_Troops.xaml
[Info   :  SHCDE-SE] [T1-22:11:27.128] [XamlPatcher] [ApplyPatches] Applying patch: Add, xpath: [//n:Grid[@Name='TroopSelectionControls']]
[Info   :  SHCDE-SE] [T1-22:11:27.129] [XamlPatcher] [ApplyPatches] Applying patch: AddNamespace, xpath: []
[Info   :  SHCDE-SE] [T1-22:11:27.129] [XamlPatcher] [ApplyPatches] Applying patch: SetAttribute, xpath: [//n:Grid[@Name='TroopSelectionControls']//n:Button[@Command='{Binding LeftClickSelectedTroopCommand}']]
[Info   :  SHCDE-SE] [T1-22:11:27.129] [XamlPatcher] [ApplyPatches] Applying patch: InsertAfter, xpath: [//n:TextBlock[@x:Name='TroopsPanelRollover']]
[Info   :  SHCDE-SE] [T1-22:11:27.129] [XamlPatcher] [ApplyPatches] Applying patch: Add, xpath: [//n:Grid[@Name='UnitControls']]
[Info   :  SHCDE-SE] [T1-22:11:27.129] [XamlPatcher] [ApplyPatches] Applying patch: Add, xpath: [//n:Grid[@Name='UnitControls']]
[Info   :  SHCDE-SE] [T1-22:11:27.129] [XamlPatcher] [ApplyPatches] Applying patch: InsertAfter, xpath: [//n:TextBlock[@x:Name='TroopsPanelRollover2']/n:Run[@Text='{Binding TroopsPanelRollover}']]
[Info   :  SHCDE-SE] [T1-22:11:27.130] [XamlPatcher] [ApplyPatches] Applying patch: InsertAfter, xpath: [//n:TextBlock[@x:Name='TroopsPanelRollover']]
[Info   :  SHCDE-SE] [T1-22:11:27.130] [XamlPatcher] [ApplyPatches] Applying patch: InsertAfter, xpath: [//n:TextBlock[@x:Name='TroopsPanelRollover']]
[Info   :  SHCDE-SE] [T1-22:11:27.149] [GameXAMLManagerAPI] [GetPatchesForPath] Found patch for [Assets/GUI/XAMLResources/HUD_ControlGroups.xaml] in mod [BugfixesAndQoL_Serp]
[Info   :  SHCDE-SE] [T1-22:11:27.149] [GameXAMLManagerAPI] [ApplyPatchForPath] Applying 1 patch files to Assets/GUI/XAMLResources/HUD_ControlGroups.xaml
[Info   :  SHCDE-SE] [T1-22:11:27.155] [GameXAMLManagerAPI] [InjectBindings] ViewModel Linked [UnitLimitSiegeNotificationInlineHost] in [HUD_Troops]
[Info   :  SHCDE-SE] [T1-22:11:27.155] [GameXAMLManagerAPI] [ApplyBinding] ViewModel Linked [UnitLimitSiegeNotificationInlineHost]
[Info   :  SHCDE-SE] [T1-22:11:27.155] [GameXAMLManagerAPI] [InjectBindings] ViewModel Linked [UnitLimitSiegeLimitInlineHost] in [HUD_Troops]
[Info   :  SHCDE-SE] [T1-22:11:27.155] [GameXAMLManagerAPI] [ApplyBinding] ViewModel Linked [UnitLimitSiegeLimitInlineHost]
[Info   :  SHCDE-SE] [T1-22:11:27.156] [GameXAMLManagerAPI] [InjectBindings] ViewModel Linked [SerpTroopAction_0100_ExtraFeaturesKnightTransform] in [HUD_Troops]
[Info   :  SHCDE-SE] [T1-22:11:27.156] [GameXAMLManagerAPI] [ApplyBinding] ViewModel Linked [SerpTroopAction_0100_ExtraFeaturesKnightTransform]
[Info   :  SHCDE-SE] [T1-22:11:27.156] [GameXAMLManagerAPI] [InjectBindings] ViewModel Linked [SerpTroopAction_0200_BugfixesAndQoLAssassinClimb] in [HUD_Troops]
[Info   :  SHCDE-SE] [T1-22:11:27.156] [GameXAMLManagerAPI] [ApplyBinding] ViewModel Linked [SerpTroopAction_0200_BugfixesAndQoLAssassinClimb]
[Info   :  SHCDE-SE] [T1-22:11:27.157] [GameXAMLManagerAPI] [InjectBindings] ViewModel Linked [BugfixesAndQoLSelectedUnitHealthHost] in [HUD_Troops]
[Info   :  SHCDE-SE] [T1-22:11:27.157] [GameXAMLManagerAPI] [ApplyBinding] ViewModel Linked [BugfixesAndQoLSelectedUnitHealthHost]
[Info   :  SHCDE-SE] [T1-22:11:27.157] [GameXAMLManagerAPI] [InjectBindings] ViewModel Linked [UnitCostsSiegeNotificationInlineHost] in [HUD_Troops]
[Info   :  SHCDE-SE] [T1-22:11:27.157] [GameXAMLManagerAPI] [ApplyBinding] ViewModel Linked [UnitCostsSiegeNotificationInlineHost]
[Info   :  SHCDE-SE] [T1-22:11:27.157] [GameXAMLManagerAPI] [InjectBindings] ViewModel Linked [UnitCostsSiegeBuildCostsInlineHost] in [HUD_Troops]
[Info   :  SHCDE-SE] [T1-22:11:27.157] [GameXAMLManagerAPI] [ApplyBinding] ViewModel Linked [UnitCostsSiegeBuildCostsInlineHost]
[Info   :  SHCDE-SE] [T1-22:11:27.169] [GameXAMLManagerAPI] [GetPatchesForPath] Found patch for [Assets/GUI/XAMLResources/HUD_Buildings.xaml] in mod [APIShared_Serp]
[Info   :  SHCDE-SE] [T1-22:11:27.170] [GameXAMLManagerAPI] [GetPatchesForPath] Found patch for [Assets/GUI/XAMLResources/HUD_Buildings.xaml] in mod [BugfixesAndQoL_Serp]
[Info   :  SHCDE-SE] [T1-22:11:27.170] [GameXAMLManagerAPI] [GetPatchesForPath] Found patch for [Assets/GUI/XAMLResources/HUD_Buildings.xaml] in mod [ExtraFeatures_Serp]
[Info   :  SHCDE-SE] [T1-22:11:27.170] [GameXAMLManagerAPI] [GetPatchesForPath] Found patch for [Assets/GUI/XAMLResources/HUD_Buildings.xaml] in mod [UnitCosts_Serp]
[Info   :  SHCDE-SE] [T1-22:11:27.170] [GameXAMLManagerAPI] [GetPatchesForPath] Found patch for [Assets/GUI/XAMLResources/HUD_Buildings.xaml] in mod [UnitLimit_Serp]
[Info   :  SHCDE-SE] [T1-22:11:27.170] [GameXAMLManagerAPI] [ApplyPatchForPath] Applying 5 patch files to Assets/GUI/XAMLResources/HUD_Buildings.xaml
[Info   :  SHCDE-SE] [T1-22:11:27.174] [XamlPatcher] [ApplyPatches] Applying patch: Add, xpath: [//n:Grid[@Name='ReportsArmy1Panel']]
[Info   :  SHCDE-SE] [T1-22:11:27.174] [XamlPatcher] [ApplyPatches] Applying patch: Add, xpath: [//n:Grid[@Name='BarracksPanel']]
[Info   :  SHCDE-SE] [T1-22:11:27.175] [XamlPatcher] [ApplyPatches] Applying patch: Add, xpath: [//n:Grid[@Name='ChimpPanel']]
[Info   :  SHCDE-SE] [T1-22:11:27.175] [XamlPatcher] [ApplyPatches] Applying patch: Add, xpath: [//n:Grid[@Name='WorkerPanel']]
[Info   :  SHCDE-SE] [T1-22:11:27.175] [XamlPatcher] [ApplyPatches] Applying patch: Add, xpath: [//n:Grid[@Name='WorkerPanel']]
[Info   :  SHCDE-SE] [T1-22:11:27.175] [XamlPatcher] [ApplyPatches] Applying patch: SetAttribute, xpath: [//n:Slider[@Name='Autotrade_Sell_Slider']]
[Info   :  SHCDE-SE] [T1-22:11:27.176] [XamlPatcher] [ApplyPatches] Applying patch: Add, xpath: [//n:Grid[@Name='ShowGate']]
[Info   :  SHCDE-SE] [T1-22:11:27.176] [XamlPatcher] [ApplyPatches] Applying patch: Add, xpath: [/n:UserControl/n:Grid]
[Info   :  SHCDE-SE] [T1-22:11:27.176] [XamlPatcher] [ApplyPatches] Applying patch: InsertBefore, xpath: [//n:TextBlock[@x:Name='TroopCostsText']]
[Info   :  SHCDE-SE] [T1-22:11:27.176] [XamlPatcher] [ApplyPatches] Applying patch: InsertBefore, xpath: [//n:TextBlock[@x:Name='ArabTroopCostsText']]
[Info   :  SHCDE-SE] [T1-22:11:27.177] [XamlPatcher] [ApplyPatches] Applying patch: InsertBefore, xpath: [//n:TextBlock[@x:Name='BedouinTroopCostsText']]
[Info   :  SHCDE-SE] [T1-22:11:27.177] [XamlPatcher] [ApplyPatches] Applying patch: InsertBefore, xpath: [//n:TextBlock[@x:Name='EngineersCostsText']]
[Info   :  SHCDE-SE] [T1-22:11:27.178] [XamlPatcher] [ApplyPatches] Applying patch: InsertBefore, xpath: [//n:TextBlock[@x:Name='TunellersCostsText']]
[Info   :  SHCDE-SE] [T1-22:11:27.178] [XamlPatcher] [ApplyPatches] Applying patch: InsertBefore, xpath: [//n:TextBlock[@x:Name='MonkCostsText']]
[Info   :  SHCDE-SE] [T1-22:11:27.179] [XamlPatcher] [ApplyPatches] Applying patch: InsertBefore, xpath: [//n:TextBlock[@x:Name='TroopCostsText']]
[Info   :  SHCDE-SE] [T1-22:11:27.179] [XamlPatcher] [ApplyPatches] Applying patch: InsertBefore, xpath: [//n:TextBlock[@x:Name='ArabTroopCostsText']]
[Info   :  SHCDE-SE] [T1-22:11:27.179] [XamlPatcher] [ApplyPatches] Applying patch: InsertBefore, xpath: [//n:TextBlock[@x:Name='BedouinTroopCostsText']]
[Info   :  SHCDE-SE] [T1-22:11:27.180] [XamlPatcher] [ApplyPatches] Applying patch: InsertBefore, xpath: [//n:TextBlock[@x:Name='EngineersCostsText']]
[Info   :  SHCDE-SE] [T1-22:11:27.180] [XamlPatcher] [ApplyPatches] Applying patch: InsertBefore, xpath: [//n:TextBlock[@x:Name='TunellersCostsText']]
[Info   :  SHCDE-SE] [T1-22:11:27.181] [XamlPatcher] [ApplyPatches] Applying patch: InsertBefore, xpath: [//n:TextBlock[@x:Name='MonkCostsText']]
[Info   :  SHCDE-SE] [T1-22:11:27.220] [GameXAMLManagerAPI] [InjectBindings] ViewModel Linked [UnitLimitTroopLimitInlineHost] in [HUD_Buildings]
[Info   :  SHCDE-SE] [T1-22:11:27.220] [GameXAMLManagerAPI] [ApplyBinding] ViewModel Linked [UnitLimitTroopLimitInlineHost]
[Info   :  SHCDE-SE] [T1-22:11:27.220] [GameXAMLManagerAPI] [InjectBindings] ViewModel Linked [UnitLimitArabTroopLimitInlineHost] in [HUD_Buildings]
[Info   :  SHCDE-SE] [T1-22:11:27.220] [GameXAMLManagerAPI] [ApplyBinding] ViewModel Linked [UnitLimitArabTroopLimitInlineHost]
[Info   :  SHCDE-SE] [T1-22:11:27.220] [GameXAMLManagerAPI] [InjectBindings] ViewModel Linked [UnitLimitBedouinTroopLimitInlineHost] in [HUD_Buildings]
[Info   :  SHCDE-SE] [T1-22:11:27.220] [GameXAMLManagerAPI] [ApplyBinding] ViewModel Linked [UnitLimitBedouinTroopLimitInlineHost]
[Info   :  SHCDE-SE] [T1-22:11:27.220] [GameXAMLManagerAPI] [InjectBindings] ViewModel Linked [UnitLimitEngineersLimitInlineHost] in [HUD_Buildings]
[Info   :  SHCDE-SE] [T1-22:11:27.220] [GameXAMLManagerAPI] [ApplyBinding] ViewModel Linked [UnitLimitEngineersLimitInlineHost]
[Info   :  SHCDE-SE] [T1-22:11:27.220] [GameXAMLManagerAPI] [InjectBindings] ViewModel Linked [UnitLimitTunellersLimitInlineHost] in [HUD_Buildings]
[Info   :  SHCDE-SE] [T1-22:11:27.220] [GameXAMLManagerAPI] [ApplyBinding] ViewModel Linked [UnitLimitTunellersLimitInlineHost]
[Info   :  SHCDE-SE] [T1-22:11:27.220] [GameXAMLManagerAPI] [InjectBindings] ViewModel Linked [UnitLimitMonkLimitInlineHost] in [HUD_Buildings]
[Info   :  SHCDE-SE] [T1-22:11:27.220] [GameXAMLManagerAPI] [ApplyBinding] ViewModel Linked [UnitLimitMonkLimitInlineHost]
[Info   :  SHCDE-SE] [T1-22:11:27.220] [GameXAMLManagerAPI] [InjectBindings] ViewModel Linked [ExtraFeaturesGatehouseAutomationButtonHost] in [HUD_Buildings]
[Info   :  SHCDE-SE] [T1-22:11:27.220] [GameXAMLManagerAPI] [ApplyBinding] ViewModel Linked [ExtraFeaturesGatehouseAutomationButtonHost]
[Info   :  SHCDE-SE] [T1-22:11:27.220] [GameXAMLManagerAPI] [InjectBindings] ViewModel Linked [BugfixesAndQoLQuarryPileRelocationButtonHost] in [HUD_Buildings]
[Info   :  SHCDE-SE] [T1-22:11:27.220] [GameXAMLManagerAPI] [ApplyBinding] ViewModel Linked [BugfixesAndQoLQuarryPileRelocationButtonHost]
[Info   :  SHCDE-SE] [T1-22:11:27.220] [GameXAMLManagerAPI] [InjectBindings] ViewModel Linked [UnitCostsNotificationOverlay] in [HUD_Buildings]
[Info   :  SHCDE-SE] [T1-22:11:27.220] [GameXAMLManagerAPI] [ApplyBinding] ViewModel Linked [UnitCostsNotificationOverlay]
[Info   :  SHCDE-SE] [T1-22:11:27.221] [GameXAMLManagerAPI] [InjectBindings] ViewModel Linked [UnitCostsTroopCostsInlineHost] in [HUD_Buildings]
[Info   :  SHCDE-SE] [T1-22:11:27.221] [GameXAMLManagerAPI] [ApplyBinding] ViewModel Linked [UnitCostsTroopCostsInlineHost]
[Info   :  SHCDE-SE] [T1-22:11:27.221] [GameXAMLManagerAPI] [InjectBindings] ViewModel Linked [UnitCostsArabTroopCostsInlineHost] in [HUD_Buildings]
[Info   :  SHCDE-SE] [T1-22:11:27.221] [GameXAMLManagerAPI] [ApplyBinding] ViewModel Linked [UnitCostsArabTroopCostsInlineHost]
[Info   :  SHCDE-SE] [T1-22:11:27.221] [GameXAMLManagerAPI] [InjectBindings] ViewModel Linked [UnitCostsBedouinTroopCostsInlineHost] in [HUD_Buildings]
[Info   :  SHCDE-SE] [T1-22:11:27.221] [GameXAMLManagerAPI] [ApplyBinding] ViewModel Linked [UnitCostsBedouinTroopCostsInlineHost]
[Info   :  SHCDE-SE] [T1-22:11:27.221] [GameXAMLManagerAPI] [InjectBindings] ViewModel Linked [UnitCostsEngineersCostsInlineHost] in [HUD_Buildings]
[Info   :  SHCDE-SE] [T1-22:11:27.221] [GameXAMLManagerAPI] [ApplyBinding] ViewModel Linked [UnitCostsEngineersCostsInlineHost]
[Info   :  SHCDE-SE] [T1-22:11:27.221] [GameXAMLManagerAPI] [InjectBindings] ViewModel Linked [UnitCostsTunellersCostsInlineHost] in [HUD_Buildings]
[Info   :  SHCDE-SE] [T1-22:11:27.221] [GameXAMLManagerAPI] [ApplyBinding] ViewModel Linked [UnitCostsTunellersCostsInlineHost]
[Info   :  SHCDE-SE] [T1-22:11:27.221] [GameXAMLManagerAPI] [InjectBindings] ViewModel Linked [UnitCostsMonkCostsInlineHost] in [HUD_Buildings]
[Info   :  SHCDE-SE] [T1-22:11:27.221] [GameXAMLManagerAPI] [ApplyBinding] ViewModel Linked [UnitCostsMonkCostsInlineHost]
[Info   :  SHCDE-SE] [T1-22:11:27.231] [GameXAMLManagerAPI] [InjectBindings] ViewModel Linked [UnitLimitNotificationOverlay] in [MainHUD]
[Info   :  SHCDE-SE] [T1-22:11:27.231] [GameXAMLManagerAPI] [ApplyBinding] ViewModel Linked [UnitLimitNotificationOverlay]
[Info   :  SHCDE-SE] [T1-22:11:27.231] [GameXAMLManagerAPI] [InjectBindings] ViewModel Linked [BuildingCostsTooltipHost] in [MainHUD]
[Info   :  SHCDE-SE] [T1-22:11:27.231] [GameXAMLManagerAPI] [ApplyBinding] ViewModel Linked [BuildingCostsTooltipHost]
[Info   :  SHCDE-SE] [T1-22:11:27.233] [GameXAMLManagerAPI] [InjectBindings] ViewModel Linked [BuildingCostsTooltipHostCompact] in [MainHUD]
[Info   :  SHCDE-SE] [T1-22:11:27.233] [GameXAMLManagerAPI] [ApplyBinding] ViewModel Linked [BuildingCostsTooltipHostCompact]
[Info   :  SHCDE-SE] [T1-22:11:27.233] [GameXAMLManagerAPI] [InjectBindings] ViewModel Linked [BuildingLimitNotificationOverlay] in [MainHUD]
[Info   :  SHCDE-SE] [T1-22:11:27.233] [GameXAMLManagerAPI] [ApplyBinding] ViewModel Linked [BuildingLimitNotificationOverlay]
[Info   :  SHCDE-SE] [T1-22:11:27.233] [GameXAMLManagerAPI] [InjectBindings] ViewModel Linked [BuildingLimitTooltipHost] in [MainHUD]
[Info   :  SHCDE-SE] [T1-22:11:27.233] [GameXAMLManagerAPI] [ApplyBinding] ViewModel Linked [BuildingLimitTooltipHost]
[Info   :  SHCDE-SE] [T1-22:11:27.233] [GameXAMLManagerAPI] [InjectBindings] ViewModel Linked [BuildingLimitTooltipHostCompact] in [MainHUD]
[Info   :  SHCDE-SE] [T1-22:11:27.233] [GameXAMLManagerAPI] [ApplyBinding] ViewModel Linked [BuildingLimitTooltipHostCompact]
[Info   :  SHCDE-SE] [T1-22:11:27.299] [GameXAMLManagerAPI] [GetPatchesForPath] Found patch for [Assets/GUI/XAMLResources/HUD_LoadSaveRequester.xaml] in mod [BugfixesAndQoL_Serp]
[Info   :  SHCDE-SE] [T1-22:11:27.299] [GameXAMLManagerAPI] [GetPatchesForPath] Found patch for [Assets/GUI/XAMLResources/HUD_LoadSaveRequester.xaml] in mod [ExtendedData_Serp]
[Info   :  SHCDE-SE] [T1-22:11:27.299] [GameXAMLManagerAPI] [ApplyPatchForPath] Applying 2 patch files to Assets/GUI/XAMLResources/HUD_LoadSaveRequester.xaml
[Info   :  SHCDE-SE] [T1-22:11:27.299] [XamlPatcher] [ApplyPatches] Applying patch: AddNamespace, xpath: []
[Info   :  SHCDE-SE] [T1-22:11:27.299] [XamlPatcher] [ApplyPatches] Applying patch: InsertAfter, xpath: [//n:ListView[@Name='FileList']/n:ListView.View/n:GridView/n:GridViewColumn[4]]
[Info   :  SHCDE-SE] [T1-22:11:27.299] [XamlPatcher] [ApplyPatches] Applying patch: InsertBefore, xpath: [//n:CheckBox[@x:Name='HideQuicksaveCheck']]
[Info   :  SHCDE-SE] [T1-22:11:27.299] [XamlPatcher] [ApplyPatches] Applying patch: InsertBefore, xpath: [//n:TextBox[@Name='SearchFilter']]
[Info   :  SHCDE-SE] [T1-22:11:27.300] [XamlPatcher] [ApplyPatches] Applying patch: Add, xpath: [//n:Grid[n:Button[@Name='ButtonAction'] and n:Button[@Name='ButtonCancel']]]
[Info   :  SHCDE-SE] [T1-22:11:27.301] [GameXAMLManagerAPI] [InjectBindings] ViewModel Linked [BugfixesAndQoLShowVanillaMapsHost] in [HUD_LoadSaveRequester]
[Info   :  SHCDE-SE] [T1-22:11:27.301] [GameXAMLManagerAPI] [ApplyBinding] ViewModel Linked [BugfixesAndQoLShowVanillaMapsHost]
[Info   :  SHCDE-SE] [T1-22:11:27.301] [GameXAMLManagerAPI] [InjectBindings] ViewModel Linked [BugfixesAndQoLDeleteMapHost] in [HUD_LoadSaveRequester]
[Info   :  SHCDE-SE] [T1-22:11:27.301] [GameXAMLManagerAPI] [ApplyBinding] ViewModel Linked [BugfixesAndQoLDeleteMapHost]
[Info   :  SHCDE-SE] [T1-22:11:27.301] [GameXAMLManagerAPI] [InjectBindings] ViewModel Linked [ExtendedDataMapEditorSaveOptionsHost] in [HUD_LoadSaveRequester]
[Info   :  SHCDE-SE] [T1-22:11:27.301] [GameXAMLManagerAPI] [ApplyBinding] ViewModel Linked [ExtendedDataMapEditorSaveOptionsHost]
[Info   :  SHCDE-SE] [T1-22:11:27.308] [GameXAMLManagerAPI] [GetPatchesForPath] Found patch for [Assets/GUI/XAMLResources/HUD_IngameMenu.xaml] in mod [BugfixesAndQoL_Serp]
[Info   :  SHCDE-SE] [T1-22:11:27.308] [GameXAMLManagerAPI] [ApplyPatchForPath] Applying 1 patch files to Assets/GUI/XAMLResources/HUD_IngameMenu.xaml
[Info   :  SHCDE-SE] [T1-22:11:27.308] [XamlPatcher] [ApplyPatches] Applying patch: Replace, xpath: [//n:Button[@Name='ButtonQuitMission']]
[Info   :  SHCDE-SE] [T1-22:11:27.311] [GameXAMLManagerAPI] [InjectBindings] ViewModel Linked [BugfixesAndQoLSurrenderButtonHost] in [HUD_IngameMenu]
[Info   :  SHCDE-SE] [T1-22:11:27.311] [GameXAMLManagerAPI] [ApplyBinding] ViewModel Linked [BugfixesAndQoLSurrenderButtonHost]
[Info   :  SHCDE-SE] [T1-22:11:27.313] [GameXAMLManagerAPI] [GetPatchesForPath] Found patch for [Assets/GUI/XAMLResources/HUD_Options.xaml] in mod [000shcdese]
[Info   :  SHCDE-SE] [T1-22:11:27.313] [GameXAMLManagerAPI] [ApplyPatchForPath] Applying 1 patch files to Assets/GUI/XAMLResources/HUD_Options.xaml
[Info   :  SHCDE-SE] [T1-22:11:27.315] [XamlPatcher] [ApplyPatches] Applying patch: SetAttribute, xpath: [//*[@Name='GameSpeedSlider']]
[Info   :  SHCDE-SE] [T1-22:11:27.360] [GameXAMLManagerAPI] [GetPatchesForPath] Found patch for [Assets/GUI/XAMLResources/HUD_AlliesPanel.xaml] in mod [BugfixesAndQoL_Serp]
[Info   :  SHCDE-SE] [T1-22:11:27.361] [GameXAMLManagerAPI] [ApplyPatchForPath] Applying 1 patch files to Assets/GUI/XAMLResources/HUD_AlliesPanel.xaml
[Info   :  SHCDE-SE] [T1-22:11:27.362] [XamlPatcher] [ApplyPatches] Applying patch: SetAttribute, xpath: [//n:Button[@CommandParameter='X5']/following-sibling::n:TextBlock[1]]
[Info   :  SHCDE-SE] [T1-22:11:27.362] [XamlPatcher] [ApplyPatches] Applying patch: SetAttribute, xpath: [//n:Button[@CommandParameter='X5']/following-sibling::n:TextBlock[1]]
[Info   :  SHCDE-SE] [T1-22:11:27.363] [XamlPatcher] [ApplyPatches] Applying patch: SetAttribute, xpath: [//n:Button[@CommandParameter='X10']/following-sibling::n:TextBlock[1]]
[Info   :  SHCDE-SE] [T1-22:11:27.363] [XamlPatcher] [ApplyPatches] Applying patch: SetAttribute, xpath: [//n:Button[@CommandParameter='X10']/following-sibling::n:TextBlock[1]]
[Info   :  SHCDE-SE] [T1-22:11:27.363] [XamlPatcher] [ApplyPatches] Applying patch: SetAttribute, xpath: [//n:Button[@CommandParameter='X25']/following-sibling::n:TextBlock[1]]
[Info   :  SHCDE-SE] [T1-22:11:27.363] [XamlPatcher] [ApplyPatches] Applying patch: SetAttribute, xpath: [//n:Button[@CommandParameter='X25']/following-sibling::n:TextBlock[1]]
[Info   :  SHCDE-SE] [T1-22:11:27.363] [XamlPatcher] [ApplyPatches] Applying patch: SetAttribute, xpath: [//n:Button[@CommandParameter='X100']/following-sibling::n:TextBlock[1]]
[Info   :  SHCDE-SE] [T1-22:11:27.363] [XamlPatcher] [ApplyPatches] Applying patch: SetAttribute, xpath: [//n:Button[@CommandParameter='X100']/following-sibling::n:TextBlock[1]]
[Info   :  SHCDE-SE] [T1-22:11:27.363] [XamlPatcher] [ApplyPatches] Applying patch: SetAttribute, xpath: [//n:Button[@CommandParameter='X500']/following-sibling::n:TextBlock[1]]
[Info   :  SHCDE-SE] [T1-22:11:27.363] [XamlPatcher] [ApplyPatches] Applying patch: SetAttribute, xpath: [//n:Button[@CommandParameter='X500']/following-sibling::n:TextBlock[1]]
[Info   :  SHCDE-SE] [T1-22:11:27.363] [XamlPatcher] [ApplyPatches] Applying patch: InsertAfter, xpath: [//n:Button[@CommandParameter='X500']/following-sibling::n:TextBlock[1]]
[Info   :  SHCDE-SE] [T1-22:11:27.368] [GameXAMLManagerAPI] [InjectBindings] ViewModel Linked [BugfixesAndQoLAllyAmount5] in [HUD_AlliesPanel]
[Info   :  SHCDE-SE] [T1-22:11:27.368] [GameXAMLManagerAPI] [ApplyBinding] ViewModel Linked [BugfixesAndQoLAllyAmount5]
[Info   :  SHCDE-SE] [T1-22:11:27.368] [GameXAMLManagerAPI] [InjectBindings] ViewModel Linked [BugfixesAndQoLAllyAmount10] in [HUD_AlliesPanel]
[Info   :  SHCDE-SE] [T1-22:11:27.368] [GameXAMLManagerAPI] [ApplyBinding] ViewModel Linked [BugfixesAndQoLAllyAmount10]
[Info   :  SHCDE-SE] [T1-22:11:27.368] [GameXAMLManagerAPI] [InjectBindings] ViewModel Linked [BugfixesAndQoLAllyAmount25] in [HUD_AlliesPanel]
[Info   :  SHCDE-SE] [T1-22:11:27.368] [GameXAMLManagerAPI] [ApplyBinding] ViewModel Linked [BugfixesAndQoLAllyAmount25]
[Info   :  SHCDE-SE] [T1-22:11:27.368] [GameXAMLManagerAPI] [InjectBindings] ViewModel Linked [BugfixesAndQoLAllyAmount100] in [HUD_AlliesPanel]
[Info   :  SHCDE-SE] [T1-22:11:27.368] [GameXAMLManagerAPI] [ApplyBinding] ViewModel Linked [BugfixesAndQoLAllyAmount100]
[Info   :  SHCDE-SE] [T1-22:11:27.368] [GameXAMLManagerAPI] [InjectBindings] ViewModel Linked [BugfixesAndQoLAllyAmount500] in [HUD_AlliesPanel]
[Info   :  SHCDE-SE] [T1-22:11:27.368] [GameXAMLManagerAPI] [ApplyBinding] ViewModel Linked [BugfixesAndQoLAllyAmount500]
[Info   :  SHCDE-SE] [T1-22:11:27.413] [GameXAMLManagerAPI] [GetPatchesForPath] Found patch for [Assets/GUI/XAMLResources/HUD_ExtremePowers.xaml] in mod [ExtremePowers_Serp]
[Info   :  SHCDE-SE] [T1-22:11:27.413] [GameXAMLManagerAPI] [ApplyPatchForPath] Applying 1 patch files to Assets/GUI/XAMLResources/HUD_ExtremePowers.xaml
[Info   :  SHCDE-SE] [T1-22:11:27.414] [XamlPatcher] [ApplyPatches] Applying patch: SetAttribute, xpath: [//n:Button[@CommandParameter='0']]
[Info   :  SHCDE-SE] [T1-22:11:27.414] [XamlPatcher] [ApplyPatches] Applying patch: SetAttribute, xpath: [//n:Button[@CommandParameter='1']]
[Info   :  SHCDE-SE] [T1-22:11:27.414] [XamlPatcher] [ApplyPatches] Applying patch: SetAttribute, xpath: [//n:Button[@CommandParameter='2']]
[Info   :  SHCDE-SE] [T1-22:11:27.414] [XamlPatcher] [ApplyPatches] Applying patch: SetAttribute, xpath: [//n:Button[@CommandParameter='3']]
[Info   :  SHCDE-SE] [T1-22:11:27.414] [XamlPatcher] [ApplyPatches] Applying patch: SetAttribute, xpath: [//n:Button[@CommandParameter='4']]
[Info   :  SHCDE-SE] [T1-22:11:27.414] [XamlPatcher] [ApplyPatches] Applying patch: SetAttribute, xpath: [//n:Button[@CommandParameter='5']]
[Info   :  SHCDE-SE] [T1-22:11:27.415] [XamlPatcher] [ApplyPatches] Applying patch: SetAttribute, xpath: [//n:Button[@CommandParameter='6']]
[Info   :  SHCDE-SE] [T1-22:11:27.415] [XamlPatcher] [ApplyPatches] Applying patch: SetAttribute, xpath: [//n:Button[@CommandParameter='7']]
[Debug  :Extreme Powers] [2026-09-24 22:11:27.417] Extreme Powers Vanilla fallback: current game mode does not allow regular gameplay mods
[Info   :  SHCDE-SE] [T1-22:11:27.438] [GameXAMLManagerAPI] [GetPatchesForPath] Found patch for [Assets/GUI/XAMLResources/HUD_MPResync.xaml] in mod [BugfixesAndQoL_Serp]
[Info   :  SHCDE-SE] [T1-22:11:27.438] [GameXAMLManagerAPI] [ApplyPatchForPath] Applying 1 patch files to Assets/GUI/XAMLResources/HUD_MPResync.xaml
[Info   :  SHCDE-SE] [T1-22:11:27.438] [XamlPatcher] [ApplyPatches] Applying patch: Replace, xpath: [//n:Grid[@x:Name='LayoutRoot']]
[Info   :  SHCDE-SE] [T1-22:11:27.458] [GameXAMLManagerAPI] [GetPatchesForPath] Found patch for [Assets/GUI/XAMLResources/HUD_ConfirmationPopup.xaml] in mod [ExtendedData_Serp]
[Info   :  SHCDE-SE] [T1-22:11:27.458] [GameXAMLManagerAPI] [ApplyPatchForPath] Applying 1 patch files to Assets/GUI/XAMLResources/HUD_ConfirmationPopup.xaml
[Info   :  SHCDE-SE] [T1-22:11:27.458] [XamlPatcher] [ApplyPatches] Applying patch: Replace, xpath: [//n:TextBlock[@Text='{Binding ConfirmationMessage}']]
[Info   :  SHCDE-SE] [T1-22:11:27.460] [GameXAMLManagerAPI] [GetPatchesForPath] Found patch for [Assets/GUI/XAMLResources/HUD_MissionOver.xaml] in mod [BugfixesAndQoL_Serp]
[Info   :  SHCDE-SE] [T1-22:11:27.464] [GameXAMLManagerAPI] [ApplyPatchForPath] Applying 1 patch files to Assets/GUI/XAMLResources/HUD_MissionOver.xaml
[Info   :  SHCDE-SE] [T1-22:11:27.468] [XamlPatcher] [ApplyPatches] Applying patch: Add, xpath: [//n:StackPanel[@Name='RowStackMP']/n:Grid[n:Button[@CommandParameter='Exit']]]
[Info   :  SHCDE-SE] [T1-22:11:27.469] [XamlPatcher] [ApplyPatches] Applying patch: Add, xpath: [//n:Grid[n:Grid.ColumnDefinitions/n:ColumnDefinition[2][@Width='470'] and n:Image[@Source='{Binding MO_MP_PlayersShields0}']]]
[Info   :  SHCDE-SE] [T1-22:11:27.470] [XamlPatcher] [ApplyPatches] Applying patch: Add, xpath: [//n:Grid[n:Grid.ColumnDefinitions/n:ColumnDefinition[2][@Width='510'] and n:Image[@Source='{Binding MO_MP_PlayersShields0}']]]
[Info   :  SHCDE-SE] [T1-22:11:27.470] [XamlPatcher] [ApplyPatches] Applying patch: Add, xpath: [//n:Grid[n:Grid.ColumnDefinitions/n:ColumnDefinition[2][@Width='470'] and n:Image[@Source='{Binding MO_MP_PlayersShields1}']]]
[Info   :  SHCDE-SE] [T1-22:11:27.471] [XamlPatcher] [ApplyPatches] Applying patch: Add, xpath: [//n:Grid[n:Grid.ColumnDefinitions/n:ColumnDefinition[2][@Width='510'] and n:Image[@Source='{Binding MO_MP_PlayersShields1}']]]
[Info   :  SHCDE-SE] [T1-22:11:27.471] [XamlPatcher] [ApplyPatches] Applying patch: Add, xpath: [//n:Grid[n:Grid.ColumnDefinitions/n:ColumnDefinition[2][@Width='470'] and n:Image[@Source='{Binding MO_MP_PlayersShields2}']]]
[Info   :  SHCDE-SE] [T1-22:11:27.472] [XamlPatcher] [ApplyPatches] Applying patch: Add, xpath: [//n:Grid[n:Grid.ColumnDefinitions/n:ColumnDefinition[2][@Width='510'] and n:Image[@Source='{Binding MO_MP_PlayersShields2}']]]
[Info   :  SHCDE-SE] [T1-22:11:27.473] [XamlPatcher] [ApplyPatches] Applying patch: Add, xpath: [//n:Grid[n:Grid.ColumnDefinitions/n:ColumnDefinition[2][@Width='470'] and n:Image[@Source='{Binding MO_MP_PlayersShields3}']]]
[Info   :  SHCDE-SE] [T1-22:11:27.473] [XamlPatcher] [ApplyPatches] Applying patch: Add, xpath: [//n:Grid[n:Grid.ColumnDefinitions/n:ColumnDefinition[2][@Width='510'] and n:Image[@Source='{Binding MO_MP_PlayersShields3}']]]
[Info   :  SHCDE-SE] [T1-22:11:27.474] [XamlPatcher] [ApplyPatches] Applying patch: Add, xpath: [//n:Grid[n:Grid.ColumnDefinitions/n:ColumnDefinition[2][@Width='470'] and n:Image[@Source='{Binding MO_MP_PlayersShields4}']]]
[Info   :  SHCDE-SE] [T1-22:11:27.475] [XamlPatcher] [ApplyPatches] Applying patch: Add, xpath: [//n:Grid[n:Grid.ColumnDefinitions/n:ColumnDefinition[2][@Width='510'] and n:Image[@Source='{Binding MO_MP_PlayersShields4}']]]
[Info   :  SHCDE-SE] [T1-22:11:27.476] [XamlPatcher] [ApplyPatches] Applying patch: Add, xpath: [//n:Grid[n:Grid.ColumnDefinitions/n:ColumnDefinition[2][@Width='470'] and n:Image[@Source='{Binding MO_MP_PlayersShields5}']]]
[Info   :  SHCDE-SE] [T1-22:11:27.477] [XamlPatcher] [ApplyPatches] Applying patch: Add, xpath: [//n:Grid[n:Grid.ColumnDefinitions/n:ColumnDefinition[2][@Width='510'] and n:Image[@Source='{Binding MO_MP_PlayersShields5}']]]
[Info   :  SHCDE-SE] [T1-22:11:27.478] [XamlPatcher] [ApplyPatches] Applying patch: Add, xpath: [//n:Grid[n:Grid.ColumnDefinitions/n:ColumnDefinition[2][@Width='470'] and n:Image[@Source='{Binding MO_MP_PlayersShields6}']]]
[Info   :  SHCDE-SE] [T1-22:11:27.478] [XamlPatcher] [ApplyPatches] Applying patch: Add, xpath: [//n:Grid[n:Grid.ColumnDefinitions/n:ColumnDefinition[2][@Width='510'] and n:Image[@Source='{Binding MO_MP_PlayersShields6}']]]
[Info   :  SHCDE-SE] [T1-22:11:27.479] [XamlPatcher] [ApplyPatches] Applying patch: Add, xpath: [//n:Grid[n:Grid.ColumnDefinitions/n:ColumnDefinition[2][@Width='470'] and n:Image[@Source='{Binding MO_MP_PlayersShields7}']]]
[Info   :  SHCDE-SE] [T1-22:11:27.480] [XamlPatcher] [ApplyPatches] Applying patch: Add, xpath: [//n:Grid[n:Grid.ColumnDefinitions/n:ColumnDefinition[2][@Width='510'] and n:Image[@Source='{Binding MO_MP_PlayersShields7}']]]
[Info   :  SHCDE-SE] [T1-22:11:27.502] [GameXAMLManagerAPI] [InjectBindings] ViewModel Linked [BugfixesAndQoLSpectatorStatisticsRefreshHost] in [HUD_MissionOver]
[Info   :  SHCDE-SE] [T1-22:11:27.502] [GameXAMLManagerAPI] [ApplyBinding] ViewModel Linked [BugfixesAndQoLSpectatorStatisticsRefreshHost]
[Info   :  SHCDE-SE] [T1-22:11:27.521] [GameXAMLManagerAPI] [InjectBindings] ViewModel Linked [CastlePlannerBlueprintHud] in [IngameUIScreens]
[Info   :  SHCDE-SE] [T1-22:11:27.521] [GameXAMLManagerAPI] [ApplyBinding] ViewModel Linked [CastlePlannerBlueprintHud]
[Info   :  SHCDE-SE] [T1-22:11:27.522] [GameXAMLManagerAPI] [InjectBindings] ViewModel Linked [CastlePlannerBlueprintSettingsButton] in [IngameUIScreens]
[Info   :  SHCDE-SE] [T1-22:11:27.522] [GameXAMLManagerAPI] [ApplyBinding] ViewModel Linked [CastlePlannerBlueprintSettingsButton]
[Info   :  SHCDE-SE] [T1-22:11:27.558] [NoesisTextureProvider_Hooks] [NoesisTextureProvider_GetTextureInfo] Registering Mod Texture: Assets/GUI/Sprites/selogo_1.png
[Info   :  SHCDE-SE] [T1-22:11:27.569] [NoesisTextureProvider_Hooks] [NoesisTextureProvider_GetTextureInfo] Registering Mod Texture: Assets/GUI/Sprites/selogo_2.png
[Info   :  SHCDE-SE] [T1-22:11:27.580] [NoesisTextureProvider_Hooks] [NoesisTextureProvider_GetTextureInfo] Registering Mod Texture: Assets/GUI/Sprites/selogo_3.png
[Info   :FixesAIEvents] [T1-22:11:28.016] [FixesAIEvents] [OnProcessCustomLord] Processing custom AI lord: Abbot
[Info   :  SHCDE-SE] [T1-22:11:28.016] [GameAIManagerAPI] [.ctor] Loading AIC Array
[Info   :FixesAIEvents] [T1-22:11:28.020] [FixesAIEvents] [OnProcessCustomLord] Processing custom AI lord: Abbot
[Info   :FixesAIEvents] [T1-22:11:28.021] [FixesAIEvents] [OnProcessCustomLord] Processing custom AI lord: Abbot
[Info   :FixesAIEvents] [T1-22:11:28.022] [FixesAIEvents] [OnProcessCustomLord] Processing custom AI lord: Abbot
[Info   :FixesAIEvents] [T1-22:11:28.023] [FixesAIEvents] [OnProcessCustomLord] Processing custom AI lord: Abbot
[Info   :FixesAIEvents] [T1-22:11:28.024] [FixesAIEvents] [OnProcessCustomLord] Processing custom AI lord: Abbot
[Info   :FixesAIEvents] [T1-22:11:28.025] [FixesAIEvents] [OnProcessCustomLord] Processing custom AI lord: Baldwin
[Info   :FixesAIEvents] [T1-22:11:28.026] [FixesAIEvents] [OnProcessCustomLord] Processing custom AI lord: Baldwin
[Info   :FixesAIEvents] [T1-22:11:28.027] [FixesAIEvents] [OnProcessCustomLord] Processing custom AI lord: Baldwin
[Info   :FixesAIEvents] [T1-22:11:28.028] [FixesAIEvents] [OnProcessCustomLord] Processing custom AI lord: Baldwin
[Info   :FixesAIEvents] [T1-22:11:28.029] [FixesAIEvents] [OnProcessCustomLord] Processing custom AI lord: Baldwin
[Info   :FixesAIEvents] [T1-22:11:28.029] [FixesAIEvents] [OnProcessCustomLord] Processing custom AI lord: Bullseye
[Info   :FixesAIEvents] [T1-22:11:28.030] [FixesAIEvents] [OnProcessCustomLord] Processing custom AI lord: Bullseye
[Info   :FixesAIEvents] [T1-22:11:28.030] [FixesAIEvents] [OnProcessCustomLord] Processing custom AI lord: Bullseye
[Info   :FixesAIEvents] [T1-22:11:28.031] [FixesAIEvents] [OnProcessCustomLord] Processing custom AI lord: Bullseye
[Info   :FixesAIEvents] [T1-22:11:28.031] [FixesAIEvents] [OnProcessCustomLord] Processing custom AI lord: Bullseye
[Info   :FixesAIEvents] [T1-22:11:28.032] [FixesAIEvents] [OnProcessCustomLord] Processing custom AI lord: Caliph
[Info   :FixesAIEvents] [T1-22:11:28.035] [FixesAIEvents] [OnProcessCustomLord] Processing custom AI lord: Caliph
[Info   :FixesAIEvents] [T1-22:11:28.036] [FixesAIEvents] [OnProcessCustomLord] Processing custom AI lord: Caliph
[Info   :FixesAIEvents] [T1-22:11:28.038] [FixesAIEvents] [OnProcessCustomLord] Processing custom AI lord: Caliph
[Info   :FixesAIEvents] [T1-22:11:28.039] [FixesAIEvents] [OnProcessCustomLord] Processing custom AI lord: Caliph
[Info   :FixesAIEvents] [T1-22:11:28.040] [FixesAIEvents] [OnProcessCustomLord] Processing custom AI lord: Caliph
[Info   :FixesAIEvents] [T1-22:11:28.040] [FixesAIEvents] [OnProcessCustomLord] Processing custom AI lord: Canary
[Info   :FixesAIEvents] [T1-22:11:28.041] [FixesAIEvents] [OnProcessCustomLord] Processing custom AI lord: Canary
[Info   :FixesAIEvents] [T1-22:11:28.042] [FixesAIEvents] [OnProcessCustomLord] Processing custom AI lord: Canary
[Info   :FixesAIEvents] [T1-22:11:28.043] [FixesAIEvents] [OnProcessCustomLord] Processing custom AI lord: Canary
[Info   :FixesAIEvents] [T1-22:11:28.044] [FixesAIEvents] [OnProcessCustomLord] Processing custom AI lord: Canary
[Info   :FixesAIEvents] [T1-22:11:28.050] [FixesAIEvents] [OnProcessCustomLord] Processing custom AI lord: Crocodile
[Info   :FixesAIEvents] [T1-22:11:28.051] [FixesAIEvents] [OnProcessCustomLord] Processing custom AI lord: Crocodile
[Info   :FixesAIEvents] [T1-22:11:28.052] [FixesAIEvents] [OnProcessCustomLord] Processing custom AI lord: Crocodile
[Info   :FixesAIEvents] [T1-22:11:28.053] [FixesAIEvents] [OnProcessCustomLord] Processing custom AI lord: Crocodile
[Info   :FixesAIEvents] [T1-22:11:28.054] [FixesAIEvents] [OnProcessCustomLord] Processing custom AI lord: Crocodile
[Info   :FixesAIEvents] [T1-22:11:28.054] [FixesAIEvents] [OnProcessCustomLord] Processing custom AI lord: Emir
[Info   :FixesAIEvents] [T1-22:11:28.055] [FixesAIEvents] [OnProcessCustomLord] Processing custom AI lord: Emir
[Info   :FixesAIEvents] [T1-22:11:28.056] [FixesAIEvents] [OnProcessCustomLord] Processing custom AI lord: Emir
[Info   :FixesAIEvents] [T1-22:11:28.056] [FixesAIEvents] [OnProcessCustomLord] Processing custom AI lord: Emir
[Info   :FixesAIEvents] [T1-22:11:28.057] [FixesAIEvents] [OnProcessCustomLord] Processing custom AI lord: Emir
[Info   :FixesAIEvents] [T1-22:11:28.059] [FixesAIEvents] [OnProcessCustomLord] Processing custom AI lord: Frederick
[Info   :FixesAIEvents] [T1-22:11:28.059] [FixesAIEvents] [OnProcessCustomLord] Processing custom AI lord: Frederick
[Info   :FixesAIEvents] [T1-22:11:28.060] [FixesAIEvents] [OnProcessCustomLord] Processing custom AI lord: Frederick
[Info   :FixesAIEvents] [T1-22:11:28.061] [FixesAIEvents] [OnProcessCustomLord] Processing custom AI lord: Frederick
[Info   :FixesAIEvents] [T1-22:11:28.061] [FixesAIEvents] [OnProcessCustomLord] Processing custom AI lord: Frederick
[Info   :FixesAIEvents] [T1-22:11:28.062] [FixesAIEvents] [OnProcessCustomLord] Processing custom AI lord: Frederick
[Info   :FixesAIEvents] [T1-22:11:28.063] [FixesAIEvents] [OnProcessCustomLord] Processing custom AI lord: Jewel
[Info   :FixesAIEvents] [T1-22:11:28.063] [FixesAIEvents] [OnProcessCustomLord] Processing custom AI lord: Jewel
[Info   :FixesAIEvents] [T1-22:11:28.064] [FixesAIEvents] [OnProcessCustomLord] Processing custom AI lord: Jewel
[Info   :FixesAIEvents] [T1-22:11:28.065] [FixesAIEvents] [OnProcessCustomLord] Processing custom AI lord: Jewel
[Info   :FixesAIEvents] [T1-22:11:28.065] [FixesAIEvents] [OnProcessCustomLord] Processing custom AI lord: Jewel
[Info   :FixesAIEvents] [T1-22:11:28.066] [FixesAIEvents] [OnProcessCustomLord] Processing custom AI lord: Kahinah
[Info   :FixesAIEvents] [T1-22:11:28.066] [FixesAIEvents] [OnProcessCustomLord] Processing custom AI lord: Kahinah
[Info   :FixesAIEvents] [T1-22:11:28.067] [FixesAIEvents] [OnProcessCustomLord] Processing custom AI lord: Kahinah
[Info   :FixesAIEvents] [T1-22:11:28.067] [FixesAIEvents] [OnProcessCustomLord] Processing custom AI lord: Kahinah
[Info   :FixesAIEvents] [T1-22:11:28.068] [FixesAIEvents] [OnProcessCustomLord] Processing custom AI lord: Kahinah
[Info   :FixesAIEvents] [T1-22:11:28.069] [FixesAIEvents] [OnProcessCustomLord] Processing custom AI lord: Kahinah
[Info   :FixesAIEvents] [T1-22:11:28.069] [FixesAIEvents] [OnProcessCustomLord] Processing custom AI lord: Kahinah
[Info   :FixesAIEvents] [T1-22:11:28.070] [FixesAIEvents] [OnProcessCustomLord] Processing custom AI lord: Kahinah
[Info   :FixesAIEvents] [T1-22:11:28.071] [FixesAIEvents] [OnProcessCustomLord] Processing custom AI lord: Kahinah
[Info   :FixesAIEvents] [T1-22:11:28.071] [FixesAIEvents] [OnProcessCustomLord] Processing custom AI lord: Kahinah
[Info   :FixesAIEvents] [T1-22:11:28.072] [FixesAIEvents] [OnProcessCustomLord] Processing custom AI lord: Lioness
[Info   :FixesAIEvents] [T1-22:11:28.072] [FixesAIEvents] [OnProcessCustomLord] Processing custom AI lord: Lioness
[Info   :FixesAIEvents] [T1-22:11:28.073] [FixesAIEvents] [OnProcessCustomLord] Processing custom AI lord: Lioness
[Info   :FixesAIEvents] [T1-22:11:28.073] [FixesAIEvents] [OnProcessCustomLord] Processing custom AI lord: Lioness
[Info   :FixesAIEvents] [T1-22:11:28.074] [FixesAIEvents] [OnProcessCustomLord] Processing custom AI lord: Lioness
[Info   :FixesAIEvents] [T1-22:11:28.074] [FixesAIEvents] [OnProcessCustomLord] Processing custom AI lord: Marshal
[Info   :FixesAIEvents] [T1-22:11:28.075] [FixesAIEvents] [OnProcessCustomLord] Processing custom AI lord: Marshal
[Info   :FixesAIEvents] [T1-22:11:28.075] [FixesAIEvents] [OnProcessCustomLord] Processing custom AI lord: Marshal
[Info   :FixesAIEvents] [T1-22:11:28.076] [FixesAIEvents] [OnProcessCustomLord] Processing custom AI lord: Marshal
[Info   :FixesAIEvents] [T1-22:11:28.077] [FixesAIEvents] [OnProcessCustomLord] Processing custom AI lord: Marshal
[Info   :FixesAIEvents] [T1-22:11:28.077] [FixesAIEvents] [OnProcessCustomLord] Processing custom AI lord: Nizar
[Info   :FixesAIEvents] [T1-22:11:28.078] [FixesAIEvents] [OnProcessCustomLord] Processing custom AI lord: Nizar
[Info   :FixesAIEvents] [T1-22:11:28.079] [FixesAIEvents] [OnProcessCustomLord] Processing custom AI lord: Nizar
[Info   :FixesAIEvents] [T1-22:11:28.080] [FixesAIEvents] [OnProcessCustomLord] Processing custom AI lord: Nizar
[Info   :FixesAIEvents] [T1-22:11:28.081] [FixesAIEvents] [OnProcessCustomLord] Processing custom AI lord: Nizar
[Info   :FixesAIEvents] [T1-22:11:28.081] [FixesAIEvents] [OnProcessCustomLord] Processing custom AI lord: Nomad
[Info   :FixesAIEvents] [T1-22:11:28.082] [FixesAIEvents] [OnProcessCustomLord] Processing custom AI lord: Nomad
[Info   :FixesAIEvents] [T1-22:11:28.082] [FixesAIEvents] [OnProcessCustomLord] Processing custom AI lord: Nomad
[Info   :FixesAIEvents] [T1-22:11:28.082] [FixesAIEvents] [OnProcessCustomLord] Processing custom AI lord: Nomad
[Info   :FixesAIEvents] [T1-22:11:28.083] [FixesAIEvents] [OnProcessCustomLord] Processing custom AI lord: Nomad
[Info   :FixesAIEvents] [T1-22:11:28.083] [FixesAIEvents] [OnProcessCustomLord] Processing custom AI lord: Philip
[Info   :FixesAIEvents] [T1-22:11:28.084] [FixesAIEvents] [OnProcessCustomLord] Processing custom AI lord: Philip
[Info   :FixesAIEvents] [T1-22:11:28.084] [FixesAIEvents] [OnProcessCustomLord] Processing custom AI lord: Philip
[Info   :FixesAIEvents] [T1-22:11:28.086] [FixesAIEvents] [OnProcessCustomLord] Processing custom AI lord: Philip
[Info   :FixesAIEvents] [T1-22:11:28.087] [FixesAIEvents] [OnProcessCustomLord] Processing custom AI lord: Philip
[Info   :FixesAIEvents] [T1-22:11:28.087] [FixesAIEvents] [OnProcessCustomLord] Processing custom AI lord: Pig
[Info   :FixesAIEvents] [T1-22:11:28.088] [FixesAIEvents] [OnProcessCustomLord] Processing custom AI lord: Pig
[Info   :FixesAIEvents] [T1-22:11:28.089] [FixesAIEvents] [OnProcessCustomLord] Processing custom AI lord: Pig
[Info   :FixesAIEvents] [T1-22:11:28.090] [FixesAIEvents] [OnProcessCustomLord] Processing custom AI lord: Pig
[Info   :FixesAIEvents] [T1-22:11:28.091] [FixesAIEvents] [OnProcessCustomLord] Processing custom AI lord: Pig
[Info   :FixesAIEvents] [T1-22:11:28.091] [FixesAIEvents] [OnProcessCustomLord] Processing custom AI lord: Rat
[Info   :FixesAIEvents] [T1-22:11:28.091] [FixesAIEvents] [OnProcessCustomLord] Processing custom AI lord: Rat
[Info   :FixesAIEvents] [T1-22:11:28.091] [FixesAIEvents] [OnProcessCustomLord] Processing custom AI lord: Rat
[Info   :FixesAIEvents] [T1-22:11:28.092] [FixesAIEvents] [OnProcessCustomLord] Processing custom AI lord: Rat
[Info   :FixesAIEvents] [T1-22:11:28.092] [FixesAIEvents] [OnProcessCustomLord] Processing custom AI lord: Rat
[Info   :FixesAIEvents] [T1-22:11:28.093] [FixesAIEvents] [OnProcessCustomLord] Processing custom AI lord: Rat
[Info   :FixesAIEvents] [T1-22:11:28.093] [FixesAIEvents] [OnProcessCustomLord] Processing custom AI lord: Rat
[Info   :FixesAIEvents] [T1-22:11:28.093] [FixesAIEvents] [OnProcessCustomLord] Processing custom AI lord: Richard
[Info   :FixesAIEvents] [T1-22:11:28.094] [FixesAIEvents] [OnProcessCustomLord] Processing custom AI lord: Richard
[Info   :FixesAIEvents] [T1-22:11:28.095] [FixesAIEvents] [OnProcessCustomLord] Processing custom AI lord: Richard
[Info   :FixesAIEvents] [T1-22:11:28.096] [FixesAIEvents] [OnProcessCustomLord] Processing custom AI lord: Richard
[Info   :FixesAIEvents] [T1-22:11:28.097] [FixesAIEvents] [OnProcessCustomLord] Processing custom AI lord: Richard
[Info   :FixesAIEvents] [T1-22:11:28.097] [FixesAIEvents] [OnProcessCustomLord] Processing custom AI lord: Saladin
[Info   :FixesAIEvents] [T1-22:11:28.098] [FixesAIEvents] [OnProcessCustomLord] Processing custom AI lord: Saladin
[Info   :FixesAIEvents] [T1-22:11:28.099] [FixesAIEvents] [OnProcessCustomLord] Processing custom AI lord: Saladin
[Info   :FixesAIEvents] [T1-22:11:28.100] [FixesAIEvents] [OnProcessCustomLord] Processing custom AI lord: Saladin
[Info   :FixesAIEvents] [T1-22:11:28.101] [FixesAIEvents] [OnProcessCustomLord] Processing custom AI lord: Saladin
[Info   :FixesAIEvents] [T1-22:11:28.102] [FixesAIEvents] [OnProcessCustomLord] Processing custom AI lord: Sentinel
[Info   :FixesAIEvents] [T1-22:11:28.102] [FixesAIEvents] [OnProcessCustomLord] Processing custom AI lord: Sentinel
[Info   :FixesAIEvents] [T1-22:11:28.103] [FixesAIEvents] [OnProcessCustomLord] Processing custom AI lord: Sentinel
[Info   :FixesAIEvents] [T1-22:11:28.104] [FixesAIEvents] [OnProcessCustomLord] Processing custom AI lord: Sentinel
[Info   :FixesAIEvents] [T1-22:11:28.104] [FixesAIEvents] [OnProcessCustomLord] Processing custom AI lord: Sentinel
[Info   :FixesAIEvents] [T1-22:11:28.105] [FixesAIEvents] [OnProcessCustomLord] Processing custom AI lord: Sergeant
[Info   :FixesAIEvents] [T1-22:11:28.106] [FixesAIEvents] [OnProcessCustomLord] Processing custom AI lord: Sergeant
[Info   :FixesAIEvents] [T1-22:11:28.106] [FixesAIEvents] [OnProcessCustomLord] Processing custom AI lord: Sergeant
[Info   :FixesAIEvents] [T1-22:11:28.107] [FixesAIEvents] [OnProcessCustomLord] Processing custom AI lord: Sergeant
[Info   :FixesAIEvents] [T1-22:11:28.108] [FixesAIEvents] [OnProcessCustomLord] Processing custom AI lord: Sergeant
[Info   :  SHCDE-SE] [T1-22:11:28.109] [AIVLoader_Hooks] [AIVLoader_GetAIVData_Hook] Intercepting load of lord: [SK_SHERIFF], index=7 - overriden
[Info   :  SHCDE-SE] [T1-22:11:28.109] [AIVLoader_Hooks] [AIVLoader_GetAIVData_Hook] Intercepting load of lord: [SK_SHERIFF], index=7 - overriden
[Info   :FixesAIEvents] [T1-22:11:28.109] [FixesAIEvents] [OnProcessCustomLord] Processing custom AI lord: Sheriff
[Info   :FixesAIEvents] [T1-22:11:28.110] [FixesAIEvents] [OnProcessCustomLord] Processing custom AI lord: Sheriff
[Info   :FixesAIEvents] [T1-22:11:28.111] [FixesAIEvents] [OnProcessCustomLord] Processing custom AI lord: Sheriff
[Info   :FixesAIEvents] [T1-22:11:28.112] [FixesAIEvents] [OnProcessCustomLord] Processing custom AI lord: Sheriff
[Info   :FixesAIEvents] [T1-22:11:28.114] [FixesAIEvents] [OnProcessCustomLord] Processing custom AI lord: Sheriff
[Info   :  SHCDE-SE] [T1-22:11:28.114] [AIVLoader_Hooks] [AIVLoader_GetAIVData_Hook] Intercepting load of lord: [SK_SNAKE], index=4 - overriden
[Info   :  SHCDE-SE] [T1-22:11:28.115] [AIVLoader_Hooks] [AIVLoader_GetAIVData_Hook] Intercepting load of lord: [SK_SNAKE], index=4 - overriden
[Info   :FixesAIEvents] [T1-22:11:28.115] [FixesAIEvents] [OnProcessCustomLord] Processing custom AI lord: Snake
[Info   :FixesAIEvents] [T1-22:11:28.116] [FixesAIEvents] [OnProcessCustomLord] Processing custom AI lord: Snake
[Info   :FixesAIEvents] [T1-22:11:28.116] [FixesAIEvents] [OnProcessCustomLord] Processing custom AI lord: Snake
[Info   :FixesAIEvents] [T1-22:11:28.117] [FixesAIEvents] [OnProcessCustomLord] Processing custom AI lord: Snake
[Info   :FixesAIEvents] [T1-22:11:28.118] [FixesAIEvents] [OnProcessCustomLord] Processing custom AI lord: Snake
[Info   :FixesAIEvents] [T1-22:11:28.118] [FixesAIEvents] [OnProcessCustomLord] Processing custom AI lord: Snake
[Info   :FixesAIEvents] [T1-22:11:28.118] [FixesAIEvents] [OnProcessCustomLord] Processing custom AI lord: Snake
[Info   :FixesAIEvents] [T1-22:11:28.118] [FixesAIEvents] [OnProcessCustomLord] Processing custom AI lord: Sultan
[Info   :FixesAIEvents] [T1-22:11:28.119] [FixesAIEvents] [OnProcessCustomLord] Processing custom AI lord: Sultan
[Info   :FixesAIEvents] [T1-22:11:28.120] [FixesAIEvents] [OnProcessCustomLord] Processing custom AI lord: Sultan
[Info   :FixesAIEvents] [T1-22:11:28.120] [FixesAIEvents] [OnProcessCustomLord] Processing custom AI lord: Sultan
[Info   :FixesAIEvents] [T1-22:11:28.121] [FixesAIEvents] [OnProcessCustomLord] Processing custom AI lord: Sultan
[Info   :  SHCDE-SE] [T1-22:11:28.122] [AIVLoader_Hooks] [AIVLoader_GetAIVData_Hook] Intercepting load of lord: [SK_SURGEON], index=3 - overriden
[Info   :FixesAIEvents] [T1-22:11:28.122] [FixesAIEvents] [OnProcessCustomLord] Processing custom AI lord: Trader
[Info   :FixesAIEvents] [T1-22:11:28.123] [FixesAIEvents] [OnProcessCustomLord] Processing custom AI lord: Trader
[Info   :FixesAIEvents] [T1-22:11:28.124] [FixesAIEvents] [OnProcessCustomLord] Processing custom AI lord: Trader
[Info   :FixesAIEvents] [T1-22:11:28.124] [FixesAIEvents] [OnProcessCustomLord] Processing custom AI lord: Trader
[Info   :FixesAIEvents] [T1-22:11:28.125] [FixesAIEvents] [OnProcessCustomLord] Processing custom AI lord: Trader
[Info   :FixesAIEvents] [T1-22:11:28.125] [FixesAIEvents] [OnProcessCustomLord] Processing custom AI lord: Wazir
[Info   :FixesAIEvents] [T1-22:11:28.126] [FixesAIEvents] [OnProcessCustomLord] Processing custom AI lord: Wazir
[Info   :FixesAIEvents] [T1-22:11:28.127] [FixesAIEvents] [OnProcessCustomLord] Processing custom AI lord: Wazir
[Info   :FixesAIEvents] [T1-22:11:28.128] [FixesAIEvents] [OnProcessCustomLord] Processing custom AI lord: Wazir
[Info   :FixesAIEvents] [T1-22:11:28.130] [FixesAIEvents] [OnProcessCustomLord] Processing custom AI lord: Wazir
[Info   :  SHCDE-SE] [T1-22:11:28.131] [AIVLoader_Hooks] [AIVLoader_GetAIVData_Hook] Intercepting load of lord: [SK_WOLF], index=1 - overriden
[Info   :  SHCDE-SE] [T1-22:11:28.132] [AIVLoader_Hooks] [AIVLoader_GetAIVData_Hook] Intercepting load of lord: [SK_WOLF], index=1 - overriden
[Info   :FixesAIEvents] [T1-22:11:28.133] [FixesAIEvents] [OnProcessCustomLord] Processing custom AI lord: Wolf
[Info   :FixesAIEvents] [T1-22:11:28.134] [FixesAIEvents] [OnProcessCustomLord] Processing custom AI lord: Wolf
[Info   :FixesAIEvents] [T1-22:11:28.134] [FixesAIEvents] [OnProcessCustomLord] Processing custom AI lord: Wolf
[Info   :FixesAIEvents] [T1-22:11:28.136] [FixesAIEvents] [OnProcessCustomLord] Processing custom AI lord: Wolf
[Info   :FixesAIEvents] [T1-22:11:28.137] [FixesAIEvents] [OnProcessCustomLord] Processing custom AI lord: Wolf
[Info   :FixesAIEvents] [T1-22:11:28.139] [FixesAIEvents] [OnProcessCustomLord] Processing custom AI lord: Wolf
[Info   :FixesAIEvents] [T1-22:11:28.140] [FixesAIEvents] [OnProcessCustomLord] Processing custom AI lord: testlord_serp
[Info   :FixesAIEvents] [T1-22:11:28.140] [FixesAIEvents] [OnProcessCustomLord] Processing custom AI lord: testlord_serp
[Info   :  SHCDE-SE] [T1-22:11:28.140] [CustomisationFileManager_Hooks] [CustomisationFileManager_ProcessExtendedLordFile_Hook] Processing Custom Lord: file=c:/users/serpens66/appdata/locallow/firefly studios/stronghold crusader definitive edition\customlords\testlord_serp\info.json, realFileName=C:/Users/Serpens66/AppData/LocalLow/Firefly Studios/Stronghold Crusader Definitive Edition\CustomLords\testlord_serp\info.json, customPath=C:/Users/Serpens66/AppData/LocalLow/Firefly Studios/Stronghold Crusader Definitive Edition\CustomLords\testlord_serp, displayName=testlord_serp, lordName=testlord_serp, workshop=False
[Info   :  SHCDE-SE] [T1-22:11:28.141] [GameAIManagerAPI] [ProcessCustomLord] Processing: [C:/Users/Serpens66/AppData/LocalLow/Firefly Studios/Stronghold Crusader Definitive Edition\CustomLords\testlord_serp]
[Info   :  SHCDE-SE] [T1-22:11:28.141] [GameAIManagerAPI] [ProcessCustomLord] Registering lord-based assets: [serpens66.testlord-serp.extended-package-test] - [testlord_serp Extended Package Test] by [Serpens66]
[Info   :  SHCDE-SE] [T1-22:11:28.142] [GameAssetManagerAPI] [RegisterModProvider] Indexed 79 files for [serpens66.testlord-serp.extended-package-test] in [Global] asset mode from [C:\Users\Serpens66\AppData\LocalLow\Firefly Studios\Stronghold Crusader Definitive Edition\CustomLords\testlord_serp] in 0 ms.
[Warning:  SHCDE-SE] [T1-22:11:28.142] [GameAssetModManager] [RegisterAssetModCore] Mod has no sprite logo at [Override/Assets/GUI/Sprites/serpens66.testlord-serp.extended-package-test.png] in [C:\Users\Serpens66\AppData\LocalLow\Firefly Studios\Stronghold Crusader Definitive Edition\CustomLords\testlord_serp] - This may be ignored.
[Info   :  SHCDE-SE] [T1-22:11:28.142] [GameTranslateAPI] [LoadModLocalizations] Loaded 0 localization files from C:\Users\Serpens66\AppData\LocalLow\Firefly Studios\Stronghold Crusader Definitive Edition\CustomLords\testlord_serp
[Info   :  SHCDE-SE] [T1-22:11:28.142] [GameAssetModManager] [RegisterAssetModCore] Mod [testlord_serp Extended Package Test] has no Lua scripts (Scripts/init.lua not found) - This is fine.
[Info   :  SHCDE-SE] [T1-22:11:28.151] [GameAIManagerAPI] [BuildLordEntry] Added custom lord: [testlord_serp]
[Info   :  SHCDE-SE] [T1-22:11:28.151] [GameAIManagerAPI] [BuildLordEntry] Assigned lord [testlord_serp] message type [IncomingMessage] via key [IncomingMessage]
[Info   :  SHCDE-SE] [T1-22:11:28.151] [GameAIManagerAPI] [BuildLordEntry] Assigned lord [testlord_serp] message type [Taunt1] via key [Taunt1]
[Info   :  SHCDE-SE] [T1-22:11:28.151] [GameAIManagerAPI] [BuildLordEntry] Assigned lord [testlord_serp] message type [Taunt2] via key [Taunt2]
[Info   :  SHCDE-SE] [T1-22:11:28.151] [GameAIManagerAPI] [BuildLordEntry] Assigned lord [testlord_serp] message type [Taunt3] via key [Taunt3]
[Info   :  SHCDE-SE] [T1-22:11:28.151] [GameAIManagerAPI] [BuildLordEntry] Assigned lord [testlord_serp] message type [Taunt4] via key [Taunt4]
[Info   :  SHCDE-SE] [T1-22:11:28.151] [GameAIManagerAPI] [BuildLordEntry] Assigned lord [testlord_serp] message type [AngrySiegeLost] via key [AngrySiegeLost]
[Info   :  SHCDE-SE] [T1-22:11:28.151] [GameAIManagerAPI] [BuildLordEntry] Assigned lord [testlord_serp] message type [AngryCastleDamaged] via key [AngryCastleDamaged]
[Info   :  SHCDE-SE] [T1-22:11:28.151] [GameAIManagerAPI] [BuildLordEntry] Assigned lord [testlord_serp] message type [Defeat] via key [Defeat]
[Info   :  SHCDE-SE] [T1-22:11:28.151] [GameAIManagerAPI] [BuildLordEntry] Assigned lord [testlord_serp] message type [NervPreSiege] via key [NervPreSiege]
[Info   :  SHCDE-SE] [T1-22:11:28.151] [GameAIManagerAPI] [BuildLordEntry] Assigned lord [testlord_serp] message type [NervWeak] via key [NervWeak]
[Info   :  SHCDE-SE] [T1-22:11:28.151] [GameAIManagerAPI] [BuildLordEntry] Assigned lord [testlord_serp] message type [VictoryGood] via key [VictoryGood]
[Info   :  SHCDE-SE] [T1-22:11:28.151] [GameAIManagerAPI] [BuildLordEntry] Assigned lord [testlord_serp] message type [KillPlayer] via key [KillPlayer]
[Info   :  SHCDE-SE] [T1-22:11:28.151] [GameAIManagerAPI] [BuildLordEntry] Assigned lord [testlord_serp] message type [RequestGoods] via key [RequestGoods]
[Info   :  SHCDE-SE] [T1-22:11:28.151] [GameAIManagerAPI] [BuildLordEntry] Assigned lord [testlord_serp] message type [ThankGoods] via key [ThankGoods]
[Info   :  SHCDE-SE] [T1-22:11:28.151] [GameAIManagerAPI] [BuildLordEntry] Assigned lord [testlord_serp] message type [DieAlly] via key [DieAlly]
[Info   :  SHCDE-SE] [T1-22:11:28.151] [GameAIManagerAPI] [BuildLordEntry] Assigned lord [testlord_serp] message type [CongratsOnKill] via key [CongratsOnKill]
[Info   :  SHCDE-SE] [T1-22:11:28.151] [GameAIManagerAPI] [BuildLordEntry] Assigned lord [testlord_serp] message type [BoastOfKill] via key [BoastOfKill]
[Info   :  SHCDE-SE] [T1-22:11:28.151] [GameAIManagerAPI] [BuildLordEntry] Assigned lord [testlord_serp] message type [AllyNeedHelp] via key [AllyNeedHelp]
[Info   :  SHCDE-SE] [T1-22:11:28.151] [GameAIManagerAPI] [BuildLordEntry] Assigned lord [testlord_serp] message type [CantAttack] via key [CantAttack]
[Info   :  SHCDE-SE] [T1-22:11:28.151] [GameAIManagerAPI] [BuildLordEntry] Assigned lord [testlord_serp] message type [WontAttack] via key [WontAttack]
[Info   :  SHCDE-SE] [T1-22:11:28.151] [GameAIManagerAPI] [BuildLordEntry] Assigned lord [testlord_serp] message type [CantHelp] via key [CantHelp]
[Info   :  SHCDE-SE] [T1-22:11:28.151] [GameAIManagerAPI] [BuildLordEntry] Assigned lord [testlord_serp] message type [WontHelp] via key [WontHelp]
[Info   :  SHCDE-SE] [T1-22:11:28.151] [GameAIManagerAPI] [BuildLordEntry] Assigned lord [testlord_serp] message type [NotSendingGoods] via key [NotSendingGoods]
[Info   :  SHCDE-SE] [T1-22:11:28.151] [GameAIManagerAPI] [BuildLordEntry] Assigned lord [testlord_serp] message type [SentGoods] via key [SentGoods]
[Info   :  SHCDE-SE] [T1-22:11:28.151] [GameAIManagerAPI] [BuildLordEntry] Assigned lord [testlord_serp] message type [TeamWinning] via key [TeamWinning]
[Info   :  SHCDE-SE] [T1-22:11:28.151] [GameAIManagerAPI] [BuildLordEntry] Assigned lord [testlord_serp] message type [TeamLosing] via key [TeamLosing]
[Info   :  SHCDE-SE] [T1-22:11:28.151] [GameAIManagerAPI] [BuildLordEntry] Assigned lord [testlord_serp] message type [WillSendTroops] via key [WillSendTroops]
[Info   :  SHCDE-SE] [T1-22:11:28.151] [GameAIManagerAPI] [BuildLordEntry] Assigned lord [testlord_serp] message type [WillAttackEnemy] via key [WillAttackEnemy]
[Info   :FixesAIEvents] [T1-22:11:28.152] [FixesAIEvents] [OnProcessCustomLord] Processing custom AI lord: testlord_serp
[Info   :FixesAIEvents] [T1-22:11:28.152] [FixesAIEvents] [OnProcessCustomLord] Processing custom AI lord: testlord_serp
[Info   :FixesAIEvents] [T1-22:11:28.152] [FixesAIEvents] [OnProcessCustomLord] Processing custom AI lord: testlord_serp
[Info   :FixesAIEvents] [T1-22:11:28.152] [FixesAIEvents] [OnProcessCustomLord] Processing custom AI lord: testlord_serp
[Info   :FixesAIEvents] [T1-22:11:28.152] [FixesAIEvents] [OnProcessCustomLord] Processing custom AI lord: testlord_serp
[Info   :FixesAIEvents] [T1-22:11:28.154] [FixesAIEvents] [OnProcessCustomLord] Processing custom AI lord: testlord_serp
[Info   :FixesAIEvents] [T1-22:11:28.155] [FixesAIEvents] [OnProcessCustomLord] Processing custom AI lord: testlord_serp_fixesprobe
[Info   :FixesAIEvents] [T1-22:11:28.155] [FixesAIEvents] [OnProcessCustomLord] Processing custom AI lord: testlord_serp_fixesprobe
[Info   :  SHCDE-SE] [T1-22:11:28.155] [CustomisationFileManager_Hooks] [CustomisationFileManager_ProcessExtendedLordFile_Hook] Processing Custom Lord: file=c:/users/serpens66/appdata/locallow/firefly studios/stronghold crusader definitive edition\customlords\testlord_serp_fixesprobe\info.json, realFileName=C:/Users/Serpens66/AppData/LocalLow/Firefly Studios/Stronghold Crusader Definitive Edition\CustomLords\testlord_serp_fixesprobe\info.json, customPath=C:/Users/Serpens66/AppData/LocalLow/Firefly Studios/Stronghold Crusader Definitive Edition\CustomLords\testlord_serp_fixesprobe, displayName=testlord_serp_fixesprobe, lordName=testlord_serp_fixesprobe, workshop=False
[Info   :  SHCDE-SE] [T1-22:11:28.155] [GameAIManagerAPI] [ProcessCustomLord] Processing: [C:/Users/Serpens66/AppData/LocalLow/Firefly Studios/Stronghold Crusader Definitive Edition\CustomLords\testlord_serp_fixesprobe]
[Info   :  SHCDE-SE] [T1-22:11:28.155] [GameAIManagerAPI] [ProcessCustomLord] Registering lord-based assets: [serpens66.testlord-serp-fixesprobe] - [Fixes Override Probe Lord] by [Serpens66]
[Info   :  SHCDE-SE] [T1-22:11:28.156] [GameAssetManagerAPI] [RegisterModProvider] Indexed 78 files for [serpens66.testlord-serp-fixesprobe] in [Global] asset mode from [C:\Users\Serpens66\AppData\LocalLow\Firefly Studios\Stronghold Crusader Definitive Edition\CustomLords\testlord_serp_fixesprobe] in 0 ms.
[Warning:  SHCDE-SE] [T1-22:11:28.156] [GameAssetModManager] [RegisterAssetModCore] Mod has no sprite logo at [Override/Assets/GUI/Sprites/serpens66.testlord-serp-fixesprobe.png] in [C:\Users\Serpens66\AppData\LocalLow\Firefly Studios\Stronghold Crusader Definitive Edition\CustomLords\testlord_serp_fixesprobe] - This may be ignored.
[Info   :  SHCDE-SE] [T1-22:11:28.156] [GameTranslateAPI] [LoadModLocalizations] Loaded 0 localization files from C:\Users\Serpens66\AppData\LocalLow\Firefly Studios\Stronghold Crusader Definitive Edition\CustomLords\testlord_serp_fixesprobe
[Info   :  SHCDE-SE] [T1-22:11:28.156] [GameAssetModManager] [RegisterAssetModCore] Mod [Fixes Override Probe Lord] has no Lua scripts (Scripts/init.lua not found) - This is fine.
[Info   :  SHCDE-SE] [T1-22:11:28.157] [GameAIManagerAPI] [BuildLordEntry] Added custom lord: [testlord_serp_fixesprobe]
[Info   :  SHCDE-SE] [T1-22:11:28.157] [GameAIManagerAPI] [BuildLordEntry] Assigned lord [testlord_serp_fixesprobe] message type [IncomingMessage] via key [IncomingMessage]
[Info   :  SHCDE-SE] [T1-22:11:28.157] [GameAIManagerAPI] [BuildLordEntry] Assigned lord [testlord_serp_fixesprobe] message type [Taunt1] via key [Taunt1]
[Info   :  SHCDE-SE] [T1-22:11:28.157] [GameAIManagerAPI] [BuildLordEntry] Assigned lord [testlord_serp_fixesprobe] message type [Taunt2] via key [Taunt2]
[Info   :  SHCDE-SE] [T1-22:11:28.157] [GameAIManagerAPI] [BuildLordEntry] Assigned lord [testlord_serp_fixesprobe] message type [Taunt3] via key [Taunt3]
[Info   :  SHCDE-SE] [T1-22:11:28.157] [GameAIManagerAPI] [BuildLordEntry] Assigned lord [testlord_serp_fixesprobe] message type [Taunt4] via key [Taunt4]
[Info   :  SHCDE-SE] [T1-22:11:28.157] [GameAIManagerAPI] [BuildLordEntry] Assigned lord [testlord_serp_fixesprobe] message type [AngrySiegeLost] via key [AngrySiegeLost]
[Info   :  SHCDE-SE] [T1-22:11:28.157] [GameAIManagerAPI] [BuildLordEntry] Assigned lord [testlord_serp_fixesprobe] message type [AngryCastleDamaged] via key [AngryCastleDamaged]
[Info   :  SHCDE-SE] [T1-22:11:28.157] [GameAIManagerAPI] [BuildLordEntry] Assigned lord [testlord_serp_fixesprobe] message type [Defeat] via key [Defeat]
[Info   :  SHCDE-SE] [T1-22:11:28.157] [GameAIManagerAPI] [BuildLordEntry] Assigned lord [testlord_serp_fixesprobe] message type [NervPreSiege] via key [NervPreSiege]
[Info   :  SHCDE-SE] [T1-22:11:28.157] [GameAIManagerAPI] [BuildLordEntry] Assigned lord [testlord_serp_fixesprobe] message type [NervWeak] via key [NervWeak]
[Info   :  SHCDE-SE] [T1-22:11:28.157] [GameAIManagerAPI] [BuildLordEntry] Assigned lord [testlord_serp_fixesprobe] message type [VictoryGood] via key [VictoryGood]
[Info   :  SHCDE-SE] [T1-22:11:28.157] [GameAIManagerAPI] [BuildLordEntry] Assigned lord [testlord_serp_fixesprobe] message type [KillPlayer] via key [KillPlayer]
[Info   :  SHCDE-SE] [T1-22:11:28.157] [GameAIManagerAPI] [BuildLordEntry] Assigned lord [testlord_serp_fixesprobe] message type [RequestGoods] via key [RequestGoods]
[Info   :  SHCDE-SE] [T1-22:11:28.157] [GameAIManagerAPI] [BuildLordEntry] Assigned lord [testlord_serp_fixesprobe] message type [ThankGoods] via key [ThankGoods]
[Info   :  SHCDE-SE] [T1-22:11:28.157] [GameAIManagerAPI] [BuildLordEntry] Assigned lord [testlord_serp_fixesprobe] message type [DieAlly] via key [DieAlly]
[Info   :  SHCDE-SE] [T1-22:11:28.157] [GameAIManagerAPI] [BuildLordEntry] Assigned lord [testlord_serp_fixesprobe] message type [CongratsOnKill] via key [CongratsOnKill]
[Info   :  SHCDE-SE] [T1-22:11:28.157] [GameAIManagerAPI] [BuildLordEntry] Assigned lord [testlord_serp_fixesprobe] message type [BoastOfKill] via key [BoastOfKill]
[Info   :  SHCDE-SE] [T1-22:11:28.157] [GameAIManagerAPI] [BuildLordEntry] Assigned lord [testlord_serp_fixesprobe] message type [AllyNeedHelp] via key [AllyNeedHelp]
[Info   :  SHCDE-SE] [T1-22:11:28.157] [GameAIManagerAPI] [BuildLordEntry] Assigned lord [testlord_serp_fixesprobe] message type [CantAttack] via key [CantAttack]
[Info   :  SHCDE-SE] [T1-22:11:28.157] [GameAIManagerAPI] [BuildLordEntry] Assigned lord [testlord_serp_fixesprobe] message type [WontAttack] via key [WontAttack]
[Info   :FixesAIEvents] [T1-22:11:28.157] [FixesAIEvents] [OnProcessCustomLord] Processing custom AI lord: testlord_serp_fixesprobe
[Info   :  SHCDE-SE] [T1-22:11:28.157] [GameAIManagerAPI] [BuildLordEntry] Assigned lord [testlord_serp_fixesprobe] message type [CantHelp] via key [CantHelp]
[Info   :  SHCDE-SE] [T1-22:11:28.157] [GameAIManagerAPI] [BuildLordEntry] Assigned lord [testlord_serp_fixesprobe] message type [WontHelp] via key [WontHelp]
[Info   :  SHCDE-SE] [T1-22:11:28.157] [GameAIManagerAPI] [BuildLordEntry] Assigned lord [testlord_serp_fixesprobe] message type [NotSendingGoods] via key [NotSendingGoods]
[Info   :  SHCDE-SE] [T1-22:11:28.157] [GameAIManagerAPI] [BuildLordEntry] Assigned lord [testlord_serp_fixesprobe] message type [SentGoods] via key [SentGoods]
[Info   :  SHCDE-SE] [T1-22:11:28.157] [GameAIManagerAPI] [BuildLordEntry] Assigned lord [testlord_serp_fixesprobe] message type [TeamWinning] via key [TeamWinning]
[Info   :  SHCDE-SE] [T1-22:11:28.157] [GameAIManagerAPI] [BuildLordEntry] Assigned lord [testlord_serp_fixesprobe] message type [TeamLosing] via key [TeamLosing]
[Info   :  SHCDE-SE] [T1-22:11:28.157] [GameAIManagerAPI] [BuildLordEntry] Assigned lord [testlord_serp_fixesprobe] message type [WillSendTroops] via key [WillSendTroops]
[Info   :  SHCDE-SE] [T1-22:11:28.157] [GameAIManagerAPI] [BuildLordEntry] Assigned lord [testlord_serp_fixesprobe] message type [WillAttackEnemy] via key [WillAttackEnemy]
[Info   :FixesAIEvents] [T1-22:11:28.171] [FixesAIEvents] [OnProcessCustomLord] Processing custom AI lord: testlord_serp_fixesprobe
[Info   :FixesAIEvents] [T1-22:11:28.171] [FixesAIEvents] [OnProcessCustomLord] Processing custom AI lord: testlord_serp_fixesprobe
[Info   :FixesAIEvents] [T1-22:11:28.172] [FixesAIEvents] [OnProcessCustomLord] Processing custom AI lord: testlord_serp_fixesprobe
[Info   :FixesAIEvents] [T1-22:11:28.172] [FixesAIEvents] [OnProcessCustomLord] Processing custom AI lord: testlord_serp_fixesprobe
[Info   :FixesAIEvents] [T1-22:11:28.174] [FixesAIEvents] [OnProcessCustomLord] Processing custom AI lord: 3659458903\Nox
[Info   :FixesAIEvents] [T1-22:11:28.503] [FixesAIEvents] [OnProcessCustomLord] Processing custom AI lord: 3659458903\Nox
[Info   :FixesAIEvents] [T1-22:11:28.505] [FixesAIEvents] [OnProcessCustomLord] Processing custom AI lord: 3659458903\Nox
[Info   :FixesAIEvents] [T1-22:11:28.514] [FixesAIEvents] [OnProcessCustomLord] Processing custom AI lord: 3659458903\Nox
[Info   :FixesAIEvents] [T1-22:11:28.515] [FixesAIEvents] [OnProcessCustomLord] Processing custom AI lord: 3659458903\Nox
[Info   :FixesAIEvents] [T1-22:11:28.516] [FixesAIEvents] [OnProcessCustomLord] Processing custom AI lord: 3659458903\Nox
[Info   :FixesAIEvents] [T1-22:11:28.516] [FixesAIEvents] [OnProcessCustomLord] Processing custom AI lord: 3659458903\Nox
[Info   :FixesAIEvents] [T1-22:11:28.516] [FixesAIEvents] [OnProcessCustomLord] Processing custom AI lord: 3769305376\Krosis' Classic Trail
[Info   :FixesAIEvents] [T1-22:11:28.516] [FixesAIEvents] [OnProcessCustomLord] Processing custom AI lord: 3769305376\Krosis' Classic Trail
[Info   :FixesAIEvents] [T1-22:11:28.516] [FixesAIEvents] [OnProcessCustomLord] Processing custom AI lord: 3769305376\Krosis' Classic Trail
[Info   :FixesAIEvents] [T1-22:11:28.516] [FixesAIEvents] [OnProcessCustomLord] Processing custom AI lord: 3769305376\Krosis' Classic Trail
[Info   :FixesAIEvents] [T1-22:11:28.516] [FixesAIEvents] [OnProcessCustomLord] Processing custom AI lord: 3769305376\Krosis' Classic Trail
[Info   :FixesAIEvents] [T1-22:11:28.516] [FixesAIEvents] [OnProcessCustomLord] Processing custom AI lord: 3769305376\Krosis' Classic Trail
[Info   :FixesAIEvents] [T1-22:11:28.516] [FixesAIEvents] [OnProcessCustomLord] Processing custom AI lord: 3769305376\Krosis' Classic Trail
[Info   :FixesAIEvents] [T1-22:11:28.516] [FixesAIEvents] [OnProcessCustomLord] Processing custom AI lord: 3769305376\Krosis' Classic Trail
[Info   :FixesAIEvents] [T1-22:11:28.516] [FixesAIEvents] [OnProcessCustomLord] Processing custom AI lord: 3769305376\Krosis' Classic Trail
[Info   :FixesAIEvents] [T1-22:11:28.516] [FixesAIEvents] [OnProcessCustomLord] Processing custom AI lord: 3769305376\Krosis' Classic Trail
[Info   :FixesAIEvents] [T1-22:11:28.516] [FixesAIEvents] [OnProcessCustomLord] Processing custom AI lord: 3769305376\Krosis' Classic Trail
[Info   :FixesAIEvents] [T1-22:11:28.516] [FixesAIEvents] [OnProcessCustomLord] Processing custom AI lord: 3769305376\Krosis' Classic Trail
[Info   :FixesAIEvents] [T1-22:11:28.516] [FixesAIEvents] [OnProcessCustomLord] Processing custom AI lord: 3769305376\Krosis' Classic Trail
[Info   :FixesAIEvents] [T1-22:11:28.516] [FixesAIEvents] [OnProcessCustomLord] Processing custom AI lord: 3769305376\Krosis' Classic Trail
[Info   :FixesAIEvents] [T1-22:11:28.516] [FixesAIEvents] [OnProcessCustomLord] Processing custom AI lord: 3769305376\Krosis' Classic Trail
[Info   :FixesAIEvents] [T1-22:11:28.516] [FixesAIEvents] [OnProcessCustomLord] Processing custom AI lord: 3769305376\Krosis' Classic Trail
[Info   :FixesAIEvents] [T1-22:11:28.516] [FixesAIEvents] [OnProcessCustomLord] Processing custom AI lord: 3769305376\Krosis' Classic Trail
[Info   :FixesAIEvents] [T1-22:11:28.516] [FixesAIEvents] [OnProcessCustomLord] Processing custom AI lord: 3769305376\Krosis' Classic Trail
[Info   :FixesAIEvents] [T1-22:11:28.516] [FixesAIEvents] [OnProcessCustomLord] Processing custom AI lord: 3769305376\Krosis' Classic Trail
[Info   :FixesAIEvents] [T1-22:11:28.516] [FixesAIEvents] [OnProcessCustomLord] Processing custom AI lord: 3769305376\Krosis' Classic Trail
[Info   :FixesAIEvents] [T1-22:11:28.516] [FixesAIEvents] [OnProcessCustomLord] Processing custom AI lord: 3769305376\Krosis' Classic Trail
[Info   :FixesAIEvents] [T1-22:11:28.516] [FixesAIEvents] [OnProcessCustomLord] Processing custom AI lord: 3769305376\Krosis' Classic Trail
[Info   :FixesAIEvents] [T1-22:11:28.516] [FixesAIEvents] [OnProcessCustomLord] Processing custom AI lord: 3769305376\Krosis' Classic Trail
[Info   :FixesAIEvents] [T1-22:11:28.516] [FixesAIEvents] [OnProcessCustomLord] Processing custom AI lord: 3769305376\Krosis' Classic Trail
[Info   :FixesAIEvents] [T1-22:11:28.516] [FixesAIEvents] [OnProcessCustomLord] Processing custom AI lord: 3769305376\Krosis' Classic Trail
[Info   :FixesAIEvents] [T1-22:11:28.516] [FixesAIEvents] [OnProcessCustomLord] Processing custom AI lord: 3769305376\Krosis' Classic Trail
[Info   :FixesAIEvents] [T1-22:11:28.516] [FixesAIEvents] [OnProcessCustomLord] Processing custom AI lord: 3769305376\Krosis' Classic Trail
[Info   :FixesAIEvents] [T1-22:11:28.516] [FixesAIEvents] [OnProcessCustomLord] Processing custom AI lord: 3769305376\Krosis' Classic Trail
[Info   :FixesAIEvents] [T1-22:11:28.516] [FixesAIEvents] [OnProcessCustomLord] Processing custom AI lord: 3769305376\Krosis' Classic Trail
[Info   :FixesAIEvents] [T1-22:11:28.516] [FixesAIEvents] [OnProcessCustomLord] Processing custom AI lord: 3769305376\Krosis' Classic Trail
[Info   :FixesAIEvents] [T1-22:11:28.516] [FixesAIEvents] [OnProcessCustomLord] Processing custom AI lord: 3769305376\Krosis' Classic Trail
[Info   :FixesAIEvents] [T1-22:11:28.516] [FixesAIEvents] [OnProcessCustomLord] Processing custom AI lord: 3769305376\Krosis' Classic Trail
[Info   :FixesAIEvents] [T1-22:11:28.516] [FixesAIEvents] [OnProcessCustomLord] Processing custom AI lord: 3769305376\Krosis' Classic Trail
[Info   :FixesAIEvents] [T1-22:11:28.516] [FixesAIEvents] [OnProcessCustomLord] Processing custom AI lord: 3769305376\Krosis' Classic Trail
[Info   :FixesAIEvents] [T1-22:11:28.516] [FixesAIEvents] [OnProcessCustomLord] Processing custom AI lord: 3769305376\Krosis' Classic Trail
[Info   :FixesAIEvents] [T1-22:11:28.516] [FixesAIEvents] [OnProcessCustomLord] Processing custom AI lord: 3769305376\Krosis' Classic Trail
[Info   :FixesAIEvents] [T1-22:11:28.516] [FixesAIEvents] [OnProcessCustomLord] Processing custom AI lord: 3769305376\Krosis' Classic Trail
[Info   :FixesAIEvents] [T1-22:11:28.516] [FixesAIEvents] [OnProcessCustomLord] Processing custom AI lord: 3769305376\Krosis' Classic Trail
[Info   :FixesAIEvents] [T1-22:11:28.516] [FixesAIEvents] [OnProcessCustomLord] Processing custom AI lord: 3769305376\Krosis' Classic Trail
[Info   :FixesAIEvents] [T1-22:11:28.516] [FixesAIEvents] [OnProcessCustomLord] Processing custom AI lord: 3769305376\Krosis' Classic Trail
[Info   :FixesAIEvents] [T1-22:11:28.517] [FixesAIEvents] [OnProcessCustomLord] Processing custom AI lord: 3693412090\Plague Doctor
[Info   :FixesAIEvents] [T1-22:11:28.518] [FixesAIEvents] [OnProcessCustomLord] Processing custom AI lord: 3693412090\Plague Doctor
[Info   :FixesAIEvents] [T1-22:11:28.519] [FixesAIEvents] [OnProcessCustomLord] Processing custom AI lord: 3693412090\Plague Doctor
[Info   :FixesAIEvents] [T1-22:11:28.521] [FixesAIEvents] [OnProcessCustomLord] Processing custom AI lord: 3693412090\Plague Doctor
[Info   :FixesAIEvents] [T1-22:11:28.522] [FixesAIEvents] [OnProcessCustomLord] Processing custom AI lord: 3693412090\Plague Doctor
[Info   :FixesAIEvents] [T1-22:11:28.524] [FixesAIEvents] [OnProcessCustomLord] Processing custom AI lord: 3693412090\Plague Doctor
[Info   :FixesAIEvents] [T1-22:11:28.525] [FixesAIEvents] [OnProcessCustomLord] Processing custom AI lord: 3693412090\Plague Doctor
[Info   :FixesAIEvents] [T1-22:11:28.528] [FixesAIEvents] [OnProcessCustomLord] Processing custom AI lord: 3693412090\Plague Doctor
[Info   :FixesAIEvents] [T1-22:11:28.529] [FixesAIEvents] [OnProcessCustomLord] Processing custom AI lord: 3693412090\Plague Doctor
[Info   :FixesAIEvents] [T1-22:11:28.531] [FixesAIEvents] [OnProcessCustomLord] Processing custom AI lord: 3693412090\Plague Doctor
[Info   :FixesAIEvents] [T1-22:11:28.533] [FixesAIEvents] [OnProcessCustomLord] Processing custom AI lord: 3693412090\Plague Doctor
[Info   :FixesAIEvents] [T1-22:11:28.776] [FixesAIEvents] [OnProcessCustomLord] Processing custom AI lord: 3693412090\Plague Doctor
[Info   :  SHCDE-SE] [T1-22:11:32.289] [GameSpriteManagerAPI] [ApplyRuntimeOverrides] Starting Sprite Override Injection...
[Info   :  SHCDE-SE] [T1-22:11:32.348] [GameSpriteManagerAPI] [ApplyRuntimeOverrides] Replaced 0 sprites (Plain=0, TeamColour=0, Foliage=0) in 60 ms.
[Info   :  SHCDE-SE] [T1-22:11:48.532] [NoesisTextureProvider_Hooks] [NoesisTextureProvider_GetTextureInfo] Registering Mod Texture: Assets/GUI/Sprites/000shcdese
[Info   :  SHCDE-SE] [T1-22:11:48.533] [NoesisTextureProvider_Hooks] [NoesisTextureProvider_GetTextureInfo] Registering Mod Texture: Assets/GUI/Sprites/SerpsMods_Serp
[Info   :  SHCDE-SE] [T1-22:11:48.533] [NoesisTextureProvider_Hooks] [NoesisTextureProvider_GetTextureInfo] Registering Mod Texture: Assets/GUI/Sprites/fixes
[Info   :  SHCDE-SE] [T1-22:11:51.970] [BulkMapLoaderDetours] [c_game_unload_map_hook_impl] pTileManager=00007FFAAE2DEDB0, preventNotification=False
[Info   :  SHCDE-SE] [T1-22:11:51.970] [GameMapArchiveManagerAPI] [OnUnloadMap] Unloading archive
[Info   :  SHCDE-SE] [T1-22:11:51.970] [GameMapArchiveManagerAPI] [RemoveActiveArchive] Attempting to remove active archive
[Info   :  SHCDE-SE] [T1-22:11:51.970] [LuaManager] [OnUnloadMap] Attempting to unload lua state due to event, phase: Pre
[Info   :  SHCDE-SE] [T1-22:11:51.970] [LuaManager] [TryUnload] Attempting to unload lua state
[Warning:  SHCDE-SE] [T1-22:11:51.970] [LuaManager] [TryUnload] Lua state already unloaded!
[Info   :  SHCDE-SE] [T1-22:11:51.972] [DeterministicRandom] [OnUnloadMap] uninitializing shared state.
[Info   :  SHCDE-SE] [T1-22:11:51.972] [GamePlayerManagerAPI] [OnUnloadMap] Unloading
[Info   :  SHCDE-SE] [T1-22:11:51.972] [GameUnitManagerAPI] [OnUnloadMap] Unloading
[Info   :  SHCDE-SE] [T1-22:11:51.975] [GameBuildingManagerAPI] [OnUnloadMap] Unloading
[Info   :  SHCDE-SE] [T1-22:11:51.976] [GameMetadataManagerAPI] [OnUnloadMap] Unloading metadata
[Info   :  SHCDE-SE] [T1-22:11:51.976] [GameSoundManagerAPI] [Unload] Unloading sounds
[Info   :  SHCDE-SE] [T1-22:11:51.977] [GameSoundManagerAPI] [Unload] Unloading sounds complete
[Info   :  SHCDE-SE] [T1-22:11:51.977] [GameTriggerManager] [OnUnloadMap] Unloading
[Info   :  SHCDE-SE] [T1-22:11:51.977] [GameTimeManagerAPI] [OnUnloadMap] Unloading
[Info   :  SHCDE-SE] [T1-22:11:51.978] [GameAfterImageManager] [OnUnloadMap] Unloading active effects
[Info   :  SHCDE-SE] [T1-22:11:51.978] [GameBundleManager] [OnUnloadMap] Unloading
[Info   :  SHCDE-SE] [T1-22:11:51.996] [GameMapArchiveManagerAPI] [OnUnloadMap] Unloading archive
[Info   :  SHCDE-SE] [T1-22:11:51.996] [GameMapArchiveManagerAPI] [RemoveActiveArchive] Attempting to remove active archive
[Info   :  SHCDE-SE] [T1-22:11:51.996] [DeterministicRandom] [OnUnloadMap] uninitializing shared state.
[Info   :  SHCDE-SE] [T1-22:11:51.996] [GamePlayerManagerAPI] [OnUnloadMap] Unloading
[Info   :  SHCDE-SE] [T1-22:11:51.996] [GameUnitManagerAPI] [OnUnloadMap] Unloading
[Info   :  SHCDE-SE] [T1-22:11:51.996] [GameBuildingManagerAPI] [OnUnloadMap] Unloading
[Info   :  SHCDE-SE] [T1-22:11:51.996] [GameMetadataManagerAPI] [OnUnloadMap] Unloading metadata
[Info   :  SHCDE-SE] [T1-22:11:51.996] [GameSoundManagerAPI] [Unload] Unloading sounds
[Info   :  SHCDE-SE] [T1-22:11:51.996] [GameSoundManagerAPI] [Unload] Unloading sounds complete
[Info   :  SHCDE-SE] [T1-22:11:51.996] [GameTriggerManager] [OnUnloadMap] Unloading
[Info   :  SHCDE-SE] [T1-22:11:51.996] [GameTimeManagerAPI] [OnUnloadMap] Unloading
[Info   :  SHCDE-SE] [T1-22:11:51.996] [GameAfterImageManager] [OnUnloadMap] Unloading active effects
[Info   :  SHCDE-SE] [T1-22:11:51.996] [GameBundleManager] [OnUnloadMap] Unloading
[Info   :  SHCDE-SE] [T1-22:11:52.000] [BulkMapLoaderDetours] [c_game_unload_map_hook_impl] pTileManager=00007FFAAE2DEDB0, preventNotification=False
[Info   :  SHCDE-SE] [T1-22:11:52.000] [GameMapArchiveManagerAPI] [OnUnloadMap] Unloading archive
[Info   :  SHCDE-SE] [T1-22:11:52.000] [GameMapArchiveManagerAPI] [RemoveActiveArchive] Attempting to remove active archive
[Info   :  SHCDE-SE] [T1-22:11:52.000] [LuaManager] [OnUnloadMap] Attempting to unload lua state due to event, phase: Pre
[Info   :  SHCDE-SE] [T1-22:11:52.000] [LuaManager] [TryUnload] Attempting to unload lua state
[Warning:  SHCDE-SE] [T1-22:11:52.000] [LuaManager] [TryUnload] Lua state already unloaded!
[Info   :  SHCDE-SE] [T1-22:11:52.000] [DeterministicRandom] [OnUnloadMap] uninitializing shared state.
[Info   :  SHCDE-SE] [T1-22:11:52.000] [GamePlayerManagerAPI] [OnUnloadMap] Unloading
[Info   :  SHCDE-SE] [T1-22:11:52.000] [GameUnitManagerAPI] [OnUnloadMap] Unloading
[Info   :  SHCDE-SE] [T1-22:11:52.000] [GameBuildingManagerAPI] [OnUnloadMap] Unloading
[Info   :  SHCDE-SE] [T1-22:11:52.000] [GameMetadataManagerAPI] [OnUnloadMap] Unloading metadata
[Info   :  SHCDE-SE] [T1-22:11:52.000] [GameSoundManagerAPI] [Unload] Unloading sounds
[Info   :  SHCDE-SE] [T1-22:11:52.000] [GameSoundManagerAPI] [Unload] Unloading sounds complete
[Info   :  SHCDE-SE] [T1-22:11:52.000] [GameTriggerManager] [OnUnloadMap] Unloading
[Info   :  SHCDE-SE] [T1-22:11:52.000] [GameTimeManagerAPI] [OnUnloadMap] Unloading
[Info   :  SHCDE-SE] [T1-22:11:52.000] [GameAfterImageManager] [OnUnloadMap] Unloading active effects
[Info   :  SHCDE-SE] [T1-22:11:52.000] [GameBundleManager] [OnUnloadMap] Unloading
[Info   :  SHCDE-SE] [T1-22:11:52.015] [GameMapArchiveManagerAPI] [OnUnloadMap] Unloading archive
[Info   :  SHCDE-SE] [T1-22:11:52.015] [GameMapArchiveManagerAPI] [RemoveActiveArchive] Attempting to remove active archive
[Info   :  SHCDE-SE] [T1-22:11:52.015] [DeterministicRandom] [OnUnloadMap] uninitializing shared state.
[Info   :  SHCDE-SE] [T1-22:11:52.015] [GamePlayerManagerAPI] [OnUnloadMap] Unloading
[Info   :  SHCDE-SE] [T1-22:11:52.015] [GameUnitManagerAPI] [OnUnloadMap] Unloading
[Info   :  SHCDE-SE] [T1-22:11:52.016] [GameBuildingManagerAPI] [OnUnloadMap] Unloading
[Info   :  SHCDE-SE] [T1-22:11:52.016] [GameMetadataManagerAPI] [OnUnloadMap] Unloading metadata
[Info   :  SHCDE-SE] [T1-22:11:52.016] [GameSoundManagerAPI] [Unload] Unloading sounds
[Info   :  SHCDE-SE] [T1-22:11:52.016] [GameSoundManagerAPI] [Unload] Unloading sounds complete
[Info   :  SHCDE-SE] [T1-22:11:52.016] [GameTriggerManager] [OnUnloadMap] Unloading
[Info   :  SHCDE-SE] [T1-22:11:52.016] [GameTimeManagerAPI] [OnUnloadMap] Unloading
[Info   :  SHCDE-SE] [T1-22:11:52.016] [GameAfterImageManager] [OnUnloadMap] Unloading active effects
[Info   :  SHCDE-SE] [T1-22:11:52.016] [GameBundleManager] [OnUnloadMap] Unloading
[Info   :AIV Lobby Preset Test] Preset Prepare entered; config=E:\ProgrammeE\Steam\steamapps\common\Stronghold Crusader Definitive Edition\BepInEx\config\AivLobbyPresetTest.json, lobby=True
[Info   :AIV Lobby Preset Test] Test series run 1/4: DL-forward-off, Completed Castles=0
[Info   :AIV Lobby Preset Test] Validated lobby preset: test AI overbuild eachother.map, players=5, mapSha256=D63CD2FF3AEABA80BC3BC173BB615207666F1EAF759ECAC573FAD0DA61979DF3
[Warning:  SHCDE-SE] [T1-22:11:52.095] [MapArchive] [.ctor] ZIP EOCD-Header not found for [E:\ProgrammeE\Steam\steamapps\common\Stronghold Crusader Definitive Edition\Stronghold Crusader Definitive Edition_Data\StreamingAssets\Maps\Crater Lake.map]. Not a valid archive.
[Warning:  SHCDE-SE] [T1-22:11:52.102] [MapArchive] [.ctor] ZIP EOCD-Header not found for [E:\ProgrammeE\Steam\steamapps\common\Stronghold Crusader Definitive Edition\Stronghold Crusader Definitive Edition_Data\StreamingAssets\Maps\Crater Lake.map]. Not a valid archive.
[Warning:  SHCDE-SE] [T1-22:11:52.108] [MapArchive] [.ctor] ZIP EOCD-Header not found for [E:\ProgrammeE\Steam\steamapps\common\Stronghold Crusader Definitive Edition\Stronghold Crusader Definitive Edition_Data\StreamingAssets\Maps\Crater Lake.map]. Not a valid archive.
[Info   :CastlePlanner] [2026-09-24 22:11:52.114] AIV lobby placement: active=True, host=True.
[Debug  :Bugfixes and QoL] [2026-09-24 22:11:52.127] Bugfixes and QoL market-goods visuals resolved: icons=20/20, localizedNames=20/20, gameSprites=747.
[Debug  :Extended Data] [2026-09-24 22:11:52.332] Initialized custom presentation for Coop Trail 1; phase=loaded.
[Debug  :Extended Data] [2026-09-24 22:11:52.332] Initialized custom presentation for Coop Trail 2; phase=loaded.
[Debug  :Extended Data] [2026-09-24 22:11:52.332] Initialized custom presentation for Coop Trail 3; phase=loaded.
[Debug  :Extended Data] [2026-09-24 22:11:52.332] Initialized custom presentation for Coop Trail 4; phase=loaded.
[Info   :AIV Lobby Preset Test] Lobby observed: skirmish=True, host=True, visible=True, panelActive=True, managedViewNull=False, noesisViewNull=False
[Info   :AIV Lobby Preset Test] Lobby bridge before Tick: assembly=E:\ProgrammeE\Steam\steamapps\common\Stronghold Crusader Definitive Edition\BepInEx\plugins\APIShared_Serp\APIShared.dll, owner=AivLobbyPresetTest_Serp, callback=AivLobbyPresetTest.AivLobbyPresetTestPlugin, sameLobby=True, prepared=False, active=True, applyAttempted=False
[Info   :AIV Lobby Preset Test] Preset Prepare entered; config=E:\ProgrammeE\Steam\steamapps\common\Stronghold Crusader Definitive Edition\BepInEx\config\AivLobbyPresetTest.json, lobby=True
[Info   :AIV Lobby Preset Test] Test series run 1/4: DL-forward-off, Completed Castles=0
[Info   :AIV Lobby Preset Test] Validated lobby preset: test AI overbuild eachother.map, players=5, mapSha256=D63CD2FF3AEABA80BC3BC173BB615207666F1EAF759ECAC573FAD0DA61979DF3
[Info   :AIV Lobby Preset Test] Preset Apply entered; map=C:\Users\Serpens66\AppData\LocalLow\Firefly Studios\Stronghold Crusader Definitive Edition\Maps\test AI overbuild eachother.map, players=5
[Info   :  SHCDE-SE] [T1-22:11:52.373] [MapArchive] [.ctor] Reading ZIP data from offset: 00359DCA
[Info   :  SHCDE-SE] [T1-22:11:52.379] [MapArchive] [.ctor] Reading ZIP data from offset: 00359DCA
[Warning:  SHCDE-SE] [T1-22:11:52.379] [MapArchive] [TryLoad] No info.json found: C:\Users\Serpens66\AppData\LocalLow\Firefly Studios\Stronghold Crusader Definitive Edition\Maps\test AI overbuild eachother.map
[Info   :AIV Lobby Preset Test] Preset player=1 lord=human keepSlot=4 keep=458,351
[Info   :AIV Lobby Preset Test] Preset player=2 lord=17 keepSlot=0 keep=237,397 AIVs=Default 2 rotation=auto aivDataSha256=4F99F5AC0340057147C05E8F22E11341FF7429BF6671EAFB54D45865523F5D5C
[Info   :AIV Lobby Preset Test] Preset player=3 lord=3 keepSlot=3 keep=278,395 AIVs=Default 8 rotation=auto aivDataSha256=7EE4519EAFBC46C7C1954F2941BC6F1C72BCC8E26853476BA053A8D168BB7110
[Info   :AIV Lobby Preset Test] Preset player=4 lord=12 keepSlot=1 keep=254,379 AIVs=Default 6 rotation=auto aivDataSha256=F1D404B8018A15FA56F7ED340D54FFC544CBC507589C2DD757D4E6C00CE64158
[Info   :AIV Lobby Preset Test] Preset player=5 lord=14 keepSlot=2 keep=258,417 AIVs=Default 7 rotation=auto aivDataSha256=DE54F8D2382B33263BBF3F8E8C6E1C9D64DFFEE9AEFC4F49F622557084BD8D1D
[Info   :AIV Lobby Preset Test] Test series preset applied: DL-forward-off, Completed Castles=0.
[Info   :AIV Lobby Preset Test] Lobby bridge after Tick: assembly=E:\ProgrammeE\Steam\steamapps\common\Stronghold Crusader Definitive Edition\BepInEx\plugins\APIShared_Serp\APIShared.dll, owner=AivLobbyPresetTest_Serp, callback=AivLobbyPresetTest.AivLobbyPresetTestPlugin, sameLobby=True, prepared=True, active=True, applyAttempted=True
[Info   :CastlePlanner] [2026-09-24 22:11:52.643] AIV lobby placement result: generation=2, playerId=2, preBuild=0, status=Complete, evaluableCandidates=1/1, selectedCandidate=0, rotation=Degrees270, possibleCandidates=0, possibleRotations=Degrees270, reason=None: .
[Info   :CastlePlanner] [2026-09-24 22:11:52.643] AIV lobby placement result: generation=2, playerId=3, preBuild=0, status=NotEvaluable, evaluableCandidates=0/1, selectedCandidate=none, rotation=unknown, possibleCandidates=unproven, possibleRotations=unproven, reason=PriorAiSelectionUnknown: A possible earlier start cannot be proven (StartOverlapUnproven: An earlier AI start may clear a connected building record whose fit-layer effects are not reconstructed.)..
[Info   :CastlePlanner] [2026-09-24 22:11:52.644] AIV lobby placement result: generation=2, playerId=4, preBuild=0, status=NotEvaluable, evaluableCandidates=0/0, selectedCandidate=none, rotation=unknown, possibleCandidates=unproven, possibleRotations=unproven, reason=PriorAiSelectionUnknown: Earlier AI player 3 has no proven start state (StartOverlapUnproven: a possible candidate, rotation or start marker is not proven)..
[Info   :CastlePlanner] [2026-09-24 22:11:52.644] AIV lobby placement result: generation=2, playerId=5, preBuild=0, status=NotEvaluable, evaluableCandidates=0/0, selectedCandidate=none, rotation=unknown, possibleCandidates=unproven, possibleRotations=unproven, reason=PriorAiSelectionUnknown: Earlier AI player 3 has no proven start state (StartOverlapUnproven: a possible candidate, rotation or start marker is not proven)..
[Info   :Active AIV Detector] [2026-09-24 22:11:54.270] Captured skirmish option before StartSkirmishGame: advopt_pre_build=0, mode=disabled.
[Info   :Active AIV Detector] [2026-09-24 22:11:54.271] Captured lord/AIV metadata for 4 AI lobby slots before StartSkirmishGame.
[Info   :  SHCDE-SE] [T1-22:11:54.309] [BulkMapLoaderDetours] [c_game_unload_map_hook_impl] pTileManager=00007FFAAE2DEDB0, preventNotification=False
[Info   :  SHCDE-SE] [T1-22:11:54.309] [GameMapArchiveManagerAPI] [OnUnloadMap] Unloading archive
[Info   :  SHCDE-SE] [T1-22:11:54.309] [GameMapArchiveManagerAPI] [RemoveActiveArchive] Attempting to remove active archive
[Info   :  SHCDE-SE] [T1-22:11:54.309] [LuaManager] [OnUnloadMap] Attempting to unload lua state due to event, phase: Pre
[Info   :  SHCDE-SE] [T1-22:11:54.309] [LuaManager] [TryUnload] Attempting to unload lua state
[Warning:  SHCDE-SE] [T1-22:11:54.309] [LuaManager] [TryUnload] Lua state already unloaded!
[Info   :  SHCDE-SE] [T1-22:11:54.309] [DeterministicRandom] [OnUnloadMap] uninitializing shared state.
[Info   :  SHCDE-SE] [T1-22:11:54.309] [GamePlayerManagerAPI] [OnUnloadMap] Unloading
[Info   :  SHCDE-SE] [T1-22:11:54.309] [GameUnitManagerAPI] [OnUnloadMap] Unloading
[Info   :  SHCDE-SE] [T1-22:11:54.309] [GameBuildingManagerAPI] [OnUnloadMap] Unloading
[Info   :  SHCDE-SE] [T1-22:11:54.309] [GameMetadataManagerAPI] [OnUnloadMap] Unloading metadata
[Info   :  SHCDE-SE] [T1-22:11:54.309] [GameSoundManagerAPI] [Unload] Unloading sounds
[Info   :  SHCDE-SE] [T1-22:11:54.309] [GameSoundManagerAPI] [Unload] Unloading sounds complete
[Info   :  SHCDE-SE] [T1-22:11:54.309] [GameTriggerManager] [OnUnloadMap] Unloading
[Info   :  SHCDE-SE] [T1-22:11:54.309] [GameTimeManagerAPI] [OnUnloadMap] Unloading
[Info   :  SHCDE-SE] [T1-22:11:54.309] [GameAfterImageManager] [OnUnloadMap] Unloading active effects
[Info   :  SHCDE-SE] [T1-22:11:54.309] [GameBundleManager] [OnUnloadMap] Unloading
[Info   :  SHCDE-SE] [T1-22:11:54.325] [GameMapArchiveManagerAPI] [OnUnloadMap] Unloading archive
[Info   :  SHCDE-SE] [T1-22:11:54.325] [GameMapArchiveManagerAPI] [RemoveActiveArchive] Attempting to remove active archive
[Info   :  SHCDE-SE] [T1-22:11:54.325] [DeterministicRandom] [OnUnloadMap] uninitializing shared state.
[Info   :  SHCDE-SE] [T1-22:11:54.325] [GamePlayerManagerAPI] [OnUnloadMap] Unloading
[Info   :  SHCDE-SE] [T1-22:11:54.325] [GameUnitManagerAPI] [OnUnloadMap] Unloading
[Info   :  SHCDE-SE] [T1-22:11:54.325] [GameBuildingManagerAPI] [OnUnloadMap] Unloading
[Info   :  SHCDE-SE] [T1-22:11:54.325] [GameMetadataManagerAPI] [OnUnloadMap] Unloading metadata
[Info   :  SHCDE-SE] [T1-22:11:54.325] [GameSoundManagerAPI] [Unload] Unloading sounds
[Info   :  SHCDE-SE] [T1-22:11:54.325] [GameSoundManagerAPI] [Unload] Unloading sounds complete
[Info   :  SHCDE-SE] [T1-22:11:54.325] [GameTriggerManager] [OnUnloadMap] Unloading
[Info   :  SHCDE-SE] [T1-22:11:54.325] [GameTimeManagerAPI] [OnUnloadMap] Unloading
[Info   :  SHCDE-SE] [T1-22:11:54.325] [GameAfterImageManager] [OnUnloadMap] Unloading active effects
[Info   :  SHCDE-SE] [T1-22:11:54.325] [GameBundleManager] [OnUnloadMap] Unloading
[Info   :  SHCDE-SE] [T1-22:11:54.329] [BulkMapLoaderDetours] [c_game_unload_map_hook_impl] pTileManager=00007FFAAE2DEDB0, preventNotification=False
[Info   :  SHCDE-SE] [T1-22:11:54.329] [GameMapArchiveManagerAPI] [OnUnloadMap] Unloading archive
[Info   :  SHCDE-SE] [T1-22:11:54.329] [GameMapArchiveManagerAPI] [RemoveActiveArchive] Attempting to remove active archive
[Info   :  SHCDE-SE] [T1-22:11:54.329] [LuaManager] [OnUnloadMap] Attempting to unload lua state due to event, phase: Pre
[Info   :  SHCDE-SE] [T1-22:11:54.329] [LuaManager] [TryUnload] Attempting to unload lua state
[Warning:  SHCDE-SE] [T1-22:11:54.329] [LuaManager] [TryUnload] Lua state already unloaded!
[Info   :  SHCDE-SE] [T1-22:11:54.329] [DeterministicRandom] [OnUnloadMap] uninitializing shared state.
[Info   :  SHCDE-SE] [T1-22:11:54.329] [GamePlayerManagerAPI] [OnUnloadMap] Unloading
[Info   :  SHCDE-SE] [T1-22:11:54.329] [GameUnitManagerAPI] [OnUnloadMap] Unloading
[Info   :  SHCDE-SE] [T1-22:11:54.329] [GameBuildingManagerAPI] [OnUnloadMap] Unloading
[Info   :  SHCDE-SE] [T1-22:11:54.329] [GameMetadataManagerAPI] [OnUnloadMap] Unloading metadata
[Info   :  SHCDE-SE] [T1-22:11:54.329] [GameSoundManagerAPI] [Unload] Unloading sounds
[Info   :  SHCDE-SE] [T1-22:11:54.329] [GameSoundManagerAPI] [Unload] Unloading sounds complete
[Info   :  SHCDE-SE] [T1-22:11:54.329] [GameTriggerManager] [OnUnloadMap] Unloading
[Info   :  SHCDE-SE] [T1-22:11:54.329] [GameTimeManagerAPI] [OnUnloadMap] Unloading
[Info   :  SHCDE-SE] [T1-22:11:54.329] [GameAfterImageManager] [OnUnloadMap] Unloading active effects
[Info   :  SHCDE-SE] [T1-22:11:54.329] [GameBundleManager] [OnUnloadMap] Unloading
[Info   :  SHCDE-SE] [T1-22:11:54.346] [GameMapArchiveManagerAPI] [OnUnloadMap] Unloading archive
[Info   :  SHCDE-SE] [T1-22:11:54.346] [GameMapArchiveManagerAPI] [RemoveActiveArchive] Attempting to remove active archive
[Info   :  SHCDE-SE] [T1-22:11:54.346] [DeterministicRandom] [OnUnloadMap] uninitializing shared state.
[Info   :  SHCDE-SE] [T1-22:11:54.346] [GamePlayerManagerAPI] [OnUnloadMap] Unloading
[Info   :  SHCDE-SE] [T1-22:11:54.346] [GameUnitManagerAPI] [OnUnloadMap] Unloading
[Info   :  SHCDE-SE] [T1-22:11:54.346] [GameBuildingManagerAPI] [OnUnloadMap] Unloading
[Info   :  SHCDE-SE] [T1-22:11:54.346] [GameMetadataManagerAPI] [OnUnloadMap] Unloading metadata
[Info   :  SHCDE-SE] [T1-22:11:54.346] [GameSoundManagerAPI] [Unload] Unloading sounds
[Info   :  SHCDE-SE] [T1-22:11:54.346] [GameSoundManagerAPI] [Unload] Unloading sounds complete
[Info   :  SHCDE-SE] [T1-22:11:54.346] [GameTriggerManager] [OnUnloadMap] Unloading
[Info   :  SHCDE-SE] [T1-22:11:54.346] [GameTimeManagerAPI] [OnUnloadMap] Unloading
[Info   :  SHCDE-SE] [T1-22:11:54.346] [GameAfterImageManager] [OnUnloadMap] Unloading active effects
[Info   :  SHCDE-SE] [T1-22:11:54.346] [GameBundleManager] [OnUnloadMap] Unloading
[Info   :  SHCDE-SE] [T1-22:11:54.347] [BulkAIDetours] [c_game_dll_importaiv_hook_impl] Loaded AIV bank=-1, variant=-1, elementCount=0, isCustom=0
[Info   :  SHCDE-SE] [T1-22:11:54.347] [BulkAIDetours] [c_game_dll_importaiv_hook_impl] Loaded AIV bank=1, variant=0, elementCount=1409, isCustom=1
[Info   :  SHCDE-SE] [T1-22:11:54.348] [BulkAIDetours] [c_game_dll_importaiv_hook_impl] Loaded AIV bank=2, variant=0, elementCount=1562, isCustom=1
[Info   :  SHCDE-SE] [T1-22:11:54.348] [BulkAIDetours] [c_game_dll_importaiv_hook_impl] Loaded AIV bank=3, variant=0, elementCount=1678, isCustom=1
[Info   :  SHCDE-SE] [T1-22:11:54.348] [BulkAIDetours] [c_game_dll_importaiv_hook_impl] Loaded AIV bank=4, variant=0, elementCount=651, isCustom=1
[Info   : APIShared] [2026-09-24 22:11:54.350] MissionInitialization: session=1, source=NewGame, mode=CustomGame, phase=BeforeLoad, reason=None, started=False, replay=False.
[Info   :Active AIV Detector] [2026-09-24 22:11:54.351] Active AIV detector reset for map load; waiting for finalized AI selections. retainedPendingLobbyMetadata=True, retainedPendingPreBuildSetting=True.
[Info   :Unit Limit] [2026-09-24 22:11:54.405] [Unit Limit] gameplay-mod gate: modGuid=UnitLimit_Serp, source=MissionInitialization(BeforeLoad, session=1), kind=CustomGame, launchVariant=Standard, customized=False, customizedOrigin=0, modeAllowed=True, configuredEnabled=True, effectiveEnabled=True, action=enabled, reason=custom-game.
[Info   :Unit Limit] [2026-09-24 22:11:54.405] [UnitLimit_Serp] gameplay-feature gate: feature=UnitLimitEnforcement, source=MissionInitialization(BeforeLoad, session=1), kind=CustomGame, launchVariant=Standard, realMultiplayer=False, modeAllowed=True, action=enabled, reason=feature-context-allowed.
[Debug  :Unit Limit] [2026-09-24 22:11:54.405] Subscribing unit limit runtime hooks
[Debug  :Unit Limit] [2026-09-24 22:11:54.406] ActiveUnitCache hooks subscribed.
[Debug  :Unit Limit] [2026-09-24 22:11:54.406] ActiveSiegeTentCache hooks subscribed.
[Debug  :Unit Limit] [2026-09-24 22:11:54.407] UnitLimit MakeTroop GameAction hook installed.
[Debug  :Unit Limit] [2026-09-24 22:11:54.411] UnitLimit create troop hover hooks installed.
[Debug  :Unit Limit] [2026-09-24 22:11:54.412] UnitLimit recruitment availability UI hook installed.
[Debug  :Unit Limit] [2026-09-24 22:11:54.412] UnitLimit siege build hover hooks installed.
[Debug  :Unit Limit] [2026-09-24 22:11:54.414] Unit limit runtime hooks subscribed
[Debug  :Unit Limit] [2026-09-24 22:11:54.415] Applied active unit limit rules: 32
[Info   :Extra Features] [2026-09-24 22:11:54.419] [Extra Features] gameplay-mod gate: modGuid=ExtraFeatures_Serp, source=MissionInitialization(BeforeLoad, session=1), kind=CustomGame, launchVariant=Standard, customized=False, customizedOrigin=0, modeAllowed=True, configuredEnabled=True, effectiveEnabled=True, action=enabled, reason=custom-game.
[Info   :Extra Features] [2026-09-24 22:11:54.419] [ExtraFeatures_Serp] gameplay-feature gate: feature=LordHealthMultipliers, source=MissionInitialization(BeforeLoad, session=1), kind=CustomGame, launchVariant=Standard, realMultiplayer=False, modeAllowed=True, action=enabled, reason=feature-context-allowed.
[Info   :  SHCDE-SE] [T1-22:11:54.424] [X64InlineHook] ["drawbridgeHeightFailureWriterHook"] compiled stub at 0x00007FFA3A3F4C30, size: 255 bytes (target: 0x00007FFAAA2F870B).
[Info   :  SHCDE-SE] [T1-22:11:54.424] [X64InlineHook] ["aivAudienceCaptureHook"] compiled stub at 0x00007FFA3A3F4F90, size: 270 bytes (target: 0x00007FFAAA2D9730).
[Info   :  SHCDE-SE] [T1-22:11:54.424] [X64InlineHook] ["aivHeightGateHook"] compiled stub at 0x00007FFA3A3F5340, size: 81 bytes (target: 0x00007FFAAA2D9827).
[Info   :  SHCDE-SE] [T1-22:11:54.425] [X64InlineHook] ["moatCommandHeightGateHook"] compiled stub at 0x00007FFA3A3F5460, size: 104 bytes (target: 0x00007FFAAA2DCC1E).
[Info   :  SHCDE-SE] [T1-22:11:54.425] [X64InlineHook] ["sharedHeightGateHook"] compiled stub at 0x00007FFA3A3F5600, size: 116 bytes (target: 0x00007FFAAA2F04CC).
[Info   :  SHCDE-SE] [T1-22:11:54.425] [X64InlineHook] ["aivCompletedHeightHook"] compiled stub at 0x00007FFA3A3F57E0, size: 272 bytes (target: 0x00007FFAAA2D99E7).
[Info   :  SHCDE-SE] [T1-22:11:54.426] [X64InlineHook] ["excavationCompletedHeightHook"] compiled stub at 0x00007FFA3A3F5B70, size: 271 bytes (target: 0x00007FFAAA2E3A65).
[Info   :  SHCDE-SE] [T1-22:11:54.426] [X64InlineHook] ["loweredDrawbridgeHeightWriteHook"] compiled stub at 0x00007FFA3A3F5F00, size: 73 bytes (target: 0x00007FFAAA2E4546).
[Info   :  SHCDE-SE] [T1-22:11:54.427] [X64InlineHook] ["directCompletedHeightHook"] compiled stub at 0x00007FFA3A3F6010, size: 277 bytes (target: 0x00007FFAAA2F05F7).
[Info   :  SHCDE-SE] [T1-22:11:54.427] [X64InlineHook] ["completedDrawbridgeHeightWriteHook"] compiled stub at 0x00007FFA3A3F63A0, size: 89 bytes (target: 0x00007FFAAA2F3B35).
[Info   :  SHCDE-SE] [T1-22:11:54.428] [X64InlineHook] ["drawbridgeSpecialRendererHook"] compiled stub at 0x00007FFA3A3F64D0, size: 100 bytes (target: 0x00007FFAAA2C5820).
[Info   :  SHCDE-SE] [T1-22:11:54.429] [X64InlineHook] ["drawbridgeAnimatedRendererArgumentsHook"] compiled stub at 0x00007FFA3A3F6660, size: 116 bytes (target: 0x00007FFAAA2C3BA2).
[Info   :  SHCDE-SE] [T1-22:11:54.430] [X64InlineHook] ["drawbridgeStaticRendererArgumentsHook"] compiled stub at 0x00007FFA3A3F67F0, size: 90 bytes (target: 0x00007FFAAA2C4EDD).
[Info   :  SHCDE-SE] [T1-22:11:54.431] [X64InlineHook] ["unitDrawbridgeHeightCorrectionHook"] compiled stub at 0x00007FFA3A410000, size: 100 bytes (target: 0x00007FFAAA40511C).
[Info   :  SHCDE-SE] [T1-22:11:54.431] [X64InlineHook] ["plannedMoatCancellationHook"] compiled stub at 0x00007FFA3A410140, size: 270 bytes (target: 0x00007FFAAA2F0562).
[Info   :  SHCDE-SE] [T1-22:11:54.431] [X64InlineHook] ["directRemovalHeightHook"] compiled stub at 0x00007FFA3A4104F0, size: 278 bytes (target: 0x00007FFAAA2F0621).
[Info   :  SHCDE-SE] [T1-22:11:54.431] [X64InlineHook] ["footprintRemovalHeightHook"] compiled stub at 0x00007FFA3A410890, size: 270 bytes (target: 0x00007FFAAA2E23DA).
[Info   :  SHCDE-SE] [T1-22:11:54.431] [X64InlineHook] ["objectRemovalHeightHook"] compiled stub at 0x00007FFA3A410C10, size: 274 bytes (target: 0x00007FFAAA2ECAA1).
[Info   :  SHCDE-SE] [T1-22:11:54.431] [X64InlineHook] ["moatWorkCompletionHeightHook"] compiled stub at 0x00007FFA3A410F90, size: 277 bytes (target: 0x00007FFAAA2E94BD).
[Info   :  SHCDE-SE] [T1-22:11:54.431] [X64InlineHook] ["areaRemovalHeightHook"] compiled stub at 0x00007FFA3A411320, size: 276 bytes (target: 0x00007FFAAA36DA77).
[Info   :  SHCDE-SE] [T1-22:11:54.431] [X64InlineHook] ["drawbridgeHeightFailureWriterHook"] hook enabled at 0x00007FFAAA2F870B, stub 0x00007FFA3A3F4C30.
[Info   :  SHCDE-SE] [T1-22:11:54.432] [X64InlineHook] ["aivAudienceCaptureHook"] hook enabled at 0x00007FFAAA2D9730, stub 0x00007FFA3A3F4F90.
[Info   :  SHCDE-SE] [T1-22:11:54.432] [X64InlineHook] ["aivHeightGateHook"] hook enabled at 0x00007FFAAA2D9827, stub 0x00007FFA3A3F5340.
[Info   :  SHCDE-SE] [T1-22:11:54.432] [X64InlineHook] ["moatCommandHeightGateHook"] hook enabled at 0x00007FFAAA2DCC1E, stub 0x00007FFA3A3F5460.
[Info   :  SHCDE-SE] [T1-22:11:54.432] [X64InlineHook] ["sharedHeightGateHook"] hook enabled at 0x00007FFAAA2F04CC, stub 0x00007FFA3A3F5600.
[Info   :  SHCDE-SE] [T1-22:11:54.432] [X64InlineHook] ["aivCompletedHeightHook"] hook enabled at 0x00007FFAAA2D99E7, stub 0x00007FFA3A3F57E0.
[Info   :  SHCDE-SE] [T1-22:11:54.432] [X64InlineHook] ["excavationCompletedHeightHook"] hook enabled at 0x00007FFAAA2E3A65, stub 0x00007FFA3A3F5B70.
[Info   :  SHCDE-SE] [T1-22:11:54.432] [X64InlineHook] ["loweredDrawbridgeHeightWriteHook"] hook enabled at 0x00007FFAAA2E4546, stub 0x00007FFA3A3F5F00.
[Info   :  SHCDE-SE] [T1-22:11:54.432] [X64InlineHook] ["directCompletedHeightHook"] hook enabled at 0x00007FFAAA2F05F7, stub 0x00007FFA3A3F6010.
[Info   :  SHCDE-SE] [T1-22:11:54.432] [X64InlineHook] ["completedDrawbridgeHeightWriteHook"] hook enabled at 0x00007FFAAA2F3B35, stub 0x00007FFA3A3F63A0.
[Info   :  SHCDE-SE] [T1-22:11:54.432] [X64InlineHook] ["drawbridgeSpecialRendererHook"] hook enabled at 0x00007FFAAA2C5820, stub 0x00007FFA3A3F64D0.
[Info   :  SHCDE-SE] [T1-22:11:54.432] [X64InlineHook] ["drawbridgeAnimatedRendererArgumentsHook"] hook enabled at 0x00007FFAAA2C3BA2, stub 0x00007FFA3A3F6660.
[Info   :  SHCDE-SE] [T1-22:11:54.432] [X64InlineHook] ["drawbridgeStaticRendererArgumentsHook"] hook enabled at 0x00007FFAAA2C4EDD, stub 0x00007FFA3A3F67F0.
[Info   :  SHCDE-SE] [T1-22:11:54.432] [X64InlineHook] ["unitDrawbridgeHeightCorrectionHook"] hook enabled at 0x00007FFAAA40511C, stub 0x00007FFA3A410000.
[Info   :  SHCDE-SE] [T1-22:11:54.432] [X64InlineHook] ["plannedMoatCancellationHook"] hook enabled at 0x00007FFAAA2F0562, stub 0x00007FFA3A410140.
[Info   :  SHCDE-SE] [T1-22:11:54.432] [X64InlineHook] ["directRemovalHeightHook"] hook enabled at 0x00007FFAAA2F0621, stub 0x00007FFA3A4104F0.
[Info   :  SHCDE-SE] [T1-22:11:54.432] [X64InlineHook] ["footprintRemovalHeightHook"] hook enabled at 0x00007FFAAA2E23DA, stub 0x00007FFA3A410890.
[Info   :  SHCDE-SE] [T1-22:11:54.432] [X64InlineHook] ["objectRemovalHeightHook"] hook enabled at 0x00007FFAAA2ECAA1, stub 0x00007FFA3A410C10.
[Info   :  SHCDE-SE] [T1-22:11:54.432] [X64InlineHook] ["moatWorkCompletionHeightHook"] hook enabled at 0x00007FFAAA2E94BD, stub 0x00007FFA3A410F90.
[Info   :  SHCDE-SE] [T1-22:11:54.432] [X64InlineHook] ["areaRemovalHeightHook"] hook enabled at 0x00007FFAAA36DA77, stub 0x00007FFA3A411320.
[Info   :  SHCDE-SE] [T1-22:11:54.432] [HookTransaction[.ctor]] Commit: "20/20 installed, 0 failed, 8ms (0ms scanning)"
[Info   :Extra Features] [2026-09-24 22:11:54.432] Extra Features elevated-moat active; AI=True, human=False, editor=true, adaptiveDepth=8, healthReportInterval=4096 corrections.
[Debug  :Extra Features] [2026-09-24 22:11:54.432] Native address resolved: name=AI AIV placement helper, method=reference-rva, rva=0x5CD90.
[Info   :  SHCDE-SE] [T1-22:11:54.432] [Detour:placementHook] ["placementHook"] prepared at 0x00007FFAAA2DCD90 using Indirect: 10 bytes displaced, trampoline 0x00007FFA3A4116A0.
[Info   :  SHCDE-SE] [T1-22:11:54.486] [HookTransaction[CreateOwnedTransaction]] Commit: "1/1 installed, 0 failed, 53ms (0ms scanning)"
[Debug  :Extra Features] [2026-09-24 22:11:54.486] AI defense rebuild registered through APIShared; placement hook installed at RVA 0x5CD90.
[Debug  :Extra Features] [2026-09-24 22:11:54.486] Extra Features apothecary plague-search maximum is now 50 (configured).
[Debug  :Extra Features] [2026-09-24 22:11:54.487] Extra Features feature hooks reconciled.
[Info   :Extra Features] [2026-09-24 22:11:54.487] Extra Features church priest counts applied: enabled=True, church2=2, church3=3.
[Debug  :Extra Features] [2026-09-24 22:11:54.488] Extra Features gatehouse diagnostic: button visibility state: hidden: map-inactive, editor=False.
[Info   :Building Costs] [2026-09-24 22:11:54.490] [Building Costs] gameplay-mod gate: modGuid=BuildingCosts_Serp, source=MissionInitialization(BeforeLoad, session=1), kind=CustomGame, launchVariant=Standard, customized=False, customizedOrigin=0, modeAllowed=True, configuredEnabled=True, effectiveEnabled=True, action=enabled, reason=custom-game.
[Info   :Building Costs] [2026-09-24 22:11:54.490] [BuildingCosts_Serp] gameplay-feature gate: feature=BuildingCostTooltip, source=MissionInitialization(BeforeLoad, session=1), kind=CustomGame, launchVariant=Standard, realMultiplayer=False, modeAllowed=True, action=enabled, reason=feature-context-allowed.
[Debug  :Building Costs] [2026-09-24 22:11:54.514] HUD_Main.UpdateRollover hook installed
[Debug  :Building Costs] [2026-09-24 22:11:54.514] Building cost runtime hooks subscribed
[Debug  :Building Costs] [2026-09-24 22:11:54.517] Applied building cost materials: 0
[Info   :Building Limit] [2026-09-24 22:11:54.517] [Building Limit] gameplay-mod gate: modGuid=BuildingLimit_Serp, source=MissionInitialization(BeforeLoad, session=1), kind=CustomGame, launchVariant=Standard, customized=False, customizedOrigin=0, modeAllowed=True, configuredEnabled=True, effectiveEnabled=True, action=enabled, reason=custom-game.
[Info   :Building Limit] [2026-09-24 22:11:54.517] [BuildingLimit_Serp] gameplay-feature gate: feature=BuildingLimitEnforcement, source=MissionInitialization(BeforeLoad, session=1), kind=CustomGame, launchVariant=Standard, realMultiplayer=False, modeAllowed=True, action=enabled, reason=feature-context-allowed.
[Debug  :Building Limit] [2026-09-24 22:11:54.518] Subscribing building limit runtime hooks
[Debug  :Building Limit] [2026-09-24 22:11:54.518] ActiveBuildingCache hooks subscribed.
[Debug  :Building Limit] [2026-09-24 22:11:54.519] HUD_Main.UpdateRollover building limit hook installed
[Debug  :Building Limit] [2026-09-24 22:11:54.520] Building limit runtime hooks subscribed
[Debug  :Building Limit] [2026-09-24 22:11:54.523] Applied active building limit rules: 93
[Info   :CastlePlanner] [2026-09-24 22:11:54.523] [CastlePlanner] gameplay-mod gate: modGuid=CastlePlanner_Serp, source=MissionInitialization(BeforeLoad, session=1), kind=CustomGame, launchVariant=Standard, customized=False, customizedOrigin=0, modeAllowed=True, configuredEnabled=True, effectiveEnabled=True, action=enabled, reason=custom-game.
[Info   :CastlePlanner] [2026-09-24 22:11:54.524] [CastlePlanner_Serp] gameplay-feature gate: feature=CastleSpawning, source=MissionInitialization(BeforeLoad, session=1), kind=CustomGame, launchVariant=Standard, realMultiplayer=False, modeAllowed=True, action=enabled, reason=feature-context-allowed.
[Info   :CastlePlanner] [2026-09-24 22:11:54.524] [CastlePlanner_Serp] gameplay-feature gate: feature=FreeCastlePreview, source=MissionInitialization(BeforeLoad, session=1), kind=CustomGame, launchVariant=Standard, realMultiplayer=False, modeAllowed=True, action=enabled, reason=feature-context-allowed.
[Info   :CastlePlanner] [2026-09-24 22:11:54.524] [CastlePlanner_Serp] gameplay-feature gate: feature=CastleBlueprints, source=MissionInitialization(BeforeLoad, session=1), kind=CustomGame, launchVariant=Standard, realMultiplayer=False, modeAllowed=True, action=enabled, reason=feature-context-allowed.
[Info   : Cheat Mod] [2026-09-24 22:11:54.524] [Cheat Mod] gameplay-mod gate: modGuid=CheatMod_Serp, source=MissionInitialization(BeforeLoad, session=1), kind=CustomGame, launchVariant=Standard, customized=False, customizedOrigin=0, modeAllowed=True, configuredEnabled=False, effectiveEnabled=False, action=restriction-lifted-setting-disabled, reason=custom-game.
[Info   : Cheat Mod] [2026-09-24 22:11:54.524] [CheatMod_Serp] gameplay-feature gate: feature=EndlessExtremePowersRecharge, source=MissionInitialization(BeforeLoad, session=1), kind=CustomGame, launchVariant=Standard, realMultiplayer=False, modeAllowed=True, action=enabled, reason=feature-context-allowed.
[Info   :Extreme Powers] [2026-09-24 22:11:54.525] [Extreme Powers] gameplay-mod gate: modGuid=ExtremePowers_Serp, source=MissionInitialization(BeforeLoad, session=1), kind=CustomGame, launchVariant=Standard, customized=False, customizedOrigin=0, modeAllowed=True, configuredEnabled=True, effectiveEnabled=True, action=enabled, reason=custom-game.
[Info   :Random Events] [2026-09-24 22:11:54.526] [Random Events] gameplay-mod gate: modGuid=RandomEvents_Serp, source=MissionInitialization(BeforeLoad, session=1), kind=CustomGame, launchVariant=Standard, customized=False, customizedOrigin=0, modeAllowed=True, configuredEnabled=True, effectiveEnabled=True, action=enabled, reason=custom-game.
[Info   :Random Events] [2026-09-24 22:11:54.526] [RandomEvents_Serp] gameplay-feature gate: feature=RandomEventsRuntime, source=MissionInitialization(BeforeLoad, session=1), kind=CustomGame, launchVariant=Standard, realMultiplayer=False, modeAllowed=True, action=enabled, reason=feature-context-allowed.
[Info   :Unit Costs] [2026-09-24 22:11:54.527] [Unit Costs] gameplay-mod gate: modGuid=UnitCosts_Serp, source=MissionInitialization(BeforeLoad, session=1), kind=CustomGame, launchVariant=Standard, customized=False, customizedOrigin=0, modeAllowed=True, configuredEnabled=True, effectiveEnabled=True, action=enabled, reason=custom-game.
[Info   :Unit Costs] [2026-09-24 22:11:54.527] [UnitCosts_Serp] gameplay-feature gate: feature=UnitCostEnforcement, source=MissionInitialization(BeforeLoad, session=1), kind=CustomGame, launchVariant=Standard, realMultiplayer=False, modeAllowed=True, action=enabled, reason=feature-context-allowed.
[Debug  :Unit Costs] [2026-09-24 22:11:54.529] UnitCosts MakeTroop GameAction hook installed.
[Debug  :Unit Costs] [2026-09-24 22:11:54.530] UnitCosts create troop hover hooks installed.
[Debug  :Unit Costs] [2026-09-24 22:11:54.532] UnitCosts siege build hover hooks installed.
[Debug  :Unit Costs] [2026-09-24 22:11:54.532] UnitCosts recruitment availability UI hook installed.
[Debug  :Unit Costs] [2026-09-24 22:11:54.532] UnitCosts runtime hooks subscribed
[Debug  :Unit Costs] [2026-09-24 22:11:54.535] Applied unit cost values: 0
[Debug  :Unit Costs] [2026-09-24 22:11:54.537] Applied human extra unit cost rows: 0
[Info   :  SHCDE-SE] [T1-22:11:54.545] [BulkMapLoaderDetours] [c_game_dll_loadmaptoplay_hook_impl] campaignMapID=4294967295, safeFileName=C:\Users\Serpens66\AppData\LocalLow\Firefly Studios\Stronghold Crusader Definitive Edition\Maps\test AI overbuild eachother.map, length=254, retData=000001E2E7BB2F20, dummy=0, safeMapName=test AI overbuild eachother.map, maplength=62, multiplayerSave=0, trailType=-1, trailID=0, allow_classic_bedouins=0
[Info   :  SHCDE-SE] [T1-22:11:54.546] [GameMapArchiveManagerAPI] [OnLoadMap] Loading archive from map file
[Info   :  SHCDE-SE] [T1-22:11:54.546] [GameMapArchiveManagerAPI] [LoadMapArchive] Loading archive: [C:\Users\Serpens66\AppData\LocalLow\Firefly Studios\Stronghold Crusader Definitive Edition\Maps\test AI overbuild eachother.map]
[Info   :  SHCDE-SE] [T1-22:11:54.549] [MapArchive] [.ctor] Reading ZIP data from offset: 00359DCA
[Warning:  SHCDE-SE] [T1-22:11:54.549] [MapArchive] [TryLoad] No info.json found: C:\Users\Serpens66\AppData\LocalLow\Firefly Studios\Stronghold Crusader Definitive Edition\Maps\test AI overbuild eachother.map
[Info   :  SHCDE-SE] [T1-22:11:54.549] [GameMapArchiveManagerAPI] [ReadMetadataFromArchive] Reading metadata from archive
[Warning:  SHCDE-SE] [T1-22:11:54.549] [GameMapArchiveManagerAPI] [ReadMetadataFromArchive] Nothing to read
[Info   :  SHCDE-SE] [T1-22:11:54.550] [GameMapArchiveManagerAPI] [ReadTimerDataFromArchive] Reading timerdata from archive
[Info   :  SHCDE-SE] [T1-22:11:54.553] [GameMapArchiveManagerAPI] [ReadTimerDataFromArchive] Timerdata read
[Info   :  SHCDE-SE] [T1-22:11:54.553] [ModSaveDataAPI] [ReadAllModDataFromArchive] Reading mod data from archive (IsSaveFile=False)
[Debug  :Extra Features] [2026-09-24 22:11:54.556] Extra Features gatehouse diagnostic: button visibility state: hidden: editor=False, playerId=1, selectedBuildingId=0, reason=not-a-live-gatehouse, selection=none.
[Info   :Extra Features] [2026-09-24 22:11:54.556] Extra Features gatehouse map state started: manualOnly=0.
[Info   :Extra Features] [2026-09-24 22:11:54.556] Extra Features gatehouse state loaded: context=map, version=2, manualOnly=0, pendingLocators=0, payloadBytes=4.
[Info   :  SHCDE-SE] [T1-22:11:54.556] [ModSaveDataAPI] [ReadAllModDataFromArchive] Loaded 4 bytes for mod [serp-extrafeatures-gatehouse-automation-v1]
[Info   :  SHCDE-SE] [T1-22:11:54.556] [ModSaveDataAPI] [ReadAllModDataFromArchive] Loaded data for 1/11 mods
[Info   :  SHCDE-SE] [T1-22:11:54.556] [GameMapArchiveManagerAPI] [LoadMapArchive] Archive loaded (or will be created on-demand)
[Info   :  SHCDE-SE] [T1-22:11:54.556] [GameMapArchiveManagerAPI] [OnLoadMap] Archive Contents: [
FILE:	_SE_ModData_serp-extrafeatures-gatehouse-automation-v1.msgpack]
FILE:	_SE_Timers.msgpack]
]
[Info   :  SHCDE-SE] [T1-22:11:54.556] [LuaManager] [OnLoadMap] Attempting to create lua state due to event, phase: Pre
[Info   :  SHCDE-SE] [T1-22:11:54.556] [LuaManager] [TryLoad] Loading file: [C:\Users\Serpens66\AppData\LocalLow\Firefly Studios\Stronghold Crusader Definitive Edition\Maps\test AI overbuild eachother.map]
[Info   :  SHCDE-SE] [T1-22:11:54.556] [LuaManager] [TryLoad] Loading [C:\Users\Serpens66\AppData\LocalLow\Firefly Studios\Stronghold Crusader Definitive Edition\Maps\test AI overbuild eachother.map] - Archive mode.
[Warning:  SHCDE-SE] [T1-22:11:54.556] [LuaManager] [TryLoad] No Lua source found for [C:\Users\Serpens66\AppData\LocalLow\Firefly Studios\Stronghold Crusader Definitive Edition\Maps\test AI overbuild eachother.map] and no lord AI or asset mod scripts registered. Skipping Lua init.
[Info   :  SHCDE-SE] [T1-22:11:54.557] [BulkMapLoaderDetours] [c_game_start_skirmish_game_handler_hook_impl] a1=0000008CAD2EA4C0, bMultiplayerSave=0, a3=0
[Info   : APIShared] [2026-09-24 22:11:54.557] MissionInitialization: session=1, source=NewGame, mode=CustomGame, phase=BeforeNativeStart, reason=None, started=False, replay=False.
[Debug  :Extra Features] [2026-09-24 22:11:54.558] Enemy-proximity runtime captured map mode: realMultiplayer=False, singleplayerSkirmishMode=True, singleplayerSkirmish=True, singleplayerTrail=False, mapEditor=False, multiplayerSave=False, directorAvailable=True, directorMultiplayer=False, directorSkirmish=False, lowLevelNetworked=True, platformMultiplayer=False, lobbyMembers=5, realLobbyMembers=0, skirmishLobbyMembers=5, gameMembers=5, realNetworkGameMembers=0, gameType=3, skirmishGameType=0, skirmishTrailType=-1, coopTrailId=0, kind=CustomGame, launchVariant=Standard, allowsCustomGameMods=True, allowsRegularGameplayMods=True, campaignMapId=0, eventTrailType=-1, customizedTrailId=-1, customizedMissionId=-1, customizedOriginKind=0, conflictingCustomizedOrigin=False.
[Debug  :Bugfixes and QoL] [2026-09-24 22:11:54.558] Post-game lobby handoff state reset: reason=map-start.
[Info   :AIV Lobby Preset Test] Test-series launch verified: DL-forward-off, session=1.
[Debug  :CastlePlanner] [2026-09-24 22:11:54.588] OnStartMap(Pre) received: handledCurrentMap=False.
[Debug  :Extreme Powers] [2026-09-24 22:11:54.589] Extreme Powers map session captured: realMultiplayer=False, singleplayerSkirmishMode=True, singleplayerSkirmish=True, singleplayerTrail=False, mapEditor=False, multiplayerSave=False, directorAvailable=True, directorMultiplayer=False, directorSkirmish=False, lowLevelNetworked=True, platformMultiplayer=False, lobbyMembers=5, realLobbyMembers=0, skirmishLobbyMembers=5, gameMembers=5, realNetworkGameMembers=0, gameType=3, skirmishGameType=0, skirmishTrailType=-1, coopTrailId=0, kind=CustomGame, launchVariant=Standard, allowsCustomGameMods=True, allowsRegularGameplayMods=True, campaignMapId=0, eventTrailType=-1, customizedTrailId=-1, customizedMissionId=-1, customizedOriginKind=0, conflictingCustomizedOrigin=False, players=[1,2,3,4,5].
[Info   :  SHCDE-SE] [T1-22:11:54.589] [BulkMapLoaderDetours] [c_game_unload_map_hook_impl] pTileManager=00007FFAAE2DEDB0, preventNotification=True
[Debug  :Building Limit] [2026-09-24 22:11:54.824] ActiveBuildingCache NotifyNativeSnapshotChanged read snapshot: buildingId 1 owner 1 type STRUCT_KEEP_TWO aliveState NeedsInit reason Created
[Debug  :Building Limit] [2026-09-24 22:11:54.826] ActiveBuildingCache UpdateSnapshot: buildingId 1 owner 1 type STRUCT_KEEP_TWO aliveState NeedsInit reason Created changed True
[Debug  :Building Limit] [2026-09-24 22:11:54.827] ActiveBuildingCache count changed: player 1 type STRUCT_KEEP_TWO old 0 new 1 delta 1 buildingId 1 reason Created
[Debug  :Building Limit] [2026-09-24 22:11:54.830] ActiveBuildingCache NotifyNativeSnapshotChanged read snapshot: buildingId 2 owner 1 type STRUCT_KEEPDOOR_LEFT aliveState NeedsInit reason Created
[Debug  :Building Limit] [2026-09-24 22:11:54.830] ActiveBuildingCache UpdateSnapshot: buildingId 2 owner 1 type STRUCT_KEEPDOOR_LEFT aliveState NeedsInit reason Created changed True
[Debug  :Building Limit] [2026-09-24 22:11:54.830] ActiveBuildingCache count changed: player 1 type STRUCT_KEEPDOOR_LEFT old 0 new 1 delta 1 buildingId 2 reason Created
[Debug  :Building Limit] [2026-09-24 22:11:54.830] ActiveBuildingCache NotifyNativeSnapshotChanged read snapshot: buildingId 3 owner 1 type STRUCT_KEEPDOOR aliveState NeedsInit reason Created
[Debug  :Building Limit] [2026-09-24 22:11:54.831] ActiveBuildingCache UpdateSnapshot: buildingId 3 owner 1 type STRUCT_KEEPDOOR aliveState NeedsInit reason Created changed True
[Debug  :Building Limit] [2026-09-24 22:11:54.831] ActiveBuildingCache count changed: player 1 type STRUCT_KEEPDOOR old 0 new 1 delta 1 buildingId 3 reason Created
[Debug  :Building Limit] [2026-09-24 22:11:54.831] ActiveBuildingCache NotifyNativeSnapshotChanged read snapshot: buildingId 4 owner 1 type STRUCT_KEEPDOOR_RIGHT aliveState NeedsInit reason Created
[Debug  :Building Limit] [2026-09-24 22:11:54.831] ActiveBuildingCache UpdateSnapshot: buildingId 4 owner 1 type STRUCT_KEEPDOOR_RIGHT aliveState NeedsInit reason Created changed True
[Debug  :Building Limit] [2026-09-24 22:11:54.831] ActiveBuildingCache count changed: player 1 type STRUCT_KEEPDOOR_RIGHT old 0 new 1 delta 1 buildingId 4 reason Created
[Debug  :Building Limit] [2026-09-24 22:11:54.831] ActiveBuildingCache NotifyNativeSnapshotChanged read snapshot: buildingId 5 owner 1 type STRUCT_CAMPGROUND aliveState NeedsInit reason Created
[Debug  :Building Limit] [2026-09-24 22:11:54.831] ActiveBuildingCache UpdateSnapshot: buildingId 5 owner 1 type STRUCT_CAMPGROUND aliveState NeedsInit reason Created changed True
[Debug  :Building Limit] [2026-09-24 22:11:54.831] ActiveBuildingCache count changed: player 1 type STRUCT_CAMPGROUND old 0 new 1 delta 1 buildingId 5 reason Created
[Debug  :Building Limit] [2026-09-24 22:11:54.832] ActiveBuildingCache NotifyNativeSnapshotChanged read snapshot: buildingId 6 owner 1 type STRUCT_GOODS_YARD aliveState NeedsInit reason Created
[Info   :     Fixes] [T1-22:11:54.832] [BuildingDetours] [.ctor] Build goodsyard for player 1: True
[Debug  :Building Limit] [2026-09-24 22:11:54.832] ActiveBuildingCache UpdateSnapshot: buildingId 6 owner 1 type STRUCT_GOODS_YARD aliveState NeedsInit reason Created changed True
[Debug  :Building Limit] [2026-09-24 22:11:54.832] ActiveBuildingCache count changed: player 1 type STRUCT_GOODS_YARD old 0 new 1 delta 1 buildingId 6 reason Created
[Debug  :Building Limit] [2026-09-24 22:11:54.832] ActiveBuildingCache NotifyNativeSnapshotChanged read snapshot: buildingId 7 owner 1 type STRUCT_GOODS_YARD aliveState NeedsInit reason Created
[Debug  :Building Limit] [2026-09-24 22:11:54.832] ActiveBuildingCache UpdateSnapshot: buildingId 7 owner 1 type STRUCT_GOODS_YARD aliveState NeedsInit reason Created changed True
[Debug  :Building Limit] [2026-09-24 22:11:54.832] ActiveBuildingCache count changed: player 1 type STRUCT_GOODS_YARD old 1 new 2 delta 1 buildingId 7 reason Created
[Debug  :Building Limit] [2026-09-24 22:11:54.832] ActiveBuildingCache NotifyNativeSnapshotChanged read snapshot: buildingId 8 owner 1 type STRUCT_GOODS_YARD aliveState NeedsInit reason Created
[Debug  :Building Limit] [2026-09-24 22:11:54.832] ActiveBuildingCache UpdateSnapshot: buildingId 8 owner 1 type STRUCT_GOODS_YARD aliveState NeedsInit reason Created changed True
[Debug  :Building Limit] [2026-09-24 22:11:54.832] ActiveBuildingCache count changed: player 1 type STRUCT_GOODS_YARD old 2 new 3 delta 1 buildingId 8 reason Created
[Debug  :Building Limit] [2026-09-24 22:11:54.832] ActiveBuildingCache NotifyNativeSnapshotChanged read snapshot: buildingId 9 owner 1 type STRUCT_GOODS_YARD aliveState NeedsInit reason Created
[Debug  :Building Limit] [2026-09-24 22:11:54.832] ActiveBuildingCache UpdateSnapshot: buildingId 9 owner 1 type STRUCT_GOODS_YARD aliveState NeedsInit reason Created changed True
[Debug  :Building Limit] [2026-09-24 22:11:54.832] ActiveBuildingCache count changed: player 1 type STRUCT_GOODS_YARD old 3 new 4 delta 1 buildingId 9 reason Created
[Info   :Active AIV Detector] [2026-09-24 22:11:54.859] Captured opt-in AIV cell trace 1/2048: playerId=2, candidateId=0, orientation=6, keep=(237,397), evaluated=2228, nativeBlocked=0, resultGridBlocked=0, validatorCalls=2228, validatorBlocked=0, preValidatorBlocked=0.
[Info   :     Fixes] [T1-22:11:54.870] [BuildingDetours] [.ctor] Build goodsyard for player 2: True
[Info   :Active AIV Detector] [2026-09-24 22:11:54.881] Captured opt-in AIV cell trace 2/2048: playerId=3, candidateId=0, orientation=6, keep=(278,395), evaluated=2068, nativeBlocked=106, resultGridBlocked=106, validatorCalls=2068, validatorBlocked=106, preValidatorBlocked=0.
[Info   :Active AIV Detector] [2026-09-24 22:11:54.882] Captured opt-in AIV cell trace 3/2048: playerId=3, candidateId=0, orientation=0, keep=(278,395), evaluated=2068, nativeBlocked=124, resultGridBlocked=124, validatorCalls=2068, validatorBlocked=124, preValidatorBlocked=0.
[Info   :Active AIV Detector] [2026-09-24 22:11:54.883] Captured opt-in AIV cell trace 4/2048: playerId=3, candidateId=0, orientation=2, keep=(278,395), evaluated=2068, nativeBlocked=75, resultGridBlocked=75, validatorCalls=2068, validatorBlocked=75, preValidatorBlocked=0.
[Info   :Active AIV Detector] [2026-09-24 22:11:54.883] Captured opt-in AIV cell trace 5/2048: playerId=3, candidateId=0, orientation=4, keep=(278,395), evaluated=2068, nativeBlocked=91, resultGridBlocked=91, validatorCalls=2068, validatorBlocked=91, preValidatorBlocked=0.
[Info   :     Fixes] [T1-22:11:54.893] [BuildingDetours] [.ctor] Build goodsyard for player 3: True
[Info   :Active AIV Detector] [2026-09-24 22:11:54.904] Captured opt-in AIV cell trace 6/2048: playerId=4, candidateId=0, orientation=6, keep=(254,379), evaluated=2352, nativeBlocked=122, resultGridBlocked=122, validatorCalls=2352, validatorBlocked=122, preValidatorBlocked=0.
[Info   :Active AIV Detector] [2026-09-24 22:11:54.905] Captured opt-in AIV cell trace 7/2048: playerId=4, candidateId=0, orientation=0, keep=(254,379), evaluated=2352, nativeBlocked=175, resultGridBlocked=175, validatorCalls=2352, validatorBlocked=175, preValidatorBlocked=0.
[Info   :Active AIV Detector] [2026-09-24 22:11:54.906] Captured opt-in AIV cell trace 8/2048: playerId=4, candidateId=0, orientation=2, keep=(254,379), evaluated=2352, nativeBlocked=152, resultGridBlocked=152, validatorCalls=2352, validatorBlocked=152, preValidatorBlocked=0.
[Info   :Active AIV Detector] [2026-09-24 22:11:54.907] Captured opt-in AIV cell trace 9/2048: playerId=4, candidateId=0, orientation=4, keep=(254,379), evaluated=2352, nativeBlocked=162, resultGridBlocked=162, validatorCalls=2352, validatorBlocked=162, preValidatorBlocked=0.
[Info   :     Fixes] [T1-22:11:54.917] [BuildingDetours] [.ctor] Build goodsyard for player 4: True
[Info   :Active AIV Detector] [2026-09-24 22:11:54.928] Captured opt-in AIV cell trace 10/2048: playerId=5, candidateId=0, orientation=6, keep=(258,417), evaluated=1770, nativeBlocked=0, resultGridBlocked=0, validatorCalls=1770, validatorBlocked=0, preValidatorBlocked=0.
[Info   :     Fixes] [T1-22:11:54.943] [BuildingDetours] [.ctor] Build goodsyard for player 5: True
[Info   :  SHCDE-SE] [T1-22:11:54.960] [LuaManager] [OnStartMap] Attempting to run init due to event, phase: Post
[Info   :  SHCDE-SE] [T1-22:11:54.960] [LuaManager] [TryRunInit] Attempting to execute lua-side init functions. Reason=NewGame
[Warning:  SHCDE-SE] [T1-22:11:54.960] [LuaManager] [TryRunInit] Lua state is null
[Info   :  SHCDE-SE] [T1-22:11:54.960] [DeterministicRandom] [OnStartMap] Initializing shared state.
[Info   :  SHCDE-SE] [T1-22:11:54.960] [DeterministicRandom] [InitializeSeedAsHost] Initializing random seed [92694536] as host.
[Warning:  SHCDE-SE] [T1-22:11:54.960] [GameNetworkAPI] [GetLocalPlayerId] Local SteamID [76561198102311542] has no assigned slot yet: returning -1
[Info   : APIShared] [2026-09-24 22:11:54.962] MissionInitialization: session=1, source=NewGame, mode=CustomGame, phase=AfterNativeStart, reason=None, started=False, replay=False.
[Debug  :Bugfixes and QoL] Corrupt Lord-data spawn fix session armed: session=1, eligible=True, phase=AfterNativeStart, startKind=NewGame, mode=CustomGame.
[Debug  :CastlePlanner] [2026-09-24 22:11:54.968] OnStartMap(Post) received: handledCurrentMap=False, preImports=0, keepPreSpawns=0, keepPostSpawns=0.
[Debug  :CastlePlanner] [2026-09-24 22:11:54.970] Game-mode diagnostics: campaignMapId=0, bMultiplayerSave=0, sharedRealMultiplayer=False, sharedSingleplayerSkirmish=True, sharedSingleplayerTrail=False, directorAvailable=True, directorMultiplayerGame=False, directorSkirmishModeGame=False, directorSimRunning=False, networkedEnvironment=True, networkActivePlayers=5, nativeLocalPlayerId=1, platformAvailable=True, platformMpGameActive=False, platformIsHost=False, activeLobbyAvailable=True, lobbyReportedMembers=5, lobbyMembers=5, lobbySkirmishMembers=5, lobbySkirmishHumans=1, lobbyNetworkHumans=0, gameMembers=5, realNetworkGameMembers=0, gameDataMultiplayerMap=False, gameDataSkirmishGameType=0, gameDataGameType=3.
[Debug  :CastlePlanner] [2026-09-24 22:11:54.970] Shared game-mode diagnostics: realMultiplayer=False, singleplayerSkirmishMode=True, singleplayerSkirmish=True, singleplayerTrail=False, mapEditor=False, multiplayerSave=False, directorAvailable=True, directorMultiplayer=False, directorSkirmish=False, lowLevelNetworked=True, platformMultiplayer=False, lobbyMembers=5, realLobbyMembers=0, skirmishLobbyMembers=5, gameMembers=5, realNetworkGameMembers=0, gameType=3, skirmishGameType=0, skirmishTrailType=-1, coopTrailId=0, kind=CustomGame, launchVariant=Standard, allowsCustomGameMods=True, allowsRegularGameplayMods=True, campaignMapId=0, eventTrailType=-1, customizedTrailId=-1, customizedMissionId=-1, customizedOriginKind=0, conflictingCustomizedOrigin=False.
[Debug  :CastlePlanner] [2026-09-24 22:11:54.970] Game-member diagnostics: [1:self=False,host=False,ai=False,steam=0,kicked=False | 2:self=False,host=False,ai=False,steam=0,kicked=False | 3:self=False,host=False,ai=False,steam=0,kicked=False | 4:self=False,host=False,ai=False,steam=0,kicked=False | 5:self=False,host=False,ai=False,steam=0,kicked=False].
[Debug  :CastlePlanner] [2026-09-24 22:11:54.970] Active-player diagnostics (not used for multiplayer detection): [1:ai=False | 2:ai=True | 3:ai=True | 4:ai=True | 5:ai=True].
[Debug  :CastlePlanner] [2026-09-24 22:11:54.970] Native castle spawning skipped because this is not the committed restart pass.
[Info   :  SHCDE-SE] [T1-22:11:54.970] [GameMapArchiveManagerAPI] [OnLoadMap] Loading archive from map file
[Info   :  SHCDE-SE] [T1-22:11:54.970] [GameMapArchiveManagerAPI] [LoadMapArchive] Loading archive: [C:\Users\Serpens66\AppData\LocalLow\Firefly Studios\Stronghold Crusader Definitive Edition\Maps\test AI overbuild eachother.map]
[Info   :  SHCDE-SE] [T1-22:11:54.974] [MapArchive] [.ctor] Reading ZIP data from offset: 00359DCA
[Warning:  SHCDE-SE] [T1-22:11:54.974] [MapArchive] [TryLoad] No info.json found: C:\Users\Serpens66\AppData\LocalLow\Firefly Studios\Stronghold Crusader Definitive Edition\Maps\test AI overbuild eachother.map
[Info   :  SHCDE-SE] [T1-22:11:54.974] [GameMapArchiveManagerAPI] [ReadMetadataFromArchive] Reading metadata from archive
[Warning:  SHCDE-SE] [T1-22:11:54.974] [GameMapArchiveManagerAPI] [ReadMetadataFromArchive] Nothing to read
[Info   :  SHCDE-SE] [T1-22:11:54.974] [GameMapArchiveManagerAPI] [ReadTimerDataFromArchive] Reading timerdata from archive
[Info   :  SHCDE-SE] [T1-22:11:54.974] [GameMapArchiveManagerAPI] [ReadTimerDataFromArchive] Timerdata read
[Info   :  SHCDE-SE] [T1-22:11:54.974] [ModSaveDataAPI] [ReadAllModDataFromArchive] Reading mod data from archive (IsSaveFile=False)
[Info   :Extra Features] [2026-09-24 22:11:54.974] Extra Features gatehouse map state resumed: manualOnly=0.
[Info   :Extra Features] [2026-09-24 22:11:54.974] Extra Features gatehouse state loaded: context=map, version=2, manualOnly=0, pendingLocators=0, payloadBytes=4.
[Info   :  SHCDE-SE] [T1-22:11:54.974] [ModSaveDataAPI] [ReadAllModDataFromArchive] Loaded 4 bytes for mod [serp-extrafeatures-gatehouse-automation-v1]
[Info   :  SHCDE-SE] [T1-22:11:54.974] [ModSaveDataAPI] [ReadAllModDataFromArchive] Loaded data for 1/11 mods
[Info   :  SHCDE-SE] [T1-22:11:54.974] [GameMapArchiveManagerAPI] [LoadMapArchive] Archive loaded (or will be created on-demand)
[Info   :  SHCDE-SE] [T1-22:11:54.974] [GameMapArchiveManagerAPI] [OnLoadMap] Archive Contents: [
FILE:	_SE_ModData_serp-extrafeatures-gatehouse-automation-v1.msgpack]
FILE:	_SE_Timers.msgpack]
]
[Info   : APIShared] [2026-09-24 22:11:54.974] MissionInitialization: session=1, source=NewGame, mode=CustomGame, phase=NativeLoaded, reason=None, started=False, replay=False.
[Info   : APIShared] [2026-09-24 22:11:55.524] MissionStart: session=1, source=NewGame, mode=CustomGame, phase=ManagedReady, reason=None, started=True, replay=False.
[Info   :Active AIV Detector] [2026-09-24 22:11:55.528] Wrote Oracle Keep-start trace: path=E:\ProgrammeE\Steam\steamapps\common\Stronghold Crusader Definitive Edition\BepInEx\plugins\ActiveAIVDetector_Serp\StartTraces\oracle-start-trace-20260924-221155-527-session001-p1-n01.tsv, playerId=1, selectionAccepted=False, postFailureFlag=0, postFailureReason=<not-applicable>, newBuildings=117, replacedBuildings=0, clearedBuildings=0, changes=248, changedBuildingRecords=9, scanMs=26,9.
[Info   :Active AIV Detector] [2026-09-24 22:11:55.531] Wrote Oracle Keep-start trace: path=E:\ProgrammeE\Steam\steamapps\common\Stronghold Crusader Definitive Edition\BepInEx\plugins\ActiveAIVDetector_Serp\StartTraces\oracle-start-trace-20260924-221155-529-session001-p2-n02.tsv, playerId=2, selectionAccepted=True, postFailureFlag=0, postFailureReason=<not-applicable>, newBuildings=117, replacedBuildings=0, clearedBuildings=0, changes=481, changedBuildingRecords=9, scanMs=18,3.
[Info   :Active AIV Detector] [2026-09-24 22:11:55.532] Wrote Oracle Keep-start trace: path=E:\ProgrammeE\Steam\steamapps\common\Stronghold Crusader Definitive Edition\BepInEx\plugins\ActiveAIVDetector_Serp\StartTraces\oracle-start-trace-20260924-221155-531-session001-p3-n03.tsv, playerId=3, selectionAccepted=True, postFailureFlag=0, postFailureReason=<not-applicable>, newBuildings=117, replacedBuildings=0, clearedBuildings=0, changes=364, changedBuildingRecords=9, scanMs=18,6.
[Info   :Active AIV Detector] [2026-09-24 22:11:55.534] Wrote Oracle Keep-start trace: path=E:\ProgrammeE\Steam\steamapps\common\Stronghold Crusader Definitive Edition\BepInEx\plugins\ActiveAIVDetector_Serp\StartTraces\oracle-start-trace-20260924-221155-532-session001-p4-n04.tsv, playerId=4, selectionAccepted=True, postFailureFlag=0, postFailureReason=<not-applicable>, newBuildings=117, replacedBuildings=0, clearedBuildings=0, changes=376, changedBuildingRecords=9, scanMs=18,7.
[Info   :Active AIV Detector] [2026-09-24 22:11:55.535] Wrote Oracle Keep-start trace: path=E:\ProgrammeE\Steam\steamapps\common\Stronghold Crusader Definitive Edition\BepInEx\plugins\ActiveAIVDetector_Serp\StartTraces\oracle-start-trace-20260924-221155-534-session001-p5-n05.tsv, playerId=5, selectionAccepted=True, postFailureFlag=0, postFailureReason=<not-applicable>, newBuildings=117, replacedBuildings=0, clearedBuildings=0, changes=376, changedBuildingRecords=9, scanMs=23,1.
[Info   :Active AIV Detector] [2026-09-24 22:11:55.535] Oracle Keep-start capture summary: mapLoadSequence=1, captured=5, incomplete=False.
[Info   :Active AIV Detector] [2026-09-24 22:11:55.536] AIV placement oracle selection #1: mapName=<unknown>, mapFile=C:\Users\Serpens66\AppData\LocalLow\Firefly Studios\Stronghold Crusader Definitive Edition\Maps\test AI overbuild eachother.map, mapFileSha256=d63cd2ff3aeaba80bc3bc173bb615207666f1eaf759ecac573fad0da61979df3, nativeDllSha256=fbcb93195fc7efca9bdac5204852efdd76f9818f59a6711750d77c9cef2831e2, preBuildSetting=0, nativeStartOptions=mode=99,option2F0=0,option2F4=1,option2F8=4294967296, playerId=2, method=SelectBestFit, tryOtherRotations=True, aivSpecIndex=1, attempts=1, finalCandidateId=0, finalAivName=Default 2, finalAivJson=E:\ProgrammeE\Steam\steamapps\common\Stronghold Crusader Definitive Edition\BepInEx\plugins\ActiveAIVDetector_Serp\VanillaAIV\sentinel2.aivjson, finalAivJsonSha256=907ab0c23abebd42aba220449f8010f7fd12d9c1d87a455fcd24ff478453e9da, finalOrientation=6 (270 degrees), placementState=2 (complete fit), directReturnSigned=<not-applicable>, confirmationPoint=OnStartMap(Post).
[Info   :Active AIV Detector] [2026-09-24 22:11:55.537] AIV placement oracle attempt #1.1: mapName=<unknown>, mapFile=C:\Users\Serpens66\AppData\LocalLow\Firefly Studios\Stronghold Crusader Definitive Edition\Maps\test AI overbuild eachother.map, mapFileSha256=d63cd2ff3aeaba80bc3bc173bb615207666f1eaf759ecac573fad0da61979df3, preBuildSetting=0, playerId=2, method=SelectBestFit, candidateId=0, aivName=Default 2, aivJson=E:\ProgrammeE\Steam\steamapps\common\Stronghold Crusader Definitive Edition\BepInEx\plugins\ActiveAIVDetector_Serp\VanillaAIV\sentinel2.aivjson, aivJsonSha256=907ab0c23abebd42aba220449f8010f7fd12d9c1d87a455fcd24ff478453e9da, orientation=6 (270 degrees), result=Complete, rawFitScore=999999, fitPercent=100, evaluatedCells=2228, blockedCells=0, origin=(194,354), keepReference=(237,397).
[Info   :Bugfixes and QoL] [2026-09-24 22:11:55.543] RUNTIME_ACTIVE: firstTick=1.
[Info   :Bugfixes and QoL] [2026-09-24 22:11:55.543] BUGFIXES_AND_QOL_WORKER_BREAK_READY: baker/miller hooks active after startup; tick=1
[Info   :Active AIV Detector] [2026-09-24 22:11:55.545] Wrote opt-in AIV cell trace: path=E:\ProgrammeE\Steam\steamapps\common\Stronghold Crusader Definitive Edition\BepInEx\plugins\ActiveAIVDetector_Serp\CellTraces\oracle-cell-trace-20260924-221154-858-p2-c0-r6-keep237-397.tsv, rows=2228, nativeBlocked=0, resultGridBlocked=0, validatorCalls=2228, validatorBlocked=0, preValidatorBlocked=0.
[Info   :Active AIV Detector] [2026-09-24 22:11:55.546] Wrote opt-in live building grid: path=E:\ProgrammeE\Steam\steamapps\common\Stronghold Crusader Definitive Edition\BepInEx\plugins\ActiveAIVDetector_Serp\CellTraces\oracle-live-building-grid-20260924-221154-858-p2-r6-keep237-397.tsv, occupiedCells=117.
[Info   :Active AIV Detector] [2026-09-24 22:11:55.546] AIV placement oracle selection #2: mapName=<unknown>, mapFile=C:\Users\Serpens66\AppData\LocalLow\Firefly Studios\Stronghold Crusader Definitive Edition\Maps\test AI overbuild eachother.map, mapFileSha256=d63cd2ff3aeaba80bc3bc173bb615207666f1eaf759ecac573fad0da61979df3, nativeDllSha256=fbcb93195fc7efca9bdac5204852efdd76f9818f59a6711750d77c9cef2831e2, preBuildSetting=0, nativeStartOptions=mode=99,option2F0=0,option2F4=1,option2F8=4294967296, playerId=3, method=SelectBestFit, tryOtherRotations=True, aivSpecIndex=2, attempts=4, finalCandidateId=0, finalAivName=Default 8, finalAivJson=E:\ProgrammeE\Steam\steamapps\common\Stronghold Crusader Definitive Edition\BepInEx\plugins\ActiveAIVDetector_Serp\VanillaAIV\wolf8.aivjson, finalAivJsonSha256=0e59ca19225bfa86472a4b2a939ac8c97a1d6301e0fcc00b36cb998dd36eedd2, finalOrientation=6 (270 degrees), placementState=1 (best partial fit), directReturnSigned=<not-applicable>, confirmationPoint=OnStartMap(Post).
[Info   :Active AIV Detector] [2026-09-24 22:11:55.547] AIV placement oracle attempt #2.1: mapName=<unknown>, mapFile=C:\Users\Serpens66\AppData\LocalLow\Firefly Studios\Stronghold Crusader Definitive Edition\Maps\test AI overbuild eachother.map, mapFileSha256=d63cd2ff3aeaba80bc3bc173bb615207666f1eaf759ecac573fad0da61979df3, preBuildSetting=0, playerId=3, method=SelectBestFit, candidateId=0, aivName=Default 8, aivJson=E:\ProgrammeE\Steam\steamapps\common\Stronghold Crusader Definitive Edition\BepInEx\plugins\ActiveAIVDetector_Serp\VanillaAIV\wolf8.aivjson, aivJsonSha256=0e59ca19225bfa86472a4b2a939ac8c97a1d6301e0fcc00b36cb998dd36eedd2, orientation=6 (270 degrees), result=Partial, rawFitScore=6, fitPercent=94, evaluatedCells=2068, blockedCells=106, origin=(235,352), keepReference=(278,395).
[Info   :Active AIV Detector] [2026-09-24 22:11:55.552] Wrote opt-in AIV cell trace: path=E:\ProgrammeE\Steam\steamapps\common\Stronghold Crusader Definitive Edition\BepInEx\plugins\ActiveAIVDetector_Serp\CellTraces\oracle-cell-trace-20260924-221154-881-p3-c0-r6-keep278-395.tsv, rows=2068, nativeBlocked=106, resultGridBlocked=106, validatorCalls=2068, validatorBlocked=106, preValidatorBlocked=0.
[Info   :Active AIV Detector] [2026-09-24 22:11:55.552] Wrote opt-in live building grid: path=E:\ProgrammeE\Steam\steamapps\common\Stronghold Crusader Definitive Edition\BepInEx\plugins\ActiveAIVDetector_Serp\CellTraces\oracle-live-building-grid-20260924-221154-881-p3-r6-keep278-395.tsv, occupiedCells=234.
[Info   :Active AIV Detector] [2026-09-24 22:11:55.552] AIV placement oracle attempt #2.2: mapName=<unknown>, mapFile=C:\Users\Serpens66\AppData\LocalLow\Firefly Studios\Stronghold Crusader Definitive Edition\Maps\test AI overbuild eachother.map, mapFileSha256=d63cd2ff3aeaba80bc3bc173bb615207666f1eaf759ecac573fad0da61979df3, preBuildSetting=0, playerId=3, method=SelectBestFit, candidateId=0, aivName=Default 8, aivJson=E:\ProgrammeE\Steam\steamapps\common\Stronghold Crusader Definitive Edition\BepInEx\plugins\ActiveAIVDetector_Serp\VanillaAIV\wolf8.aivjson, aivJsonSha256=0e59ca19225bfa86472a4b2a939ac8c97a1d6301e0fcc00b36cb998dd36eedd2, orientation=0 (0 degrees), result=Partial, rawFitScore=2, fitPercent=94, evaluatedCells=2068, blockedCells=124, origin=(235,352), keepReference=(278,395).
[Info   :Active AIV Detector] [2026-09-24 22:11:55.557] Wrote opt-in AIV cell trace: path=E:\ProgrammeE\Steam\steamapps\common\Stronghold Crusader Definitive Edition\BepInEx\plugins\ActiveAIVDetector_Serp\CellTraces\oracle-cell-trace-20260924-221154-882-p3-c0-r0-keep278-395.tsv, rows=2068, nativeBlocked=124, resultGridBlocked=124, validatorCalls=2068, validatorBlocked=124, preValidatorBlocked=0.
[Info   :Active AIV Detector] [2026-09-24 22:11:55.557] Wrote opt-in live building grid: path=E:\ProgrammeE\Steam\steamapps\common\Stronghold Crusader Definitive Edition\BepInEx\plugins\ActiveAIVDetector_Serp\CellTraces\oracle-live-building-grid-20260924-221154-882-p3-r0-keep278-395.tsv, occupiedCells=234.
[Info   :Active AIV Detector] [2026-09-24 22:11:55.558] AIV placement oracle attempt #2.3: mapName=<unknown>, mapFile=C:\Users\Serpens66\AppData\LocalLow\Firefly Studios\Stronghold Crusader Definitive Edition\Maps\test AI overbuild eachother.map, mapFileSha256=d63cd2ff3aeaba80bc3bc173bb615207666f1eaf759ecac573fad0da61979df3, preBuildSetting=0, playerId=3, method=SelectBestFit, candidateId=0, aivName=Default 8, aivJson=E:\ProgrammeE\Steam\steamapps\common\Stronghold Crusader Definitive Edition\BepInEx\plugins\ActiveAIVDetector_Serp\VanillaAIV\wolf8.aivjson, aivJsonSha256=0e59ca19225bfa86472a4b2a939ac8c97a1d6301e0fcc00b36cb998dd36eedd2, orientation=2 (90 degrees), result=Partial, rawFitScore=39, fitPercent=96, evaluatedCells=2068, blockedCells=75, origin=(235,352), keepReference=(278,395).
[Info   :Active AIV Detector] [2026-09-24 22:11:55.563] Wrote opt-in AIV cell trace: path=E:\ProgrammeE\Steam\steamapps\common\Stronghold Crusader Definitive Edition\BepInEx\plugins\ActiveAIVDetector_Serp\CellTraces\oracle-cell-trace-20260924-221154-883-p3-c0-r2-keep278-395.tsv, rows=2068, nativeBlocked=75, resultGridBlocked=75, validatorCalls=2068, validatorBlocked=75, preValidatorBlocked=0.
[Info   :Active AIV Detector] [2026-09-24 22:11:55.563] Wrote opt-in live building grid: path=E:\ProgrammeE\Steam\steamapps\common\Stronghold Crusader Definitive Edition\BepInEx\plugins\ActiveAIVDetector_Serp\CellTraces\oracle-live-building-grid-20260924-221154-883-p3-r2-keep278-395.tsv, occupiedCells=234.
[Info   :Active AIV Detector] [2026-09-24 22:11:55.564] AIV placement oracle attempt #2.4: mapName=<unknown>, mapFile=C:\Users\Serpens66\AppData\LocalLow\Firefly Studios\Stronghold Crusader Definitive Edition\Maps\test AI overbuild eachother.map, mapFileSha256=d63cd2ff3aeaba80bc3bc173bb615207666f1eaf759ecac573fad0da61979df3, preBuildSetting=0, playerId=3, method=SelectBestFit, candidateId=0, aivName=Default 8, aivJson=E:\ProgrammeE\Steam\steamapps\common\Stronghold Crusader Definitive Edition\BepInEx\plugins\ActiveAIVDetector_Serp\VanillaAIV\wolf8.aivjson, aivJsonSha256=0e59ca19225bfa86472a4b2a939ac8c97a1d6301e0fcc00b36cb998dd36eedd2, orientation=4 (180 degrees), result=Partial, rawFitScore=4, fitPercent=95, evaluatedCells=2068, blockedCells=91, origin=(235,352), keepReference=(278,395).
[Info   :Active AIV Detector] [2026-09-24 22:11:55.569] Wrote opt-in AIV cell trace: path=E:\ProgrammeE\Steam\steamapps\common\Stronghold Crusader Definitive Edition\BepInEx\plugins\ActiveAIVDetector_Serp\CellTraces\oracle-cell-trace-20260924-221154-883-p3-c0-r4-keep278-395.tsv, rows=2068, nativeBlocked=91, resultGridBlocked=91, validatorCalls=2068, validatorBlocked=91, preValidatorBlocked=0.
[Info   :Active AIV Detector] [2026-09-24 22:11:55.570] Wrote opt-in live building grid: path=E:\ProgrammeE\Steam\steamapps\common\Stronghold Crusader Definitive Edition\BepInEx\plugins\ActiveAIVDetector_Serp\CellTraces\oracle-live-building-grid-20260924-221154-883-p3-r4-keep278-395.tsv, occupiedCells=234.
[Info   :Active AIV Detector] [2026-09-24 22:11:55.570] AIV placement oracle selection #3: mapName=<unknown>, mapFile=C:\Users\Serpens66\AppData\LocalLow\Firefly Studios\Stronghold Crusader Definitive Edition\Maps\test AI overbuild eachother.map, mapFileSha256=d63cd2ff3aeaba80bc3bc173bb615207666f1eaf759ecac573fad0da61979df3, nativeDllSha256=fbcb93195fc7efca9bdac5204852efdd76f9818f59a6711750d77c9cef2831e2, preBuildSetting=0, nativeStartOptions=mode=99,option2F0=0,option2F4=1,option2F8=4294967296, playerId=4, method=SelectBestFit, tryOtherRotations=True, aivSpecIndex=3, attempts=4, finalCandidateId=0, finalAivName=Default 6, finalAivJson=E:\ProgrammeE\Steam\steamapps\common\Stronghold Crusader Definitive Edition\BepInEx\plugins\ActiveAIVDetector_Serp\VanillaAIV\nizar6.aivjson, finalAivJsonSha256=1d86b141261297706ad65f60d870a3ae30a8c0da05b6b3b1d4d923c702cb11ad, finalOrientation=6 (270 degrees), placementState=1 (best partial fit), directReturnSigned=<not-applicable>, confirmationPoint=OnStartMap(Post).
[Info   :Active AIV Detector] [2026-09-24 22:11:55.570] AIV placement oracle attempt #3.1: mapName=<unknown>, mapFile=C:\Users\Serpens66\AppData\LocalLow\Firefly Studios\Stronghold Crusader Definitive Edition\Maps\test AI overbuild eachother.map, mapFileSha256=d63cd2ff3aeaba80bc3bc173bb615207666f1eaf759ecac573fad0da61979df3, preBuildSetting=0, playerId=4, method=SelectBestFit, candidateId=0, aivName=Default 6, aivJson=E:\ProgrammeE\Steam\steamapps\common\Stronghold Crusader Definitive Edition\BepInEx\plugins\ActiveAIVDetector_Serp\VanillaAIV\nizar6.aivjson, aivJsonSha256=1d86b141261297706ad65f60d870a3ae30a8c0da05b6b3b1d4d923c702cb11ad, orientation=6 (270 degrees), result=Partial, rawFitScore=14, fitPercent=94, evaluatedCells=2352, blockedCells=122, origin=(211,336), keepReference=(254,379).
[Info   :Active AIV Detector] [2026-09-24 22:11:55.576] Wrote opt-in AIV cell trace: path=E:\ProgrammeE\Steam\steamapps\common\Stronghold Crusader Definitive Edition\BepInEx\plugins\ActiveAIVDetector_Serp\CellTraces\oracle-cell-trace-20260924-221154-904-p4-c0-r6-keep254-379.tsv, rows=2352, nativeBlocked=122, resultGridBlocked=122, validatorCalls=2352, validatorBlocked=122, preValidatorBlocked=0.
[Info   :Active AIV Detector] [2026-09-24 22:11:55.576] Wrote opt-in live building grid: path=E:\ProgrammeE\Steam\steamapps\common\Stronghold Crusader Definitive Edition\BepInEx\plugins\ActiveAIVDetector_Serp\CellTraces\oracle-live-building-grid-20260924-221154-904-p4-r6-keep254-379.tsv, occupiedCells=351.
[Info   :Active AIV Detector] [2026-09-24 22:11:55.577] AIV placement oracle attempt #3.2: mapName=<unknown>, mapFile=C:\Users\Serpens66\AppData\LocalLow\Firefly Studios\Stronghold Crusader Definitive Edition\Maps\test AI overbuild eachother.map, mapFileSha256=d63cd2ff3aeaba80bc3bc173bb615207666f1eaf759ecac573fad0da61979df3, preBuildSetting=0, playerId=4, method=SelectBestFit, candidateId=0, aivName=Default 6, aivJson=E:\ProgrammeE\Steam\steamapps\common\Stronghold Crusader Definitive Edition\BepInEx\plugins\ActiveAIVDetector_Serp\VanillaAIV\nizar6.aivjson, aivJsonSha256=1d86b141261297706ad65f60d870a3ae30a8c0da05b6b3b1d4d923c702cb11ad, orientation=0 (0 degrees), result=Partial, rawFitScore=13, fitPercent=92, evaluatedCells=2352, blockedCells=175, origin=(211,336), keepReference=(254,379).
[Info   :Active AIV Detector] [2026-09-24 22:11:55.583] Wrote opt-in AIV cell trace: path=E:\ProgrammeE\Steam\steamapps\common\Stronghold Crusader Definitive Edition\BepInEx\plugins\ActiveAIVDetector_Serp\CellTraces\oracle-cell-trace-20260924-221154-905-p4-c0-r0-keep254-379.tsv, rows=2352, nativeBlocked=175, resultGridBlocked=175, validatorCalls=2352, validatorBlocked=175, preValidatorBlocked=0.
[Info   :Active AIV Detector] [2026-09-24 22:11:55.583] Wrote opt-in live building grid: path=E:\ProgrammeE\Steam\steamapps\common\Stronghold Crusader Definitive Edition\BepInEx\plugins\ActiveAIVDetector_Serp\CellTraces\oracle-live-building-grid-20260924-221154-905-p4-r0-keep254-379.tsv, occupiedCells=351.
[Info   :Active AIV Detector] [2026-09-24 22:11:55.583] AIV placement oracle attempt #3.3: mapName=<unknown>, mapFile=C:\Users\Serpens66\AppData\LocalLow\Firefly Studios\Stronghold Crusader Definitive Edition\Maps\test AI overbuild eachother.map, mapFileSha256=d63cd2ff3aeaba80bc3bc173bb615207666f1eaf759ecac573fad0da61979df3, preBuildSetting=0, playerId=4, method=SelectBestFit, candidateId=0, aivName=Default 6, aivJson=E:\ProgrammeE\Steam\steamapps\common\Stronghold Crusader Definitive Edition\BepInEx\plugins\ActiveAIVDetector_Serp\VanillaAIV\nizar6.aivjson, aivJsonSha256=1d86b141261297706ad65f60d870a3ae30a8c0da05b6b3b1d4d923c702cb11ad, orientation=2 (90 degrees), result=Partial, rawFitScore=7, fitPercent=93, evaluatedCells=2352, blockedCells=152, origin=(211,336), keepReference=(254,379).
[Info   :Active AIV Detector] [2026-09-24 22:11:55.590] Wrote opt-in AIV cell trace: path=E:\ProgrammeE\Steam\steamapps\common\Stronghold Crusader Definitive Edition\BepInEx\plugins\ActiveAIVDetector_Serp\CellTraces\oracle-cell-trace-20260924-221154-906-p4-c0-r2-keep254-379.tsv, rows=2352, nativeBlocked=152, resultGridBlocked=152, validatorCalls=2352, validatorBlocked=152, preValidatorBlocked=0.
[Info   :Active AIV Detector] [2026-09-24 22:11:55.591] Wrote opt-in live building grid: path=E:\ProgrammeE\Steam\steamapps\common\Stronghold Crusader Definitive Edition\BepInEx\plugins\ActiveAIVDetector_Serp\CellTraces\oracle-live-building-grid-20260924-221154-906-p4-r2-keep254-379.tsv, occupiedCells=351.
[Info   :Active AIV Detector] [2026-09-24 22:11:55.591] AIV placement oracle attempt #3.4: mapName=<unknown>, mapFile=C:\Users\Serpens66\AppData\LocalLow\Firefly Studios\Stronghold Crusader Definitive Edition\Maps\test AI overbuild eachother.map, mapFileSha256=d63cd2ff3aeaba80bc3bc173bb615207666f1eaf759ecac573fad0da61979df3, preBuildSetting=0, playerId=4, method=SelectBestFit, candidateId=0, aivName=Default 6, aivJson=E:\ProgrammeE\Steam\steamapps\common\Stronghold Crusader Definitive Edition\BepInEx\plugins\ActiveAIVDetector_Serp\VanillaAIV\nizar6.aivjson, aivJsonSha256=1d86b141261297706ad65f60d870a3ae30a8c0da05b6b3b1d4d923c702cb11ad, orientation=4 (180 degrees), result=Partial, rawFitScore=14, fitPercent=93, evaluatedCells=2352, blockedCells=162, origin=(211,336), keepReference=(254,379).
[Info   :Active AIV Detector] [2026-09-24 22:11:55.597] Wrote opt-in AIV cell trace: path=E:\ProgrammeE\Steam\steamapps\common\Stronghold Crusader Definitive Edition\BepInEx\plugins\ActiveAIVDetector_Serp\CellTraces\oracle-cell-trace-20260924-221154-907-p4-c0-r4-keep254-379.tsv, rows=2352, nativeBlocked=162, resultGridBlocked=162, validatorCalls=2352, validatorBlocked=162, preValidatorBlocked=0.
[Info   :Active AIV Detector] [2026-09-24 22:11:55.597] Wrote opt-in live building grid: path=E:\ProgrammeE\Steam\steamapps\common\Stronghold Crusader Definitive Edition\BepInEx\plugins\ActiveAIVDetector_Serp\CellTraces\oracle-live-building-grid-20260924-221154-907-p4-r4-keep254-379.tsv, occupiedCells=351.
[Info   :Active AIV Detector] [2026-09-24 22:11:55.597] AIV placement oracle selection #4: mapName=<unknown>, mapFile=C:\Users\Serpens66\AppData\LocalLow\Firefly Studios\Stronghold Crusader Definitive Edition\Maps\test AI overbuild eachother.map, mapFileSha256=d63cd2ff3aeaba80bc3bc173bb615207666f1eaf759ecac573fad0da61979df3, nativeDllSha256=fbcb93195fc7efca9bdac5204852efdd76f9818f59a6711750d77c9cef2831e2, preBuildSetting=0, nativeStartOptions=mode=99,option2F0=0,option2F4=1,option2F8=4294967296, playerId=5, method=SelectBestFit, tryOtherRotations=True, aivSpecIndex=4, attempts=1, finalCandidateId=0, finalAivName=Default 7, finalAivJson=E:\ProgrammeE\Steam\steamapps\common\Stronghold Crusader Definitive Edition\BepInEx\plugins\ActiveAIVDetector_Serp\VanillaAIV\marshal7.aivjson, finalAivJsonSha256=384abb01e5b4c0ff36ceddeac64c3a8dc8151d0113d1189a32d8c7feb9bb337f, finalOrientation=6 (270 degrees), placementState=2 (complete fit), directReturnSigned=<not-applicable>, confirmationPoint=OnStartMap(Post).
[Info   :Active AIV Detector] [2026-09-24 22:11:55.598] AIV placement oracle attempt #4.1: mapName=<unknown>, mapFile=C:\Users\Serpens66\AppData\LocalLow\Firefly Studios\Stronghold Crusader Definitive Edition\Maps\test AI overbuild eachother.map, mapFileSha256=d63cd2ff3aeaba80bc3bc173bb615207666f1eaf759ecac573fad0da61979df3, preBuildSetting=0, playerId=5, method=SelectBestFit, candidateId=0, aivName=Default 7, aivJson=E:\ProgrammeE\Steam\steamapps\common\Stronghold Crusader Definitive Edition\BepInEx\plugins\ActiveAIVDetector_Serp\VanillaAIV\marshal7.aivjson, aivJsonSha256=384abb01e5b4c0ff36ceddeac64c3a8dc8151d0113d1189a32d8c7feb9bb337f, orientation=6 (270 degrees), result=Complete, rawFitScore=999999, fitPercent=100, evaluatedCells=1770, blockedCells=0, origin=(215,374), keepReference=(258,417).
[Info   :Active AIV Detector] [2026-09-24 22:11:55.602] Wrote opt-in AIV cell trace: path=E:\ProgrammeE\Steam\steamapps\common\Stronghold Crusader Definitive Edition\BepInEx\plugins\ActiveAIVDetector_Serp\CellTraces\oracle-cell-trace-20260924-221154-928-p5-c0-r6-keep258-417.tsv, rows=1770, nativeBlocked=0, resultGridBlocked=0, validatorCalls=1770, validatorBlocked=0, preValidatorBlocked=0.
[Info   :Active AIV Detector] [2026-09-24 22:11:55.603] Wrote opt-in live building grid: path=E:\ProgrammeE\Steam\steamapps\common\Stronghold Crusader Definitive Edition\BepInEx\plugins\ActiveAIVDetector_Serp\CellTraces\oracle-live-building-grid-20260924-221154-928-p5-r6-keep258-417.tsv, occupiedCells=468.
[Info   :Active AIV Detector] [2026-09-24 22:11:55.605] Active AIV confirmed #1: playerId=2, lord=SENTINEL, baseLordEnum=SK_SENTINEL, runtimeLordEnum=SK_SENTINEL, lordJson=E:\ProgrammeE\Steam\steamapps\common\Stronghold Crusader Definitive Edition\BepInEx\plugins\ActiveAIVDetector_Serp\VanillaAIC\Sentinel.lordjson, lordConfigChecksum=<not-applicable>, lordJsonSha256=a399a37fb352d2a2792d546fad15dc1857f1c59acce45062863ef1ba2f6e025a, lordConfigEffectiveSource=embedded game data; bundled lordJson exists but its manifest does not match the installed CrusaderDE.dll, aivMode=Default, candidateId=0, aivName=Default 2, aivJson=E:\ProgrammeE\Steam\steamapps\common\Stronghold Crusader Definitive Edition\BepInEx\plugins\ActiveAIVDetector_Serp\VanillaAIV\sentinel2.aivjson, aivJsonSha256=907ab0c23abebd42aba220449f8010f7fd12d9c1d87a455fcd24ff478453e9da, checksum=2, effectiveSource=embedded game data; bundled aivJson is the equivalent official editor file and is not read by the game, aivSpecIndex=1, orientation=6 (270 degrees), placementState=2 (complete fit), confirmationPoint=OnStartMap(Post).
[Info   :Active AIV Detector] [2026-09-24 22:11:55.606] Active AIV confirmed #2: playerId=3, lord=WOLF, baseLordEnum=SK_WOLF, runtimeLordEnum=SK_WOLF, lordJson=E:\ProgrammeE\Steam\steamapps\common\Stronghold Crusader Definitive Edition\BepInEx\plugins\ActiveAIVDetector_Serp\VanillaAIC\Wolf.lordjson, lordConfigChecksum=<not-applicable>, lordJsonSha256=c79627657a2ee5f402a3deea637fefdc8467876f92edf3a8c2aad17b8af2e2c1, lordConfigEffectiveSource=embedded game data; bundled lordJson exists but its manifest does not match the installed CrusaderDE.dll, aivMode=Default, candidateId=0, aivName=Default 8, aivJson=E:\ProgrammeE\Steam\steamapps\common\Stronghold Crusader Definitive Edition\BepInEx\plugins\ActiveAIVDetector_Serp\VanillaAIV\wolf8.aivjson, aivJsonSha256=0e59ca19225bfa86472a4b2a939ac8c97a1d6301e0fcc00b36cb998dd36eedd2, checksum=8, effectiveSource=embedded game data; bundled aivJson is the equivalent official editor file and is not read by the game, aivSpecIndex=2, orientation=6 (270 degrees), placementState=1 (best partial fit), confirmationPoint=OnStartMap(Post).
[Info   :Active AIV Detector] [2026-09-24 22:11:55.606] Active AIV confirmed #3: playerId=4, lord=NIZAR, baseLordEnum=SK_NIZAR, runtimeLordEnum=SK_NIZAR, lordJson=E:\ProgrammeE\Steam\steamapps\common\Stronghold Crusader Definitive Edition\BepInEx\plugins\ActiveAIVDetector_Serp\VanillaAIC\Nizar.lordjson, lordConfigChecksum=<not-applicable>, lordJsonSha256=361070a6c6c91b7733d07182d916fdbfbd3d8242e5103031182312d00643d9b7, lordConfigEffectiveSource=embedded game data; bundled lordJson exists but its manifest does not match the installed CrusaderDE.dll, aivMode=Default, candidateId=0, aivName=Default 6, aivJson=E:\ProgrammeE\Steam\steamapps\common\Stronghold Crusader Definitive Edition\BepInEx\plugins\ActiveAIVDetector_Serp\VanillaAIV\nizar6.aivjson, aivJsonSha256=1d86b141261297706ad65f60d870a3ae30a8c0da05b6b3b1d4d923c702cb11ad, checksum=6, effectiveSource=embedded game data; bundled aivJson is the equivalent official editor file and is not read by the game, aivSpecIndex=3, orientation=6 (270 degrees), placementState=1 (best partial fit), confirmationPoint=OnStartMap(Post).
[Info   :Active AIV Detector] [2026-09-24 22:11:55.606] Active AIV confirmed #4: playerId=5, lord=MARSHAL, baseLordEnum=SK_MARSHAL, runtimeLordEnum=SK_MARSHAL, lordJson=E:\ProgrammeE\Steam\steamapps\common\Stronghold Crusader Definitive Edition\BepInEx\plugins\ActiveAIVDetector_Serp\VanillaAIC\Marshal.lordjson, lordConfigChecksum=<not-applicable>, lordJsonSha256=5814c0445a51d1dabb346ac61e2e9b7573ebc707ac265287e00aa6faf14c4bd9, lordConfigEffectiveSource=embedded game data; bundled lordJson exists but its manifest does not match the installed CrusaderDE.dll, aivMode=Default, candidateId=0, aivName=Default 7, aivJson=E:\ProgrammeE\Steam\steamapps\common\Stronghold Crusader Definitive Edition\BepInEx\plugins\ActiveAIVDetector_Serp\VanillaAIV\marshal7.aivjson, aivJsonSha256=384abb01e5b4c0ff36ceddeac64c3a8dc8151d0113d1189a32d8c7feb9bb337f, checksum=7, effectiveSource=embedded game data; bundled aivJson is the equivalent official editor file and is not read by the game, aivSpecIndex=4, orientation=6 (270 degrees), placementState=2 (complete fit), confirmationPoint=OnStartMap(Post).
[Info   :Active AIV Detector] [2026-09-24 22:11:55.606] Active AIV finalization completed after MissionStart: activeAIs=4, reportedAIVs=4, capturedSelections=4.
[Debug  :Unit Limit] [2026-09-24 22:11:55.612] ActiveSiegeTentCache ResyncAll: countKeys 0
[Debug  :Unit Limit] [2026-09-24 22:11:55.612] Gameplay session started: NewMap
[Debug  :Unit Limit] [2026-09-24 22:11:55.612] Applied active unit limit rules: 32
[Warning:  SHCDE-SE] [T1-22:11:55.613] [GameNetworkAPI] [GetLocalPlayerId] Local SteamID [76561198102311542] has no assigned slot yet: returning -1
[Warning:  SHCDE-SE] [T1-22:11:55.613] [GameNetworkAPI] [GetLocalPlayerId] Local SteamID [76561198102311542] has no assigned slot yet: returning -1
[Debug  :Extra Features] [2026-09-24 22:11:55.614] Extra Features multiplayer feature gate captured map mode: realMultiplayer=False, singleplayerSkirmishMode=True, singleplayerSkirmish=True, singleplayerTrail=False, mapEditor=False, multiplayerSave=False, directorAvailable=True, directorMultiplayer=False, directorSkirmish=True, lowLevelNetworked=True, platformMultiplayer=False, lobbyMembers=5, realLobbyMembers=0, skirmishLobbyMembers=5, gameMembers=5, realNetworkGameMembers=0, gameType=3, skirmishGameType=0, skirmishTrailType=-1, coopTrailId=0, kind=CustomGame, launchVariant=Standard, allowsCustomGameMods=True, allowsRegularGameplayMods=True, campaignMapId=0, eventTrailType=-1, customizedTrailId=-1, customizedMissionId=-1, customizedOriginKind=0, conflictingCustomizedOrigin=False.
[Info   :Extra Features] [2026-09-24 22:11:55.614] Extra Features gatehouse map state resumed: manualOnly=0.
[Info   :Extra Features] [2026-09-24 22:11:55.615] Extra Features church priest counts applied: enabled=True, church2=2, church3=3.
[Debug  :Extra Features] [2026-09-24 22:11:55.615] Extra Features Lord health initialized: session=1, savedBasis=False, humans=100%, AI=100%.
[Warning:  SHCDE-SE] [T1-22:11:55.615] [GameNetworkAPI] [GetLocalPlayerId] Local SteamID [76561198102311542] has no assigned slot yet: returning -1
[Warning:  SHCDE-SE] [T1-22:11:55.616] [GameNetworkAPI] [GetLocalPlayerId] Local SteamID [76561198102311542] has no assigned slot yet: returning -1
[Info   :Extra Features] [2026-09-24 22:11:55.616] Extra Features gatehouse map state resumed: manualOnly=0.
[Debug  :Bugfixes and QoL] [2026-09-24 22:11:55.616] Bugfixes and QoL multiplayer feature gate captured map mode: realMultiplayer=False, singleplayerSkirmishMode=True, singleplayerSkirmish=True, singleplayerTrail=False, mapEditor=False, multiplayerSave=False, directorAvailable=True, directorMultiplayer=False, directorSkirmish=True, lowLevelNetworked=True, platformMultiplayer=False, lobbyMembers=5, realLobbyMembers=0, skirmishLobbyMembers=5, gameMembers=5, realNetworkGameMembers=0, gameType=3, skirmishGameType=0, skirmishTrailType=-1, coopTrailId=0, kind=CustomGame, launchVariant=Standard, allowsCustomGameMods=True, allowsRegularGameplayMods=True, campaignMapId=0, eventTrailType=-1, customizedTrailId=-1, customizedMissionId=-1, customizedOriginKind=0, conflictingCustomizedOrigin=False.
[Debug  :Bugfixes and QoL] [2026-09-24 22:11:55.618] Reset surrender/statistics session state: reason=session-start:NewMap.
[Debug  :Bugfixes and QoL] [2026-09-24 22:11:55.619] Extended Shift queue mode: realMultiplayer=False, synchronizedQueueing=False.
[Debug  :Bugfixes and QoL] [2026-09-24 22:11:55.619] Plague popularity diagnostics armed: modEnabled=True, fixEnabled=True, source=NewMap, mode=realMultiplayer=False, singleplayerSkirmishMode=True, singleplayerSkirmish=True, singleplayerTrail=False, mapEditor=False, multiplayerSave=False, directorAvailable=True, directorMultiplayer=False, directorSkirmish=True, lowLevelNetworked=True, platformMultiplayer=False, lobbyMembers=5, realLobbyMembers=0, skirmishLobbyMembers=5, gameMembers=5, realNetworkGameMembers=0, gameType=3, skirmishGameType=0, skirmishTrailType=-1, coopTrailId=0, kind=CustomGame, launchVariant=Standard, allowsCustomGameMods=True, allowsRegularGameplayMods=True, campaignMapId=0, eventTrailType=-1, customizedTrailId=-1, customizedMissionId=-1, customizedOriginKind=0, conflictingCustomizedOrigin=False.
[Debug  :Bugfixes and QoL] [2026-09-24 22:11:55.621] Bugfixes and QoL quarry-pile runtime: loaded Vanilla structure-group repair completed: candidates=0, validPairs=0, alreadyValid=0, plannedRepairs=0, groupIdsCorrected=0, legacyReverseLinksCleared=0, invalid=0, ambiguous=0, rejectedGroups=0.
[Info   :AIV Lobby Preset Test] Test-series run completed: DL-forward-off; next=2/4, session=1.
[Debug  :Building Costs] [2026-09-24 22:11:55.628] Gameplay session started: NewMap
[Debug  :Building Costs] [2026-09-24 22:11:55.629] Applied building cost materials: 0
[Debug  :Building Limit] [2026-09-24 22:11:55.632] ActiveBuildingCache RebuildCounts: humanCountKeys 6
[Debug  :Building Limit] [2026-09-24 22:11:55.632] ActiveBuildingCache ResyncAll: raiseEvents True scanned 3999 alive 45 humanActiveIds 9 humanCountKeys 6
[Debug  :Building Limit] [2026-09-24 22:11:55.633] ActiveBuildingCache ResyncAll count: player 1 type STRUCT_GOODS_YARD count 4
[Debug  :Building Limit] [2026-09-24 22:11:55.633] ActiveBuildingCache ResyncAll count: player 1 type STRUCT_KEEP_TWO count 1
[Debug  :Building Limit] [2026-09-24 22:11:55.633] ActiveBuildingCache ResyncAll count: player 1 type STRUCT_CAMPGROUND count 1
[Debug  :Building Limit] [2026-09-24 22:11:55.633] ActiveBuildingCache ResyncAll count: player 1 type STRUCT_KEEPDOOR_LEFT count 1
[Debug  :Building Limit] [2026-09-24 22:11:55.633] ActiveBuildingCache ResyncAll count: player 1 type STRUCT_KEEPDOOR_RIGHT count 1
[Debug  :Building Limit] [2026-09-24 22:11:55.633] ActiveBuildingCache ResyncAll count: player 1 type STRUCT_KEEPDOOR count 1
[Debug  :Building Limit] [2026-09-24 22:11:55.633] Gameplay session started: NewMap
[Debug  :Building Limit] [2026-09-24 22:11:55.633] Applied active building limit rules: 93
[Debug  :CastlePlanner] [2026-09-24 22:11:55.635] Blueprint preparation skipped because the local AIVJSON is unavailable and Spawn Castle is disabled: '[CustomLords] testlord_serp\testlord_serpcastle1.aivjson'.
[Debug  :CastlePlanner] [2026-09-24 22:11:55.635] Blueprint map-start lifecycle received; visibility reset to hidden.
[Debug  : Cheat Mod] [2026-09-24 22:11:55.636] Cheat Mod map runtime started; extreme-powers recharge interval=40 ticks, mana=7000, tickSubscribed=False.
[Debug  :Unit Costs] [2026-09-24 22:11:55.637] Applied unit cost values: 0
[Debug  :Unit Costs] [2026-09-24 22:11:55.638] Applied human extra unit cost rows: 0
[Error  :Random Events] [2026-09-24 22:11:55.691] Signpost initialization failed on this map; retrying: no active event participant is available for the Vanilla reachability check.
[Debug  :Extreme Powers] [2026-09-24 22:11:55.721] Extreme Powers session is ready.
[Debug  :Bugfixes and QoL] [2026-09-24 22:11:55.721] Bugfixes and QoL quarry-pile runtime: AI quarry spawn observation armed after map/load initialization: tick=17.
[Info   :Extra Features] [2026-09-24 22:11:55.789] Extra Features gatehouse automation icon loaded: asset='Assets/GUI/Sprites/ExtraFeatures_GatehouseAutomation.png', bytes=2443140.
[Debug  :CastlePlanner] [2026-09-24 22:11:55.789] Persistent Application.onBeforeRender blueprint callback is active.
[Info   :CastlePlanner] [2026-09-24 22:11:55.791] CastlePlanner cached AIVJSON choices including Steam Workshop content; unique=511, identicalDuplicatesIgnored=376, nonAivContainersIgnored=3.
[Info   :CastlePlanner] [2026-09-24 22:11:55.803] Blueprint prepared locally: reason=scheduled preparation, file=C:\Users\Serpens66\AppData\LocalLow\Firefly Studios\Stronghold Crusader Definitive Edition\CustomLords\testlord_serp\testlord_serpcastle1.aivjson, keep=(458,351), projectedKeep=(458,351), castleRotation=0, tiles=1691, icons=161, unknownMappers=0, miscItemsIgnored=0.
[Debug  :CastlePlanner] [2026-09-24 22:11:55.804] Blueprint HUD viewport updated: width=1365,0, height=768,0.
[Debug  :CastlePlanner] [2026-09-24 22:11:55.818] Decoded Blueprint depth atlas page: key=MAPPER_WALL|Generic|Default, page=0, bytes=90046, size=68x540, pngDecodeMs=2,8, pagePrepareMs=3,6.
[Debug  :CastlePlanner] [2026-09-24 22:11:55.823] Prepared Blueprint depth visual: key=MAPPER_WALL|Generic|Default, pages=1, fragments=1, layers=1, fileReadMs=4,8, pngDecodeMs=2,8, meshBuildMs=4,7, mainThreadMs=8,6.
[Debug  :CastlePlanner] [2026-09-24 22:11:55.827] Decoded Blueprint depth atlas page: key=MAPPER_WOODWALL|Generic|Default, page=0, bytes=90300, size=68x540, pngDecodeMs=1,5, pagePrepareMs=1,6.
[Debug  :CastlePlanner] [2026-09-24 22:11:55.827] Prepared Blueprint depth visual: key=MAPPER_WOODWALL|Generic|Default, pages=1, fragments=1, layers=1, fileReadMs=4,8, pngDecodeMs=1,5, meshBuildMs=0,1, mainThreadMs=1,7.
[Debug  :CastlePlanner] [2026-09-24 22:11:55.831] Decoded Blueprint depth atlas page: key=MAPPER_CRENAL|Generic|PlacedDefault, page=0, bytes=95445, size=68x576, pngDecodeMs=1,2, pagePrepareMs=1,2.
[Debug  :CastlePlanner] [2026-09-24 22:11:55.831] Prepared Blueprint depth visual: key=MAPPER_CRENAL|Generic|PlacedDefault, pages=1, fragments=1, layers=1, fileReadMs=3,8, pngDecodeMs=1,2, meshBuildMs=0,1, mainThreadMs=1,4.
[Debug  :CastlePlanner] [2026-09-24 22:11:55.836] Decoded Blueprint depth atlas page: key=MAPPER_CRENAL2|Generic|PlacedDefault, page=0, bytes=95445, size=68x576, pngDecodeMs=1,2, pagePrepareMs=1,2.
[Debug  :CastlePlanner] [2026-09-24 22:11:55.836] Prepared Blueprint depth visual: key=MAPPER_CRENAL2|Generic|PlacedDefault, pages=1, fragments=1, layers=1, fileReadMs=3,7, pngDecodeMs=1,2, meshBuildMs=0,1, mainThreadMs=1,4.
[Debug  :CastlePlanner] [2026-09-24 22:11:55.839] Decoded Blueprint depth atlas page: key=MAPPER_STAIR|Generic|StairNorth, page=0, bytes=8970, size=68x68, pngDecodeMs=0,3, pagePrepareMs=0,3.
[Debug  :CastlePlanner] [2026-09-24 22:11:55.839] Prepared Blueprint depth visual: key=MAPPER_STAIR|Generic|StairNorth, pages=1, fragments=1, layers=1, fileReadMs=3,1, pngDecodeMs=0,3, meshBuildMs=0,1, mainThreadMs=0,5.
[Debug  :CastlePlanner] [2026-09-24 22:11:55.847] Decoded Blueprint depth atlas page: key=MAPPER_TOWER1|Generic|Default, page=0, bytes=453661, size=596x680, pngDecodeMs=4,7, pagePrepareMs=4,8.
[Debug  :CastlePlanner] [2026-09-24 22:11:55.847] Prepared Blueprint depth visual: key=MAPPER_TOWER1|Generic|Default, pages=1, fragments=9, layers=5, fileReadMs=4,3, pngDecodeMs=4,7, meshBuildMs=0,5, mainThreadMs=5,3.
[Debug  :CastlePlanner] [2026-09-24 22:11:55.861] Decoded Blueprint depth atlas page: key=MAPPER_TOWER2|Generic|Default, page=0, bytes=413999, size=992x428, pngDecodeMs=6,8, pagePrepareMs=6,8.
[Debug  :CastlePlanner] [2026-09-24 22:11:55.861] Prepared Blueprint depth visual: key=MAPPER_TOWER2|Generic|Default, pages=1, fragments=16, layers=7, fileReadMs=4,1, pngDecodeMs=6,8, meshBuildMs=0,2, mainThreadMs=7,1.
[Debug  :CastlePlanner] [2026-09-24 22:11:55.869] Decoded Blueprint depth atlas page: key=MAPPER_TOWER3|Generic|Default, page=0, bytes=589632, size=992x468, pngDecodeMs=5,8, pagePrepareMs=5,8.
[Debug  :CastlePlanner] [2026-09-24 22:11:55.870] Prepared Blueprint depth visual: key=MAPPER_TOWER3|Generic|Default, pages=1, fragments=25, layers=9, fileReadMs=4,2, pngDecodeMs=5,8, meshBuildMs=0,3, mainThreadMs=6,2.
[Debug  :CastlePlanner] [2026-09-24 22:11:55.881] Decoded Blueprint depth atlas page: key=MAPPER_TOWER4|Generic|Default, page=0, bytes=812187, size=992x968, pngDecodeMs=10,7, pagePrepareMs=10,7.
[Debug  :CastlePlanner] [2026-09-24 22:11:55.882] Prepared Blueprint depth visual: key=MAPPER_TOWER4|Generic|Default, pages=1, fragments=36, layers=11, fileReadMs=3,5, pngDecodeMs=10,7, meshBuildMs=0,2, mainThreadMs=11,0.
[Debug  :CastlePlanner] [2026-09-24 22:11:55.896] Decoded Blueprint depth atlas page: key=MAPPER_TOWER5|Generic|Default, page=0, bytes=875698, size=2048x556, pngDecodeMs=12,5, pagePrepareMs=12,5.
[Debug  :CastlePlanner] [2026-09-24 22:11:55.896] Prepared Blueprint depth visual: key=MAPPER_TOWER5|Generic|Default, pages=1, fragments=36, layers=11, fileReadMs=3,3, pngDecodeMs=12,5, meshBuildMs=0,2, mainThreadMs=12,7.
[Debug  :CastlePlanner] [2026-09-24 22:11:55.901] Decoded Blueprint depth atlas page: key=MAPPER_OIL_SMELTER|Generic|ReservationFront, page=0, bytes=165724, size=464x424, pngDecodeMs=2,3, pagePrepareMs=2,3.
[Debug  :CastlePlanner] [2026-09-24 22:11:55.901] Prepared Blueprint depth visual: key=MAPPER_OIL_SMELTER|Generic|ReservationFront, pages=1, fragments=32, layers=11, fileReadMs=3,1, pngDecodeMs=2,3, meshBuildMs=0,2, mainThreadMs=2,5.
[Debug  :CastlePlanner] [2026-09-24 22:11:55.904] Decoded Blueprint depth atlas page: key=MAPPER_DOG_CAGE|Generic|Default, page=0, bytes=49882, size=200x216, pngDecodeMs=0,6, pagePrepareMs=0,7.
[Debug  :CastlePlanner] [2026-09-24 22:11:55.904] Prepared Blueprint depth visual: key=MAPPER_DOG_CAGE|Generic|Default, pages=1, fragments=9, layers=5, fileReadMs=3,0, pngDecodeMs=0,6, meshBuildMs=0,1, mainThreadMs=0,8.
[Debug  :CastlePlanner] [2026-09-24 22:11:55.915] Decoded Blueprint depth atlas page: key=MAPPER_GATE_STONE1A|Generic|Default, page=0, bytes=392752, size=992x340, pngDecodeMs=6,9, pagePrepareMs=7,9.
[Debug  :CastlePlanner] [2026-09-24 22:11:55.915] Prepared Blueprint depth visual: key=MAPPER_GATE_STONE1A|Generic|Default, pages=1, fragments=25, layers=9, fileReadMs=4,9, pngDecodeMs=6,9, meshBuildMs=0,6, mainThreadMs=8,8.
[Debug  :CastlePlanner] [2026-09-24 22:11:55.936] Decoded Blueprint depth atlas page: key=MAPPER_GATE_STONE2A|Generic|Default, page=0, bytes=696164, size=992x756, pngDecodeMs=8,4, pagePrepareMs=8,5.
[Debug  :CastlePlanner] [2026-09-24 22:11:55.936] Prepared Blueprint depth visual: key=MAPPER_GATE_STONE2A|Generic|Default, pages=1, fragments=49, layers=13, fileReadMs=5,2, pngDecodeMs=8,4, meshBuildMs=0,2, mainThreadMs=8,7.
[Debug  :CastlePlanner] [2026-09-24 22:11:55.940] Decoded Blueprint depth atlas page: key=MAPPER_DRAWBRIDGE|Generic|DrawbridgeFront, page=0, bytes=116940, size=992x284, pngDecodeMs=2,7, pagePrepareMs=2,8.
[Debug  :CastlePlanner] [2026-09-24 22:11:55.941] Prepared Blueprint depth visual: key=MAPPER_DRAWBRIDGE|Generic|DrawbridgeFront, pages=1, fragments=25, layers=9, fileReadMs=4,0, pngDecodeMs=2,7, meshBuildMs=0,1, mainThreadMs=2,9.
[Debug  :CastlePlanner] [2026-09-24 22:11:55.944] Decoded Blueprint depth atlas page: key=MAPPER_POLETURNER|Generic|Default, page=0, bytes=200416, size=464x336, pngDecodeMs=2,0, pagePrepareMs=2,0.
[Debug  :CastlePlanner] [2026-09-24 22:11:55.945] Prepared Blueprint depth visual: key=MAPPER_POLETURNER|Generic|Default, pages=1, fragments=16, layers=7, fileReadMs=3,4, pngDecodeMs=2,0, meshBuildMs=0,1, mainThreadMs=2,1.
[Debug  :CastlePlanner] [2026-09-24 22:11:55.950] Decoded Blueprint depth atlas page: key=MAPPER_FLETCHER|Generic|Default, page=0, bytes=200989, size=464x340, pngDecodeMs=2,1, pagePrepareMs=2,1.
[Debug  :CastlePlanner] [2026-09-24 22:11:55.950] Prepared Blueprint depth visual: key=MAPPER_FLETCHER|Generic|Default, pages=1, fragments=16, layers=7, fileReadMs=3,2, pngDecodeMs=2,1, meshBuildMs=0,1, mainThreadMs=2,2.
[Debug  :CastlePlanner] [2026-09-24 22:11:55.953] Decoded Blueprint depth atlas page: key=MAPPER_BLACKSMITH|Generic|Default, page=0, bytes=198094, size=464x352, pngDecodeMs=2,1, pagePrepareMs=2,1.
[Debug  :CastlePlanner] [2026-09-24 22:11:55.953] Prepared Blueprint depth visual: key=MAPPER_BLACKSMITH|Generic|Default, pages=1, fragments=16, layers=7, fileReadMs=4,7, pngDecodeMs=2,1, meshBuildMs=0,1, mainThreadMs=2,2.
[Debug  :CastlePlanner] [2026-09-24 22:11:55.957] Decoded Blueprint depth atlas page: key=MAPPER_TANNER|Generic|Default, page=0, bytes=184360, size=464x324, pngDecodeMs=2,0, pagePrepareMs=2,0.
[Debug  :CastlePlanner] [2026-09-24 22:11:55.957] Prepared Blueprint depth visual: key=MAPPER_TANNER|Generic|Default, pages=1, fragments=16, layers=7, fileReadMs=5,4, pngDecodeMs=2,0, meshBuildMs=0,1, mainThreadMs=2,1.
[Debug  :CastlePlanner] [2026-09-24 22:11:55.961] Decoded Blueprint depth atlas page: key=MAPPER_ARMOURER|Generic|Default, page=0, bytes=199906, size=464x356, pngDecodeMs=2,4, pagePrepareMs=2,4.
[Debug  :CastlePlanner] [2026-09-24 22:11:55.961] Prepared Blueprint depth visual: key=MAPPER_ARMOURER|Generic|Default, pages=1, fragments=16, layers=7, fileReadMs=4,8, pngDecodeMs=2,4, meshBuildMs=0,1, mainThreadMs=2,6.
[Debug  :CastlePlanner] [2026-09-24 22:11:55.966] Decoded Blueprint depth atlas page: key=MAPPER_ARMOURY|Generic|Default, page=0, bytes=273249, size=464x460, pngDecodeMs=3,0, pagePrepareMs=3,0.
[Debug  :CastlePlanner] [2026-09-24 22:11:55.966] Prepared Blueprint depth visual: key=MAPPER_ARMOURY|Generic|Default, pages=1, fragments=16, layers=7, fileReadMs=3,2, pngDecodeMs=3,0, meshBuildMs=0,1, mainThreadMs=3,1.
[Debug  :CastlePlanner] [2026-09-24 22:11:55.973] Decoded Blueprint depth atlas page: key=MAPPER_ENGINEERS_GUILD|Generic|ReservationFront, page=0, bytes=365609, size=992x276, pngDecodeMs=3,2, pagePrepareMs=3,3.
[Debug  :CastlePlanner] [2026-09-24 22:11:55.973] Prepared Blueprint depth visual: key=MAPPER_ENGINEERS_GUILD|Generic|ReservationFront, pages=1, fragments=50, layers=14, fileReadMs=3,9, pngDecodeMs=3,2, meshBuildMs=0,2, mainThreadMs=3,5.
[Debug  :CastlePlanner] [2026-09-24 22:11:55.980] Decoded Blueprint depth atlas page: key=MAPPER_TUNNELERS_GUILD|Generic|ReservationRear, page=0, bytes=373038, size=992x284, pngDecodeMs=3,4, pagePrepareMs=3,4.
[Debug  :CastlePlanner] [2026-09-24 22:11:55.980] Prepared Blueprint depth visual: key=MAPPER_TUNNELERS_GUILD|Generic|ReservationRear, pages=1, fragments=50, layers=14, fileReadMs=3,8, pngDecodeMs=3,4, meshBuildMs=0,2, mainThreadMs=3,6.
[Debug  :CastlePlanner] [2026-09-24 22:11:55.988] Decoded Blueprint depth atlas page: key=MAPPER_STABLES|Generic|Default, page=0, bytes=314293, size=992x396, pngDecodeMs=4,3, pagePrepareMs=4,4.
[Debug  :CastlePlanner] [2026-09-24 22:11:55.988] Prepared Blueprint depth visual: key=MAPPER_STABLES|Generic|Default, pages=1, fragments=36, layers=11, fileReadMs=4,5, pngDecodeMs=4,3, meshBuildMs=0,1, mainThreadMs=4,5.
[Debug  :CastlePlanner] [2026-09-24 22:11:55.998] Decoded Blueprint depth atlas page: key=MAPPER_BARRACKS_STONE|Generic|ReservationDefault, page=0, bytes=636911, size=992x572, pngDecodeMs=6,6, pagePrepareMs=6,6.
[Debug  :CastlePlanner] [2026-09-24 22:11:55.999] Prepared Blueprint depth visual: key=MAPPER_BARRACKS_STONE|Generic|ReservationDefault, pages=1, fragments=100, layers=19, fileReadMs=4,9, pngDecodeMs=6,6, meshBuildMs=0,3, mainThreadMs=6,9.
[Debug  :CastlePlanner] [2026-09-24 22:11:56.004] Decoded Blueprint depth atlas page: key=MAPPER_BARRACKS_WOOD|Generic|ReservationDefault, page=0, bytes=436519, size=992x464, pngDecodeMs=5,0, pagePrepareMs=5,0.
[Debug  :CastlePlanner] [2026-09-24 22:11:56.005] Prepared Blueprint depth visual: key=MAPPER_BARRACKS_WOOD|Generic|ReservationDefault, pages=1, fragments=100, layers=19, fileReadMs=4,9, pngDecodeMs=5,0, meshBuildMs=0,2, mainThreadMs=5,3.
[Debug  :CastlePlanner] [2026-09-24 22:11:56.013] Decoded Blueprint depth atlas page: key=MAPPER_BEDOUIN_STOCKADE|Generic|ReservationDefault, page=0, bytes=452884, size=992x544, pngDecodeMs=5,8, pagePrepareMs=5,8.
[Debug  :CastlePlanner] [2026-09-24 22:11:56.013] Prepared Blueprint depth visual: key=MAPPER_BEDOUIN_STOCKADE|Generic|ReservationDefault, pages=1, fragments=100, layers=19, fileReadMs=3,3, pngDecodeMs=5,8, meshBuildMs=0,2, mainThreadMs=6,1.
[Debug  :CastlePlanner] [2026-09-24 22:11:56.018] Decoded Blueprint depth atlas page: key=MAPPER_STORES|Generic|Default, page=0, bytes=109328, size=464x192, pngDecodeMs=1,0, pagePrepareMs=1,1.
[Debug  :CastlePlanner] [2026-09-24 22:11:56.018] Prepared Blueprint depth visual: key=MAPPER_STORES|Generic|Default, pages=1, fragments=25, layers=9, fileReadMs=3,7, pngDecodeMs=1,0, meshBuildMs=0,1, mainThreadMs=1,2.
[Debug  :CastlePlanner] [2026-09-24 22:11:56.025] Decoded Blueprint depth atlas page: key=MAPPER_WOODSMAN|Generic|Default, page=0, bytes=58393, size=464x160, pngDecodeMs=0,8, pagePrepareMs=0,8.
[Debug  :CastlePlanner] [2026-09-24 22:11:56.025] Prepared Blueprint depth visual: key=MAPPER_WOODSMAN|Generic|Default, pages=1, fragments=9, layers=5, fileReadMs=3,2, pngDecodeMs=0,8, meshBuildMs=0,1, mainThreadMs=0,9.
[Debug  :CastlePlanner] [2026-09-24 22:11:56.033] Decoded Blueprint depth atlas page: key=MAPPER_TRADEPOST|Generic|Default, page=0, bytes=259795, size=464x416, pngDecodeMs=2,5, pagePrepareMs=2,5.
[Debug  :CastlePlanner] [2026-09-24 22:11:56.033] Prepared Blueprint depth visual: key=MAPPER_TRADEPOST|Generic|Default, pages=1, fragments=25, layers=9, fileReadMs=3,7, pngDecodeMs=2,5, meshBuildMs=0,1, mainThreadMs=2,6.
[Debug  :CastlePlanner] [2026-09-24 22:11:56.039] Decoded Blueprint depth atlas page: key=MAPPER_GRANARY|Generic|Default, page=0, bytes=224910, size=464x408, pngDecodeMs=2,4, pagePrepareMs=2,4.
[Debug  :CastlePlanner] [2026-09-24 22:11:56.040] Prepared Blueprint depth visual: key=MAPPER_GRANARY|Generic|Default, pages=1, fragments=16, layers=7, fileReadMs=3,9, pngDecodeMs=2,4, meshBuildMs=0,1, mainThreadMs=2,5.
[Debug  :CastlePlanner] [2026-09-24 22:11:56.046] Decoded Blueprint depth atlas page: key=MAPPER_HUNTER|Generic|Default, page=0, bytes=55453, size=200x252, pngDecodeMs=0,7, pagePrepareMs=0,7.
[Debug  :CastlePlanner] [2026-09-24 22:11:56.046] Prepared Blueprint depth visual: key=MAPPER_HUNTER|Generic|Default, pages=1, fragments=9, layers=5, fileReadMs=3,1, pngDecodeMs=0,7, meshBuildMs=0,1, mainThreadMs=0,8.
[Debug  :CastlePlanner] [2026-09-24 22:11:56.057] Decoded Blueprint depth atlas page: key=MAPPER_MILL|Generic|Default, page=0, bytes=193862, size=464x480, pngDecodeMs=2,5, pagePrepareMs=2,5.
[Debug  :CastlePlanner] [2026-09-24 22:11:56.057] Prepared Blueprint depth visual: key=MAPPER_MILL|Generic|Default, pages=1, fragments=9, layers=5, fileReadMs=3,3, pngDecodeMs=2,5, meshBuildMs=0,1, mainThreadMs=2,6.
[Debug  :CastlePlanner] [2026-09-24 22:11:56.068] Decoded Blueprint depth atlas page: key=MAPPER_BAKER|Generic|Default, page=0, bytes=212576, size=464x364, pngDecodeMs=2,1, pagePrepareMs=2,2.
[Debug  :CastlePlanner] [2026-09-24 22:11:56.068] Prepared Blueprint depth visual: key=MAPPER_BAKER|Generic|Default, pages=1, fragments=16, layers=7, fileReadMs=3,2, pngDecodeMs=2,1, meshBuildMs=0,1, mainThreadMs=2,3.
[Debug  :CastlePlanner] [2026-09-24 22:11:56.079] Decoded Blueprint depth atlas page: key=MAPPER_BREWER|Generic|Default, page=0, bytes=206924, size=464x348, pngDecodeMs=2,0, pagePrepareMs=2,1.
[Debug  :CastlePlanner] [2026-09-24 22:11:56.079] Prepared Blueprint depth visual: key=MAPPER_BREWER|Generic|Default, pages=1, fragments=16, layers=7, fileReadMs=3,1, pngDecodeMs=2,0, meshBuildMs=0,1, mainThreadMs=2,2.
[Debug  :CastlePlanner] [2026-09-24 22:11:56.092] Decoded Blueprint depth atlas page: key=MAPPER_INN|Generic|Default, page=0, bytes=406032, size=992x304, pngDecodeMs=4,3, pagePrepareMs=4,3.
[Debug  :CastlePlanner] [2026-09-24 22:11:56.092] Prepared Blueprint depth visual: key=MAPPER_INN|Generic|Default, pages=1, fragments=25, layers=9, fileReadMs=3,3, pngDecodeMs=4,3, meshBuildMs=0,1, mainThreadMs=4,4.
[Debug  :CastlePlanner] [2026-09-24 22:11:56.098] Decoded Blueprint depth atlas page: key=MAPPER_HOVEL|Generic|Default, page=0, bytes=137741, size=464x212, pngDecodeMs=1,3, pagePrepareMs=1,3.
[Debug  :CastlePlanner] [2026-09-24 22:11:56.098] Prepared Blueprint depth visual: key=MAPPER_HOVEL|Generic|Default, pages=1, fragments=16, layers=7, fileReadMs=3,5, pngDecodeMs=1,3, meshBuildMs=0,1, mainThreadMs=1,4.
[Debug  :CastlePlanner] [2026-09-24 22:11:56.106] Decoded Blueprint depth atlas page: key=MAPPER_CHURCH1|European|Default, page=0, bytes=355865, size=992x344, pngDecodeMs=3,9, pagePrepareMs=4,0.
[Debug  :CastlePlanner] [2026-09-24 22:11:56.106] Prepared Blueprint depth visual: key=MAPPER_CHURCH1|European|Default, pages=1, fragments=36, layers=11, fileReadMs=3,4, pngDecodeMs=3,9, meshBuildMs=0,1, mainThreadMs=4,1.
[Debug  :CastlePlanner] [2026-09-24 22:11:56.118] Decoded Blueprint depth atlas page: key=MAPPER_CHURCH2|European|Default, page=0, bytes=695883, size=992x808, pngDecodeMs=8,6, pagePrepareMs=8,7.
[Debug  :CastlePlanner] [2026-09-24 22:11:56.118] Prepared Blueprint depth visual: key=MAPPER_CHURCH2|European|Default, pages=1, fragments=81, layers=17, fileReadMs=3,0, pngDecodeMs=8,6, meshBuildMs=0,2, mainThreadMs=8,9.
[Debug  :CastlePlanner] [2026-09-24 22:11:56.151] Decoded Blueprint depth atlas page: key=MAPPER_CHURCH3|European|Default, page=0, bytes=1676006, size=2048x1388, pngDecodeMs=30,0, pagePrepareMs=30,0.
[Debug  :CastlePlanner] [2026-09-24 22:11:56.151] Prepared Blueprint depth visual: key=MAPPER_CHURCH3|European|Default, pages=1, fragments=169, layers=25, fileReadMs=3,3, pngDecodeMs=30,0, meshBuildMs=0,5, mainThreadMs=30,6.
[Debug  :CastlePlanner] [2026-09-24 22:11:56.163] Decoded Blueprint depth atlas page: key=MAPPER_HEALER|Generic|Default, page=0, bytes=411126, size=992x376, pngDecodeMs=4,5, pagePrepareMs=4,6.
[Debug  :CastlePlanner] [2026-09-24 22:11:56.164] Prepared Blueprint depth visual: key=MAPPER_HEALER|Generic|Default, pages=1, fragments=36, layers=11, fileReadMs=3,1, pngDecodeMs=4,5, meshBuildMs=0,2, mainThreadMs=4,8.
[Debug  :CastlePlanner] [2026-09-24 22:11:56.165] Decoded Blueprint depth atlas page: key=MAPPER_WELL|Generic|Default, page=0, bytes=42912, size=200x196, pngDecodeMs=0,6, pagePrepareMs=0,6.
[Debug  :CastlePlanner] [2026-09-24 22:11:56.166] Prepared Blueprint depth visual: key=MAPPER_WELL|Generic|Default, pages=1, fragments=9, layers=5, fileReadMs=3,3, pngDecodeMs=0,6, meshBuildMs=0,1, mainThreadMs=0,8.
[Debug  :CastlePlanner] [2026-09-24 22:11:56.171] Decoded Blueprint depth atlas page: key=MAPPER_WATERPOT|Generic|Default, page=0, bytes=134683, size=464x388, pngDecodeMs=2,1, pagePrepareMs=2,1.
[Debug  :CastlePlanner] [2026-09-24 22:11:56.171] Prepared Blueprint depth visual: key=MAPPER_WATERPOT|Generic|Default, pages=1, fragments=16, layers=7, fileReadMs=3,7, pngDecodeMs=2,1, meshBuildMs=0,1, mainThreadMs=2,2.
[Debug  :CastlePlanner] [2026-09-24 22:11:56.173] Decoded Blueprint depth atlas page: key=MAPPER_MAYPOLE|Generic|Default, page=0, bytes=39232, size=200x200, pngDecodeMs=0,5, pagePrepareMs=0,6.
[Debug  :CastlePlanner] [2026-09-24 22:11:56.173] Prepared Blueprint depth visual: key=MAPPER_MAYPOLE|Generic|Default, pages=1, fragments=9, layers=5, fileReadMs=2,8, pngDecodeMs=0,5, meshBuildMs=0,1, mainThreadMs=0,7.
[Debug  :CastlePlanner] [2026-09-24 22:11:56.176] Decoded Blueprint depth atlas page: key=MAPPER_DANCING_BEAR|Generic|Default, page=0, bytes=98458, size=464x180, pngDecodeMs=1,0, pagePrepareMs=1,0.
[Debug  :CastlePlanner] [2026-09-24 22:11:56.176] Prepared Blueprint depth visual: key=MAPPER_DANCING_BEAR|Generic|Default, pages=1, fragments=25, layers=9, fileReadMs=3,0, pngDecodeMs=1,0, meshBuildMs=0,1, mainThreadMs=1,2.
[Debug  :CastlePlanner] [2026-09-24 22:11:56.179] Decoded Blueprint depth atlas page: key=MAPPER_STATUE1|Generic|Default, page=0, bytes=33434, size=200x208, pngDecodeMs=0,5, pagePrepareMs=0,6.
[Debug  :CastlePlanner] [2026-09-24 22:11:56.179] Prepared Blueprint depth visual: key=MAPPER_STATUE1|Generic|Default, pages=1, fragments=4, layers=3, fileReadMs=3,1, pngDecodeMs=0,5, meshBuildMs=0,1, mainThreadMs=0,7.
[Debug  :CastlePlanner] [2026-09-24 22:11:56.183] Decoded Blueprint depth atlas page: key=MAPPER_SHRINE1|Generic|Default, page=0, bytes=22715, size=200x112, pngDecodeMs=0,3, pagePrepareMs=0,3.
[Debug  :CastlePlanner] [2026-09-24 22:11:56.183] Prepared Blueprint depth visual: key=MAPPER_SHRINE1|Generic|Default, pages=1, fragments=4, layers=3, fileReadMs=3,5, pngDecodeMs=0,3, meshBuildMs=0,0, mainThreadMs=0,4.
[Debug  :CastlePlanner] [2026-09-24 22:11:56.187] Decoded Blueprint depth atlas page: key=MAPPER_GARDEN10|Generic|Default, page=0, bytes=87497, size=464x188, pngDecodeMs=1,0, pagePrepareMs=1,0.
[Debug  :CastlePlanner] [2026-09-24 22:11:56.187] Prepared Blueprint depth visual: key=MAPPER_GARDEN10|Generic|Default, pages=1, fragments=16, layers=7, fileReadMs=2,9, pngDecodeMs=1,0, meshBuildMs=0,1, mainThreadMs=1,2.
[Debug  :CastlePlanner] [2026-09-24 22:11:56.189] Decoded Blueprint depth atlas page: key=MAPPER_GARDEN7|Generic|Default, page=0, bytes=51107, size=200x204, pngDecodeMs=0,6, pagePrepareMs=0,6.
[Debug  :CastlePlanner] [2026-09-24 22:11:56.189] Prepared Blueprint depth visual: key=MAPPER_GARDEN7|Generic|Default, pages=1, fragments=9, layers=5, fileReadMs=2,9, pngDecodeMs=0,6, meshBuildMs=0,1, mainThreadMs=0,7.
[Debug  :CastlePlanner] [2026-09-24 22:11:56.192] Decoded Blueprint depth atlas page: key=MAPPER_GARDEN1|Generic|Default, page=0, bytes=22566, size=200x104, pngDecodeMs=0,3, pagePrepareMs=0,3.
[Debug  :CastlePlanner] [2026-09-24 22:11:56.193] Prepared Blueprint depth visual: key=MAPPER_GARDEN1|Generic|Default, pages=1, fragments=4, layers=3, fileReadMs=3,4, pngDecodeMs=0,3, meshBuildMs=0,0, mainThreadMs=0,4.
[Debug  :CastlePlanner] [2026-09-24 22:11:56.196] Decoded Blueprint depth atlas page: key=MAPPER_GALLOWS|Generic|Default, page=0, bytes=31927, size=264x256, pngDecodeMs=0,7, pagePrepareMs=0,7.
[Debug  :CastlePlanner] [2026-09-24 22:11:56.196] Prepared Blueprint depth visual: key=MAPPER_GALLOWS|Generic|Default, pages=1, fragments=4, layers=3, fileReadMs=3,1, pngDecodeMs=0,7, meshBuildMs=0,0, mainThreadMs=0,8.
[Debug  :CastlePlanner] [2026-09-24 22:11:56.199] Decoded Blueprint depth atlas page: key=MAPPER_CESS_PIT1|Generic|Default, page=0, bytes=93926, size=464x160, pngDecodeMs=1,0, pagePrepareMs=1,0.
[Debug  :CastlePlanner] [2026-09-24 22:11:56.199] Prepared Blueprint depth visual: key=MAPPER_CESS_PIT1|Generic|Default, pages=1, fragments=25, layers=9, fileReadMs=3,2, pngDecodeMs=1,0, meshBuildMs=0,2, mainThreadMs=1,2.
[Debug  :CastlePlanner] [2026-09-24 22:11:56.203] Decoded Blueprint depth atlas page: key=MAPPER_STOCKS|Generic|Default, page=0, bytes=37145, size=200x144, pngDecodeMs=0,4, pagePrepareMs=0,4.
[Debug  :CastlePlanner] [2026-09-24 22:11:56.203] Prepared Blueprint depth visual: key=MAPPER_STOCKS|Generic|Default, pages=1, fragments=9, layers=5, fileReadMs=4,6, pngDecodeMs=0,4, meshBuildMs=0,1, mainThreadMs=0,5.
[Debug  :CastlePlanner] [2026-09-24 22:11:56.207] Decoded Blueprint depth atlas page: key=MAPPER_BURNING_STAKE|Generic|Default, page=0, bytes=59112, size=464x220, pngDecodeMs=1,1, pagePrepareMs=1,1.
[Debug  :CastlePlanner] [2026-09-24 22:11:56.207] Prepared Blueprint depth visual: key=MAPPER_BURNING_STAKE|Generic|Default, pages=1, fragments=9, layers=5, fileReadMs=3,7, pngDecodeMs=1,1, meshBuildMs=0,1, mainThreadMs=1,2.
[Debug  :CastlePlanner] [2026-09-24 22:11:56.210] Decoded Blueprint depth atlas page: key=MAPPER_DUNGEON|Generic|Default, page=0, bytes=107207, size=464x256, pngDecodeMs=1,4, pagePrepareMs=1,4.
[Debug  :CastlePlanner] [2026-09-24 22:11:56.210] Prepared Blueprint depth visual: key=MAPPER_DUNGEON|Generic|Default, pages=1, fragments=25, layers=9, fileReadMs=4,5, pngDecodeMs=1,4, meshBuildMs=0,1, mainThreadMs=1,5.
[Debug  :CastlePlanner] [2026-09-24 22:11:56.213] Decoded Blueprint depth atlas page: key=MAPPER_RACK_STRETCHING|Generic|Default, page=0, bytes=51835, size=200x204, pngDecodeMs=0,6, pagePrepareMs=0,6.
[Debug  :CastlePlanner] [2026-09-24 22:11:56.213] Prepared Blueprint depth visual: key=MAPPER_RACK_STRETCHING|Generic|Default, pages=1, fragments=9, layers=5, fileReadMs=3,3, pngDecodeMs=0,6, meshBuildMs=0,1, mainThreadMs=0,7.
[Debug  :CastlePlanner] [2026-09-24 22:11:56.216] Decoded Blueprint depth atlas page: key=MAPPER_GIBBET|Generic|Default, page=0, bytes=59199, size=264x264, pngDecodeMs=0,8, pagePrepareMs=0,8.
[Debug  :CastlePlanner] [2026-09-24 22:11:56.216] Prepared Blueprint depth visual: key=MAPPER_GIBBET|Generic|Default, pages=1, fragments=4, layers=3, fileReadMs=3,9, pngDecodeMs=0,8, meshBuildMs=0,0, mainThreadMs=0,8.
[Debug  :CastlePlanner] [2026-09-24 22:11:56.219] Decoded Blueprint depth atlas page: key=MAPPER_CHOPPING_BLOCK|Generic|Default, page=0, bytes=64482, size=200x204, pngDecodeMs=0,6, pagePrepareMs=0,6.
[Debug  :CastlePlanner] [2026-09-24 22:11:56.219] Prepared Blueprint depth visual: key=MAPPER_CHOPPING_BLOCK|Generic|Default, pages=1, fragments=9, layers=5, fileReadMs=3,2, pngDecodeMs=0,6, meshBuildMs=0,1, mainThreadMs=0,7.
[Debug  :CastlePlanner] [2026-09-24 22:11:56.223] Decoded Blueprint depth atlas page: key=MAPPER_DUNKING_STOOL|Generic|Default, page=0, bytes=107136, size=464x376, pngDecodeMs=1,8, pagePrepareMs=1,8.
[Debug  :CastlePlanner] [2026-09-24 22:11:56.223] Prepared Blueprint depth visual: key=MAPPER_DUNKING_STOOL|Generic|Default, pages=1, fragments=25, layers=9, fileReadMs=4,6, pngDecodeMs=1,8, meshBuildMs=0,1, mainThreadMs=2,0.
[Info   :  SHCDE-SE] [T23-22:11:56.459] [GameProjectileManagerAPI] [.ctor] _projectileArray: 00007FFAAD1FA680
[Info   :  SHCDE-SE] [T23-22:11:56.459] [GameProjectileManagerAPI] [.ctor] _attackRangeTilesByType: 00007FFAAA55A8F0
[Debug  :Bugfixes and QoL] [2026-09-24 22:11:56.459] Keep-flag rotation summary: session=1, tick=20, enabled=True, captured=5, correctedBeforeSpawn=4, alreadyCorrectBeforeSpawn=1, keeps=5, correctedAfterStart=0, verified=5, rejected=0.
[Debug  :Building Limit] [2026-09-24 22:11:57.440] Building placement validation has no active limit rule: player 0 mapper MAPPER_SIGNPOST
[Debug  :Building Limit] [2026-09-24 22:11:57.441] Building placement validation has no active limit rule: player 0 mapper MAPPER_SIGNPOST
[Debug  :Building Limit] [2026-09-24 22:11:57.441] Building placement validation has no active limit rule: player 0 mapper MAPPER_SIGNPOST
[Debug  :Building Limit] [2026-09-24 22:11:57.442] Building placement validation has no active limit rule: player 0 mapper MAPPER_SIGNPOST
[Info   :Random Events] [2026-09-24 22:11:57.442] Signpost initialization completed: selectedBuildingIds=[46,47,48,49], usableRegistered=true, recoveredAfterFailure=true.
[Debug  :Random Events] [2026-09-24 22:11:57.448] Random Events batch prepared: mode=SharedEvents, includeAIPlayers=False, dueAbsoluteMonth=14184, actions=0, targetPlayers=[1], prngBefore=7003502706DA135A:76176646E2EED300, prngAfter=2AAAB7B48370C8D3:E6FF9078FC3F6BCA, actionDigest=15EC7BF0B50732B49F8228E07D24365338F9E3AB994B00AF08E5A3BFFE55FD8B, actionOrder=[], stateDigest=2804F244B161C96210F6646FB9C13D911EDED90D7F5A51E7863482A24718B750.
[Debug  :Extra Features] [2026-09-24 22:11:57.457] Extra Features applied Lord health: player=1, globalId=224, multiplier=100%, health=150000/150000->150000/150000, vanillaMax=150000.
[Debug  :Extra Features] [2026-09-24 22:11:57.457] Extra Features applied Lord health: player=2, globalId=226, multiplier=100%, health=450000/450000->450000/450000, vanillaMax=450000.
[Debug  :Extra Features] [2026-09-24 22:11:57.457] Extra Features applied Lord health: player=3, globalId=228, multiplier=100%, health=450000/450000->450000/450000, vanillaMax=450000.
[Debug  :Extra Features] [2026-09-24 22:11:57.457] Extra Features applied Lord health: player=4, globalId=230, multiplier=100%, health=360000/360000->360000/360000, vanillaMax=360000.
[Debug  :Extra Features] [2026-09-24 22:11:57.457] Extra Features applied Lord health: player=5, globalId=232, multiplier=100%, health=270000/270000->270000/270000, vanillaMax=270000.
[Warning:  SHCDE-SE] [T1-22:11:58.584] [GameNetworkAPI] [GetLocalPlayerId] Local SteamID [76561198102311542] has no assigned slot yet: returning -1
[Warning:  SHCDE-SE] [T1-22:11:58.584] [GameNetworkAPI] [GetLocalPlayerId] Local SteamID [76561198102311542] has no assigned slot yet: returning -1
[Warning:  SHCDE-SE] [T1-22:11:58.588] [GameNetworkAPI] [GetLocalPlayerId] Local SteamID [76561198102311542] has no assigned slot yet: returning -1
[Warning:  SHCDE-SE] [T1-22:11:58.588] [GameNetworkAPI] [GetLocalPlayerId] Local SteamID [76561198102311542] has no assigned slot yet: returning -1
[Warning:  SHCDE-SE] [T1-22:11:58.588] [GameNetworkAPI] [GetLocalPlayerId] Local SteamID [76561198102311542] has no assigned slot yet: returning -1
[Warning:  SHCDE-SE] [T1-22:11:58.588] [GameNetworkAPI] [GetLocalPlayerId] Local SteamID [76561198102311542] has no assigned slot yet: returning -1
[Warning:  SHCDE-SE] [T1-22:11:58.588] [GameNetworkAPI] [GetLocalPlayerId] Local SteamID [76561198102311542] has no assigned slot yet: returning -1
[Warning:  SHCDE-SE] [T1-22:11:58.589] [GameNetworkAPI] [GetLocalPlayerId] Local SteamID [76561198102311542] has no assigned slot yet: returning -1
[Warning:  SHCDE-SE] [T1-22:11:58.589] [GameNetworkAPI] [GetLocalPlayerId] Local SteamID [76561198102311542] has no assigned slot yet: returning -1
[Warning:  SHCDE-SE] [T1-22:11:58.589] [GameNetworkAPI] [GetLocalPlayerId] Local SteamID [76561198102311542] has no assigned slot yet: returning -1
[Warning:  SHCDE-SE] [T23-22:11:58.598] [GameNetworkAPI] [GetLocalPlayerId] Local SteamID [76561198102311542] has no assigned slot yet: returning -1
[Warning:  SHCDE-SE] [T1-22:12:00.810] [GameNetworkAPI] [GetLocalPlayerId] Local SteamID [76561198102311542] has no assigned slot yet: returning -1
[Warning:  SHCDE-SE] [T1-22:12:00.810] [GameNetworkAPI] [GetLocalPlayerId] Local SteamID [76561198102311542] has no assigned slot yet: returning -1
[Warning:  SHCDE-SE] [T1-22:12:00.810] [GameNetworkAPI] [GetLocalPlayerId] Local SteamID [76561198102311542] has no assigned slot yet: returning -1
[Warning:  SHCDE-SE] [T1-22:12:00.810] [GameNetworkAPI] [GetLocalPlayerId] Local SteamID [76561198102311542] has no assigned slot yet: returning -1
[Warning:  SHCDE-SE] [T1-22:12:00.810] [GameNetworkAPI] [GetLocalPlayerId] Local SteamID [76561198102311542] has no assigned slot yet: returning -1
[Warning:  SHCDE-SE] [T1-22:12:00.810] [GameNetworkAPI] [GetLocalPlayerId] Local SteamID [76561198102311542] has no assigned slot yet: returning -1
[Warning:  SHCDE-SE] [T1-22:12:00.810] [GameNetworkAPI] [GetLocalPlayerId] Local SteamID [76561198102311542] has no assigned slot yet: returning -1
[Warning:  SHCDE-SE] [T1-22:12:00.811] [GameNetworkAPI] [GetLocalPlayerId] Local SteamID [76561198102311542] has no assigned slot yet: returning -1
[Warning:  SHCDE-SE] [T1-22:12:00.811] [GameNetworkAPI] [GetLocalPlayerId] Local SteamID [76561198102311542] has no assigned slot yet: returning -1
[Warning:  SHCDE-SE] [T1-22:12:00.811] [GameNetworkAPI] [GetLocalPlayerId] Local SteamID [76561198102311542] has no assigned slot yet: returning -1
[Warning:  SHCDE-SE] [T1-22:12:00.811] [GameNetworkAPI] [GetLocalPlayerId] Local SteamID [76561198102311542] has no assigned slot yet: returning -1
[Warning:  SHCDE-SE] [T1-22:12:00.811] [GameNetworkAPI] [GetLocalPlayerId] Local SteamID [76561198102311542] has no assigned slot yet: returning -1
[Warning:  SHCDE-SE] [T1-22:12:00.811] [GameNetworkAPI] [GetLocalPlayerId] Local SteamID [76561198102311542] has no assigned slot yet: returning -1
[Warning:  SHCDE-SE] [T1-22:12:00.811] [GameNetworkAPI] [GetLocalPlayerId] Local SteamID [76561198102311542] has no assigned slot yet: returning -1
[Warning:  SHCDE-SE] [T23-22:12:00.819] [GameNetworkAPI] [GetLocalPlayerId] Local SteamID [76561198102311542] has no assigned slot yet: returning -1
[Debug  :Bugfixes and QoL] [2026-09-24 22:12:03.621] AI stone-reserve first live calculation succeeded: player=5, slot=4, maximumBuildStep=79, reserve=15.
[Debug  :Bugfixes and QoL] [2026-09-24 22:12:03.621] AI stone-reserve first positive first-build buffer observed: player=5, reserve=15.
[Info   :  SHCDE-SE] [T1-22:12:05.857] [GameMapArchiveManagerAPI] [OnUnloadMap] Unloading archive
[Info   :  SHCDE-SE] [T1-22:12:05.857] [GameMapArchiveManagerAPI] [RemoveActiveArchive] Attempting to remove active archive
[Info   :  SHCDE-SE] [T1-22:12:05.857] [LuaManager] [OnUnloadMap] Attempting to unload lua state due to event, phase: Pre
[Info   :  SHCDE-SE] [T1-22:12:05.857] [LuaManager] [TryUnload] Attempting to unload lua state
[Warning:  SHCDE-SE] [T1-22:12:05.857] [LuaManager] [TryUnload] Lua state already unloaded!
[Info   :  SHCDE-SE] [T1-22:12:05.857] [DeterministicRandom] [OnUnloadMap] uninitializing shared state.
[Info   :  SHCDE-SE] [T1-22:12:05.857] [GamePlayerManagerAPI] [OnUnloadMap] Unloading
[Info   :  SHCDE-SE] [T1-22:12:05.857] [GameUnitManagerAPI] [OnUnloadMap] Unloading
[Info   :  SHCDE-SE] [T1-22:12:05.857] [GameBuildingManagerAPI] [OnUnloadMap] Unloading
[Info   :  SHCDE-SE] [T1-22:12:05.857] [GameMetadataManagerAPI] [OnUnloadMap] Unloading metadata
[Info   :  SHCDE-SE] [T1-22:12:05.857] [GameSoundManagerAPI] [Unload] Unloading sounds
[Info   :  SHCDE-SE] [T1-22:12:05.857] [GameSoundManagerAPI] [Unload] Unloading sounds complete
[Info   :  SHCDE-SE] [T1-22:12:05.857] [GameTriggerManager] [OnUnloadMap] Unloading
[Info   :  SHCDE-SE] [T1-22:12:05.857] [GameTimeManagerAPI] [OnUnloadMap] Unloading
[Info   : APIShared] [2026-09-24 22:12:05.857] MissionEnd: session=1, source=NewGame, mode=CustomGame, phase=ManagedReady, reason=Unloaded, started=True, replay=False.
[Info   :  SHCDE-SE] [T1-22:12:05.857] [GameAfterImageManager] [OnUnloadMap] Unloading active effects
[Info   :  SHCDE-SE] [T1-22:12:05.857] [GameBundleManager] [OnUnloadMap] Unloading
[Info   :Active AIV Detector] [2026-09-24 22:12:05.858] Active AIV detector reset for map unload; waiting for finalized AI selections. retainedPendingLobbyMetadata=False, retainedPendingPreBuildSetting=False.
[Info   :Unit Limit] [2026-09-24 22:12:05.858] [Unit Limit] gameplay-mod gate: modGuid=UnitLimit_Serp, source=MissionEnd, kind=Unknown, launchVariant=Standard, customized=False, customizedOrigin=0, modeAllowed=False, configuredEnabled=True, effectiveEnabled=False, action=disabled-by-mode, reason=unknown-fail-closed.
[Info   :Unit Limit] [2026-09-24 22:12:05.858] [UnitLimit_Serp] gameplay-feature gate: feature=UnitLimitEnforcement, source=MissionEnd, kind=Unknown, launchVariant=Standard, realMultiplayer=False, modeAllowed=False, action=disabled-by-feature-mode, reason=unknown-fail-closed.
[Debug  :Unit Limit] [2026-09-24 22:12:05.859] UnitLimit MakeTroop GameAction hook disposed.
[Debug  :Unit Limit] [2026-09-24 22:12:05.860] UnitLimit create troop hover hooks disposed.
[Debug  :Unit Limit] [2026-09-24 22:12:05.860] UnitLimit siege build hover hooks disposed.
[Debug  :Unit Limit] [2026-09-24 22:12:05.860] UnitLimit recruitment availability UI hook disposed.
[Debug  :Unit Limit] [2026-09-24 22:12:05.861] ActiveUnitCache cleared.
[Debug  :Unit Limit] [2026-09-24 22:12:05.861] ActiveSiegeTentCache cleared.
[Warning:  SHCDE-SE] [T1-22:12:05.861] [GameNetworkAPI] [GetLocalPlayerId] Local SteamID [76561198102311542] has no assigned slot yet: returning -1
[Warning:  SHCDE-SE] [T1-22:12:05.861] [GameNetworkAPI] [GetLocalPlayerId] Local SteamID [76561198102311542] has no assigned slot yet: returning -1
[Info   :Extra Features] [2026-09-24 22:12:05.862] [Extra Features] gameplay-mod gate: modGuid=ExtraFeatures_Serp, source=MissionEnd, kind=Unknown, launchVariant=Standard, customized=False, customizedOrigin=0, modeAllowed=False, configuredEnabled=True, effectiveEnabled=False, action=disabled-by-mode, reason=unknown-fail-closed.
[Info   :Extra Features] [2026-09-24 22:12:05.862] [ExtraFeatures_Serp] gameplay-feature gate: feature=LordHealthMultipliers, source=MissionEnd, kind=Unknown, launchVariant=Standard, realMultiplayer=False, modeAllowed=False, action=disabled-by-feature-mode, reason=unknown-fail-closed.
[Info   :Extra Features] [2026-09-24 22:12:05.862] Extra Features gatehouse map state cleared: manualOnly=0.
[Debug  :Extra Features] [2026-09-24 22:12:05.862] Extra Features apothecary plague-search maximum is now 30 (Vanilla).
[Debug  :Extra Features] [2026-09-24 22:12:05.862] Extra Features gatehouse diagnostic: button visibility state: hidden: mod-disabled.
[Info   :Extra Features] [2026-09-24 22:12:05.862] Extra Features church priest counts applied: enabled=False, church2=1, church3=1.
[Debug  :Bugfixes and QoL] [2026-09-24 22:12:05.862] Post-game lobby handoff state reset: reason=mission-end.
[Debug  :Bugfixes and QoL] [2026-09-24 22:12:05.862] Reset surrender/statistics session state: reason=mission-end.
[Info   :Building Costs] [2026-09-24 22:12:05.863] [Building Costs] gameplay-mod gate: modGuid=BuildingCosts_Serp, source=MissionEnd, kind=Unknown, launchVariant=Standard, customized=False, customizedOrigin=0, modeAllowed=False, configuredEnabled=True, effectiveEnabled=False, action=disabled-by-mode, reason=unknown-fail-closed.
[Info   :Building Costs] [2026-09-24 22:12:05.863] [BuildingCosts_Serp] gameplay-feature gate: feature=BuildingCostTooltip, source=MissionEnd, kind=Unknown, launchVariant=Standard, realMultiplayer=False, modeAllowed=False, action=disabled-by-feature-mode, reason=unknown-fail-closed.
[Debug  :Building Costs] [2026-09-24 22:12:05.864] Restored default building cost materials: 0
[Info   :Building Limit] [2026-09-24 22:12:05.864] [Building Limit] gameplay-mod gate: modGuid=BuildingLimit_Serp, source=MissionEnd, kind=Unknown, launchVariant=Standard, customized=False, customizedOrigin=0, modeAllowed=False, configuredEnabled=True, effectiveEnabled=False, action=disabled-by-mode, reason=unknown-fail-closed.
[Info   :Building Limit] [2026-09-24 22:12:05.864] [BuildingLimit_Serp] gameplay-feature gate: feature=BuildingLimitEnforcement, source=MissionEnd, kind=Unknown, launchVariant=Standard, realMultiplayer=False, modeAllowed=False, action=disabled-by-feature-mode, reason=unknown-fail-closed.
[Debug  :Building Limit] [2026-09-24 22:12:05.865] ActiveBuildingCache cleared.
[Info   :CastlePlanner] [2026-09-24 22:12:05.865] [CastlePlanner] gameplay-mod gate: modGuid=CastlePlanner_Serp, source=MissionEnd, kind=Unknown, launchVariant=Standard, customized=False, customizedOrigin=0, modeAllowed=False, configuredEnabled=True, effectiveEnabled=False, action=disabled-by-mode, reason=unknown-fail-closed.
[Info   :CastlePlanner] [2026-09-24 22:12:05.865] [CastlePlanner_Serp] gameplay-feature gate: feature=CastleSpawning, source=MissionEnd, kind=Unknown, launchVariant=Standard, realMultiplayer=False, modeAllowed=False, action=disabled-by-feature-mode, reason=unknown-fail-closed.
[Info   :CastlePlanner] [2026-09-24 22:12:05.865] [CastlePlanner_Serp] gameplay-feature gate: feature=FreeCastlePreview, source=MissionEnd, kind=Unknown, launchVariant=Standard, realMultiplayer=False, modeAllowed=False, action=disabled-by-feature-mode, reason=unknown-fail-closed.
[Info   :CastlePlanner] [2026-09-24 22:12:05.865] [CastlePlanner_Serp] gameplay-feature gate: feature=CastleBlueprints, source=MissionEnd, kind=Unknown, launchVariant=Standard, realMultiplayer=False, modeAllowed=False, action=disabled-by-feature-mode, reason=unknown-fail-closed.
[Debug  :CastlePlanner] [2026-09-24 22:12:05.865] Blueprint overlay cleared for map unload.
[Debug  :CastlePlanner] [2026-09-24 22:12:05.865] OnUnloadMap(Post) received; the next new map may spawn a native AIV castle.
[Info   : Cheat Mod] [2026-09-24 22:12:05.865] [Cheat Mod] gameplay-mod gate: modGuid=CheatMod_Serp, source=MissionEnd, kind=Unknown, launchVariant=Standard, customized=False, customizedOrigin=0, modeAllowed=False, configuredEnabled=False, effectiveEnabled=False, action=disabled-by-mode, reason=unknown-fail-closed.
[Info   : Cheat Mod] [2026-09-24 22:12:05.865] [CheatMod_Serp] gameplay-feature gate: feature=EndlessExtremePowersRecharge, source=MissionEnd, kind=Unknown, launchVariant=Standard, realMultiplayer=False, modeAllowed=False, action=disabled-by-feature-mode, reason=unknown-fail-closed.
[Info   :Extreme Powers] [2026-09-24 22:12:05.877] [Extreme Powers] gameplay-mod gate: modGuid=ExtremePowers_Serp, source=MissionEnd, kind=Unknown, launchVariant=Standard, customized=False, customizedOrigin=0, modeAllowed=False, configuredEnabled=True, effectiveEnabled=False, action=disabled-by-mode, reason=unknown-fail-closed.
[Info   :Random Events] [2026-09-24 22:12:05.877] [Random Events] gameplay-mod gate: modGuid=RandomEvents_Serp, source=MissionEnd, kind=Unknown, launchVariant=Standard, customized=False, customizedOrigin=0, modeAllowed=False, configuredEnabled=True, effectiveEnabled=False, action=disabled-by-mode, reason=unknown-fail-closed.
[Info   :Random Events] [2026-09-24 22:12:05.877] [RandomEvents_Serp] gameplay-feature gate: feature=RandomEventsRuntime, source=MissionEnd, kind=Unknown, launchVariant=Standard, realMultiplayer=False, modeAllowed=False, action=disabled-by-feature-mode, reason=unknown-fail-closed.
[Info   :Unit Costs] [2026-09-24 22:12:05.878] [Unit Costs] gameplay-mod gate: modGuid=UnitCosts_Serp, source=MissionEnd, kind=Unknown, launchVariant=Standard, customized=False, customizedOrigin=0, modeAllowed=False, configuredEnabled=True, effectiveEnabled=False, action=disabled-by-mode, reason=unknown-fail-closed.
[Info   :Unit Costs] [2026-09-24 22:12:05.878] [UnitCosts_Serp] gameplay-feature gate: feature=UnitCostEnforcement, source=MissionEnd, kind=Unknown, launchVariant=Standard, realMultiplayer=False, modeAllowed=False, action=disabled-by-feature-mode, reason=unknown-fail-closed.
[Debug  :Unit Costs] [2026-09-24 22:12:05.878] Restored vanilla unit cost values: 32
[Debug  :Unit Costs] [2026-09-24 22:12:05.879] UnitCosts MakeTroop GameAction hook disposed.
[Debug  :Unit Costs] [2026-09-24 22:12:05.879] UnitCosts create troop hover hooks disposed.
[Debug  :Unit Costs] [2026-09-24 22:12:05.880] UnitCosts siege build hover hooks disposed.
[Debug  :Unit Costs] [2026-09-24 22:12:05.880] UnitCosts recruitment availability UI hook disposed.
[Info   :  SHCDE-SE] [T1-22:12:05.987] [BulkMapLoaderDetours] [c_game_unload_map_hook_impl] pTileManager=00007FFAAE2DEDB0, preventNotification=False
[Info   :  SHCDE-SE] [T1-22:12:05.987] [GameMapArchiveManagerAPI] [OnUnloadMap] Unloading archive
[Info   :  SHCDE-SE] [T1-22:12:05.987] [GameMapArchiveManagerAPI] [RemoveActiveArchive] Attempting to remove active archive
[Info   :  SHCDE-SE] [T1-22:12:05.987] [LuaManager] [OnUnloadMap] Attempting to unload lua state due to event, phase: Pre
[Info   :  SHCDE-SE] [T1-22:12:05.987] [LuaManager] [TryUnload] Attempting to unload lua state
[Warning:  SHCDE-SE] [T1-22:12:05.987] [LuaManager] [TryUnload] Lua state already unloaded!
[Info   :  SHCDE-SE] [T1-22:12:05.987] [DeterministicRandom] [OnUnloadMap] uninitializing shared state.
[Info   :  SHCDE-SE] [T1-22:12:05.987] [GamePlayerManagerAPI] [OnUnloadMap] Unloading
[Info   :  SHCDE-SE] [T1-22:12:05.987] [GameUnitManagerAPI] [OnUnloadMap] Unloading
[Info   :  SHCDE-SE] [T1-22:12:05.987] [GameBuildingManagerAPI] [OnUnloadMap] Unloading
[Info   :  SHCDE-SE] [T1-22:12:05.987] [GameMetadataManagerAPI] [OnUnloadMap] Unloading metadata
[Info   :  SHCDE-SE] [T1-22:12:05.987] [GameSoundManagerAPI] [Unload] Unloading sounds
[Info   :  SHCDE-SE] [T1-22:12:05.987] [GameSoundManagerAPI] [Unload] Unloading sounds complete
[Info   :  SHCDE-SE] [T1-22:12:05.987] [GameTriggerManager] [OnUnloadMap] Unloading
[Info   :  SHCDE-SE] [T1-22:12:05.987] [GameTimeManagerAPI] [OnUnloadMap] Unloading
[Info   :  SHCDE-SE] [T1-22:12:05.987] [GameAfterImageManager] [OnUnloadMap] Unloading active effects
[Info   :  SHCDE-SE] [T1-22:12:05.987] [GameBundleManager] [OnUnloadMap] Unloading
[Info   :  SHCDE-SE] [T1-22:12:06.004] [GameMapArchiveManagerAPI] [OnUnloadMap] Unloading archive
[Info   :  SHCDE-SE] [T1-22:12:06.004] [GameMapArchiveManagerAPI] [RemoveActiveArchive] Attempting to remove active archive
[Info   :  SHCDE-SE] [T1-22:12:06.004] [DeterministicRandom] [OnUnloadMap] uninitializing shared state.
[Info   :  SHCDE-SE] [T1-22:12:06.004] [GamePlayerManagerAPI] [OnUnloadMap] Unloading
[Info   :  SHCDE-SE] [T1-22:12:06.004] [GameUnitManagerAPI] [OnUnloadMap] Unloading
[Info   :  SHCDE-SE] [T1-22:12:06.004] [GameBuildingManagerAPI] [OnUnloadMap] Unloading
[Info   :  SHCDE-SE] [T1-22:12:06.004] [GameMetadataManagerAPI] [OnUnloadMap] Unloading metadata
[Info   :  SHCDE-SE] [T1-22:12:06.004] [GameSoundManagerAPI] [Unload] Unloading sounds
[Info   :  SHCDE-SE] [T1-22:12:06.004] [GameSoundManagerAPI] [Unload] Unloading sounds complete
[Info   :  SHCDE-SE] [T1-22:12:06.004] [GameTriggerManager] [OnUnloadMap] Unloading
[Info   :  SHCDE-SE] [T1-22:12:06.004] [GameTimeManagerAPI] [OnUnloadMap] Unloading
[Info   :  SHCDE-SE] [T1-22:12:06.004] [GameAfterImageManager] [OnUnloadMap] Unloading active effects
[Info   :  SHCDE-SE] [T1-22:12:06.004] [GameBundleManager] [OnUnloadMap] Unloading
[Info   :  SHCDE-SE] [T1-22:12:06.011] [BulkMapLoaderDetours] [c_game_unload_map_hook_impl] pTileManager=00007FFAAE2DEDB0, preventNotification=False
[Info   :  SHCDE-SE] [T1-22:12:06.011] [GameMapArchiveManagerAPI] [OnUnloadMap] Unloading archive
[Info   :  SHCDE-SE] [T1-22:12:06.011] [GameMapArchiveManagerAPI] [RemoveActiveArchive] Attempting to remove active archive
[Info   :  SHCDE-SE] [T1-22:12:06.011] [LuaManager] [OnUnloadMap] Attempting to unload lua state due to event, phase: Pre
[Info   :  SHCDE-SE] [T1-22:12:06.011] [LuaManager] [TryUnload] Attempting to unload lua state
[Warning:  SHCDE-SE] [T1-22:12:06.011] [LuaManager] [TryUnload] Lua state already unloaded!
[Info   :  SHCDE-SE] [T1-22:12:06.011] [DeterministicRandom] [OnUnloadMap] uninitializing shared state.
[Info   :  SHCDE-SE] [T1-22:12:06.011] [GamePlayerManagerAPI] [OnUnloadMap] Unloading
[Info   :  SHCDE-SE] [T1-22:12:06.011] [GameUnitManagerAPI] [OnUnloadMap] Unloading
[Info   :  SHCDE-SE] [T1-22:12:06.011] [GameBuildingManagerAPI] [OnUnloadMap] Unloading
[Info   :  SHCDE-SE] [T1-22:12:06.011] [GameMetadataManagerAPI] [OnUnloadMap] Unloading metadata
[Info   :  SHCDE-SE] [T1-22:12:06.011] [GameSoundManagerAPI] [Unload] Unloading sounds
[Info   :  SHCDE-SE] [T1-22:12:06.012] [GameSoundManagerAPI] [Unload] Unloading sounds complete
[Info   :  SHCDE-SE] [T1-22:12:06.012] [GameTriggerManager] [OnUnloadMap] Unloading
[Info   :  SHCDE-SE] [T1-22:12:06.012] [GameTimeManagerAPI] [OnUnloadMap] Unloading
[Info   :  SHCDE-SE] [T1-22:12:06.012] [GameAfterImageManager] [OnUnloadMap] Unloading active effects
[Info   :  SHCDE-SE] [T1-22:12:06.012] [GameBundleManager] [OnUnloadMap] Unloading
[Info   :  SHCDE-SE] [T1-22:12:06.028] [GameMapArchiveManagerAPI] [OnUnloadMap] Unloading archive
[Info   :  SHCDE-SE] [T1-22:12:06.028] [GameMapArchiveManagerAPI] [RemoveActiveArchive] Attempting to remove active archive
[Info   :  SHCDE-SE] [T1-22:12:06.028] [DeterministicRandom] [OnUnloadMap] uninitializing shared state.
[Info   :  SHCDE-SE] [T1-22:12:06.028] [GamePlayerManagerAPI] [OnUnloadMap] Unloading
[Info   :  SHCDE-SE] [T1-22:12:06.028] [GameUnitManagerAPI] [OnUnloadMap] Unloading
[Info   :  SHCDE-SE] [T1-22:12:06.028] [GameBuildingManagerAPI] [OnUnloadMap] Unloading
[Info   :  SHCDE-SE] [T1-22:12:06.028] [GameMetadataManagerAPI] [OnUnloadMap] Unloading metadata
[Info   :  SHCDE-SE] [T1-22:12:06.028] [GameSoundManagerAPI] [Unload] Unloading sounds
[Info   :  SHCDE-SE] [T1-22:12:06.028] [GameSoundManagerAPI] [Unload] Unloading sounds complete
[Info   :  SHCDE-SE] [T1-22:12:06.028] [GameTriggerManager] [OnUnloadMap] Unloading
[Info   :  SHCDE-SE] [T1-22:12:06.028] [GameTimeManagerAPI] [OnUnloadMap] Unloading
[Info   :  SHCDE-SE] [T1-22:12:06.028] [GameAfterImageManager] [OnUnloadMap] Unloading active effects
[Info   :  SHCDE-SE] [T1-22:12:06.028] [GameBundleManager] [OnUnloadMap] Unloading
[Info   :AIV Lobby Preset Test] Preset Prepare entered; config=E:\ProgrammeE\Steam\steamapps\common\Stronghold Crusader Definitive Edition\BepInEx\config\AivLobbyPresetTest.json, lobby=True
[Info   :AIV Lobby Preset Test] Test series run 2/4: DL-forward-on, Completed Castles=1
[Info   :AIV Lobby Preset Test] Validated lobby preset: test AI overbuild eachother.map, players=5, mapSha256=D63CD2FF3AEABA80BC3BC173BB615207666F1EAF759ECAC573FAD0DA61979DF3
[Info   :  SHCDE-SE] [T1-22:12:06.075] [MapArchive] [.ctor] Reading ZIP data from offset: 00359DCA
[Info   :  SHCDE-SE] [T1-22:12:06.082] [MapArchive] [.ctor] Reading ZIP data from offset: 00359DCA
[Warning:  SHCDE-SE] [T1-22:12:06.082] [MapArchive] [TryLoad] No info.json found: C:\Users\Serpens66\AppData\LocalLow\Firefly Studios\Stronghold Crusader Definitive Edition\Maps\test AI overbuild eachother.map
[Info   :  SHCDE-SE] [T1-22:12:06.086] [MapArchive] [.ctor] Reading ZIP data from offset: 00359DCA
[Warning:  SHCDE-SE] [T1-22:12:06.086] [MapArchive] [TryLoad] No info.json found: C:\Users\Serpens66\AppData\LocalLow\Firefly Studios\Stronghold Crusader Definitive Edition\Maps\test AI overbuild eachother.map
[Info   :CastlePlanner] [2026-09-24 22:12:06.093] AIV lobby placement result: generation=3, playerId=2, preBuild=0, status=Complete, evaluableCandidates=1/1, selectedCandidate=0, rotation=Degrees270, possibleCandidates=0, possibleRotations=Degrees270, reason=None: .
[Info   :CastlePlanner] [2026-09-24 22:12:06.093] AIV lobby placement result: generation=3, playerId=3, preBuild=0, status=NotEvaluable, evaluableCandidates=0/1, selectedCandidate=none, rotation=unknown, possibleCandidates=unproven, possibleRotations=unproven, reason=PriorAiSelectionUnknown: A possible earlier start cannot be proven (StartOverlapUnproven: An earlier AI start may clear a connected building record whose fit-layer effects are not reconstructed.)..
[Info   :CastlePlanner] [2026-09-24 22:12:06.093] AIV lobby placement result: generation=3, playerId=4, preBuild=0, status=NotEvaluable, evaluableCandidates=0/0, selectedCandidate=none, rotation=unknown, possibleCandidates=unproven, possibleRotations=unproven, reason=PriorAiSelectionUnknown: Earlier AI player 3 has no proven start state (StartOverlapUnproven: a possible candidate, rotation or start marker is not proven)..
[Info   :CastlePlanner] [2026-09-24 22:12:06.093] AIV lobby placement result: generation=3, playerId=5, preBuild=0, status=NotEvaluable, evaluableCandidates=0/0, selectedCandidate=none, rotation=unknown, possibleCandidates=unproven, possibleRotations=unproven, reason=PriorAiSelectionUnknown: Earlier AI player 3 has no proven start state (StartOverlapUnproven: a possible candidate, rotation or start marker is not proven)..
[Info   :AIV Lobby Preset Test] Lobby observed: skirmish=True, host=True, visible=True, panelActive=True, managedViewNull=False, noesisViewNull=False
[Info   :AIV Lobby Preset Test] Lobby bridge before Tick: assembly=E:\ProgrammeE\Steam\steamapps\common\Stronghold Crusader Definitive Edition\BepInEx\plugins\APIShared_Serp\APIShared.dll, owner=AivLobbyPresetTest_Serp, callback=AivLobbyPresetTest.AivLobbyPresetTestPlugin, sameLobby=True, prepared=False, active=True, applyAttempted=False
[Info   :AIV Lobby Preset Test] Preset Prepare entered; config=E:\ProgrammeE\Steam\steamapps\common\Stronghold Crusader Definitive Edition\BepInEx\config\AivLobbyPresetTest.json, lobby=True
[Info   :AIV Lobby Preset Test] Test series run 2/4: DL-forward-on, Completed Castles=1
[Info   :AIV Lobby Preset Test] Validated lobby preset: test AI overbuild eachother.map, players=5, mapSha256=D63CD2FF3AEABA80BC3BC173BB615207666F1EAF759ECAC573FAD0DA61979DF3
[Info   :AIV Lobby Preset Test] Preset Apply entered; map=C:\Users\Serpens66\AppData\LocalLow\Firefly Studios\Stronghold Crusader Definitive Edition\Maps\test AI overbuild eachother.map, players=5
[Info   :AIV Lobby Preset Test] Preset player=1 lord=human keepSlot=4 keep=458,351
[Info   :AIV Lobby Preset Test] Preset player=2 lord=17 keepSlot=0 keep=237,397 AIVs=Default 2 rotation=auto aivDataSha256=4F99F5AC0340057147C05E8F22E11341FF7429BF6671EAFB54D45865523F5D5C
[Info   :AIV Lobby Preset Test] Preset player=3 lord=3 keepSlot=3 keep=278,395 AIVs=Default 8 rotation=auto aivDataSha256=7EE4519EAFBC46C7C1954F2941BC6F1C72BCC8E26853476BA053A8D168BB7110
[Info   :AIV Lobby Preset Test] Preset player=4 lord=12 keepSlot=1 keep=254,379 AIVs=Default 6 rotation=auto aivDataSha256=F1D404B8018A15FA56F7ED340D54FFC544CBC507589C2DD757D4E6C00CE64158
[Info   :AIV Lobby Preset Test] Preset player=5 lord=14 keepSlot=2 keep=258,417 AIVs=Default 7 rotation=auto aivDataSha256=DE54F8D2382B33263BBF3F8E8C6E1C9D64DFFEE9AEFC4F49F622557084BD8D1D
[Info   :AIV Lobby Preset Test] Test series preset applied: DL-forward-on, Completed Castles=1.
[Info   :AIV Lobby Preset Test] Lobby bridge after Tick: assembly=E:\ProgrammeE\Steam\steamapps\common\Stronghold Crusader Definitive Edition\BepInEx\plugins\APIShared_Serp\APIShared.dll, owner=AivLobbyPresetTest_Serp, callback=AivLobbyPresetTest.AivLobbyPresetTestPlugin, sameLobby=True, prepared=True, active=True, applyAttempted=True
[Info   :CastlePlanner] [2026-09-24 22:12:06.179] AIV lobby placement result: generation=4, playerId=2, preBuild=1, status=Complete, evaluableCandidates=1/1, selectedCandidate=0, rotation=Degrees270, possibleCandidates=0, possibleRotations=Degrees270, reason=None: .
[Info   :CastlePlanner] [2026-09-24 22:12:06.180] AIV lobby placement result: generation=4, playerId=3, preBuild=1, status=NotEvaluable, evaluableCandidates=0/0, selectedCandidate=none, rotation=unknown, possibleCandidates=unproven, possibleRotations=unproven, reason=RequestNotReady: PreBuildSequenceUnsupported.
[Info   :CastlePlanner] [2026-09-24 22:12:06.180] AIV lobby placement result: generation=4, playerId=4, preBuild=1, status=NotEvaluable, evaluableCandidates=0/0, selectedCandidate=none, rotation=unknown, possibleCandidates=unproven, possibleRotations=unproven, reason=RequestNotReady: PreBuildSequenceUnsupported.
[Info   :CastlePlanner] [2026-09-24 22:12:06.180] AIV lobby placement result: generation=4, playerId=5, preBuild=1, status=NotEvaluable, evaluableCandidates=0/0, selectedCandidate=none, rotation=unknown, possibleCandidates=unproven, possibleRotations=unproven, reason=RequestNotReady: PreBuildSequenceUnsupported.
[Info   :Active AIV Detector] [2026-09-24 22:12:08.817] Captured skirmish option before StartSkirmishGame: advopt_pre_build=1, mode=enabled.
[Info   :Active AIV Detector] [2026-09-24 22:12:08.817] Captured lord/AIV metadata for 4 AI lobby slots before StartSkirmishGame.
[Info   :  SHCDE-SE] [T1-22:12:08.846] [BulkMapLoaderDetours] [c_game_unload_map_hook_impl] pTileManager=00007FFAAE2DEDB0, preventNotification=False
[Info   :  SHCDE-SE] [T1-22:12:08.846] [GameMapArchiveManagerAPI] [OnUnloadMap] Unloading archive
[Info   :  SHCDE-SE] [T1-22:12:08.846] [GameMapArchiveManagerAPI] [RemoveActiveArchive] Attempting to remove active archive
[Info   :  SHCDE-SE] [T1-22:12:08.846] [LuaManager] [OnUnloadMap] Attempting to unload lua state due to event, phase: Pre
[Info   :  SHCDE-SE] [T1-22:12:08.846] [LuaManager] [TryUnload] Attempting to unload lua state
[Warning:  SHCDE-SE] [T1-22:12:08.846] [LuaManager] [TryUnload] Lua state already unloaded!
[Info   :  SHCDE-SE] [T1-22:12:08.846] [DeterministicRandom] [OnUnloadMap] uninitializing shared state.
[Info   :  SHCDE-SE] [T1-22:12:08.846] [GamePlayerManagerAPI] [OnUnloadMap] Unloading
[Info   :  SHCDE-SE] [T1-22:12:08.846] [GameUnitManagerAPI] [OnUnloadMap] Unloading
[Info   :  SHCDE-SE] [T1-22:12:08.846] [GameBuildingManagerAPI] [OnUnloadMap] Unloading
[Info   :  SHCDE-SE] [T1-22:12:08.846] [GameMetadataManagerAPI] [OnUnloadMap] Unloading metadata
[Info   :  SHCDE-SE] [T1-22:12:08.846] [GameSoundManagerAPI] [Unload] Unloading sounds
[Info   :  SHCDE-SE] [T1-22:12:08.846] [GameSoundManagerAPI] [Unload] Unloading sounds complete
[Info   :  SHCDE-SE] [T1-22:12:08.846] [GameTriggerManager] [OnUnloadMap] Unloading
[Info   :  SHCDE-SE] [T1-22:12:08.846] [GameTimeManagerAPI] [OnUnloadMap] Unloading
[Info   :  SHCDE-SE] [T1-22:12:08.846] [GameAfterImageManager] [OnUnloadMap] Unloading active effects
[Info   :  SHCDE-SE] [T1-22:12:08.846] [GameBundleManager] [OnUnloadMap] Unloading
[Info   :  SHCDE-SE] [T1-22:12:08.863] [GameMapArchiveManagerAPI] [OnUnloadMap] Unloading archive
[Info   :  SHCDE-SE] [T1-22:12:08.863] [GameMapArchiveManagerAPI] [RemoveActiveArchive] Attempting to remove active archive
[Info   :  SHCDE-SE] [T1-22:12:08.863] [DeterministicRandom] [OnUnloadMap] uninitializing shared state.
[Info   :  SHCDE-SE] [T1-22:12:08.863] [GamePlayerManagerAPI] [OnUnloadMap] Unloading
[Info   :  SHCDE-SE] [T1-22:12:08.863] [GameUnitManagerAPI] [OnUnloadMap] Unloading
[Info   :  SHCDE-SE] [T1-22:12:08.863] [GameBuildingManagerAPI] [OnUnloadMap] Unloading
[Info   :  SHCDE-SE] [T1-22:12:08.863] [GameMetadataManagerAPI] [OnUnloadMap] Unloading metadata
[Info   :  SHCDE-SE] [T1-22:12:08.863] [GameSoundManagerAPI] [Unload] Unloading sounds
[Info   :  SHCDE-SE] [T1-22:12:08.863] [GameSoundManagerAPI] [Unload] Unloading sounds complete
[Info   :  SHCDE-SE] [T1-22:12:08.863] [GameTriggerManager] [OnUnloadMap] Unloading
[Info   :  SHCDE-SE] [T1-22:12:08.863] [GameTimeManagerAPI] [OnUnloadMap] Unloading
[Info   :  SHCDE-SE] [T1-22:12:08.863] [GameAfterImageManager] [OnUnloadMap] Unloading active effects
[Info   :  SHCDE-SE] [T1-22:12:08.863] [GameBundleManager] [OnUnloadMap] Unloading
[Info   :  SHCDE-SE] [T1-22:12:08.870] [BulkMapLoaderDetours] [c_game_unload_map_hook_impl] pTileManager=00007FFAAE2DEDB0, preventNotification=False
[Info   :  SHCDE-SE] [T1-22:12:08.870] [GameMapArchiveManagerAPI] [OnUnloadMap] Unloading archive
[Info   :  SHCDE-SE] [T1-22:12:08.870] [GameMapArchiveManagerAPI] [RemoveActiveArchive] Attempting to remove active archive
[Info   :  SHCDE-SE] [T1-22:12:08.870] [LuaManager] [OnUnloadMap] Attempting to unload lua state due to event, phase: Pre
[Info   :  SHCDE-SE] [T1-22:12:08.870] [LuaManager] [TryUnload] Attempting to unload lua state
[Warning:  SHCDE-SE] [T1-22:12:08.870] [LuaManager] [TryUnload] Lua state already unloaded!
[Info   :  SHCDE-SE] [T1-22:12:08.870] [DeterministicRandom] [OnUnloadMap] uninitializing shared state.
[Info   :  SHCDE-SE] [T1-22:12:08.870] [GamePlayerManagerAPI] [OnUnloadMap] Unloading
[Info   :  SHCDE-SE] [T1-22:12:08.870] [GameUnitManagerAPI] [OnUnloadMap] Unloading
[Info   :  SHCDE-SE] [T1-22:12:08.870] [GameBuildingManagerAPI] [OnUnloadMap] Unloading
[Info   :  SHCDE-SE] [T1-22:12:08.870] [GameMetadataManagerAPI] [OnUnloadMap] Unloading metadata
[Info   :  SHCDE-SE] [T1-22:12:08.870] [GameSoundManagerAPI] [Unload] Unloading sounds
[Info   :  SHCDE-SE] [T1-22:12:08.870] [GameSoundManagerAPI] [Unload] Unloading sounds complete
[Info   :  SHCDE-SE] [T1-22:12:08.870] [GameTriggerManager] [OnUnloadMap] Unloading
[Info   :  SHCDE-SE] [T1-22:12:08.870] [GameTimeManagerAPI] [OnUnloadMap] Unloading
[Info   :  SHCDE-SE] [T1-22:12:08.870] [GameAfterImageManager] [OnUnloadMap] Unloading active effects
[Info   :  SHCDE-SE] [T1-22:12:08.870] [GameBundleManager] [OnUnloadMap] Unloading
[Info   :  SHCDE-SE] [T1-22:12:08.886] [GameMapArchiveManagerAPI] [OnUnloadMap] Unloading archive
[Info   :  SHCDE-SE] [T1-22:12:08.886] [GameMapArchiveManagerAPI] [RemoveActiveArchive] Attempting to remove active archive
[Info   :  SHCDE-SE] [T1-22:12:08.886] [DeterministicRandom] [OnUnloadMap] uninitializing shared state.
[Info   :  SHCDE-SE] [T1-22:12:08.886] [GamePlayerManagerAPI] [OnUnloadMap] Unloading
[Info   :  SHCDE-SE] [T1-22:12:08.886] [GameUnitManagerAPI] [OnUnloadMap] Unloading
[Info   :  SHCDE-SE] [T1-22:12:08.886] [GameBuildingManagerAPI] [OnUnloadMap] Unloading
[Info   :  SHCDE-SE] [T1-22:12:08.886] [GameMetadataManagerAPI] [OnUnloadMap] Unloading metadata
[Info   :  SHCDE-SE] [T1-22:12:08.886] [GameSoundManagerAPI] [Unload] Unloading sounds
[Info   :  SHCDE-SE] [T1-22:12:08.886] [GameSoundManagerAPI] [Unload] Unloading sounds complete
[Info   :  SHCDE-SE] [T1-22:12:08.886] [GameTriggerManager] [OnUnloadMap] Unloading
[Info   :  SHCDE-SE] [T1-22:12:08.886] [GameTimeManagerAPI] [OnUnloadMap] Unloading
[Info   :  SHCDE-SE] [T1-22:12:08.886] [GameAfterImageManager] [OnUnloadMap] Unloading active effects
[Info   :  SHCDE-SE] [T1-22:12:08.886] [GameBundleManager] [OnUnloadMap] Unloading
[Info   :  SHCDE-SE] [T1-22:12:08.886] [BulkAIDetours] [c_game_dll_importaiv_hook_impl] Loaded AIV bank=-1, variant=-1, elementCount=0, isCustom=0
[Info   :  SHCDE-SE] [T1-22:12:08.886] [BulkAIDetours] [c_game_dll_importaiv_hook_impl] Loaded AIV bank=1, variant=0, elementCount=1409, isCustom=1
[Info   :  SHCDE-SE] [T1-22:12:08.886] [BulkAIDetours] [c_game_dll_importaiv_hook_impl] Loaded AIV bank=2, variant=0, elementCount=1562, isCustom=1
[Info   :  SHCDE-SE] [T1-22:12:08.886] [BulkAIDetours] [c_game_dll_importaiv_hook_impl] Loaded AIV bank=3, variant=0, elementCount=1678, isCustom=1
[Info   :  SHCDE-SE] [T1-22:12:08.886] [BulkAIDetours] [c_game_dll_importaiv_hook_impl] Loaded AIV bank=4, variant=0, elementCount=651, isCustom=1
[Info   : APIShared] [2026-09-24 22:12:08.886] MissionInitialization: session=2, source=NewGame, mode=CustomGame, phase=BeforeLoad, reason=None, started=False, replay=False.
[Info   :Active AIV Detector] [2026-09-24 22:12:08.886] Active AIV detector reset for map load; waiting for finalized AI selections. retainedPendingLobbyMetadata=True, retainedPendingPreBuildSetting=True.
[Info   :Unit Limit] [2026-09-24 22:12:08.941] [Unit Limit] gameplay-mod gate: modGuid=UnitLimit_Serp, source=MissionInitialization(BeforeLoad, session=2), kind=CustomGame, launchVariant=Standard, customized=False, customizedOrigin=0, modeAllowed=True, configuredEnabled=True, effectiveEnabled=True, action=enabled, reason=custom-game.
[Info   :Unit Limit] [2026-09-24 22:12:08.941] [UnitLimit_Serp] gameplay-feature gate: feature=UnitLimitEnforcement, source=MissionInitialization(BeforeLoad, session=2), kind=CustomGame, launchVariant=Standard, realMultiplayer=False, modeAllowed=True, action=enabled, reason=feature-context-allowed.
[Debug  :Unit Limit] [2026-09-24 22:12:08.941] Subscribing unit limit runtime hooks
[Debug  :Unit Limit] [2026-09-24 22:12:08.941] ActiveUnitCache hooks subscribed.
[Debug  :Unit Limit] [2026-09-24 22:12:08.941] ActiveSiegeTentCache hooks subscribed.
[Debug  :Unit Limit] [2026-09-24 22:12:08.942] UnitLimit MakeTroop GameAction hook installed.
[Debug  :Unit Limit] [2026-09-24 22:12:08.945] UnitLimit create troop hover hooks installed.
[Debug  :Unit Limit] [2026-09-24 22:12:08.946] UnitLimit recruitment availability UI hook installed.
[Debug  :Unit Limit] [2026-09-24 22:12:08.947] UnitLimit siege build hover hooks installed.
[Debug  :Unit Limit] [2026-09-24 22:12:08.947] Unit limit runtime hooks subscribed
[Debug  :Unit Limit] [2026-09-24 22:12:08.947] Applied active unit limit rules: 32
[Info   :Extra Features] [2026-09-24 22:12:08.947] [Extra Features] gameplay-mod gate: modGuid=ExtraFeatures_Serp, source=MissionInitialization(BeforeLoad, session=2), kind=CustomGame, launchVariant=Standard, customized=False, customizedOrigin=0, modeAllowed=True, configuredEnabled=True, effectiveEnabled=True, action=enabled, reason=custom-game.
[Info   :Extra Features] [2026-09-24 22:12:08.947] [ExtraFeatures_Serp] gameplay-feature gate: feature=LordHealthMultipliers, source=MissionInitialization(BeforeLoad, session=2), kind=CustomGame, launchVariant=Standard, realMultiplayer=False, modeAllowed=True, action=enabled, reason=feature-context-allowed.
[Debug  :Extra Features] [2026-09-24 22:12:08.947] Extra Features apothecary plague-search maximum is now 50 (configured).
[Debug  :Extra Features] [2026-09-24 22:12:08.947] Extra Features feature hooks reconciled.
[Info   :Extra Features] [2026-09-24 22:12:08.947] Extra Features church priest counts applied: enabled=True, church2=2, church3=3.
[Debug  :Extra Features] [2026-09-24 22:12:08.947] Extra Features gatehouse diagnostic: button visibility state: hidden: map-inactive, editor=False.
[Info   :Building Costs] [2026-09-24 22:12:08.947] [Building Costs] gameplay-mod gate: modGuid=BuildingCosts_Serp, source=MissionInitialization(BeforeLoad, session=2), kind=CustomGame, launchVariant=Standard, customized=False, customizedOrigin=0, modeAllowed=True, configuredEnabled=True, effectiveEnabled=True, action=enabled, reason=custom-game.
[Info   :Building Costs] [2026-09-24 22:12:08.947] [BuildingCosts_Serp] gameplay-feature gate: feature=BuildingCostTooltip, source=MissionInitialization(BeforeLoad, session=2), kind=CustomGame, launchVariant=Standard, realMultiplayer=False, modeAllowed=True, action=enabled, reason=feature-context-allowed.
[Debug  :Building Costs] [2026-09-24 22:12:08.949] HUD_Main.UpdateRollover hook installed
[Debug  :Building Costs] [2026-09-24 22:12:08.950] Building cost runtime hooks subscribed
[Debug  :Building Costs] [2026-09-24 22:12:08.950] Applied building cost materials: 0
[Info   :Building Limit] [2026-09-24 22:12:08.950] [Building Limit] gameplay-mod gate: modGuid=BuildingLimit_Serp, source=MissionInitialization(BeforeLoad, session=2), kind=CustomGame, launchVariant=Standard, customized=False, customizedOrigin=0, modeAllowed=True, configuredEnabled=True, effectiveEnabled=True, action=enabled, reason=custom-game.
[Info   :Building Limit] [2026-09-24 22:12:08.951] [BuildingLimit_Serp] gameplay-feature gate: feature=BuildingLimitEnforcement, source=MissionInitialization(BeforeLoad, session=2), kind=CustomGame, launchVariant=Standard, realMultiplayer=False, modeAllowed=True, action=enabled, reason=feature-context-allowed.
[Debug  :Building Limit] [2026-09-24 22:12:08.951] Subscribing building limit runtime hooks
[Debug  :Building Limit] [2026-09-24 22:12:08.951] ActiveBuildingCache hooks subscribed.
[Debug  :Building Limit] [2026-09-24 22:12:08.951] HUD_Main.UpdateRollover building limit hook installed
[Debug  :Building Limit] [2026-09-24 22:12:08.951] Building limit runtime hooks subscribed
[Debug  :Building Limit] [2026-09-24 22:12:08.952] Applied active building limit rules: 93
[Info   :CastlePlanner] [2026-09-24 22:12:08.952] [CastlePlanner] gameplay-mod gate: modGuid=CastlePlanner_Serp, source=MissionInitialization(BeforeLoad, session=2), kind=CustomGame, launchVariant=Standard, customized=False, customizedOrigin=0, modeAllowed=True, configuredEnabled=True, effectiveEnabled=True, action=enabled, reason=custom-game.
[Info   :CastlePlanner] [2026-09-24 22:12:08.952] [CastlePlanner_Serp] gameplay-feature gate: feature=CastleSpawning, source=MissionInitialization(BeforeLoad, session=2), kind=CustomGame, launchVariant=Standard, realMultiplayer=False, modeAllowed=True, action=enabled, reason=feature-context-allowed.
[Info   :CastlePlanner] [2026-09-24 22:12:08.952] [CastlePlanner_Serp] gameplay-feature gate: feature=FreeCastlePreview, source=MissionInitialization(BeforeLoad, session=2), kind=CustomGame, launchVariant=Standard, realMultiplayer=False, modeAllowed=True, action=enabled, reason=feature-context-allowed.
[Info   :CastlePlanner] [2026-09-24 22:12:08.952] [CastlePlanner_Serp] gameplay-feature gate: feature=CastleBlueprints, source=MissionInitialization(BeforeLoad, session=2), kind=CustomGame, launchVariant=Standard, realMultiplayer=False, modeAllowed=True, action=enabled, reason=feature-context-allowed.
[Info   : Cheat Mod] [2026-09-24 22:12:08.952] [Cheat Mod] gameplay-mod gate: modGuid=CheatMod_Serp, source=MissionInitialization(BeforeLoad, session=2), kind=CustomGame, launchVariant=Standard, customized=False, customizedOrigin=0, modeAllowed=True, configuredEnabled=False, effectiveEnabled=False, action=restriction-lifted-setting-disabled, reason=custom-game.
[Info   : Cheat Mod] [2026-09-24 22:12:08.952] [CheatMod_Serp] gameplay-feature gate: feature=EndlessExtremePowersRecharge, source=MissionInitialization(BeforeLoad, session=2), kind=CustomGame, launchVariant=Standard, realMultiplayer=False, modeAllowed=True, action=enabled, reason=feature-context-allowed.
[Info   :Extreme Powers] [2026-09-24 22:12:08.952] [Extreme Powers] gameplay-mod gate: modGuid=ExtremePowers_Serp, source=MissionInitialization(BeforeLoad, session=2), kind=CustomGame, launchVariant=Standard, customized=False, customizedOrigin=0, modeAllowed=True, configuredEnabled=True, effectiveEnabled=True, action=enabled, reason=custom-game.
[Info   :Random Events] [2026-09-24 22:12:08.952] [Random Events] gameplay-mod gate: modGuid=RandomEvents_Serp, source=MissionInitialization(BeforeLoad, session=2), kind=CustomGame, launchVariant=Standard, customized=False, customizedOrigin=0, modeAllowed=True, configuredEnabled=True, effectiveEnabled=True, action=enabled, reason=custom-game.
[Info   :Random Events] [2026-09-24 22:12:08.952] [RandomEvents_Serp] gameplay-feature gate: feature=RandomEventsRuntime, source=MissionInitialization(BeforeLoad, session=2), kind=CustomGame, launchVariant=Standard, realMultiplayer=False, modeAllowed=True, action=enabled, reason=feature-context-allowed.
[Info   :Unit Costs] [2026-09-24 22:12:08.952] [Unit Costs] gameplay-mod gate: modGuid=UnitCosts_Serp, source=MissionInitialization(BeforeLoad, session=2), kind=CustomGame, launchVariant=Standard, customized=False, customizedOrigin=0, modeAllowed=True, configuredEnabled=True, effectiveEnabled=True, action=enabled, reason=custom-game.
[Info   :Unit Costs] [2026-09-24 22:12:08.952] [UnitCosts_Serp] gameplay-feature gate: feature=UnitCostEnforcement, source=MissionInitialization(BeforeLoad, session=2), kind=CustomGame, launchVariant=Standard, realMultiplayer=False, modeAllowed=True, action=enabled, reason=feature-context-allowed.
[Debug  :Unit Costs] [2026-09-24 22:12:08.953] UnitCosts MakeTroop GameAction hook installed.
[Debug  :Unit Costs] [2026-09-24 22:12:08.954] UnitCosts create troop hover hooks installed.
[Debug  :Unit Costs] [2026-09-24 22:12:08.956] UnitCosts siege build hover hooks installed.
[Debug  :Unit Costs] [2026-09-24 22:12:08.956] UnitCosts recruitment availability UI hook installed.
[Debug  :Unit Costs] [2026-09-24 22:12:08.956] UnitCosts runtime hooks subscribed
[Debug  :Unit Costs] [2026-09-24 22:12:08.956] Applied unit cost values: 0
[Debug  :Unit Costs] [2026-09-24 22:12:08.957] Applied human extra unit cost rows: 0
[Info   :  SHCDE-SE] [T1-22:12:08.957] [BulkMapLoaderDetours] [c_game_dll_loadmaptoplay_hook_impl] campaignMapID=4294967295, safeFileName=C:\Users\Serpens66\AppData\LocalLow\Firefly Studios\Stronghold Crusader Definitive Edition\Maps\test AI overbuild eachother.map, length=254, retData=000001E2E7F363E0, dummy=0, safeMapName=test AI overbuild eachother.map, maplength=62, multiplayerSave=0, trailType=-1, trailID=0, allow_classic_bedouins=0
[Info   :  SHCDE-SE] [T1-22:12:08.957] [GameMapArchiveManagerAPI] [OnLoadMap] Loading archive from map file
[Info   :  SHCDE-SE] [T1-22:12:08.957] [GameMapArchiveManagerAPI] [LoadMapArchive] Loading archive: [C:\Users\Serpens66\AppData\LocalLow\Firefly Studios\Stronghold Crusader Definitive Edition\Maps\test AI overbuild eachother.map]
[Info   :  SHCDE-SE] [T1-22:12:08.961] [MapArchive] [.ctor] Reading ZIP data from offset: 00359DCA
[Warning:  SHCDE-SE] [T1-22:12:08.961] [MapArchive] [TryLoad] No info.json found: C:\Users\Serpens66\AppData\LocalLow\Firefly Studios\Stronghold Crusader Definitive Edition\Maps\test AI overbuild eachother.map
[Info   :  SHCDE-SE] [T1-22:12:08.961] [GameMapArchiveManagerAPI] [ReadMetadataFromArchive] Reading metadata from archive
[Warning:  SHCDE-SE] [T1-22:12:08.961] [GameMapArchiveManagerAPI] [ReadMetadataFromArchive] Nothing to read
[Info   :  SHCDE-SE] [T1-22:12:08.961] [GameMapArchiveManagerAPI] [ReadTimerDataFromArchive] Reading timerdata from archive
[Info   :  SHCDE-SE] [T1-22:12:08.961] [GameMapArchiveManagerAPI] [ReadTimerDataFromArchive] Timerdata read
[Info   :  SHCDE-SE] [T1-22:12:08.961] [ModSaveDataAPI] [ReadAllModDataFromArchive] Reading mod data from archive (IsSaveFile=False)
[Debug  :Extra Features] [2026-09-24 22:12:08.961] Extra Features gatehouse diagnostic: button visibility state: hidden: editor=False, playerId=1, selectedBuildingId=0, reason=not-a-live-gatehouse, selection=none.
[Info   :Extra Features] [2026-09-24 22:12:08.961] Extra Features gatehouse map state started: manualOnly=0.
[Info   :Extra Features] [2026-09-24 22:12:08.961] Extra Features gatehouse state loaded: context=map, version=2, manualOnly=0, pendingLocators=0, payloadBytes=4.
[Info   :  SHCDE-SE] [T1-22:12:08.961] [ModSaveDataAPI] [ReadAllModDataFromArchive] Loaded 4 bytes for mod [serp-extrafeatures-gatehouse-automation-v1]
[Info   :  SHCDE-SE] [T1-22:12:08.961] [ModSaveDataAPI] [ReadAllModDataFromArchive] Loaded data for 1/11 mods
[Info   :  SHCDE-SE] [T1-22:12:08.961] [GameMapArchiveManagerAPI] [LoadMapArchive] Archive loaded (or will be created on-demand)
[Info   :  SHCDE-SE] [T1-22:12:08.961] [GameMapArchiveManagerAPI] [OnLoadMap] Archive Contents: [
FILE:	_SE_ModData_serp-extrafeatures-gatehouse-automation-v1.msgpack]
FILE:	_SE_Timers.msgpack]
]
[Info   :  SHCDE-SE] [T1-22:12:08.961] [LuaManager] [OnLoadMap] Attempting to create lua state due to event, phase: Pre
[Info   :  SHCDE-SE] [T1-22:12:08.961] [LuaManager] [TryLoad] Loading file: [C:\Users\Serpens66\AppData\LocalLow\Firefly Studios\Stronghold Crusader Definitive Edition\Maps\test AI overbuild eachother.map]
[Info   :  SHCDE-SE] [T1-22:12:08.961] [LuaManager] [TryLoad] Loading [C:\Users\Serpens66\AppData\LocalLow\Firefly Studios\Stronghold Crusader Definitive Edition\Maps\test AI overbuild eachother.map] - Archive mode.
[Warning:  SHCDE-SE] [T1-22:12:08.961] [LuaManager] [TryLoad] No Lua source found for [C:\Users\Serpens66\AppData\LocalLow\Firefly Studios\Stronghold Crusader Definitive Edition\Maps\test AI overbuild eachother.map] and no lord AI or asset mod scripts registered. Skipping Lua init.
[Info   :  SHCDE-SE] [T1-22:12:08.961] [BulkMapLoaderDetours] [c_game_start_skirmish_game_handler_hook_impl] a1=0000008CAD2EA4C0, bMultiplayerSave=0, a3=0
[Info   : APIShared] [2026-09-24 22:12:08.961] MissionInitialization: session=2, source=NewGame, mode=CustomGame, phase=BeforeNativeStart, reason=None, started=False, replay=False.
[Debug  :Extra Features] [2026-09-24 22:12:08.961] Enemy-proximity runtime captured map mode: realMultiplayer=False, singleplayerSkirmishMode=True, singleplayerSkirmish=True, singleplayerTrail=False, mapEditor=False, multiplayerSave=False, directorAvailable=True, directorMultiplayer=False, directorSkirmish=False, lowLevelNetworked=True, platformMultiplayer=False, lobbyMembers=5, realLobbyMembers=0, skirmishLobbyMembers=5, gameMembers=5, realNetworkGameMembers=0, gameType=3, skirmishGameType=0, skirmishTrailType=-1, coopTrailId=0, kind=CustomGame, launchVariant=Standard, allowsCustomGameMods=True, allowsRegularGameplayMods=True, campaignMapId=0, eventTrailType=-1, customizedTrailId=-1, customizedMissionId=-1, customizedOriginKind=0, conflictingCustomizedOrigin=False.
[Debug  :Bugfixes and QoL] [2026-09-24 22:12:08.961] Post-game lobby handoff state reset: reason=map-start.
[Info   :AIV Lobby Preset Test] Test-series launch verified: DL-forward-on, session=2.
[Debug  :CastlePlanner] [2026-09-24 22:12:08.988] OnStartMap(Pre) received: handledCurrentMap=False.
[Debug  :Extreme Powers] [2026-09-24 22:12:08.988] Extreme Powers map session captured: realMultiplayer=False, singleplayerSkirmishMode=True, singleplayerSkirmish=True, singleplayerTrail=False, mapEditor=False, multiplayerSave=False, directorAvailable=True, directorMultiplayer=False, directorSkirmish=False, lowLevelNetworked=True, platformMultiplayer=False, lobbyMembers=5, realLobbyMembers=0, skirmishLobbyMembers=5, gameMembers=5, realNetworkGameMembers=0, gameType=3, skirmishGameType=0, skirmishTrailType=-1, coopTrailId=0, kind=CustomGame, launchVariant=Standard, allowsCustomGameMods=True, allowsRegularGameplayMods=True, campaignMapId=0, eventTrailType=-1, customizedTrailId=-1, customizedMissionId=-1, customizedOriginKind=0, conflictingCustomizedOrigin=False, players=[1,2,3,4,5].
[Info   :  SHCDE-SE] [T1-22:12:08.988] [BulkMapLoaderDetours] [c_game_unload_map_hook_impl] pTileManager=00007FFAAE2DEDB0, preventNotification=True
[Debug  :Building Limit] [2026-09-24 22:12:09.211] ActiveBuildingCache NotifyNativeSnapshotChanged read snapshot: buildingId 1 owner 1 type STRUCT_KEEP_TWO aliveState NeedsInit reason Created
[Debug  :Building Limit] [2026-09-24 22:12:09.211] ActiveBuildingCache UpdateSnapshot: buildingId 1 owner 1 type STRUCT_KEEP_TWO aliveState NeedsInit reason Created changed True
[Debug  :Building Limit] [2026-09-24 22:12:09.211] ActiveBuildingCache count changed: player 1 type STRUCT_KEEP_TWO old 0 new 1 delta 1 buildingId 1 reason Created
[Debug  :Building Limit] [2026-09-24 22:12:09.212] ActiveBuildingCache NotifyNativeSnapshotChanged read snapshot: buildingId 2 owner 1 type STRUCT_KEEPDOOR_LEFT aliveState NeedsInit reason Created
[Debug  :Building Limit] [2026-09-24 22:12:09.212] ActiveBuildingCache UpdateSnapshot: buildingId 2 owner 1 type STRUCT_KEEPDOOR_LEFT aliveState NeedsInit reason Created changed True
[Debug  :Building Limit] [2026-09-24 22:12:09.212] ActiveBuildingCache count changed: player 1 type STRUCT_KEEPDOOR_LEFT old 0 new 1 delta 1 buildingId 2 reason Created
[Debug  :Building Limit] [2026-09-24 22:12:09.212] ActiveBuildingCache NotifyNativeSnapshotChanged read snapshot: buildingId 3 owner 1 type STRUCT_KEEPDOOR aliveState NeedsInit reason Created
[Debug  :Building Limit] [2026-09-24 22:12:09.212] ActiveBuildingCache UpdateSnapshot: buildingId 3 owner 1 type STRUCT_KEEPDOOR aliveState NeedsInit reason Created changed True
[Debug  :Building Limit] [2026-09-24 22:12:09.212] ActiveBuildingCache count changed: player 1 type STRUCT_KEEPDOOR old 0 new 1 delta 1 buildingId 3 reason Created
[Debug  :Building Limit] [2026-09-24 22:12:09.212] ActiveBuildingCache NotifyNativeSnapshotChanged read snapshot: buildingId 4 owner 1 type STRUCT_KEEPDOOR_RIGHT aliveState NeedsInit reason Created
[Debug  :Building Limit] [2026-09-24 22:12:09.212] ActiveBuildingCache UpdateSnapshot: buildingId 4 owner 1 type STRUCT_KEEPDOOR_RIGHT aliveState NeedsInit reason Created changed True
[Debug  :Building Limit] [2026-09-24 22:12:09.212] ActiveBuildingCache count changed: player 1 type STRUCT_KEEPDOOR_RIGHT old 0 new 1 delta 1 buildingId 4 reason Created
[Debug  :Building Limit] [2026-09-24 22:12:09.212] ActiveBuildingCache NotifyNativeSnapshotChanged read snapshot: buildingId 5 owner 1 type STRUCT_CAMPGROUND aliveState NeedsInit reason Created
[Debug  :Building Limit] [2026-09-24 22:12:09.212] ActiveBuildingCache UpdateSnapshot: buildingId 5 owner 1 type STRUCT_CAMPGROUND aliveState NeedsInit reason Created changed True
[Debug  :Building Limit] [2026-09-24 22:12:09.212] ActiveBuildingCache count changed: player 1 type STRUCT_CAMPGROUND old 0 new 1 delta 1 buildingId 5 reason Created
[Debug  :Building Limit] [2026-09-24 22:12:09.212] ActiveBuildingCache NotifyNativeSnapshotChanged read snapshot: buildingId 6 owner 1 type STRUCT_GOODS_YARD aliveState NeedsInit reason Created
[Debug  :Building Limit] [2026-09-24 22:12:09.212] ActiveBuildingCache UpdateSnapshot: buildingId 6 owner 1 type STRUCT_GOODS_YARD aliveState NeedsInit reason Created changed True
[Debug  :Building Limit] [2026-09-24 22:12:09.212] ActiveBuildingCache count changed: player 1 type STRUCT_GOODS_YARD old 0 new 1 delta 1 buildingId 6 reason Created
[Info   :     Fixes] [T1-22:12:09.212] [BuildingDetours] [.ctor] Build goodsyard for player 1: True
[Debug  :Building Limit] [2026-09-24 22:12:09.212] ActiveBuildingCache NotifyNativeSnapshotChanged read snapshot: buildingId 7 owner 1 type STRUCT_GOODS_YARD aliveState NeedsInit reason Created
[Debug  :Building Limit] [2026-09-24 22:12:09.212] ActiveBuildingCache UpdateSnapshot: buildingId 7 owner 1 type STRUCT_GOODS_YARD aliveState NeedsInit reason Created changed True
[Debug  :Building Limit] [2026-09-24 22:12:09.212] ActiveBuildingCache count changed: player 1 type STRUCT_GOODS_YARD old 1 new 2 delta 1 buildingId 7 reason Created
[Debug  :Building Limit] [2026-09-24 22:12:09.212] ActiveBuildingCache NotifyNativeSnapshotChanged read snapshot: buildingId 8 owner 1 type STRUCT_GOODS_YARD aliveState NeedsInit reason Created
[Debug  :Building Limit] [2026-09-24 22:12:09.212] ActiveBuildingCache UpdateSnapshot: buildingId 8 owner 1 type STRUCT_GOODS_YARD aliveState NeedsInit reason Created changed True
[Debug  :Building Limit] [2026-09-24 22:12:09.212] ActiveBuildingCache count changed: player 1 type STRUCT_GOODS_YARD old 2 new 3 delta 1 buildingId 8 reason Created
[Debug  :Building Limit] [2026-09-24 22:12:09.212] ActiveBuildingCache NotifyNativeSnapshotChanged read snapshot: buildingId 9 owner 1 type STRUCT_GOODS_YARD aliveState NeedsInit reason Created
[Debug  :Building Limit] [2026-09-24 22:12:09.212] ActiveBuildingCache UpdateSnapshot: buildingId 9 owner 1 type STRUCT_GOODS_YARD aliveState NeedsInit reason Created changed True
[Debug  :Building Limit] [2026-09-24 22:12:09.212] ActiveBuildingCache count changed: player 1 type STRUCT_GOODS_YARD old 3 new 4 delta 1 buildingId 9 reason Created
[Info   :Active AIV Detector] [2026-09-24 22:12:09.228] Captured opt-in AIV cell trace 1/2048: playerId=2, candidateId=0, orientation=6, keep=(237,397), evaluated=2228, nativeBlocked=0, resultGridBlocked=0, validatorCalls=2228, validatorBlocked=0, preValidatorBlocked=0.
[Info   :     Fixes] [T1-22:12:09.238] [BuildingDetours] [.ctor] Build goodsyard for player 2: True
[Info   :Active AIV Detector] [2026-09-24 22:12:09.248] Started opt-in Oracle prebuild trace 1/8: playerId=2, aivStateAddress=0x7FFAAD729F70.
[Info   :Active AIV Detector] [2026-09-24 22:12:11.588] Captured opt-in AIV cell trace 2/2048: playerId=3, candidateId=0, orientation=6, keep=(278,395), evaluated=2068, nativeBlocked=290, resultGridBlocked=290, validatorCalls=2068, validatorBlocked=290, preValidatorBlocked=0.
[Info   :Active AIV Detector] [2026-09-24 22:12:11.589] Captured opt-in AIV cell trace 3/2048: playerId=3, candidateId=0, orientation=0, keep=(278,395), evaluated=2068, nativeBlocked=361, resultGridBlocked=361, validatorCalls=2068, validatorBlocked=361, preValidatorBlocked=0.
[Info   :Active AIV Detector] [2026-09-24 22:12:11.590] Captured opt-in AIV cell trace 4/2048: playerId=3, candidateId=0, orientation=2, keep=(278,395), evaluated=2068, nativeBlocked=218, resultGridBlocked=218, validatorCalls=2068, validatorBlocked=218, preValidatorBlocked=0.
[Info   :Active AIV Detector] [2026-09-24 22:12:11.591] Captured opt-in AIV cell trace 5/2048: playerId=3, candidateId=0, orientation=4, keep=(278,395), evaluated=2068, nativeBlocked=223, resultGridBlocked=223, validatorCalls=2068, validatorBlocked=223, preValidatorBlocked=0.
[Info   :     Fixes] [T1-22:12:11.608] [BuildingDetours] [.ctor] Build goodsyard for player 3: True
[Info   :Active AIV Detector] [2026-09-24 22:12:11.624] Captured opt-in AIV cell trace 6/2048: playerId=4, candidateId=0, orientation=6, keep=(254,379), evaluated=2352, nativeBlocked=772, resultGridBlocked=772, validatorCalls=2352, validatorBlocked=772, preValidatorBlocked=0.
[Info   :Active AIV Detector] [2026-09-24 22:12:11.625] Captured opt-in AIV cell trace 7/2048: playerId=4, candidateId=0, orientation=0, keep=(254,379), evaluated=2352, nativeBlocked=803, resultGridBlocked=803, validatorCalls=2352, validatorBlocked=803, preValidatorBlocked=0.
[Info   :Active AIV Detector] [2026-09-24 22:12:11.626] Captured opt-in AIV cell trace 8/2048: playerId=4, candidateId=0, orientation=2, keep=(254,379), evaluated=2352, nativeBlocked=584, resultGridBlocked=584, validatorCalls=2352, validatorBlocked=584, preValidatorBlocked=0.
[Info   :Active AIV Detector] [2026-09-24 22:12:11.627] Captured opt-in AIV cell trace 9/2048: playerId=4, candidateId=0, orientation=4, keep=(254,379), evaluated=2352, nativeBlocked=728, resultGridBlocked=728, validatorCalls=2352, validatorBlocked=728, preValidatorBlocked=0.
[Info   :     Fixes] [T1-22:12:11.637] [BuildingDetours] [.ctor] Build goodsyard for player 4: True
[Info   :Active AIV Detector] [2026-09-24 22:12:11.648] Captured opt-in AIV cell trace 10/2048: playerId=5, candidateId=0, orientation=6, keep=(258,417), evaluated=1770, nativeBlocked=254, resultGridBlocked=254, validatorCalls=1770, validatorBlocked=254, preValidatorBlocked=0.
[Info   :Active AIV Detector] [2026-09-24 22:12:11.649] Captured opt-in AIV cell trace 11/2048: playerId=5, candidateId=0, orientation=0, keep=(258,417), evaluated=1770, nativeBlocked=193, resultGridBlocked=193, validatorCalls=1770, validatorBlocked=193, preValidatorBlocked=0.
[Info   :Active AIV Detector] [2026-09-24 22:12:11.650] Captured opt-in AIV cell trace 12/2048: playerId=5, candidateId=0, orientation=2, keep=(258,417), evaluated=1770, nativeBlocked=580, resultGridBlocked=580, validatorCalls=1770, validatorBlocked=580, preValidatorBlocked=0.
[Info   :Active AIV Detector] [2026-09-24 22:12:11.650] Captured opt-in AIV cell trace 13/2048: playerId=5, candidateId=0, orientation=4, keep=(258,417), evaluated=1770, nativeBlocked=757, resultGridBlocked=757, validatorCalls=1770, validatorBlocked=757, preValidatorBlocked=0.
[Info   :     Fixes] [T1-22:12:11.660] [BuildingDetours] [.ctor] Build goodsyard for player 5: True
[Info   :  SHCDE-SE] [T1-22:12:11.677] [LuaManager] [OnStartMap] Attempting to run init due to event, phase: Post
[Info   :  SHCDE-SE] [T1-22:12:11.677] [LuaManager] [TryRunInit] Attempting to execute lua-side init functions. Reason=NewGame
[Warning:  SHCDE-SE] [T1-22:12:11.677] [LuaManager] [TryRunInit] Lua state is null
[Info   :  SHCDE-SE] [T1-22:12:11.677] [DeterministicRandom] [OnStartMap] Initializing shared state.
[Info   :  SHCDE-SE] [T1-22:12:11.677] [DeterministicRandom] [InitializeSeedAsHost] Initializing random seed [1975633898] as host.
[Warning:  SHCDE-SE] [T1-22:12:11.677] [GameNetworkAPI] [GetLocalPlayerId] Local SteamID [76561198102311542] has no assigned slot yet: returning -1
[Info   : APIShared] [2026-09-24 22:12:11.677] MissionInitialization: session=2, source=NewGame, mode=CustomGame, phase=AfterNativeStart, reason=None, started=False, replay=False.
[Debug  :Bugfixes and QoL] Corrupt Lord-data spawn fix session armed: session=2, eligible=True, phase=AfterNativeStart, startKind=NewGame, mode=CustomGame.
[Debug  :CastlePlanner] [2026-09-24 22:12:11.677] OnStartMap(Post) received: handledCurrentMap=False, preImports=0, keepPreSpawns=0, keepPostSpawns=0.
[Debug  :CastlePlanner] [2026-09-24 22:12:11.677] Game-mode diagnostics: campaignMapId=0, bMultiplayerSave=0, sharedRealMultiplayer=False, sharedSingleplayerSkirmish=True, sharedSingleplayerTrail=False, directorAvailable=True, directorMultiplayerGame=False, directorSkirmishModeGame=False, directorSimRunning=False, networkedEnvironment=True, networkActivePlayers=5, nativeLocalPlayerId=1, platformAvailable=True, platformMpGameActive=False, platformIsHost=False, activeLobbyAvailable=True, lobbyReportedMembers=5, lobbyMembers=5, lobbySkirmishMembers=5, lobbySkirmishHumans=1, lobbyNetworkHumans=0, gameMembers=5, realNetworkGameMembers=0, gameDataMultiplayerMap=True, gameDataSkirmishGameType=0, gameDataGameType=3.
[Debug  :CastlePlanner] [2026-09-24 22:12:11.677] Shared game-mode diagnostics: realMultiplayer=False, singleplayerSkirmishMode=True, singleplayerSkirmish=True, singleplayerTrail=False, mapEditor=False, multiplayerSave=False, directorAvailable=True, directorMultiplayer=False, directorSkirmish=False, lowLevelNetworked=True, platformMultiplayer=False, lobbyMembers=5, realLobbyMembers=0, skirmishLobbyMembers=5, gameMembers=5, realNetworkGameMembers=0, gameType=3, skirmishGameType=0, skirmishTrailType=-1, coopTrailId=0, kind=CustomGame, launchVariant=Standard, allowsCustomGameMods=True, allowsRegularGameplayMods=True, campaignMapId=0, eventTrailType=-1, customizedTrailId=-1, customizedMissionId=-1, customizedOriginKind=0, conflictingCustomizedOrigin=False.
[Debug  :CastlePlanner] [2026-09-24 22:12:11.677] Game-member diagnostics: [1:self=False,host=False,ai=False,steam=0,kicked=False | 2:self=False,host=False,ai=False,steam=0,kicked=False | 3:self=False,host=False,ai=False,steam=0,kicked=False | 4:self=False,host=False,ai=False,steam=0,kicked=False | 5:self=False,host=False,ai=False,steam=0,kicked=False].
[Debug  :CastlePlanner] [2026-09-24 22:12:11.677] Active-player diagnostics (not used for multiplayer detection): [1:ai=False | 2:ai=True | 3:ai=True | 4:ai=True | 5:ai=True].
[Debug  :CastlePlanner] [2026-09-24 22:12:11.677] Native castle spawning skipped because this is not the committed restart pass.
[Info   :  SHCDE-SE] [T1-22:12:11.677] [GameMapArchiveManagerAPI] [OnLoadMap] Loading archive from map file
[Info   :  SHCDE-SE] [T1-22:12:11.677] [GameMapArchiveManagerAPI] [LoadMapArchive] Loading archive: [C:\Users\Serpens66\AppData\LocalLow\Firefly Studios\Stronghold Crusader Definitive Edition\Maps\test AI overbuild eachother.map]
[Info   :  SHCDE-SE] [T1-22:12:11.681] [MapArchive] [.ctor] Reading ZIP data from offset: 00359DCA
[Warning:  SHCDE-SE] [T1-22:12:11.681] [MapArchive] [TryLoad] No info.json found: C:\Users\Serpens66\AppData\LocalLow\Firefly Studios\Stronghold Crusader Definitive Edition\Maps\test AI overbuild eachother.map
[Info   :  SHCDE-SE] [T1-22:12:11.681] [GameMapArchiveManagerAPI] [ReadMetadataFromArchive] Reading metadata from archive
[Warning:  SHCDE-SE] [T1-22:12:11.681] [GameMapArchiveManagerAPI] [ReadMetadataFromArchive] Nothing to read
[Info   :  SHCDE-SE] [T1-22:12:11.681] [GameMapArchiveManagerAPI] [ReadTimerDataFromArchive] Reading timerdata from archive
[Info   :  SHCDE-SE] [T1-22:12:11.681] [GameMapArchiveManagerAPI] [ReadTimerDataFromArchive] Timerdata read
[Info   :  SHCDE-SE] [T1-22:12:11.681] [ModSaveDataAPI] [ReadAllModDataFromArchive] Reading mod data from archive (IsSaveFile=False)
[Info   :Extra Features] [2026-09-24 22:12:11.681] Extra Features gatehouse map state resumed: manualOnly=0.
[Info   :Extra Features] [2026-09-24 22:12:11.681] Extra Features gatehouse state loaded: context=map, version=2, manualOnly=0, pendingLocators=0, payloadBytes=4.
[Info   :  SHCDE-SE] [T1-22:12:11.681] [ModSaveDataAPI] [ReadAllModDataFromArchive] Loaded 4 bytes for mod [serp-extrafeatures-gatehouse-automation-v1]
[Info   :  SHCDE-SE] [T1-22:12:11.681] [ModSaveDataAPI] [ReadAllModDataFromArchive] Loaded data for 1/11 mods
[Info   :  SHCDE-SE] [T1-22:12:11.681] [GameMapArchiveManagerAPI] [LoadMapArchive] Archive loaded (or will be created on-demand)
[Info   :  SHCDE-SE] [T1-22:12:11.681] [GameMapArchiveManagerAPI] [OnLoadMap] Archive Contents: [
FILE:	_SE_ModData_serp-extrafeatures-gatehouse-automation-v1.msgpack]
FILE:	_SE_Timers.msgpack]
]
[Info   : APIShared] [2026-09-24 22:12:11.681] MissionInitialization: session=2, source=NewGame, mode=CustomGame, phase=NativeLoaded, reason=None, started=False, replay=False.
[Info   : APIShared] [2026-09-24 22:12:12.144] MissionStart: session=2, source=NewGame, mode=CustomGame, phase=ManagedReady, reason=None, started=True, replay=False.
[Info   :Active AIV Detector] [2026-09-24 22:12:12.168] Wrote opt-in Oracle prebuild trace: path=E:\ProgrammeE\Steam\steamapps\common\Stronghold Crusader Definitive Edition\BepInEx\plugins\ActiveAIVDetector_Serp\PrebuildTraces\oracle-prebuild-trace-20260924-221209-248-session002-p2-capture01.tsv, mapLoadSequence=2, playerId=2, frames=134, layerChanges=4669, beforeCaptureMs=1083,9, afterCaptureMs=1229,8, buildingRecordChanges=46, added=961, removed=0, replaced=0, pointerProblemFrames=0, captureErrorFrames=0.
[Info   :Active AIV Detector] [2026-09-24 22:12:12.168] Oracle prebuild highlighted mapper frame: playerId=2, frameIndex=2, mapper=52, returnValue=0, added=0, removed=0, replaced=0, pointerConsistent=True.
[Info   :Active AIV Detector] [2026-09-24 22:12:12.168] Oracle prebuild highlighted mapper frame: playerId=2, frameIndex=77, mapper=105, returnValue=1, added=25, removed=0, replaced=0, pointerConsistent=True.
[Info   :Active AIV Detector] [2026-09-24 22:12:12.169] Wrote Oracle Keep-start trace: path=E:\ProgrammeE\Steam\steamapps\common\Stronghold Crusader Definitive Edition\BepInEx\plugins\ActiveAIVDetector_Serp\StartTraces\oracle-start-trace-20260924-221212-168-session002-p1-n01.tsv, playerId=1, selectionAccepted=False, postFailureFlag=0, postFailureReason=<not-applicable>, newBuildings=117, replacedBuildings=0, clearedBuildings=0, changes=248, changedBuildingRecords=9, scanMs=18,9.
[Info   :Active AIV Detector] [2026-09-24 22:12:12.172] Wrote Oracle Keep-start trace: path=E:\ProgrammeE\Steam\steamapps\common\Stronghold Crusader Definitive Edition\BepInEx\plugins\ActiveAIVDetector_Serp\StartTraces\oracle-start-trace-20260924-221212-169-session002-p2-n02.tsv, playerId=2, selectionAccepted=True, postFailureFlag=0, postFailureReason=<not-applicable>, newBuildings=117, replacedBuildings=0, clearedBuildings=0, changes=481, changedBuildingRecords=9, scanMs=18,7.
[Info   :Active AIV Detector] [2026-09-24 22:12:12.172] Wrote Oracle Keep-start trace: path=E:\ProgrammeE\Steam\steamapps\common\Stronghold Crusader Definitive Edition\BepInEx\plugins\ActiveAIVDetector_Serp\StartTraces\oracle-start-trace-20260924-221212-172-session002-p3-n03.tsv, playerId=3, selectionAccepted=False, postFailureFlag=0, postFailureReason=<not-applicable>, newBuildings=94, replacedBuildings=18, clearedBuildings=2, changes=314, changedBuildingRecords=9, scanMs=22,2.
[Info   :Active AIV Detector] [2026-09-24 22:12:12.173] Wrote Oracle Keep-start trace: path=E:\ProgrammeE\Steam\steamapps\common\Stronghold Crusader Definitive Edition\BepInEx\plugins\ActiveAIVDetector_Serp\StartTraces\oracle-start-trace-20260924-221212-172-session002-p4-n04.tsv, playerId=4, selectionAccepted=False, postFailureFlag=0, postFailureReason=<not-applicable>, newBuildings=107, replacedBuildings=10, clearedBuildings=58, changes=408, changedBuildingRecords=9, scanMs=18,5.
[Info   :Active AIV Detector] [2026-09-24 22:12:12.174] Wrote Oracle Keep-start trace: path=E:\ProgrammeE\Steam\steamapps\common\Stronghold Crusader Definitive Edition\BepInEx\plugins\ActiveAIVDetector_Serp\StartTraces\oracle-start-trace-20260924-221212-173-session002-p5-n05.tsv, playerId=5, selectionAccepted=False, postFailureFlag=0, postFailureReason=<not-applicable>, newBuildings=117, replacedBuildings=0, clearedBuildings=0, changes=266, changedBuildingRecords=9, scanMs=18,7.
[Info   :Active AIV Detector] [2026-09-24 22:12:12.174] Oracle Keep-start capture summary: mapLoadSequence=2, captured=5, incomplete=False.
[Info   :Active AIV Detector] [2026-09-24 22:12:12.174] AIV placement oracle selection #5: mapName=<unknown>, mapFile=C:\Users\Serpens66\AppData\LocalLow\Firefly Studios\Stronghold Crusader Definitive Edition\Maps\test AI overbuild eachother.map, mapFileSha256=d63cd2ff3aeaba80bc3bc173bb615207666f1eaf759ecac573fad0da61979df3, nativeDllSha256=fbcb93195fc7efca9bdac5204852efdd76f9818f59a6711750d77c9cef2831e2, preBuildSetting=1, nativeStartOptions=mode=99,option2F0=0,option2F4=1,option2F8=4294967297, playerId=2, method=SelectBestFit, tryOtherRotations=True, aivSpecIndex=1, attempts=1, finalCandidateId=0, finalAivName=Default 2, finalAivJson=E:\ProgrammeE\Steam\steamapps\common\Stronghold Crusader Definitive Edition\BepInEx\plugins\ActiveAIVDetector_Serp\VanillaAIV\sentinel2.aivjson, finalAivJsonSha256=907ab0c23abebd42aba220449f8010f7fd12d9c1d87a455fcd24ff478453e9da, finalOrientation=6 (270 degrees), placementState=2 (complete fit), directReturnSigned=<not-applicable>, confirmationPoint=OnStartMap(Post).
[Info   :Active AIV Detector] [2026-09-24 22:12:12.174] AIV placement oracle attempt #5.1: mapName=<unknown>, mapFile=C:\Users\Serpens66\AppData\LocalLow\Firefly Studios\Stronghold Crusader Definitive Edition\Maps\test AI overbuild eachother.map, mapFileSha256=d63cd2ff3aeaba80bc3bc173bb615207666f1eaf759ecac573fad0da61979df3, preBuildSetting=1, playerId=2, method=SelectBestFit, candidateId=0, aivName=Default 2, aivJson=E:\ProgrammeE\Steam\steamapps\common\Stronghold Crusader Definitive Edition\BepInEx\plugins\ActiveAIVDetector_Serp\VanillaAIV\sentinel2.aivjson, aivJsonSha256=907ab0c23abebd42aba220449f8010f7fd12d9c1d87a455fcd24ff478453e9da, orientation=6 (270 degrees), result=Complete, rawFitScore=999999, fitPercent=100, evaluatedCells=2228, blockedCells=0, origin=(194,354), keepReference=(237,397).
[Info   :Active AIV Detector] [2026-09-24 22:12:12.180] Wrote opt-in AIV cell trace: path=E:\ProgrammeE\Steam\steamapps\common\Stronghold Crusader Definitive Edition\BepInEx\plugins\ActiveAIVDetector_Serp\CellTraces\oracle-cell-trace-20260924-221209-228-p2-c0-r6-keep237-397.tsv, rows=2228, nativeBlocked=0, resultGridBlocked=0, validatorCalls=2228, validatorBlocked=0, preValidatorBlocked=0.
[Info   :Active AIV Detector] [2026-09-24 22:12:12.181] Wrote opt-in live building grid: path=E:\ProgrammeE\Steam\steamapps\common\Stronghold Crusader Definitive Edition\BepInEx\plugins\ActiveAIVDetector_Serp\CellTraces\oracle-live-building-grid-20260924-221209-228-p2-r6-keep237-397.tsv, occupiedCells=117.
[Info   :Active AIV Detector] [2026-09-24 22:12:12.181] AIV placement oracle selection #6: mapName=<unknown>, mapFile=C:\Users\Serpens66\AppData\LocalLow\Firefly Studios\Stronghold Crusader Definitive Edition\Maps\test AI overbuild eachother.map, mapFileSha256=d63cd2ff3aeaba80bc3bc173bb615207666f1eaf759ecac573fad0da61979df3, nativeDllSha256=fbcb93195fc7efca9bdac5204852efdd76f9818f59a6711750d77c9cef2831e2, preBuildSetting=1, nativeStartOptions=mode=99,option2F0=0,option2F4=1,option2F8=4294967297, playerId=3, method=SelectBestFit, tryOtherRotations=True, aivSpecIndex=2, attempts=4, finalCandidateId=0, finalAivName=Default 8, finalAivJson=E:\ProgrammeE\Steam\steamapps\common\Stronghold Crusader Definitive Edition\BepInEx\plugins\ActiveAIVDetector_Serp\VanillaAIV\wolf8.aivjson, finalAivJsonSha256=0e59ca19225bfa86472a4b2a939ac8c97a1d6301e0fcc00b36cb998dd36eedd2, finalOrientation=6 (270 degrees), placementState=0 (no accepted placement), directReturnSigned=<not-applicable>, confirmationPoint=OnStartMap(Post).
[Info   :Active AIV Detector] [2026-09-24 22:12:12.182] AIV placement oracle attempt #6.1: mapName=<unknown>, mapFile=C:\Users\Serpens66\AppData\LocalLow\Firefly Studios\Stronghold Crusader Definitive Edition\Maps\test AI overbuild eachother.map, mapFileSha256=d63cd2ff3aeaba80bc3bc173bb615207666f1eaf759ecac573fad0da61979df3, preBuildSetting=1, playerId=3, method=SelectBestFit, candidateId=0, aivName=Default 8, aivJson=E:\ProgrammeE\Steam\steamapps\common\Stronghold Crusader Definitive Edition\BepInEx\plugins\ActiveAIVDetector_Serp\VanillaAIV\wolf8.aivjson, aivJsonSha256=0e59ca19225bfa86472a4b2a939ac8c97a1d6301e0fcc00b36cb998dd36eedd2, orientation=6 (270 degrees), result=Rejected, rawFitScore=0, fitPercent=85, evaluatedCells=2068, blockedCells=290, origin=(235,352), keepReference=(278,395).
[Info   :Active AIV Detector] [2026-09-24 22:12:12.187] Wrote opt-in AIV cell trace: path=E:\ProgrammeE\Steam\steamapps\common\Stronghold Crusader Definitive Edition\BepInEx\plugins\ActiveAIVDetector_Serp\CellTraces\oracle-cell-trace-20260924-221211-588-p3-c0-r6-keep278-395.tsv, rows=2068, nativeBlocked=290, resultGridBlocked=290, validatorCalls=2068, validatorBlocked=290, preValidatorBlocked=0.
[Info   :Active AIV Detector] [2026-09-24 22:12:12.188] Wrote opt-in live building grid: path=E:\ProgrammeE\Steam\steamapps\common\Stronghold Crusader Definitive Edition\BepInEx\plugins\ActiveAIVDetector_Serp\CellTraces\oracle-live-building-grid-20260924-221211-588-p3-r6-keep278-395.tsv, occupiedCells=1195.
[Info   :Active AIV Detector] [2026-09-24 22:12:12.189] AIV placement oracle attempt #6.2: mapName=<unknown>, mapFile=C:\Users\Serpens66\AppData\LocalLow\Firefly Studios\Stronghold Crusader Definitive Edition\Maps\test AI overbuild eachother.map, mapFileSha256=d63cd2ff3aeaba80bc3bc173bb615207666f1eaf759ecac573fad0da61979df3, preBuildSetting=1, playerId=3, method=SelectBestFit, candidateId=0, aivName=Default 8, aivJson=E:\ProgrammeE\Steam\steamapps\common\Stronghold Crusader Definitive Edition\BepInEx\plugins\ActiveAIVDetector_Serp\VanillaAIV\wolf8.aivjson, aivJsonSha256=0e59ca19225bfa86472a4b2a939ac8c97a1d6301e0fcc00b36cb998dd36eedd2, orientation=0 (0 degrees), result=Rejected, rawFitScore=0, fitPercent=82, evaluatedCells=2068, blockedCells=361, origin=(235,352), keepReference=(278,395).
[Info   :Bugfixes and QoL] [2026-09-24T22:12:12.193+02:00] TANNER_FADE_FIX NATIVE_UPDATER_CALLBACK_FIRST building=34 type=16 alive=2 phase=0 image=12 vanilla_raw=31 eligible=True
[Info   :Active AIV Detector] [2026-09-24 22:12:12.193] Wrote opt-in AIV cell trace: path=E:\ProgrammeE\Steam\steamapps\common\Stronghold Crusader Definitive Edition\BepInEx\plugins\ActiveAIVDetector_Serp\CellTraces\oracle-cell-trace-20260924-221211-589-p3-c0-r0-keep278-395.tsv, rows=2068, nativeBlocked=361, resultGridBlocked=361, validatorCalls=2068, validatorBlocked=361, preValidatorBlocked=0.
[Info   :Active AIV Detector] [2026-09-24 22:12:12.194] Wrote opt-in live building grid: path=E:\ProgrammeE\Steam\steamapps\common\Stronghold Crusader Definitive Edition\BepInEx\plugins\ActiveAIVDetector_Serp\CellTraces\oracle-live-building-grid-20260924-221211-589-p3-r0-keep278-395.tsv, occupiedCells=1195.
[Info   :Active AIV Detector] [2026-09-24 22:12:12.195] AIV placement oracle attempt #6.3: mapName=<unknown>, mapFile=C:\Users\Serpens66\AppData\LocalLow\Firefly Studios\Stronghold Crusader Definitive Edition\Maps\test AI overbuild eachother.map, mapFileSha256=d63cd2ff3aeaba80bc3bc173bb615207666f1eaf759ecac573fad0da61979df3, preBuildSetting=1, playerId=3, method=SelectBestFit, candidateId=0, aivName=Default 8, aivJson=E:\ProgrammeE\Steam\steamapps\common\Stronghold Crusader Definitive Edition\BepInEx\plugins\ActiveAIVDetector_Serp\VanillaAIV\wolf8.aivjson, aivJsonSha256=0e59ca19225bfa86472a4b2a939ac8c97a1d6301e0fcc00b36cb998dd36eedd2, orientation=2 (90 degrees), result=Rejected, rawFitScore=0, fitPercent=89, evaluatedCells=2068, blockedCells=218, origin=(235,352), keepReference=(278,395).
[Info   :Active AIV Detector] [2026-09-24 22:12:12.200] Wrote opt-in AIV cell trace: path=E:\ProgrammeE\Steam\steamapps\common\Stronghold Crusader Definitive Edition\BepInEx\plugins\ActiveAIVDetector_Serp\CellTraces\oracle-cell-trace-20260924-221211-590-p3-c0-r2-keep278-395.tsv, rows=2068, nativeBlocked=218, resultGridBlocked=218, validatorCalls=2068, validatorBlocked=218, preValidatorBlocked=0.
[Info   :Active AIV Detector] [2026-09-24 22:12:12.201] Wrote opt-in live building grid: path=E:\ProgrammeE\Steam\steamapps\common\Stronghold Crusader Definitive Edition\BepInEx\plugins\ActiveAIVDetector_Serp\CellTraces\oracle-live-building-grid-20260924-221211-590-p3-r2-keep278-395.tsv, occupiedCells=1195.
[Info   :Active AIV Detector] [2026-09-24 22:12:12.201] AIV placement oracle attempt #6.4: mapName=<unknown>, mapFile=C:\Users\Serpens66\AppData\LocalLow\Firefly Studios\Stronghold Crusader Definitive Edition\Maps\test AI overbuild eachother.map, mapFileSha256=d63cd2ff3aeaba80bc3bc173bb615207666f1eaf759ecac573fad0da61979df3, preBuildSetting=1, playerId=3, method=SelectBestFit, candidateId=0, aivName=Default 8, aivJson=E:\ProgrammeE\Steam\steamapps\common\Stronghold Crusader Definitive Edition\BepInEx\plugins\ActiveAIVDetector_Serp\VanillaAIV\wolf8.aivjson, aivJsonSha256=0e59ca19225bfa86472a4b2a939ac8c97a1d6301e0fcc00b36cb998dd36eedd2, orientation=4 (180 degrees), result=Rejected, rawFitScore=0, fitPercent=89, evaluatedCells=2068, blockedCells=223, origin=(235,352), keepReference=(278,395).
[Info   :Active AIV Detector] [2026-09-24 22:12:12.207] Wrote opt-in AIV cell trace: path=E:\ProgrammeE\Steam\steamapps\common\Stronghold Crusader Definitive Edition\BepInEx\plugins\ActiveAIVDetector_Serp\CellTraces\oracle-cell-trace-20260924-221211-591-p3-c0-r4-keep278-395.tsv, rows=2068, nativeBlocked=223, resultGridBlocked=223, validatorCalls=2068, validatorBlocked=223, preValidatorBlocked=0.
[Info   :Active AIV Detector] [2026-09-24 22:12:12.208] Wrote opt-in live building grid: path=E:\ProgrammeE\Steam\steamapps\common\Stronghold Crusader Definitive Edition\BepInEx\plugins\ActiveAIVDetector_Serp\CellTraces\oracle-live-building-grid-20260924-221211-591-p3-r4-keep278-395.tsv, occupiedCells=1195.
[Info   :Active AIV Detector] [2026-09-24 22:12:12.208] AIV placement oracle selection #7: mapName=<unknown>, mapFile=C:\Users\Serpens66\AppData\LocalLow\Firefly Studios\Stronghold Crusader Definitive Edition\Maps\test AI overbuild eachother.map, mapFileSha256=d63cd2ff3aeaba80bc3bc173bb615207666f1eaf759ecac573fad0da61979df3, nativeDllSha256=fbcb93195fc7efca9bdac5204852efdd76f9818f59a6711750d77c9cef2831e2, preBuildSetting=1, nativeStartOptions=mode=99,option2F0=0,option2F4=1,option2F8=4294967297, playerId=4, method=SelectBestFit, tryOtherRotations=True, aivSpecIndex=3, attempts=4, finalCandidateId=0, finalAivName=Default 6, finalAivJson=E:\ProgrammeE\Steam\steamapps\common\Stronghold Crusader Definitive Edition\BepInEx\plugins\ActiveAIVDetector_Serp\VanillaAIV\nizar6.aivjson, finalAivJsonSha256=1d86b141261297706ad65f60d870a3ae30a8c0da05b6b3b1d4d923c702cb11ad, finalOrientation=6 (270 degrees), placementState=0 (no accepted placement), directReturnSigned=<not-applicable>, confirmationPoint=OnStartMap(Post).
[Info   :Active AIV Detector] [2026-09-24 22:12:12.209] AIV placement oracle attempt #7.1: mapName=<unknown>, mapFile=C:\Users\Serpens66\AppData\LocalLow\Firefly Studios\Stronghold Crusader Definitive Edition\Maps\test AI overbuild eachother.map, mapFileSha256=d63cd2ff3aeaba80bc3bc173bb615207666f1eaf759ecac573fad0da61979df3, preBuildSetting=1, playerId=4, method=SelectBestFit, candidateId=0, aivName=Default 6, aivJson=E:\ProgrammeE\Steam\steamapps\common\Stronghold Crusader Definitive Edition\BepInEx\plugins\ActiveAIVDetector_Serp\VanillaAIV\nizar6.aivjson, aivJsonSha256=1d86b141261297706ad65f60d870a3ae30a8c0da05b6b3b1d4d923c702cb11ad, orientation=6 (270 degrees), result=Rejected, rawFitScore=0, fitPercent=67, evaluatedCells=2352, blockedCells=772, origin=(211,336), keepReference=(254,379).
[Info   :Active AIV Detector] [2026-09-24 22:12:12.214] Wrote opt-in AIV cell trace: path=E:\ProgrammeE\Steam\steamapps\common\Stronghold Crusader Definitive Edition\BepInEx\plugins\ActiveAIVDetector_Serp\CellTraces\oracle-cell-trace-20260924-221211-624-p4-c0-r6-keep254-379.tsv, rows=2352, nativeBlocked=772, resultGridBlocked=772, validatorCalls=2352, validatorBlocked=772, preValidatorBlocked=0.
[Info   :Active AIV Detector] [2026-09-24 22:12:12.215] Wrote opt-in live building grid: path=E:\ProgrammeE\Steam\steamapps\common\Stronghold Crusader Definitive Edition\BepInEx\plugins\ActiveAIVDetector_Serp\CellTraces\oracle-live-building-grid-20260924-221211-624-p4-r6-keep254-379.tsv, occupiedCells=1287.
[Info   :Active AIV Detector] [2026-09-24 22:12:12.215] AIV placement oracle attempt #7.2: mapName=<unknown>, mapFile=C:\Users\Serpens66\AppData\LocalLow\Firefly Studios\Stronghold Crusader Definitive Edition\Maps\test AI overbuild eachother.map, mapFileSha256=d63cd2ff3aeaba80bc3bc173bb615207666f1eaf759ecac573fad0da61979df3, preBuildSetting=1, playerId=4, method=SelectBestFit, candidateId=0, aivName=Default 6, aivJson=E:\ProgrammeE\Steam\steamapps\common\Stronghold Crusader Definitive Edition\BepInEx\plugins\ActiveAIVDetector_Serp\VanillaAIV\nizar6.aivjson, aivJsonSha256=1d86b141261297706ad65f60d870a3ae30a8c0da05b6b3b1d4d923c702cb11ad, orientation=0 (0 degrees), result=Rejected, rawFitScore=0, fitPercent=65, evaluatedCells=2352, blockedCells=803, origin=(211,336), keepReference=(254,379).
[Info   :Active AIV Detector] [2026-09-24 22:12:12.221] Wrote opt-in AIV cell trace: path=E:\ProgrammeE\Steam\steamapps\common\Stronghold Crusader Definitive Edition\BepInEx\plugins\ActiveAIVDetector_Serp\CellTraces\oracle-cell-trace-20260924-221211-625-p4-c0-r0-keep254-379.tsv, rows=2352, nativeBlocked=803, resultGridBlocked=803, validatorCalls=2352, validatorBlocked=803, preValidatorBlocked=0.
[Info   :Active AIV Detector] [2026-09-24 22:12:12.222] Wrote opt-in live building grid: path=E:\ProgrammeE\Steam\steamapps\common\Stronghold Crusader Definitive Edition\BepInEx\plugins\ActiveAIVDetector_Serp\CellTraces\oracle-live-building-grid-20260924-221211-625-p4-r0-keep254-379.tsv, occupiedCells=1287.
[Info   :Active AIV Detector] [2026-09-24 22:12:12.223] AIV placement oracle attempt #7.3: mapName=<unknown>, mapFile=C:\Users\Serpens66\AppData\LocalLow\Firefly Studios\Stronghold Crusader Definitive Edition\Maps\test AI overbuild eachother.map, mapFileSha256=d63cd2ff3aeaba80bc3bc173bb615207666f1eaf759ecac573fad0da61979df3, preBuildSetting=1, playerId=4, method=SelectBestFit, candidateId=0, aivName=Default 6, aivJson=E:\ProgrammeE\Steam\steamapps\common\Stronghold Crusader Definitive Edition\BepInEx\plugins\ActiveAIVDetector_Serp\VanillaAIV\nizar6.aivjson, aivJsonSha256=1d86b141261297706ad65f60d870a3ae30a8c0da05b6b3b1d4d923c702cb11ad, orientation=2 (90 degrees), result=Rejected, rawFitScore=0, fitPercent=75, evaluatedCells=2352, blockedCells=584, origin=(211,336), keepReference=(254,379).
[Info   :Active AIV Detector] [2026-09-24 22:12:12.229] Wrote opt-in AIV cell trace: path=E:\ProgrammeE\Steam\steamapps\common\Stronghold Crusader Definitive Edition\BepInEx\plugins\ActiveAIVDetector_Serp\CellTraces\oracle-cell-trace-20260924-221211-626-p4-c0-r2-keep254-379.tsv, rows=2352, nativeBlocked=584, resultGridBlocked=584, validatorCalls=2352, validatorBlocked=584, preValidatorBlocked=0.
[Info   :Active AIV Detector] [2026-09-24 22:12:12.230] Wrote opt-in live building grid: path=E:\ProgrammeE\Steam\steamapps\common\Stronghold Crusader Definitive Edition\BepInEx\plugins\ActiveAIVDetector_Serp\CellTraces\oracle-live-building-grid-20260924-221211-626-p4-r2-keep254-379.tsv, occupiedCells=1287.
[Info   :Active AIV Detector] [2026-09-24 22:12:12.230] AIV placement oracle attempt #7.4: mapName=<unknown>, mapFile=C:\Users\Serpens66\AppData\LocalLow\Firefly Studios\Stronghold Crusader Definitive Edition\Maps\test AI overbuild eachother.map, mapFileSha256=d63cd2ff3aeaba80bc3bc173bb615207666f1eaf759ecac573fad0da61979df3, preBuildSetting=1, playerId=4, method=SelectBestFit, candidateId=0, aivName=Default 6, aivJson=E:\ProgrammeE\Steam\steamapps\common\Stronghold Crusader Definitive Edition\BepInEx\plugins\ActiveAIVDetector_Serp\VanillaAIV\nizar6.aivjson, aivJsonSha256=1d86b141261297706ad65f60d870a3ae30a8c0da05b6b3b1d4d923c702cb11ad, orientation=4 (180 degrees), result=Rejected, rawFitScore=0, fitPercent=69, evaluatedCells=2352, blockedCells=728, origin=(211,336), keepReference=(254,379).
[Info   :Active AIV Detector] [2026-09-24 22:12:12.235] Wrote opt-in AIV cell trace: path=E:\ProgrammeE\Steam\steamapps\common\Stronghold Crusader Definitive Edition\BepInEx\plugins\ActiveAIVDetector_Serp\CellTraces\oracle-cell-trace-20260924-221211-627-p4-c0-r4-keep254-379.tsv, rows=2352, nativeBlocked=728, resultGridBlocked=728, validatorCalls=2352, validatorBlocked=728, preValidatorBlocked=0.
[Info   :Active AIV Detector] [2026-09-24 22:12:12.236] Wrote opt-in live building grid: path=E:\ProgrammeE\Steam\steamapps\common\Stronghold Crusader Definitive Edition\BepInEx\plugins\ActiveAIVDetector_Serp\CellTraces\oracle-live-building-grid-20260924-221211-627-p4-r4-keep254-379.tsv, occupiedCells=1287.
[Info   :Active AIV Detector] [2026-09-24 22:12:12.236] AIV placement oracle selection #8: mapName=<unknown>, mapFile=C:\Users\Serpens66\AppData\LocalLow\Firefly Studios\Stronghold Crusader Definitive Edition\Maps\test AI overbuild eachother.map, mapFileSha256=d63cd2ff3aeaba80bc3bc173bb615207666f1eaf759ecac573fad0da61979df3, nativeDllSha256=fbcb93195fc7efca9bdac5204852efdd76f9818f59a6711750d77c9cef2831e2, preBuildSetting=1, nativeStartOptions=mode=99,option2F0=0,option2F4=1,option2F8=4294967297, playerId=5, method=SelectBestFit, tryOtherRotations=True, aivSpecIndex=4, attempts=4, finalCandidateId=0, finalAivName=Default 7, finalAivJson=E:\ProgrammeE\Steam\steamapps\common\Stronghold Crusader Definitive Edition\BepInEx\plugins\ActiveAIVDetector_Serp\VanillaAIV\marshal7.aivjson, finalAivJsonSha256=384abb01e5b4c0ff36ceddeac64c3a8dc8151d0113d1189a32d8c7feb9bb337f, finalOrientation=6 (270 degrees), placementState=0 (no accepted placement), directReturnSigned=<not-applicable>, confirmationPoint=OnStartMap(Post).
[Info   :Active AIV Detector] [2026-09-24 22:12:12.236] AIV placement oracle attempt #8.1: mapName=<unknown>, mapFile=C:\Users\Serpens66\AppData\LocalLow\Firefly Studios\Stronghold Crusader Definitive Edition\Maps\test AI overbuild eachother.map, mapFileSha256=d63cd2ff3aeaba80bc3bc173bb615207666f1eaf759ecac573fad0da61979df3, preBuildSetting=1, playerId=5, method=SelectBestFit, candidateId=0, aivName=Default 7, aivJson=E:\ProgrammeE\Steam\steamapps\common\Stronghold Crusader Definitive Edition\BepInEx\plugins\ActiveAIVDetector_Serp\VanillaAIV\marshal7.aivjson, aivJsonSha256=384abb01e5b4c0ff36ceddeac64c3a8dc8151d0113d1189a32d8c7feb9bb337f, orientation=6 (270 degrees), result=Rejected, rawFitScore=0, fitPercent=85, evaluatedCells=1770, blockedCells=254, origin=(215,374), keepReference=(258,417).
[Info   :Active AIV Detector] [2026-09-24 22:12:12.240] Wrote opt-in AIV cell trace: path=E:\ProgrammeE\Steam\steamapps\common\Stronghold Crusader Definitive Edition\BepInEx\plugins\ActiveAIVDetector_Serp\CellTraces\oracle-cell-trace-20260924-221211-648-p5-c0-r6-keep258-417.tsv, rows=1770, nativeBlocked=254, resultGridBlocked=254, validatorCalls=1770, validatorBlocked=254, preValidatorBlocked=0.
[Info   :Active AIV Detector] [2026-09-24 22:12:12.241] Wrote opt-in live building grid: path=E:\ProgrammeE\Steam\steamapps\common\Stronghold Crusader Definitive Edition\BepInEx\plugins\ActiveAIVDetector_Serp\CellTraces\oracle-live-building-grid-20260924-221211-648-p5-r6-keep258-417.tsv, occupiedCells=1336.
[Info   :Active AIV Detector] [2026-09-24 22:12:12.241] AIV placement oracle attempt #8.2: mapName=<unknown>, mapFile=C:\Users\Serpens66\AppData\LocalLow\Firefly Studios\Stronghold Crusader Definitive Edition\Maps\test AI overbuild eachother.map, mapFileSha256=d63cd2ff3aeaba80bc3bc173bb615207666f1eaf759ecac573fad0da61979df3, preBuildSetting=1, playerId=5, method=SelectBestFit, candidateId=0, aivName=Default 7, aivJson=E:\ProgrammeE\Steam\steamapps\common\Stronghold Crusader Definitive Edition\BepInEx\plugins\ActiveAIVDetector_Serp\VanillaAIV\marshal7.aivjson, aivJsonSha256=384abb01e5b4c0ff36ceddeac64c3a8dc8151d0113d1189a32d8c7feb9bb337f, orientation=0 (0 degrees), result=Rejected, rawFitScore=0, fitPercent=89, evaluatedCells=1770, blockedCells=193, origin=(215,374), keepReference=(258,417).
[Info   :Active AIV Detector] [2026-09-24 22:12:12.246] Wrote opt-in AIV cell trace: path=E:\ProgrammeE\Steam\steamapps\common\Stronghold Crusader Definitive Edition\BepInEx\plugins\ActiveAIVDetector_Serp\CellTraces\oracle-cell-trace-20260924-221211-649-p5-c0-r0-keep258-417.tsv, rows=1770, nativeBlocked=193, resultGridBlocked=193, validatorCalls=1770, validatorBlocked=193, preValidatorBlocked=0.
[Info   :Active AIV Detector] [2026-09-24 22:12:12.247] Wrote opt-in live building grid: path=E:\ProgrammeE\Steam\steamapps\common\Stronghold Crusader Definitive Edition\BepInEx\plugins\ActiveAIVDetector_Serp\CellTraces\oracle-live-building-grid-20260924-221211-649-p5-r0-keep258-417.tsv, occupiedCells=1336.
[Info   :Active AIV Detector] [2026-09-24 22:12:12.247] AIV placement oracle attempt #8.3: mapName=<unknown>, mapFile=C:\Users\Serpens66\AppData\LocalLow\Firefly Studios\Stronghold Crusader Definitive Edition\Maps\test AI overbuild eachother.map, mapFileSha256=d63cd2ff3aeaba80bc3bc173bb615207666f1eaf759ecac573fad0da61979df3, preBuildSetting=1, playerId=5, method=SelectBestFit, candidateId=0, aivName=Default 7, aivJson=E:\ProgrammeE\Steam\steamapps\common\Stronghold Crusader Definitive Edition\BepInEx\plugins\ActiveAIVDetector_Serp\VanillaAIV\marshal7.aivjson, aivJsonSha256=384abb01e5b4c0ff36ceddeac64c3a8dc8151d0113d1189a32d8c7feb9bb337f, orientation=2 (90 degrees), result=Rejected, rawFitScore=0, fitPercent=67, evaluatedCells=1770, blockedCells=580, origin=(215,374), keepReference=(258,417).
[Info   :Active AIV Detector] [2026-09-24 22:12:12.251] Wrote opt-in AIV cell trace: path=E:\ProgrammeE\Steam\steamapps\common\Stronghold Crusader Definitive Edition\BepInEx\plugins\ActiveAIVDetector_Serp\CellTraces\oracle-cell-trace-20260924-221211-650-p5-c0-r2-keep258-417.tsv, rows=1770, nativeBlocked=580, resultGridBlocked=580, validatorCalls=1770, validatorBlocked=580, preValidatorBlocked=0.
[Info   :Active AIV Detector] [2026-09-24 22:12:12.252] Wrote opt-in live building grid: path=E:\ProgrammeE\Steam\steamapps\common\Stronghold Crusader Definitive Edition\BepInEx\plugins\ActiveAIVDetector_Serp\CellTraces\oracle-live-building-grid-20260924-221211-650-p5-r2-keep258-417.tsv, occupiedCells=1336.
[Info   :Active AIV Detector] [2026-09-24 22:12:12.252] AIV placement oracle attempt #8.4: mapName=<unknown>, mapFile=C:\Users\Serpens66\AppData\LocalLow\Firefly Studios\Stronghold Crusader Definitive Edition\Maps\test AI overbuild eachother.map, mapFileSha256=d63cd2ff3aeaba80bc3bc173bb615207666f1eaf759ecac573fad0da61979df3, preBuildSetting=1, playerId=5, method=SelectBestFit, candidateId=0, aivName=Default 7, aivJson=E:\ProgrammeE\Steam\steamapps\common\Stronghold Crusader Definitive Edition\BepInEx\plugins\ActiveAIVDetector_Serp\VanillaAIV\marshal7.aivjson, aivJsonSha256=384abb01e5b4c0ff36ceddeac64c3a8dc8151d0113d1189a32d8c7feb9bb337f, orientation=4 (180 degrees), result=Partial, rawFitScore=1, fitPercent=57, evaluatedCells=1770, blockedCells=757, origin=(215,374), keepReference=(258,417).
[Info   :Active AIV Detector] [2026-09-24 22:12:12.257] Wrote opt-in AIV cell trace: path=E:\ProgrammeE\Steam\steamapps\common\Stronghold Crusader Definitive Edition\BepInEx\plugins\ActiveAIVDetector_Serp\CellTraces\oracle-cell-trace-20260924-221211-650-p5-c0-r4-keep258-417.tsv, rows=1770, nativeBlocked=757, resultGridBlocked=757, validatorCalls=1770, validatorBlocked=757, preValidatorBlocked=0.
[Info   :Active AIV Detector] [2026-09-24 22:12:12.258] Wrote opt-in live building grid: path=E:\ProgrammeE\Steam\steamapps\common\Stronghold Crusader Definitive Edition\BepInEx\plugins\ActiveAIVDetector_Serp\CellTraces\oracle-live-building-grid-20260924-221211-650-p5-r4-keep258-417.tsv, occupiedCells=1336.
[Info   :Active AIV Detector] [2026-09-24 22:12:12.258] Active AIV confirmed #5: playerId=2, lord=SENTINEL, baseLordEnum=SK_SENTINEL, runtimeLordEnum=SK_SENTINEL, lordJson=E:\ProgrammeE\Steam\steamapps\common\Stronghold Crusader Definitive Edition\BepInEx\plugins\ActiveAIVDetector_Serp\VanillaAIC\Sentinel.lordjson, lordConfigChecksum=<not-applicable>, lordJsonSha256=a399a37fb352d2a2792d546fad15dc1857f1c59acce45062863ef1ba2f6e025a, lordConfigEffectiveSource=embedded game data; bundled lordJson exists but its manifest does not match the installed CrusaderDE.dll, aivMode=Default, candidateId=0, aivName=Default 2, aivJson=E:\ProgrammeE\Steam\steamapps\common\Stronghold Crusader Definitive Edition\BepInEx\plugins\ActiveAIVDetector_Serp\VanillaAIV\sentinel2.aivjson, aivJsonSha256=907ab0c23abebd42aba220449f8010f7fd12d9c1d87a455fcd24ff478453e9da, checksum=2, effectiveSource=embedded game data; bundled aivJson is the equivalent official editor file and is not read by the game, aivSpecIndex=1, orientation=6 (270 degrees), placementState=2 (complete fit), confirmationPoint=OnStartMap(Post).
[Info   :Active AIV Detector] [2026-09-24 22:12:12.258] No finalized AIV selection was captured for active AI playerId=3.
[Info   :Active AIV Detector] [2026-09-24 22:12:12.258] No finalized AIV selection was captured for active AI playerId=4.
[Info   :Active AIV Detector] [2026-09-24 22:12:12.258] No finalized AIV selection was captured for active AI playerId=5.
[Info   :Active AIV Detector] [2026-09-24 22:12:12.258] Active AIV finalization completed after MissionStart: activeAIs=4, reportedAIVs=1, capturedSelections=1.
[Debug  :Unit Limit] [2026-09-24 22:12:12.260] ActiveSiegeTentCache ResyncAll: countKeys 0
[Debug  :Unit Limit] [2026-09-24 22:12:12.260] Gameplay session started: NewMap
[Debug  :Unit Limit] [2026-09-24 22:12:12.260] Applied active unit limit rules: 32
[Warning:  SHCDE-SE] [T1-22:12:12.260] [GameNetworkAPI] [GetLocalPlayerId] Local SteamID [76561198102311542] has no assigned slot yet: returning -1
[Warning:  SHCDE-SE] [T1-22:12:12.260] [GameNetworkAPI] [GetLocalPlayerId] Local SteamID [76561198102311542] has no assigned slot yet: returning -1
[Debug  :Extra Features] [2026-09-24 22:12:12.260] Extra Features multiplayer feature gate captured map mode: realMultiplayer=False, singleplayerSkirmishMode=True, singleplayerSkirmish=True, singleplayerTrail=False, mapEditor=False, multiplayerSave=False, directorAvailable=True, directorMultiplayer=False, directorSkirmish=True, lowLevelNetworked=True, platformMultiplayer=False, lobbyMembers=5, realLobbyMembers=0, skirmishLobbyMembers=5, gameMembers=5, realNetworkGameMembers=0, gameType=3, skirmishGameType=0, skirmishTrailType=-1, coopTrailId=0, kind=CustomGame, launchVariant=Standard, allowsCustomGameMods=True, allowsRegularGameplayMods=True, campaignMapId=0, eventTrailType=-1, customizedTrailId=-1, customizedMissionId=-1, customizedOriginKind=0, conflictingCustomizedOrigin=False.
[Info   :Extra Features] [2026-09-24 22:12:12.260] Extra Features gatehouse map state resumed: manualOnly=0.
[Info   :Extra Features] [2026-09-24 22:12:12.260] Extra Features church priest counts applied: enabled=True, church2=2, church3=3.
[Debug  :Extra Features] [2026-09-24 22:12:12.260] Extra Features Lord health initialized: session=2, savedBasis=False, humans=100%, AI=100%.
[Warning:  SHCDE-SE] [T1-22:12:12.260] [GameNetworkAPI] [GetLocalPlayerId] Local SteamID [76561198102311542] has no assigned slot yet: returning -1
[Warning:  SHCDE-SE] [T1-22:12:12.261] [GameNetworkAPI] [GetLocalPlayerId] Local SteamID [76561198102311542] has no assigned slot yet: returning -1
[Info   :Extra Features] [2026-09-24 22:12:12.261] Extra Features gatehouse map state resumed: manualOnly=0.
[Debug  :Bugfixes and QoL] [2026-09-24 22:12:12.261] Bugfixes and QoL multiplayer feature gate captured map mode: realMultiplayer=False, singleplayerSkirmishMode=True, singleplayerSkirmish=True, singleplayerTrail=False, mapEditor=False, multiplayerSave=False, directorAvailable=True, directorMultiplayer=False, directorSkirmish=True, lowLevelNetworked=True, platformMultiplayer=False, lobbyMembers=5, realLobbyMembers=0, skirmishLobbyMembers=5, gameMembers=5, realNetworkGameMembers=0, gameType=3, skirmishGameType=0, skirmishTrailType=-1, coopTrailId=0, kind=CustomGame, launchVariant=Standard, allowsCustomGameMods=True, allowsRegularGameplayMods=True, campaignMapId=0, eventTrailType=-1, customizedTrailId=-1, customizedMissionId=-1, customizedOriginKind=0, conflictingCustomizedOrigin=False.
[Debug  :Bugfixes and QoL] [2026-09-24 22:12:12.261] Reset surrender/statistics session state: reason=session-start:NewMap.
[Debug  :Bugfixes and QoL] [2026-09-24 22:12:12.261] Plague popularity diagnostics armed: modEnabled=True, fixEnabled=True, source=NewMap, mode=realMultiplayer=False, singleplayerSkirmishMode=True, singleplayerSkirmish=True, singleplayerTrail=False, mapEditor=False, multiplayerSave=False, directorAvailable=True, directorMultiplayer=False, directorSkirmish=True, lowLevelNetworked=True, platformMultiplayer=False, lobbyMembers=5, realLobbyMembers=0, skirmishLobbyMembers=5, gameMembers=5, realNetworkGameMembers=0, gameType=3, skirmishGameType=0, skirmishTrailType=-1, coopTrailId=0, kind=CustomGame, launchVariant=Standard, allowsCustomGameMods=True, allowsRegularGameplayMods=True, campaignMapId=0, eventTrailType=-1, customizedTrailId=-1, customizedMissionId=-1, customizedOriginKind=0, conflictingCustomizedOrigin=False.
[Debug  :Bugfixes and QoL] [2026-09-24 22:12:12.261] Bugfixes and QoL quarry-pile runtime: loaded Vanilla structure-group repair completed: candidates=0, validPairs=0, alreadyValid=0, plannedRepairs=0, groupIdsCorrected=0, legacyReverseLinksCleared=0, invalid=0, ambiguous=0, rejectedGroups=0.
[Info   :AIV Lobby Preset Test] Test-series run completed: DL-forward-on; next=3/4, session=2.
[Debug  :Building Costs] [2026-09-24 22:12:12.265] Gameplay session started: NewMap
[Debug  :Building Costs] [2026-09-24 22:12:12.265] Applied building cost materials: 0
[Debug  :Building Limit] [2026-09-24 22:12:12.266] ActiveBuildingCache RebuildCounts: humanCountKeys 6
[Debug  :Building Limit] [2026-09-24 22:12:12.266] ActiveBuildingCache ResyncAll: raiseEvents True scanned 3999 alive 87 humanActiveIds 9 humanCountKeys 6
[Debug  :Building Limit] [2026-09-24 22:12:12.266] ActiveBuildingCache ResyncAll count: player 1 type STRUCT_GOODS_YARD count 4
[Debug  :Building Limit] [2026-09-24 22:12:12.266] ActiveBuildingCache ResyncAll count: player 1 type STRUCT_KEEP_TWO count 1
[Debug  :Building Limit] [2026-09-24 22:12:12.266] ActiveBuildingCache ResyncAll count: player 1 type STRUCT_CAMPGROUND count 1
[Debug  :Building Limit] [2026-09-24 22:12:12.266] ActiveBuildingCache ResyncAll count: player 1 type STRUCT_KEEPDOOR_LEFT count 1
[Debug  :Building Limit] [2026-09-24 22:12:12.266] ActiveBuildingCache ResyncAll count: player 1 type STRUCT_KEEPDOOR_RIGHT count 1
[Debug  :Building Limit] [2026-09-24 22:12:12.266] ActiveBuildingCache ResyncAll count: player 1 type STRUCT_KEEPDOOR count 1
[Debug  :Building Limit] [2026-09-24 22:12:12.266] Gameplay session started: NewMap
[Debug  :Building Limit] [2026-09-24 22:12:12.266] Applied active building limit rules: 93
[Info   :CastlePlanner] [2026-09-24 22:12:12.267] Blueprint prepared locally: reason=scheduled preparation, file=C:\Users\Serpens66\AppData\LocalLow\Firefly Studios\Stronghold Crusader Definitive Edition\CustomLords\testlord_serp\testlord_serpcastle1.aivjson, keep=(458,351), projectedKeep=(458,351), castleRotation=0, tiles=1691, icons=161, unknownMappers=0, miscItemsIgnored=0.
[Debug  :CastlePlanner] [2026-09-24 22:12:12.267] Blueprint map-start lifecycle received; visibility reset to hidden.
[Debug  : Cheat Mod] [2026-09-24 22:12:12.267] Cheat Mod map runtime started; extreme-powers recharge interval=40 ticks, mana=7000, tickSubscribed=False.
[Debug  :Unit Costs] [2026-09-24 22:12:12.267] Applied unit cost values: 0
[Debug  :Unit Costs] [2026-09-24 22:12:12.268] Applied human extra unit cost rows: 0
[Error  :Random Events] [2026-09-24 22:12:18.559] Signpost initialization failed on this map; retrying: no active event participant is available for the Vanilla reachability check.
[Debug  :Bugfixes and QoL] [2026-09-24 22:12:18.559] Bugfixes and QoL quarry-pile runtime: AI quarry spawn observation armed after map/load initialization: tick=16.
[Debug  :Bugfixes and QoL] [2026-09-24 22:12:18.591] Keep-flag rotation summary: session=2, tick=19, enabled=True, captured=5, correctedBeforeSpawn=1, alreadyCorrectBeforeSpawn=1, keeps=5, correctedAfterStart=0, verified=2, rejected=3.
[Debug  :Building Limit] [2026-09-24 22:12:19.562] Building placement validation has no active limit rule: player 0 mapper MAPPER_SIGNPOST
[Debug  :Building Limit] [2026-09-24 22:12:19.563] Building placement validation has no active limit rule: player 0 mapper MAPPER_SIGNPOST
[Debug  :Building Limit] [2026-09-24 22:12:19.563] Building placement validation has no active limit rule: player 0 mapper MAPPER_SIGNPOST
[Debug  :Building Limit] [2026-09-24 22:12:19.563] Building placement validation has no active limit rule: player 0 mapper MAPPER_SIGNPOST
[Info   :Random Events] [2026-09-24 22:12:19.563] Signpost initialization completed: selectedBuildingIds=[88,89,90,91], usableRegistered=true, recoveredAfterFailure=true.
[Debug  :Random Events] [2026-09-24 22:12:19.564] Random Events batch prepared: mode=SharedEvents, includeAIPlayers=False, dueAbsoluteMonth=14184, actions=1, targetPlayers=[1], prngBefore=5C36F18548F1BE38:7F3D62D1D03E6419, prngAfter=625113BF570DCDB7:273F103724D6F1B7, actionDigest=CD8D5ECCD27550D4F3CC7ACD96ED5CE897CC4C5A6080A9D1A15BA7778BB6B2FA, actionOrder=[0:14@P1=10], stateDigest=4664D8D1202B4854DE6F845EB4CD9B82F88F8615BB65C52CE166564A6FE611E2.
[Debug  :Extra Features] [2026-09-24 22:12:19.599] Extra Features applied Lord health: player=1, globalId=302, multiplier=100%, health=150000/150000->150000/150000, vanillaMax=150000.
[Debug  :Extra Features] [2026-09-24 22:12:19.599] Extra Features applied Lord health: player=2, globalId=304, multiplier=100%, health=450000/450000->450000/450000, vanillaMax=450000.
[Debug  :Extra Features] [2026-09-24 22:12:19.599] Extra Features applied Lord health: player=3, globalId=306, multiplier=100%, health=450000/450000->450000/450000, vanillaMax=450000.
[Debug  :Extra Features] [2026-09-24 22:12:19.599] Extra Features applied Lord health: player=4, globalId=308, multiplier=100%, health=360000/360000->360000/360000, vanillaMax=360000.
[Debug  :Extra Features] [2026-09-24 22:12:19.599] Extra Features applied Lord health: player=5, globalId=310, multiplier=100%, health=270000/270000->270000/270000, vanillaMax=270000.
[Debug  :Extra Features] [2026-09-24 22:12:19.599] Extra Features gatehouse query hook confirmed: buildingId=44, eventUnitId=1, validatedUnitId=1, globalId=214, owner=2, tileX=213, tileY=400.
[Debug  :Extra Features] [2026-09-24 22:12:19.734] Crash diagnostics 60s summary: AiDefenseBuildStep=242, AiDefensePlacement=1280, AiFlagRoutine=54, AiMarketSellPrice=2, ApothecaryPlagueSearchHookInstalled=1, ApothecaryPlagueSearchMaximum=3, MonkMovementHookInstalled=1.
[Warning:  SHCDE-SE] [T1-22:12:20.709] [GameNetworkAPI] [GetLocalPlayerId] Local SteamID [76561198102311542] has no assigned slot yet: returning -1
[Warning:  SHCDE-SE] [T1-22:12:20.709] [GameNetworkAPI] [GetLocalPlayerId] Local SteamID [76561198102311542] has no assigned slot yet: returning -1
[Warning:  SHCDE-SE] [T1-22:12:20.710] [GameNetworkAPI] [GetLocalPlayerId] Local SteamID [76561198102311542] has no assigned slot yet: returning -1
[Warning:  SHCDE-SE] [T1-22:12:20.710] [GameNetworkAPI] [GetLocalPlayerId] Local SteamID [76561198102311542] has no assigned slot yet: returning -1
[Warning:  SHCDE-SE] [T1-22:12:20.710] [GameNetworkAPI] [GetLocalPlayerId] Local SteamID [76561198102311542] has no assigned slot yet: returning -1
[Warning:  SHCDE-SE] [T1-22:12:20.710] [GameNetworkAPI] [GetLocalPlayerId] Local SteamID [76561198102311542] has no assigned slot yet: returning -1
[Warning:  SHCDE-SE] [T1-22:12:20.710] [GameNetworkAPI] [GetLocalPlayerId] Local SteamID [76561198102311542] has no assigned slot yet: returning -1
[Warning:  SHCDE-SE] [T1-22:12:20.710] [GameNetworkAPI] [GetLocalPlayerId] Local SteamID [76561198102311542] has no assigned slot yet: returning -1
[Warning:  SHCDE-SE] [T1-22:12:20.710] [GameNetworkAPI] [GetLocalPlayerId] Local SteamID [76561198102311542] has no assigned slot yet: returning -1
[Warning:  SHCDE-SE] [T1-22:12:20.710] [GameNetworkAPI] [GetLocalPlayerId] Local SteamID [76561198102311542] has no assigned slot yet: returning -1
[Warning:  SHCDE-SE] [T23-22:12:20.720] [GameNetworkAPI] [GetLocalPlayerId] Local SteamID [76561198102311542] has no assigned slot yet: returning -1
[Warning:  SHCDE-SE] [T1-22:12:22.945] [GameNetworkAPI] [GetLocalPlayerId] Local SteamID [76561198102311542] has no assigned slot yet: returning -1
[Warning:  SHCDE-SE] [T1-22:12:22.945] [GameNetworkAPI] [GetLocalPlayerId] Local SteamID [76561198102311542] has no assigned slot yet: returning -1
[Warning:  SHCDE-SE] [T1-22:12:22.945] [GameNetworkAPI] [GetLocalPlayerId] Local SteamID [76561198102311542] has no assigned slot yet: returning -1
[Warning:  SHCDE-SE] [T1-22:12:22.945] [GameNetworkAPI] [GetLocalPlayerId] Local SteamID [76561198102311542] has no assigned slot yet: returning -1
[Warning:  SHCDE-SE] [T1-22:12:22.945] [GameNetworkAPI] [GetLocalPlayerId] Local SteamID [76561198102311542] has no assigned slot yet: returning -1
[Warning:  SHCDE-SE] [T1-22:12:22.945] [GameNetworkAPI] [GetLocalPlayerId] Local SteamID [76561198102311542] has no assigned slot yet: returning -1
[Warning:  SHCDE-SE] [T1-22:12:22.945] [GameNetworkAPI] [GetLocalPlayerId] Local SteamID [76561198102311542] has no assigned slot yet: returning -1
[Warning:  SHCDE-SE] [T1-22:12:22.945] [GameNetworkAPI] [GetLocalPlayerId] Local SteamID [76561198102311542] has no assigned slot yet: returning -1
[Warning:  SHCDE-SE] [T1-22:12:22.945] [GameNetworkAPI] [GetLocalPlayerId] Local SteamID [76561198102311542] has no assigned slot yet: returning -1
[Warning:  SHCDE-SE] [T1-22:12:22.945] [GameNetworkAPI] [GetLocalPlayerId] Local SteamID [76561198102311542] has no assigned slot yet: returning -1
[Warning:  SHCDE-SE] [T1-22:12:22.945] [GameNetworkAPI] [GetLocalPlayerId] Local SteamID [76561198102311542] has no assigned slot yet: returning -1
[Warning:  SHCDE-SE] [T1-22:12:22.947] [GameNetworkAPI] [GetLocalPlayerId] Local SteamID [76561198102311542] has no assigned slot yet: returning -1
[Warning:  SHCDE-SE] [T1-22:12:22.947] [GameNetworkAPI] [GetLocalPlayerId] Local SteamID [76561198102311542] has no assigned slot yet: returning -1
[Warning:  SHCDE-SE] [T1-22:12:22.947] [GameNetworkAPI] [GetLocalPlayerId] Local SteamID [76561198102311542] has no assigned slot yet: returning -1
[Warning:  SHCDE-SE] [T23-22:12:22.954] [GameNetworkAPI] [GetLocalPlayerId] Local SteamID [76561198102311542] has no assigned slot yet: returning -1
[Info   :  SHCDE-SE] [T1-22:12:26.780] [GameMapArchiveManagerAPI] [OnUnloadMap] Unloading archive
[Info   :  SHCDE-SE] [T1-22:12:26.780] [GameMapArchiveManagerAPI] [RemoveActiveArchive] Attempting to remove active archive
[Info   :  SHCDE-SE] [T1-22:12:26.780] [LuaManager] [OnUnloadMap] Attempting to unload lua state due to event, phase: Pre
[Info   :  SHCDE-SE] [T1-22:12:26.780] [LuaManager] [TryUnload] Attempting to unload lua state
[Warning:  SHCDE-SE] [T1-22:12:26.780] [LuaManager] [TryUnload] Lua state already unloaded!
[Info   : APIShared] [2026-09-24 22:12:26.780] MissionEnd: session=2, source=NewGame, mode=CustomGame, phase=ManagedReady, reason=Unloaded, started=True, replay=False.
[Info   :  SHCDE-SE] [T1-22:12:26.780] [DeterministicRandom] [OnUnloadMap] uninitializing shared state.
[Info   :  SHCDE-SE] [T1-22:12:26.780] [GamePlayerManagerAPI] [OnUnloadMap] Unloading
[Info   :  SHCDE-SE] [T1-22:12:26.780] [GameUnitManagerAPI] [OnUnloadMap] Unloading
[Info   :  SHCDE-SE] [T1-22:12:26.780] [GameBuildingManagerAPI] [OnUnloadMap] Unloading
[Info   :  SHCDE-SE] [T1-22:12:26.780] [GameMetadataManagerAPI] [OnUnloadMap] Unloading metadata
[Info   :  SHCDE-SE] [T1-22:12:26.780] [GameSoundManagerAPI] [Unload] Unloading sounds
[Info   :  SHCDE-SE] [T1-22:12:26.780] [GameSoundManagerAPI] [Unload] Unloading sounds complete
[Info   :  SHCDE-SE] [T1-22:12:26.780] [GameTriggerManager] [OnUnloadMap] Unloading
[Info   :  SHCDE-SE] [T1-22:12:26.780] [GameTimeManagerAPI] [OnUnloadMap] Unloading
[Info   :  SHCDE-SE] [T1-22:12:26.780] [GameAfterImageManager] [OnUnloadMap] Unloading active effects
[Info   :  SHCDE-SE] [T1-22:12:26.780] [GameBundleManager] [OnUnloadMap] Unloading
[Info   :Active AIV Detector] [2026-09-24 22:12:26.781] Active AIV detector reset for map unload; waiting for finalized AI selections. retainedPendingLobbyMetadata=False, retainedPendingPreBuildSetting=False.
[Info   :Unit Limit] [2026-09-24 22:12:26.781] [Unit Limit] gameplay-mod gate: modGuid=UnitLimit_Serp, source=MissionEnd, kind=Unknown, launchVariant=Standard, customized=False, customizedOrigin=0, modeAllowed=False, configuredEnabled=True, effectiveEnabled=False, action=disabled-by-mode, reason=unknown-fail-closed.
[Info   :Unit Limit] [2026-09-24 22:12:26.781] [UnitLimit_Serp] gameplay-feature gate: feature=UnitLimitEnforcement, source=MissionEnd, kind=Unknown, launchVariant=Standard, realMultiplayer=False, modeAllowed=False, action=disabled-by-feature-mode, reason=unknown-fail-closed.
[Debug  :Unit Limit] [2026-09-24 22:12:26.781] UnitLimit MakeTroop GameAction hook disposed.
[Debug  :Unit Limit] [2026-09-24 22:12:26.782] UnitLimit create troop hover hooks disposed.
[Debug  :Unit Limit] [2026-09-24 22:12:26.782] UnitLimit siege build hover hooks disposed.
[Debug  :Unit Limit] [2026-09-24 22:12:26.782] UnitLimit recruitment availability UI hook disposed.
[Debug  :Unit Limit] [2026-09-24 22:12:26.782] ActiveUnitCache cleared.
[Debug  :Unit Limit] [2026-09-24 22:12:26.782] ActiveSiegeTentCache cleared.
[Warning:  SHCDE-SE] [T1-22:12:26.782] [GameNetworkAPI] [GetLocalPlayerId] Local SteamID [76561198102311542] has no assigned slot yet: returning -1
[Warning:  SHCDE-SE] [T1-22:12:26.782] [GameNetworkAPI] [GetLocalPlayerId] Local SteamID [76561198102311542] has no assigned slot yet: returning -1
[Info   :Extra Features] [2026-09-24 22:12:26.782] [Extra Features] gameplay-mod gate: modGuid=ExtraFeatures_Serp, source=MissionEnd, kind=Unknown, launchVariant=Standard, customized=False, customizedOrigin=0, modeAllowed=False, configuredEnabled=True, effectiveEnabled=False, action=disabled-by-mode, reason=unknown-fail-closed.
[Info   :Extra Features] [2026-09-24 22:12:26.782] [ExtraFeatures_Serp] gameplay-feature gate: feature=LordHealthMultipliers, source=MissionEnd, kind=Unknown, launchVariant=Standard, realMultiplayer=False, modeAllowed=False, action=disabled-by-feature-mode, reason=unknown-fail-closed.
[Info   :Extra Features] [2026-09-24 22:12:26.782] Extra Features gatehouse map state cleared: manualOnly=0.
[Debug  :Extra Features] [2026-09-24 22:12:26.782] Extra Features apothecary plague-search maximum is now 30 (Vanilla).
[Debug  :Extra Features] [2026-09-24 22:12:26.782] Extra Features gatehouse diagnostic: button visibility state: hidden: mod-disabled.
[Info   :Extra Features] [2026-09-24 22:12:26.782] Extra Features church priest counts applied: enabled=False, church2=1, church3=1.
[Debug  :Bugfixes and QoL] [2026-09-24 22:12:26.783] Post-game lobby handoff state reset: reason=mission-end.
[Debug  :Bugfixes and QoL] [2026-09-24 22:12:26.783] Reset surrender/statistics session state: reason=mission-end.
[Info   :Building Costs] [2026-09-24 22:12:26.783] [Building Costs] gameplay-mod gate: modGuid=BuildingCosts_Serp, source=MissionEnd, kind=Unknown, launchVariant=Standard, customized=False, customizedOrigin=0, modeAllowed=False, configuredEnabled=True, effectiveEnabled=False, action=disabled-by-mode, reason=unknown-fail-closed.
[Info   :Building Costs] [2026-09-24 22:12:26.783] [BuildingCosts_Serp] gameplay-feature gate: feature=BuildingCostTooltip, source=MissionEnd, kind=Unknown, launchVariant=Standard, realMultiplayer=False, modeAllowed=False, action=disabled-by-feature-mode, reason=unknown-fail-closed.
[Debug  :Building Costs] [2026-09-24 22:12:26.783] Restored default building cost materials: 0
[Info   :Building Limit] [2026-09-24 22:12:26.783] [Building Limit] gameplay-mod gate: modGuid=BuildingLimit_Serp, source=MissionEnd, kind=Unknown, launchVariant=Standard, customized=False, customizedOrigin=0, modeAllowed=False, configuredEnabled=True, effectiveEnabled=False, action=disabled-by-mode, reason=unknown-fail-closed.
[Info   :Building Limit] [2026-09-24 22:12:26.783] [BuildingLimit_Serp] gameplay-feature gate: feature=BuildingLimitEnforcement, source=MissionEnd, kind=Unknown, launchVariant=Standard, realMultiplayer=False, modeAllowed=False, action=disabled-by-feature-mode, reason=unknown-fail-closed.
[Debug  :Building Limit] [2026-09-24 22:12:26.783] ActiveBuildingCache cleared.
[Info   :CastlePlanner] [2026-09-24 22:12:26.783] [CastlePlanner] gameplay-mod gate: modGuid=CastlePlanner_Serp, source=MissionEnd, kind=Unknown, launchVariant=Standard, customized=False, customizedOrigin=0, modeAllowed=False, configuredEnabled=True, effectiveEnabled=False, action=disabled-by-mode, reason=unknown-fail-closed.
[Info   :CastlePlanner] [2026-09-24 22:12:26.783] [CastlePlanner_Serp] gameplay-feature gate: feature=CastleSpawning, source=MissionEnd, kind=Unknown, launchVariant=Standard, realMultiplayer=False, modeAllowed=False, action=disabled-by-feature-mode, reason=unknown-fail-closed.
[Info   :CastlePlanner] [2026-09-24 22:12:26.784] [CastlePlanner_Serp] gameplay-feature gate: feature=FreeCastlePreview, source=MissionEnd, kind=Unknown, launchVariant=Standard, realMultiplayer=False, modeAllowed=False, action=disabled-by-feature-mode, reason=unknown-fail-closed.
[Info   :CastlePlanner] [2026-09-24 22:12:26.784] [CastlePlanner_Serp] gameplay-feature gate: feature=CastleBlueprints, source=MissionEnd, kind=Unknown, launchVariant=Standard, realMultiplayer=False, modeAllowed=False, action=disabled-by-feature-mode, reason=unknown-fail-closed.
[Debug  :CastlePlanner] [2026-09-24 22:12:26.784] Blueprint overlay cleared for map unload.
[Debug  :CastlePlanner] [2026-09-24 22:12:26.784] OnUnloadMap(Post) received; the next new map may spawn a native AIV castle.
[Info   : Cheat Mod] [2026-09-24 22:12:26.784] [Cheat Mod] gameplay-mod gate: modGuid=CheatMod_Serp, source=MissionEnd, kind=Unknown, launchVariant=Standard, customized=False, customizedOrigin=0, modeAllowed=False, configuredEnabled=False, effectiveEnabled=False, action=disabled-by-mode, reason=unknown-fail-closed.
[Info   : Cheat Mod] [2026-09-24 22:12:26.784] [CheatMod_Serp] gameplay-feature gate: feature=EndlessExtremePowersRecharge, source=MissionEnd, kind=Unknown, launchVariant=Standard, realMultiplayer=False, modeAllowed=False, action=disabled-by-feature-mode, reason=unknown-fail-closed.
[Info   :Extreme Powers] [2026-09-24 22:12:26.788] [Extreme Powers] gameplay-mod gate: modGuid=ExtremePowers_Serp, source=MissionEnd, kind=Unknown, launchVariant=Standard, customized=False, customizedOrigin=0, modeAllowed=False, configuredEnabled=True, effectiveEnabled=False, action=disabled-by-mode, reason=unknown-fail-closed.
[Info   :Random Events] [2026-09-24 22:12:26.788] [Random Events] gameplay-mod gate: modGuid=RandomEvents_Serp, source=MissionEnd, kind=Unknown, launchVariant=Standard, customized=False, customizedOrigin=0, modeAllowed=False, configuredEnabled=True, effectiveEnabled=False, action=disabled-by-mode, reason=unknown-fail-closed.
[Info   :Random Events] [2026-09-24 22:12:26.788] [RandomEvents_Serp] gameplay-feature gate: feature=RandomEventsRuntime, source=MissionEnd, kind=Unknown, launchVariant=Standard, realMultiplayer=False, modeAllowed=False, action=disabled-by-feature-mode, reason=unknown-fail-closed.
[Info   :Unit Costs] [2026-09-24 22:12:26.788] [Unit Costs] gameplay-mod gate: modGuid=UnitCosts_Serp, source=MissionEnd, kind=Unknown, launchVariant=Standard, customized=False, customizedOrigin=0, modeAllowed=False, configuredEnabled=True, effectiveEnabled=False, action=disabled-by-mode, reason=unknown-fail-closed.
[Info   :Unit Costs] [2026-09-24 22:12:26.788] [UnitCosts_Serp] gameplay-feature gate: feature=UnitCostEnforcement, source=MissionEnd, kind=Unknown, launchVariant=Standard, realMultiplayer=False, modeAllowed=False, action=disabled-by-feature-mode, reason=unknown-fail-closed.
[Debug  :Unit Costs] [2026-09-24 22:12:26.788] Restored vanilla unit cost values: 32
[Debug  :Unit Costs] [2026-09-24 22:12:26.788] UnitCosts MakeTroop GameAction hook disposed.
[Debug  :Unit Costs] [2026-09-24 22:12:26.788] UnitCosts create troop hover hooks disposed.
[Debug  :Unit Costs] [2026-09-24 22:12:26.788] UnitCosts siege build hover hooks disposed.
[Debug  :Unit Costs] [2026-09-24 22:12:26.789] UnitCosts recruitment availability UI hook disposed.
[Info   :  SHCDE-SE] [T1-22:12:26.891] [BulkMapLoaderDetours] [c_game_unload_map_hook_impl] pTileManager=00007FFAAE2DEDB0, preventNotification=False
[Info   :  SHCDE-SE] [T1-22:12:26.891] [GameMapArchiveManagerAPI] [OnUnloadMap] Unloading archive
[Info   :  SHCDE-SE] [T1-22:12:26.891] [GameMapArchiveManagerAPI] [RemoveActiveArchive] Attempting to remove active archive
[Info   :  SHCDE-SE] [T1-22:12:26.891] [LuaManager] [OnUnloadMap] Attempting to unload lua state due to event, phase: Pre
[Info   :  SHCDE-SE] [T1-22:12:26.891] [LuaManager] [TryUnload] Attempting to unload lua state
[Warning:  SHCDE-SE] [T1-22:12:26.891] [LuaManager] [TryUnload] Lua state already unloaded!
[Info   :  SHCDE-SE] [T1-22:12:26.891] [DeterministicRandom] [OnUnloadMap] uninitializing shared state.
[Info   :  SHCDE-SE] [T1-22:12:26.891] [GamePlayerManagerAPI] [OnUnloadMap] Unloading
[Info   :  SHCDE-SE] [T1-22:12:26.891] [GameUnitManagerAPI] [OnUnloadMap] Unloading
[Info   :  SHCDE-SE] [T1-22:12:26.891] [GameBuildingManagerAPI] [OnUnloadMap] Unloading
[Info   :  SHCDE-SE] [T1-22:12:26.891] [GameMetadataManagerAPI] [OnUnloadMap] Unloading metadata
[Info   :  SHCDE-SE] [T1-22:12:26.891] [GameSoundManagerAPI] [Unload] Unloading sounds
[Info   :  SHCDE-SE] [T1-22:12:26.891] [GameSoundManagerAPI] [Unload] Unloading sounds complete
[Info   :  SHCDE-SE] [T1-22:12:26.891] [GameTriggerManager] [OnUnloadMap] Unloading
[Info   :  SHCDE-SE] [T1-22:12:26.891] [GameTimeManagerAPI] [OnUnloadMap] Unloading
[Info   :  SHCDE-SE] [T1-22:12:26.891] [GameAfterImageManager] [OnUnloadMap] Unloading active effects
[Info   :  SHCDE-SE] [T1-22:12:26.891] [GameBundleManager] [OnUnloadMap] Unloading
[Info   :  SHCDE-SE] [T1-22:12:26.908] [GameMapArchiveManagerAPI] [OnUnloadMap] Unloading archive
[Info   :  SHCDE-SE] [T1-22:12:26.908] [GameMapArchiveManagerAPI] [RemoveActiveArchive] Attempting to remove active archive
[Info   :  SHCDE-SE] [T1-22:12:26.908] [DeterministicRandom] [OnUnloadMap] uninitializing shared state.
[Info   :  SHCDE-SE] [T1-22:12:26.908] [GamePlayerManagerAPI] [OnUnloadMap] Unloading
[Info   :  SHCDE-SE] [T1-22:12:26.908] [GameUnitManagerAPI] [OnUnloadMap] Unloading
[Info   :  SHCDE-SE] [T1-22:12:26.908] [GameBuildingManagerAPI] [OnUnloadMap] Unloading
[Info   :  SHCDE-SE] [T1-22:12:26.908] [GameMetadataManagerAPI] [OnUnloadMap] Unloading metadata
[Info   :  SHCDE-SE] [T1-22:12:26.908] [GameSoundManagerAPI] [Unload] Unloading sounds
[Info   :  SHCDE-SE] [T1-22:12:26.908] [GameSoundManagerAPI] [Unload] Unloading sounds complete
[Info   :  SHCDE-SE] [T1-22:12:26.908] [GameTriggerManager] [OnUnloadMap] Unloading
[Info   :  SHCDE-SE] [T1-22:12:26.908] [GameTimeManagerAPI] [OnUnloadMap] Unloading
[Info   :  SHCDE-SE] [T1-22:12:26.908] [GameAfterImageManager] [OnUnloadMap] Unloading active effects
[Info   :  SHCDE-SE] [T1-22:12:26.908] [GameBundleManager] [OnUnloadMap] Unloading
[Info   :  SHCDE-SE] [T1-22:12:26.915] [BulkMapLoaderDetours] [c_game_unload_map_hook_impl] pTileManager=00007FFAAE2DEDB0, preventNotification=False
[Info   :  SHCDE-SE] [T1-22:12:26.915] [GameMapArchiveManagerAPI] [OnUnloadMap] Unloading archive
[Info   :  SHCDE-SE] [T1-22:12:26.915] [GameMapArchiveManagerAPI] [RemoveActiveArchive] Attempting to remove active archive
[Info   :  SHCDE-SE] [T1-22:12:26.915] [LuaManager] [OnUnloadMap] Attempting to unload lua state due to event, phase: Pre
[Info   :  SHCDE-SE] [T1-22:12:26.915] [LuaManager] [TryUnload] Attempting to unload lua state
[Warning:  SHCDE-SE] [T1-22:12:26.915] [LuaManager] [TryUnload] Lua state already unloaded!
[Info   :  SHCDE-SE] [T1-22:12:26.915] [DeterministicRandom] [OnUnloadMap] uninitializing shared state.
[Info   :  SHCDE-SE] [T1-22:12:26.915] [GamePlayerManagerAPI] [OnUnloadMap] Unloading
[Info   :  SHCDE-SE] [T1-22:12:26.915] [GameUnitManagerAPI] [OnUnloadMap] Unloading
[Info   :  SHCDE-SE] [T1-22:12:26.915] [GameBuildingManagerAPI] [OnUnloadMap] Unloading
[Info   :  SHCDE-SE] [T1-22:12:26.915] [GameMetadataManagerAPI] [OnUnloadMap] Unloading metadata
[Info   :  SHCDE-SE] [T1-22:12:26.915] [GameSoundManagerAPI] [Unload] Unloading sounds
[Info   :  SHCDE-SE] [T1-22:12:26.915] [GameSoundManagerAPI] [Unload] Unloading sounds complete
[Info   :  SHCDE-SE] [T1-22:12:26.915] [GameTriggerManager] [OnUnloadMap] Unloading
[Info   :  SHCDE-SE] [T1-22:12:26.915] [GameTimeManagerAPI] [OnUnloadMap] Unloading
[Info   :  SHCDE-SE] [T1-22:12:26.915] [GameAfterImageManager] [OnUnloadMap] Unloading active effects
[Info   :  SHCDE-SE] [T1-22:12:26.915] [GameBundleManager] [OnUnloadMap] Unloading
[Info   :  SHCDE-SE] [T1-22:12:26.932] [GameMapArchiveManagerAPI] [OnUnloadMap] Unloading archive
[Info   :  SHCDE-SE] [T1-22:12:26.932] [GameMapArchiveManagerAPI] [RemoveActiveArchive] Attempting to remove active archive
[Info   :  SHCDE-SE] [T1-22:12:26.932] [DeterministicRandom] [OnUnloadMap] uninitializing shared state.
[Info   :  SHCDE-SE] [T1-22:12:26.932] [GamePlayerManagerAPI] [OnUnloadMap] Unloading
[Info   :  SHCDE-SE] [T1-22:12:26.932] [GameUnitManagerAPI] [OnUnloadMap] Unloading
[Info   :  SHCDE-SE] [T1-22:12:26.932] [GameBuildingManagerAPI] [OnUnloadMap] Unloading
[Info   :  SHCDE-SE] [T1-22:12:26.932] [GameMetadataManagerAPI] [OnUnloadMap] Unloading metadata
[Info   :  SHCDE-SE] [T1-22:12:26.932] [GameSoundManagerAPI] [Unload] Unloading sounds
[Info   :  SHCDE-SE] [T1-22:12:26.932] [GameSoundManagerAPI] [Unload] Unloading sounds complete
[Info   :  SHCDE-SE] [T1-22:12:26.932] [GameTriggerManager] [OnUnloadMap] Unloading
[Info   :  SHCDE-SE] [T1-22:12:26.932] [GameTimeManagerAPI] [OnUnloadMap] Unloading
[Info   :  SHCDE-SE] [T1-22:12:26.932] [GameAfterImageManager] [OnUnloadMap] Unloading active effects
[Info   :  SHCDE-SE] [T1-22:12:26.932] [GameBundleManager] [OnUnloadMap] Unloading
[Info   :AIV Lobby Preset Test] Preset Prepare entered; config=E:\ProgrammeE\Steam\steamapps\common\Stronghold Crusader Definitive Edition\BepInEx\config\AivLobbyPresetTest.json, lobby=True
[Info   :AIV Lobby Preset Test] Test series run 3/4: DL-reverse-off, Completed Castles=0
[Info   :AIV Lobby Preset Test] Validated lobby preset: test AI overbuild eachother.map, players=5, mapSha256=D63CD2FF3AEABA80BC3BC173BB615207666F1EAF759ECAC573FAD0DA61979DF3
[Info   :  SHCDE-SE] [T1-22:12:26.979] [MapArchive] [.ctor] Reading ZIP data from offset: 00359DCA
[Info   :  SHCDE-SE] [T1-22:12:26.986] [MapArchive] [.ctor] Reading ZIP data from offset: 00359DCA
[Warning:  SHCDE-SE] [T1-22:12:26.986] [MapArchive] [TryLoad] No info.json found: C:\Users\Serpens66\AppData\LocalLow\Firefly Studios\Stronghold Crusader Definitive Edition\Maps\test AI overbuild eachother.map
[Info   :  SHCDE-SE] [T1-22:12:26.990] [MapArchive] [.ctor] Reading ZIP data from offset: 00359DCA
[Warning:  SHCDE-SE] [T1-22:12:26.990] [MapArchive] [TryLoad] No info.json found: C:\Users\Serpens66\AppData\LocalLow\Firefly Studios\Stronghold Crusader Definitive Edition\Maps\test AI overbuild eachother.map
[Info   :CastlePlanner] [2026-09-24 22:12:26.996] AIV lobby placement result: generation=5, playerId=2, preBuild=1, status=Complete, evaluableCandidates=1/1, selectedCandidate=0, rotation=Degrees270, possibleCandidates=0, possibleRotations=Degrees270, reason=None: .
[Info   :CastlePlanner] [2026-09-24 22:12:26.996] AIV lobby placement result: generation=5, playerId=3, preBuild=1, status=NotEvaluable, evaluableCandidates=0/0, selectedCandidate=none, rotation=unknown, possibleCandidates=unproven, possibleRotations=unproven, reason=RequestNotReady: PreBuildSequenceUnsupported.
[Info   :CastlePlanner] [2026-09-24 22:12:26.996] AIV lobby placement result: generation=5, playerId=4, preBuild=1, status=NotEvaluable, evaluableCandidates=0/0, selectedCandidate=none, rotation=unknown, possibleCandidates=unproven, possibleRotations=unproven, reason=RequestNotReady: PreBuildSequenceUnsupported.
[Info   :CastlePlanner] [2026-09-24 22:12:26.996] AIV lobby placement result: generation=5, playerId=5, preBuild=1, status=NotEvaluable, evaluableCandidates=0/0, selectedCandidate=none, rotation=unknown, possibleCandidates=unproven, possibleRotations=unproven, reason=RequestNotReady: PreBuildSequenceUnsupported.
[Info   :AIV Lobby Preset Test] Lobby observed: skirmish=True, host=True, visible=True, panelActive=True, managedViewNull=False, noesisViewNull=False
[Info   :AIV Lobby Preset Test] Lobby bridge before Tick: assembly=E:\ProgrammeE\Steam\steamapps\common\Stronghold Crusader Definitive Edition\BepInEx\plugins\APIShared_Serp\APIShared.dll, owner=AivLobbyPresetTest_Serp, callback=AivLobbyPresetTest.AivLobbyPresetTestPlugin, sameLobby=True, prepared=False, active=True, applyAttempted=False
[Info   :AIV Lobby Preset Test] Preset Prepare entered; config=E:\ProgrammeE\Steam\steamapps\common\Stronghold Crusader Definitive Edition\BepInEx\config\AivLobbyPresetTest.json, lobby=True
[Info   :AIV Lobby Preset Test] Test series run 3/4: DL-reverse-off, Completed Castles=0
[Info   :AIV Lobby Preset Test] Validated lobby preset: test AI overbuild eachother.map, players=5, mapSha256=D63CD2FF3AEABA80BC3BC173BB615207666F1EAF759ECAC573FAD0DA61979DF3
[Info   :AIV Lobby Preset Test] Preset Apply entered; map=C:\Users\Serpens66\AppData\LocalLow\Firefly Studios\Stronghold Crusader Definitive Edition\Maps\test AI overbuild eachother.map, players=5
[Info   :AIV Lobby Preset Test] Preset player=1 lord=human keepSlot=4 keep=458,351
[Info   :AIV Lobby Preset Test] Preset player=2 lord=3 keepSlot=3 keep=278,395 AIVs=Default 8 rotation=auto aivDataSha256=7EE4519EAFBC46C7C1954F2941BC6F1C72BCC8E26853476BA053A8D168BB7110
[Info   :AIV Lobby Preset Test] Preset player=3 lord=17 keepSlot=0 keep=237,397 AIVs=Default 2 rotation=auto aivDataSha256=4F99F5AC0340057147C05E8F22E11341FF7429BF6671EAFB54D45865523F5D5C
[Info   :AIV Lobby Preset Test] Preset player=4 lord=12 keepSlot=1 keep=254,379 AIVs=Default 6 rotation=auto aivDataSha256=F1D404B8018A15FA56F7ED340D54FFC544CBC507589C2DD757D4E6C00CE64158
[Info   :AIV Lobby Preset Test] Preset player=5 lord=14 keepSlot=2 keep=258,417 AIVs=Default 7 rotation=auto aivDataSha256=DE54F8D2382B33263BBF3F8E8C6E1C9D64DFFEE9AEFC4F49F622557084BD8D1D
[Info   :AIV Lobby Preset Test] Test series preset applied: DL-reverse-off, Completed Castles=0.
[Info   :AIV Lobby Preset Test] Lobby bridge after Tick: assembly=E:\ProgrammeE\Steam\steamapps\common\Stronghold Crusader Definitive Edition\BepInEx\plugins\APIShared_Serp\APIShared.dll, owner=AivLobbyPresetTest_Serp, callback=AivLobbyPresetTest.AivLobbyPresetTestPlugin, sameLobby=True, prepared=True, active=True, applyAttempted=True
[Info   :CastlePlanner] [2026-09-24 22:12:27.129] AIV lobby placement result: generation=6, playerId=2, preBuild=0, status=Complete, evaluableCandidates=1/1, selectedCandidate=0, rotation=Degrees270, possibleCandidates=0, possibleRotations=Degrees270, reason=None: .
[Info   :CastlePlanner] [2026-09-24 22:12:27.129] AIV lobby placement result: generation=6, playerId=3, preBuild=0, status=NotEvaluable, evaluableCandidates=0/1, selectedCandidate=none, rotation=unknown, possibleCandidates=unproven, possibleRotations=unproven, reason=PriorAiSelectionUnknown: A possible earlier start cannot be proven (StartOverlapUnproven: An earlier AI start may clear a connected building record whose fit-layer effects are not reconstructed.)..
[Info   :CastlePlanner] [2026-09-24 22:12:27.129] AIV lobby placement result: generation=6, playerId=4, preBuild=0, status=NotEvaluable, evaluableCandidates=0/0, selectedCandidate=none, rotation=unknown, possibleCandidates=unproven, possibleRotations=unproven, reason=PriorAiSelectionUnknown: Earlier AI player 3 has no proven start state (StartOverlapUnproven: a possible candidate, rotation or start marker is not proven)..
[Info   :CastlePlanner] [2026-09-24 22:12:27.129] AIV lobby placement result: generation=6, playerId=5, preBuild=0, status=NotEvaluable, evaluableCandidates=0/0, selectedCandidate=none, rotation=unknown, possibleCandidates=unproven, possibleRotations=unproven, reason=PriorAiSelectionUnknown: Earlier AI player 3 has no proven start state (StartOverlapUnproven: a possible candidate, rotation or start marker is not proven)..
[Info   :Active AIV Detector] [2026-09-24 22:12:30.471] Captured skirmish option before StartSkirmishGame: advopt_pre_build=0, mode=disabled.
[Info   :Active AIV Detector] [2026-09-24 22:12:30.471] Captured lord/AIV metadata for 4 AI lobby slots before StartSkirmishGame.
[Info   :  SHCDE-SE] [T1-22:12:30.499] [BulkMapLoaderDetours] [c_game_unload_map_hook_impl] pTileManager=00007FFAAE2DEDB0, preventNotification=False
[Info   :  SHCDE-SE] [T1-22:12:30.499] [GameMapArchiveManagerAPI] [OnUnloadMap] Unloading archive
[Info   :  SHCDE-SE] [T1-22:12:30.499] [GameMapArchiveManagerAPI] [RemoveActiveArchive] Attempting to remove active archive
[Info   :  SHCDE-SE] [T1-22:12:30.499] [LuaManager] [OnUnloadMap] Attempting to unload lua state due to event, phase: Pre
[Info   :  SHCDE-SE] [T1-22:12:30.499] [LuaManager] [TryUnload] Attempting to unload lua state
[Warning:  SHCDE-SE] [T1-22:12:30.499] [LuaManager] [TryUnload] Lua state already unloaded!
[Info   :  SHCDE-SE] [T1-22:12:30.500] [DeterministicRandom] [OnUnloadMap] uninitializing shared state.
[Info   :  SHCDE-SE] [T1-22:12:30.500] [GamePlayerManagerAPI] [OnUnloadMap] Unloading
[Info   :  SHCDE-SE] [T1-22:12:30.500] [GameUnitManagerAPI] [OnUnloadMap] Unloading
[Info   :  SHCDE-SE] [T1-22:12:30.500] [GameBuildingManagerAPI] [OnUnloadMap] Unloading
[Info   :  SHCDE-SE] [T1-22:12:30.500] [GameMetadataManagerAPI] [OnUnloadMap] Unloading metadata
[Info   :  SHCDE-SE] [T1-22:12:30.500] [GameSoundManagerAPI] [Unload] Unloading sounds
[Info   :  SHCDE-SE] [T1-22:12:30.500] [GameSoundManagerAPI] [Unload] Unloading sounds complete
[Info   :  SHCDE-SE] [T1-22:12:30.500] [GameTriggerManager] [OnUnloadMap] Unloading
[Info   :  SHCDE-SE] [T1-22:12:30.500] [GameTimeManagerAPI] [OnUnloadMap] Unloading
[Info   :  SHCDE-SE] [T1-22:12:30.500] [GameAfterImageManager] [OnUnloadMap] Unloading active effects
[Info   :  SHCDE-SE] [T1-22:12:30.500] [GameBundleManager] [OnUnloadMap] Unloading
[Info   :  SHCDE-SE] [T1-22:12:30.516] [GameMapArchiveManagerAPI] [OnUnloadMap] Unloading archive
[Info   :  SHCDE-SE] [T1-22:12:30.516] [GameMapArchiveManagerAPI] [RemoveActiveArchive] Attempting to remove active archive
[Info   :  SHCDE-SE] [T1-22:12:30.516] [DeterministicRandom] [OnUnloadMap] uninitializing shared state.
[Info   :  SHCDE-SE] [T1-22:12:30.516] [GamePlayerManagerAPI] [OnUnloadMap] Unloading
[Info   :  SHCDE-SE] [T1-22:12:30.516] [GameUnitManagerAPI] [OnUnloadMap] Unloading
[Info   :  SHCDE-SE] [T1-22:12:30.516] [GameBuildingManagerAPI] [OnUnloadMap] Unloading
[Info   :  SHCDE-SE] [T1-22:12:30.516] [GameMetadataManagerAPI] [OnUnloadMap] Unloading metadata
[Info   :  SHCDE-SE] [T1-22:12:30.516] [GameSoundManagerAPI] [Unload] Unloading sounds
[Info   :  SHCDE-SE] [T1-22:12:30.516] [GameSoundManagerAPI] [Unload] Unloading sounds complete
[Info   :  SHCDE-SE] [T1-22:12:30.516] [GameTriggerManager] [OnUnloadMap] Unloading
[Info   :  SHCDE-SE] [T1-22:12:30.516] [GameTimeManagerAPI] [OnUnloadMap] Unloading
[Info   :  SHCDE-SE] [T1-22:12:30.516] [GameAfterImageManager] [OnUnloadMap] Unloading active effects
[Info   :  SHCDE-SE] [T1-22:12:30.516] [GameBundleManager] [OnUnloadMap] Unloading
[Info   :  SHCDE-SE] [T1-22:12:30.523] [BulkMapLoaderDetours] [c_game_unload_map_hook_impl] pTileManager=00007FFAAE2DEDB0, preventNotification=False
[Info   :  SHCDE-SE] [T1-22:12:30.523] [GameMapArchiveManagerAPI] [OnUnloadMap] Unloading archive
[Info   :  SHCDE-SE] [T1-22:12:30.523] [GameMapArchiveManagerAPI] [RemoveActiveArchive] Attempting to remove active archive
[Info   :  SHCDE-SE] [T1-22:12:30.523] [LuaManager] [OnUnloadMap] Attempting to unload lua state due to event, phase: Pre
[Info   :  SHCDE-SE] [T1-22:12:30.523] [LuaManager] [TryUnload] Attempting to unload lua state
[Warning:  SHCDE-SE] [T1-22:12:30.523] [LuaManager] [TryUnload] Lua state already unloaded!
[Info   :  SHCDE-SE] [T1-22:12:30.523] [DeterministicRandom] [OnUnloadMap] uninitializing shared state.
[Info   :  SHCDE-SE] [T1-22:12:30.523] [GamePlayerManagerAPI] [OnUnloadMap] Unloading
[Info   :  SHCDE-SE] [T1-22:12:30.523] [GameUnitManagerAPI] [OnUnloadMap] Unloading
[Info   :  SHCDE-SE] [T1-22:12:30.523] [GameBuildingManagerAPI] [OnUnloadMap] Unloading
[Info   :  SHCDE-SE] [T1-22:12:30.523] [GameMetadataManagerAPI] [OnUnloadMap] Unloading metadata
[Info   :  SHCDE-SE] [T1-22:12:30.523] [GameSoundManagerAPI] [Unload] Unloading sounds
[Info   :  SHCDE-SE] [T1-22:12:30.523] [GameSoundManagerAPI] [Unload] Unloading sounds complete
[Info   :  SHCDE-SE] [T1-22:12:30.523] [GameTriggerManager] [OnUnloadMap] Unloading
[Info   :  SHCDE-SE] [T1-22:12:30.523] [GameTimeManagerAPI] [OnUnloadMap] Unloading
[Info   :  SHCDE-SE] [T1-22:12:30.523] [GameAfterImageManager] [OnUnloadMap] Unloading active effects
[Info   :  SHCDE-SE] [T1-22:12:30.523] [GameBundleManager] [OnUnloadMap] Unloading
[Info   :  SHCDE-SE] [T1-22:12:30.539] [GameMapArchiveManagerAPI] [OnUnloadMap] Unloading archive
[Info   :  SHCDE-SE] [T1-22:12:30.539] [GameMapArchiveManagerAPI] [RemoveActiveArchive] Attempting to remove active archive
[Info   :  SHCDE-SE] [T1-22:12:30.539] [DeterministicRandom] [OnUnloadMap] uninitializing shared state.
[Info   :  SHCDE-SE] [T1-22:12:30.539] [GamePlayerManagerAPI] [OnUnloadMap] Unloading
[Info   :  SHCDE-SE] [T1-22:12:30.539] [GameUnitManagerAPI] [OnUnloadMap] Unloading
[Info   :  SHCDE-SE] [T1-22:12:30.539] [GameBuildingManagerAPI] [OnUnloadMap] Unloading
[Info   :  SHCDE-SE] [T1-22:12:30.539] [GameMetadataManagerAPI] [OnUnloadMap] Unloading metadata
[Info   :  SHCDE-SE] [T1-22:12:30.539] [GameSoundManagerAPI] [Unload] Unloading sounds
[Info   :  SHCDE-SE] [T1-22:12:30.539] [GameSoundManagerAPI] [Unload] Unloading sounds complete
[Info   :  SHCDE-SE] [T1-22:12:30.539] [GameTriggerManager] [OnUnloadMap] Unloading
[Info   :  SHCDE-SE] [T1-22:12:30.539] [GameTimeManagerAPI] [OnUnloadMap] Unloading
[Info   :  SHCDE-SE] [T1-22:12:30.539] [GameAfterImageManager] [OnUnloadMap] Unloading active effects
[Info   :  SHCDE-SE] [T1-22:12:30.539] [GameBundleManager] [OnUnloadMap] Unloading
[Info   :  SHCDE-SE] [T1-22:12:30.539] [BulkAIDetours] [c_game_dll_importaiv_hook_impl] Loaded AIV bank=-1, variant=-1, elementCount=0, isCustom=0
[Info   :  SHCDE-SE] [T1-22:12:30.539] [BulkAIDetours] [c_game_dll_importaiv_hook_impl] Loaded AIV bank=1, variant=0, elementCount=1562, isCustom=1
[Info   :  SHCDE-SE] [T1-22:12:30.539] [BulkAIDetours] [c_game_dll_importaiv_hook_impl] Loaded AIV bank=2, variant=0, elementCount=1409, isCustom=1
[Info   :  SHCDE-SE] [T1-22:12:30.539] [BulkAIDetours] [c_game_dll_importaiv_hook_impl] Loaded AIV bank=3, variant=0, elementCount=1678, isCustom=1
[Info   :  SHCDE-SE] [T1-22:12:30.539] [BulkAIDetours] [c_game_dll_importaiv_hook_impl] Loaded AIV bank=4, variant=0, elementCount=651, isCustom=1
[Info   : APIShared] [2026-09-24 22:12:30.540] MissionInitialization: session=3, source=NewGame, mode=CustomGame, phase=BeforeLoad, reason=None, started=False, replay=False.
[Info   :Active AIV Detector] [2026-09-24 22:12:30.540] Active AIV detector reset for map load; waiting for finalized AI selections. retainedPendingLobbyMetadata=True, retainedPendingPreBuildSetting=True.
[Info   :Unit Limit] [2026-09-24 22:12:30.593] [Unit Limit] gameplay-mod gate: modGuid=UnitLimit_Serp, source=MissionInitialization(BeforeLoad, session=3), kind=CustomGame, launchVariant=Standard, customized=False, customizedOrigin=0, modeAllowed=True, configuredEnabled=True, effectiveEnabled=True, action=enabled, reason=custom-game.
[Info   :Unit Limit] [2026-09-24 22:12:30.593] [UnitLimit_Serp] gameplay-feature gate: feature=UnitLimitEnforcement, source=MissionInitialization(BeforeLoad, session=3), kind=CustomGame, launchVariant=Standard, realMultiplayer=False, modeAllowed=True, action=enabled, reason=feature-context-allowed.
[Debug  :Unit Limit] [2026-09-24 22:12:30.593] Subscribing unit limit runtime hooks
[Debug  :Unit Limit] [2026-09-24 22:12:30.594] ActiveUnitCache hooks subscribed.
[Debug  :Unit Limit] [2026-09-24 22:12:30.594] ActiveSiegeTentCache hooks subscribed.
[Debug  :Unit Limit] [2026-09-24 22:12:30.595] UnitLimit MakeTroop GameAction hook installed.
[Debug  :Unit Limit] [2026-09-24 22:12:30.597] UnitLimit create troop hover hooks installed.
[Debug  :Unit Limit] [2026-09-24 22:12:30.597] UnitLimit recruitment availability UI hook installed.
[Debug  :Unit Limit] [2026-09-24 22:12:30.599] UnitLimit siege build hover hooks installed.
[Debug  :Unit Limit] [2026-09-24 22:12:30.599] Unit limit runtime hooks subscribed
[Debug  :Unit Limit] [2026-09-24 22:12:30.599] Applied active unit limit rules: 32
[Info   :Extra Features] [2026-09-24 22:12:30.599] [Extra Features] gameplay-mod gate: modGuid=ExtraFeatures_Serp, source=MissionInitialization(BeforeLoad, session=3), kind=CustomGame, launchVariant=Standard, customized=False, customizedOrigin=0, modeAllowed=True, configuredEnabled=True, effectiveEnabled=True, action=enabled, reason=custom-game.
[Info   :Extra Features] [2026-09-24 22:12:30.599] [ExtraFeatures_Serp] gameplay-feature gate: feature=LordHealthMultipliers, source=MissionInitialization(BeforeLoad, session=3), kind=CustomGame, launchVariant=Standard, realMultiplayer=False, modeAllowed=True, action=enabled, reason=feature-context-allowed.
[Debug  :Extra Features] [2026-09-24 22:12:30.599] Extra Features apothecary plague-search maximum is now 50 (configured).
[Debug  :Extra Features] [2026-09-24 22:12:30.599] Extra Features feature hooks reconciled.
[Info   :Extra Features] [2026-09-24 22:12:30.599] Extra Features church priest counts applied: enabled=True, church2=2, church3=3.
[Debug  :Extra Features] [2026-09-24 22:12:30.599] Extra Features gatehouse diagnostic: button visibility state: hidden: map-inactive, editor=False.
[Info   :Building Costs] [2026-09-24 22:12:30.599] [Building Costs] gameplay-mod gate: modGuid=BuildingCosts_Serp, source=MissionInitialization(BeforeLoad, session=3), kind=CustomGame, launchVariant=Standard, customized=False, customizedOrigin=0, modeAllowed=True, configuredEnabled=True, effectiveEnabled=True, action=enabled, reason=custom-game.
[Info   :Building Costs] [2026-09-24 22:12:30.599] [BuildingCosts_Serp] gameplay-feature gate: feature=BuildingCostTooltip, source=MissionInitialization(BeforeLoad, session=3), kind=CustomGame, launchVariant=Standard, realMultiplayer=False, modeAllowed=True, action=enabled, reason=feature-context-allowed.
[Debug  :Building Costs] [2026-09-24 22:12:30.601] HUD_Main.UpdateRollover hook installed
[Debug  :Building Costs] [2026-09-24 22:12:30.601] Building cost runtime hooks subscribed
[Debug  :Building Costs] [2026-09-24 22:12:30.603] Applied building cost materials: 0
[Info   :Building Limit] [2026-09-24 22:12:30.603] [Building Limit] gameplay-mod gate: modGuid=BuildingLimit_Serp, source=MissionInitialization(BeforeLoad, session=3), kind=CustomGame, launchVariant=Standard, customized=False, customizedOrigin=0, modeAllowed=True, configuredEnabled=True, effectiveEnabled=True, action=enabled, reason=custom-game.
[Info   :Building Limit] [2026-09-24 22:12:30.603] [BuildingLimit_Serp] gameplay-feature gate: feature=BuildingLimitEnforcement, source=MissionInitialization(BeforeLoad, session=3), kind=CustomGame, launchVariant=Standard, realMultiplayer=False, modeAllowed=True, action=enabled, reason=feature-context-allowed.
[Debug  :Building Limit] [2026-09-24 22:12:30.603] Subscribing building limit runtime hooks
[Debug  :Building Limit] [2026-09-24 22:12:30.603] ActiveBuildingCache hooks subscribed.
[Debug  :Building Limit] [2026-09-24 22:12:30.603] HUD_Main.UpdateRollover building limit hook installed
[Debug  :Building Limit] [2026-09-24 22:12:30.603] Building limit runtime hooks subscribed
[Debug  :Building Limit] [2026-09-24 22:12:30.604] Applied active building limit rules: 93
[Info   :CastlePlanner] [2026-09-24 22:12:30.604] [CastlePlanner] gameplay-mod gate: modGuid=CastlePlanner_Serp, source=MissionInitialization(BeforeLoad, session=3), kind=CustomGame, launchVariant=Standard, customized=False, customizedOrigin=0, modeAllowed=True, configuredEnabled=True, effectiveEnabled=True, action=enabled, reason=custom-game.
[Info   :CastlePlanner] [2026-09-24 22:12:30.604] [CastlePlanner_Serp] gameplay-feature gate: feature=CastleSpawning, source=MissionInitialization(BeforeLoad, session=3), kind=CustomGame, launchVariant=Standard, realMultiplayer=False, modeAllowed=True, action=enabled, reason=feature-context-allowed.
[Info   :CastlePlanner] [2026-09-24 22:12:30.604] [CastlePlanner_Serp] gameplay-feature gate: feature=FreeCastlePreview, source=MissionInitialization(BeforeLoad, session=3), kind=CustomGame, launchVariant=Standard, realMultiplayer=False, modeAllowed=True, action=enabled, reason=feature-context-allowed.
[Info   :CastlePlanner] [2026-09-24 22:12:30.604] [CastlePlanner_Serp] gameplay-feature gate: feature=CastleBlueprints, source=MissionInitialization(BeforeLoad, session=3), kind=CustomGame, launchVariant=Standard, realMultiplayer=False, modeAllowed=True, action=enabled, reason=feature-context-allowed.
[Info   : Cheat Mod] [2026-09-24 22:12:30.604] [Cheat Mod] gameplay-mod gate: modGuid=CheatMod_Serp, source=MissionInitialization(BeforeLoad, session=3), kind=CustomGame, launchVariant=Standard, customized=False, customizedOrigin=0, modeAllowed=True, configuredEnabled=False, effectiveEnabled=False, action=restriction-lifted-setting-disabled, reason=custom-game.
[Info   : Cheat Mod] [2026-09-24 22:12:30.604] [CheatMod_Serp] gameplay-feature gate: feature=EndlessExtremePowersRecharge, source=MissionInitialization(BeforeLoad, session=3), kind=CustomGame, launchVariant=Standard, realMultiplayer=False, modeAllowed=True, action=enabled, reason=feature-context-allowed.
[Info   :Extreme Powers] [2026-09-24 22:12:30.604] [Extreme Powers] gameplay-mod gate: modGuid=ExtremePowers_Serp, source=MissionInitialization(BeforeLoad, session=3), kind=CustomGame, launchVariant=Standard, customized=False, customizedOrigin=0, modeAllowed=True, configuredEnabled=True, effectiveEnabled=True, action=enabled, reason=custom-game.
[Info   :Random Events] [2026-09-24 22:12:30.604] [Random Events] gameplay-mod gate: modGuid=RandomEvents_Serp, source=MissionInitialization(BeforeLoad, session=3), kind=CustomGame, launchVariant=Standard, customized=False, customizedOrigin=0, modeAllowed=True, configuredEnabled=True, effectiveEnabled=True, action=enabled, reason=custom-game.
[Info   :Random Events] [2026-09-24 22:12:30.604] [RandomEvents_Serp] gameplay-feature gate: feature=RandomEventsRuntime, source=MissionInitialization(BeforeLoad, session=3), kind=CustomGame, launchVariant=Standard, realMultiplayer=False, modeAllowed=True, action=enabled, reason=feature-context-allowed.
[Info   :Unit Costs] [2026-09-24 22:12:30.604] [Unit Costs] gameplay-mod gate: modGuid=UnitCosts_Serp, source=MissionInitialization(BeforeLoad, session=3), kind=CustomGame, launchVariant=Standard, customized=False, customizedOrigin=0, modeAllowed=True, configuredEnabled=True, effectiveEnabled=True, action=enabled, reason=custom-game.
[Info   :Unit Costs] [2026-09-24 22:12:30.604] [UnitCosts_Serp] gameplay-feature gate: feature=UnitCostEnforcement, source=MissionInitialization(BeforeLoad, session=3), kind=CustomGame, launchVariant=Standard, realMultiplayer=False, modeAllowed=True, action=enabled, reason=feature-context-allowed.
[Debug  :Unit Costs] [2026-09-24 22:12:30.604] UnitCosts MakeTroop GameAction hook installed.
[Debug  :Unit Costs] [2026-09-24 22:12:30.605] UnitCosts create troop hover hooks installed.
[Debug  :Unit Costs] [2026-09-24 22:12:30.606] UnitCosts siege build hover hooks installed.
[Debug  :Unit Costs] [2026-09-24 22:12:30.607] UnitCosts recruitment availability UI hook installed.
[Debug  :Unit Costs] [2026-09-24 22:12:30.607] UnitCosts runtime hooks subscribed
[Debug  :Unit Costs] [2026-09-24 22:12:30.607] Applied unit cost values: 0
[Debug  :Unit Costs] [2026-09-24 22:12:30.608] Applied human extra unit cost rows: 0
[Info   :  SHCDE-SE] [T1-22:12:30.608] [BulkMapLoaderDetours] [c_game_dll_loadmaptoplay_hook_impl] campaignMapID=4294967295, safeFileName=C:\Users\Serpens66\AppData\LocalLow\Firefly Studios\Stronghold Crusader Definitive Edition\Maps\test AI overbuild eachother.map, length=254, retData=000001E2E7F6F620, dummy=0, safeMapName=test AI overbuild eachother.map, maplength=62, multiplayerSave=0, trailType=-1, trailID=0, allow_classic_bedouins=0
[Info   :  SHCDE-SE] [T1-22:12:30.608] [GameMapArchiveManagerAPI] [OnLoadMap] Loading archive from map file
[Info   :  SHCDE-SE] [T1-22:12:30.608] [GameMapArchiveManagerAPI] [LoadMapArchive] Loading archive: [C:\Users\Serpens66\AppData\LocalLow\Firefly Studios\Stronghold Crusader Definitive Edition\Maps\test AI overbuild eachother.map]
[Info   :  SHCDE-SE] [T1-22:12:30.612] [MapArchive] [.ctor] Reading ZIP data from offset: 00359DCA
[Warning:  SHCDE-SE] [T1-22:12:30.612] [MapArchive] [TryLoad] No info.json found: C:\Users\Serpens66\AppData\LocalLow\Firefly Studios\Stronghold Crusader Definitive Edition\Maps\test AI overbuild eachother.map
[Info   :  SHCDE-SE] [T1-22:12:30.612] [GameMapArchiveManagerAPI] [ReadMetadataFromArchive] Reading metadata from archive
[Warning:  SHCDE-SE] [T1-22:12:30.612] [GameMapArchiveManagerAPI] [ReadMetadataFromArchive] Nothing to read
[Info   :  SHCDE-SE] [T1-22:12:30.612] [GameMapArchiveManagerAPI] [ReadTimerDataFromArchive] Reading timerdata from archive
[Info   :  SHCDE-SE] [T1-22:12:30.612] [GameMapArchiveManagerAPI] [ReadTimerDataFromArchive] Timerdata read
[Info   :  SHCDE-SE] [T1-22:12:30.612] [ModSaveDataAPI] [ReadAllModDataFromArchive] Reading mod data from archive (IsSaveFile=False)
[Debug  :Extra Features] [2026-09-24 22:12:30.612] Extra Features gatehouse diagnostic: button visibility state: hidden: editor=False, playerId=1, selectedBuildingId=0, reason=not-a-live-gatehouse, selection=none.
[Info   :Extra Features] [2026-09-24 22:12:30.612] Extra Features gatehouse map state started: manualOnly=0.
[Info   :Extra Features] [2026-09-24 22:12:30.612] Extra Features gatehouse state loaded: context=map, version=2, manualOnly=0, pendingLocators=0, payloadBytes=4.
[Info   :  SHCDE-SE] [T1-22:12:30.612] [ModSaveDataAPI] [ReadAllModDataFromArchive] Loaded 4 bytes for mod [serp-extrafeatures-gatehouse-automation-v1]
[Info   :  SHCDE-SE] [T1-22:12:30.612] [ModSaveDataAPI] [ReadAllModDataFromArchive] Loaded data for 1/11 mods
[Info   :  SHCDE-SE] [T1-22:12:30.612] [GameMapArchiveManagerAPI] [LoadMapArchive] Archive loaded (or will be created on-demand)
[Info   :  SHCDE-SE] [T1-22:12:30.612] [GameMapArchiveManagerAPI] [OnLoadMap] Archive Contents: [
FILE:	_SE_ModData_serp-extrafeatures-gatehouse-automation-v1.msgpack]
FILE:	_SE_Timers.msgpack]
]
[Info   :  SHCDE-SE] [T1-22:12:30.612] [LuaManager] [OnLoadMap] Attempting to create lua state due to event, phase: Pre
[Info   :  SHCDE-SE] [T1-22:12:30.612] [LuaManager] [TryLoad] Loading file: [C:\Users\Serpens66\AppData\LocalLow\Firefly Studios\Stronghold Crusader Definitive Edition\Maps\test AI overbuild eachother.map]
[Info   :  SHCDE-SE] [T1-22:12:30.612] [LuaManager] [TryLoad] Loading [C:\Users\Serpens66\AppData\LocalLow\Firefly Studios\Stronghold Crusader Definitive Edition\Maps\test AI overbuild eachother.map] - Archive mode.
[Warning:  SHCDE-SE] [T1-22:12:30.612] [LuaManager] [TryLoad] No Lua source found for [C:\Users\Serpens66\AppData\LocalLow\Firefly Studios\Stronghold Crusader Definitive Edition\Maps\test AI overbuild eachother.map] and no lord AI or asset mod scripts registered. Skipping Lua init.
[Info   :  SHCDE-SE] [T1-22:12:30.612] [BulkMapLoaderDetours] [c_game_start_skirmish_game_handler_hook_impl] a1=0000008CAD2EA4C0, bMultiplayerSave=0, a3=0
[Info   : APIShared] [2026-09-24 22:12:30.612] MissionInitialization: session=3, source=NewGame, mode=CustomGame, phase=BeforeNativeStart, reason=None, started=False, replay=False.
[Debug  :Extra Features] [2026-09-24 22:12:30.612] Enemy-proximity runtime captured map mode: realMultiplayer=False, singleplayerSkirmishMode=True, singleplayerSkirmish=True, singleplayerTrail=False, mapEditor=False, multiplayerSave=False, directorAvailable=True, directorMultiplayer=False, directorSkirmish=False, lowLevelNetworked=True, platformMultiplayer=False, lobbyMembers=5, realLobbyMembers=0, skirmishLobbyMembers=5, gameMembers=5, realNetworkGameMembers=0, gameType=3, skirmishGameType=0, skirmishTrailType=-1, coopTrailId=0, kind=CustomGame, launchVariant=Standard, allowsCustomGameMods=True, allowsRegularGameplayMods=True, campaignMapId=0, eventTrailType=-1, customizedTrailId=-1, customizedMissionId=-1, customizedOriginKind=0, conflictingCustomizedOrigin=False.
[Debug  :Bugfixes and QoL] [2026-09-24 22:12:30.612] Post-game lobby handoff state reset: reason=map-start.
[Info   :AIV Lobby Preset Test] Test-series launch verified: DL-reverse-off, session=3.
[Debug  :CastlePlanner] [2026-09-24 22:12:30.640] OnStartMap(Pre) received: handledCurrentMap=False.
[Debug  :Extreme Powers] [2026-09-24 22:12:30.640] Extreme Powers map session captured: realMultiplayer=False, singleplayerSkirmishMode=True, singleplayerSkirmish=True, singleplayerTrail=False, mapEditor=False, multiplayerSave=False, directorAvailable=True, directorMultiplayer=False, directorSkirmish=False, lowLevelNetworked=True, platformMultiplayer=False, lobbyMembers=5, realLobbyMembers=0, skirmishLobbyMembers=5, gameMembers=5, realNetworkGameMembers=0, gameType=3, skirmishGameType=0, skirmishTrailType=-1, coopTrailId=0, kind=CustomGame, launchVariant=Standard, allowsCustomGameMods=True, allowsRegularGameplayMods=True, campaignMapId=0, eventTrailType=-1, customizedTrailId=-1, customizedMissionId=-1, customizedOriginKind=0, conflictingCustomizedOrigin=False, players=[1,2,3,4,5].
[Info   :  SHCDE-SE] [T1-22:12:30.640] [BulkMapLoaderDetours] [c_game_unload_map_hook_impl] pTileManager=00007FFAAE2DEDB0, preventNotification=True
[Debug  :Building Limit] [2026-09-24 22:12:30.870] ActiveBuildingCache NotifyNativeSnapshotChanged read snapshot: buildingId 1 owner 1 type STRUCT_KEEP_TWO aliveState NeedsInit reason Created
[Debug  :Building Limit] [2026-09-24 22:12:30.870] ActiveBuildingCache UpdateSnapshot: buildingId 1 owner 1 type STRUCT_KEEP_TWO aliveState NeedsInit reason Created changed True
[Debug  :Building Limit] [2026-09-24 22:12:30.870] ActiveBuildingCache count changed: player 1 type STRUCT_KEEP_TWO old 0 new 1 delta 1 buildingId 1 reason Created
[Debug  :Building Limit] [2026-09-24 22:12:30.870] ActiveBuildingCache NotifyNativeSnapshotChanged read snapshot: buildingId 2 owner 1 type STRUCT_KEEPDOOR_LEFT aliveState NeedsInit reason Created
[Debug  :Building Limit] [2026-09-24 22:12:30.870] ActiveBuildingCache UpdateSnapshot: buildingId 2 owner 1 type STRUCT_KEEPDOOR_LEFT aliveState NeedsInit reason Created changed True
[Debug  :Building Limit] [2026-09-24 22:12:30.870] ActiveBuildingCache count changed: player 1 type STRUCT_KEEPDOOR_LEFT old 0 new 1 delta 1 buildingId 2 reason Created
[Debug  :Building Limit] [2026-09-24 22:12:30.870] ActiveBuildingCache NotifyNativeSnapshotChanged read snapshot: buildingId 3 owner 1 type STRUCT_KEEPDOOR aliveState NeedsInit reason Created
[Debug  :Building Limit] [2026-09-24 22:12:30.870] ActiveBuildingCache UpdateSnapshot: buildingId 3 owner 1 type STRUCT_KEEPDOOR aliveState NeedsInit reason Created changed True
[Debug  :Building Limit] [2026-09-24 22:12:30.870] ActiveBuildingCache count changed: player 1 type STRUCT_KEEPDOOR old 0 new 1 delta 1 buildingId 3 reason Created
[Debug  :Building Limit] [2026-09-24 22:12:30.870] ActiveBuildingCache NotifyNativeSnapshotChanged read snapshot: buildingId 4 owner 1 type STRUCT_KEEPDOOR_RIGHT aliveState NeedsInit reason Created
[Debug  :Building Limit] [2026-09-24 22:12:30.870] ActiveBuildingCache UpdateSnapshot: buildingId 4 owner 1 type STRUCT_KEEPDOOR_RIGHT aliveState NeedsInit reason Created changed True
[Debug  :Building Limit] [2026-09-24 22:12:30.870] ActiveBuildingCache count changed: player 1 type STRUCT_KEEPDOOR_RIGHT old 0 new 1 delta 1 buildingId 4 reason Created
[Debug  :Building Limit] [2026-09-24 22:12:30.870] ActiveBuildingCache NotifyNativeSnapshotChanged read snapshot: buildingId 5 owner 1 type STRUCT_CAMPGROUND aliveState NeedsInit reason Created
[Debug  :Building Limit] [2026-09-24 22:12:30.870] ActiveBuildingCache UpdateSnapshot: buildingId 5 owner 1 type STRUCT_CAMPGROUND aliveState NeedsInit reason Created changed True
[Debug  :Building Limit] [2026-09-24 22:12:30.870] ActiveBuildingCache count changed: player 1 type STRUCT_CAMPGROUND old 0 new 1 delta 1 buildingId 5 reason Created
[Debug  :Building Limit] [2026-09-24 22:12:30.871] ActiveBuildingCache NotifyNativeSnapshotChanged read snapshot: buildingId 6 owner 1 type STRUCT_GOODS_YARD aliveState NeedsInit reason Created
[Debug  :Building Limit] [2026-09-24 22:12:30.871] ActiveBuildingCache UpdateSnapshot: buildingId 6 owner 1 type STRUCT_GOODS_YARD aliveState NeedsInit reason Created changed True
[Debug  :Building Limit] [2026-09-24 22:12:30.871] ActiveBuildingCache count changed: player 1 type STRUCT_GOODS_YARD old 0 new 1 delta 1 buildingId 6 reason Created
[Info   :     Fixes] [T1-22:12:30.871] [BuildingDetours] [.ctor] Build goodsyard for player 1: True
[Debug  :Building Limit] [2026-09-24 22:12:30.871] ActiveBuildingCache NotifyNativeSnapshotChanged read snapshot: buildingId 7 owner 1 type STRUCT_GOODS_YARD aliveState NeedsInit reason Created
[Debug  :Building Limit] [2026-09-24 22:12:30.871] ActiveBuildingCache UpdateSnapshot: buildingId 7 owner 1 type STRUCT_GOODS_YARD aliveState NeedsInit reason Created changed True
[Debug  :Building Limit] [2026-09-24 22:12:30.871] ActiveBuildingCache count changed: player 1 type STRUCT_GOODS_YARD old 1 new 2 delta 1 buildingId 7 reason Created
[Debug  :Building Limit] [2026-09-24 22:12:30.871] ActiveBuildingCache NotifyNativeSnapshotChanged read snapshot: buildingId 8 owner 1 type STRUCT_GOODS_YARD aliveState NeedsInit reason Created
[Debug  :Building Limit] [2026-09-24 22:12:30.871] ActiveBuildingCache UpdateSnapshot: buildingId 8 owner 1 type STRUCT_GOODS_YARD aliveState NeedsInit reason Created changed True
[Debug  :Building Limit] [2026-09-24 22:12:30.871] ActiveBuildingCache count changed: player 1 type STRUCT_GOODS_YARD old 2 new 3 delta 1 buildingId 8 reason Created
[Debug  :Building Limit] [2026-09-24 22:12:30.871] ActiveBuildingCache NotifyNativeSnapshotChanged read snapshot: buildingId 9 owner 1 type STRUCT_GOODS_YARD aliveState NeedsInit reason Created
[Debug  :Building Limit] [2026-09-24 22:12:30.871] ActiveBuildingCache UpdateSnapshot: buildingId 9 owner 1 type STRUCT_GOODS_YARD aliveState NeedsInit reason Created changed True
[Debug  :Building Limit] [2026-09-24 22:12:30.871] ActiveBuildingCache count changed: player 1 type STRUCT_GOODS_YARD old 3 new 4 delta 1 buildingId 9 reason Created
[Info   :Active AIV Detector] [2026-09-24 22:12:30.886] Captured opt-in AIV cell trace 1/2048: playerId=2, candidateId=0, orientation=6, keep=(278,395), evaluated=2068, nativeBlocked=0, resultGridBlocked=0, validatorCalls=2068, validatorBlocked=0, preValidatorBlocked=0.
[Info   :     Fixes] [T1-22:12:30.896] [BuildingDetours] [.ctor] Build goodsyard for player 2: True
[Info   :Active AIV Detector] [2026-09-24 22:12:30.906] Captured opt-in AIV cell trace 2/2048: playerId=3, candidateId=0, orientation=6, keep=(237,397), evaluated=2228, nativeBlocked=17, resultGridBlocked=17, validatorCalls=2228, validatorBlocked=17, preValidatorBlocked=0.
[Info   :Active AIV Detector] [2026-09-24 22:12:30.907] Captured opt-in AIV cell trace 3/2048: playerId=3, candidateId=0, orientation=0, keep=(237,397), evaluated=2228, nativeBlocked=0, resultGridBlocked=0, validatorCalls=2228, validatorBlocked=0, preValidatorBlocked=0.
[Info   :     Fixes] [T1-22:12:30.917] [BuildingDetours] [.ctor] Build goodsyard for player 3: True
[Info   :Active AIV Detector] [2026-09-24 22:12:30.928] Captured opt-in AIV cell trace 4/2048: playerId=4, candidateId=0, orientation=6, keep=(254,379), evaluated=2352, nativeBlocked=126, resultGridBlocked=126, validatorCalls=2352, validatorBlocked=126, preValidatorBlocked=0.
[Info   :Active AIV Detector] [2026-09-24 22:12:30.929] Captured opt-in AIV cell trace 5/2048: playerId=4, candidateId=0, orientation=0, keep=(254,379), evaluated=2352, nativeBlocked=155, resultGridBlocked=155, validatorCalls=2352, validatorBlocked=155, preValidatorBlocked=0.
[Info   :Active AIV Detector] [2026-09-24 22:12:30.930] Captured opt-in AIV cell trace 6/2048: playerId=4, candidateId=0, orientation=2, keep=(254,379), evaluated=2352, nativeBlocked=137, resultGridBlocked=137, validatorCalls=2352, validatorBlocked=137, preValidatorBlocked=0.
[Info   :Active AIV Detector] [2026-09-24 22:12:30.930] Captured opt-in AIV cell trace 7/2048: playerId=4, candidateId=0, orientation=4, keep=(254,379), evaluated=2352, nativeBlocked=174, resultGridBlocked=174, validatorCalls=2352, validatorBlocked=174, preValidatorBlocked=0.
[Info   :     Fixes] [T1-22:12:30.951] [BuildingDetours] [.ctor] Build goodsyard for player 4: True
[Info   :Active AIV Detector] [2026-09-24 22:12:30.962] Captured opt-in AIV cell trace 8/2048: playerId=5, candidateId=0, orientation=6, keep=(258,417), evaluated=1770, nativeBlocked=0, resultGridBlocked=0, validatorCalls=1770, validatorBlocked=0, preValidatorBlocked=0.
[Info   :     Fixes] [T1-22:12:30.972] [BuildingDetours] [.ctor] Build goodsyard for player 5: True
[Info   :  SHCDE-SE] [T1-22:12:30.990] [LuaManager] [OnStartMap] Attempting to run init due to event, phase: Post
[Info   :  SHCDE-SE] [T1-22:12:30.990] [LuaManager] [TryRunInit] Attempting to execute lua-side init functions. Reason=NewGame
[Warning:  SHCDE-SE] [T1-22:12:30.990] [LuaManager] [TryRunInit] Lua state is null
[Info   :  SHCDE-SE] [T1-22:12:30.990] [DeterministicRandom] [OnStartMap] Initializing shared state.
[Info   :  SHCDE-SE] [T1-22:12:30.990] [DeterministicRandom] [InitializeSeedAsHost] Initializing random seed [-2109330926] as host.
[Warning:  SHCDE-SE] [T1-22:12:30.990] [GameNetworkAPI] [GetLocalPlayerId] Local SteamID [76561198102311542] has no assigned slot yet: returning -1
[Info   : APIShared] [2026-09-24 22:12:30.990] MissionInitialization: session=3, source=NewGame, mode=CustomGame, phase=AfterNativeStart, reason=None, started=False, replay=False.
[Debug  :Bugfixes and QoL] Corrupt Lord-data spawn fix session armed: session=3, eligible=True, phase=AfterNativeStart, startKind=NewGame, mode=CustomGame.
[Debug  :CastlePlanner] [2026-09-24 22:12:30.990] OnStartMap(Post) received: handledCurrentMap=False, preImports=0, keepPreSpawns=0, keepPostSpawns=0.
[Debug  :CastlePlanner] [2026-09-24 22:12:30.990] Game-mode diagnostics: campaignMapId=0, bMultiplayerSave=0, sharedRealMultiplayer=False, sharedSingleplayerSkirmish=True, sharedSingleplayerTrail=False, directorAvailable=True, directorMultiplayerGame=False, directorSkirmishModeGame=False, directorSimRunning=False, networkedEnvironment=True, networkActivePlayers=5, nativeLocalPlayerId=1, platformAvailable=True, platformMpGameActive=False, platformIsHost=False, activeLobbyAvailable=True, lobbyReportedMembers=5, lobbyMembers=5, lobbySkirmishMembers=5, lobbySkirmishHumans=1, lobbyNetworkHumans=0, gameMembers=5, realNetworkGameMembers=0, gameDataMultiplayerMap=True, gameDataSkirmishGameType=0, gameDataGameType=3.
[Debug  :CastlePlanner] [2026-09-24 22:12:30.990] Shared game-mode diagnostics: realMultiplayer=False, singleplayerSkirmishMode=True, singleplayerSkirmish=True, singleplayerTrail=False, mapEditor=False, multiplayerSave=False, directorAvailable=True, directorMultiplayer=False, directorSkirmish=False, lowLevelNetworked=True, platformMultiplayer=False, lobbyMembers=5, realLobbyMembers=0, skirmishLobbyMembers=5, gameMembers=5, realNetworkGameMembers=0, gameType=3, skirmishGameType=0, skirmishTrailType=-1, coopTrailId=0, kind=CustomGame, launchVariant=Standard, allowsCustomGameMods=True, allowsRegularGameplayMods=True, campaignMapId=0, eventTrailType=-1, customizedTrailId=-1, customizedMissionId=-1, customizedOriginKind=0, conflictingCustomizedOrigin=False.
[Debug  :CastlePlanner] [2026-09-24 22:12:30.990] Game-member diagnostics: [1:self=False,host=False,ai=False,steam=0,kicked=False | 2:self=False,host=False,ai=False,steam=0,kicked=False | 3:self=False,host=False,ai=False,steam=0,kicked=False | 4:self=False,host=False,ai=False,steam=0,kicked=False | 5:self=False,host=False,ai=False,steam=0,kicked=False].
[Debug  :CastlePlanner] [2026-09-24 22:12:30.990] Active-player diagnostics (not used for multiplayer detection): [1:ai=False | 2:ai=True | 3:ai=True | 4:ai=True | 5:ai=True].
[Debug  :CastlePlanner] [2026-09-24 22:12:30.990] Native castle spawning skipped because this is not the committed restart pass.
[Info   :  SHCDE-SE] [T1-22:12:30.990] [GameMapArchiveManagerAPI] [OnLoadMap] Loading archive from map file
[Info   :  SHCDE-SE] [T1-22:12:30.990] [GameMapArchiveManagerAPI] [LoadMapArchive] Loading archive: [C:\Users\Serpens66\AppData\LocalLow\Firefly Studios\Stronghold Crusader Definitive Edition\Maps\test AI overbuild eachother.map]
[Info   :  SHCDE-SE] [T1-22:12:30.994] [MapArchive] [.ctor] Reading ZIP data from offset: 00359DCA
[Warning:  SHCDE-SE] [T1-22:12:30.994] [MapArchive] [TryLoad] No info.json found: C:\Users\Serpens66\AppData\LocalLow\Firefly Studios\Stronghold Crusader Definitive Edition\Maps\test AI overbuild eachother.map
[Info   :  SHCDE-SE] [T1-22:12:30.994] [GameMapArchiveManagerAPI] [ReadMetadataFromArchive] Reading metadata from archive
[Warning:  SHCDE-SE] [T1-22:12:30.994] [GameMapArchiveManagerAPI] [ReadMetadataFromArchive] Nothing to read
[Info   :  SHCDE-SE] [T1-22:12:30.994] [GameMapArchiveManagerAPI] [ReadTimerDataFromArchive] Reading timerdata from archive
[Info   :  SHCDE-SE] [T1-22:12:30.994] [GameMapArchiveManagerAPI] [ReadTimerDataFromArchive] Timerdata read
[Info   :  SHCDE-SE] [T1-22:12:30.994] [ModSaveDataAPI] [ReadAllModDataFromArchive] Reading mod data from archive (IsSaveFile=False)
[Info   :Extra Features] [2026-09-24 22:12:30.994] Extra Features gatehouse map state resumed: manualOnly=0.
[Info   :Extra Features] [2026-09-24 22:12:30.994] Extra Features gatehouse state loaded: context=map, version=2, manualOnly=0, pendingLocators=0, payloadBytes=4.
[Info   :  SHCDE-SE] [T1-22:12:30.994] [ModSaveDataAPI] [ReadAllModDataFromArchive] Loaded 4 bytes for mod [serp-extrafeatures-gatehouse-automation-v1]
[Info   :  SHCDE-SE] [T1-22:12:30.994] [ModSaveDataAPI] [ReadAllModDataFromArchive] Loaded data for 1/11 mods
[Info   :  SHCDE-SE] [T1-22:12:30.994] [GameMapArchiveManagerAPI] [LoadMapArchive] Archive loaded (or will be created on-demand)
[Info   :  SHCDE-SE] [T1-22:12:30.994] [GameMapArchiveManagerAPI] [OnLoadMap] Archive Contents: [
FILE:	_SE_ModData_serp-extrafeatures-gatehouse-automation-v1.msgpack]
FILE:	_SE_Timers.msgpack]
]
[Info   : APIShared] [2026-09-24 22:12:30.994] MissionInitialization: session=3, source=NewGame, mode=CustomGame, phase=NativeLoaded, reason=None, started=False, replay=False.
[Info   : APIShared] [2026-09-24 22:12:31.475] MissionStart: session=3, source=NewGame, mode=CustomGame, phase=ManagedReady, reason=None, started=True, replay=False.
[Info   :Active AIV Detector] [2026-09-24 22:12:31.476] Wrote Oracle Keep-start trace: path=E:\ProgrammeE\Steam\steamapps\common\Stronghold Crusader Definitive Edition\BepInEx\plugins\ActiveAIVDetector_Serp\StartTraces\oracle-start-trace-20260924-221231-475-session003-p1-n01.tsv, playerId=1, selectionAccepted=False, postFailureFlag=0, postFailureReason=<not-applicable>, newBuildings=117, replacedBuildings=0, clearedBuildings=0, changes=248, changedBuildingRecords=9, scanMs=18,8.
[Info   :Active AIV Detector] [2026-09-24 22:12:31.477] Wrote Oracle Keep-start trace: path=E:\ProgrammeE\Steam\steamapps\common\Stronghold Crusader Definitive Edition\BepInEx\plugins\ActiveAIVDetector_Serp\StartTraces\oracle-start-trace-20260924-221231-476-session003-p2-n02.tsv, playerId=2, selectionAccepted=True, postFailureFlag=0, postFailureReason=<not-applicable>, newBuildings=117, replacedBuildings=0, clearedBuildings=0, changes=376, changedBuildingRecords=9, scanMs=18,3.
[Info   :Active AIV Detector] [2026-09-24 22:12:31.479] Wrote Oracle Keep-start trace: path=E:\ProgrammeE\Steam\steamapps\common\Stronghold Crusader Definitive Edition\BepInEx\plugins\ActiveAIVDetector_Serp\StartTraces\oracle-start-trace-20260924-221231-477-session003-p3-n03.tsv, playerId=3, selectionAccepted=True, postFailureFlag=0, postFailureReason=<not-applicable>, newBuildings=117, replacedBuildings=0, clearedBuildings=0, changes=632, changedBuildingRecords=9, scanMs=18,6.
[Info   :Active AIV Detector] [2026-09-24 22:12:31.480] Wrote Oracle Keep-start trace: path=E:\ProgrammeE\Steam\steamapps\common\Stronghold Crusader Definitive Edition\BepInEx\plugins\ActiveAIVDetector_Serp\StartTraces\oracle-start-trace-20260924-221231-479-session003-p4-n04.tsv, playerId=4, selectionAccepted=True, postFailureFlag=0, postFailureReason=<not-applicable>, newBuildings=117, replacedBuildings=0, clearedBuildings=0, changes=365, changedBuildingRecords=9, scanMs=22,6.
[Info   :Active AIV Detector] [2026-09-24 22:12:31.481] Wrote Oracle Keep-start trace: path=E:\ProgrammeE\Steam\steamapps\common\Stronghold Crusader Definitive Edition\BepInEx\plugins\ActiveAIVDetector_Serp\StartTraces\oracle-start-trace-20260924-221231-480-session003-p5-n05.tsv, playerId=5, selectionAccepted=True, postFailureFlag=0, postFailureReason=<not-applicable>, newBuildings=117, replacedBuildings=0, clearedBuildings=0, changes=376, changedBuildingRecords=9, scanMs=19,0.
[Info   :Active AIV Detector] [2026-09-24 22:12:31.481] Oracle Keep-start capture summary: mapLoadSequence=3, captured=5, incomplete=False.
[Info   :Active AIV Detector] [2026-09-24 22:12:31.482] AIV placement oracle selection #9: mapName=<unknown>, mapFile=C:\Users\Serpens66\AppData\LocalLow\Firefly Studios\Stronghold Crusader Definitive Edition\Maps\test AI overbuild eachother.map, mapFileSha256=d63cd2ff3aeaba80bc3bc173bb615207666f1eaf759ecac573fad0da61979df3, nativeDllSha256=fbcb93195fc7efca9bdac5204852efdd76f9818f59a6711750d77c9cef2831e2, preBuildSetting=0, nativeStartOptions=mode=99,option2F0=0,option2F4=1,option2F8=4294967296, playerId=2, method=SelectBestFit, tryOtherRotations=True, aivSpecIndex=1, attempts=1, finalCandidateId=0, finalAivName=Default 8, finalAivJson=E:\ProgrammeE\Steam\steamapps\common\Stronghold Crusader Definitive Edition\BepInEx\plugins\ActiveAIVDetector_Serp\VanillaAIV\wolf8.aivjson, finalAivJsonSha256=0e59ca19225bfa86472a4b2a939ac8c97a1d6301e0fcc00b36cb998dd36eedd2, finalOrientation=6 (270 degrees), placementState=2 (complete fit), directReturnSigned=<not-applicable>, confirmationPoint=OnStartMap(Post).
[Info   :Active AIV Detector] [2026-09-24 22:12:31.482] AIV placement oracle attempt #9.1: mapName=<unknown>, mapFile=C:\Users\Serpens66\AppData\LocalLow\Firefly Studios\Stronghold Crusader Definitive Edition\Maps\test AI overbuild eachother.map, mapFileSha256=d63cd2ff3aeaba80bc3bc173bb615207666f1eaf759ecac573fad0da61979df3, preBuildSetting=0, playerId=2, method=SelectBestFit, candidateId=0, aivName=Default 8, aivJson=E:\ProgrammeE\Steam\steamapps\common\Stronghold Crusader Definitive Edition\BepInEx\plugins\ActiveAIVDetector_Serp\VanillaAIV\wolf8.aivjson, aivJsonSha256=0e59ca19225bfa86472a4b2a939ac8c97a1d6301e0fcc00b36cb998dd36eedd2, orientation=6 (270 degrees), result=Complete, rawFitScore=999999, fitPercent=100, evaluatedCells=2068, blockedCells=0, origin=(235,352), keepReference=(278,395).
[Info   :Active AIV Detector] [2026-09-24 22:12:31.487] Wrote opt-in AIV cell trace: path=E:\ProgrammeE\Steam\steamapps\common\Stronghold Crusader Definitive Edition\BepInEx\plugins\ActiveAIVDetector_Serp\CellTraces\oracle-cell-trace-20260924-221230-886-p2-c0-r6-keep278-395.tsv, rows=2068, nativeBlocked=0, resultGridBlocked=0, validatorCalls=2068, validatorBlocked=0, preValidatorBlocked=0.
[Info   :Active AIV Detector] [2026-09-24 22:12:31.488] Wrote opt-in live building grid: path=E:\ProgrammeE\Steam\steamapps\common\Stronghold Crusader Definitive Edition\BepInEx\plugins\ActiveAIVDetector_Serp\CellTraces\oracle-live-building-grid-20260924-221230-886-p2-r6-keep278-395.tsv, occupiedCells=117.
[Info   :Active AIV Detector] [2026-09-24 22:12:31.488] AIV placement oracle selection #10: mapName=<unknown>, mapFile=C:\Users\Serpens66\AppData\LocalLow\Firefly Studios\Stronghold Crusader Definitive Edition\Maps\test AI overbuild eachother.map, mapFileSha256=d63cd2ff3aeaba80bc3bc173bb615207666f1eaf759ecac573fad0da61979df3, nativeDllSha256=fbcb93195fc7efca9bdac5204852efdd76f9818f59a6711750d77c9cef2831e2, preBuildSetting=0, nativeStartOptions=mode=99,option2F0=0,option2F4=1,option2F8=4294967296, playerId=3, method=SelectBestFit, tryOtherRotations=True, aivSpecIndex=2, attempts=2, finalCandidateId=0, finalAivName=Default 2, finalAivJson=E:\ProgrammeE\Steam\steamapps\common\Stronghold Crusader Definitive Edition\BepInEx\plugins\ActiveAIVDetector_Serp\VanillaAIV\sentinel2.aivjson, finalAivJsonSha256=907ab0c23abebd42aba220449f8010f7fd12d9c1d87a455fcd24ff478453e9da, finalOrientation=0 (0 degrees), placementState=2 (complete fit), directReturnSigned=<not-applicable>, confirmationPoint=OnStartMap(Post).
[Info   :Active AIV Detector] [2026-09-24 22:12:31.488] AIV placement oracle attempt #10.1: mapName=<unknown>, mapFile=C:\Users\Serpens66\AppData\LocalLow\Firefly Studios\Stronghold Crusader Definitive Edition\Maps\test AI overbuild eachother.map, mapFileSha256=d63cd2ff3aeaba80bc3bc173bb615207666f1eaf759ecac573fad0da61979df3, preBuildSetting=0, playerId=3, method=SelectBestFit, candidateId=0, aivName=Default 2, aivJson=E:\ProgrammeE\Steam\steamapps\common\Stronghold Crusader Definitive Edition\BepInEx\plugins\ActiveAIVDetector_Serp\VanillaAIV\sentinel2.aivjson, aivJsonSha256=907ab0c23abebd42aba220449f8010f7fd12d9c1d87a455fcd24ff478453e9da, orientation=6 (270 degrees), result=Partial, rawFitScore=6, fitPercent=99, evaluatedCells=2228, blockedCells=17, origin=(194,354), keepReference=(237,397).
[Info   :Active AIV Detector] [2026-09-24 22:12:31.494] Wrote opt-in AIV cell trace: path=E:\ProgrammeE\Steam\steamapps\common\Stronghold Crusader Definitive Edition\BepInEx\plugins\ActiveAIVDetector_Serp\CellTraces\oracle-cell-trace-20260924-221230-906-p3-c0-r6-keep237-397.tsv, rows=2228, nativeBlocked=17, resultGridBlocked=17, validatorCalls=2228, validatorBlocked=17, preValidatorBlocked=0.
[Info   :Active AIV Detector] [2026-09-24 22:12:31.494] Wrote opt-in live building grid: path=E:\ProgrammeE\Steam\steamapps\common\Stronghold Crusader Definitive Edition\BepInEx\plugins\ActiveAIVDetector_Serp\CellTraces\oracle-live-building-grid-20260924-221230-906-p3-r6-keep237-397.tsv, occupiedCells=234.
[Info   :Active AIV Detector] [2026-09-24 22:12:31.495] AIV placement oracle attempt #10.2: mapName=<unknown>, mapFile=C:\Users\Serpens66\AppData\LocalLow\Firefly Studios\Stronghold Crusader Definitive Edition\Maps\test AI overbuild eachother.map, mapFileSha256=d63cd2ff3aeaba80bc3bc173bb615207666f1eaf759ecac573fad0da61979df3, preBuildSetting=0, playerId=3, method=SelectBestFit, candidateId=0, aivName=Default 2, aivJson=E:\ProgrammeE\Steam\steamapps\common\Stronghold Crusader Definitive Edition\BepInEx\plugins\ActiveAIVDetector_Serp\VanillaAIV\sentinel2.aivjson, aivJsonSha256=907ab0c23abebd42aba220449f8010f7fd12d9c1d87a455fcd24ff478453e9da, orientation=0 (0 degrees), result=Complete, rawFitScore=999999, fitPercent=100, evaluatedCells=2228, blockedCells=0, origin=(194,354), keepReference=(237,397).
[Info   :Active AIV Detector] [2026-09-24 22:12:31.503] Wrote opt-in AIV cell trace: path=E:\ProgrammeE\Steam\steamapps\common\Stronghold Crusader Definitive Edition\BepInEx\plugins\ActiveAIVDetector_Serp\CellTraces\oracle-cell-trace-20260924-221230-907-p3-c0-r0-keep237-397.tsv, rows=2228, nativeBlocked=0, resultGridBlocked=0, validatorCalls=2228, validatorBlocked=0, preValidatorBlocked=0.
[Info   :Active AIV Detector] [2026-09-24 22:12:31.503] Wrote opt-in live building grid: path=E:\ProgrammeE\Steam\steamapps\common\Stronghold Crusader Definitive Edition\BepInEx\plugins\ActiveAIVDetector_Serp\CellTraces\oracle-live-building-grid-20260924-221230-907-p3-r0-keep237-397.tsv, occupiedCells=234.
[Info   :Active AIV Detector] [2026-09-24 22:12:31.504] AIV placement oracle selection #11: mapName=<unknown>, mapFile=C:\Users\Serpens66\AppData\LocalLow\Firefly Studios\Stronghold Crusader Definitive Edition\Maps\test AI overbuild eachother.map, mapFileSha256=d63cd2ff3aeaba80bc3bc173bb615207666f1eaf759ecac573fad0da61979df3, nativeDllSha256=fbcb93195fc7efca9bdac5204852efdd76f9818f59a6711750d77c9cef2831e2, preBuildSetting=0, nativeStartOptions=mode=99,option2F0=0,option2F4=1,option2F8=4294967296, playerId=4, method=SelectBestFit, tryOtherRotations=True, aivSpecIndex=3, attempts=4, finalCandidateId=0, finalAivName=Default 6, finalAivJson=E:\ProgrammeE\Steam\steamapps\common\Stronghold Crusader Definitive Edition\BepInEx\plugins\ActiveAIVDetector_Serp\VanillaAIV\nizar6.aivjson, finalAivJsonSha256=1d86b141261297706ad65f60d870a3ae30a8c0da05b6b3b1d4d923c702cb11ad, finalOrientation=6 (270 degrees), placementState=1 (best partial fit), directReturnSigned=<not-applicable>, confirmationPoint=OnStartMap(Post).
[Info   :Active AIV Detector] [2026-09-24 22:12:31.504] AIV placement oracle attempt #11.1: mapName=<unknown>, mapFile=C:\Users\Serpens66\AppData\LocalLow\Firefly Studios\Stronghold Crusader Definitive Edition\Maps\test AI overbuild eachother.map, mapFileSha256=d63cd2ff3aeaba80bc3bc173bb615207666f1eaf759ecac573fad0da61979df3, preBuildSetting=0, playerId=4, method=SelectBestFit, candidateId=0, aivName=Default 6, aivJson=E:\ProgrammeE\Steam\steamapps\common\Stronghold Crusader Definitive Edition\BepInEx\plugins\ActiveAIVDetector_Serp\VanillaAIV\nizar6.aivjson, aivJsonSha256=1d86b141261297706ad65f60d870a3ae30a8c0da05b6b3b1d4d923c702cb11ad, orientation=6 (270 degrees), result=Partial, rawFitScore=14, fitPercent=94, evaluatedCells=2352, blockedCells=126, origin=(211,336), keepReference=(254,379).
[Info   :Active AIV Detector] [2026-09-24 22:12:31.517] Wrote opt-in AIV cell trace: path=E:\ProgrammeE\Steam\steamapps\common\Stronghold Crusader Definitive Edition\BepInEx\plugins\ActiveAIVDetector_Serp\CellTraces\oracle-cell-trace-20260924-221230-928-p4-c0-r6-keep254-379.tsv, rows=2352, nativeBlocked=126, resultGridBlocked=126, validatorCalls=2352, validatorBlocked=126, preValidatorBlocked=0.
[Info   :Active AIV Detector] [2026-09-24 22:12:31.518] Wrote opt-in live building grid: path=E:\ProgrammeE\Steam\steamapps\common\Stronghold Crusader Definitive Edition\BepInEx\plugins\ActiveAIVDetector_Serp\CellTraces\oracle-live-building-grid-20260924-221230-928-p4-r6-keep254-379.tsv, occupiedCells=351.
[Info   :Active AIV Detector] [2026-09-24 22:12:31.518] AIV placement oracle attempt #11.2: mapName=<unknown>, mapFile=C:\Users\Serpens66\AppData\LocalLow\Firefly Studios\Stronghold Crusader Definitive Edition\Maps\test AI overbuild eachother.map, mapFileSha256=d63cd2ff3aeaba80bc3bc173bb615207666f1eaf759ecac573fad0da61979df3, preBuildSetting=0, playerId=4, method=SelectBestFit, candidateId=0, aivName=Default 6, aivJson=E:\ProgrammeE\Steam\steamapps\common\Stronghold Crusader Definitive Edition\BepInEx\plugins\ActiveAIVDetector_Serp\VanillaAIV\nizar6.aivjson, aivJsonSha256=1d86b141261297706ad65f60d870a3ae30a8c0da05b6b3b1d4d923c702cb11ad, orientation=0 (0 degrees), result=Partial, rawFitScore=13, fitPercent=93, evaluatedCells=2352, blockedCells=155, origin=(211,336), keepReference=(254,379).
[Info   :Active AIV Detector] [2026-09-24 22:12:31.540] Wrote opt-in AIV cell trace: path=E:\ProgrammeE\Steam\steamapps\common\Stronghold Crusader Definitive Edition\BepInEx\plugins\ActiveAIVDetector_Serp\CellTraces\oracle-cell-trace-20260924-221230-929-p4-c0-r0-keep254-379.tsv, rows=2352, nativeBlocked=155, resultGridBlocked=155, validatorCalls=2352, validatorBlocked=155, preValidatorBlocked=0.
[Info   :Active AIV Detector] [2026-09-24 22:12:31.540] Wrote opt-in live building grid: path=E:\ProgrammeE\Steam\steamapps\common\Stronghold Crusader Definitive Edition\BepInEx\plugins\ActiveAIVDetector_Serp\CellTraces\oracle-live-building-grid-20260924-221230-929-p4-r0-keep254-379.tsv, occupiedCells=351.
[Info   :Active AIV Detector] [2026-09-24 22:12:31.540] AIV placement oracle attempt #11.3: mapName=<unknown>, mapFile=C:\Users\Serpens66\AppData\LocalLow\Firefly Studios\Stronghold Crusader Definitive Edition\Maps\test AI overbuild eachother.map, mapFileSha256=d63cd2ff3aeaba80bc3bc173bb615207666f1eaf759ecac573fad0da61979df3, preBuildSetting=0, playerId=4, method=SelectBestFit, candidateId=0, aivName=Default 6, aivJson=E:\ProgrammeE\Steam\steamapps\common\Stronghold Crusader Definitive Edition\BepInEx\plugins\ActiveAIVDetector_Serp\VanillaAIV\nizar6.aivjson, aivJsonSha256=1d86b141261297706ad65f60d870a3ae30a8c0da05b6b3b1d4d923c702cb11ad, orientation=2 (90 degrees), result=Partial, rawFitScore=14, fitPercent=94, evaluatedCells=2352, blockedCells=137, origin=(211,336), keepReference=(254,379).
[Info   :Active AIV Detector] [2026-09-24 22:12:31.547] Wrote opt-in AIV cell trace: path=E:\ProgrammeE\Steam\steamapps\common\Stronghold Crusader Definitive Edition\BepInEx\plugins\ActiveAIVDetector_Serp\CellTraces\oracle-cell-trace-20260924-221230-929-p4-c0-r2-keep254-379.tsv, rows=2352, nativeBlocked=137, resultGridBlocked=137, validatorCalls=2352, validatorBlocked=137, preValidatorBlocked=0.
[Info   :Active AIV Detector] [2026-09-24 22:12:31.547] Wrote opt-in live building grid: path=E:\ProgrammeE\Steam\steamapps\common\Stronghold Crusader Definitive Edition\BepInEx\plugins\ActiveAIVDetector_Serp\CellTraces\oracle-live-building-grid-20260924-221230-929-p4-r2-keep254-379.tsv, occupiedCells=351.
[Info   :Active AIV Detector] [2026-09-24 22:12:31.547] AIV placement oracle attempt #11.4: mapName=<unknown>, mapFile=C:\Users\Serpens66\AppData\LocalLow\Firefly Studios\Stronghold Crusader Definitive Edition\Maps\test AI overbuild eachother.map, mapFileSha256=d63cd2ff3aeaba80bc3bc173bb615207666f1eaf759ecac573fad0da61979df3, preBuildSetting=0, playerId=4, method=SelectBestFit, candidateId=0, aivName=Default 6, aivJson=E:\ProgrammeE\Steam\steamapps\common\Stronghold Crusader Definitive Edition\BepInEx\plugins\ActiveAIVDetector_Serp\VanillaAIV\nizar6.aivjson, aivJsonSha256=1d86b141261297706ad65f60d870a3ae30a8c0da05b6b3b1d4d923c702cb11ad, orientation=4 (180 degrees), result=Partial, rawFitScore=13, fitPercent=92, evaluatedCells=2352, blockedCells=174, origin=(211,336), keepReference=(254,379).
[Info   :Active AIV Detector] [2026-09-24 22:12:31.554] Wrote opt-in AIV cell trace: path=E:\ProgrammeE\Steam\steamapps\common\Stronghold Crusader Definitive Edition\BepInEx\plugins\ActiveAIVDetector_Serp\CellTraces\oracle-cell-trace-20260924-221230-930-p4-c0-r4-keep254-379.tsv, rows=2352, nativeBlocked=174, resultGridBlocked=174, validatorCalls=2352, validatorBlocked=174, preValidatorBlocked=0.
[Info   :Active AIV Detector] [2026-09-24 22:12:31.554] Wrote opt-in live building grid: path=E:\ProgrammeE\Steam\steamapps\common\Stronghold Crusader Definitive Edition\BepInEx\plugins\ActiveAIVDetector_Serp\CellTraces\oracle-live-building-grid-20260924-221230-930-p4-r4-keep254-379.tsv, occupiedCells=351.
[Info   :Active AIV Detector] [2026-09-24 22:12:31.554] AIV placement oracle selection #12: mapName=<unknown>, mapFile=C:\Users\Serpens66\AppData\LocalLow\Firefly Studios\Stronghold Crusader Definitive Edition\Maps\test AI overbuild eachother.map, mapFileSha256=d63cd2ff3aeaba80bc3bc173bb615207666f1eaf759ecac573fad0da61979df3, nativeDllSha256=fbcb93195fc7efca9bdac5204852efdd76f9818f59a6711750d77c9cef2831e2, preBuildSetting=0, nativeStartOptions=mode=99,option2F0=0,option2F4=1,option2F8=4294967296, playerId=5, method=SelectBestFit, tryOtherRotations=True, aivSpecIndex=4, attempts=1, finalCandidateId=0, finalAivName=Default 7, finalAivJson=E:\ProgrammeE\Steam\steamapps\common\Stronghold Crusader Definitive Edition\BepInEx\plugins\ActiveAIVDetector_Serp\VanillaAIV\marshal7.aivjson, finalAivJsonSha256=384abb01e5b4c0ff36ceddeac64c3a8dc8151d0113d1189a32d8c7feb9bb337f, finalOrientation=6 (270 degrees), placementState=2 (complete fit), directReturnSigned=<not-applicable>, confirmationPoint=OnStartMap(Post).
[Info   :Active AIV Detector] [2026-09-24 22:12:31.554] AIV placement oracle attempt #12.1: mapName=<unknown>, mapFile=C:\Users\Serpens66\AppData\LocalLow\Firefly Studios\Stronghold Crusader Definitive Edition\Maps\test AI overbuild eachother.map, mapFileSha256=d63cd2ff3aeaba80bc3bc173bb615207666f1eaf759ecac573fad0da61979df3, preBuildSetting=0, playerId=5, method=SelectBestFit, candidateId=0, aivName=Default 7, aivJson=E:\ProgrammeE\Steam\steamapps\common\Stronghold Crusader Definitive Edition\BepInEx\plugins\ActiveAIVDetector_Serp\VanillaAIV\marshal7.aivjson, aivJsonSha256=384abb01e5b4c0ff36ceddeac64c3a8dc8151d0113d1189a32d8c7feb9bb337f, orientation=6 (270 degrees), result=Complete, rawFitScore=999999, fitPercent=100, evaluatedCells=1770, blockedCells=0, origin=(215,374), keepReference=(258,417).
[Info   :Active AIV Detector] [2026-09-24 22:12:31.559] Wrote opt-in AIV cell trace: path=E:\ProgrammeE\Steam\steamapps\common\Stronghold Crusader Definitive Edition\BepInEx\plugins\ActiveAIVDetector_Serp\CellTraces\oracle-cell-trace-20260924-221230-962-p5-c0-r6-keep258-417.tsv, rows=1770, nativeBlocked=0, resultGridBlocked=0, validatorCalls=1770, validatorBlocked=0, preValidatorBlocked=0.
[Info   :Active AIV Detector] [2026-09-24 22:12:31.559] Wrote opt-in live building grid: path=E:\ProgrammeE\Steam\steamapps\common\Stronghold Crusader Definitive Edition\BepInEx\plugins\ActiveAIVDetector_Serp\CellTraces\oracle-live-building-grid-20260924-221230-962-p5-r6-keep258-417.tsv, occupiedCells=468.
[Info   :Active AIV Detector] [2026-09-24 22:12:31.560] Active AIV confirmed #6: playerId=2, lord=WOLF, baseLordEnum=SK_WOLF, runtimeLordEnum=SK_WOLF, lordJson=E:\ProgrammeE\Steam\steamapps\common\Stronghold Crusader Definitive Edition\BepInEx\plugins\ActiveAIVDetector_Serp\VanillaAIC\Wolf.lordjson, lordConfigChecksum=<not-applicable>, lordJsonSha256=c79627657a2ee5f402a3deea637fefdc8467876f92edf3a8c2aad17b8af2e2c1, lordConfigEffectiveSource=embedded game data; bundled lordJson exists but its manifest does not match the installed CrusaderDE.dll, aivMode=Default, candidateId=0, aivName=Default 8, aivJson=E:\ProgrammeE\Steam\steamapps\common\Stronghold Crusader Definitive Edition\BepInEx\plugins\ActiveAIVDetector_Serp\VanillaAIV\wolf8.aivjson, aivJsonSha256=0e59ca19225bfa86472a4b2a939ac8c97a1d6301e0fcc00b36cb998dd36eedd2, checksum=8, effectiveSource=embedded game data; bundled aivJson is the equivalent official editor file and is not read by the game, aivSpecIndex=1, orientation=6 (270 degrees), placementState=2 (complete fit), confirmationPoint=OnStartMap(Post).
[Info   :Active AIV Detector] [2026-09-24 22:12:31.560] Active AIV confirmed #7: playerId=3, lord=SENTINEL, baseLordEnum=SK_SENTINEL, runtimeLordEnum=SK_SENTINEL, lordJson=E:\ProgrammeE\Steam\steamapps\common\Stronghold Crusader Definitive Edition\BepInEx\plugins\ActiveAIVDetector_Serp\VanillaAIC\Sentinel.lordjson, lordConfigChecksum=<not-applicable>, lordJsonSha256=a399a37fb352d2a2792d546fad15dc1857f1c59acce45062863ef1ba2f6e025a, lordConfigEffectiveSource=embedded game data; bundled lordJson exists but its manifest does not match the installed CrusaderDE.dll, aivMode=Default, candidateId=0, aivName=Default 2, aivJson=E:\ProgrammeE\Steam\steamapps\common\Stronghold Crusader Definitive Edition\BepInEx\plugins\ActiveAIVDetector_Serp\VanillaAIV\sentinel2.aivjson, aivJsonSha256=907ab0c23abebd42aba220449f8010f7fd12d9c1d87a455fcd24ff478453e9da, checksum=2, effectiveSource=embedded game data; bundled aivJson is the equivalent official editor file and is not read by the game, aivSpecIndex=2, orientation=0 (0 degrees), placementState=2 (complete fit), confirmationPoint=OnStartMap(Post).
[Info   :Active AIV Detector] [2026-09-24 22:12:31.560] Active AIV confirmed #8: playerId=4, lord=NIZAR, baseLordEnum=SK_NIZAR, runtimeLordEnum=SK_NIZAR, lordJson=E:\ProgrammeE\Steam\steamapps\common\Stronghold Crusader Definitive Edition\BepInEx\plugins\ActiveAIVDetector_Serp\VanillaAIC\Nizar.lordjson, lordConfigChecksum=<not-applicable>, lordJsonSha256=361070a6c6c91b7733d07182d916fdbfbd3d8242e5103031182312d00643d9b7, lordConfigEffectiveSource=embedded game data; bundled lordJson exists but its manifest does not match the installed CrusaderDE.dll, aivMode=Default, candidateId=0, aivName=Default 6, aivJson=E:\ProgrammeE\Steam\steamapps\common\Stronghold Crusader Definitive Edition\BepInEx\plugins\ActiveAIVDetector_Serp\VanillaAIV\nizar6.aivjson, aivJsonSha256=1d86b141261297706ad65f60d870a3ae30a8c0da05b6b3b1d4d923c702cb11ad, checksum=6, effectiveSource=embedded game data; bundled aivJson is the equivalent official editor file and is not read by the game, aivSpecIndex=3, orientation=6 (270 degrees), placementState=1 (best partial fit), confirmationPoint=OnStartMap(Post).
[Info   :Active AIV Detector] [2026-09-24 22:12:31.561] Active AIV confirmed #9: playerId=5, lord=MARSHAL, baseLordEnum=SK_MARSHAL, runtimeLordEnum=SK_MARSHAL, lordJson=E:\ProgrammeE\Steam\steamapps\common\Stronghold Crusader Definitive Edition\BepInEx\plugins\ActiveAIVDetector_Serp\VanillaAIC\Marshal.lordjson, lordConfigChecksum=<not-applicable>, lordJsonSha256=5814c0445a51d1dabb346ac61e2e9b7573ebc707ac265287e00aa6faf14c4bd9, lordConfigEffectiveSource=embedded game data; bundled lordJson exists but its manifest does not match the installed CrusaderDE.dll, aivMode=Default, candidateId=0, aivName=Default 7, aivJson=E:\ProgrammeE\Steam\steamapps\common\Stronghold Crusader Definitive Edition\BepInEx\plugins\ActiveAIVDetector_Serp\VanillaAIV\marshal7.aivjson, aivJsonSha256=384abb01e5b4c0ff36ceddeac64c3a8dc8151d0113d1189a32d8c7feb9bb337f, checksum=7, effectiveSource=embedded game data; bundled aivJson is the equivalent official editor file and is not read by the game, aivSpecIndex=4, orientation=6 (270 degrees), placementState=2 (complete fit), confirmationPoint=OnStartMap(Post).
[Info   :Active AIV Detector] [2026-09-24 22:12:31.561] Active AIV finalization completed after MissionStart: activeAIs=4, reportedAIVs=4, capturedSelections=4.
[Debug  :Unit Limit] [2026-09-24 22:12:31.562] ActiveSiegeTentCache ResyncAll: countKeys 0
[Debug  :Unit Limit] [2026-09-24 22:12:31.562] Gameplay session started: NewMap
[Debug  :Unit Limit] [2026-09-24 22:12:31.562] Applied active unit limit rules: 32
[Warning:  SHCDE-SE] [T1-22:12:31.562] [GameNetworkAPI] [GetLocalPlayerId] Local SteamID [76561198102311542] has no assigned slot yet: returning -1
[Warning:  SHCDE-SE] [T1-22:12:31.562] [GameNetworkAPI] [GetLocalPlayerId] Local SteamID [76561198102311542] has no assigned slot yet: returning -1
[Debug  :Extra Features] [2026-09-24 22:12:31.562] Extra Features multiplayer feature gate captured map mode: realMultiplayer=False, singleplayerSkirmishMode=True, singleplayerSkirmish=True, singleplayerTrail=False, mapEditor=False, multiplayerSave=False, directorAvailable=True, directorMultiplayer=False, directorSkirmish=True, lowLevelNetworked=True, platformMultiplayer=False, lobbyMembers=5, realLobbyMembers=0, skirmishLobbyMembers=5, gameMembers=5, realNetworkGameMembers=0, gameType=3, skirmishGameType=0, skirmishTrailType=-1, coopTrailId=0, kind=CustomGame, launchVariant=Standard, allowsCustomGameMods=True, allowsRegularGameplayMods=True, campaignMapId=0, eventTrailType=-1, customizedTrailId=-1, customizedMissionId=-1, customizedOriginKind=0, conflictingCustomizedOrigin=False.
[Info   :Extra Features] [2026-09-24 22:12:31.562] Extra Features gatehouse map state resumed: manualOnly=0.
[Info   :Extra Features] [2026-09-24 22:12:31.562] Extra Features church priest counts applied: enabled=True, church2=2, church3=3.
[Debug  :Extra Features] [2026-09-24 22:12:31.562] Extra Features Lord health initialized: session=3, savedBasis=False, humans=100%, AI=100%.
[Warning:  SHCDE-SE] [T1-22:12:31.562] [GameNetworkAPI] [GetLocalPlayerId] Local SteamID [76561198102311542] has no assigned slot yet: returning -1
[Warning:  SHCDE-SE] [T1-22:12:31.562] [GameNetworkAPI] [GetLocalPlayerId] Local SteamID [76561198102311542] has no assigned slot yet: returning -1
[Info   :Extra Features] [2026-09-24 22:12:31.562] Extra Features gatehouse map state resumed: manualOnly=0.
[Debug  :Bugfixes and QoL] [2026-09-24 22:12:31.562] Bugfixes and QoL multiplayer feature gate captured map mode: realMultiplayer=False, singleplayerSkirmishMode=True, singleplayerSkirmish=True, singleplayerTrail=False, mapEditor=False, multiplayerSave=False, directorAvailable=True, directorMultiplayer=False, directorSkirmish=True, lowLevelNetworked=True, platformMultiplayer=False, lobbyMembers=5, realLobbyMembers=0, skirmishLobbyMembers=5, gameMembers=5, realNetworkGameMembers=0, gameType=3, skirmishGameType=0, skirmishTrailType=-1, coopTrailId=0, kind=CustomGame, launchVariant=Standard, allowsCustomGameMods=True, allowsRegularGameplayMods=True, campaignMapId=0, eventTrailType=-1, customizedTrailId=-1, customizedMissionId=-1, customizedOriginKind=0, conflictingCustomizedOrigin=False.
[Debug  :Bugfixes and QoL] [2026-09-24 22:12:31.564] Reset surrender/statistics session state: reason=session-start:NewMap.
[Debug  :Bugfixes and QoL] [2026-09-24 22:12:31.564] Plague popularity diagnostics armed: modEnabled=True, fixEnabled=True, source=NewMap, mode=realMultiplayer=False, singleplayerSkirmishMode=True, singleplayerSkirmish=True, singleplayerTrail=False, mapEditor=False, multiplayerSave=False, directorAvailable=True, directorMultiplayer=False, directorSkirmish=True, lowLevelNetworked=True, platformMultiplayer=False, lobbyMembers=5, realLobbyMembers=0, skirmishLobbyMembers=5, gameMembers=5, realNetworkGameMembers=0, gameType=3, skirmishGameType=0, skirmishTrailType=-1, coopTrailId=0, kind=CustomGame, launchVariant=Standard, allowsCustomGameMods=True, allowsRegularGameplayMods=True, campaignMapId=0, eventTrailType=-1, customizedTrailId=-1, customizedMissionId=-1, customizedOriginKind=0, conflictingCustomizedOrigin=False.
[Debug  :Bugfixes and QoL] [2026-09-24 22:12:31.564] Bugfixes and QoL quarry-pile runtime: loaded Vanilla structure-group repair completed: candidates=0, validPairs=0, alreadyValid=0, plannedRepairs=0, groupIdsCorrected=0, legacyReverseLinksCleared=0, invalid=0, ambiguous=0, rejectedGroups=0.
[Info   :AIV Lobby Preset Test] Test-series run completed: DL-reverse-off; next=4/4, session=3.
[Debug  :Building Costs] [2026-09-24 22:12:31.568] Gameplay session started: NewMap
[Debug  :Building Costs] [2026-09-24 22:12:31.568] Applied building cost materials: 0
[Debug  :Building Limit] [2026-09-24 22:12:31.568] ActiveBuildingCache RebuildCounts: humanCountKeys 6
[Debug  :Building Limit] [2026-09-24 22:12:31.568] ActiveBuildingCache ResyncAll: raiseEvents True scanned 3999 alive 45 humanActiveIds 9 humanCountKeys 6
[Debug  :Building Limit] [2026-09-24 22:12:31.568] ActiveBuildingCache ResyncAll count: player 1 type STRUCT_GOODS_YARD count 4
[Debug  :Building Limit] [2026-09-24 22:12:31.568] ActiveBuildingCache ResyncAll count: player 1 type STRUCT_KEEP_TWO count 1
[Debug  :Building Limit] [2026-09-24 22:12:31.568] ActiveBuildingCache ResyncAll count: player 1 type STRUCT_CAMPGROUND count 1
[Debug  :Building Limit] [2026-09-24 22:12:31.568] ActiveBuildingCache ResyncAll count: player 1 type STRUCT_KEEPDOOR_LEFT count 1
[Debug  :Building Limit] [2026-09-24 22:12:31.569] ActiveBuildingCache ResyncAll count: player 1 type STRUCT_KEEPDOOR_RIGHT count 1
[Debug  :Building Limit] [2026-09-24 22:12:31.569] ActiveBuildingCache ResyncAll count: player 1 type STRUCT_KEEPDOOR count 1
[Debug  :Building Limit] [2026-09-24 22:12:31.569] Gameplay session started: NewMap
[Debug  :Building Limit] [2026-09-24 22:12:31.569] Applied active building limit rules: 93
[Info   :CastlePlanner] [2026-09-24 22:12:31.570] Blueprint prepared locally: reason=scheduled preparation, file=C:\Users\Serpens66\AppData\LocalLow\Firefly Studios\Stronghold Crusader Definitive Edition\CustomLords\testlord_serp\testlord_serpcastle1.aivjson, keep=(458,351), projectedKeep=(458,351), castleRotation=0, tiles=1691, icons=161, unknownMappers=0, miscItemsIgnored=0.
[Debug  :CastlePlanner] [2026-09-24 22:12:31.570] Blueprint map-start lifecycle received; visibility reset to hidden.
[Debug  : Cheat Mod] [2026-09-24 22:12:31.570] Cheat Mod map runtime started; extreme-powers recharge interval=40 ticks, mana=7000, tickSubscribed=False.
[Debug  :Unit Costs] [2026-09-24 22:12:31.570] Applied unit cost values: 0
[Debug  :Unit Costs] [2026-09-24 22:12:31.571] Applied human extra unit cost rows: 0
[Debug  :Bugfixes and QoL] [2026-09-24 22:12:31.626] Bugfixes and QoL quarry-pile runtime: AI quarry spawn observation armed after map/load initialization: tick=5.
[Error  :Random Events] [2026-09-24 22:12:32.571] Signpost initialization failed on this map; retrying: no active event participant is available for the Vanilla reachability check.
[Debug  :Bugfixes and QoL] [2026-09-24 22:12:32.583] Keep-flag rotation summary: session=3, tick=16, enabled=True, captured=5, correctedBeforeSpawn=3, alreadyCorrectBeforeSpawn=2, keeps=5, correctedAfterStart=0, verified=5, rejected=0.
[Debug  :Building Limit] [2026-09-24 22:12:33.577] Building placement validation has no active limit rule: player 0 mapper MAPPER_SIGNPOST
[Debug  :Building Limit] [2026-09-24 22:12:33.577] Building placement validation has no active limit rule: player 0 mapper MAPPER_SIGNPOST
[Debug  :Building Limit] [2026-09-24 22:12:33.577] Building placement validation has no active limit rule: player 0 mapper MAPPER_SIGNPOST
[Debug  :Building Limit] [2026-09-24 22:12:33.577] Building placement validation has no active limit rule: player 0 mapper MAPPER_SIGNPOST
[Debug  :Building Limit] [2026-09-24 22:12:33.577] Building placement validation has no active limit rule: player 0 mapper MAPPER_SIGNPOST
[Debug  :Building Limit] [2026-09-24 22:12:33.577] Building placement validation has no active limit rule: player 0 mapper MAPPER_SIGNPOST
[Debug  :Building Limit] [2026-09-24 22:12:33.577] Building placement validation has no active limit rule: player 0 mapper MAPPER_SIGNPOST
[Debug  :Building Limit] [2026-09-24 22:12:33.577] Building placement validation has no active limit rule: player 0 mapper MAPPER_SIGNPOST
[Debug  :Building Limit] [2026-09-24 22:12:33.577] Building placement validation has no active limit rule: player 0 mapper MAPPER_SIGNPOST
[Debug  :Building Limit] [2026-09-24 22:12:33.577] Building placement validation has no active limit rule: player 0 mapper MAPPER_SIGNPOST
[Debug  :Building Limit] [2026-09-24 22:12:33.577] Building placement validation has no active limit rule: player 0 mapper MAPPER_SIGNPOST
[Debug  :Building Limit] [2026-09-24 22:12:33.577] Building placement validation has no active limit rule: player 0 mapper MAPPER_SIGNPOST
[Debug  :Building Limit] [2026-09-24 22:12:33.577] Building placement validation has no active limit rule: player 0 mapper MAPPER_SIGNPOST
[Debug  :Building Limit] [2026-09-24 22:12:33.577] Building placement validation has no active limit rule: player 0 mapper MAPPER_SIGNPOST
[Debug  :Building Limit] [2026-09-24 22:12:33.577] Building placement validation has no active limit rule: player 0 mapper MAPPER_SIGNPOST
[Debug  :Building Limit] [2026-09-24 22:12:33.577] Building placement validation has no active limit rule: player 0 mapper MAPPER_SIGNPOST
[Debug  :Building Limit] [2026-09-24 22:12:33.577] Building placement validation has no active limit rule: player 0 mapper MAPPER_SIGNPOST
[Debug  :Building Limit] [2026-09-24 22:12:33.577] Building placement validation has no active limit rule: player 0 mapper MAPPER_SIGNPOST
[Debug  :Building Limit] [2026-09-24 22:12:33.577] Building placement validation has no active limit rule: player 0 mapper MAPPER_SIGNPOST
[Debug  :Building Limit] [2026-09-24 22:12:33.577] Building placement validation has no active limit rule: player 0 mapper MAPPER_SIGNPOST
[Debug  :Building Limit] [2026-09-24 22:12:33.577] Building placement validation has no active limit rule: player 0 mapper MAPPER_SIGNPOST
[Debug  :Building Limit] [2026-09-24 22:12:33.577] Building placement validation has no active limit rule: player 0 mapper MAPPER_SIGNPOST
[Debug  :Building Limit] [2026-09-24 22:12:33.577] Building placement validation has no active limit rule: player 0 mapper MAPPER_SIGNPOST
[Debug  :Building Limit] [2026-09-24 22:12:33.577] Building placement validation has no active limit rule: player 0 mapper MAPPER_SIGNPOST
[Debug  :Building Limit] [2026-09-24 22:12:33.577] Building placement validation has no active limit rule: player 0 mapper MAPPER_SIGNPOST
[Debug  :Building Limit] [2026-09-24 22:12:33.577] Building placement validation has no active limit rule: player 0 mapper MAPPER_SIGNPOST
[Debug  :Building Limit] [2026-09-24 22:12:33.577] Building placement validation has no active limit rule: player 0 mapper MAPPER_SIGNPOST
[Debug  :Building Limit] [2026-09-24 22:12:33.577] Building placement validation has no active limit rule: player 0 mapper MAPPER_SIGNPOST
[Debug  :Building Limit] [2026-09-24 22:12:33.577] Building placement validation has no active limit rule: player 0 mapper MAPPER_SIGNPOST
[Debug  :Building Limit] [2026-09-24 22:12:33.577] Building placement validation has no active limit rule: player 0 mapper MAPPER_SIGNPOST
[Debug  :Building Limit] [2026-09-24 22:12:33.577] Building placement validation has no active limit rule: player 0 mapper MAPPER_SIGNPOST
[Debug  :Building Limit] [2026-09-24 22:12:33.577] Building placement validation has no active limit rule: player 0 mapper MAPPER_SIGNPOST
[Debug  :Building Limit] [2026-09-24 22:12:33.577] Building placement validation has no active limit rule: player 0 mapper MAPPER_SIGNPOST
[Debug  :Building Limit] [2026-09-24 22:12:33.577] Building placement validation has no active limit rule: player 0 mapper MAPPER_SIGNPOST
[Debug  :Building Limit] [2026-09-24 22:12:33.577] Building placement validation has no active limit rule: player 0 mapper MAPPER_SIGNPOST
[Debug  :Building Limit] [2026-09-24 22:12:33.577] Building placement validation has no active limit rule: player 0 mapper MAPPER_SIGNPOST
[Debug  :Building Limit] [2026-09-24 22:12:33.577] Building placement validation has no active limit rule: player 0 mapper MAPPER_SIGNPOST
[Debug  :Building Limit] [2026-09-24 22:12:33.577] Building placement validation has no active limit rule: player 0 mapper MAPPER_SIGNPOST
[Debug  :Building Limit] [2026-09-24 22:12:33.578] Building placement validation has no active limit rule: player 0 mapper MAPPER_SIGNPOST
[Debug  :Building Limit] [2026-09-24 22:12:33.578] Building placement validation has no active limit rule: player 0 mapper MAPPER_SIGNPOST
[Debug  :Building Limit] [2026-09-24 22:12:33.578] Building placement validation has no active limit rule: player 0 mapper MAPPER_SIGNPOST
[Debug  :Building Limit] [2026-09-24 22:12:33.578] Building placement validation has no active limit rule: player 0 mapper MAPPER_SIGNPOST
[Debug  :Building Limit] [2026-09-24 22:12:33.578] Building placement validation has no active limit rule: player 0 mapper MAPPER_SIGNPOST
[Debug  :Building Limit] [2026-09-24 22:12:33.578] Building placement validation has no active limit rule: player 0 mapper MAPPER_SIGNPOST
[Debug  :Building Limit] [2026-09-24 22:12:33.578] Building placement validation has no active limit rule: player 0 mapper MAPPER_SIGNPOST
[Debug  :Building Limit] [2026-09-24 22:12:33.578] Building placement validation has no active limit rule: player 0 mapper MAPPER_SIGNPOST
[Debug  :Building Limit] [2026-09-24 22:12:33.578] Building placement validation has no active limit rule: player 0 mapper MAPPER_SIGNPOST
[Debug  :Building Limit] [2026-09-24 22:12:33.578] Building placement validation has no active limit rule: player 0 mapper MAPPER_SIGNPOST
[Debug  :Building Limit] [2026-09-24 22:12:33.578] Building placement validation has no active limit rule: player 0 mapper MAPPER_SIGNPOST
[Debug  :Building Limit] [2026-09-24 22:12:33.578] Building placement validation has no active limit rule: player 0 mapper MAPPER_SIGNPOST
[Debug  :Building Limit] [2026-09-24 22:12:33.578] Building placement validation has no active limit rule: player 0 mapper MAPPER_SIGNPOST
[Debug  :Building Limit] [2026-09-24 22:12:33.578] Building placement validation has no active limit rule: player 0 mapper MAPPER_SIGNPOST
[Debug  :Building Limit] [2026-09-24 22:12:33.578] Building placement validation has no active limit rule: player 0 mapper MAPPER_SIGNPOST
[Debug  :Building Limit] [2026-09-24 22:12:33.578] Building placement validation has no active limit rule: player 0 mapper MAPPER_SIGNPOST
[Debug  :Building Limit] [2026-09-24 22:12:33.578] Building placement validation has no active limit rule: player 0 mapper MAPPER_SIGNPOST
[Debug  :Building Limit] [2026-09-24 22:12:33.578] Building placement validation has no active limit rule: player 0 mapper MAPPER_SIGNPOST
[Debug  :Building Limit] [2026-09-24 22:12:33.578] Building placement validation has no active limit rule: player 0 mapper MAPPER_SIGNPOST
[Debug  :Building Limit] [2026-09-24 22:12:33.578] Building placement validation has no active limit rule: player 0 mapper MAPPER_SIGNPOST
[Debug  :Building Limit] [2026-09-24 22:12:33.578] Building placement validation has no active limit rule: player 0 mapper MAPPER_SIGNPOST
[Debug  :Building Limit] [2026-09-24 22:12:33.578] Building placement validation has no active limit rule: player 0 mapper MAPPER_SIGNPOST
[Debug  :Building Limit] [2026-09-24 22:12:33.578] Building placement validation has no active limit rule: player 0 mapper MAPPER_SIGNPOST
[Debug  :Building Limit] [2026-09-24 22:12:33.578] Building placement validation has no active limit rule: player 0 mapper MAPPER_SIGNPOST
[Debug  :Building Limit] [2026-09-24 22:12:33.578] Building placement validation has no active limit rule: player 0 mapper MAPPER_SIGNPOST
[Debug  :Building Limit] [2026-09-24 22:12:33.578] Building placement validation has no active limit rule: player 0 mapper MAPPER_SIGNPOST
[Debug  :Building Limit] [2026-09-24 22:12:33.578] Building placement validation has no active limit rule: player 0 mapper MAPPER_SIGNPOST
[Debug  :Building Limit] [2026-09-24 22:12:33.578] Building placement validation has no active limit rule: player 0 mapper MAPPER_SIGNPOST
[Debug  :Building Limit] [2026-09-24 22:12:33.578] Building placement validation has no active limit rule: player 0 mapper MAPPER_SIGNPOST
[Debug  :Building Limit] [2026-09-24 22:12:33.578] Building placement validation has no active limit rule: player 0 mapper MAPPER_SIGNPOST
[Debug  :Building Limit] [2026-09-24 22:12:33.578] Building placement validation has no active limit rule: player 0 mapper MAPPER_SIGNPOST
[Debug  :Building Limit] [2026-09-24 22:12:33.578] Building placement validation has no active limit rule: player 0 mapper MAPPER_SIGNPOST
[Debug  :Building Limit] [2026-09-24 22:12:33.578] Building placement validation has no active limit rule: player 0 mapper MAPPER_SIGNPOST
[Debug  :Building Limit] [2026-09-24 22:12:33.578] Building placement validation has no active limit rule: player 0 mapper MAPPER_SIGNPOST
[Debug  :Building Limit] [2026-09-24 22:12:33.578] Building placement validation has no active limit rule: player 0 mapper MAPPER_SIGNPOST
[Debug  :Building Limit] [2026-09-24 22:12:33.578] Building placement validation has no active limit rule: player 0 mapper MAPPER_SIGNPOST
[Debug  :Building Limit] [2026-09-24 22:12:33.578] Building placement validation has no active limit rule: player 0 mapper MAPPER_SIGNPOST
[Debug  :Building Limit] [2026-09-24 22:12:33.578] Building placement validation has no active limit rule: player 0 mapper MAPPER_SIGNPOST
[Debug  :Building Limit] [2026-09-24 22:12:33.578] Building placement validation has no active limit rule: player 0 mapper MAPPER_SIGNPOST
[Debug  :Building Limit] [2026-09-24 22:12:33.578] Building placement validation has no active limit rule: player 0 mapper MAPPER_SIGNPOST
[Debug  :Building Limit] [2026-09-24 22:12:33.578] Building placement validation has no active limit rule: player 0 mapper MAPPER_SIGNPOST
[Debug  :Building Limit] [2026-09-24 22:12:33.578] Building placement validation has no active limit rule: player 0 mapper MAPPER_SIGNPOST
[Debug  :Building Limit] [2026-09-24 22:12:33.578] Building placement validation has no active limit rule: player 0 mapper MAPPER_SIGNPOST
[Debug  :Building Limit] [2026-09-24 22:12:33.578] Building placement validation has no active limit rule: player 0 mapper MAPPER_SIGNPOST
[Debug  :Building Limit] [2026-09-24 22:12:33.578] Building placement validation has no active limit rule: player 0 mapper MAPPER_SIGNPOST
[Debug  :Building Limit] [2026-09-24 22:12:33.578] Building placement validation has no active limit rule: player 0 mapper MAPPER_SIGNPOST
[Debug  :Building Limit] [2026-09-24 22:12:33.578] Building placement validation has no active limit rule: player 0 mapper MAPPER_SIGNPOST
[Debug  :Building Limit] [2026-09-24 22:12:33.579] Building placement validation has no active limit rule: player 0 mapper MAPPER_SIGNPOST
[Debug  :Building Limit] [2026-09-24 22:12:33.579] Building placement validation has no active limit rule: player 0 mapper MAPPER_SIGNPOST
[Debug  :Building Limit] [2026-09-24 22:12:33.579] Building placement validation has no active limit rule: player 0 mapper MAPPER_SIGNPOST
[Debug  :Building Limit] [2026-09-24 22:12:33.579] Building placement validation has no active limit rule: player 0 mapper MAPPER_SIGNPOST
[Debug  :Building Limit] [2026-09-24 22:12:33.579] Building placement validation has no active limit rule: player 0 mapper MAPPER_SIGNPOST
[Debug  :Building Limit] [2026-09-24 22:12:33.579] Building placement validation has no active limit rule: player 0 mapper MAPPER_SIGNPOST
[Debug  :Building Limit] [2026-09-24 22:12:33.579] Building placement validation has no active limit rule: player 0 mapper MAPPER_SIGNPOST
[Debug  :Building Limit] [2026-09-24 22:12:33.579] Building placement validation has no active limit rule: player 0 mapper MAPPER_SIGNPOST
[Debug  :Building Limit] [2026-09-24 22:12:33.579] Building placement validation has no active limit rule: player 0 mapper MAPPER_SIGNPOST
[Debug  :Building Limit] [2026-09-24 22:12:33.579] Building placement validation has no active limit rule: player 0 mapper MAPPER_SIGNPOST
[Debug  :Building Limit] [2026-09-24 22:12:33.579] Building placement validation has no active limit rule: player 0 mapper MAPPER_SIGNPOST
[Debug  :Building Limit] [2026-09-24 22:12:33.579] Building placement validation has no active limit rule: player 0 mapper MAPPER_SIGNPOST
[Debug  :Building Limit] [2026-09-24 22:12:33.579] Building placement validation has no active limit rule: player 0 mapper MAPPER_SIGNPOST
[Debug  :Building Limit] [2026-09-24 22:12:33.579] Building placement validation has no active limit rule: player 0 mapper MAPPER_SIGNPOST
[Debug  :Building Limit] [2026-09-24 22:12:33.579] Building placement validation has no active limit rule: player 0 mapper MAPPER_SIGNPOST
[Debug  :Building Limit] [2026-09-24 22:12:33.579] Building placement validation has no active limit rule: player 0 mapper MAPPER_SIGNPOST
[Debug  :Building Limit] [2026-09-24 22:12:33.579] Building placement validation has no active limit rule: player 0 mapper MAPPER_SIGNPOST
[Debug  :Building Limit] [2026-09-24 22:12:33.579] Building placement validation has no active limit rule: player 0 mapper MAPPER_SIGNPOST
[Debug  :Building Limit] [2026-09-24 22:12:33.579] Building placement validation has no active limit rule: player 0 mapper MAPPER_SIGNPOST
[Debug  :Building Limit] [2026-09-24 22:12:33.579] Building placement validation has no active limit rule: player 0 mapper MAPPER_SIGNPOST
[Debug  :Building Limit] [2026-09-24 22:12:33.579] Building placement validation has no active limit rule: player 0 mapper MAPPER_SIGNPOST
[Debug  :Building Limit] [2026-09-24 22:12:33.579] Building placement validation has no active limit rule: player 0 mapper MAPPER_SIGNPOST
[Debug  :Building Limit] [2026-09-24 22:12:33.579] Building placement validation has no active limit rule: player 0 mapper MAPPER_SIGNPOST
[Debug  :Building Limit] [2026-09-24 22:12:33.579] Building placement validation has no active limit rule: player 0 mapper MAPPER_SIGNPOST
[Debug  :Building Limit] [2026-09-24 22:12:33.579] Building placement validation has no active limit rule: player 0 mapper MAPPER_SIGNPOST
[Debug  :Building Limit] [2026-09-24 22:12:33.579] Building placement validation has no active limit rule: player 0 mapper MAPPER_SIGNPOST
[Debug  :Building Limit] [2026-09-24 22:12:33.579] Building placement validation has no active limit rule: player 0 mapper MAPPER_SIGNPOST
[Debug  :Building Limit] [2026-09-24 22:12:33.579] Building placement validation has no active limit rule: player 0 mapper MAPPER_SIGNPOST
[Debug  :Building Limit] [2026-09-24 22:12:33.579] Building placement validation has no active limit rule: player 0 mapper MAPPER_SIGNPOST
[Debug  :Building Limit] [2026-09-24 22:12:33.579] Building placement validation has no active limit rule: player 0 mapper MAPPER_SIGNPOST
[Debug  :Building Limit] [2026-09-24 22:12:33.579] Building placement validation has no active limit rule: player 0 mapper MAPPER_SIGNPOST
[Debug  :Building Limit] [2026-09-24 22:12:33.579] Building placement validation has no active limit rule: player 0 mapper MAPPER_SIGNPOST
[Debug  :Building Limit] [2026-09-24 22:12:33.579] Building placement validation has no active limit rule: player 0 mapper MAPPER_SIGNPOST
[Debug  :Building Limit] [2026-09-24 22:12:33.579] Building placement validation has no active limit rule: player 0 mapper MAPPER_SIGNPOST
[Debug  :Building Limit] [2026-09-24 22:12:33.579] Building placement validation has no active limit rule: player 0 mapper MAPPER_SIGNPOST
[Debug  :Building Limit] [2026-09-24 22:12:33.579] Building placement validation has no active limit rule: player 0 mapper MAPPER_SIGNPOST
[Debug  :Building Limit] [2026-09-24 22:12:33.579] Building placement validation has no active limit rule: player 0 mapper MAPPER_SIGNPOST
[Debug  :Building Limit] [2026-09-24 22:12:33.579] Building placement validation has no active limit rule: player 0 mapper MAPPER_SIGNPOST
[Debug  :Building Limit] [2026-09-24 22:12:33.579] Building placement validation has no active limit rule: player 0 mapper MAPPER_SIGNPOST
[Debug  :Building Limit] [2026-09-24 22:12:33.579] Building placement validation has no active limit rule: player 0 mapper MAPPER_SIGNPOST
[Debug  :Building Limit] [2026-09-24 22:12:33.579] Building placement validation has no active limit rule: player 0 mapper MAPPER_SIGNPOST
[Debug  :Building Limit] [2026-09-24 22:12:33.579] Building placement validation has no active limit rule: player 0 mapper MAPPER_SIGNPOST
[Debug  :Building Limit] [2026-09-24 22:12:33.579] Building placement validation has no active limit rule: player 0 mapper MAPPER_SIGNPOST
[Debug  :Building Limit] [2026-09-24 22:12:33.579] Building placement validation has no active limit rule: player 0 mapper MAPPER_SIGNPOST
[Debug  :Building Limit] [2026-09-24 22:12:33.579] Building placement validation has no active limit rule: player 0 mapper MAPPER_SIGNPOST
[Debug  :Building Limit] [2026-09-24 22:12:33.579] Building placement validation has no active limit rule: player 0 mapper MAPPER_SIGNPOST
[Debug  :Building Limit] [2026-09-24 22:12:33.579] Building placement validation has no active limit rule: player 0 mapper MAPPER_SIGNPOST
[Debug  :Building Limit] [2026-09-24 22:12:33.579] Building placement validation has no active limit rule: player 0 mapper MAPPER_SIGNPOST
[Debug  :Building Limit] [2026-09-24 22:12:33.579] Building placement validation has no active limit rule: player 0 mapper MAPPER_SIGNPOST
[Debug  :Building Limit] [2026-09-24 22:12:33.579] Building placement validation has no active limit rule: player 0 mapper MAPPER_SIGNPOST
[Debug  :Building Limit] [2026-09-24 22:12:33.579] Building placement validation has no active limit rule: player 0 mapper MAPPER_SIGNPOST
[Debug  :Building Limit] [2026-09-24 22:12:33.579] Building placement validation has no active limit rule: player 0 mapper MAPPER_SIGNPOST
[Debug  :Building Limit] [2026-09-24 22:12:33.579] Building placement validation has no active limit rule: player 0 mapper MAPPER_SIGNPOST
[Debug  :Building Limit] [2026-09-24 22:12:33.579] Building placement validation has no active limit rule: player 0 mapper MAPPER_SIGNPOST
[Debug  :Building Limit] [2026-09-24 22:12:33.579] Building placement validation has no active limit rule: player 0 mapper MAPPER_SIGNPOST
[Debug  :Building Limit] [2026-09-24 22:12:33.579] Building placement validation has no active limit rule: player 0 mapper MAPPER_SIGNPOST
[Debug  :Building Limit] [2026-09-24 22:12:33.579] Building placement validation has no active limit rule: player 0 mapper MAPPER_SIGNPOST
[Debug  :Building Limit] [2026-09-24 22:12:33.579] Building placement validation has no active limit rule: player 0 mapper MAPPER_SIGNPOST
[Debug  :Building Limit] [2026-09-24 22:12:33.579] Building placement validation has no active limit rule: player 0 mapper MAPPER_SIGNPOST
[Debug  :Building Limit] [2026-09-24 22:12:33.579] Building placement validation has no active limit rule: player 0 mapper MAPPER_SIGNPOST
[Debug  :Building Limit] [2026-09-24 22:12:33.579] Building placement validation has no active limit rule: player 0 mapper MAPPER_SIGNPOST
[Debug  :Building Limit] [2026-09-24 22:12:33.579] Building placement validation has no active limit rule: player 0 mapper MAPPER_SIGNPOST
[Debug  :Building Limit] [2026-09-24 22:12:33.581] Building placement validation has no active limit rule: player 0 mapper MAPPER_SIGNPOST
[Debug  :Building Limit] [2026-09-24 22:12:33.581] Building placement validation has no active limit rule: player 0 mapper MAPPER_SIGNPOST
[Debug  :Building Limit] [2026-09-24 22:12:33.581] Building placement validation has no active limit rule: player 0 mapper MAPPER_SIGNPOST
[Debug  :Building Limit] [2026-09-24 22:12:33.581] Building placement validation has no active limit rule: player 0 mapper MAPPER_SIGNPOST
[Debug  :Building Limit] [2026-09-24 22:12:33.581] Building placement validation has no active limit rule: player 0 mapper MAPPER_SIGNPOST
[Debug  :Building Limit] [2026-09-24 22:12:33.581] Building placement validation has no active limit rule: player 0 mapper MAPPER_SIGNPOST
[Debug  :Building Limit] [2026-09-24 22:12:33.581] Building placement validation has no active limit rule: player 0 mapper MAPPER_SIGNPOST
[Debug  :Building Limit] [2026-09-24 22:12:33.581] Building placement validation has no active limit rule: player 0 mapper MAPPER_SIGNPOST
[Debug  :Building Limit] [2026-09-24 22:12:33.581] Building placement validation has no active limit rule: player 0 mapper MAPPER_SIGNPOST
[Debug  :Building Limit] [2026-09-24 22:12:33.581] Building placement validation has no active limit rule: player 0 mapper MAPPER_SIGNPOST
[Debug  :Building Limit] [2026-09-24 22:12:33.581] Building placement validation has no active limit rule: player 0 mapper MAPPER_SIGNPOST
[Debug  :Building Limit] [2026-09-24 22:12:33.581] Building placement validation has no active limit rule: player 0 mapper MAPPER_SIGNPOST
[Debug  :Building Limit] [2026-09-24 22:12:33.581] Building placement validation has no active limit rule: player 0 mapper MAPPER_SIGNPOST
[Debug  :Building Limit] [2026-09-24 22:12:33.581] Building placement validation has no active limit rule: player 0 mapper MAPPER_SIGNPOST
[Debug  :Building Limit] [2026-09-24 22:12:33.581] Building placement validation has no active limit rule: player 0 mapper MAPPER_SIGNPOST
[Debug  :Building Limit] [2026-09-24 22:12:33.581] Building placement validation has no active limit rule: player 0 mapper MAPPER_SIGNPOST
[Debug  :Building Limit] [2026-09-24 22:12:33.581] Building placement validation has no active limit rule: player 0 mapper MAPPER_SIGNPOST
[Debug  :Building Limit] [2026-09-24 22:12:33.581] Building placement validation has no active limit rule: player 0 mapper MAPPER_SIGNPOST
[Debug  :Building Limit] [2026-09-24 22:12:33.581] Building placement validation has no active limit rule: player 0 mapper MAPPER_SIGNPOST
[Debug  :Building Limit] [2026-09-24 22:12:33.581] Building placement validation has no active limit rule: player 0 mapper MAPPER_SIGNPOST
[Debug  :Building Limit] [2026-09-24 22:12:33.581] Building placement validation has no active limit rule: player 0 mapper MAPPER_SIGNPOST
[Debug  :Building Limit] [2026-09-24 22:12:33.581] Building placement validation has no active limit rule: player 0 mapper MAPPER_SIGNPOST
[Debug  :Building Limit] [2026-09-24 22:12:33.581] Building placement validation has no active limit rule: player 0 mapper MAPPER_SIGNPOST
[Debug  :Building Limit] [2026-09-24 22:12:33.581] Building placement validation has no active limit rule: player 0 mapper MAPPER_SIGNPOST
[Debug  :Building Limit] [2026-09-24 22:12:33.581] Building placement validation has no active limit rule: player 0 mapper MAPPER_SIGNPOST
[Debug  :Building Limit] [2026-09-24 22:12:33.581] Building placement validation has no active limit rule: player 0 mapper MAPPER_SIGNPOST
[Debug  :Building Limit] [2026-09-24 22:12:33.581] Building placement validation has no active limit rule: player 0 mapper MAPPER_SIGNPOST
[Debug  :Building Limit] [2026-09-24 22:12:33.581] Building placement validation has no active limit rule: player 0 mapper MAPPER_SIGNPOST
[Debug  :Building Limit] [2026-09-24 22:12:33.581] Building placement validation has no active limit rule: player 0 mapper MAPPER_SIGNPOST
[Debug  :Building Limit] [2026-09-24 22:12:33.581] Building placement validation has no active limit rule: player 0 mapper MAPPER_SIGNPOST
[Debug  :Building Limit] [2026-09-24 22:12:33.581] Building placement validation has no active limit rule: player 0 mapper MAPPER_SIGNPOST
[Debug  :Building Limit] [2026-09-24 22:12:33.581] Building placement validation has no active limit rule: player 0 mapper MAPPER_SIGNPOST
[Debug  :Building Limit] [2026-09-24 22:12:33.581] Building placement validation has no active limit rule: player 0 mapper MAPPER_SIGNPOST
[Debug  :Building Limit] [2026-09-24 22:12:33.581] Building placement validation has no active limit rule: player 0 mapper MAPPER_SIGNPOST
[Debug  :Building Limit] [2026-09-24 22:12:33.581] Building placement validation has no active limit rule: player 0 mapper MAPPER_SIGNPOST
[Debug  :Building Limit] [2026-09-24 22:12:33.581] Building placement validation has no active limit rule: player 0 mapper MAPPER_SIGNPOST
[Debug  :Building Limit] [2026-09-24 22:12:33.581] Building placement validation has no active limit rule: player 0 mapper MAPPER_SIGNPOST
[Debug  :Building Limit] [2026-09-24 22:12:33.581] Building placement validation has no active limit rule: player 0 mapper MAPPER_SIGNPOST
[Debug  :Building Limit] [2026-09-24 22:12:33.581] Building placement validation has no active limit rule: player 0 mapper MAPPER_SIGNPOST
[Debug  :Building Limit] [2026-09-24 22:12:33.581] Building placement validation has no active limit rule: player 0 mapper MAPPER_SIGNPOST
[Debug  :Building Limit] [2026-09-24 22:12:33.581] Building placement validation has no active limit rule: player 0 mapper MAPPER_SIGNPOST
[Debug  :Building Limit] [2026-09-24 22:12:33.581] Building placement validation has no active limit rule: player 0 mapper MAPPER_SIGNPOST
[Debug  :Building Limit] [2026-09-24 22:12:33.581] Building placement validation has no active limit rule: player 0 mapper MAPPER_SIGNPOST
[Debug  :Building Limit] [2026-09-24 22:12:33.581] Building placement validation has no active limit rule: player 0 mapper MAPPER_SIGNPOST
[Debug  :Building Limit] [2026-09-24 22:12:33.581] Building placement validation has no active limit rule: player 0 mapper MAPPER_SIGNPOST
[Debug  :Building Limit] [2026-09-24 22:12:33.581] Building placement validation has no active limit rule: player 0 mapper MAPPER_SIGNPOST
[Debug  :Building Limit] [2026-09-24 22:12:33.582] Building placement validation has no active limit rule: player 0 mapper MAPPER_SIGNPOST
[Debug  :Building Limit] [2026-09-24 22:12:33.582] Building placement validation has no active limit rule: player 0 mapper MAPPER_SIGNPOST
[Debug  :Building Limit] [2026-09-24 22:12:33.582] Building placement validation has no active limit rule: player 0 mapper MAPPER_SIGNPOST
[Debug  :Building Limit] [2026-09-24 22:12:33.582] Building placement validation has no active limit rule: player 0 mapper MAPPER_SIGNPOST
[Debug  :Building Limit] [2026-09-24 22:12:33.582] Building placement validation has no active limit rule: player 0 mapper MAPPER_SIGNPOST
[Debug  :Building Limit] [2026-09-24 22:12:33.582] Building placement validation has no active limit rule: player 0 mapper MAPPER_SIGNPOST
[Debug  :Building Limit] [2026-09-24 22:12:33.582] Building placement validation has no active limit rule: player 0 mapper MAPPER_SIGNPOST
[Debug  :Building Limit] [2026-09-24 22:12:33.582] Building placement validation has no active limit rule: player 0 mapper MAPPER_SIGNPOST
[Debug  :Building Limit] [2026-09-24 22:12:33.582] Building placement validation has no active limit rule: player 0 mapper MAPPER_SIGNPOST
[Debug  :Building Limit] [2026-09-24 22:12:33.582] Building placement validation has no active limit rule: player 0 mapper MAPPER_SIGNPOST
[Debug  :Building Limit] [2026-09-24 22:12:33.582] Building placement validation has no active limit rule: player 0 mapper MAPPER_SIGNPOST
[Debug  :Building Limit] [2026-09-24 22:12:33.582] Building placement validation has no active limit rule: player 0 mapper MAPPER_SIGNPOST
[Debug  :Building Limit] [2026-09-24 22:12:33.582] Building placement validation has no active limit rule: player 0 mapper MAPPER_SIGNPOST
[Debug  :Building Limit] [2026-09-24 22:12:33.582] Building placement validation has no active limit rule: player 0 mapper MAPPER_SIGNPOST
[Debug  :Building Limit] [2026-09-24 22:12:33.582] Building placement validation has no active limit rule: player 0 mapper MAPPER_SIGNPOST
[Debug  :Building Limit] [2026-09-24 22:12:33.582] Building placement validation has no active limit rule: player 0 mapper MAPPER_SIGNPOST
[Debug  :Building Limit] [2026-09-24 22:12:33.582] Building placement validation has no active limit rule: player 0 mapper MAPPER_SIGNPOST
[Debug  :Building Limit] [2026-09-24 22:12:33.582] Building placement validation has no active limit rule: player 0 mapper MAPPER_SIGNPOST
[Debug  :Building Limit] [2026-09-24 22:12:33.582] Building placement validation has no active limit rule: player 0 mapper MAPPER_SIGNPOST
[Debug  :Building Limit] [2026-09-24 22:12:33.582] Building placement validation has no active limit rule: player 0 mapper MAPPER_SIGNPOST
[Debug  :Building Limit] [2026-09-24 22:12:33.582] Building placement validation has no active limit rule: player 0 mapper MAPPER_SIGNPOST
[Debug  :Building Limit] [2026-09-24 22:12:33.582] Building placement validation has no active limit rule: player 0 mapper MAPPER_SIGNPOST
[Debug  :Building Limit] [2026-09-24 22:12:33.582] Building placement validation has no active limit rule: player 0 mapper MAPPER_SIGNPOST
[Debug  :Building Limit] [2026-09-24 22:12:33.582] Building placement validation has no active limit rule: player 0 mapper MAPPER_SIGNPOST
[Debug  :Building Limit] [2026-09-24 22:12:33.582] Building placement validation has no active limit rule: player 0 mapper MAPPER_SIGNPOST
[Debug  :Building Limit] [2026-09-24 22:12:33.582] Building placement validation has no active limit rule: player 0 mapper MAPPER_SIGNPOST
[Debug  :Building Limit] [2026-09-24 22:12:33.582] Building placement validation has no active limit rule: player 0 mapper MAPPER_SIGNPOST
[Debug  :Building Limit] [2026-09-24 22:12:33.582] Building placement validation has no active limit rule: player 0 mapper MAPPER_SIGNPOST
[Debug  :Building Limit] [2026-09-24 22:12:33.582] Building placement validation has no active limit rule: player 0 mapper MAPPER_SIGNPOST
[Debug  :Building Limit] [2026-09-24 22:12:33.582] Building placement validation has no active limit rule: player 0 mapper MAPPER_SIGNPOST
[Debug  :Building Limit] [2026-09-24 22:12:33.582] Building placement validation has no active limit rule: player 0 mapper MAPPER_SIGNPOST
[Debug  :Building Limit] [2026-09-24 22:12:33.582] Building placement validation has no active limit rule: player 0 mapper MAPPER_SIGNPOST
[Debug  :Building Limit] [2026-09-24 22:12:33.582] Building placement validation has no active limit rule: player 0 mapper MAPPER_SIGNPOST
[Debug  :Building Limit] [2026-09-24 22:12:33.582] Building placement validation has no active limit rule: player 0 mapper MAPPER_SIGNPOST
[Debug  :Building Limit] [2026-09-24 22:12:33.582] Building placement validation has no active limit rule: player 0 mapper MAPPER_SIGNPOST
[Debug  :Building Limit] [2026-09-24 22:12:33.582] Building placement validation has no active limit rule: player 0 mapper MAPPER_SIGNPOST
[Debug  :Building Limit] [2026-09-24 22:12:33.582] Building placement validation has no active limit rule: player 0 mapper MAPPER_SIGNPOST
[Debug  :Building Limit] [2026-09-24 22:12:33.582] Building placement validation has no active limit rule: player 0 mapper MAPPER_SIGNPOST
[Debug  :Building Limit] [2026-09-24 22:12:33.582] Building placement validation has no active limit rule: player 0 mapper MAPPER_SIGNPOST
[Debug  :Building Limit] [2026-09-24 22:12:33.582] Building placement validation has no active limit rule: player 0 mapper MAPPER_SIGNPOST
[Debug  :Building Limit] [2026-09-24 22:12:33.582] Building placement validation has no active limit rule: player 0 mapper MAPPER_SIGNPOST
[Debug  :Building Limit] [2026-09-24 22:12:33.582] Building placement validation has no active limit rule: player 0 mapper MAPPER_SIGNPOST
[Debug  :Building Limit] [2026-09-24 22:12:33.582] Building placement validation has no active limit rule: player 0 mapper MAPPER_SIGNPOST
[Debug  :Building Limit] [2026-09-24 22:12:33.582] Building placement validation has no active limit rule: player 0 mapper MAPPER_SIGNPOST
[Debug  :Building Limit] [2026-09-24 22:12:33.582] Building placement validation has no active limit rule: player 0 mapper MAPPER_SIGNPOST
[Debug  :Building Limit] [2026-09-24 22:12:33.582] Building placement validation has no active limit rule: player 0 mapper MAPPER_SIGNPOST
[Debug  :Building Limit] [2026-09-24 22:12:33.582] Building placement validation has no active limit rule: player 0 mapper MAPPER_SIGNPOST
[Debug  :Building Limit] [2026-09-24 22:12:33.582] Building placement validation has no active limit rule: player 0 mapper MAPPER_SIGNPOST
[Debug  :Building Limit] [2026-09-24 22:12:33.582] Building placement validation has no active limit rule: player 0 mapper MAPPER_SIGNPOST
[Debug  :Building Limit] [2026-09-24 22:12:33.582] Building placement validation has no active limit rule: player 0 mapper MAPPER_SIGNPOST
[Debug  :Building Limit] [2026-09-24 22:12:33.582] Building placement validation has no active limit rule: player 0 mapper MAPPER_SIGNPOST
[Debug  :Building Limit] [2026-09-24 22:12:33.582] Building placement validation has no active limit rule: player 0 mapper MAPPER_SIGNPOST
[Debug  :Building Limit] [2026-09-24 22:12:33.582] Building placement validation has no active limit rule: player 0 mapper MAPPER_SIGNPOST
[Debug  :Building Limit] [2026-09-24 22:12:33.582] Building placement validation has no active limit rule: player 0 mapper MAPPER_SIGNPOST
[Debug  :Building Limit] [2026-09-24 22:12:33.582] Building placement validation has no active limit rule: player 0 mapper MAPPER_SIGNPOST
[Debug  :Building Limit] [2026-09-24 22:12:33.582] Building placement validation has no active limit rule: player 0 mapper MAPPER_SIGNPOST
[Debug  :Building Limit] [2026-09-24 22:12:33.582] Building placement validation has no active limit rule: player 0 mapper MAPPER_SIGNPOST
[Debug  :Building Limit] [2026-09-24 22:12:33.583] Building placement validation has no active limit rule: player 0 mapper MAPPER_SIGNPOST
[Debug  :Building Limit] [2026-09-24 22:12:33.583] Building placement validation has no active limit rule: player 0 mapper MAPPER_SIGNPOST
[Debug  :Building Limit] [2026-09-24 22:12:33.584] Building placement validation has no active limit rule: player 0 mapper MAPPER_SIGNPOST
[Info   :Random Events] [2026-09-24 22:12:33.584] Signpost initialization completed: selectedBuildingIds=[46,47,48,49], usableRegistered=true, recoveredAfterFailure=true.
[Debug  :Random Events] [2026-09-24 22:12:33.586] Random Events batch prepared: mode=SharedEvents, includeAIPlayers=False, dueAbsoluteMonth=14184, actions=1, targetPlayers=[1], prngBefore=625353284F8219C5:CE22C3076C68E6C4, prngAfter=2A09FA6CC152C509:52D17FA4156BF5C8, actionDigest=416F820186C6E6557EBC82A125C0B857B225126E03DBD8B6262C935893B00CCE, actionOrder=[0:2@P1=0], stateDigest=793A6D62914C2D790C02A76E2CC16C6B7176816D975D043F46091BADCDC3F39C.
[Debug  :Extra Features] [2026-09-24 22:12:33.625] Extra Features applied Lord health: player=1, globalId=224, multiplier=100%, health=150000/150000->150000/150000, vanillaMax=150000.
[Debug  :Extra Features] [2026-09-24 22:12:33.625] Extra Features applied Lord health: player=2, globalId=226, multiplier=100%, health=450000/450000->450000/450000, vanillaMax=450000.
[Debug  :Extra Features] [2026-09-24 22:12:33.625] Extra Features applied Lord health: player=3, globalId=228, multiplier=100%, health=450000/450000->450000/450000, vanillaMax=450000.
[Debug  :Extra Features] [2026-09-24 22:12:33.625] Extra Features applied Lord health: player=4, globalId=230, multiplier=100%, health=360000/360000->360000/360000, vanillaMax=360000.
[Debug  :Extra Features] [2026-09-24 22:12:33.625] Extra Features applied Lord health: player=5, globalId=232, multiplier=100%, health=270000/270000->270000/270000, vanillaMax=270000.
[Warning:  SHCDE-SE] [T1-22:12:34.729] [GameNetworkAPI] [GetLocalPlayerId] Local SteamID [76561198102311542] has no assigned slot yet: returning -1
[Warning:  SHCDE-SE] [T1-22:12:34.729] [GameNetworkAPI] [GetLocalPlayerId] Local SteamID [76561198102311542] has no assigned slot yet: returning -1
[Warning:  SHCDE-SE] [T1-22:12:34.729] [GameNetworkAPI] [GetLocalPlayerId] Local SteamID [76561198102311542] has no assigned slot yet: returning -1
[Warning:  SHCDE-SE] [T1-22:12:34.729] [GameNetworkAPI] [GetLocalPlayerId] Local SteamID [76561198102311542] has no assigned slot yet: returning -1
[Warning:  SHCDE-SE] [T1-22:12:34.730] [GameNetworkAPI] [GetLocalPlayerId] Local SteamID [76561198102311542] has no assigned slot yet: returning -1
[Warning:  SHCDE-SE] [T1-22:12:34.730] [GameNetworkAPI] [GetLocalPlayerId] Local SteamID [76561198102311542] has no assigned slot yet: returning -1
[Warning:  SHCDE-SE] [T1-22:12:34.730] [GameNetworkAPI] [GetLocalPlayerId] Local SteamID [76561198102311542] has no assigned slot yet: returning -1
[Warning:  SHCDE-SE] [T1-22:12:34.730] [GameNetworkAPI] [GetLocalPlayerId] Local SteamID [76561198102311542] has no assigned slot yet: returning -1
[Warning:  SHCDE-SE] [T1-22:12:34.730] [GameNetworkAPI] [GetLocalPlayerId] Local SteamID [76561198102311542] has no assigned slot yet: returning -1
[Warning:  SHCDE-SE] [T1-22:12:34.730] [GameNetworkAPI] [GetLocalPlayerId] Local SteamID [76561198102311542] has no assigned slot yet: returning -1
[Warning:  SHCDE-SE] [T23-22:12:34.739] [GameNetworkAPI] [GetLocalPlayerId] Local SteamID [76561198102311542] has no assigned slot yet: returning -1
[Warning:  SHCDE-SE] [T1-22:12:36.962] [GameNetworkAPI] [GetLocalPlayerId] Local SteamID [76561198102311542] has no assigned slot yet: returning -1
[Warning:  SHCDE-SE] [T1-22:12:36.962] [GameNetworkAPI] [GetLocalPlayerId] Local SteamID [76561198102311542] has no assigned slot yet: returning -1
[Warning:  SHCDE-SE] [T1-22:12:36.962] [GameNetworkAPI] [GetLocalPlayerId] Local SteamID [76561198102311542] has no assigned slot yet: returning -1
[Warning:  SHCDE-SE] [T1-22:12:36.963] [GameNetworkAPI] [GetLocalPlayerId] Local SteamID [76561198102311542] has no assigned slot yet: returning -1
[Warning:  SHCDE-SE] [T1-22:12:36.963] [GameNetworkAPI] [GetLocalPlayerId] Local SteamID [76561198102311542] has no assigned slot yet: returning -1
[Warning:  SHCDE-SE] [T1-22:12:36.963] [GameNetworkAPI] [GetLocalPlayerId] Local SteamID [76561198102311542] has no assigned slot yet: returning -1
[Warning:  SHCDE-SE] [T1-22:12:36.963] [GameNetworkAPI] [GetLocalPlayerId] Local SteamID [76561198102311542] has no assigned slot yet: returning -1
[Warning:  SHCDE-SE] [T1-22:12:36.963] [GameNetworkAPI] [GetLocalPlayerId] Local SteamID [76561198102311542] has no assigned slot yet: returning -1
[Warning:  SHCDE-SE] [T1-22:12:36.963] [GameNetworkAPI] [GetLocalPlayerId] Local SteamID [76561198102311542] has no assigned slot yet: returning -1
[Warning:  SHCDE-SE] [T1-22:12:36.963] [GameNetworkAPI] [GetLocalPlayerId] Local SteamID [76561198102311542] has no assigned slot yet: returning -1
[Warning:  SHCDE-SE] [T1-22:12:36.963] [GameNetworkAPI] [GetLocalPlayerId] Local SteamID [76561198102311542] has no assigned slot yet: returning -1
[Warning:  SHCDE-SE] [T1-22:12:36.963] [GameNetworkAPI] [GetLocalPlayerId] Local SteamID [76561198102311542] has no assigned slot yet: returning -1
[Warning:  SHCDE-SE] [T1-22:12:36.963] [GameNetworkAPI] [GetLocalPlayerId] Local SteamID [76561198102311542] has no assigned slot yet: returning -1
[Warning:  SHCDE-SE] [T1-22:12:36.963] [GameNetworkAPI] [GetLocalPlayerId] Local SteamID [76561198102311542] has no assigned slot yet: returning -1
[Warning:  SHCDE-SE] [T23-22:12:36.972] [GameNetworkAPI] [GetLocalPlayerId] Local SteamID [76561198102311542] has no assigned slot yet: returning -1
[Info   :  SHCDE-SE] [T1-22:12:41.109] [GameMapArchiveManagerAPI] [OnUnloadMap] Unloading archive
[Info   :  SHCDE-SE] [T1-22:12:41.109] [GameMapArchiveManagerAPI] [RemoveActiveArchive] Attempting to remove active archive
[Info   :  SHCDE-SE] [T1-22:12:41.109] [LuaManager] [OnUnloadMap] Attempting to unload lua state due to event, phase: Pre
[Info   :  SHCDE-SE] [T1-22:12:41.109] [LuaManager] [TryUnload] Attempting to unload lua state
[Warning:  SHCDE-SE] [T1-22:12:41.109] [LuaManager] [TryUnload] Lua state already unloaded!
[Info   :  SHCDE-SE] [T1-22:12:41.109] [DeterministicRandom] [OnUnloadMap] uninitializing shared state.
[Info   :  SHCDE-SE] [T1-22:12:41.109] [GamePlayerManagerAPI] [OnUnloadMap] Unloading
[Info   :  SHCDE-SE] [T1-22:12:41.109] [GameUnitManagerAPI] [OnUnloadMap] Unloading
[Info   :  SHCDE-SE] [T1-22:12:41.109] [GameBuildingManagerAPI] [OnUnloadMap] Unloading
[Info   :  SHCDE-SE] [T1-22:12:41.109] [GameMetadataManagerAPI] [OnUnloadMap] Unloading metadata
[Info   : APIShared] [2026-09-24 22:12:41.109] MissionEnd: session=3, source=NewGame, mode=CustomGame, phase=ManagedReady, reason=Unloaded, started=True, replay=False.
[Info   :  SHCDE-SE] [T1-22:12:41.109] [GameSoundManagerAPI] [Unload] Unloading sounds
[Info   :  SHCDE-SE] [T1-22:12:41.109] [GameSoundManagerAPI] [Unload] Unloading sounds complete
[Info   :  SHCDE-SE] [T1-22:12:41.109] [GameTriggerManager] [OnUnloadMap] Unloading
[Info   :  SHCDE-SE] [T1-22:12:41.109] [GameTimeManagerAPI] [OnUnloadMap] Unloading
[Info   :  SHCDE-SE] [T1-22:12:41.109] [GameAfterImageManager] [OnUnloadMap] Unloading active effects
[Info   :  SHCDE-SE] [T1-22:12:41.109] [GameBundleManager] [OnUnloadMap] Unloading
[Info   :Active AIV Detector] [2026-09-24 22:12:41.109] Active AIV detector reset for map unload; waiting for finalized AI selections. retainedPendingLobbyMetadata=False, retainedPendingPreBuildSetting=False.
[Info   :Unit Limit] [2026-09-24 22:12:41.109] [Unit Limit] gameplay-mod gate: modGuid=UnitLimit_Serp, source=MissionEnd, kind=Unknown, launchVariant=Standard, customized=False, customizedOrigin=0, modeAllowed=False, configuredEnabled=True, effectiveEnabled=False, action=disabled-by-mode, reason=unknown-fail-closed.
[Info   :Unit Limit] [2026-09-24 22:12:41.109] [UnitLimit_Serp] gameplay-feature gate: feature=UnitLimitEnforcement, source=MissionEnd, kind=Unknown, launchVariant=Standard, realMultiplayer=False, modeAllowed=False, action=disabled-by-feature-mode, reason=unknown-fail-closed.
[Debug  :Unit Limit] [2026-09-24 22:12:41.109] UnitLimit MakeTroop GameAction hook disposed.
[Debug  :Unit Limit] [2026-09-24 22:12:41.110] UnitLimit create troop hover hooks disposed.
[Debug  :Unit Limit] [2026-09-24 22:12:41.110] UnitLimit siege build hover hooks disposed.
[Debug  :Unit Limit] [2026-09-24 22:12:41.110] UnitLimit recruitment availability UI hook disposed.
[Debug  :Unit Limit] [2026-09-24 22:12:41.110] ActiveUnitCache cleared.
[Debug  :Unit Limit] [2026-09-24 22:12:41.110] ActiveSiegeTentCache cleared.
[Warning:  SHCDE-SE] [T1-22:12:41.110] [GameNetworkAPI] [GetLocalPlayerId] Local SteamID [76561198102311542] has no assigned slot yet: returning -1
[Warning:  SHCDE-SE] [T1-22:12:41.110] [GameNetworkAPI] [GetLocalPlayerId] Local SteamID [76561198102311542] has no assigned slot yet: returning -1
[Info   :Extra Features] [2026-09-24 22:12:41.110] [Extra Features] gameplay-mod gate: modGuid=ExtraFeatures_Serp, source=MissionEnd, kind=Unknown, launchVariant=Standard, customized=False, customizedOrigin=0, modeAllowed=False, configuredEnabled=True, effectiveEnabled=False, action=disabled-by-mode, reason=unknown-fail-closed.
[Info   :Extra Features] [2026-09-24 22:12:41.110] [ExtraFeatures_Serp] gameplay-feature gate: feature=LordHealthMultipliers, source=MissionEnd, kind=Unknown, launchVariant=Standard, realMultiplayer=False, modeAllowed=False, action=disabled-by-feature-mode, reason=unknown-fail-closed.
[Info   :Extra Features] [2026-09-24 22:12:41.110] Extra Features gatehouse map state cleared: manualOnly=0.
[Debug  :Extra Features] [2026-09-24 22:12:41.110] Extra Features apothecary plague-search maximum is now 30 (Vanilla).
[Debug  :Extra Features] [2026-09-24 22:12:41.110] Extra Features gatehouse diagnostic: button visibility state: hidden: mod-disabled.
[Info   :Extra Features] [2026-09-24 22:12:41.110] Extra Features church priest counts applied: enabled=False, church2=1, church3=1.
[Debug  :Bugfixes and QoL] [2026-09-24 22:12:41.110] Post-game lobby handoff state reset: reason=mission-end.
[Debug  :Bugfixes and QoL] [2026-09-24 22:12:41.111] Reset surrender/statistics session state: reason=mission-end.
[Info   :Building Costs] [2026-09-24 22:12:41.111] [Building Costs] gameplay-mod gate: modGuid=BuildingCosts_Serp, source=MissionEnd, kind=Unknown, launchVariant=Standard, customized=False, customizedOrigin=0, modeAllowed=False, configuredEnabled=True, effectiveEnabled=False, action=disabled-by-mode, reason=unknown-fail-closed.
[Info   :Building Costs] [2026-09-24 22:12:41.111] [BuildingCosts_Serp] gameplay-feature gate: feature=BuildingCostTooltip, source=MissionEnd, kind=Unknown, launchVariant=Standard, realMultiplayer=False, modeAllowed=False, action=disabled-by-feature-mode, reason=unknown-fail-closed.
[Debug  :Building Costs] [2026-09-24 22:12:41.111] Restored default building cost materials: 0
[Info   :Building Limit] [2026-09-24 22:12:41.111] [Building Limit] gameplay-mod gate: modGuid=BuildingLimit_Serp, source=MissionEnd, kind=Unknown, launchVariant=Standard, customized=False, customizedOrigin=0, modeAllowed=False, configuredEnabled=True, effectiveEnabled=False, action=disabled-by-mode, reason=unknown-fail-closed.
[Info   :Building Limit] [2026-09-24 22:12:41.111] [BuildingLimit_Serp] gameplay-feature gate: feature=BuildingLimitEnforcement, source=MissionEnd, kind=Unknown, launchVariant=Standard, realMultiplayer=False, modeAllowed=False, action=disabled-by-feature-mode, reason=unknown-fail-closed.
[Debug  :Building Limit] [2026-09-24 22:12:41.111] ActiveBuildingCache cleared.
[Info   :CastlePlanner] [2026-09-24 22:12:41.111] [CastlePlanner] gameplay-mod gate: modGuid=CastlePlanner_Serp, source=MissionEnd, kind=Unknown, launchVariant=Standard, customized=False, customizedOrigin=0, modeAllowed=False, configuredEnabled=True, effectiveEnabled=False, action=disabled-by-mode, reason=unknown-fail-closed.
[Info   :CastlePlanner] [2026-09-24 22:12:41.111] [CastlePlanner_Serp] gameplay-feature gate: feature=CastleSpawning, source=MissionEnd, kind=Unknown, launchVariant=Standard, realMultiplayer=False, modeAllowed=False, action=disabled-by-feature-mode, reason=unknown-fail-closed.
[Info   :CastlePlanner] [2026-09-24 22:12:41.111] [CastlePlanner_Serp] gameplay-feature gate: feature=FreeCastlePreview, source=MissionEnd, kind=Unknown, launchVariant=Standard, realMultiplayer=False, modeAllowed=False, action=disabled-by-feature-mode, reason=unknown-fail-closed.
[Info   :CastlePlanner] [2026-09-24 22:12:41.111] [CastlePlanner_Serp] gameplay-feature gate: feature=CastleBlueprints, source=MissionEnd, kind=Unknown, launchVariant=Standard, realMultiplayer=False, modeAllowed=False, action=disabled-by-feature-mode, reason=unknown-fail-closed.
[Debug  :CastlePlanner] [2026-09-24 22:12:41.111] Blueprint overlay cleared for map unload.
[Debug  :CastlePlanner] [2026-09-24 22:12:41.111] OnUnloadMap(Post) received; the next new map may spawn a native AIV castle.
[Info   : Cheat Mod] [2026-09-24 22:12:41.111] [Cheat Mod] gameplay-mod gate: modGuid=CheatMod_Serp, source=MissionEnd, kind=Unknown, launchVariant=Standard, customized=False, customizedOrigin=0, modeAllowed=False, configuredEnabled=False, effectiveEnabled=False, action=disabled-by-mode, reason=unknown-fail-closed.
[Info   : Cheat Mod] [2026-09-24 22:12:41.111] [CheatMod_Serp] gameplay-feature gate: feature=EndlessExtremePowersRecharge, source=MissionEnd, kind=Unknown, launchVariant=Standard, realMultiplayer=False, modeAllowed=False, action=disabled-by-feature-mode, reason=unknown-fail-closed.
[Info   :Extreme Powers] [2026-09-24 22:12:41.116] [Extreme Powers] gameplay-mod gate: modGuid=ExtremePowers_Serp, source=MissionEnd, kind=Unknown, launchVariant=Standard, customized=False, customizedOrigin=0, modeAllowed=False, configuredEnabled=True, effectiveEnabled=False, action=disabled-by-mode, reason=unknown-fail-closed.
[Info   :Random Events] [2026-09-24 22:12:41.116] [Random Events] gameplay-mod gate: modGuid=RandomEvents_Serp, source=MissionEnd, kind=Unknown, launchVariant=Standard, customized=False, customizedOrigin=0, modeAllowed=False, configuredEnabled=True, effectiveEnabled=False, action=disabled-by-mode, reason=unknown-fail-closed.
[Info   :Random Events] [2026-09-24 22:12:41.116] [RandomEvents_Serp] gameplay-feature gate: feature=RandomEventsRuntime, source=MissionEnd, kind=Unknown, launchVariant=Standard, realMultiplayer=False, modeAllowed=False, action=disabled-by-feature-mode, reason=unknown-fail-closed.
[Info   :Unit Costs] [2026-09-24 22:12:41.116] [Unit Costs] gameplay-mod gate: modGuid=UnitCosts_Serp, source=MissionEnd, kind=Unknown, launchVariant=Standard, customized=False, customizedOrigin=0, modeAllowed=False, configuredEnabled=True, effectiveEnabled=False, action=disabled-by-mode, reason=unknown-fail-closed.
[Info   :Unit Costs] [2026-09-24 22:12:41.116] [UnitCosts_Serp] gameplay-feature gate: feature=UnitCostEnforcement, source=MissionEnd, kind=Unknown, launchVariant=Standard, realMultiplayer=False, modeAllowed=False, action=disabled-by-feature-mode, reason=unknown-fail-closed.
[Debug  :Unit Costs] [2026-09-24 22:12:41.116] Restored vanilla unit cost values: 32
[Debug  :Unit Costs] [2026-09-24 22:12:41.116] UnitCosts MakeTroop GameAction hook disposed.
[Debug  :Unit Costs] [2026-09-24 22:12:41.116] UnitCosts create troop hover hooks disposed.
[Debug  :Unit Costs] [2026-09-24 22:12:41.116] UnitCosts siege build hover hooks disposed.
[Debug  :Unit Costs] [2026-09-24 22:12:41.116] UnitCosts recruitment availability UI hook disposed.
[Info   :  SHCDE-SE] [T1-22:12:41.230] [BulkMapLoaderDetours] [c_game_unload_map_hook_impl] pTileManager=00007FFAAE2DEDB0, preventNotification=False
[Info   :  SHCDE-SE] [T1-22:12:41.230] [GameMapArchiveManagerAPI] [OnUnloadMap] Unloading archive
[Info   :  SHCDE-SE] [T1-22:12:41.230] [GameMapArchiveManagerAPI] [RemoveActiveArchive] Attempting to remove active archive
[Info   :  SHCDE-SE] [T1-22:12:41.230] [LuaManager] [OnUnloadMap] Attempting to unload lua state due to event, phase: Pre
[Info   :  SHCDE-SE] [T1-22:12:41.230] [LuaManager] [TryUnload] Attempting to unload lua state
[Warning:  SHCDE-SE] [T1-22:12:41.230] [LuaManager] [TryUnload] Lua state already unloaded!
[Info   :  SHCDE-SE] [T1-22:12:41.230] [DeterministicRandom] [OnUnloadMap] uninitializing shared state.
[Info   :  SHCDE-SE] [T1-22:12:41.230] [GamePlayerManagerAPI] [OnUnloadMap] Unloading
[Info   :  SHCDE-SE] [T1-22:12:41.231] [GameUnitManagerAPI] [OnUnloadMap] Unloading
[Info   :  SHCDE-SE] [T1-22:12:41.231] [GameBuildingManagerAPI] [OnUnloadMap] Unloading
[Info   :  SHCDE-SE] [T1-22:12:41.231] [GameMetadataManagerAPI] [OnUnloadMap] Unloading metadata
[Info   :  SHCDE-SE] [T1-22:12:41.231] [GameSoundManagerAPI] [Unload] Unloading sounds
[Info   :  SHCDE-SE] [T1-22:12:41.231] [GameSoundManagerAPI] [Unload] Unloading sounds complete
[Info   :  SHCDE-SE] [T1-22:12:41.231] [GameTriggerManager] [OnUnloadMap] Unloading
[Info   :  SHCDE-SE] [T1-22:12:41.231] [GameTimeManagerAPI] [OnUnloadMap] Unloading
[Info   :  SHCDE-SE] [T1-22:12:41.231] [GameAfterImageManager] [OnUnloadMap] Unloading active effects
[Info   :  SHCDE-SE] [T1-22:12:41.231] [GameBundleManager] [OnUnloadMap] Unloading
[Info   :  SHCDE-SE] [T1-22:12:41.248] [GameMapArchiveManagerAPI] [OnUnloadMap] Unloading archive
[Info   :  SHCDE-SE] [T1-22:12:41.248] [GameMapArchiveManagerAPI] [RemoveActiveArchive] Attempting to remove active archive
[Info   :  SHCDE-SE] [T1-22:12:41.248] [DeterministicRandom] [OnUnloadMap] uninitializing shared state.
[Info   :  SHCDE-SE] [T1-22:12:41.248] [GamePlayerManagerAPI] [OnUnloadMap] Unloading
[Info   :  SHCDE-SE] [T1-22:12:41.248] [GameUnitManagerAPI] [OnUnloadMap] Unloading
[Info   :  SHCDE-SE] [T1-22:12:41.248] [GameBuildingManagerAPI] [OnUnloadMap] Unloading
[Info   :  SHCDE-SE] [T1-22:12:41.248] [GameMetadataManagerAPI] [OnUnloadMap] Unloading metadata
[Info   :  SHCDE-SE] [T1-22:12:41.248] [GameSoundManagerAPI] [Unload] Unloading sounds
[Info   :  SHCDE-SE] [T1-22:12:41.248] [GameSoundManagerAPI] [Unload] Unloading sounds complete
[Info   :  SHCDE-SE] [T1-22:12:41.248] [GameTriggerManager] [OnUnloadMap] Unloading
[Info   :  SHCDE-SE] [T1-22:12:41.248] [GameTimeManagerAPI] [OnUnloadMap] Unloading
[Info   :  SHCDE-SE] [T1-22:12:41.248] [GameAfterImageManager] [OnUnloadMap] Unloading active effects
[Info   :  SHCDE-SE] [T1-22:12:41.248] [GameBundleManager] [OnUnloadMap] Unloading
[Info   :  SHCDE-SE] [T1-22:12:41.256] [BulkMapLoaderDetours] [c_game_unload_map_hook_impl] pTileManager=00007FFAAE2DEDB0, preventNotification=False
[Info   :  SHCDE-SE] [T1-22:12:41.256] [GameMapArchiveManagerAPI] [OnUnloadMap] Unloading archive
[Info   :  SHCDE-SE] [T1-22:12:41.256] [GameMapArchiveManagerAPI] [RemoveActiveArchive] Attempting to remove active archive
[Info   :  SHCDE-SE] [T1-22:12:41.256] [LuaManager] [OnUnloadMap] Attempting to unload lua state due to event, phase: Pre
[Info   :  SHCDE-SE] [T1-22:12:41.256] [LuaManager] [TryUnload] Attempting to unload lua state
[Warning:  SHCDE-SE] [T1-22:12:41.256] [LuaManager] [TryUnload] Lua state already unloaded!
[Info   :  SHCDE-SE] [T1-22:12:41.256] [DeterministicRandom] [OnUnloadMap] uninitializing shared state.
[Info   :  SHCDE-SE] [T1-22:12:41.256] [GamePlayerManagerAPI] [OnUnloadMap] Unloading
[Info   :  SHCDE-SE] [T1-22:12:41.256] [GameUnitManagerAPI] [OnUnloadMap] Unloading
[Info   :  SHCDE-SE] [T1-22:12:41.256] [GameBuildingManagerAPI] [OnUnloadMap] Unloading
[Info   :  SHCDE-SE] [T1-22:12:41.256] [GameMetadataManagerAPI] [OnUnloadMap] Unloading metadata
[Info   :  SHCDE-SE] [T1-22:12:41.256] [GameSoundManagerAPI] [Unload] Unloading sounds
[Info   :  SHCDE-SE] [T1-22:12:41.256] [GameSoundManagerAPI] [Unload] Unloading sounds complete
[Info   :  SHCDE-SE] [T1-22:12:41.256] [GameTriggerManager] [OnUnloadMap] Unloading
[Info   :  SHCDE-SE] [T1-22:12:41.256] [GameTimeManagerAPI] [OnUnloadMap] Unloading
[Info   :  SHCDE-SE] [T1-22:12:41.256] [GameAfterImageManager] [OnUnloadMap] Unloading active effects
[Info   :  SHCDE-SE] [T1-22:12:41.256] [GameBundleManager] [OnUnloadMap] Unloading
[Info   :  SHCDE-SE] [T1-22:12:41.274] [GameMapArchiveManagerAPI] [OnUnloadMap] Unloading archive
[Info   :  SHCDE-SE] [T1-22:12:41.274] [GameMapArchiveManagerAPI] [RemoveActiveArchive] Attempting to remove active archive
[Info   :  SHCDE-SE] [T1-22:12:41.274] [DeterministicRandom] [OnUnloadMap] uninitializing shared state.
[Info   :  SHCDE-SE] [T1-22:12:41.274] [GamePlayerManagerAPI] [OnUnloadMap] Unloading
[Info   :  SHCDE-SE] [T1-22:12:41.274] [GameUnitManagerAPI] [OnUnloadMap] Unloading
[Info   :  SHCDE-SE] [T1-22:12:41.274] [GameBuildingManagerAPI] [OnUnloadMap] Unloading
[Info   :  SHCDE-SE] [T1-22:12:41.274] [GameMetadataManagerAPI] [OnUnloadMap] Unloading metadata
[Info   :  SHCDE-SE] [T1-22:12:41.274] [GameSoundManagerAPI] [Unload] Unloading sounds
[Info   :  SHCDE-SE] [T1-22:12:41.274] [GameSoundManagerAPI] [Unload] Unloading sounds complete
[Info   :  SHCDE-SE] [T1-22:12:41.274] [GameTriggerManager] [OnUnloadMap] Unloading
[Info   :  SHCDE-SE] [T1-22:12:41.274] [GameTimeManagerAPI] [OnUnloadMap] Unloading
[Info   :  SHCDE-SE] [T1-22:12:41.274] [GameAfterImageManager] [OnUnloadMap] Unloading active effects
[Info   :  SHCDE-SE] [T1-22:12:41.274] [GameBundleManager] [OnUnloadMap] Unloading
[Info   :AIV Lobby Preset Test] Preset Prepare entered; config=E:\ProgrammeE\Steam\steamapps\common\Stronghold Crusader Definitive Edition\BepInEx\config\AivLobbyPresetTest.json, lobby=True
[Info   :AIV Lobby Preset Test] Test series run 4/4: DL-reverse-on, Completed Castles=1
[Info   :AIV Lobby Preset Test] Validated lobby preset: test AI overbuild eachother.map, players=5, mapSha256=D63CD2FF3AEABA80BC3BC173BB615207666F1EAF759ECAC573FAD0DA61979DF3
[Info   :  SHCDE-SE] [T1-22:12:41.323] [MapArchive] [.ctor] Reading ZIP data from offset: 00359DCA
[Info   :  SHCDE-SE] [T1-22:12:41.329] [MapArchive] [.ctor] Reading ZIP data from offset: 00359DCA
[Warning:  SHCDE-SE] [T1-22:12:41.329] [MapArchive] [TryLoad] No info.json found: C:\Users\Serpens66\AppData\LocalLow\Firefly Studios\Stronghold Crusader Definitive Edition\Maps\test AI overbuild eachother.map
[Info   :  SHCDE-SE] [T1-22:12:41.334] [MapArchive] [.ctor] Reading ZIP data from offset: 00359DCA
[Warning:  SHCDE-SE] [T1-22:12:41.335] [MapArchive] [TryLoad] No info.json found: C:\Users\Serpens66\AppData\LocalLow\Firefly Studios\Stronghold Crusader Definitive Edition\Maps\test AI overbuild eachother.map
[Info   :CastlePlanner] [2026-09-24 22:12:41.341] AIV lobby placement result: generation=7, playerId=2, preBuild=0, status=Complete, evaluableCandidates=1/1, selectedCandidate=0, rotation=Degrees270, possibleCandidates=0, possibleRotations=Degrees270, reason=None: .
[Info   :CastlePlanner] [2026-09-24 22:12:41.341] AIV lobby placement result: generation=7, playerId=3, preBuild=0, status=NotEvaluable, evaluableCandidates=0/1, selectedCandidate=none, rotation=unknown, possibleCandidates=unproven, possibleRotations=unproven, reason=PriorAiSelectionUnknown: A possible earlier start cannot be proven (StartOverlapUnproven: An earlier AI start may clear a connected building record whose fit-layer effects are not reconstructed.)..
[Info   :CastlePlanner] [2026-09-24 22:12:41.341] AIV lobby placement result: generation=7, playerId=4, preBuild=0, status=NotEvaluable, evaluableCandidates=0/0, selectedCandidate=none, rotation=unknown, possibleCandidates=unproven, possibleRotations=unproven, reason=PriorAiSelectionUnknown: Earlier AI player 3 has no proven start state (StartOverlapUnproven: a possible candidate, rotation or start marker is not proven)..
[Info   :CastlePlanner] [2026-09-24 22:12:41.341] AIV lobby placement result: generation=7, playerId=5, preBuild=0, status=NotEvaluable, evaluableCandidates=0/0, selectedCandidate=none, rotation=unknown, possibleCandidates=unproven, possibleRotations=unproven, reason=PriorAiSelectionUnknown: Earlier AI player 3 has no proven start state (StartOverlapUnproven: a possible candidate, rotation or start marker is not proven)..
[Info   :AIV Lobby Preset Test] Lobby observed: skirmish=True, host=True, visible=True, panelActive=True, managedViewNull=False, noesisViewNull=False
[Info   :AIV Lobby Preset Test] Lobby bridge before Tick: assembly=E:\ProgrammeE\Steam\steamapps\common\Stronghold Crusader Definitive Edition\BepInEx\plugins\APIShared_Serp\APIShared.dll, owner=AivLobbyPresetTest_Serp, callback=AivLobbyPresetTest.AivLobbyPresetTestPlugin, sameLobby=True, prepared=False, active=True, applyAttempted=False
[Info   :AIV Lobby Preset Test] Preset Prepare entered; config=E:\ProgrammeE\Steam\steamapps\common\Stronghold Crusader Definitive Edition\BepInEx\config\AivLobbyPresetTest.json, lobby=True
[Info   :AIV Lobby Preset Test] Test series run 4/4: DL-reverse-on, Completed Castles=1
[Info   :AIV Lobby Preset Test] Validated lobby preset: test AI overbuild eachother.map, players=5, mapSha256=D63CD2FF3AEABA80BC3BC173BB615207666F1EAF759ECAC573FAD0DA61979DF3
[Info   :AIV Lobby Preset Test] Preset Apply entered; map=C:\Users\Serpens66\AppData\LocalLow\Firefly Studios\Stronghold Crusader Definitive Edition\Maps\test AI overbuild eachother.map, players=5
[Info   :AIV Lobby Preset Test] Preset player=1 lord=human keepSlot=4 keep=458,351
[Info   :AIV Lobby Preset Test] Preset player=2 lord=3 keepSlot=3 keep=278,395 AIVs=Default 8 rotation=auto aivDataSha256=7EE4519EAFBC46C7C1954F2941BC6F1C72BCC8E26853476BA053A8D168BB7110
[Info   :AIV Lobby Preset Test] Preset player=3 lord=17 keepSlot=0 keep=237,397 AIVs=Default 2 rotation=auto aivDataSha256=4F99F5AC0340057147C05E8F22E11341FF7429BF6671EAFB54D45865523F5D5C
[Info   :AIV Lobby Preset Test] Preset player=4 lord=12 keepSlot=1 keep=254,379 AIVs=Default 6 rotation=auto aivDataSha256=F1D404B8018A15FA56F7ED340D54FFC544CBC507589C2DD757D4E6C00CE64158
[Info   :AIV Lobby Preset Test] Preset player=5 lord=14 keepSlot=2 keep=258,417 AIVs=Default 7 rotation=auto aivDataSha256=DE54F8D2382B33263BBF3F8E8C6E1C9D64DFFEE9AEFC4F49F622557084BD8D1D
[Info   :AIV Lobby Preset Test] Test series preset applied: DL-reverse-on, Completed Castles=1.
[Info   :AIV Lobby Preset Test] Lobby bridge after Tick: assembly=E:\ProgrammeE\Steam\steamapps\common\Stronghold Crusader Definitive Edition\BepInEx\plugins\APIShared_Serp\APIShared.dll, owner=AivLobbyPresetTest_Serp, callback=AivLobbyPresetTest.AivLobbyPresetTestPlugin, sameLobby=True, prepared=True, active=True, applyAttempted=True
[Info   :CastlePlanner] [2026-09-24 22:12:41.417] AIV lobby placement result: generation=8, playerId=2, preBuild=1, status=Complete, evaluableCandidates=1/1, selectedCandidate=0, rotation=Degrees270, possibleCandidates=0, possibleRotations=Degrees270, reason=None: .
[Info   :CastlePlanner] [2026-09-24 22:12:41.417] AIV lobby placement result: generation=8, playerId=3, preBuild=1, status=NotEvaluable, evaluableCandidates=0/0, selectedCandidate=none, rotation=unknown, possibleCandidates=unproven, possibleRotations=unproven, reason=RequestNotReady: PreBuildSequenceUnsupported.
[Info   :CastlePlanner] [2026-09-24 22:12:41.417] AIV lobby placement result: generation=8, playerId=4, preBuild=1, status=NotEvaluable, evaluableCandidates=0/0, selectedCandidate=none, rotation=unknown, possibleCandidates=unproven, possibleRotations=unproven, reason=RequestNotReady: PreBuildSequenceUnsupported.
[Info   :CastlePlanner] [2026-09-24 22:12:41.417] AIV lobby placement result: generation=8, playerId=5, preBuild=1, status=NotEvaluable, evaluableCandidates=0/0, selectedCandidate=none, rotation=unknown, possibleCandidates=unproven, possibleRotations=unproven, reason=RequestNotReady: PreBuildSequenceUnsupported.
[Info   :Active AIV Detector] [2026-09-24 22:12:44.138] Captured skirmish option before StartSkirmishGame: advopt_pre_build=1, mode=enabled.
[Info   :Active AIV Detector] [2026-09-24 22:12:44.138] Captured lord/AIV metadata for 4 AI lobby slots before StartSkirmishGame.
[Info   :  SHCDE-SE] [T1-22:12:44.166] [BulkMapLoaderDetours] [c_game_unload_map_hook_impl] pTileManager=00007FFAAE2DEDB0, preventNotification=False
[Info   :  SHCDE-SE] [T1-22:12:44.166] [GameMapArchiveManagerAPI] [OnUnloadMap] Unloading archive
[Info   :  SHCDE-SE] [T1-22:12:44.166] [GameMapArchiveManagerAPI] [RemoveActiveArchive] Attempting to remove active archive
[Info   :  SHCDE-SE] [T1-22:12:44.166] [LuaManager] [OnUnloadMap] Attempting to unload lua state due to event, phase: Pre
[Info   :  SHCDE-SE] [T1-22:12:44.166] [LuaManager] [TryUnload] Attempting to unload lua state
[Warning:  SHCDE-SE] [T1-22:12:44.166] [LuaManager] [TryUnload] Lua state already unloaded!
[Info   :  SHCDE-SE] [T1-22:12:44.166] [DeterministicRandom] [OnUnloadMap] uninitializing shared state.
[Info   :  SHCDE-SE] [T1-22:12:44.166] [GamePlayerManagerAPI] [OnUnloadMap] Unloading
[Info   :  SHCDE-SE] [T1-22:12:44.166] [GameUnitManagerAPI] [OnUnloadMap] Unloading
[Info   :  SHCDE-SE] [T1-22:12:44.166] [GameBuildingManagerAPI] [OnUnloadMap] Unloading
[Info   :  SHCDE-SE] [T1-22:12:44.166] [GameMetadataManagerAPI] [OnUnloadMap] Unloading metadata
[Info   :  SHCDE-SE] [T1-22:12:44.166] [GameSoundManagerAPI] [Unload] Unloading sounds
[Info   :  SHCDE-SE] [T1-22:12:44.166] [GameSoundManagerAPI] [Unload] Unloading sounds complete
[Info   :  SHCDE-SE] [T1-22:12:44.166] [GameTriggerManager] [OnUnloadMap] Unloading
[Info   :  SHCDE-SE] [T1-22:12:44.166] [GameTimeManagerAPI] [OnUnloadMap] Unloading
[Info   :  SHCDE-SE] [T1-22:12:44.166] [GameAfterImageManager] [OnUnloadMap] Unloading active effects
[Info   :  SHCDE-SE] [T1-22:12:44.166] [GameBundleManager] [OnUnloadMap] Unloading
[Info   :  SHCDE-SE] [T1-22:12:44.182] [GameMapArchiveManagerAPI] [OnUnloadMap] Unloading archive
[Info   :  SHCDE-SE] [T1-22:12:44.182] [GameMapArchiveManagerAPI] [RemoveActiveArchive] Attempting to remove active archive
[Info   :  SHCDE-SE] [T1-22:12:44.182] [DeterministicRandom] [OnUnloadMap] uninitializing shared state.
[Info   :  SHCDE-SE] [T1-22:12:44.182] [GamePlayerManagerAPI] [OnUnloadMap] Unloading
[Info   :  SHCDE-SE] [T1-22:12:44.182] [GameUnitManagerAPI] [OnUnloadMap] Unloading
[Info   :  SHCDE-SE] [T1-22:12:44.182] [GameBuildingManagerAPI] [OnUnloadMap] Unloading
[Info   :  SHCDE-SE] [T1-22:12:44.182] [GameMetadataManagerAPI] [OnUnloadMap] Unloading metadata
[Info   :  SHCDE-SE] [T1-22:12:44.182] [GameSoundManagerAPI] [Unload] Unloading sounds
[Info   :  SHCDE-SE] [T1-22:12:44.182] [GameSoundManagerAPI] [Unload] Unloading sounds complete
[Info   :  SHCDE-SE] [T1-22:12:44.182] [GameTriggerManager] [OnUnloadMap] Unloading
[Info   :  SHCDE-SE] [T1-22:12:44.182] [GameTimeManagerAPI] [OnUnloadMap] Unloading
[Info   :  SHCDE-SE] [T1-22:12:44.182] [GameAfterImageManager] [OnUnloadMap] Unloading active effects
[Info   :  SHCDE-SE] [T1-22:12:44.182] [GameBundleManager] [OnUnloadMap] Unloading
[Info   :  SHCDE-SE] [T1-22:12:44.189] [BulkMapLoaderDetours] [c_game_unload_map_hook_impl] pTileManager=00007FFAAE2DEDB0, preventNotification=False
[Info   :  SHCDE-SE] [T1-22:12:44.189] [GameMapArchiveManagerAPI] [OnUnloadMap] Unloading archive
[Info   :  SHCDE-SE] [T1-22:12:44.189] [GameMapArchiveManagerAPI] [RemoveActiveArchive] Attempting to remove active archive
[Info   :  SHCDE-SE] [T1-22:12:44.189] [LuaManager] [OnUnloadMap] Attempting to unload lua state due to event, phase: Pre
[Info   :  SHCDE-SE] [T1-22:12:44.189] [LuaManager] [TryUnload] Attempting to unload lua state
[Warning:  SHCDE-SE] [T1-22:12:44.189] [LuaManager] [TryUnload] Lua state already unloaded!
[Info   :  SHCDE-SE] [T1-22:12:44.189] [DeterministicRandom] [OnUnloadMap] uninitializing shared state.
[Info   :  SHCDE-SE] [T1-22:12:44.189] [GamePlayerManagerAPI] [OnUnloadMap] Unloading
[Info   :  SHCDE-SE] [T1-22:12:44.189] [GameUnitManagerAPI] [OnUnloadMap] Unloading
[Info   :  SHCDE-SE] [T1-22:12:44.189] [GameBuildingManagerAPI] [OnUnloadMap] Unloading
[Info   :  SHCDE-SE] [T1-22:12:44.189] [GameMetadataManagerAPI] [OnUnloadMap] Unloading metadata
[Info   :  SHCDE-SE] [T1-22:12:44.189] [GameSoundManagerAPI] [Unload] Unloading sounds
[Info   :  SHCDE-SE] [T1-22:12:44.189] [GameSoundManagerAPI] [Unload] Unloading sounds complete
[Info   :  SHCDE-SE] [T1-22:12:44.189] [GameTriggerManager] [OnUnloadMap] Unloading
[Info   :  SHCDE-SE] [T1-22:12:44.189] [GameTimeManagerAPI] [OnUnloadMap] Unloading
[Info   :  SHCDE-SE] [T1-22:12:44.189] [GameAfterImageManager] [OnUnloadMap] Unloading active effects
[Info   :  SHCDE-SE] [T1-22:12:44.189] [GameBundleManager] [OnUnloadMap] Unloading
[Info   :  SHCDE-SE] [T1-22:12:44.206] [GameMapArchiveManagerAPI] [OnUnloadMap] Unloading archive
[Info   :  SHCDE-SE] [T1-22:12:44.206] [GameMapArchiveManagerAPI] [RemoveActiveArchive] Attempting to remove active archive
[Info   :  SHCDE-SE] [T1-22:12:44.206] [DeterministicRandom] [OnUnloadMap] uninitializing shared state.
[Info   :  SHCDE-SE] [T1-22:12:44.206] [GamePlayerManagerAPI] [OnUnloadMap] Unloading
[Info   :  SHCDE-SE] [T1-22:12:44.206] [GameUnitManagerAPI] [OnUnloadMap] Unloading
[Info   :  SHCDE-SE] [T1-22:12:44.206] [GameBuildingManagerAPI] [OnUnloadMap] Unloading
[Info   :  SHCDE-SE] [T1-22:12:44.207] [GameMetadataManagerAPI] [OnUnloadMap] Unloading metadata
[Info   :  SHCDE-SE] [T1-22:12:44.207] [GameSoundManagerAPI] [Unload] Unloading sounds
[Info   :  SHCDE-SE] [T1-22:12:44.207] [GameSoundManagerAPI] [Unload] Unloading sounds complete
[Info   :  SHCDE-SE] [T1-22:12:44.207] [GameTriggerManager] [OnUnloadMap] Unloading
[Info   :  SHCDE-SE] [T1-22:12:44.207] [GameTimeManagerAPI] [OnUnloadMap] Unloading
[Info   :  SHCDE-SE] [T1-22:12:44.207] [GameAfterImageManager] [OnUnloadMap] Unloading active effects
[Info   :  SHCDE-SE] [T1-22:12:44.207] [GameBundleManager] [OnUnloadMap] Unloading
[Info   :  SHCDE-SE] [T1-22:12:44.207] [BulkAIDetours] [c_game_dll_importaiv_hook_impl] Loaded AIV bank=-1, variant=-1, elementCount=0, isCustom=0
[Info   :  SHCDE-SE] [T1-22:12:44.207] [BulkAIDetours] [c_game_dll_importaiv_hook_impl] Loaded AIV bank=1, variant=0, elementCount=1562, isCustom=1
[Info   :  SHCDE-SE] [T1-22:12:44.207] [BulkAIDetours] [c_game_dll_importaiv_hook_impl] Loaded AIV bank=2, variant=0, elementCount=1409, isCustom=1
[Info   :  SHCDE-SE] [T1-22:12:44.207] [BulkAIDetours] [c_game_dll_importaiv_hook_impl] Loaded AIV bank=3, variant=0, elementCount=1678, isCustom=1
[Info   :  SHCDE-SE] [T1-22:12:44.207] [BulkAIDetours] [c_game_dll_importaiv_hook_impl] Loaded AIV bank=4, variant=0, elementCount=651, isCustom=1
[Info   : APIShared] [2026-09-24 22:12:44.207] MissionInitialization: session=4, source=NewGame, mode=CustomGame, phase=BeforeLoad, reason=None, started=False, replay=False.
[Info   :Active AIV Detector] [2026-09-24 22:12:44.207] Active AIV detector reset for map load; waiting for finalized AI selections. retainedPendingLobbyMetadata=True, retainedPendingPreBuildSetting=True.
[Info   :Unit Limit] [2026-09-24 22:12:44.260] [Unit Limit] gameplay-mod gate: modGuid=UnitLimit_Serp, source=MissionInitialization(BeforeLoad, session=4), kind=CustomGame, launchVariant=Standard, customized=False, customizedOrigin=0, modeAllowed=True, configuredEnabled=True, effectiveEnabled=True, action=enabled, reason=custom-game.
[Info   :Unit Limit] [2026-09-24 22:12:44.260] [UnitLimit_Serp] gameplay-feature gate: feature=UnitLimitEnforcement, source=MissionInitialization(BeforeLoad, session=4), kind=CustomGame, launchVariant=Standard, realMultiplayer=False, modeAllowed=True, action=enabled, reason=feature-context-allowed.
[Debug  :Unit Limit] [2026-09-24 22:12:44.260] Subscribing unit limit runtime hooks
[Debug  :Unit Limit] [2026-09-24 22:12:44.260] ActiveUnitCache hooks subscribed.
[Debug  :Unit Limit] [2026-09-24 22:12:44.260] ActiveSiegeTentCache hooks subscribed.
[Debug  :Unit Limit] [2026-09-24 22:12:44.261] UnitLimit MakeTroop GameAction hook installed.
[Debug  :Unit Limit] [2026-09-24 22:12:44.265] UnitLimit create troop hover hooks installed.
[Debug  :Unit Limit] [2026-09-24 22:12:44.265] UnitLimit recruitment availability UI hook installed.
[Debug  :Unit Limit] [2026-09-24 22:12:44.267] UnitLimit siege build hover hooks installed.
[Debug  :Unit Limit] [2026-09-24 22:12:44.267] Unit limit runtime hooks subscribed
[Debug  :Unit Limit] [2026-09-24 22:12:44.267] Applied active unit limit rules: 32
[Info   :Extra Features] [2026-09-24 22:12:44.267] [Extra Features] gameplay-mod gate: modGuid=ExtraFeatures_Serp, source=MissionInitialization(BeforeLoad, session=4), kind=CustomGame, launchVariant=Standard, customized=False, customizedOrigin=0, modeAllowed=True, configuredEnabled=True, effectiveEnabled=True, action=enabled, reason=custom-game.
[Info   :Extra Features] [2026-09-24 22:12:44.267] [ExtraFeatures_Serp] gameplay-feature gate: feature=LordHealthMultipliers, source=MissionInitialization(BeforeLoad, session=4), kind=CustomGame, launchVariant=Standard, realMultiplayer=False, modeAllowed=True, action=enabled, reason=feature-context-allowed.
[Debug  :Extra Features] [2026-09-24 22:12:44.267] Extra Features apothecary plague-search maximum is now 50 (configured).
[Debug  :Extra Features] [2026-09-24 22:12:44.267] Extra Features feature hooks reconciled.
[Info   :Extra Features] [2026-09-24 22:12:44.267] Extra Features church priest counts applied: enabled=True, church2=2, church3=3.
[Debug  :Extra Features] [2026-09-24 22:12:44.267] Extra Features gatehouse diagnostic: button visibility state: hidden: map-inactive, editor=False.
[Info   :Building Costs] [2026-09-24 22:12:44.267] [Building Costs] gameplay-mod gate: modGuid=BuildingCosts_Serp, source=MissionInitialization(BeforeLoad, session=4), kind=CustomGame, launchVariant=Standard, customized=False, customizedOrigin=0, modeAllowed=True, configuredEnabled=True, effectiveEnabled=True, action=enabled, reason=custom-game.
[Info   :Building Costs] [2026-09-24 22:12:44.267] [BuildingCosts_Serp] gameplay-feature gate: feature=BuildingCostTooltip, source=MissionInitialization(BeforeLoad, session=4), kind=CustomGame, launchVariant=Standard, realMultiplayer=False, modeAllowed=True, action=enabled, reason=feature-context-allowed.
[Debug  :Building Costs] [2026-09-24 22:12:44.269] HUD_Main.UpdateRollover hook installed
[Debug  :Building Costs] [2026-09-24 22:12:44.269] Building cost runtime hooks subscribed
[Debug  :Building Costs] [2026-09-24 22:12:44.270] Applied building cost materials: 0
[Info   :Building Limit] [2026-09-24 22:12:44.270] [Building Limit] gameplay-mod gate: modGuid=BuildingLimit_Serp, source=MissionInitialization(BeforeLoad, session=4), kind=CustomGame, launchVariant=Standard, customized=False, customizedOrigin=0, modeAllowed=True, configuredEnabled=True, effectiveEnabled=True, action=enabled, reason=custom-game.
[Info   :Building Limit] [2026-09-24 22:12:44.270] [BuildingLimit_Serp] gameplay-feature gate: feature=BuildingLimitEnforcement, source=MissionInitialization(BeforeLoad, session=4), kind=CustomGame, launchVariant=Standard, realMultiplayer=False, modeAllowed=True, action=enabled, reason=feature-context-allowed.
[Debug  :Building Limit] [2026-09-24 22:12:44.270] Subscribing building limit runtime hooks
[Debug  :Building Limit] [2026-09-24 22:12:44.270] ActiveBuildingCache hooks subscribed.
[Debug  :Building Limit] [2026-09-24 22:12:44.270] HUD_Main.UpdateRollover building limit hook installed
[Debug  :Building Limit] [2026-09-24 22:12:44.270] Building limit runtime hooks subscribed
[Debug  :Building Limit] [2026-09-24 22:12:44.271] Applied active building limit rules: 93
[Info   :CastlePlanner] [2026-09-24 22:12:44.271] [CastlePlanner] gameplay-mod gate: modGuid=CastlePlanner_Serp, source=MissionInitialization(BeforeLoad, session=4), kind=CustomGame, launchVariant=Standard, customized=False, customizedOrigin=0, modeAllowed=True, configuredEnabled=True, effectiveEnabled=True, action=enabled, reason=custom-game.
[Info   :CastlePlanner] [2026-09-24 22:12:44.271] [CastlePlanner_Serp] gameplay-feature gate: feature=CastleSpawning, source=MissionInitialization(BeforeLoad, session=4), kind=CustomGame, launchVariant=Standard, realMultiplayer=False, modeAllowed=True, action=enabled, reason=feature-context-allowed.
[Info   :CastlePlanner] [2026-09-24 22:12:44.271] [CastlePlanner_Serp] gameplay-feature gate: feature=FreeCastlePreview, source=MissionInitialization(BeforeLoad, session=4), kind=CustomGame, launchVariant=Standard, realMultiplayer=False, modeAllowed=True, action=enabled, reason=feature-context-allowed.
[Info   :CastlePlanner] [2026-09-24 22:12:44.271] [CastlePlanner_Serp] gameplay-feature gate: feature=CastleBlueprints, source=MissionInitialization(BeforeLoad, session=4), kind=CustomGame, launchVariant=Standard, realMultiplayer=False, modeAllowed=True, action=enabled, reason=feature-context-allowed.
[Info   : Cheat Mod] [2026-09-24 22:12:44.271] [Cheat Mod] gameplay-mod gate: modGuid=CheatMod_Serp, source=MissionInitialization(BeforeLoad, session=4), kind=CustomGame, launchVariant=Standard, customized=False, customizedOrigin=0, modeAllowed=True, configuredEnabled=False, effectiveEnabled=False, action=restriction-lifted-setting-disabled, reason=custom-game.
[Info   : Cheat Mod] [2026-09-24 22:12:44.271] [CheatMod_Serp] gameplay-feature gate: feature=EndlessExtremePowersRecharge, source=MissionInitialization(BeforeLoad, session=4), kind=CustomGame, launchVariant=Standard, realMultiplayer=False, modeAllowed=True, action=enabled, reason=feature-context-allowed.
[Info   :Extreme Powers] [2026-09-24 22:12:44.271] [Extreme Powers] gameplay-mod gate: modGuid=ExtremePowers_Serp, source=MissionInitialization(BeforeLoad, session=4), kind=CustomGame, launchVariant=Standard, customized=False, customizedOrigin=0, modeAllowed=True, configuredEnabled=True, effectiveEnabled=True, action=enabled, reason=custom-game.
[Info   :Random Events] [2026-09-24 22:12:44.271] [Random Events] gameplay-mod gate: modGuid=RandomEvents_Serp, source=MissionInitialization(BeforeLoad, session=4), kind=CustomGame, launchVariant=Standard, customized=False, customizedOrigin=0, modeAllowed=True, configuredEnabled=True, effectiveEnabled=True, action=enabled, reason=custom-game.
[Info   :Random Events] [2026-09-24 22:12:44.271] [RandomEvents_Serp] gameplay-feature gate: feature=RandomEventsRuntime, source=MissionInitialization(BeforeLoad, session=4), kind=CustomGame, launchVariant=Standard, realMultiplayer=False, modeAllowed=True, action=enabled, reason=feature-context-allowed.
[Info   :Unit Costs] [2026-09-24 22:12:44.271] [Unit Costs] gameplay-mod gate: modGuid=UnitCosts_Serp, source=MissionInitialization(BeforeLoad, session=4), kind=CustomGame, launchVariant=Standard, customized=False, customizedOrigin=0, modeAllowed=True, configuredEnabled=True, effectiveEnabled=True, action=enabled, reason=custom-game.
[Info   :Unit Costs] [2026-09-24 22:12:44.271] [UnitCosts_Serp] gameplay-feature gate: feature=UnitCostEnforcement, source=MissionInitialization(BeforeLoad, session=4), kind=CustomGame, launchVariant=Standard, realMultiplayer=False, modeAllowed=True, action=enabled, reason=feature-context-allowed.
[Debug  :Unit Costs] [2026-09-24 22:12:44.272] UnitCosts MakeTroop GameAction hook installed.
[Debug  :Unit Costs] [2026-09-24 22:12:44.273] UnitCosts create troop hover hooks installed.
[Debug  :Unit Costs] [2026-09-24 22:12:44.274] UnitCosts siege build hover hooks installed.
[Debug  :Unit Costs] [2026-09-24 22:12:44.275] UnitCosts recruitment availability UI hook installed.
[Debug  :Unit Costs] [2026-09-24 22:12:44.275] UnitCosts runtime hooks subscribed
[Debug  :Unit Costs] [2026-09-24 22:12:44.275] Applied unit cost values: 0
[Debug  :Unit Costs] [2026-09-24 22:12:44.276] Applied human extra unit cost rows: 0
[Info   :  SHCDE-SE] [T1-22:12:44.276] [BulkMapLoaderDetours] [c_game_dll_loadmaptoplay_hook_impl] campaignMapID=4294967295, safeFileName=C:\Users\Serpens66\AppData\LocalLow\Firefly Studios\Stronghold Crusader Definitive Edition\Maps\test AI overbuild eachother.map, length=254, retData=000001E2E7F6F620, dummy=0, safeMapName=test AI overbuild eachother.map, maplength=62, multiplayerSave=0, trailType=-1, trailID=0, allow_classic_bedouins=0
[Info   :  SHCDE-SE] [T1-22:12:44.276] [GameMapArchiveManagerAPI] [OnLoadMap] Loading archive from map file
[Info   :  SHCDE-SE] [T1-22:12:44.276] [GameMapArchiveManagerAPI] [LoadMapArchive] Loading archive: [C:\Users\Serpens66\AppData\LocalLow\Firefly Studios\Stronghold Crusader Definitive Edition\Maps\test AI overbuild eachother.map]
[Info   :  SHCDE-SE] [T1-22:12:44.279] [MapArchive] [.ctor] Reading ZIP data from offset: 00359DCA
[Warning:  SHCDE-SE] [T1-22:12:44.279] [MapArchive] [TryLoad] No info.json found: C:\Users\Serpens66\AppData\LocalLow\Firefly Studios\Stronghold Crusader Definitive Edition\Maps\test AI overbuild eachother.map
[Info   :  SHCDE-SE] [T1-22:12:44.279] [GameMapArchiveManagerAPI] [ReadMetadataFromArchive] Reading metadata from archive
[Warning:  SHCDE-SE] [T1-22:12:44.279] [GameMapArchiveManagerAPI] [ReadMetadataFromArchive] Nothing to read
[Info   :  SHCDE-SE] [T1-22:12:44.279] [GameMapArchiveManagerAPI] [ReadTimerDataFromArchive] Reading timerdata from archive
[Info   :  SHCDE-SE] [T1-22:12:44.279] [GameMapArchiveManagerAPI] [ReadTimerDataFromArchive] Timerdata read
[Debug  :Extra Features] [2026-09-24 22:12:44.279] Extra Features gatehouse diagnostic: button visibility state: hidden: editor=False, playerId=1, selectedBuildingId=0, reason=not-a-live-gatehouse, selection=none.
[Info   :  SHCDE-SE] [T1-22:12:44.279] [ModSaveDataAPI] [ReadAllModDataFromArchive] Reading mod data from archive (IsSaveFile=False)
[Info   :Extra Features] [2026-09-24 22:12:44.279] Extra Features gatehouse map state started: manualOnly=0.
[Info   :Extra Features] [2026-09-24 22:12:44.279] Extra Features gatehouse state loaded: context=map, version=2, manualOnly=0, pendingLocators=0, payloadBytes=4.
[Info   :  SHCDE-SE] [T1-22:12:44.279] [ModSaveDataAPI] [ReadAllModDataFromArchive] Loaded 4 bytes for mod [serp-extrafeatures-gatehouse-automation-v1]
[Info   :  SHCDE-SE] [T1-22:12:44.279] [ModSaveDataAPI] [ReadAllModDataFromArchive] Loaded data for 1/11 mods
[Info   :  SHCDE-SE] [T1-22:12:44.279] [GameMapArchiveManagerAPI] [LoadMapArchive] Archive loaded (or will be created on-demand)
[Info   :  SHCDE-SE] [T1-22:12:44.279] [GameMapArchiveManagerAPI] [OnLoadMap] Archive Contents: [
FILE:	_SE_ModData_serp-extrafeatures-gatehouse-automation-v1.msgpack]
FILE:	_SE_Timers.msgpack]
]
[Info   :  SHCDE-SE] [T1-22:12:44.279] [LuaManager] [OnLoadMap] Attempting to create lua state due to event, phase: Pre
[Info   :  SHCDE-SE] [T1-22:12:44.279] [LuaManager] [TryLoad] Loading file: [C:\Users\Serpens66\AppData\LocalLow\Firefly Studios\Stronghold Crusader Definitive Edition\Maps\test AI overbuild eachother.map]
[Info   :  SHCDE-SE] [T1-22:12:44.280] [LuaManager] [TryLoad] Loading [C:\Users\Serpens66\AppData\LocalLow\Firefly Studios\Stronghold Crusader Definitive Edition\Maps\test AI overbuild eachother.map] - Archive mode.
[Warning:  SHCDE-SE] [T1-22:12:44.280] [LuaManager] [TryLoad] No Lua source found for [C:\Users\Serpens66\AppData\LocalLow\Firefly Studios\Stronghold Crusader Definitive Edition\Maps\test AI overbuild eachother.map] and no lord AI or asset mod scripts registered. Skipping Lua init.
[Info   :  SHCDE-SE] [T1-22:12:44.280] [BulkMapLoaderDetours] [c_game_start_skirmish_game_handler_hook_impl] a1=0000008CAD2EA4C0, bMultiplayerSave=0, a3=0
[Info   : APIShared] [2026-09-24 22:12:44.280] MissionInitialization: session=4, source=NewGame, mode=CustomGame, phase=BeforeNativeStart, reason=None, started=False, replay=False.
[Debug  :Extra Features] [2026-09-24 22:12:44.280] Enemy-proximity runtime captured map mode: realMultiplayer=False, singleplayerSkirmishMode=True, singleplayerSkirmish=True, singleplayerTrail=False, mapEditor=False, multiplayerSave=False, directorAvailable=True, directorMultiplayer=False, directorSkirmish=False, lowLevelNetworked=True, platformMultiplayer=False, lobbyMembers=5, realLobbyMembers=0, skirmishLobbyMembers=5, gameMembers=5, realNetworkGameMembers=0, gameType=3, skirmishGameType=0, skirmishTrailType=-1, coopTrailId=0, kind=CustomGame, launchVariant=Standard, allowsCustomGameMods=True, allowsRegularGameplayMods=True, campaignMapId=0, eventTrailType=-1, customizedTrailId=-1, customizedMissionId=-1, customizedOriginKind=0, conflictingCustomizedOrigin=False.
[Debug  :Bugfixes and QoL] [2026-09-24 22:12:44.280] Post-game lobby handoff state reset: reason=map-start.
[Info   :AIV Lobby Preset Test] Test-series launch verified: DL-reverse-on, session=4.
[Debug  :CastlePlanner] [2026-09-24 22:12:44.307] OnStartMap(Pre) received: handledCurrentMap=False.
[Debug  :Extreme Powers] [2026-09-24 22:12:44.307] Extreme Powers map session captured: realMultiplayer=False, singleplayerSkirmishMode=True, singleplayerSkirmish=True, singleplayerTrail=False, mapEditor=False, multiplayerSave=False, directorAvailable=True, directorMultiplayer=False, directorSkirmish=False, lowLevelNetworked=True, platformMultiplayer=False, lobbyMembers=5, realLobbyMembers=0, skirmishLobbyMembers=5, gameMembers=5, realNetworkGameMembers=0, gameType=3, skirmishGameType=0, skirmishTrailType=-1, coopTrailId=0, kind=CustomGame, launchVariant=Standard, allowsCustomGameMods=True, allowsRegularGameplayMods=True, campaignMapId=0, eventTrailType=-1, customizedTrailId=-1, customizedMissionId=-1, customizedOriginKind=0, conflictingCustomizedOrigin=False, players=[1,2,3,4,5].
[Info   :  SHCDE-SE] [T1-22:12:44.307] [BulkMapLoaderDetours] [c_game_unload_map_hook_impl] pTileManager=00007FFAAE2DEDB0, preventNotification=True
[Debug  :Building Limit] [2026-09-24 22:12:44.523] ActiveBuildingCache NotifyNativeSnapshotChanged read snapshot: buildingId 1 owner 1 type STRUCT_KEEP_TWO aliveState NeedsInit reason Created
[Debug  :Building Limit] [2026-09-24 22:12:44.523] ActiveBuildingCache UpdateSnapshot: buildingId 1 owner 1 type STRUCT_KEEP_TWO aliveState NeedsInit reason Created changed True
[Debug  :Building Limit] [2026-09-24 22:12:44.524] ActiveBuildingCache count changed: player 1 type STRUCT_KEEP_TWO old 0 new 1 delta 1 buildingId 1 reason Created
[Debug  :Building Limit] [2026-09-24 22:12:44.524] ActiveBuildingCache NotifyNativeSnapshotChanged read snapshot: buildingId 2 owner 1 type STRUCT_KEEPDOOR_LEFT aliveState NeedsInit reason Created
[Debug  :Building Limit] [2026-09-24 22:12:44.524] ActiveBuildingCache UpdateSnapshot: buildingId 2 owner 1 type STRUCT_KEEPDOOR_LEFT aliveState NeedsInit reason Created changed True
[Debug  :Building Limit] [2026-09-24 22:12:44.524] ActiveBuildingCache count changed: player 1 type STRUCT_KEEPDOOR_LEFT old 0 new 1 delta 1 buildingId 2 reason Created
[Debug  :Building Limit] [2026-09-24 22:12:44.524] ActiveBuildingCache NotifyNativeSnapshotChanged read snapshot: buildingId 3 owner 1 type STRUCT_KEEPDOOR aliveState NeedsInit reason Created
[Debug  :Building Limit] [2026-09-24 22:12:44.524] ActiveBuildingCache UpdateSnapshot: buildingId 3 owner 1 type STRUCT_KEEPDOOR aliveState NeedsInit reason Created changed True
[Debug  :Building Limit] [2026-09-24 22:12:44.524] ActiveBuildingCache count changed: player 1 type STRUCT_KEEPDOOR old 0 new 1 delta 1 buildingId 3 reason Created
[Debug  :Building Limit] [2026-09-24 22:12:44.524] ActiveBuildingCache NotifyNativeSnapshotChanged read snapshot: buildingId 4 owner 1 type STRUCT_KEEPDOOR_RIGHT aliveState NeedsInit reason Created
[Debug  :Building Limit] [2026-09-24 22:12:44.524] ActiveBuildingCache UpdateSnapshot: buildingId 4 owner 1 type STRUCT_KEEPDOOR_RIGHT aliveState NeedsInit reason Created changed True
[Debug  :Building Limit] [2026-09-24 22:12:44.524] ActiveBuildingCache count changed: player 1 type STRUCT_KEEPDOOR_RIGHT old 0 new 1 delta 1 buildingId 4 reason Created
[Debug  :Building Limit] [2026-09-24 22:12:44.524] ActiveBuildingCache NotifyNativeSnapshotChanged read snapshot: buildingId 5 owner 1 type STRUCT_CAMPGROUND aliveState NeedsInit reason Created
[Debug  :Building Limit] [2026-09-24 22:12:44.524] ActiveBuildingCache UpdateSnapshot: buildingId 5 owner 1 type STRUCT_CAMPGROUND aliveState NeedsInit reason Created changed True
[Debug  :Building Limit] [2026-09-24 22:12:44.524] ActiveBuildingCache count changed: player 1 type STRUCT_CAMPGROUND old 0 new 1 delta 1 buildingId 5 reason Created
[Debug  :Building Limit] [2026-09-24 22:12:44.525] ActiveBuildingCache NotifyNativeSnapshotChanged read snapshot: buildingId 6 owner 1 type STRUCT_GOODS_YARD aliveState NeedsInit reason Created
[Debug  :Building Limit] [2026-09-24 22:12:44.525] ActiveBuildingCache UpdateSnapshot: buildingId 6 owner 1 type STRUCT_GOODS_YARD aliveState NeedsInit reason Created changed True
[Debug  :Building Limit] [2026-09-24 22:12:44.525] ActiveBuildingCache count changed: player 1 type STRUCT_GOODS_YARD old 0 new 1 delta 1 buildingId 6 reason Created
[Info   :     Fixes] [T1-22:12:44.525] [BuildingDetours] [.ctor] Build goodsyard for player 1: True
[Debug  :Building Limit] [2026-09-24 22:12:44.525] ActiveBuildingCache NotifyNativeSnapshotChanged read snapshot: buildingId 7 owner 1 type STRUCT_GOODS_YARD aliveState NeedsInit reason Created
[Debug  :Building Limit] [2026-09-24 22:12:44.525] ActiveBuildingCache UpdateSnapshot: buildingId 7 owner 1 type STRUCT_GOODS_YARD aliveState NeedsInit reason Created changed True
[Debug  :Building Limit] [2026-09-24 22:12:44.525] ActiveBuildingCache count changed: player 1 type STRUCT_GOODS_YARD old 1 new 2 delta 1 buildingId 7 reason Created
[Debug  :Building Limit] [2026-09-24 22:12:44.525] ActiveBuildingCache NotifyNativeSnapshotChanged read snapshot: buildingId 8 owner 1 type STRUCT_GOODS_YARD aliveState NeedsInit reason Created
[Debug  :Building Limit] [2026-09-24 22:12:44.525] ActiveBuildingCache UpdateSnapshot: buildingId 8 owner 1 type STRUCT_GOODS_YARD aliveState NeedsInit reason Created changed True
[Debug  :Building Limit] [2026-09-24 22:12:44.525] ActiveBuildingCache count changed: player 1 type STRUCT_GOODS_YARD old 2 new 3 delta 1 buildingId 8 reason Created
[Debug  :Building Limit] [2026-09-24 22:12:44.525] ActiveBuildingCache NotifyNativeSnapshotChanged read snapshot: buildingId 9 owner 1 type STRUCT_GOODS_YARD aliveState NeedsInit reason Created
[Debug  :Building Limit] [2026-09-24 22:12:44.525] ActiveBuildingCache UpdateSnapshot: buildingId 9 owner 1 type STRUCT_GOODS_YARD aliveState NeedsInit reason Created changed True
[Debug  :Building Limit] [2026-09-24 22:12:44.525] ActiveBuildingCache count changed: player 1 type STRUCT_GOODS_YARD old 3 new 4 delta 1 buildingId 9 reason Created
[Info   :Active AIV Detector] [2026-09-24 22:12:44.539] Captured opt-in AIV cell trace 1/2048: playerId=2, candidateId=0, orientation=6, keep=(278,395), evaluated=2068, nativeBlocked=0, resultGridBlocked=0, validatorCalls=2068, validatorBlocked=0, preValidatorBlocked=0.
[Info   :     Fixes] [T1-22:12:44.549] [BuildingDetours] [.ctor] Build goodsyard for player 2: True
[Info   :Active AIV Detector] [2026-09-24 22:12:44.559] Started opt-in Oracle prebuild trace 1/8: playerId=2, aivStateAddress=0x7FFAAD729F70.
[Info   :Active AIV Detector] [2026-09-24 22:12:50.521] Captured opt-in AIV cell trace 2/2048: playerId=3, candidateId=0, orientation=6, keep=(237,397), evaluated=2228, nativeBlocked=240, resultGridBlocked=240, validatorCalls=2228, validatorBlocked=240, preValidatorBlocked=0.
[Info   :Active AIV Detector] [2026-09-24 22:12:50.522] Captured opt-in AIV cell trace 3/2048: playerId=3, candidateId=0, orientation=0, keep=(237,397), evaluated=2228, nativeBlocked=234, resultGridBlocked=234, validatorCalls=2228, validatorBlocked=234, preValidatorBlocked=0.
[Info   :Active AIV Detector] [2026-09-24 22:12:50.523] Captured opt-in AIV cell trace 4/2048: playerId=3, candidateId=0, orientation=2, keep=(237,397), evaluated=2228, nativeBlocked=425, resultGridBlocked=425, validatorCalls=2228, validatorBlocked=425, preValidatorBlocked=0.
[Info   :Active AIV Detector] [2026-09-24 22:12:50.524] Captured opt-in AIV cell trace 5/2048: playerId=3, candidateId=0, orientation=4, keep=(237,397), evaluated=2228, nativeBlocked=281, resultGridBlocked=281, validatorCalls=2228, validatorBlocked=281, preValidatorBlocked=0.
[Info   :     Fixes] [T1-22:12:50.534] [BuildingDetours] [.ctor] Build goodsyard for player 3: True
[Info   :Active AIV Detector] [2026-09-24 22:12:50.545] Started opt-in Oracle prebuild trace 2/8: playerId=3, aivStateAddress=0x7FFAAD729F70.
[Info   :Active AIV Detector] [2026-09-24 22:12:52.902] Captured opt-in AIV cell trace 6/2048: playerId=4, candidateId=0, orientation=6, keep=(254,379), evaluated=2352, nativeBlocked=1084, resultGridBlocked=1084, validatorCalls=2352, validatorBlocked=1084, preValidatorBlocked=0.
[Info   :Active AIV Detector] [2026-09-24 22:12:52.903] Captured opt-in AIV cell trace 7/2048: playerId=4, candidateId=0, orientation=0, keep=(254,379), evaluated=2352, nativeBlocked=1313, resultGridBlocked=1313, validatorCalls=2352, validatorBlocked=1313, preValidatorBlocked=0.
[Info   :Active AIV Detector] [2026-09-24 22:12:52.904] Captured opt-in AIV cell trace 8/2048: playerId=4, candidateId=0, orientation=2, keep=(254,379), evaluated=2352, nativeBlocked=1058, resultGridBlocked=1058, validatorCalls=2352, validatorBlocked=1058, preValidatorBlocked=0.
[Info   :Active AIV Detector] [2026-09-24 22:12:52.905] Captured opt-in AIV cell trace 9/2048: playerId=4, candidateId=0, orientation=4, keep=(254,379), evaluated=2352, nativeBlocked=1055, resultGridBlocked=1055, validatorCalls=2352, validatorBlocked=1055, preValidatorBlocked=0.
[Info   :     Fixes] [T1-22:12:52.914] [BuildingDetours] [.ctor] Build goodsyard for player 4: True
[Info   :Active AIV Detector] [2026-09-24 22:12:52.925] Captured opt-in AIV cell trace 10/2048: playerId=5, candidateId=0, orientation=6, keep=(258,417), evaluated=1770, nativeBlocked=530, resultGridBlocked=530, validatorCalls=1770, validatorBlocked=530, preValidatorBlocked=0.
[Info   :Active AIV Detector] [2026-09-24 22:12:52.929] Captured opt-in AIV cell trace 11/2048: playerId=5, candidateId=0, orientation=0, keep=(258,417), evaluated=1770, nativeBlocked=572, resultGridBlocked=572, validatorCalls=1770, validatorBlocked=572, preValidatorBlocked=0.
[Info   :Active AIV Detector] [2026-09-24 22:12:52.933] Captured opt-in AIV cell trace 12/2048: playerId=5, candidateId=0, orientation=2, keep=(258,417), evaluated=1770, nativeBlocked=1181, resultGridBlocked=1181, validatorCalls=1770, validatorBlocked=1181, preValidatorBlocked=0.
[Info   :Active AIV Detector] [2026-09-24 22:12:52.940] Captured opt-in AIV cell trace 13/2048: playerId=5, candidateId=0, orientation=4, keep=(258,417), evaluated=1770, nativeBlocked=1019, resultGridBlocked=1019, validatorCalls=1770, validatorBlocked=1019, preValidatorBlocked=0.
[Info   :     Fixes] [T1-22:12:52.950] [BuildingDetours] [.ctor] Build goodsyard for player 5: True
[Info   :  SHCDE-SE] [T1-22:12:52.966] [LuaManager] [OnStartMap] Attempting to run init due to event, phase: Post
[Info   :  SHCDE-SE] [T1-22:12:52.966] [LuaManager] [TryRunInit] Attempting to execute lua-side init functions. Reason=NewGame
[Warning:  SHCDE-SE] [T1-22:12:52.966] [LuaManager] [TryRunInit] Lua state is null
[Info   :  SHCDE-SE] [T1-22:12:52.966] [DeterministicRandom] [OnStartMap] Initializing shared state.
[Info   :  SHCDE-SE] [T1-22:12:52.966] [DeterministicRandom] [InitializeSeedAsHost] Initializing random seed [-2073451566] as host.
[Warning:  SHCDE-SE] [T1-22:12:52.966] [GameNetworkAPI] [GetLocalPlayerId] Local SteamID [76561198102311542] has no assigned slot yet: returning -1
[Info   : APIShared] [2026-09-24 22:12:52.966] MissionInitialization: session=4, source=NewGame, mode=CustomGame, phase=AfterNativeStart, reason=None, started=False, replay=False.
[Debug  :Bugfixes and QoL] Corrupt Lord-data spawn fix session armed: session=4, eligible=True, phase=AfterNativeStart, startKind=NewGame, mode=CustomGame.
[Debug  :CastlePlanner] [2026-09-24 22:12:52.966] OnStartMap(Post) received: handledCurrentMap=False, preImports=0, keepPreSpawns=0, keepPostSpawns=0.
[Debug  :CastlePlanner] [2026-09-24 22:12:52.966] Game-mode diagnostics: campaignMapId=0, bMultiplayerSave=0, sharedRealMultiplayer=False, sharedSingleplayerSkirmish=True, sharedSingleplayerTrail=False, directorAvailable=True, directorMultiplayerGame=False, directorSkirmishModeGame=False, directorSimRunning=False, networkedEnvironment=True, networkActivePlayers=5, nativeLocalPlayerId=1, platformAvailable=True, platformMpGameActive=False, platformIsHost=False, activeLobbyAvailable=True, lobbyReportedMembers=5, lobbyMembers=5, lobbySkirmishMembers=5, lobbySkirmishHumans=1, lobbyNetworkHumans=0, gameMembers=5, realNetworkGameMembers=0, gameDataMultiplayerMap=True, gameDataSkirmishGameType=0, gameDataGameType=3.
[Debug  :CastlePlanner] [2026-09-24 22:12:52.966] Shared game-mode diagnostics: realMultiplayer=False, singleplayerSkirmishMode=True, singleplayerSkirmish=True, singleplayerTrail=False, mapEditor=False, multiplayerSave=False, directorAvailable=True, directorMultiplayer=False, directorSkirmish=False, lowLevelNetworked=True, platformMultiplayer=False, lobbyMembers=5, realLobbyMembers=0, skirmishLobbyMembers=5, gameMembers=5, realNetworkGameMembers=0, gameType=3, skirmishGameType=0, skirmishTrailType=-1, coopTrailId=0, kind=CustomGame, launchVariant=Standard, allowsCustomGameMods=True, allowsRegularGameplayMods=True, campaignMapId=0, eventTrailType=-1, customizedTrailId=-1, customizedMissionId=-1, customizedOriginKind=0, conflictingCustomizedOrigin=False.
[Debug  :CastlePlanner] [2026-09-24 22:12:52.966] Game-member diagnostics: [1:self=False,host=False,ai=False,steam=0,kicked=False | 2:self=False,host=False,ai=False,steam=0,kicked=False | 3:self=False,host=False,ai=False,steam=0,kicked=False | 4:self=False,host=False,ai=False,steam=0,kicked=False | 5:self=False,host=False,ai=False,steam=0,kicked=False].
[Debug  :CastlePlanner] [2026-09-24 22:12:52.967] Active-player diagnostics (not used for multiplayer detection): [1:ai=False | 2:ai=True | 3:ai=True | 4:ai=True | 5:ai=True].
[Debug  :CastlePlanner] [2026-09-24 22:12:52.967] Native castle spawning skipped because this is not the committed restart pass.
[Info   :  SHCDE-SE] [T1-22:12:52.967] [GameMapArchiveManagerAPI] [OnLoadMap] Loading archive from map file
[Info   :  SHCDE-SE] [T1-22:12:52.967] [GameMapArchiveManagerAPI] [LoadMapArchive] Loading archive: [C:\Users\Serpens66\AppData\LocalLow\Firefly Studios\Stronghold Crusader Definitive Edition\Maps\test AI overbuild eachother.map]
[Info   :  SHCDE-SE] [T1-22:12:52.970] [MapArchive] [.ctor] Reading ZIP data from offset: 00359DCA
[Warning:  SHCDE-SE] [T1-22:12:52.970] [MapArchive] [TryLoad] No info.json found: C:\Users\Serpens66\AppData\LocalLow\Firefly Studios\Stronghold Crusader Definitive Edition\Maps\test AI overbuild eachother.map
[Info   :  SHCDE-SE] [T1-22:12:52.970] [GameMapArchiveManagerAPI] [ReadMetadataFromArchive] Reading metadata from archive
[Warning:  SHCDE-SE] [T1-22:12:52.970] [GameMapArchiveManagerAPI] [ReadMetadataFromArchive] Nothing to read
[Info   :  SHCDE-SE] [T1-22:12:52.970] [GameMapArchiveManagerAPI] [ReadTimerDataFromArchive] Reading timerdata from archive
[Info   :  SHCDE-SE] [T1-22:12:52.970] [GameMapArchiveManagerAPI] [ReadTimerDataFromArchive] Timerdata read
[Info   :  SHCDE-SE] [T1-22:12:52.970] [ModSaveDataAPI] [ReadAllModDataFromArchive] Reading mod data from archive (IsSaveFile=False)
[Info   :Extra Features] [2026-09-24 22:12:52.970] Extra Features gatehouse map state resumed: manualOnly=0.
[Info   :Extra Features] [2026-09-24 22:12:52.970] Extra Features gatehouse state loaded: context=map, version=2, manualOnly=0, pendingLocators=0, payloadBytes=4.
[Info   :  SHCDE-SE] [T1-22:12:52.971] [ModSaveDataAPI] [ReadAllModDataFromArchive] Loaded 4 bytes for mod [serp-extrafeatures-gatehouse-automation-v1]
[Info   :  SHCDE-SE] [T1-22:12:52.971] [ModSaveDataAPI] [ReadAllModDataFromArchive] Loaded data for 1/11 mods
[Info   :  SHCDE-SE] [T1-22:12:52.971] [GameMapArchiveManagerAPI] [LoadMapArchive] Archive loaded (or will be created on-demand)
[Info   :  SHCDE-SE] [T1-22:12:52.971] [GameMapArchiveManagerAPI] [OnLoadMap] Archive Contents: [
FILE:	_SE_ModData_serp-extrafeatures-gatehouse-automation-v1.msgpack]
FILE:	_SE_Timers.msgpack]
]
[Info   : APIShared] [2026-09-24 22:12:52.971] MissionInitialization: session=4, source=NewGame, mode=CustomGame, phase=NativeLoaded, reason=None, started=False, replay=False.
[Info   : APIShared] [2026-09-24 22:12:53.436] MissionStart: session=4, source=NewGame, mode=CustomGame, phase=ManagedReady, reason=None, started=True, replay=False.
[Info   :Active AIV Detector] [2026-09-24 22:12:53.443] Wrote opt-in Oracle prebuild trace: path=E:\ProgrammeE\Steam\steamapps\common\Stronghold Crusader Definitive Edition\BepInEx\plugins\ActiveAIVDetector_Serp\PrebuildTraces\oracle-prebuild-trace-20260924-221244-559-session004-p2-capture01.tsv, mapLoadSequence=4, playerId=2, frames=337, layerChanges=3543, beforeCaptureMs=2756,8, afterCaptureMs=3177,4, buildingRecordChanges=295, added=1174, removed=0, replaced=0, pointerProblemFrames=0, captureErrorFrames=0.
[Info   :Active AIV Detector] [2026-09-24 22:12:53.443] Oracle prebuild highlighted mapper frame: playerId=2, frameIndex=2, mapper=52, returnValue=0, added=0, removed=0, replaced=0, pointerConsistent=True.
[Info   :Active AIV Detector] [2026-09-24 22:12:53.447] Wrote opt-in Oracle prebuild trace: path=E:\ProgrammeE\Steam\steamapps\common\Stronghold Crusader Definitive Edition\BepInEx\plugins\ActiveAIVDetector_Serp\PrebuildTraces\oracle-prebuild-trace-20260924-221250-545-session004-p3-capture02.tsv, mapLoadSequence=4, playerId=3, frames=134, layerChanges=4183, beforeCaptureMs=1090,8, afterCaptureMs=1256,0, buildingRecordChanges=44, added=835, removed=78, replaced=4, pointerProblemFrames=0, captureErrorFrames=0.
[Info   :Active AIV Detector] [2026-09-24 22:12:53.447] Oracle prebuild highlighted mapper frame: playerId=3, frameIndex=2, mapper=52, returnValue=0, added=0, removed=0, replaced=0, pointerConsistent=True.
[Info   :Active AIV Detector] [2026-09-24 22:12:53.447] Oracle prebuild highlighted mapper frame: playerId=3, frameIndex=77, mapper=105, returnValue=1, added=25, removed=0, replaced=0, pointerConsistent=True.
[Info   :Active AIV Detector] [2026-09-24 22:12:53.448] Wrote Oracle Keep-start trace: path=E:\ProgrammeE\Steam\steamapps\common\Stronghold Crusader Definitive Edition\BepInEx\plugins\ActiveAIVDetector_Serp\StartTraces\oracle-start-trace-20260924-221253-447-session004-p1-n01.tsv, playerId=1, selectionAccepted=False, postFailureFlag=0, postFailureReason=<not-applicable>, newBuildings=117, replacedBuildings=0, clearedBuildings=0, changes=248, changedBuildingRecords=9, scanMs=18,5.
[Info   :Active AIV Detector] [2026-09-24 22:12:53.449] Wrote Oracle Keep-start trace: path=E:\ProgrammeE\Steam\steamapps\common\Stronghold Crusader Definitive Edition\BepInEx\plugins\ActiveAIVDetector_Serp\StartTraces\oracle-start-trace-20260924-221253-448-session004-p2-n02.tsv, playerId=2, selectionAccepted=True, postFailureFlag=0, postFailureReason=<not-applicable>, newBuildings=117, replacedBuildings=0, clearedBuildings=0, changes=376, changedBuildingRecords=9, scanMs=18,4.
[Info   :Active AIV Detector] [2026-09-24 22:12:53.451] Wrote Oracle Keep-start trace: path=E:\ProgrammeE\Steam\steamapps\common\Stronghold Crusader Definitive Edition\BepInEx\plugins\ActiveAIVDetector_Serp\StartTraces\oracle-start-trace-20260924-221253-450-session004-p3-n03.tsv, playerId=3, selectionAccepted=True, postFailureFlag=0, postFailureReason=<not-applicable>, newBuildings=117, replacedBuildings=0, clearedBuildings=0, changes=632, changedBuildingRecords=9, scanMs=18,8.
[Info   :Active AIV Detector] [2026-09-24 22:12:53.452] Wrote Oracle Keep-start trace: path=E:\ProgrammeE\Steam\steamapps\common\Stronghold Crusader Definitive Edition\BepInEx\plugins\ActiveAIVDetector_Serp\StartTraces\oracle-start-trace-20260924-221253-451-session004-p4-n04.tsv, playerId=4, selectionAccepted=False, postFailureFlag=0, postFailureReason=<not-applicable>, newBuildings=105, replacedBuildings=12, clearedBuildings=20, changes=323, changedBuildingRecords=9, scanMs=18,5.
[Info   :Active AIV Detector] [2026-09-24 22:12:53.452] Wrote Oracle Keep-start trace: path=E:\ProgrammeE\Steam\steamapps\common\Stronghold Crusader Definitive Edition\BepInEx\plugins\ActiveAIVDetector_Serp\StartTraces\oracle-start-trace-20260924-221253-452-session004-p5-n05.tsv, playerId=5, selectionAccepted=False, postFailureFlag=0, postFailureReason=<not-applicable>, newBuildings=105, replacedBuildings=12, clearedBuildings=88, changes=410, changedBuildingRecords=9, scanMs=18,5.
[Info   :Active AIV Detector] [2026-09-24 22:12:53.453] Oracle Keep-start capture summary: mapLoadSequence=4, captured=5, incomplete=False.
[Info   :Active AIV Detector] [2026-09-24 22:12:53.453] AIV placement oracle selection #13: mapName=<unknown>, mapFile=C:\Users\Serpens66\AppData\LocalLow\Firefly Studios\Stronghold Crusader Definitive Edition\Maps\test AI overbuild eachother.map, mapFileSha256=d63cd2ff3aeaba80bc3bc173bb615207666f1eaf759ecac573fad0da61979df3, nativeDllSha256=fbcb93195fc7efca9bdac5204852efdd76f9818f59a6711750d77c9cef2831e2, preBuildSetting=1, nativeStartOptions=mode=99,option2F0=0,option2F4=1,option2F8=4294967297, playerId=2, method=SelectBestFit, tryOtherRotations=True, aivSpecIndex=1, attempts=1, finalCandidateId=0, finalAivName=Default 8, finalAivJson=E:\ProgrammeE\Steam\steamapps\common\Stronghold Crusader Definitive Edition\BepInEx\plugins\ActiveAIVDetector_Serp\VanillaAIV\wolf8.aivjson, finalAivJsonSha256=0e59ca19225bfa86472a4b2a939ac8c97a1d6301e0fcc00b36cb998dd36eedd2, finalOrientation=6 (270 degrees), placementState=2 (complete fit), directReturnSigned=<not-applicable>, confirmationPoint=OnStartMap(Post).
[Info   :Active AIV Detector] [2026-09-24 22:12:53.454] AIV placement oracle attempt #13.1: mapName=<unknown>, mapFile=C:\Users\Serpens66\AppData\LocalLow\Firefly Studios\Stronghold Crusader Definitive Edition\Maps\test AI overbuild eachother.map, mapFileSha256=d63cd2ff3aeaba80bc3bc173bb615207666f1eaf759ecac573fad0da61979df3, preBuildSetting=1, playerId=2, method=SelectBestFit, candidateId=0, aivName=Default 8, aivJson=E:\ProgrammeE\Steam\steamapps\common\Stronghold Crusader Definitive Edition\BepInEx\plugins\ActiveAIVDetector_Serp\VanillaAIV\wolf8.aivjson, aivJsonSha256=0e59ca19225bfa86472a4b2a939ac8c97a1d6301e0fcc00b36cb998dd36eedd2, orientation=6 (270 degrees), result=Complete, rawFitScore=999999, fitPercent=100, evaluatedCells=2068, blockedCells=0, origin=(235,352), keepReference=(278,395).
[Info   :Active AIV Detector] [2026-09-24 22:12:53.459] Wrote opt-in AIV cell trace: path=E:\ProgrammeE\Steam\steamapps\common\Stronghold Crusader Definitive Edition\BepInEx\plugins\ActiveAIVDetector_Serp\CellTraces\oracle-cell-trace-20260924-221244-539-p2-c0-r6-keep278-395.tsv, rows=2068, nativeBlocked=0, resultGridBlocked=0, validatorCalls=2068, validatorBlocked=0, preValidatorBlocked=0.
[Info   :Active AIV Detector] [2026-09-24 22:12:53.459] Wrote opt-in live building grid: path=E:\ProgrammeE\Steam\steamapps\common\Stronghold Crusader Definitive Edition\BepInEx\plugins\ActiveAIVDetector_Serp\CellTraces\oracle-live-building-grid-20260924-221244-539-p2-r6-keep278-395.tsv, occupiedCells=117.
[Info   :Active AIV Detector] [2026-09-24 22:12:53.459] AIV placement oracle selection #14: mapName=<unknown>, mapFile=C:\Users\Serpens66\AppData\LocalLow\Firefly Studios\Stronghold Crusader Definitive Edition\Maps\test AI overbuild eachother.map, mapFileSha256=d63cd2ff3aeaba80bc3bc173bb615207666f1eaf759ecac573fad0da61979df3, nativeDllSha256=fbcb93195fc7efca9bdac5204852efdd76f9818f59a6711750d77c9cef2831e2, preBuildSetting=1, nativeStartOptions=mode=99,option2F0=0,option2F4=1,option2F8=4294967297, playerId=3, method=SelectBestFit, tryOtherRotations=True, aivSpecIndex=2, attempts=4, finalCandidateId=0, finalAivName=Default 2, finalAivJson=E:\ProgrammeE\Steam\steamapps\common\Stronghold Crusader Definitive Edition\BepInEx\plugins\ActiveAIVDetector_Serp\VanillaAIV\sentinel2.aivjson, finalAivJsonSha256=907ab0c23abebd42aba220449f8010f7fd12d9c1d87a455fcd24ff478453e9da, finalOrientation=0 (0 degrees), placementState=1 (best partial fit), directReturnSigned=<not-applicable>, confirmationPoint=OnStartMap(Post).
[Info   :Active AIV Detector] [2026-09-24 22:12:53.460] AIV placement oracle attempt #14.1: mapName=<unknown>, mapFile=C:\Users\Serpens66\AppData\LocalLow\Firefly Studios\Stronghold Crusader Definitive Edition\Maps\test AI overbuild eachother.map, mapFileSha256=d63cd2ff3aeaba80bc3bc173bb615207666f1eaf759ecac573fad0da61979df3, preBuildSetting=1, playerId=3, method=SelectBestFit, candidateId=0, aivName=Default 2, aivJson=E:\ProgrammeE\Steam\steamapps\common\Stronghold Crusader Definitive Edition\BepInEx\plugins\ActiveAIVDetector_Serp\VanillaAIV\sentinel2.aivjson, aivJsonSha256=907ab0c23abebd42aba220449f8010f7fd12d9c1d87a455fcd24ff478453e9da, orientation=6 (270 degrees), result=Rejected, rawFitScore=0, fitPercent=89, evaluatedCells=2228, blockedCells=240, origin=(194,354), keepReference=(237,397).
[Info   :Active AIV Detector] [2026-09-24 22:12:53.466] Wrote opt-in AIV cell trace: path=E:\ProgrammeE\Steam\steamapps\common\Stronghold Crusader Definitive Edition\BepInEx\plugins\ActiveAIVDetector_Serp\CellTraces\oracle-cell-trace-20260924-221250-521-p3-c0-r6-keep237-397.tsv, rows=2228, nativeBlocked=240, resultGridBlocked=240, validatorCalls=2228, validatorBlocked=240, preValidatorBlocked=0.
[Info   :Active AIV Detector] [2026-09-24 22:12:53.466] Wrote opt-in live building grid: path=E:\ProgrammeE\Steam\steamapps\common\Stronghold Crusader Definitive Edition\BepInEx\plugins\ActiveAIVDetector_Serp\CellTraces\oracle-live-building-grid-20260924-221250-521-p3-r6-keep237-397.tsv, occupiedCells=1408.
[Info   :Active AIV Detector] [2026-09-24 22:12:53.467] AIV placement oracle attempt #14.2: mapName=<unknown>, mapFile=C:\Users\Serpens66\AppData\LocalLow\Firefly Studios\Stronghold Crusader Definitive Edition\Maps\test AI overbuild eachother.map, mapFileSha256=d63cd2ff3aeaba80bc3bc173bb615207666f1eaf759ecac573fad0da61979df3, preBuildSetting=1, playerId=3, method=SelectBestFit, candidateId=0, aivName=Default 2, aivJson=E:\ProgrammeE\Steam\steamapps\common\Stronghold Crusader Definitive Edition\BepInEx\plugins\ActiveAIVDetector_Serp\VanillaAIV\sentinel2.aivjson, aivJsonSha256=907ab0c23abebd42aba220449f8010f7fd12d9c1d87a455fcd24ff478453e9da, orientation=0 (0 degrees), result=Partial, rawFitScore=28, fitPercent=89, evaluatedCells=2228, blockedCells=234, origin=(194,354), keepReference=(237,397).
[Info   :Active AIV Detector] [2026-09-24 22:12:53.474] Wrote opt-in AIV cell trace: path=E:\ProgrammeE\Steam\steamapps\common\Stronghold Crusader Definitive Edition\BepInEx\plugins\ActiveAIVDetector_Serp\CellTraces\oracle-cell-trace-20260924-221250-522-p3-c0-r0-keep237-397.tsv, rows=2228, nativeBlocked=234, resultGridBlocked=234, validatorCalls=2228, validatorBlocked=234, preValidatorBlocked=0.
[Info   :Active AIV Detector] [2026-09-24 22:12:53.475] Wrote opt-in live building grid: path=E:\ProgrammeE\Steam\steamapps\common\Stronghold Crusader Definitive Edition\BepInEx\plugins\ActiveAIVDetector_Serp\CellTraces\oracle-live-building-grid-20260924-221250-522-p3-r0-keep237-397.tsv, occupiedCells=1408.
[Info   :Active AIV Detector] [2026-09-24 22:12:53.475] AIV placement oracle attempt #14.3: mapName=<unknown>, mapFile=C:\Users\Serpens66\AppData\LocalLow\Firefly Studios\Stronghold Crusader Definitive Edition\Maps\test AI overbuild eachother.map, mapFileSha256=d63cd2ff3aeaba80bc3bc173bb615207666f1eaf759ecac573fad0da61979df3, preBuildSetting=1, playerId=3, method=SelectBestFit, candidateId=0, aivName=Default 2, aivJson=E:\ProgrammeE\Steam\steamapps\common\Stronghold Crusader Definitive Edition\BepInEx\plugins\ActiveAIVDetector_Serp\VanillaAIV\sentinel2.aivjson, aivJsonSha256=907ab0c23abebd42aba220449f8010f7fd12d9c1d87a455fcd24ff478453e9da, orientation=2 (90 degrees), result=Partial, rawFitScore=51, fitPercent=80, evaluatedCells=2228, blockedCells=425, origin=(194,354), keepReference=(237,397).
[Info   :Active AIV Detector] [2026-09-24 22:12:53.481] Wrote opt-in AIV cell trace: path=E:\ProgrammeE\Steam\steamapps\common\Stronghold Crusader Definitive Edition\BepInEx\plugins\ActiveAIVDetector_Serp\CellTraces\oracle-cell-trace-20260924-221250-523-p3-c0-r2-keep237-397.tsv, rows=2228, nativeBlocked=425, resultGridBlocked=425, validatorCalls=2228, validatorBlocked=425, preValidatorBlocked=0.
[Info   :Active AIV Detector] [2026-09-24 22:12:53.486] Wrote opt-in live building grid: path=E:\ProgrammeE\Steam\steamapps\common\Stronghold Crusader Definitive Edition\BepInEx\plugins\ActiveAIVDetector_Serp\CellTraces\oracle-live-building-grid-20260924-221250-523-p3-r2-keep237-397.tsv, occupiedCells=1408.
[Info   :Active AIV Detector] [2026-09-24 22:12:53.487] AIV placement oracle attempt #14.4: mapName=<unknown>, mapFile=C:\Users\Serpens66\AppData\LocalLow\Firefly Studios\Stronghold Crusader Definitive Edition\Maps\test AI overbuild eachother.map, mapFileSha256=d63cd2ff3aeaba80bc3bc173bb615207666f1eaf759ecac573fad0da61979df3, preBuildSetting=1, playerId=3, method=SelectBestFit, candidateId=0, aivName=Default 2, aivJson=E:\ProgrammeE\Steam\steamapps\common\Stronghold Crusader Definitive Edition\BepInEx\plugins\ActiveAIVDetector_Serp\VanillaAIV\sentinel2.aivjson, aivJsonSha256=907ab0c23abebd42aba220449f8010f7fd12d9c1d87a455fcd24ff478453e9da, orientation=4 (180 degrees), result=Partial, rawFitScore=9, fitPercent=87, evaluatedCells=2228, blockedCells=281, origin=(194,354), keepReference=(237,397).
[Info   :Active AIV Detector] [2026-09-24 22:12:53.503] Wrote opt-in AIV cell trace: path=E:\ProgrammeE\Steam\steamapps\common\Stronghold Crusader Definitive Edition\BepInEx\plugins\ActiveAIVDetector_Serp\CellTraces\oracle-cell-trace-20260924-221250-524-p3-c0-r4-keep237-397.tsv, rows=2228, nativeBlocked=281, resultGridBlocked=281, validatorCalls=2228, validatorBlocked=281, preValidatorBlocked=0.
[Info   :Active AIV Detector] [2026-09-24 22:12:53.507] Wrote opt-in live building grid: path=E:\ProgrammeE\Steam\steamapps\common\Stronghold Crusader Definitive Edition\BepInEx\plugins\ActiveAIVDetector_Serp\CellTraces\oracle-live-building-grid-20260924-221250-524-p3-r4-keep237-397.tsv, occupiedCells=1408.
[Info   :Active AIV Detector] [2026-09-24 22:12:53.507] AIV placement oracle selection #15: mapName=<unknown>, mapFile=C:\Users\Serpens66\AppData\LocalLow\Firefly Studios\Stronghold Crusader Definitive Edition\Maps\test AI overbuild eachother.map, mapFileSha256=d63cd2ff3aeaba80bc3bc173bb615207666f1eaf759ecac573fad0da61979df3, nativeDllSha256=fbcb93195fc7efca9bdac5204852efdd76f9818f59a6711750d77c9cef2831e2, preBuildSetting=1, nativeStartOptions=mode=99,option2F0=0,option2F4=1,option2F8=4294967297, playerId=4, method=SelectBestFit, tryOtherRotations=True, aivSpecIndex=3, attempts=4, finalCandidateId=0, finalAivName=Default 6, finalAivJson=E:\ProgrammeE\Steam\steamapps\common\Stronghold Crusader Definitive Edition\BepInEx\plugins\ActiveAIVDetector_Serp\VanillaAIV\nizar6.aivjson, finalAivJsonSha256=1d86b141261297706ad65f60d870a3ae30a8c0da05b6b3b1d4d923c702cb11ad, finalOrientation=6 (270 degrees), placementState=0 (no accepted placement), directReturnSigned=<not-applicable>, confirmationPoint=OnStartMap(Post).
[Info   :Active AIV Detector] [2026-09-24 22:12:53.508] AIV placement oracle attempt #15.1: mapName=<unknown>, mapFile=C:\Users\Serpens66\AppData\LocalLow\Firefly Studios\Stronghold Crusader Definitive Edition\Maps\test AI overbuild eachother.map, mapFileSha256=d63cd2ff3aeaba80bc3bc173bb615207666f1eaf759ecac573fad0da61979df3, preBuildSetting=1, playerId=4, method=SelectBestFit, candidateId=0, aivName=Default 6, aivJson=E:\ProgrammeE\Steam\steamapps\common\Stronghold Crusader Definitive Edition\BepInEx\plugins\ActiveAIVDetector_Serp\VanillaAIV\nizar6.aivjson, aivJsonSha256=1d86b141261297706ad65f60d870a3ae30a8c0da05b6b3b1d4d923c702cb11ad, orientation=6 (270 degrees), result=Rejected, rawFitScore=0, fitPercent=53, evaluatedCells=2352, blockedCells=1084, origin=(211,336), keepReference=(254,379).
[Info   :Active AIV Detector] [2026-09-24 22:12:53.526] Wrote opt-in AIV cell trace: path=E:\ProgrammeE\Steam\steamapps\common\Stronghold Crusader Definitive Edition\BepInEx\plugins\ActiveAIVDetector_Serp\CellTraces\oracle-cell-trace-20260924-221252-902-p4-c0-r6-keep254-379.tsv, rows=2352, nativeBlocked=1084, resultGridBlocked=1084, validatorCalls=2352, validatorBlocked=1084, preValidatorBlocked=0.
[Info   :Active AIV Detector] [2026-09-24 22:12:53.527] Wrote opt-in live building grid: path=E:\ProgrammeE\Steam\steamapps\common\Stronghold Crusader Definitive Edition\BepInEx\plugins\ActiveAIVDetector_Serp\CellTraces\oracle-live-building-grid-20260924-221252-902-p4-r6-keep254-379.tsv, occupiedCells=2282.
[Info   :Active AIV Detector] [2026-09-24 22:12:53.527] AIV placement oracle attempt #15.2: mapName=<unknown>, mapFile=C:\Users\Serpens66\AppData\LocalLow\Firefly Studios\Stronghold Crusader Definitive Edition\Maps\test AI overbuild eachother.map, mapFileSha256=d63cd2ff3aeaba80bc3bc173bb615207666f1eaf759ecac573fad0da61979df3, preBuildSetting=1, playerId=4, method=SelectBestFit, candidateId=0, aivName=Default 6, aivJson=E:\ProgrammeE\Steam\steamapps\common\Stronghold Crusader Definitive Edition\BepInEx\plugins\ActiveAIVDetector_Serp\VanillaAIV\nizar6.aivjson, aivJsonSha256=1d86b141261297706ad65f60d870a3ae30a8c0da05b6b3b1d4d923c702cb11ad, orientation=0 (0 degrees), result=Rejected, rawFitScore=0, fitPercent=44, evaluatedCells=2352, blockedCells=1313, origin=(211,336), keepReference=(254,379).
[Info   :Active AIV Detector] [2026-09-24 22:12:53.534] Wrote opt-in AIV cell trace: path=E:\ProgrammeE\Steam\steamapps\common\Stronghold Crusader Definitive Edition\BepInEx\plugins\ActiveAIVDetector_Serp\CellTraces\oracle-cell-trace-20260924-221252-903-p4-c0-r0-keep254-379.tsv, rows=2352, nativeBlocked=1313, resultGridBlocked=1313, validatorCalls=2352, validatorBlocked=1313, preValidatorBlocked=0.
[Info   :Active AIV Detector] [2026-09-24 22:12:53.536] Wrote opt-in live building grid: path=E:\ProgrammeE\Steam\steamapps\common\Stronghold Crusader Definitive Edition\BepInEx\plugins\ActiveAIVDetector_Serp\CellTraces\oracle-live-building-grid-20260924-221252-903-p4-r0-keep254-379.tsv, occupiedCells=2282.
[Info   :Active AIV Detector] [2026-09-24 22:12:53.536] AIV placement oracle attempt #15.3: mapName=<unknown>, mapFile=C:\Users\Serpens66\AppData\LocalLow\Firefly Studios\Stronghold Crusader Definitive Edition\Maps\test AI overbuild eachother.map, mapFileSha256=d63cd2ff3aeaba80bc3bc173bb615207666f1eaf759ecac573fad0da61979df3, preBuildSetting=1, playerId=4, method=SelectBestFit, candidateId=0, aivName=Default 6, aivJson=E:\ProgrammeE\Steam\steamapps\common\Stronghold Crusader Definitive Edition\BepInEx\plugins\ActiveAIVDetector_Serp\VanillaAIV\nizar6.aivjson, aivJsonSha256=1d86b141261297706ad65f60d870a3ae30a8c0da05b6b3b1d4d923c702cb11ad, orientation=2 (90 degrees), result=Rejected, rawFitScore=0, fitPercent=55, evaluatedCells=2352, blockedCells=1058, origin=(211,336), keepReference=(254,379).
[Info   :Active AIV Detector] [2026-09-24 22:12:53.543] Wrote opt-in AIV cell trace: path=E:\ProgrammeE\Steam\steamapps\common\Stronghold Crusader Definitive Edition\BepInEx\plugins\ActiveAIVDetector_Serp\CellTraces\oracle-cell-trace-20260924-221252-904-p4-c0-r2-keep254-379.tsv, rows=2352, nativeBlocked=1058, resultGridBlocked=1058, validatorCalls=2352, validatorBlocked=1058, preValidatorBlocked=0.
[Info   :Active AIV Detector] [2026-09-24 22:12:53.544] Wrote opt-in live building grid: path=E:\ProgrammeE\Steam\steamapps\common\Stronghold Crusader Definitive Edition\BepInEx\plugins\ActiveAIVDetector_Serp\CellTraces\oracle-live-building-grid-20260924-221252-904-p4-r2-keep254-379.tsv, occupiedCells=2282.
[Info   :Active AIV Detector] [2026-09-24 22:12:53.544] AIV placement oracle attempt #15.4: mapName=<unknown>, mapFile=C:\Users\Serpens66\AppData\LocalLow\Firefly Studios\Stronghold Crusader Definitive Edition\Maps\test AI overbuild eachother.map, mapFileSha256=d63cd2ff3aeaba80bc3bc173bb615207666f1eaf759ecac573fad0da61979df3, preBuildSetting=1, playerId=4, method=SelectBestFit, candidateId=0, aivName=Default 6, aivJson=E:\ProgrammeE\Steam\steamapps\common\Stronghold Crusader Definitive Edition\BepInEx\plugins\ActiveAIVDetector_Serp\VanillaAIV\nizar6.aivjson, aivJsonSha256=1d86b141261297706ad65f60d870a3ae30a8c0da05b6b3b1d4d923c702cb11ad, orientation=4 (180 degrees), result=Rejected, rawFitScore=0, fitPercent=55, evaluatedCells=2352, blockedCells=1055, origin=(211,336), keepReference=(254,379).
[Info   :Active AIV Detector] [2026-09-24 22:12:53.550] Wrote opt-in AIV cell trace: path=E:\ProgrammeE\Steam\steamapps\common\Stronghold Crusader Definitive Edition\BepInEx\plugins\ActiveAIVDetector_Serp\CellTraces\oracle-cell-trace-20260924-221252-905-p4-c0-r4-keep254-379.tsv, rows=2352, nativeBlocked=1055, resultGridBlocked=1055, validatorCalls=2352, validatorBlocked=1055, preValidatorBlocked=0.
[Info   :Active AIV Detector] [2026-09-24 22:12:53.552] Wrote opt-in live building grid: path=E:\ProgrammeE\Steam\steamapps\common\Stronghold Crusader Definitive Edition\BepInEx\plugins\ActiveAIVDetector_Serp\CellTraces\oracle-live-building-grid-20260924-221252-905-p4-r4-keep254-379.tsv, occupiedCells=2282.
[Info   :Active AIV Detector] [2026-09-24 22:12:53.552] AIV placement oracle selection #16: mapName=<unknown>, mapFile=C:\Users\Serpens66\AppData\LocalLow\Firefly Studios\Stronghold Crusader Definitive Edition\Maps\test AI overbuild eachother.map, mapFileSha256=d63cd2ff3aeaba80bc3bc173bb615207666f1eaf759ecac573fad0da61979df3, nativeDllSha256=fbcb93195fc7efca9bdac5204852efdd76f9818f59a6711750d77c9cef2831e2, preBuildSetting=1, nativeStartOptions=mode=99,option2F0=0,option2F4=1,option2F8=4294967297, playerId=5, method=SelectBestFit, tryOtherRotations=True, aivSpecIndex=4, attempts=4, finalCandidateId=0, finalAivName=Default 7, finalAivJson=E:\ProgrammeE\Steam\steamapps\common\Stronghold Crusader Definitive Edition\BepInEx\plugins\ActiveAIVDetector_Serp\VanillaAIV\marshal7.aivjson, finalAivJsonSha256=384abb01e5b4c0ff36ceddeac64c3a8dc8151d0113d1189a32d8c7feb9bb337f, finalOrientation=6 (270 degrees), placementState=0 (no accepted placement), directReturnSigned=<not-applicable>, confirmationPoint=OnStartMap(Post).
[Info   :Active AIV Detector] [2026-09-24 22:12:53.552] AIV placement oracle attempt #16.1: mapName=<unknown>, mapFile=C:\Users\Serpens66\AppData\LocalLow\Firefly Studios\Stronghold Crusader Definitive Edition\Maps\test AI overbuild eachother.map, mapFileSha256=d63cd2ff3aeaba80bc3bc173bb615207666f1eaf759ecac573fad0da61979df3, preBuildSetting=1, playerId=5, method=SelectBestFit, candidateId=0, aivName=Default 7, aivJson=E:\ProgrammeE\Steam\steamapps\common\Stronghold Crusader Definitive Edition\BepInEx\plugins\ActiveAIVDetector_Serp\VanillaAIV\marshal7.aivjson, aivJsonSha256=384abb01e5b4c0ff36ceddeac64c3a8dc8151d0113d1189a32d8c7feb9bb337f, orientation=6 (270 degrees), result=Rejected, rawFitScore=0, fitPercent=70, evaluatedCells=1770, blockedCells=530, origin=(215,374), keepReference=(258,417).
[Info   :Active AIV Detector] [2026-09-24 22:12:53.556] Wrote opt-in AIV cell trace: path=E:\ProgrammeE\Steam\steamapps\common\Stronghold Crusader Definitive Edition\BepInEx\plugins\ActiveAIVDetector_Serp\CellTraces\oracle-cell-trace-20260924-221252-925-p5-c0-r6-keep258-417.tsv, rows=1770, nativeBlocked=530, resultGridBlocked=530, validatorCalls=1770, validatorBlocked=530, preValidatorBlocked=0.
[Info   :Active AIV Detector] [2026-09-24 22:12:53.558] Wrote opt-in live building grid: path=E:\ProgrammeE\Steam\steamapps\common\Stronghold Crusader Definitive Edition\BepInEx\plugins\ActiveAIVDetector_Serp\CellTraces\oracle-live-building-grid-20260924-221252-925-p5-r6-keep258-417.tsv, occupiedCells=2367.
[Info   :Active AIV Detector] [2026-09-24 22:12:53.559] AIV placement oracle attempt #16.2: mapName=<unknown>, mapFile=C:\Users\Serpens66\AppData\LocalLow\Firefly Studios\Stronghold Crusader Definitive Edition\Maps\test AI overbuild eachother.map, mapFileSha256=d63cd2ff3aeaba80bc3bc173bb615207666f1eaf759ecac573fad0da61979df3, preBuildSetting=1, playerId=5, method=SelectBestFit, candidateId=0, aivName=Default 7, aivJson=E:\ProgrammeE\Steam\steamapps\common\Stronghold Crusader Definitive Edition\BepInEx\plugins\ActiveAIVDetector_Serp\VanillaAIV\marshal7.aivjson, aivJsonSha256=384abb01e5b4c0ff36ceddeac64c3a8dc8151d0113d1189a32d8c7feb9bb337f, orientation=0 (0 degrees), result=Rejected, rawFitScore=0, fitPercent=67, evaluatedCells=1770, blockedCells=572, origin=(215,374), keepReference=(258,417).
[Info   :Active AIV Detector] [2026-09-24 22:12:53.562] Wrote opt-in AIV cell trace: path=E:\ProgrammeE\Steam\steamapps\common\Stronghold Crusader Definitive Edition\BepInEx\plugins\ActiveAIVDetector_Serp\CellTraces\oracle-cell-trace-20260924-221252-929-p5-c0-r0-keep258-417.tsv, rows=1770, nativeBlocked=572, resultGridBlocked=572, validatorCalls=1770, validatorBlocked=572, preValidatorBlocked=0.
[Info   :Active AIV Detector] [2026-09-24 22:12:53.565] Wrote opt-in live building grid: path=E:\ProgrammeE\Steam\steamapps\common\Stronghold Crusader Definitive Edition\BepInEx\plugins\ActiveAIVDetector_Serp\CellTraces\oracle-live-building-grid-20260924-221252-929-p5-r0-keep258-417.tsv, occupiedCells=2367.
[Info   :Active AIV Detector] [2026-09-24 22:12:53.565] AIV placement oracle attempt #16.3: mapName=<unknown>, mapFile=C:\Users\Serpens66\AppData\LocalLow\Firefly Studios\Stronghold Crusader Definitive Edition\Maps\test AI overbuild eachother.map, mapFileSha256=d63cd2ff3aeaba80bc3bc173bb615207666f1eaf759ecac573fad0da61979df3, preBuildSetting=1, playerId=5, method=SelectBestFit, candidateId=0, aivName=Default 7, aivJson=E:\ProgrammeE\Steam\steamapps\common\Stronghold Crusader Definitive Edition\BepInEx\plugins\ActiveAIVDetector_Serp\VanillaAIV\marshal7.aivjson, aivJsonSha256=384abb01e5b4c0ff36ceddeac64c3a8dc8151d0113d1189a32d8c7feb9bb337f, orientation=2 (90 degrees), result=Rejected, rawFitScore=0, fitPercent=33, evaluatedCells=1770, blockedCells=1181, origin=(215,374), keepReference=(258,417).
[Info   :Active AIV Detector] [2026-09-24 22:12:53.569] Wrote opt-in AIV cell trace: path=E:\ProgrammeE\Steam\steamapps\common\Stronghold Crusader Definitive Edition\BepInEx\plugins\ActiveAIVDetector_Serp\CellTraces\oracle-cell-trace-20260924-221252-933-p5-c0-r2-keep258-417.tsv, rows=1770, nativeBlocked=1181, resultGridBlocked=1181, validatorCalls=1770, validatorBlocked=1181, preValidatorBlocked=0.
[Info   :Active AIV Detector] [2026-09-24 22:12:53.570] Wrote opt-in live building grid: path=E:\ProgrammeE\Steam\steamapps\common\Stronghold Crusader Definitive Edition\BepInEx\plugins\ActiveAIVDetector_Serp\CellTraces\oracle-live-building-grid-20260924-221252-933-p5-r2-keep258-417.tsv, occupiedCells=2367.
[Info   :Active AIV Detector] [2026-09-24 22:12:53.571] AIV placement oracle attempt #16.4: mapName=<unknown>, mapFile=C:\Users\Serpens66\AppData\LocalLow\Firefly Studios\Stronghold Crusader Definitive Edition\Maps\test AI overbuild eachother.map, mapFileSha256=d63cd2ff3aeaba80bc3bc173bb615207666f1eaf759ecac573fad0da61979df3, preBuildSetting=1, playerId=5, method=SelectBestFit, candidateId=0, aivName=Default 7, aivJson=E:\ProgrammeE\Steam\steamapps\common\Stronghold Crusader Definitive Edition\BepInEx\plugins\ActiveAIVDetector_Serp\VanillaAIV\marshal7.aivjson, aivJsonSha256=384abb01e5b4c0ff36ceddeac64c3a8dc8151d0113d1189a32d8c7feb9bb337f, orientation=4 (180 degrees), result=Rejected, rawFitScore=0, fitPercent=42, evaluatedCells=1770, blockedCells=1019, origin=(215,374), keepReference=(258,417).
[Info   :Active AIV Detector] [2026-09-24 22:12:53.575] Wrote opt-in AIV cell trace: path=E:\ProgrammeE\Steam\steamapps\common\Stronghold Crusader Definitive Edition\BepInEx\plugins\ActiveAIVDetector_Serp\CellTraces\oracle-cell-trace-20260924-221252-940-p5-c0-r4-keep258-417.tsv, rows=1770, nativeBlocked=1019, resultGridBlocked=1019, validatorCalls=1770, validatorBlocked=1019, preValidatorBlocked=0.
[Info   :Active AIV Detector] [2026-09-24 22:12:53.577] Wrote opt-in live building grid: path=E:\ProgrammeE\Steam\steamapps\common\Stronghold Crusader Definitive Edition\BepInEx\plugins\ActiveAIVDetector_Serp\CellTraces\oracle-live-building-grid-20260924-221252-940-p5-r4-keep258-417.tsv, occupiedCells=2367.
[Info   :Active AIV Detector] [2026-09-24 22:12:53.577] Active AIV confirmed #10: playerId=2, lord=WOLF, baseLordEnum=SK_WOLF, runtimeLordEnum=SK_WOLF, lordJson=E:\ProgrammeE\Steam\steamapps\common\Stronghold Crusader Definitive Edition\BepInEx\plugins\ActiveAIVDetector_Serp\VanillaAIC\Wolf.lordjson, lordConfigChecksum=<not-applicable>, lordJsonSha256=c79627657a2ee5f402a3deea637fefdc8467876f92edf3a8c2aad17b8af2e2c1, lordConfigEffectiveSource=embedded game data; bundled lordJson exists but its manifest does not match the installed CrusaderDE.dll, aivMode=Default, candidateId=0, aivName=Default 8, aivJson=E:\ProgrammeE\Steam\steamapps\common\Stronghold Crusader Definitive Edition\BepInEx\plugins\ActiveAIVDetector_Serp\VanillaAIV\wolf8.aivjson, aivJsonSha256=0e59ca19225bfa86472a4b2a939ac8c97a1d6301e0fcc00b36cb998dd36eedd2, checksum=8, effectiveSource=embedded game data; bundled aivJson is the equivalent official editor file and is not read by the game, aivSpecIndex=1, orientation=6 (270 degrees), placementState=2 (complete fit), confirmationPoint=OnStartMap(Post).
[Info   :Active AIV Detector] [2026-09-24 22:12:53.577] Active AIV confirmed #11: playerId=3, lord=SENTINEL, baseLordEnum=SK_SENTINEL, runtimeLordEnum=SK_SENTINEL, lordJson=E:\ProgrammeE\Steam\steamapps\common\Stronghold Crusader Definitive Edition\BepInEx\plugins\ActiveAIVDetector_Serp\VanillaAIC\Sentinel.lordjson, lordConfigChecksum=<not-applicable>, lordJsonSha256=a399a37fb352d2a2792d546fad15dc1857f1c59acce45062863ef1ba2f6e025a, lordConfigEffectiveSource=embedded game data; bundled lordJson exists but its manifest does not match the installed CrusaderDE.dll, aivMode=Default, candidateId=0, aivName=Default 2, aivJson=E:\ProgrammeE\Steam\steamapps\common\Stronghold Crusader Definitive Edition\BepInEx\plugins\ActiveAIVDetector_Serp\VanillaAIV\sentinel2.aivjson, aivJsonSha256=907ab0c23abebd42aba220449f8010f7fd12d9c1d87a455fcd24ff478453e9da, checksum=2, effectiveSource=embedded game data; bundled aivJson is the equivalent official editor file and is not read by the game, aivSpecIndex=2, orientation=0 (0 degrees), placementState=1 (best partial fit), confirmationPoint=OnStartMap(Post).
[Info   :Active AIV Detector] [2026-09-24 22:12:53.578] No finalized AIV selection was captured for active AI playerId=4.
[Info   :Active AIV Detector] [2026-09-24 22:12:53.578] No finalized AIV selection was captured for active AI playerId=5.
[Info   :Active AIV Detector] [2026-09-24 22:12:53.578] Active AIV finalization completed after MissionStart: activeAIs=4, reportedAIVs=2, capturedSelections=2.
[Debug  :Unit Limit] [2026-09-24 22:12:53.579] ActiveSiegeTentCache ResyncAll: countKeys 0
[Debug  :Unit Limit] [2026-09-24 22:12:53.579] Gameplay session started: NewMap
[Debug  :Unit Limit] [2026-09-24 22:12:53.579] Applied active unit limit rules: 32
[Warning:  SHCDE-SE] [T1-22:12:53.579] [GameNetworkAPI] [GetLocalPlayerId] Local SteamID [76561198102311542] has no assigned slot yet: returning -1
[Warning:  SHCDE-SE] [T1-22:12:53.579] [GameNetworkAPI] [GetLocalPlayerId] Local SteamID [76561198102311542] has no assigned slot yet: returning -1
[Debug  :Extra Features] [2026-09-24 22:12:53.580] Extra Features multiplayer feature gate captured map mode: realMultiplayer=False, singleplayerSkirmishMode=True, singleplayerSkirmish=True, singleplayerTrail=False, mapEditor=False, multiplayerSave=False, directorAvailable=True, directorMultiplayer=False, directorSkirmish=True, lowLevelNetworked=True, platformMultiplayer=False, lobbyMembers=5, realLobbyMembers=0, skirmishLobbyMembers=5, gameMembers=5, realNetworkGameMembers=0, gameType=3, skirmishGameType=0, skirmishTrailType=-1, coopTrailId=0, kind=CustomGame, launchVariant=Standard, allowsCustomGameMods=True, allowsRegularGameplayMods=True, campaignMapId=0, eventTrailType=-1, customizedTrailId=-1, customizedMissionId=-1, customizedOriginKind=0, conflictingCustomizedOrigin=False.
[Info   :Extra Features] [2026-09-24 22:12:53.580] Extra Features gatehouse map state resumed: manualOnly=0.
[Info   :Extra Features] [2026-09-24 22:12:53.580] Extra Features church priest counts applied: enabled=True, church2=2, church3=3.
[Debug  :Extra Features] [2026-09-24 22:12:53.580] Extra Features Lord health initialized: session=4, savedBasis=False, humans=100%, AI=100%.
[Warning:  SHCDE-SE] [T1-22:12:53.580] [GameNetworkAPI] [GetLocalPlayerId] Local SteamID [76561198102311542] has no assigned slot yet: returning -1
[Warning:  SHCDE-SE] [T1-22:12:53.580] [GameNetworkAPI] [GetLocalPlayerId] Local SteamID [76561198102311542] has no assigned slot yet: returning -1
[Info   :Extra Features] [2026-09-24 22:12:53.580] Extra Features gatehouse map state resumed: manualOnly=0.
[Debug  :Bugfixes and QoL] [2026-09-24 22:12:53.580] Bugfixes and QoL multiplayer feature gate captured map mode: realMultiplayer=False, singleplayerSkirmishMode=True, singleplayerSkirmish=True, singleplayerTrail=False, mapEditor=False, multiplayerSave=False, directorAvailable=True, directorMultiplayer=False, directorSkirmish=True, lowLevelNetworked=True, platformMultiplayer=False, lobbyMembers=5, realLobbyMembers=0, skirmishLobbyMembers=5, gameMembers=5, realNetworkGameMembers=0, gameType=3, skirmishGameType=0, skirmishTrailType=-1, coopTrailId=0, kind=CustomGame, launchVariant=Standard, allowsCustomGameMods=True, allowsRegularGameplayMods=True, campaignMapId=0, eventTrailType=-1, customizedTrailId=-1, customizedMissionId=-1, customizedOriginKind=0, conflictingCustomizedOrigin=False.
[Debug  :Bugfixes and QoL] [2026-09-24 22:12:53.580] Reset surrender/statistics session state: reason=session-start:NewMap.
[Debug  :Bugfixes and QoL] [2026-09-24 22:12:53.580] Plague popularity diagnostics armed: modEnabled=True, fixEnabled=True, source=NewMap, mode=realMultiplayer=False, singleplayerSkirmishMode=True, singleplayerSkirmish=True, singleplayerTrail=False, mapEditor=False, multiplayerSave=False, directorAvailable=True, directorMultiplayer=False, directorSkirmish=True, lowLevelNetworked=True, platformMultiplayer=False, lobbyMembers=5, realLobbyMembers=0, skirmishLobbyMembers=5, gameMembers=5, realNetworkGameMembers=0, gameType=3, skirmishGameType=0, skirmishTrailType=-1, coopTrailId=0, kind=CustomGame, launchVariant=Standard, allowsCustomGameMods=True, allowsRegularGameplayMods=True, campaignMapId=0, eventTrailType=-1, customizedTrailId=-1, customizedMissionId=-1, customizedOriginKind=0, conflictingCustomizedOrigin=False.
[Debug  :Bugfixes and QoL] [2026-09-24 22:12:53.580] Bugfixes and QoL quarry-pile runtime: loaded Vanilla structure-group repair completed: candidates=0, validPairs=0, alreadyValid=0, plannedRepairs=0, groupIdsCorrected=0, legacyReverseLinksCleared=0, invalid=0, ambiguous=0, rejectedGroups=0.
[Info   :AIV Lobby Preset Test] Test-series run completed: DL-reverse-on; next=complete, session=4.
[Debug  :Building Costs] [2026-09-24 22:12:53.585] Gameplay session started: NewMap
[Debug  :Building Costs] [2026-09-24 22:12:53.585] Applied building cost materials: 0
[Debug  :Building Limit] [2026-09-24 22:12:53.585] ActiveBuildingCache RebuildCounts: humanCountKeys 6
[Debug  :Building Limit] [2026-09-24 22:12:53.586] ActiveBuildingCache ResyncAll: raiseEvents True scanned 3999 alive 371 humanActiveIds 9 humanCountKeys 6
[Debug  :Building Limit] [2026-09-24 22:12:53.586] ActiveBuildingCache ResyncAll count: player 1 type STRUCT_GOODS_YARD count 4
[Debug  :Building Limit] [2026-09-24 22:12:53.586] ActiveBuildingCache ResyncAll count: player 1 type STRUCT_KEEP_TWO count 1
[Debug  :Building Limit] [2026-09-24 22:12:53.586] ActiveBuildingCache ResyncAll count: player 1 type STRUCT_CAMPGROUND count 1
[Debug  :Building Limit] [2026-09-24 22:12:53.586] ActiveBuildingCache ResyncAll count: player 1 type STRUCT_KEEPDOOR_LEFT count 1
[Debug  :Building Limit] [2026-09-24 22:12:53.586] ActiveBuildingCache ResyncAll count: player 1 type STRUCT_KEEPDOOR_RIGHT count 1
[Debug  :Building Limit] [2026-09-24 22:12:53.586] ActiveBuildingCache ResyncAll count: player 1 type STRUCT_KEEPDOOR count 1
[Debug  :Building Limit] [2026-09-24 22:12:53.586] Gameplay session started: NewMap
[Debug  :Building Limit] [2026-09-24 22:12:53.586] Applied active building limit rules: 93
[Info   :CastlePlanner] [2026-09-24 22:12:53.588] Blueprint prepared locally: reason=scheduled preparation, file=C:\Users\Serpens66\AppData\LocalLow\Firefly Studios\Stronghold Crusader Definitive Edition\CustomLords\testlord_serp\testlord_serpcastle1.aivjson, keep=(458,351), projectedKeep=(458,351), castleRotation=0, tiles=1691, icons=161, unknownMappers=0, miscItemsIgnored=0.
[Debug  :CastlePlanner] [2026-09-24 22:12:53.588] Blueprint map-start lifecycle received; visibility reset to hidden.
[Debug  : Cheat Mod] [2026-09-24 22:12:53.588] Cheat Mod map runtime started; extreme-powers recharge interval=40 ticks, mana=7000, tickSubscribed=False.
[Debug  :Unit Costs] [2026-09-24 22:12:53.588] Applied unit cost values: 0
[Debug  :Unit Costs] [2026-09-24 22:12:53.589] Applied human extra unit cost rows: 0
[Error  :Random Events] [2026-09-24 22:12:55.098] Signpost initialization failed on this map; retrying: no active event participant is available for the Vanilla reachability check.
[Debug  :Bugfixes and QoL] [2026-09-24 22:12:55.099] Bugfixes and QoL quarry-pile runtime: AI quarry spawn observation armed after map/load initialization: tick=20.
[Debug  :Bugfixes and QoL] [2026-09-24 22:12:55.132] Keep-flag rotation summary: session=4, tick=23, enabled=True, captured=5, correctedBeforeSpawn=1, alreadyCorrectBeforeSpawn=2, keeps=5, correctedAfterStart=0, verified=3, rejected=2.
[Debug  :Extra Features] [2026-09-24 22:12:55.744] Extra Features gatehouse query hook confirmed: buildingId=344, eventUnitId=1, validatedUnitId=1, globalId=910, owner=3, tileX=240, tileY=428.
[Debug  :Extra Features] [2026-09-24 22:12:56.099] Extra Features applied Lord health: player=1, globalId=1006, multiplier=100%, health=150000/150000->150000/150000, vanillaMax=150000.
[Debug  :Extra Features] [2026-09-24 22:12:56.099] Extra Features applied Lord health: player=2, globalId=1008, multiplier=100%, health=450000/450000->450000/450000, vanillaMax=450000.
[Debug  :Extra Features] [2026-09-24 22:12:56.099] Extra Features applied Lord health: player=3, globalId=1010, multiplier=100%, health=450000/450000->450000/450000, vanillaMax=450000.
[Debug  :Extra Features] [2026-09-24 22:12:56.099] Extra Features applied Lord health: player=4, globalId=1012, multiplier=100%, health=360000/360000->360000/360000, vanillaMax=360000.
[Debug  :Extra Features] [2026-09-24 22:12:56.099] Extra Features applied Lord health: player=5, globalId=1014, multiplier=100%, health=270000/270000->270000/270000, vanillaMax=270000.
[Debug  :Building Limit] [2026-09-24 22:12:56.107] Building placement validation has no active limit rule: player 0 mapper MAPPER_SIGNPOST
[Debug  :Building Limit] [2026-09-24 22:12:56.108] Building placement validation has no active limit rule: player 0 mapper MAPPER_SIGNPOST
[Debug  :Building Limit] [2026-09-24 22:12:56.108] Building placement validation has no active limit rule: player 0 mapper MAPPER_SIGNPOST
[Debug  :Building Limit] [2026-09-24 22:12:56.109] Building placement validation has no active limit rule: player 0 mapper MAPPER_SIGNPOST
[Info   :Random Events] [2026-09-24 22:12:56.109] Signpost initialization completed: selectedBuildingIds=[373,374,375,376], usableRegistered=true, recoveredAfterFailure=true.
[Debug  :Random Events] [2026-09-24 22:12:56.111] Random Events batch prepared: mode=SharedEvents, includeAIPlayers=False, dueAbsoluteMonth=14184, actions=1, targetPlayers=[1], prngBefore=EFCB6656A85BDD79:D178D6B725433DB8, prngAfter=615EF66C6AF58071:FC40F7C133A8FA26, actionDigest=A0C3B5266C00588586404B276ECB64D10A085BEADF9E71C924A7C5AFD024E924, actionOrder=[0:5@P1=0], stateDigest=FB686250E6480D318CCE8549182737F18CE30999DF071C4183DACEAF50A8CC4F.
[Warning:  SHCDE-SE] [T1-22:12:57.254] [GameNetworkAPI] [GetLocalPlayerId] Local SteamID [76561198102311542] has no assigned slot yet: returning -1
[Warning:  SHCDE-SE] [T1-22:12:57.254] [GameNetworkAPI] [GetLocalPlayerId] Local SteamID [76561198102311542] has no assigned slot yet: returning -1
[Warning:  SHCDE-SE] [T1-22:12:57.254] [GameNetworkAPI] [GetLocalPlayerId] Local SteamID [76561198102311542] has no assigned slot yet: returning -1
[Warning:  SHCDE-SE] [T1-22:12:57.255] [GameNetworkAPI] [GetLocalPlayerId] Local SteamID [76561198102311542] has no assigned slot yet: returning -1
[Warning:  SHCDE-SE] [T1-22:12:57.255] [GameNetworkAPI] [GetLocalPlayerId] Local SteamID [76561198102311542] has no assigned slot yet: returning -1
[Warning:  SHCDE-SE] [T1-22:12:57.255] [GameNetworkAPI] [GetLocalPlayerId] Local SteamID [76561198102311542] has no assigned slot yet: returning -1
[Warning:  SHCDE-SE] [T1-22:12:57.255] [GameNetworkAPI] [GetLocalPlayerId] Local SteamID [76561198102311542] has no assigned slot yet: returning -1
[Warning:  SHCDE-SE] [T1-22:12:57.255] [GameNetworkAPI] [GetLocalPlayerId] Local SteamID [76561198102311542] has no assigned slot yet: returning -1
[Warning:  SHCDE-SE] [T1-22:12:57.255] [GameNetworkAPI] [GetLocalPlayerId] Local SteamID [76561198102311542] has no assigned slot yet: returning -1
[Warning:  SHCDE-SE] [T1-22:12:57.255] [GameNetworkAPI] [GetLocalPlayerId] Local SteamID [76561198102311542] has no assigned slot yet: returning -1
[Warning:  SHCDE-SE] [T23-22:12:57.265] [GameNetworkAPI] [GetLocalPlayerId] Local SteamID [76561198102311542] has no assigned slot yet: returning -1
[Warning:  SHCDE-SE] [T1-22:12:59.480] [GameNetworkAPI] [GetLocalPlayerId] Local SteamID [76561198102311542] has no assigned slot yet: returning -1
[Warning:  SHCDE-SE] [T1-22:12:59.480] [GameNetworkAPI] [GetLocalPlayerId] Local SteamID [76561198102311542] has no assigned slot yet: returning -1
[Warning:  SHCDE-SE] [T1-22:12:59.480] [GameNetworkAPI] [GetLocalPlayerId] Local SteamID [76561198102311542] has no assigned slot yet: returning -1
[Warning:  SHCDE-SE] [T1-22:12:59.480] [GameNetworkAPI] [GetLocalPlayerId] Local SteamID [76561198102311542] has no assigned slot yet: returning -1
[Warning:  SHCDE-SE] [T1-22:12:59.480] [GameNetworkAPI] [GetLocalPlayerId] Local SteamID [76561198102311542] has no assigned slot yet: returning -1
[Warning:  SHCDE-SE] [T1-22:12:59.480] [GameNetworkAPI] [GetLocalPlayerId] Local SteamID [76561198102311542] has no assigned slot yet: returning -1
[Warning:  SHCDE-SE] [T1-22:12:59.481] [GameNetworkAPI] [GetLocalPlayerId] Local SteamID [76561198102311542] has no assigned slot yet: returning -1
[Warning:  SHCDE-SE] [T1-22:12:59.481] [GameNetworkAPI] [GetLocalPlayerId] Local SteamID [76561198102311542] has no assigned slot yet: returning -1
[Warning:  SHCDE-SE] [T1-22:12:59.481] [GameNetworkAPI] [GetLocalPlayerId] Local SteamID [76561198102311542] has no assigned slot yet: returning -1
[Warning:  SHCDE-SE] [T1-22:12:59.481] [GameNetworkAPI] [GetLocalPlayerId] Local SteamID [76561198102311542] has no assigned slot yet: returning -1
[Warning:  SHCDE-SE] [T1-22:12:59.481] [GameNetworkAPI] [GetLocalPlayerId] Local SteamID [76561198102311542] has no assigned slot yet: returning -1
[Warning:  SHCDE-SE] [T1-22:12:59.481] [GameNetworkAPI] [GetLocalPlayerId] Local SteamID [76561198102311542] has no assigned slot yet: returning -1
[Warning:  SHCDE-SE] [T1-22:12:59.481] [GameNetworkAPI] [GetLocalPlayerId] Local SteamID [76561198102311542] has no assigned slot yet: returning -1
[Warning:  SHCDE-SE] [T1-22:12:59.481] [GameNetworkAPI] [GetLocalPlayerId] Local SteamID [76561198102311542] has no assigned slot yet: returning -1
[Warning:  SHCDE-SE] [T23-22:12:59.490] [GameNetworkAPI] [GetLocalPlayerId] Local SteamID [76561198102311542] has no assigned slot yet: returning -1
[Info   :  SHCDE-SE] [T1-22:13:02.669] [GameMapArchiveManagerAPI] [OnUnloadMap] Unloading archive
[Info   :  SHCDE-SE] [T1-22:13:02.669] [GameMapArchiveManagerAPI] [RemoveActiveArchive] Attempting to remove active archive
[Info   :  SHCDE-SE] [T1-22:13:02.669] [LuaManager] [OnUnloadMap] Attempting to unload lua state due to event, phase: Pre
[Info   :  SHCDE-SE] [T1-22:13:02.669] [LuaManager] [TryUnload] Attempting to unload lua state
[Warning:  SHCDE-SE] [T1-22:13:02.669] [LuaManager] [TryUnload] Lua state already unloaded!
[Info   :  SHCDE-SE] [T1-22:13:02.669] [DeterministicRandom] [OnUnloadMap] uninitializing shared state.
[Info   :  SHCDE-SE] [T1-22:13:02.669] [GamePlayerManagerAPI] [OnUnloadMap] Unloading
[Info   :  SHCDE-SE] [T1-22:13:02.669] [GameUnitManagerAPI] [OnUnloadMap] Unloading
[Info   :  SHCDE-SE] [T1-22:13:02.669] [GameBuildingManagerAPI] [OnUnloadMap] Unloading
[Info   :  SHCDE-SE] [T1-22:13:02.669] [GameMetadataManagerAPI] [OnUnloadMap] Unloading metadata
[Info   :  SHCDE-SE] [T1-22:13:02.669] [GameSoundManagerAPI] [Unload] Unloading sounds
[Info   :  SHCDE-SE] [T1-22:13:02.669] [GameSoundManagerAPI] [Unload] Unloading sounds complete
[Info   :  SHCDE-SE] [T1-22:13:02.669] [GameTriggerManager] [OnUnloadMap] Unloading
[Info   :  SHCDE-SE] [T1-22:13:02.669] [GameTimeManagerAPI] [OnUnloadMap] Unloading
[Info   :  SHCDE-SE] [T1-22:13:02.669] [GameAfterImageManager] [OnUnloadMap] Unloading active effects
[Info   :  SHCDE-SE] [T1-22:13:02.669] [GameBundleManager] [OnUnloadMap] Unloading
[Info   : APIShared] [2026-09-24 22:13:02.669] MissionEnd: session=4, source=NewGame, mode=CustomGame, phase=ManagedReady, reason=Unloaded, started=True, replay=False.
[Info   :Active AIV Detector] [2026-09-24 22:13:02.669] Active AIV detector reset for map unload; waiting for finalized AI selections. retainedPendingLobbyMetadata=False, retainedPendingPreBuildSetting=False.
[Info   :Unit Limit] [2026-09-24 22:13:02.669] [Unit Limit] gameplay-mod gate: modGuid=UnitLimit_Serp, source=MissionEnd, kind=Unknown, launchVariant=Standard, customized=False, customizedOrigin=0, modeAllowed=False, configuredEnabled=True, effectiveEnabled=False, action=disabled-by-mode, reason=unknown-fail-closed.
[Info   :Unit Limit] [2026-09-24 22:13:02.669] [UnitLimit_Serp] gameplay-feature gate: feature=UnitLimitEnforcement, source=MissionEnd, kind=Unknown, launchVariant=Standard, realMultiplayer=False, modeAllowed=False, action=disabled-by-feature-mode, reason=unknown-fail-closed.
[Debug  :Unit Limit] [2026-09-24 22:13:02.669] UnitLimit MakeTroop GameAction hook disposed.
[Debug  :Unit Limit] [2026-09-24 22:13:02.671] UnitLimit create troop hover hooks disposed.
[Debug  :Unit Limit] [2026-09-24 22:13:02.671] UnitLimit siege build hover hooks disposed.
[Debug  :Unit Limit] [2026-09-24 22:13:02.671] UnitLimit recruitment availability UI hook disposed.
[Debug  :Unit Limit] [2026-09-24 22:13:02.671] ActiveUnitCache cleared.
[Debug  :Unit Limit] [2026-09-24 22:13:02.671] ActiveSiegeTentCache cleared.
[Warning:  SHCDE-SE] [T1-22:13:02.671] [GameNetworkAPI] [GetLocalPlayerId] Local SteamID [76561198102311542] has no assigned slot yet: returning -1
[Warning:  SHCDE-SE] [T1-22:13:02.671] [GameNetworkAPI] [GetLocalPlayerId] Local SteamID [76561198102311542] has no assigned slot yet: returning -1
[Info   :Extra Features] [2026-09-24 22:13:02.671] [Extra Features] gameplay-mod gate: modGuid=ExtraFeatures_Serp, source=MissionEnd, kind=Unknown, launchVariant=Standard, customized=False, customizedOrigin=0, modeAllowed=False, configuredEnabled=True, effectiveEnabled=False, action=disabled-by-mode, reason=unknown-fail-closed.
[Info   :Extra Features] [2026-09-24 22:13:02.671] [ExtraFeatures_Serp] gameplay-feature gate: feature=LordHealthMultipliers, source=MissionEnd, kind=Unknown, launchVariant=Standard, realMultiplayer=False, modeAllowed=False, action=disabled-by-feature-mode, reason=unknown-fail-closed.
[Info   :Extra Features] [2026-09-24 22:13:02.671] Extra Features gatehouse map state cleared: manualOnly=0.
[Debug  :Extra Features] [2026-09-24 22:13:02.671] Extra Features apothecary plague-search maximum is now 30 (Vanilla).
[Debug  :Extra Features] [2026-09-24 22:13:02.671] Extra Features gatehouse diagnostic: button visibility state: hidden: mod-disabled.
[Info   :Extra Features] [2026-09-24 22:13:02.671] Extra Features church priest counts applied: enabled=False, church2=1, church3=1.
[Debug  :Bugfixes and QoL] [2026-09-24 22:13:02.671] Post-game lobby handoff state reset: reason=mission-end.
[Debug  :Bugfixes and QoL] [2026-09-24 22:13:02.672] Reset surrender/statistics session state: reason=mission-end.
[Info   :Building Costs] [2026-09-24 22:13:02.672] [Building Costs] gameplay-mod gate: modGuid=BuildingCosts_Serp, source=MissionEnd, kind=Unknown, launchVariant=Standard, customized=False, customizedOrigin=0, modeAllowed=False, configuredEnabled=True, effectiveEnabled=False, action=disabled-by-mode, reason=unknown-fail-closed.
[Info   :Building Costs] [2026-09-24 22:13:02.672] [BuildingCosts_Serp] gameplay-feature gate: feature=BuildingCostTooltip, source=MissionEnd, kind=Unknown, launchVariant=Standard, realMultiplayer=False, modeAllowed=False, action=disabled-by-feature-mode, reason=unknown-fail-closed.
[Debug  :Building Costs] [2026-09-24 22:13:02.672] Restored default building cost materials: 0
[Info   :Building Limit] [2026-09-24 22:13:02.672] [Building Limit] gameplay-mod gate: modGuid=BuildingLimit_Serp, source=MissionEnd, kind=Unknown, launchVariant=Standard, customized=False, customizedOrigin=0, modeAllowed=False, configuredEnabled=True, effectiveEnabled=False, action=disabled-by-mode, reason=unknown-fail-closed.
[Info   :Building Limit] [2026-09-24 22:13:02.672] [BuildingLimit_Serp] gameplay-feature gate: feature=BuildingLimitEnforcement, source=MissionEnd, kind=Unknown, launchVariant=Standard, realMultiplayer=False, modeAllowed=False, action=disabled-by-feature-mode, reason=unknown-fail-closed.
[Debug  :Building Limit] [2026-09-24 22:13:02.672] ActiveBuildingCache cleared.
[Info   :CastlePlanner] [2026-09-24 22:13:02.672] [CastlePlanner] gameplay-mod gate: modGuid=CastlePlanner_Serp, source=MissionEnd, kind=Unknown, launchVariant=Standard, customized=False, customizedOrigin=0, modeAllowed=False, configuredEnabled=True, effectiveEnabled=False, action=disabled-by-mode, reason=unknown-fail-closed.
[Info   :CastlePlanner] [2026-09-24 22:13:02.672] [CastlePlanner_Serp] gameplay-feature gate: feature=CastleSpawning, source=MissionEnd, kind=Unknown, launchVariant=Standard, realMultiplayer=False, modeAllowed=False, action=disabled-by-feature-mode, reason=unknown-fail-closed.
[Info   :CastlePlanner] [2026-09-24 22:13:02.672] [CastlePlanner_Serp] gameplay-feature gate: feature=FreeCastlePreview, source=MissionEnd, kind=Unknown, launchVariant=Standard, realMultiplayer=False, modeAllowed=False, action=disabled-by-feature-mode, reason=unknown-fail-closed.
[Info   :CastlePlanner] [2026-09-24 22:13:02.672] [CastlePlanner_Serp] gameplay-feature gate: feature=CastleBlueprints, source=MissionEnd, kind=Unknown, launchVariant=Standard, realMultiplayer=False, modeAllowed=False, action=disabled-by-feature-mode, reason=unknown-fail-closed.
[Debug  :CastlePlanner] [2026-09-24 22:13:02.672] Blueprint overlay cleared for map unload.
[Debug  :CastlePlanner] [2026-09-24 22:13:02.672] OnUnloadMap(Post) received; the next new map may spawn a native AIV castle.
[Info   : Cheat Mod] [2026-09-24 22:13:02.672] [Cheat Mod] gameplay-mod gate: modGuid=CheatMod_Serp, source=MissionEnd, kind=Unknown, launchVariant=Standard, customized=False, customizedOrigin=0, modeAllowed=False, configuredEnabled=False, effectiveEnabled=False, action=disabled-by-mode, reason=unknown-fail-closed.
[Info   : Cheat Mod] [2026-09-24 22:13:02.672] [CheatMod_Serp] gameplay-feature gate: feature=EndlessExtremePowersRecharge, source=MissionEnd, kind=Unknown, launchVariant=Standard, realMultiplayer=False, modeAllowed=False, action=disabled-by-feature-mode, reason=unknown-fail-closed.
[Info   :Extreme Powers] [2026-09-24 22:13:02.676] [Extreme Powers] gameplay-mod gate: modGuid=ExtremePowers_Serp, source=MissionEnd, kind=Unknown, launchVariant=Standard, customized=False, customizedOrigin=0, modeAllowed=False, configuredEnabled=True, effectiveEnabled=False, action=disabled-by-mode, reason=unknown-fail-closed.
[Info   :Random Events] [2026-09-24 22:13:02.676] [Random Events] gameplay-mod gate: modGuid=RandomEvents_Serp, source=MissionEnd, kind=Unknown, launchVariant=Standard, customized=False, customizedOrigin=0, modeAllowed=False, configuredEnabled=True, effectiveEnabled=False, action=disabled-by-mode, reason=unknown-fail-closed.
[Info   :Random Events] [2026-09-24 22:13:02.676] [RandomEvents_Serp] gameplay-feature gate: feature=RandomEventsRuntime, source=MissionEnd, kind=Unknown, launchVariant=Standard, realMultiplayer=False, modeAllowed=False, action=disabled-by-feature-mode, reason=unknown-fail-closed.
[Info   :Unit Costs] [2026-09-24 22:13:02.676] [Unit Costs] gameplay-mod gate: modGuid=UnitCosts_Serp, source=MissionEnd, kind=Unknown, launchVariant=Standard, customized=False, customizedOrigin=0, modeAllowed=False, configuredEnabled=True, effectiveEnabled=False, action=disabled-by-mode, reason=unknown-fail-closed.
[Info   :Unit Costs] [2026-09-24 22:13:02.676] [UnitCosts_Serp] gameplay-feature gate: feature=UnitCostEnforcement, source=MissionEnd, kind=Unknown, launchVariant=Standard, realMultiplayer=False, modeAllowed=False, action=disabled-by-feature-mode, reason=unknown-fail-closed.
[Debug  :Unit Costs] [2026-09-24 22:13:02.676] Restored vanilla unit cost values: 32
[Debug  :Unit Costs] [2026-09-24 22:13:02.676] UnitCosts MakeTroop GameAction hook disposed.
[Debug  :Unit Costs] [2026-09-24 22:13:02.676] UnitCosts create troop hover hooks disposed.
[Debug  :Unit Costs] [2026-09-24 22:13:02.677] UnitCosts siege build hover hooks disposed.
[Debug  :Unit Costs] [2026-09-24 22:13:02.677] UnitCosts recruitment availability UI hook disposed.
[Info   :  SHCDE-SE] [T1-22:13:02.785] [BulkMapLoaderDetours] [c_game_unload_map_hook_impl] pTileManager=00007FFAAE2DEDB0, preventNotification=False
[Info   :  SHCDE-SE] [T1-22:13:02.785] [GameMapArchiveManagerAPI] [OnUnloadMap] Unloading archive
[Info   :  SHCDE-SE] [T1-22:13:02.785] [GameMapArchiveManagerAPI] [RemoveActiveArchive] Attempting to remove active archive
[Info   :  SHCDE-SE] [T1-22:13:02.785] [LuaManager] [OnUnloadMap] Attempting to unload lua state due to event, phase: Pre
[Info   :  SHCDE-SE] [T1-22:13:02.785] [LuaManager] [TryUnload] Attempting to unload lua state
[Warning:  SHCDE-SE] [T1-22:13:02.786] [LuaManager] [TryUnload] Lua state already unloaded!
[Info   :  SHCDE-SE] [T1-22:13:02.786] [DeterministicRandom] [OnUnloadMap] uninitializing shared state.
[Info   :  SHCDE-SE] [T1-22:13:02.786] [GamePlayerManagerAPI] [OnUnloadMap] Unloading
[Info   :  SHCDE-SE] [T1-22:13:02.786] [GameUnitManagerAPI] [OnUnloadMap] Unloading
[Info   :  SHCDE-SE] [T1-22:13:02.786] [GameBuildingManagerAPI] [OnUnloadMap] Unloading
[Info   :  SHCDE-SE] [T1-22:13:02.786] [GameMetadataManagerAPI] [OnUnloadMap] Unloading metadata
[Info   :  SHCDE-SE] [T1-22:13:02.786] [GameSoundManagerAPI] [Unload] Unloading sounds
[Info   :  SHCDE-SE] [T1-22:13:02.786] [GameSoundManagerAPI] [Unload] Unloading sounds complete
[Info   :  SHCDE-SE] [T1-22:13:02.786] [GameTriggerManager] [OnUnloadMap] Unloading
[Info   :  SHCDE-SE] [T1-22:13:02.786] [GameTimeManagerAPI] [OnUnloadMap] Unloading
[Info   :  SHCDE-SE] [T1-22:13:02.786] [GameAfterImageManager] [OnUnloadMap] Unloading active effects
[Info   :  SHCDE-SE] [T1-22:13:02.786] [GameBundleManager] [OnUnloadMap] Unloading
[Info   :  SHCDE-SE] [T1-22:13:02.803] [GameMapArchiveManagerAPI] [OnUnloadMap] Unloading archive
[Info   :  SHCDE-SE] [T1-22:13:02.803] [GameMapArchiveManagerAPI] [RemoveActiveArchive] Attempting to remove active archive
[Info   :  SHCDE-SE] [T1-22:13:02.803] [DeterministicRandom] [OnUnloadMap] uninitializing shared state.
[Info   :  SHCDE-SE] [T1-22:13:02.803] [GamePlayerManagerAPI] [OnUnloadMap] Unloading
[Info   :  SHCDE-SE] [T1-22:13:02.803] [GameUnitManagerAPI] [OnUnloadMap] Unloading
[Info   :  SHCDE-SE] [T1-22:13:02.803] [GameBuildingManagerAPI] [OnUnloadMap] Unloading
[Info   :  SHCDE-SE] [T1-22:13:02.803] [GameMetadataManagerAPI] [OnUnloadMap] Unloading metadata
[Info   :  SHCDE-SE] [T1-22:13:02.803] [GameSoundManagerAPI] [Unload] Unloading sounds
[Info   :  SHCDE-SE] [T1-22:13:02.803] [GameSoundManagerAPI] [Unload] Unloading sounds complete
[Info   :  SHCDE-SE] [T1-22:13:02.803] [GameTriggerManager] [OnUnloadMap] Unloading
[Info   :  SHCDE-SE] [T1-22:13:02.803] [GameTimeManagerAPI] [OnUnloadMap] Unloading
[Info   :  SHCDE-SE] [T1-22:13:02.803] [GameAfterImageManager] [OnUnloadMap] Unloading active effects
[Info   :  SHCDE-SE] [T1-22:13:02.803] [GameBundleManager] [OnUnloadMap] Unloading
[Info   :  SHCDE-SE] [T1-22:13:02.810] [BulkMapLoaderDetours] [c_game_unload_map_hook_impl] pTileManager=00007FFAAE2DEDB0, preventNotification=False
[Info   :  SHCDE-SE] [T1-22:13:02.810] [GameMapArchiveManagerAPI] [OnUnloadMap] Unloading archive
[Info   :  SHCDE-SE] [T1-22:13:02.810] [GameMapArchiveManagerAPI] [RemoveActiveArchive] Attempting to remove active archive
[Info   :  SHCDE-SE] [T1-22:13:02.810] [LuaManager] [OnUnloadMap] Attempting to unload lua state due to event, phase: Pre
[Info   :  SHCDE-SE] [T1-22:13:02.810] [LuaManager] [TryUnload] Attempting to unload lua state
[Warning:  SHCDE-SE] [T1-22:13:02.810] [LuaManager] [TryUnload] Lua state already unloaded!
[Info   :  SHCDE-SE] [T1-22:13:02.810] [DeterministicRandom] [OnUnloadMap] uninitializing shared state.
[Info   :  SHCDE-SE] [T1-22:13:02.810] [GamePlayerManagerAPI] [OnUnloadMap] Unloading
[Info   :  SHCDE-SE] [T1-22:13:02.810] [GameUnitManagerAPI] [OnUnloadMap] Unloading
[Info   :  SHCDE-SE] [T1-22:13:02.810] [GameBuildingManagerAPI] [OnUnloadMap] Unloading
[Info   :  SHCDE-SE] [T1-22:13:02.810] [GameMetadataManagerAPI] [OnUnloadMap] Unloading metadata
[Info   :  SHCDE-SE] [T1-22:13:02.810] [GameSoundManagerAPI] [Unload] Unloading sounds
[Info   :  SHCDE-SE] [T1-22:13:02.810] [GameSoundManagerAPI] [Unload] Unloading sounds complete
[Info   :  SHCDE-SE] [T1-22:13:02.810] [GameTriggerManager] [OnUnloadMap] Unloading
[Info   :  SHCDE-SE] [T1-22:13:02.810] [GameTimeManagerAPI] [OnUnloadMap] Unloading
[Info   :  SHCDE-SE] [T1-22:13:02.810] [GameAfterImageManager] [OnUnloadMap] Unloading active effects
[Info   :  SHCDE-SE] [T1-22:13:02.810] [GameBundleManager] [OnUnloadMap] Unloading
[Info   :  SHCDE-SE] [T1-22:13:02.826] [GameMapArchiveManagerAPI] [OnUnloadMap] Unloading archive
[Info   :  SHCDE-SE] [T1-22:13:02.826] [GameMapArchiveManagerAPI] [RemoveActiveArchive] Attempting to remove active archive
[Info   :  SHCDE-SE] [T1-22:13:02.826] [DeterministicRandom] [OnUnloadMap] uninitializing shared state.
[Info   :  SHCDE-SE] [T1-22:13:02.826] [GamePlayerManagerAPI] [OnUnloadMap] Unloading
[Info   :  SHCDE-SE] [T1-22:13:02.826] [GameUnitManagerAPI] [OnUnloadMap] Unloading
[Info   :  SHCDE-SE] [T1-22:13:02.826] [GameBuildingManagerAPI] [OnUnloadMap] Unloading
[Info   :  SHCDE-SE] [T1-22:13:02.826] [GameMetadataManagerAPI] [OnUnloadMap] Unloading metadata
[Info   :  SHCDE-SE] [T1-22:13:02.826] [GameSoundManagerAPI] [Unload] Unloading sounds
[Info   :  SHCDE-SE] [T1-22:13:02.826] [GameSoundManagerAPI] [Unload] Unloading sounds complete
[Info   :  SHCDE-SE] [T1-22:13:02.826] [GameTriggerManager] [OnUnloadMap] Unloading
[Info   :  SHCDE-SE] [T1-22:13:02.826] [GameTimeManagerAPI] [OnUnloadMap] Unloading
[Info   :  SHCDE-SE] [T1-22:13:02.826] [GameAfterImageManager] [OnUnloadMap] Unloading active effects
[Info   :  SHCDE-SE] [T1-22:13:02.826] [GameBundleManager] [OnUnloadMap] Unloading
[Info   :AIV Lobby Preset Test] Preset Prepare entered; config=E:\ProgrammeE\Steam\steamapps\common\Stronghold Crusader Definitive Edition\BepInEx\config\AivLobbyPresetTest.json, lobby=True
[Info   :AIV Lobby Preset Test] Test series complete; no preset will override this lobby.
[Info   :  SHCDE-SE] [T1-22:13:02.843] [MapArchive] [.ctor] Reading ZIP data from offset: 00359DCA
[Info   :  SHCDE-SE] [T1-22:13:02.849] [MapArchive] [.ctor] Reading ZIP data from offset: 00359DCA
[Warning:  SHCDE-SE] [T1-22:13:02.849] [MapArchive] [TryLoad] No info.json found: C:\Users\Serpens66\AppData\LocalLow\Firefly Studios\Stronghold Crusader Definitive Edition\Maps\test AI overbuild eachother.map
[Info   :  SHCDE-SE] [T1-22:13:02.855] [MapArchive] [.ctor] Reading ZIP data from offset: 00359DCA
[Warning:  SHCDE-SE] [T1-22:13:02.855] [MapArchive] [TryLoad] No info.json found: C:\Users\Serpens66\AppData\LocalLow\Firefly Studios\Stronghold Crusader Definitive Edition\Maps\test AI overbuild eachother.map
[Info   :CastlePlanner] [2026-09-24 22:13:02.860] AIV lobby placement result: generation=9, playerId=2, preBuild=1, status=Complete, evaluableCandidates=1/1, selectedCandidate=0, rotation=Degrees270, possibleCandidates=0, possibleRotations=Degrees270, reason=None: .
[Info   :CastlePlanner] [2026-09-24 22:13:02.861] AIV lobby placement result: generation=9, playerId=3, preBuild=1, status=NotEvaluable, evaluableCandidates=0/0, selectedCandidate=none, rotation=unknown, possibleCandidates=unproven, possibleRotations=unproven, reason=RequestNotReady: PreBuildSequenceUnsupported.
[Info   :CastlePlanner] [2026-09-24 22:13:02.861] AIV lobby placement result: generation=9, playerId=4, preBuild=1, status=NotEvaluable, evaluableCandidates=0/0, selectedCandidate=none, rotation=unknown, possibleCandidates=unproven, possibleRotations=unproven, reason=RequestNotReady: PreBuildSequenceUnsupported.
[Info   :CastlePlanner] [2026-09-24 22:13:02.861] AIV lobby placement result: generation=9, playerId=5, preBuild=1, status=NotEvaluable, evaluableCandidates=0/0, selectedCandidate=none, rotation=unknown, possibleCandidates=unproven, possibleRotations=unproven, reason=RequestNotReady: PreBuildSequenceUnsupported.
[Info   :AIV Lobby Preset Test] Lobby observed: skirmish=True, host=True, visible=True, panelActive=True, managedViewNull=False, noesisViewNull=False
[Info   :AIV Lobby Preset Test] Lobby bridge before Tick: assembly=E:\ProgrammeE\Steam\steamapps\common\Stronghold Crusader Definitive Edition\BepInEx\plugins\APIShared_Serp\APIShared.dll, owner=AivLobbyPresetTest_Serp, callback=AivLobbyPresetTest.AivLobbyPresetTestPlugin, sameLobby=True, prepared=False, active=False, applyAttempted=False
[Info   :AIV Lobby Preset Test] Preset Prepare entered; config=E:\ProgrammeE\Steam\steamapps\common\Stronghold Crusader Definitive Edition\BepInEx\config\AivLobbyPresetTest.json, lobby=True
[Info   :AIV Lobby Preset Test] Test series complete; no preset will override this lobby.
[Info   :AIV Lobby Preset Test] Lobby bridge after Tick: assembly=E:\ProgrammeE\Steam\steamapps\common\Stronghold Crusader Definitive Edition\BepInEx\plugins\APIShared_Serp\APIShared.dll, owner=AivLobbyPresetTest_Serp, callback=AivLobbyPresetTest.AivLobbyPresetTestPlugin, sameLobby=True, prepared=True, active=False, applyAttempted=False
[Debug  :Bugfixes and QoL] [2026-09-24 22:13:05.485] Bugfixes and QoL saved AI AIV/AIC selection: key=builtin:17, hadExisting=False, lordType=17, lordName=, mode=custom, rotation=0, aivCount=1, firstAiv=Default 2, lordMode=defaultLord, lordConfig=, encodedLength=95.
[Info   :Active AIV Detector] [2026-09-24 22:13:05.485] Captured skirmish option before StartSkirmishGame: advopt_pre_build=1, mode=enabled.
[Info   :Active AIV Detector] [2026-09-24 22:13:05.485] Captured lord/AIV metadata for 4 AI lobby slots before StartSkirmishGame.
[Info   :  SHCDE-SE] [T1-22:13:05.516] [BulkMapLoaderDetours] [c_game_unload_map_hook_impl] pTileManager=00007FFAAE2DEDB0, preventNotification=False
[Info   :  SHCDE-SE] [T1-22:13:05.516] [GameMapArchiveManagerAPI] [OnUnloadMap] Unloading archive
[Info   :  SHCDE-SE] [T1-22:13:05.516] [GameMapArchiveManagerAPI] [RemoveActiveArchive] Attempting to remove active archive
[Info   :  SHCDE-SE] [T1-22:13:05.516] [LuaManager] [OnUnloadMap] Attempting to unload lua state due to event, phase: Pre
[Info   :  SHCDE-SE] [T1-22:13:05.516] [LuaManager] [TryUnload] Attempting to unload lua state
[Warning:  SHCDE-SE] [T1-22:13:05.516] [LuaManager] [TryUnload] Lua state already unloaded!
[Info   :  SHCDE-SE] [T1-22:13:05.516] [DeterministicRandom] [OnUnloadMap] uninitializing shared state.
[Info   :  SHCDE-SE] [T1-22:13:05.516] [GamePlayerManagerAPI] [OnUnloadMap] Unloading
[Info   :  SHCDE-SE] [T1-22:13:05.516] [GameUnitManagerAPI] [OnUnloadMap] Unloading
[Info   :  SHCDE-SE] [T1-22:13:05.516] [GameBuildingManagerAPI] [OnUnloadMap] Unloading
[Info   :  SHCDE-SE] [T1-22:13:05.516] [GameMetadataManagerAPI] [OnUnloadMap] Unloading metadata
[Info   :  SHCDE-SE] [T1-22:13:05.516] [GameSoundManagerAPI] [Unload] Unloading sounds
[Info   :  SHCDE-SE] [T1-22:13:05.516] [GameSoundManagerAPI] [Unload] Unloading sounds complete
[Info   :  SHCDE-SE] [T1-22:13:05.516] [GameTriggerManager] [OnUnloadMap] Unloading
[Info   :  SHCDE-SE] [T1-22:13:05.516] [GameTimeManagerAPI] [OnUnloadMap] Unloading
[Info   :  SHCDE-SE] [T1-22:13:05.516] [GameAfterImageManager] [OnUnloadMap] Unloading active effects
[Info   :  SHCDE-SE] [T1-22:13:05.516] [GameBundleManager] [OnUnloadMap] Unloading
[Info   :  SHCDE-SE] [T1-22:13:05.533] [GameMapArchiveManagerAPI] [OnUnloadMap] Unloading archive
[Info   :  SHCDE-SE] [T1-22:13:05.533] [GameMapArchiveManagerAPI] [RemoveActiveArchive] Attempting to remove active archive
[Info   :  SHCDE-SE] [T1-22:13:05.533] [DeterministicRandom] [OnUnloadMap] uninitializing shared state.
[Info   :  SHCDE-SE] [T1-22:13:05.533] [GamePlayerManagerAPI] [OnUnloadMap] Unloading
[Info   :  SHCDE-SE] [T1-22:13:05.533] [GameUnitManagerAPI] [OnUnloadMap] Unloading
[Info   :  SHCDE-SE] [T1-22:13:05.533] [GameBuildingManagerAPI] [OnUnloadMap] Unloading
[Info   :  SHCDE-SE] [T1-22:13:05.533] [GameMetadataManagerAPI] [OnUnloadMap] Unloading metadata
[Info   :  SHCDE-SE] [T1-22:13:05.533] [GameSoundManagerAPI] [Unload] Unloading sounds
[Info   :  SHCDE-SE] [T1-22:13:05.533] [GameSoundManagerAPI] [Unload] Unloading sounds complete
[Info   :  SHCDE-SE] [T1-22:13:05.533] [GameTriggerManager] [OnUnloadMap] Unloading
[Info   :  SHCDE-SE] [T1-22:13:05.533] [GameTimeManagerAPI] [OnUnloadMap] Unloading
[Info   :  SHCDE-SE] [T1-22:13:05.533] [GameAfterImageManager] [OnUnloadMap] Unloading active effects
[Info   :  SHCDE-SE] [T1-22:13:05.533] [GameBundleManager] [OnUnloadMap] Unloading
[Info   :  SHCDE-SE] [T1-22:13:05.540] [BulkMapLoaderDetours] [c_game_unload_map_hook_impl] pTileManager=00007FFAAE2DEDB0, preventNotification=False
[Info   :  SHCDE-SE] [T1-22:13:05.540] [GameMapArchiveManagerAPI] [OnUnloadMap] Unloading archive
[Info   :  SHCDE-SE] [T1-22:13:05.540] [GameMapArchiveManagerAPI] [RemoveActiveArchive] Attempting to remove active archive
[Info   :  SHCDE-SE] [T1-22:13:05.540] [LuaManager] [OnUnloadMap] Attempting to unload lua state due to event, phase: Pre
[Info   :  SHCDE-SE] [T1-22:13:05.540] [LuaManager] [TryUnload] Attempting to unload lua state
[Warning:  SHCDE-SE] [T1-22:13:05.540] [LuaManager] [TryUnload] Lua state already unloaded!
[Info   :  SHCDE-SE] [T1-22:13:05.541] [DeterministicRandom] [OnUnloadMap] uninitializing shared state.
[Info   :  SHCDE-SE] [T1-22:13:05.541] [GamePlayerManagerAPI] [OnUnloadMap] Unloading
[Info   :  SHCDE-SE] [T1-22:13:05.541] [GameUnitManagerAPI] [OnUnloadMap] Unloading
[Info   :  SHCDE-SE] [T1-22:13:05.541] [GameBuildingManagerAPI] [OnUnloadMap] Unloading
[Info   :  SHCDE-SE] [T1-22:13:05.541] [GameMetadataManagerAPI] [OnUnloadMap] Unloading metadata
[Info   :  SHCDE-SE] [T1-22:13:05.541] [GameSoundManagerAPI] [Unload] Unloading sounds
[Info   :  SHCDE-SE] [T1-22:13:05.541] [GameSoundManagerAPI] [Unload] Unloading sounds complete
[Info   :  SHCDE-SE] [T1-22:13:05.541] [GameTriggerManager] [OnUnloadMap] Unloading
[Info   :  SHCDE-SE] [T1-22:13:05.541] [GameTimeManagerAPI] [OnUnloadMap] Unloading
[Info   :  SHCDE-SE] [T1-22:13:05.541] [GameAfterImageManager] [OnUnloadMap] Unloading active effects
[Info   :  SHCDE-SE] [T1-22:13:05.541] [GameBundleManager] [OnUnloadMap] Unloading
[Info   :  SHCDE-SE] [T1-22:13:05.558] [GameMapArchiveManagerAPI] [OnUnloadMap] Unloading archive
[Info   :  SHCDE-SE] [T1-22:13:05.558] [GameMapArchiveManagerAPI] [RemoveActiveArchive] Attempting to remove active archive
[Info   :  SHCDE-SE] [T1-22:13:05.558] [DeterministicRandom] [OnUnloadMap] uninitializing shared state.
[Info   :  SHCDE-SE] [T1-22:13:05.558] [GamePlayerManagerAPI] [OnUnloadMap] Unloading
[Info   :  SHCDE-SE] [T1-22:13:05.558] [GameUnitManagerAPI] [OnUnloadMap] Unloading
[Info   :  SHCDE-SE] [T1-22:13:05.558] [GameBuildingManagerAPI] [OnUnloadMap] Unloading
[Info   :  SHCDE-SE] [T1-22:13:05.558] [GameMetadataManagerAPI] [OnUnloadMap] Unloading metadata
[Info   :  SHCDE-SE] [T1-22:13:05.558] [GameSoundManagerAPI] [Unload] Unloading sounds
[Info   :  SHCDE-SE] [T1-22:13:05.558] [GameSoundManagerAPI] [Unload] Unloading sounds complete
[Info   :  SHCDE-SE] [T1-22:13:05.558] [GameTriggerManager] [OnUnloadMap] Unloading
[Info   :  SHCDE-SE] [T1-22:13:05.558] [GameTimeManagerAPI] [OnUnloadMap] Unloading
[Info   :  SHCDE-SE] [T1-22:13:05.558] [GameAfterImageManager] [OnUnloadMap] Unloading active effects
[Info   :  SHCDE-SE] [T1-22:13:05.558] [GameBundleManager] [OnUnloadMap] Unloading
[Info   :  SHCDE-SE] [T1-22:13:05.558] [BulkAIDetours] [c_game_dll_importaiv_hook_impl] Loaded AIV bank=-1, variant=-1, elementCount=0, isCustom=0
[Info   :  SHCDE-SE] [T1-22:13:05.558] [BulkAIDetours] [c_game_dll_importaiv_hook_impl] Loaded AIV bank=1, variant=0, elementCount=1562, isCustom=1
[Info   :  SHCDE-SE] [T1-22:13:05.558] [BulkAIDetours] [c_game_dll_importaiv_hook_impl] Loaded AIV bank=2, variant=0, elementCount=1409, isCustom=1
[Info   :  SHCDE-SE] [T1-22:13:05.558] [BulkAIDetours] [c_game_dll_importaiv_hook_impl] Loaded AIV bank=3, variant=0, elementCount=1678, isCustom=1
[Info   :  SHCDE-SE] [T1-22:13:05.558] [BulkAIDetours] [c_game_dll_importaiv_hook_impl] Loaded AIV bank=4, variant=0, elementCount=651, isCustom=1
[Info   : APIShared] [2026-09-24 22:13:05.558] MissionInitialization: session=5, source=NewGame, mode=CustomGame, phase=BeforeLoad, reason=None, started=False, replay=False.
[Info   :Active AIV Detector] [2026-09-24 22:13:05.558] Active AIV detector reset for map load; waiting for finalized AI selections. retainedPendingLobbyMetadata=True, retainedPendingPreBuildSetting=True.
[Info   :Unit Limit] [2026-09-24 22:13:05.612] [Unit Limit] gameplay-mod gate: modGuid=UnitLimit_Serp, source=MissionInitialization(BeforeLoad, session=5), kind=CustomGame, launchVariant=Standard, customized=False, customizedOrigin=0, modeAllowed=True, configuredEnabled=True, effectiveEnabled=True, action=enabled, reason=custom-game.
[Info   :Unit Limit] [2026-09-24 22:13:05.612] [UnitLimit_Serp] gameplay-feature gate: feature=UnitLimitEnforcement, source=MissionInitialization(BeforeLoad, session=5), kind=CustomGame, launchVariant=Standard, realMultiplayer=False, modeAllowed=True, action=enabled, reason=feature-context-allowed.
[Debug  :Unit Limit] [2026-09-24 22:13:05.612] Subscribing unit limit runtime hooks
[Debug  :Unit Limit] [2026-09-24 22:13:05.613] ActiveUnitCache hooks subscribed.
[Debug  :Unit Limit] [2026-09-24 22:13:05.613] ActiveSiegeTentCache hooks subscribed.
[Debug  :Unit Limit] [2026-09-24 22:13:05.614] UnitLimit MakeTroop GameAction hook installed.
[Debug  :Unit Limit] [2026-09-24 22:13:05.617] UnitLimit create troop hover hooks installed.
[Debug  :Unit Limit] [2026-09-24 22:13:05.617] UnitLimit recruitment availability UI hook installed.
[Debug  :Unit Limit] [2026-09-24 22:13:05.618] UnitLimit siege build hover hooks installed.
[Debug  :Unit Limit] [2026-09-24 22:13:05.618] Unit limit runtime hooks subscribed
[Debug  :Unit Limit] [2026-09-24 22:13:05.618] Applied active unit limit rules: 32
[Info   :Extra Features] [2026-09-24 22:13:05.618] [Extra Features] gameplay-mod gate: modGuid=ExtraFeatures_Serp, source=MissionInitialization(BeforeLoad, session=5), kind=CustomGame, launchVariant=Standard, customized=False, customizedOrigin=0, modeAllowed=True, configuredEnabled=True, effectiveEnabled=True, action=enabled, reason=custom-game.
[Info   :Extra Features] [2026-09-24 22:13:05.618] [ExtraFeatures_Serp] gameplay-feature gate: feature=LordHealthMultipliers, source=MissionInitialization(BeforeLoad, session=5), kind=CustomGame, launchVariant=Standard, realMultiplayer=False, modeAllowed=True, action=enabled, reason=feature-context-allowed.
[Debug  :Extra Features] [2026-09-24 22:13:05.618] Extra Features apothecary plague-search maximum is now 50 (configured).
[Debug  :Extra Features] [2026-09-24 22:13:05.618] Extra Features feature hooks reconciled.
[Info   :Extra Features] [2026-09-24 22:13:05.618] Extra Features church priest counts applied: enabled=True, church2=2, church3=3.
[Debug  :Extra Features] [2026-09-24 22:13:05.618] Extra Features gatehouse diagnostic: button visibility state: hidden: map-inactive, editor=False.
[Info   :Building Costs] [2026-09-24 22:13:05.618] [Building Costs] gameplay-mod gate: modGuid=BuildingCosts_Serp, source=MissionInitialization(BeforeLoad, session=5), kind=CustomGame, launchVariant=Standard, customized=False, customizedOrigin=0, modeAllowed=True, configuredEnabled=True, effectiveEnabled=True, action=enabled, reason=custom-game.
[Info   :Building Costs] [2026-09-24 22:13:05.618] [BuildingCosts_Serp] gameplay-feature gate: feature=BuildingCostTooltip, source=MissionInitialization(BeforeLoad, session=5), kind=CustomGame, launchVariant=Standard, realMultiplayer=False, modeAllowed=True, action=enabled, reason=feature-context-allowed.
[Debug  :Building Costs] [2026-09-24 22:13:05.621] HUD_Main.UpdateRollover hook installed
[Debug  :Building Costs] [2026-09-24 22:13:05.621] Building cost runtime hooks subscribed
[Debug  :Building Costs] [2026-09-24 22:13:05.622] Applied building cost materials: 0
[Info   :Building Limit] [2026-09-24 22:13:05.622] [Building Limit] gameplay-mod gate: modGuid=BuildingLimit_Serp, source=MissionInitialization(BeforeLoad, session=5), kind=CustomGame, launchVariant=Standard, customized=False, customizedOrigin=0, modeAllowed=True, configuredEnabled=True, effectiveEnabled=True, action=enabled, reason=custom-game.
[Info   :Building Limit] [2026-09-24 22:13:05.622] [BuildingLimit_Serp] gameplay-feature gate: feature=BuildingLimitEnforcement, source=MissionInitialization(BeforeLoad, session=5), kind=CustomGame, launchVariant=Standard, realMultiplayer=False, modeAllowed=True, action=enabled, reason=feature-context-allowed.
[Debug  :Building Limit] [2026-09-24 22:13:05.622] Subscribing building limit runtime hooks
[Debug  :Building Limit] [2026-09-24 22:13:05.622] ActiveBuildingCache hooks subscribed.
[Debug  :Building Limit] [2026-09-24 22:13:05.622] HUD_Main.UpdateRollover building limit hook installed
[Debug  :Building Limit] [2026-09-24 22:13:05.622] Building limit runtime hooks subscribed
[Debug  :Building Limit] [2026-09-24 22:13:05.622] Applied active building limit rules: 93
[Info   :CastlePlanner] [2026-09-24 22:13:05.622] [CastlePlanner] gameplay-mod gate: modGuid=CastlePlanner_Serp, source=MissionInitialization(BeforeLoad, session=5), kind=CustomGame, launchVariant=Standard, customized=False, customizedOrigin=0, modeAllowed=True, configuredEnabled=True, effectiveEnabled=True, action=enabled, reason=custom-game.
[Info   :CastlePlanner] [2026-09-24 22:13:05.622] [CastlePlanner_Serp] gameplay-feature gate: feature=CastleSpawning, source=MissionInitialization(BeforeLoad, session=5), kind=CustomGame, launchVariant=Standard, realMultiplayer=False, modeAllowed=True, action=enabled, reason=feature-context-allowed.
[Info   :CastlePlanner] [2026-09-24 22:13:05.622] [CastlePlanner_Serp] gameplay-feature gate: feature=FreeCastlePreview, source=MissionInitialization(BeforeLoad, session=5), kind=CustomGame, launchVariant=Standard, realMultiplayer=False, modeAllowed=True, action=enabled, reason=feature-context-allowed.
[Info   :CastlePlanner] [2026-09-24 22:13:05.622] [CastlePlanner_Serp] gameplay-feature gate: feature=CastleBlueprints, source=MissionInitialization(BeforeLoad, session=5), kind=CustomGame, launchVariant=Standard, realMultiplayer=False, modeAllowed=True, action=enabled, reason=feature-context-allowed.
[Info   : Cheat Mod] [2026-09-24 22:13:05.622] [Cheat Mod] gameplay-mod gate: modGuid=CheatMod_Serp, source=MissionInitialization(BeforeLoad, session=5), kind=CustomGame, launchVariant=Standard, customized=False, customizedOrigin=0, modeAllowed=True, configuredEnabled=False, effectiveEnabled=False, action=restriction-lifted-setting-disabled, reason=custom-game.
[Info   : Cheat Mod] [2026-09-24 22:13:05.622] [CheatMod_Serp] gameplay-feature gate: feature=EndlessExtremePowersRecharge, source=MissionInitialization(BeforeLoad, session=5), kind=CustomGame, launchVariant=Standard, realMultiplayer=False, modeAllowed=True, action=enabled, reason=feature-context-allowed.
[Info   :Extreme Powers] [2026-09-24 22:13:05.622] [Extreme Powers] gameplay-mod gate: modGuid=ExtremePowers_Serp, source=MissionInitialization(BeforeLoad, session=5), kind=CustomGame, launchVariant=Standard, customized=False, customizedOrigin=0, modeAllowed=True, configuredEnabled=True, effectiveEnabled=True, action=enabled, reason=custom-game.
[Info   :Random Events] [2026-09-24 22:13:05.622] [Random Events] gameplay-mod gate: modGuid=RandomEvents_Serp, source=MissionInitialization(BeforeLoad, session=5), kind=CustomGame, launchVariant=Standard, customized=False, customizedOrigin=0, modeAllowed=True, configuredEnabled=True, effectiveEnabled=True, action=enabled, reason=custom-game.
[Info   :Random Events] [2026-09-24 22:13:05.622] [RandomEvents_Serp] gameplay-feature gate: feature=RandomEventsRuntime, source=MissionInitialization(BeforeLoad, session=5), kind=CustomGame, launchVariant=Standard, realMultiplayer=False, modeAllowed=True, action=enabled, reason=feature-context-allowed.
[Info   :Unit Costs] [2026-09-24 22:13:05.622] [Unit Costs] gameplay-mod gate: modGuid=UnitCosts_Serp, source=MissionInitialization(BeforeLoad, session=5), kind=CustomGame, launchVariant=Standard, customized=False, customizedOrigin=0, modeAllowed=True, configuredEnabled=True, effectiveEnabled=True, action=enabled, reason=custom-game.
[Info   :Unit Costs] [2026-09-24 22:13:05.622] [UnitCosts_Serp] gameplay-feature gate: feature=UnitCostEnforcement, source=MissionInitialization(BeforeLoad, session=5), kind=CustomGame, launchVariant=Standard, realMultiplayer=False, modeAllowed=True, action=enabled, reason=feature-context-allowed.
[Debug  :Unit Costs] [2026-09-24 22:13:05.624] UnitCosts MakeTroop GameAction hook installed.
[Debug  :Unit Costs] [2026-09-24 22:13:05.625] UnitCosts create troop hover hooks installed.
[Debug  :Unit Costs] [2026-09-24 22:13:05.627] UnitCosts siege build hover hooks installed.
[Debug  :Unit Costs] [2026-09-24 22:13:05.627] UnitCosts recruitment availability UI hook installed.
[Debug  :Unit Costs] [2026-09-24 22:13:05.627] UnitCosts runtime hooks subscribed
[Debug  :Unit Costs] [2026-09-24 22:13:05.627] Applied unit cost values: 0
[Debug  :Unit Costs] [2026-09-24 22:13:05.628] Applied human extra unit cost rows: 0
[Info   :  SHCDE-SE] [T1-22:13:05.628] [BulkMapLoaderDetours] [c_game_dll_loadmaptoplay_hook_impl] campaignMapID=4294967295, safeFileName=C:\Users\Serpens66\AppData\LocalLow\Firefly Studios\Stronghold Crusader Definitive Edition\Maps\test AI overbuild eachother.map, length=254, retData=000001E2E7F73860, dummy=0, safeMapName=test AI overbuild eachother.map, maplength=62, multiplayerSave=0, trailType=-1, trailID=0, allow_classic_bedouins=0
[Info   :  SHCDE-SE] [T1-22:13:05.628] [GameMapArchiveManagerAPI] [OnLoadMap] Loading archive from map file
[Info   :  SHCDE-SE] [T1-22:13:05.628] [GameMapArchiveManagerAPI] [LoadMapArchive] Loading archive: [C:\Users\Serpens66\AppData\LocalLow\Firefly Studios\Stronghold Crusader Definitive Edition\Maps\test AI overbuild eachother.map]
[Info   :  SHCDE-SE] [T1-22:13:05.631] [MapArchive] [.ctor] Reading ZIP data from offset: 00359DCA
[Warning:  SHCDE-SE] [T1-22:13:05.631] [MapArchive] [TryLoad] No info.json found: C:\Users\Serpens66\AppData\LocalLow\Firefly Studios\Stronghold Crusader Definitive Edition\Maps\test AI overbuild eachother.map
[Info   :  SHCDE-SE] [T1-22:13:05.631] [GameMapArchiveManagerAPI] [ReadMetadataFromArchive] Reading metadata from archive
[Warning:  SHCDE-SE] [T1-22:13:05.631] [GameMapArchiveManagerAPI] [ReadMetadataFromArchive] Nothing to read
[Info   :  SHCDE-SE] [T1-22:13:05.631] [GameMapArchiveManagerAPI] [ReadTimerDataFromArchive] Reading timerdata from archive
[Info   :  SHCDE-SE] [T1-22:13:05.631] [GameMapArchiveManagerAPI] [ReadTimerDataFromArchive] Timerdata read
[Info   :  SHCDE-SE] [T1-22:13:05.631] [ModSaveDataAPI] [ReadAllModDataFromArchive] Reading mod data from archive (IsSaveFile=False)
[Debug  :Extra Features] [2026-09-24 22:13:05.631] Extra Features gatehouse diagnostic: button visibility state: hidden: editor=False, playerId=1, selectedBuildingId=0, reason=not-a-live-gatehouse, selection=none.
[Info   :Extra Features] [2026-09-24 22:13:05.631] Extra Features gatehouse map state started: manualOnly=0.
[Info   :Extra Features] [2026-09-24 22:13:05.631] Extra Features gatehouse state loaded: context=map, version=2, manualOnly=0, pendingLocators=0, payloadBytes=4.
[Info   :  SHCDE-SE] [T1-22:13:05.631] [ModSaveDataAPI] [ReadAllModDataFromArchive] Loaded 4 bytes for mod [serp-extrafeatures-gatehouse-automation-v1]
[Info   :  SHCDE-SE] [T1-22:13:05.631] [ModSaveDataAPI] [ReadAllModDataFromArchive] Loaded data for 1/11 mods
[Info   :  SHCDE-SE] [T1-22:13:05.631] [GameMapArchiveManagerAPI] [LoadMapArchive] Archive loaded (or will be created on-demand)
[Info   :  SHCDE-SE] [T1-22:13:05.631] [GameMapArchiveManagerAPI] [OnLoadMap] Archive Contents: [
FILE:	_SE_ModData_serp-extrafeatures-gatehouse-automation-v1.msgpack]
FILE:	_SE_Timers.msgpack]
]
[Info   :  SHCDE-SE] [T1-22:13:05.631] [LuaManager] [OnLoadMap] Attempting to create lua state due to event, phase: Pre
[Info   :  SHCDE-SE] [T1-22:13:05.631] [LuaManager] [TryLoad] Loading file: [C:\Users\Serpens66\AppData\LocalLow\Firefly Studios\Stronghold Crusader Definitive Edition\Maps\test AI overbuild eachother.map]
[Info   :  SHCDE-SE] [T1-22:13:05.631] [LuaManager] [TryLoad] Loading [C:\Users\Serpens66\AppData\LocalLow\Firefly Studios\Stronghold Crusader Definitive Edition\Maps\test AI overbuild eachother.map] - Archive mode.
[Warning:  SHCDE-SE] [T1-22:13:05.631] [LuaManager] [TryLoad] No Lua source found for [C:\Users\Serpens66\AppData\LocalLow\Firefly Studios\Stronghold Crusader Definitive Edition\Maps\test AI overbuild eachother.map] and no lord AI or asset mod scripts registered. Skipping Lua init.
[Info   :  SHCDE-SE] [T1-22:13:05.631] [BulkMapLoaderDetours] [c_game_start_skirmish_game_handler_hook_impl] a1=0000008CAD2EA4C0, bMultiplayerSave=0, a3=0
[Info   : APIShared] [2026-09-24 22:13:05.631] MissionInitialization: session=5, source=NewGame, mode=CustomGame, phase=BeforeNativeStart, reason=None, started=False, replay=False.
[Debug  :Extra Features] [2026-09-24 22:13:05.632] Enemy-proximity runtime captured map mode: realMultiplayer=False, singleplayerSkirmishMode=True, singleplayerSkirmish=True, singleplayerTrail=False, mapEditor=False, multiplayerSave=False, directorAvailable=True, directorMultiplayer=False, directorSkirmish=False, lowLevelNetworked=True, platformMultiplayer=False, lobbyMembers=5, realLobbyMembers=0, skirmishLobbyMembers=5, gameMembers=5, realNetworkGameMembers=0, gameType=3, skirmishGameType=0, skirmishTrailType=-1, coopTrailId=0, kind=CustomGame, launchVariant=Standard, allowsCustomGameMods=True, allowsRegularGameplayMods=True, campaignMapId=0, eventTrailType=-1, customizedTrailId=-1, customizedMissionId=-1, customizedOriginKind=0, conflictingCustomizedOrigin=False.
[Debug  :Bugfixes and QoL] [2026-09-24 22:13:05.632] Post-game lobby handoff state reset: reason=map-start.
[Debug  :CastlePlanner] [2026-09-24 22:13:05.632] OnStartMap(Pre) received: handledCurrentMap=False.
[Debug  :Extreme Powers] [2026-09-24 22:13:05.632] Extreme Powers map session captured: realMultiplayer=False, singleplayerSkirmishMode=True, singleplayerSkirmish=True, singleplayerTrail=False, mapEditor=False, multiplayerSave=False, directorAvailable=True, directorMultiplayer=False, directorSkirmish=False, lowLevelNetworked=True, platformMultiplayer=False, lobbyMembers=5, realLobbyMembers=0, skirmishLobbyMembers=5, gameMembers=5, realNetworkGameMembers=0, gameType=3, skirmishGameType=0, skirmishTrailType=-1, coopTrailId=0, kind=CustomGame, launchVariant=Standard, allowsCustomGameMods=True, allowsRegularGameplayMods=True, campaignMapId=0, eventTrailType=-1, customizedTrailId=-1, customizedMissionId=-1, customizedOriginKind=0, conflictingCustomizedOrigin=False, players=[1,2,3,4,5].
[Info   :  SHCDE-SE] [T1-22:13:05.632] [BulkMapLoaderDetours] [c_game_unload_map_hook_impl] pTileManager=00007FFAAE2DEDB0, preventNotification=True
[Debug  :Building Limit] [2026-09-24 22:13:05.852] ActiveBuildingCache NotifyNativeSnapshotChanged read snapshot: buildingId 1 owner 1 type STRUCT_KEEP_TWO aliveState NeedsInit reason Created
[Debug  :Building Limit] [2026-09-24 22:13:05.853] ActiveBuildingCache UpdateSnapshot: buildingId 1 owner 1 type STRUCT_KEEP_TWO aliveState NeedsInit reason Created changed True
[Debug  :Building Limit] [2026-09-24 22:13:05.853] ActiveBuildingCache count changed: player 1 type STRUCT_KEEP_TWO old 0 new 1 delta 1 buildingId 1 reason Created
[Debug  :Building Limit] [2026-09-24 22:13:05.854] ActiveBuildingCache NotifyNativeSnapshotChanged read snapshot: buildingId 2 owner 1 type STRUCT_KEEPDOOR_LEFT aliveState NeedsInit reason Created
[Debug  :Building Limit] [2026-09-24 22:13:05.854] ActiveBuildingCache UpdateSnapshot: buildingId 2 owner 1 type STRUCT_KEEPDOOR_LEFT aliveState NeedsInit reason Created changed True
[Debug  :Building Limit] [2026-09-24 22:13:05.854] ActiveBuildingCache count changed: player 1 type STRUCT_KEEPDOOR_LEFT old 0 new 1 delta 1 buildingId 2 reason Created
[Debug  :Building Limit] [2026-09-24 22:13:05.854] ActiveBuildingCache NotifyNativeSnapshotChanged read snapshot: buildingId 3 owner 1 type STRUCT_KEEPDOOR aliveState NeedsInit reason Created
[Debug  :Building Limit] [2026-09-24 22:13:05.854] ActiveBuildingCache UpdateSnapshot: buildingId 3 owner 1 type STRUCT_KEEPDOOR aliveState NeedsInit reason Created changed True
[Debug  :Building Limit] [2026-09-24 22:13:05.854] ActiveBuildingCache count changed: player 1 type STRUCT_KEEPDOOR old 0 new 1 delta 1 buildingId 3 reason Created
[Debug  :Building Limit] [2026-09-24 22:13:05.854] ActiveBuildingCache NotifyNativeSnapshotChanged read snapshot: buildingId 4 owner 1 type STRUCT_KEEPDOOR_RIGHT aliveState NeedsInit reason Created
[Debug  :Building Limit] [2026-09-24 22:13:05.854] ActiveBuildingCache UpdateSnapshot: buildingId 4 owner 1 type STRUCT_KEEPDOOR_RIGHT aliveState NeedsInit reason Created changed True
[Debug  :Building Limit] [2026-09-24 22:13:05.854] ActiveBuildingCache count changed: player 1 type STRUCT_KEEPDOOR_RIGHT old 0 new 1 delta 1 buildingId 4 reason Created
[Debug  :Building Limit] [2026-09-24 22:13:05.854] ActiveBuildingCache NotifyNativeSnapshotChanged read snapshot: buildingId 5 owner 1 type STRUCT_CAMPGROUND aliveState NeedsInit reason Created
[Debug  :Building Limit] [2026-09-24 22:13:05.854] ActiveBuildingCache UpdateSnapshot: buildingId 5 owner 1 type STRUCT_CAMPGROUND aliveState NeedsInit reason Created changed True
[Debug  :Building Limit] [2026-09-24 22:13:05.854] ActiveBuildingCache count changed: player 1 type STRUCT_CAMPGROUND old 0 new 1 delta 1 buildingId 5 reason Created
[Debug  :Building Limit] [2026-09-24 22:13:05.857] ActiveBuildingCache NotifyNativeSnapshotChanged read snapshot: buildingId 6 owner 1 type STRUCT_GOODS_YARD aliveState NeedsInit reason Created
[Info   :     Fixes] [T1-22:13:05.857] [BuildingDetours] [.ctor] Build goodsyard for player 1: True
[Debug  :Building Limit] [2026-09-24 22:13:05.857] ActiveBuildingCache UpdateSnapshot: buildingId 6 owner 1 type STRUCT_GOODS_YARD aliveState NeedsInit reason Created changed True
[Debug  :Building Limit] [2026-09-24 22:13:05.857] ActiveBuildingCache count changed: player 1 type STRUCT_GOODS_YARD old 0 new 1 delta 1 buildingId 6 reason Created
[Debug  :Building Limit] [2026-09-24 22:13:05.857] ActiveBuildingCache NotifyNativeSnapshotChanged read snapshot: buildingId 7 owner 1 type STRUCT_GOODS_YARD aliveState NeedsInit reason Created
[Debug  :Building Limit] [2026-09-24 22:13:05.857] ActiveBuildingCache UpdateSnapshot: buildingId 7 owner 1 type STRUCT_GOODS_YARD aliveState NeedsInit reason Created changed True
[Debug  :Building Limit] [2026-09-24 22:13:05.857] ActiveBuildingCache count changed: player 1 type STRUCT_GOODS_YARD old 1 new 2 delta 1 buildingId 7 reason Created
[Debug  :Building Limit] [2026-09-24 22:13:05.857] ActiveBuildingCache NotifyNativeSnapshotChanged read snapshot: buildingId 8 owner 1 type STRUCT_GOODS_YARD aliveState NeedsInit reason Created
[Debug  :Building Limit] [2026-09-24 22:13:05.857] ActiveBuildingCache UpdateSnapshot: buildingId 8 owner 1 type STRUCT_GOODS_YARD aliveState NeedsInit reason Created changed True
[Debug  :Building Limit] [2026-09-24 22:13:05.857] ActiveBuildingCache count changed: player 1 type STRUCT_GOODS_YARD old 2 new 3 delta 1 buildingId 8 reason Created
[Debug  :Building Limit] [2026-09-24 22:13:05.857] ActiveBuildingCache NotifyNativeSnapshotChanged read snapshot: buildingId 9 owner 1 type STRUCT_GOODS_YARD aliveState NeedsInit reason Created
[Debug  :Building Limit] [2026-09-24 22:13:05.857] ActiveBuildingCache UpdateSnapshot: buildingId 9 owner 1 type STRUCT_GOODS_YARD aliveState NeedsInit reason Created changed True
[Debug  :Building Limit] [2026-09-24 22:13:05.857] ActiveBuildingCache count changed: player 1 type STRUCT_GOODS_YARD old 3 new 4 delta 1 buildingId 9 reason Created
[Info   :Active AIV Detector] [2026-09-24 22:13:05.877] Captured opt-in AIV cell trace 1/2048: playerId=2, candidateId=0, orientation=6, keep=(278,395), evaluated=2068, nativeBlocked=0, resultGridBlocked=0, validatorCalls=2068, validatorBlocked=0, preValidatorBlocked=0.
[Info   :     Fixes] [T1-22:13:05.887] [BuildingDetours] [.ctor] Build goodsyard for player 2: True
[Info   :Active AIV Detector] [2026-09-24 22:13:05.898] Started opt-in Oracle prebuild trace 1/8: playerId=2, aivStateAddress=0x7FFAAD729F70.
[Info   :Active AIV Detector] [2026-09-24 22:13:11.820] Captured opt-in AIV cell trace 2/2048: playerId=3, candidateId=0, orientation=6, keep=(237,397), evaluated=2228, nativeBlocked=240, resultGridBlocked=240, validatorCalls=2228, validatorBlocked=240, preValidatorBlocked=0.
[Info   :Active AIV Detector] [2026-09-24 22:13:11.820] Captured opt-in AIV cell trace 3/2048: playerId=3, candidateId=0, orientation=0, keep=(237,397), evaluated=2228, nativeBlocked=234, resultGridBlocked=234, validatorCalls=2228, validatorBlocked=234, preValidatorBlocked=0.
[Info   :Active AIV Detector] [2026-09-24 22:13:11.821] Captured opt-in AIV cell trace 4/2048: playerId=3, candidateId=0, orientation=2, keep=(237,397), evaluated=2228, nativeBlocked=425, resultGridBlocked=425, validatorCalls=2228, validatorBlocked=425, preValidatorBlocked=0.
[Info   :Active AIV Detector] [2026-09-24 22:13:11.822] Captured opt-in AIV cell trace 5/2048: playerId=3, candidateId=0, orientation=4, keep=(237,397), evaluated=2228, nativeBlocked=281, resultGridBlocked=281, validatorCalls=2228, validatorBlocked=281, preValidatorBlocked=0.
[Info   :     Fixes] [T1-22:13:11.831] [BuildingDetours] [.ctor] Build goodsyard for player 3: True
[Info   :Active AIV Detector] [2026-09-24 22:13:11.841] Started opt-in Oracle prebuild trace 2/8: playerId=3, aivStateAddress=0x7FFAAD729F70.
[Info   :Active AIV Detector] [2026-09-24 22:13:14.055] Captured opt-in AIV cell trace 6/2048: playerId=4, candidateId=0, orientation=6, keep=(254,379), evaluated=2352, nativeBlocked=1084, resultGridBlocked=1084, validatorCalls=2352, validatorBlocked=1084, preValidatorBlocked=0.
[Info   :Active AIV Detector] [2026-09-24 22:13:14.056] Captured opt-in AIV cell trace 7/2048: playerId=4, candidateId=0, orientation=0, keep=(254,379), evaluated=2352, nativeBlocked=1313, resultGridBlocked=1313, validatorCalls=2352, validatorBlocked=1313, preValidatorBlocked=0.
[Info   :Active AIV Detector] [2026-09-24 22:13:14.056] Captured opt-in AIV cell trace 8/2048: playerId=4, candidateId=0, orientation=2, keep=(254,379), evaluated=2352, nativeBlocked=1058, resultGridBlocked=1058, validatorCalls=2352, validatorBlocked=1058, preValidatorBlocked=0.
[Info   :Active AIV Detector] [2026-09-24 22:13:14.057] Captured opt-in AIV cell trace 9/2048: playerId=4, candidateId=0, orientation=4, keep=(254,379), evaluated=2352, nativeBlocked=1055, resultGridBlocked=1055, validatorCalls=2352, validatorBlocked=1055, preValidatorBlocked=0.
[Info   :     Fixes] [T1-22:13:14.067] [BuildingDetours] [.ctor] Build goodsyard for player 4: True
[Info   :Active AIV Detector] [2026-09-24 22:13:14.076] Captured opt-in AIV cell trace 10/2048: playerId=5, candidateId=0, orientation=6, keep=(258,417), evaluated=1770, nativeBlocked=530, resultGridBlocked=530, validatorCalls=1770, validatorBlocked=530, preValidatorBlocked=0.
[Info   :Active AIV Detector] [2026-09-24 22:13:14.077] Captured opt-in AIV cell trace 11/2048: playerId=5, candidateId=0, orientation=0, keep=(258,417), evaluated=1770, nativeBlocked=572, resultGridBlocked=572, validatorCalls=1770, validatorBlocked=572, preValidatorBlocked=0.
[Info   :Active AIV Detector] [2026-09-24 22:13:14.077] Captured opt-in AIV cell trace 12/2048: playerId=5, candidateId=0, orientation=2, keep=(258,417), evaluated=1770, nativeBlocked=1181, resultGridBlocked=1181, validatorCalls=1770, validatorBlocked=1181, preValidatorBlocked=0.
[Info   :Active AIV Detector] [2026-09-24 22:13:14.079] Captured opt-in AIV cell trace 13/2048: playerId=5, candidateId=0, orientation=4, keep=(258,417), evaluated=1770, nativeBlocked=1019, resultGridBlocked=1019, validatorCalls=1770, validatorBlocked=1019, preValidatorBlocked=0.
[Info   :     Fixes] [T1-22:13:14.088] [BuildingDetours] [.ctor] Build goodsyard for player 5: True
[Info   :  SHCDE-SE] [T1-22:13:14.104] [LuaManager] [OnStartMap] Attempting to run init due to event, phase: Post
[Info   :  SHCDE-SE] [T1-22:13:14.104] [LuaManager] [TryRunInit] Attempting to execute lua-side init functions. Reason=NewGame
[Warning:  SHCDE-SE] [T1-22:13:14.104] [LuaManager] [TryRunInit] Lua state is null
[Info   :  SHCDE-SE] [T1-22:13:14.104] [DeterministicRandom] [OnStartMap] Initializing shared state.
[Info   :  SHCDE-SE] [T1-22:13:14.104] [DeterministicRandom] [InitializeSeedAsHost] Initializing random seed [840519039] as host.
[Warning:  SHCDE-SE] [T1-22:13:14.105] [GameNetworkAPI] [GetLocalPlayerId] Local SteamID [76561198102311542] has no assigned slot yet: returning -1
[Info   : APIShared] [2026-09-24 22:13:14.105] MissionInitialization: session=5, source=NewGame, mode=CustomGame, phase=AfterNativeStart, reason=None, started=False, replay=False.
[Debug  :Bugfixes and QoL] Corrupt Lord-data spawn fix session armed: session=5, eligible=True, phase=AfterNativeStart, startKind=NewGame, mode=CustomGame.
[Debug  :CastlePlanner] [2026-09-24 22:13:14.105] OnStartMap(Post) received: handledCurrentMap=False, preImports=0, keepPreSpawns=0, keepPostSpawns=0.
[Debug  :CastlePlanner] [2026-09-24 22:13:14.105] Game-mode diagnostics: campaignMapId=0, bMultiplayerSave=0, sharedRealMultiplayer=False, sharedSingleplayerSkirmish=True, sharedSingleplayerTrail=False, directorAvailable=True, directorMultiplayerGame=False, directorSkirmishModeGame=False, directorSimRunning=False, networkedEnvironment=True, networkActivePlayers=5, nativeLocalPlayerId=1, platformAvailable=True, platformMpGameActive=False, platformIsHost=False, activeLobbyAvailable=True, lobbyReportedMembers=5, lobbyMembers=5, lobbySkirmishMembers=5, lobbySkirmishHumans=1, lobbyNetworkHumans=0, gameMembers=5, realNetworkGameMembers=0, gameDataMultiplayerMap=True, gameDataSkirmishGameType=0, gameDataGameType=3.
[Debug  :CastlePlanner] [2026-09-24 22:13:14.105] Shared game-mode diagnostics: realMultiplayer=False, singleplayerSkirmishMode=True, singleplayerSkirmish=True, singleplayerTrail=False, mapEditor=False, multiplayerSave=False, directorAvailable=True, directorMultiplayer=False, directorSkirmish=False, lowLevelNetworked=True, platformMultiplayer=False, lobbyMembers=5, realLobbyMembers=0, skirmishLobbyMembers=5, gameMembers=5, realNetworkGameMembers=0, gameType=3, skirmishGameType=0, skirmishTrailType=-1, coopTrailId=0, kind=CustomGame, launchVariant=Standard, allowsCustomGameMods=True, allowsRegularGameplayMods=True, campaignMapId=0, eventTrailType=-1, customizedTrailId=-1, customizedMissionId=-1, customizedOriginKind=0, conflictingCustomizedOrigin=False.
[Debug  :CastlePlanner] [2026-09-24 22:13:14.105] Game-member diagnostics: [1:self=False,host=False,ai=False,steam=0,kicked=False | 2:self=False,host=False,ai=False,steam=0,kicked=False | 3:self=False,host=False,ai=False,steam=0,kicked=False | 4:self=False,host=False,ai=False,steam=0,kicked=False | 5:self=False,host=False,ai=False,steam=0,kicked=False].
[Debug  :CastlePlanner] [2026-09-24 22:13:14.105] Active-player diagnostics (not used for multiplayer detection): [1:ai=False | 2:ai=True | 3:ai=True | 4:ai=True | 5:ai=True].
[Debug  :CastlePlanner] [2026-09-24 22:13:14.105] Native castle spawning skipped because this is not the committed restart pass.
[Info   :  SHCDE-SE] [T1-22:13:14.105] [GameMapArchiveManagerAPI] [OnLoadMap] Loading archive from map file
[Info   :  SHCDE-SE] [T1-22:13:14.105] [GameMapArchiveManagerAPI] [LoadMapArchive] Loading archive: [C:\Users\Serpens66\AppData\LocalLow\Firefly Studios\Stronghold Crusader Definitive Edition\Maps\test AI overbuild eachother.map]
[Info   :  SHCDE-SE] [T1-22:13:14.108] [MapArchive] [.ctor] Reading ZIP data from offset: 00359DCA
[Warning:  SHCDE-SE] [T1-22:13:14.108] [MapArchive] [TryLoad] No info.json found: C:\Users\Serpens66\AppData\LocalLow\Firefly Studios\Stronghold Crusader Definitive Edition\Maps\test AI overbuild eachother.map
[Info   :  SHCDE-SE] [T1-22:13:14.108] [GameMapArchiveManagerAPI] [ReadMetadataFromArchive] Reading metadata from archive
[Warning:  SHCDE-SE] [T1-22:13:14.108] [GameMapArchiveManagerAPI] [ReadMetadataFromArchive] Nothing to read
[Info   :  SHCDE-SE] [T1-22:13:14.108] [GameMapArchiveManagerAPI] [ReadTimerDataFromArchive] Reading timerdata from archive
[Info   :  SHCDE-SE] [T1-22:13:14.108] [GameMapArchiveManagerAPI] [ReadTimerDataFromArchive] Timerdata read
[Info   :  SHCDE-SE] [T1-22:13:14.108] [ModSaveDataAPI] [ReadAllModDataFromArchive] Reading mod data from archive (IsSaveFile=False)
[Info   :Extra Features] [2026-09-24 22:13:14.108] Extra Features gatehouse map state resumed: manualOnly=0.
[Info   :Extra Features] [2026-09-24 22:13:14.108] Extra Features gatehouse state loaded: context=map, version=2, manualOnly=0, pendingLocators=0, payloadBytes=4.
[Info   :  SHCDE-SE] [T1-22:13:14.108] [ModSaveDataAPI] [ReadAllModDataFromArchive] Loaded 4 bytes for mod [serp-extrafeatures-gatehouse-automation-v1]
[Info   :  SHCDE-SE] [T1-22:13:14.108] [ModSaveDataAPI] [ReadAllModDataFromArchive] Loaded data for 1/11 mods
[Info   :  SHCDE-SE] [T1-22:13:14.108] [GameMapArchiveManagerAPI] [LoadMapArchive] Archive loaded (or will be created on-demand)
[Info   :  SHCDE-SE] [T1-22:13:14.108] [GameMapArchiveManagerAPI] [OnLoadMap] Archive Contents: [
FILE:	_SE_ModData_serp-extrafeatures-gatehouse-automation-v1.msgpack]
FILE:	_SE_Timers.msgpack]
]
[Info   : APIShared] [2026-09-24 22:13:14.108] MissionInitialization: session=5, source=NewGame, mode=CustomGame, phase=NativeLoaded, reason=None, started=False, replay=False.
[Info   : APIShared] [2026-09-24 22:13:14.591] MissionStart: session=5, source=NewGame, mode=CustomGame, phase=ManagedReady, reason=None, started=True, replay=False.
[Info   :Active AIV Detector] [2026-09-24 22:13:14.596] Wrote opt-in Oracle prebuild trace: path=E:\ProgrammeE\Steam\steamapps\common\Stronghold Crusader Definitive Edition\BepInEx\plugins\ActiveAIVDetector_Serp\PrebuildTraces\oracle-prebuild-trace-20260924-221305-898-session005-p2-capture01.tsv, mapLoadSequence=5, playerId=2, frames=337, layerChanges=3543, beforeCaptureMs=2770,0, afterCaptureMs=3115,3, buildingRecordChanges=295, added=1174, removed=0, replaced=0, pointerProblemFrames=0, captureErrorFrames=0.
[Info   :Active AIV Detector] [2026-09-24 22:13:14.597] Oracle prebuild highlighted mapper frame: playerId=2, frameIndex=2, mapper=52, returnValue=0, added=0, removed=0, replaced=0, pointerConsistent=True.
[Info   :Active AIV Detector] [2026-09-24 22:13:14.601] Wrote opt-in Oracle prebuild trace: path=E:\ProgrammeE\Steam\steamapps\common\Stronghold Crusader Definitive Edition\BepInEx\plugins\ActiveAIVDetector_Serp\PrebuildTraces\oracle-prebuild-trace-20260924-221311-841-session005-p3-capture02.tsv, mapLoadSequence=5, playerId=3, frames=134, layerChanges=4183, beforeCaptureMs=1033,1, afterCaptureMs=1160,4, buildingRecordChanges=44, added=835, removed=78, replaced=4, pointerProblemFrames=0, captureErrorFrames=0.
[Info   :Active AIV Detector] [2026-09-24 22:13:14.601] Oracle prebuild highlighted mapper frame: playerId=3, frameIndex=2, mapper=52, returnValue=0, added=0, removed=0, replaced=0, pointerConsistent=True.
[Info   :Active AIV Detector] [2026-09-24 22:13:14.601] Oracle prebuild highlighted mapper frame: playerId=3, frameIndex=77, mapper=105, returnValue=1, added=25, removed=0, replaced=0, pointerConsistent=True.
[Info   :Active AIV Detector] [2026-09-24 22:13:14.601] Wrote Oracle Keep-start trace: path=E:\ProgrammeE\Steam\steamapps\common\Stronghold Crusader Definitive Edition\BepInEx\plugins\ActiveAIVDetector_Serp\StartTraces\oracle-start-trace-20260924-221314-601-session005-p1-n01.tsv, playerId=1, selectionAccepted=False, postFailureFlag=0, postFailureReason=<not-applicable>, newBuildings=117, replacedBuildings=0, clearedBuildings=0, changes=248, changedBuildingRecords=9, scanMs=22,6.
[Info   :Active AIV Detector] [2026-09-24 22:13:14.604] Wrote Oracle Keep-start trace: path=E:\ProgrammeE\Steam\steamapps\common\Stronghold Crusader Definitive Edition\BepInEx\plugins\ActiveAIVDetector_Serp\StartTraces\oracle-start-trace-20260924-221314-601-session005-p2-n02.tsv, playerId=2, selectionAccepted=True, postFailureFlag=0, postFailureReason=<not-applicable>, newBuildings=117, replacedBuildings=0, clearedBuildings=0, changes=376, changedBuildingRecords=9, scanMs=19,7.
[Info   :Active AIV Detector] [2026-09-24 22:13:14.605] Wrote Oracle Keep-start trace: path=E:\ProgrammeE\Steam\steamapps\common\Stronghold Crusader Definitive Edition\BepInEx\plugins\ActiveAIVDetector_Serp\StartTraces\oracle-start-trace-20260924-221314-604-session005-p3-n03.tsv, playerId=3, selectionAccepted=True, postFailureFlag=0, postFailureReason=<not-applicable>, newBuildings=117, replacedBuildings=0, clearedBuildings=0, changes=632, changedBuildingRecords=9, scanMs=17,3.
[Info   :Active AIV Detector] [2026-09-24 22:13:14.606] Wrote Oracle Keep-start trace: path=E:\ProgrammeE\Steam\steamapps\common\Stronghold Crusader Definitive Edition\BepInEx\plugins\ActiveAIVDetector_Serp\StartTraces\oracle-start-trace-20260924-221314-605-session005-p4-n04.tsv, playerId=4, selectionAccepted=False, postFailureFlag=0, postFailureReason=<not-applicable>, newBuildings=105, replacedBuildings=12, clearedBuildings=20, changes=323, changedBuildingRecords=9, scanMs=16,9.
[Info   :Active AIV Detector] [2026-09-24 22:13:14.607] Wrote Oracle Keep-start trace: path=E:\ProgrammeE\Steam\steamapps\common\Stronghold Crusader Definitive Edition\BepInEx\plugins\ActiveAIVDetector_Serp\StartTraces\oracle-start-trace-20260924-221314-606-session005-p5-n05.tsv, playerId=5, selectionAccepted=False, postFailureFlag=0, postFailureReason=<not-applicable>, newBuildings=105, replacedBuildings=12, clearedBuildings=88, changes=410, changedBuildingRecords=9, scanMs=16,9.
[Info   :Active AIV Detector] [2026-09-24 22:13:14.607] Oracle Keep-start capture summary: mapLoadSequence=5, captured=5, incomplete=False.
[Info   :Active AIV Detector] [2026-09-24 22:13:14.607] AIV placement oracle selection #17: mapName=<unknown>, mapFile=C:\Users\Serpens66\AppData\LocalLow\Firefly Studios\Stronghold Crusader Definitive Edition\Maps\test AI overbuild eachother.map, mapFileSha256=d63cd2ff3aeaba80bc3bc173bb615207666f1eaf759ecac573fad0da61979df3, nativeDllSha256=fbcb93195fc7efca9bdac5204852efdd76f9818f59a6711750d77c9cef2831e2, preBuildSetting=1, nativeStartOptions=mode=99,option2F0=0,option2F4=1,option2F8=4294967297, playerId=2, method=SelectBestFit, tryOtherRotations=True, aivSpecIndex=1, attempts=1, finalCandidateId=0, finalAivName=Default 8, finalAivJson=E:\ProgrammeE\Steam\steamapps\common\Stronghold Crusader Definitive Edition\BepInEx\plugins\ActiveAIVDetector_Serp\VanillaAIV\wolf8.aivjson, finalAivJsonSha256=0e59ca19225bfa86472a4b2a939ac8c97a1d6301e0fcc00b36cb998dd36eedd2, finalOrientation=6 (270 degrees), placementState=2 (complete fit), directReturnSigned=<not-applicable>, confirmationPoint=OnStartMap(Post).
[Info   :Active AIV Detector] [2026-09-24 22:13:14.607] AIV placement oracle attempt #17.1: mapName=<unknown>, mapFile=C:\Users\Serpens66\AppData\LocalLow\Firefly Studios\Stronghold Crusader Definitive Edition\Maps\test AI overbuild eachother.map, mapFileSha256=d63cd2ff3aeaba80bc3bc173bb615207666f1eaf759ecac573fad0da61979df3, preBuildSetting=1, playerId=2, method=SelectBestFit, candidateId=0, aivName=Default 8, aivJson=E:\ProgrammeE\Steam\steamapps\common\Stronghold Crusader Definitive Edition\BepInEx\plugins\ActiveAIVDetector_Serp\VanillaAIV\wolf8.aivjson, aivJsonSha256=0e59ca19225bfa86472a4b2a939ac8c97a1d6301e0fcc00b36cb998dd36eedd2, orientation=6 (270 degrees), result=Complete, rawFitScore=999999, fitPercent=100, evaluatedCells=2068, blockedCells=0, origin=(235,352), keepReference=(278,395).
[Info   :Active AIV Detector] [2026-09-24 22:13:14.612] Wrote opt-in AIV cell trace: path=E:\ProgrammeE\Steam\steamapps\common\Stronghold Crusader Definitive Edition\BepInEx\plugins\ActiveAIVDetector_Serp\CellTraces\oracle-cell-trace-20260924-221305-877-p2-c0-r6-keep278-395.tsv, rows=2068, nativeBlocked=0, resultGridBlocked=0, validatorCalls=2068, validatorBlocked=0, preValidatorBlocked=0.
[Info   :Active AIV Detector] [2026-09-24 22:13:14.612] Wrote opt-in live building grid: path=E:\ProgrammeE\Steam\steamapps\common\Stronghold Crusader Definitive Edition\BepInEx\plugins\ActiveAIVDetector_Serp\CellTraces\oracle-live-building-grid-20260924-221305-877-p2-r6-keep278-395.tsv, occupiedCells=117.
[Info   :Active AIV Detector] [2026-09-24 22:13:14.613] AIV placement oracle selection #18: mapName=<unknown>, mapFile=C:\Users\Serpens66\AppData\LocalLow\Firefly Studios\Stronghold Crusader Definitive Edition\Maps\test AI overbuild eachother.map, mapFileSha256=d63cd2ff3aeaba80bc3bc173bb615207666f1eaf759ecac573fad0da61979df3, nativeDllSha256=fbcb93195fc7efca9bdac5204852efdd76f9818f59a6711750d77c9cef2831e2, preBuildSetting=1, nativeStartOptions=mode=99,option2F0=0,option2F4=1,option2F8=4294967297, playerId=3, method=SelectBestFit, tryOtherRotations=True, aivSpecIndex=2, attempts=4, finalCandidateId=0, finalAivName=Default 2, finalAivJson=E:\ProgrammeE\Steam\steamapps\common\Stronghold Crusader Definitive Edition\BepInEx\plugins\ActiveAIVDetector_Serp\VanillaAIV\sentinel2.aivjson, finalAivJsonSha256=907ab0c23abebd42aba220449f8010f7fd12d9c1d87a455fcd24ff478453e9da, finalOrientation=0 (0 degrees), placementState=1 (best partial fit), directReturnSigned=<not-applicable>, confirmationPoint=OnStartMap(Post).
[Info   :Active AIV Detector] [2026-09-24 22:13:14.613] AIV placement oracle attempt #18.1: mapName=<unknown>, mapFile=C:\Users\Serpens66\AppData\LocalLow\Firefly Studios\Stronghold Crusader Definitive Edition\Maps\test AI overbuild eachother.map, mapFileSha256=d63cd2ff3aeaba80bc3bc173bb615207666f1eaf759ecac573fad0da61979df3, preBuildSetting=1, playerId=3, method=SelectBestFit, candidateId=0, aivName=Default 2, aivJson=E:\ProgrammeE\Steam\steamapps\common\Stronghold Crusader Definitive Edition\BepInEx\plugins\ActiveAIVDetector_Serp\VanillaAIV\sentinel2.aivjson, aivJsonSha256=907ab0c23abebd42aba220449f8010f7fd12d9c1d87a455fcd24ff478453e9da, orientation=6 (270 degrees), result=Rejected, rawFitScore=0, fitPercent=89, evaluatedCells=2228, blockedCells=240, origin=(194,354), keepReference=(237,397).
[Info   :Active AIV Detector] [2026-09-24 22:13:14.618] Wrote opt-in AIV cell trace: path=E:\ProgrammeE\Steam\steamapps\common\Stronghold Crusader Definitive Edition\BepInEx\plugins\ActiveAIVDetector_Serp\CellTraces\oracle-cell-trace-20260924-221311-819-p3-c0-r6-keep237-397.tsv, rows=2228, nativeBlocked=240, resultGridBlocked=240, validatorCalls=2228, validatorBlocked=240, preValidatorBlocked=0.
[Info   :Active AIV Detector] [2026-09-24 22:13:14.618] Wrote opt-in live building grid: path=E:\ProgrammeE\Steam\steamapps\common\Stronghold Crusader Definitive Edition\BepInEx\plugins\ActiveAIVDetector_Serp\CellTraces\oracle-live-building-grid-20260924-221311-819-p3-r6-keep237-397.tsv, occupiedCells=1408.
[Info   :Active AIV Detector] [2026-09-24 22:13:14.618] AIV placement oracle attempt #18.2: mapName=<unknown>, mapFile=C:\Users\Serpens66\AppData\LocalLow\Firefly Studios\Stronghold Crusader Definitive Edition\Maps\test AI overbuild eachother.map, mapFileSha256=d63cd2ff3aeaba80bc3bc173bb615207666f1eaf759ecac573fad0da61979df3, preBuildSetting=1, playerId=3, method=SelectBestFit, candidateId=0, aivName=Default 2, aivJson=E:\ProgrammeE\Steam\steamapps\common\Stronghold Crusader Definitive Edition\BepInEx\plugins\ActiveAIVDetector_Serp\VanillaAIV\sentinel2.aivjson, aivJsonSha256=907ab0c23abebd42aba220449f8010f7fd12d9c1d87a455fcd24ff478453e9da, orientation=0 (0 degrees), result=Partial, rawFitScore=28, fitPercent=89, evaluatedCells=2228, blockedCells=234, origin=(194,354), keepReference=(237,397).
[Info   :Active AIV Detector] [2026-09-24 22:13:14.624] Wrote opt-in AIV cell trace: path=E:\ProgrammeE\Steam\steamapps\common\Stronghold Crusader Definitive Edition\BepInEx\plugins\ActiveAIVDetector_Serp\CellTraces\oracle-cell-trace-20260924-221311-820-p3-c0-r0-keep237-397.tsv, rows=2228, nativeBlocked=234, resultGridBlocked=234, validatorCalls=2228, validatorBlocked=234, preValidatorBlocked=0.
[Info   :Active AIV Detector] [2026-09-24 22:13:14.624] Wrote opt-in live building grid: path=E:\ProgrammeE\Steam\steamapps\common\Stronghold Crusader Definitive Edition\BepInEx\plugins\ActiveAIVDetector_Serp\CellTraces\oracle-live-building-grid-20260924-221311-820-p3-r0-keep237-397.tsv, occupiedCells=1408.
[Info   :Active AIV Detector] [2026-09-24 22:13:14.625] AIV placement oracle attempt #18.3: mapName=<unknown>, mapFile=C:\Users\Serpens66\AppData\LocalLow\Firefly Studios\Stronghold Crusader Definitive Edition\Maps\test AI overbuild eachother.map, mapFileSha256=d63cd2ff3aeaba80bc3bc173bb615207666f1eaf759ecac573fad0da61979df3, preBuildSetting=1, playerId=3, method=SelectBestFit, candidateId=0, aivName=Default 2, aivJson=E:\ProgrammeE\Steam\steamapps\common\Stronghold Crusader Definitive Edition\BepInEx\plugins\ActiveAIVDetector_Serp\VanillaAIV\sentinel2.aivjson, aivJsonSha256=907ab0c23abebd42aba220449f8010f7fd12d9c1d87a455fcd24ff478453e9da, orientation=2 (90 degrees), result=Partial, rawFitScore=51, fitPercent=80, evaluatedCells=2228, blockedCells=425, origin=(194,354), keepReference=(237,397).
[Info   :Active AIV Detector] [2026-09-24 22:13:14.630] Wrote opt-in AIV cell trace: path=E:\ProgrammeE\Steam\steamapps\common\Stronghold Crusader Definitive Edition\BepInEx\plugins\ActiveAIVDetector_Serp\CellTraces\oracle-cell-trace-20260924-221311-821-p3-c0-r2-keep237-397.tsv, rows=2228, nativeBlocked=425, resultGridBlocked=425, validatorCalls=2228, validatorBlocked=425, preValidatorBlocked=0.
[Info   :Active AIV Detector] [2026-09-24 22:13:14.631] Wrote opt-in live building grid: path=E:\ProgrammeE\Steam\steamapps\common\Stronghold Crusader Definitive Edition\BepInEx\plugins\ActiveAIVDetector_Serp\CellTraces\oracle-live-building-grid-20260924-221311-821-p3-r2-keep237-397.tsv, occupiedCells=1408.
[Info   :Active AIV Detector] [2026-09-24 22:13:14.631] AIV placement oracle attempt #18.4: mapName=<unknown>, mapFile=C:\Users\Serpens66\AppData\LocalLow\Firefly Studios\Stronghold Crusader Definitive Edition\Maps\test AI overbuild eachother.map, mapFileSha256=d63cd2ff3aeaba80bc3bc173bb615207666f1eaf759ecac573fad0da61979df3, preBuildSetting=1, playerId=3, method=SelectBestFit, candidateId=0, aivName=Default 2, aivJson=E:\ProgrammeE\Steam\steamapps\common\Stronghold Crusader Definitive Edition\BepInEx\plugins\ActiveAIVDetector_Serp\VanillaAIV\sentinel2.aivjson, aivJsonSha256=907ab0c23abebd42aba220449f8010f7fd12d9c1d87a455fcd24ff478453e9da, orientation=4 (180 degrees), result=Partial, rawFitScore=9, fitPercent=87, evaluatedCells=2228, blockedCells=281, origin=(194,354), keepReference=(237,397).
[Info   :Active AIV Detector] [2026-09-24 22:13:14.637] Wrote opt-in AIV cell trace: path=E:\ProgrammeE\Steam\steamapps\common\Stronghold Crusader Definitive Edition\BepInEx\plugins\ActiveAIVDetector_Serp\CellTraces\oracle-cell-trace-20260924-221311-822-p3-c0-r4-keep237-397.tsv, rows=2228, nativeBlocked=281, resultGridBlocked=281, validatorCalls=2228, validatorBlocked=281, preValidatorBlocked=0.
[Info   :Active AIV Detector] [2026-09-24 22:13:14.638] Wrote opt-in live building grid: path=E:\ProgrammeE\Steam\steamapps\common\Stronghold Crusader Definitive Edition\BepInEx\plugins\ActiveAIVDetector_Serp\CellTraces\oracle-live-building-grid-20260924-221311-822-p3-r4-keep237-397.tsv, occupiedCells=1408.
[Info   :Active AIV Detector] [2026-09-24 22:13:14.638] AIV placement oracle selection #19: mapName=<unknown>, mapFile=C:\Users\Serpens66\AppData\LocalLow\Firefly Studios\Stronghold Crusader Definitive Edition\Maps\test AI overbuild eachother.map, mapFileSha256=d63cd2ff3aeaba80bc3bc173bb615207666f1eaf759ecac573fad0da61979df3, nativeDllSha256=fbcb93195fc7efca9bdac5204852efdd76f9818f59a6711750d77c9cef2831e2, preBuildSetting=1, nativeStartOptions=mode=99,option2F0=0,option2F4=1,option2F8=4294967297, playerId=4, method=SelectBestFit, tryOtherRotations=True, aivSpecIndex=3, attempts=4, finalCandidateId=0, finalAivName=Default 6, finalAivJson=E:\ProgrammeE\Steam\steamapps\common\Stronghold Crusader Definitive Edition\BepInEx\plugins\ActiveAIVDetector_Serp\VanillaAIV\nizar6.aivjson, finalAivJsonSha256=1d86b141261297706ad65f60d870a3ae30a8c0da05b6b3b1d4d923c702cb11ad, finalOrientation=6 (270 degrees), placementState=0 (no accepted placement), directReturnSigned=<not-applicable>, confirmationPoint=OnStartMap(Post).
[Info   :Active AIV Detector] [2026-09-24 22:13:14.638] AIV placement oracle attempt #19.1: mapName=<unknown>, mapFile=C:\Users\Serpens66\AppData\LocalLow\Firefly Studios\Stronghold Crusader Definitive Edition\Maps\test AI overbuild eachother.map, mapFileSha256=d63cd2ff3aeaba80bc3bc173bb615207666f1eaf759ecac573fad0da61979df3, preBuildSetting=1, playerId=4, method=SelectBestFit, candidateId=0, aivName=Default 6, aivJson=E:\ProgrammeE\Steam\steamapps\common\Stronghold Crusader Definitive Edition\BepInEx\plugins\ActiveAIVDetector_Serp\VanillaAIV\nizar6.aivjson, aivJsonSha256=1d86b141261297706ad65f60d870a3ae30a8c0da05b6b3b1d4d923c702cb11ad, orientation=6 (270 degrees), result=Rejected, rawFitScore=0, fitPercent=53, evaluatedCells=2352, blockedCells=1084, origin=(211,336), keepReference=(254,379).
[Info   :Active AIV Detector] [2026-09-24 22:13:14.644] Wrote opt-in AIV cell trace: path=E:\ProgrammeE\Steam\steamapps\common\Stronghold Crusader Definitive Edition\BepInEx\plugins\ActiveAIVDetector_Serp\CellTraces\oracle-cell-trace-20260924-221314-055-p4-c0-r6-keep254-379.tsv, rows=2352, nativeBlocked=1084, resultGridBlocked=1084, validatorCalls=2352, validatorBlocked=1084, preValidatorBlocked=0.
[Info   :Active AIV Detector] [2026-09-24 22:13:14.645] Wrote opt-in live building grid: path=E:\ProgrammeE\Steam\steamapps\common\Stronghold Crusader Definitive Edition\BepInEx\plugins\ActiveAIVDetector_Serp\CellTraces\oracle-live-building-grid-20260924-221314-055-p4-r6-keep254-379.tsv, occupiedCells=2282.
[Info   :Active AIV Detector] [2026-09-24 22:13:14.645] AIV placement oracle attempt #19.2: mapName=<unknown>, mapFile=C:\Users\Serpens66\AppData\LocalLow\Firefly Studios\Stronghold Crusader Definitive Edition\Maps\test AI overbuild eachother.map, mapFileSha256=d63cd2ff3aeaba80bc3bc173bb615207666f1eaf759ecac573fad0da61979df3, preBuildSetting=1, playerId=4, method=SelectBestFit, candidateId=0, aivName=Default 6, aivJson=E:\ProgrammeE\Steam\steamapps\common\Stronghold Crusader Definitive Edition\BepInEx\plugins\ActiveAIVDetector_Serp\VanillaAIV\nizar6.aivjson, aivJsonSha256=1d86b141261297706ad65f60d870a3ae30a8c0da05b6b3b1d4d923c702cb11ad, orientation=0 (0 degrees), result=Rejected, rawFitScore=0, fitPercent=44, evaluatedCells=2352, blockedCells=1313, origin=(211,336), keepReference=(254,379).
[Info   :Active AIV Detector] [2026-09-24 22:13:14.651] Wrote opt-in AIV cell trace: path=E:\ProgrammeE\Steam\steamapps\common\Stronghold Crusader Definitive Edition\BepInEx\plugins\ActiveAIVDetector_Serp\CellTraces\oracle-cell-trace-20260924-221314-056-p4-c0-r0-keep254-379.tsv, rows=2352, nativeBlocked=1313, resultGridBlocked=1313, validatorCalls=2352, validatorBlocked=1313, preValidatorBlocked=0.
[Info   :Active AIV Detector] [2026-09-24 22:13:14.653] Wrote opt-in live building grid: path=E:\ProgrammeE\Steam\steamapps\common\Stronghold Crusader Definitive Edition\BepInEx\plugins\ActiveAIVDetector_Serp\CellTraces\oracle-live-building-grid-20260924-221314-056-p4-r0-keep254-379.tsv, occupiedCells=2282.
[Info   :Active AIV Detector] [2026-09-24 22:13:14.653] AIV placement oracle attempt #19.3: mapName=<unknown>, mapFile=C:\Users\Serpens66\AppData\LocalLow\Firefly Studios\Stronghold Crusader Definitive Edition\Maps\test AI overbuild eachother.map, mapFileSha256=d63cd2ff3aeaba80bc3bc173bb615207666f1eaf759ecac573fad0da61979df3, preBuildSetting=1, playerId=4, method=SelectBestFit, candidateId=0, aivName=Default 6, aivJson=E:\ProgrammeE\Steam\steamapps\common\Stronghold Crusader Definitive Edition\BepInEx\plugins\ActiveAIVDetector_Serp\VanillaAIV\nizar6.aivjson, aivJsonSha256=1d86b141261297706ad65f60d870a3ae30a8c0da05b6b3b1d4d923c702cb11ad, orientation=2 (90 degrees), result=Rejected, rawFitScore=0, fitPercent=55, evaluatedCells=2352, blockedCells=1058, origin=(211,336), keepReference=(254,379).
[Info   :Active AIV Detector] [2026-09-24 22:13:14.658] Wrote opt-in AIV cell trace: path=E:\ProgrammeE\Steam\steamapps\common\Stronghold Crusader Definitive Edition\BepInEx\plugins\ActiveAIVDetector_Serp\CellTraces\oracle-cell-trace-20260924-221314-056-p4-c0-r2-keep254-379.tsv, rows=2352, nativeBlocked=1058, resultGridBlocked=1058, validatorCalls=2352, validatorBlocked=1058, preValidatorBlocked=0.
[Info   :Active AIV Detector] [2026-09-24 22:13:14.660] Wrote opt-in live building grid: path=E:\ProgrammeE\Steam\steamapps\common\Stronghold Crusader Definitive Edition\BepInEx\plugins\ActiveAIVDetector_Serp\CellTraces\oracle-live-building-grid-20260924-221314-056-p4-r2-keep254-379.tsv, occupiedCells=2282.
[Info   :Active AIV Detector] [2026-09-24 22:13:14.660] AIV placement oracle attempt #19.4: mapName=<unknown>, mapFile=C:\Users\Serpens66\AppData\LocalLow\Firefly Studios\Stronghold Crusader Definitive Edition\Maps\test AI overbuild eachother.map, mapFileSha256=d63cd2ff3aeaba80bc3bc173bb615207666f1eaf759ecac573fad0da61979df3, preBuildSetting=1, playerId=4, method=SelectBestFit, candidateId=0, aivName=Default 6, aivJson=E:\ProgrammeE\Steam\steamapps\common\Stronghold Crusader Definitive Edition\BepInEx\plugins\ActiveAIVDetector_Serp\VanillaAIV\nizar6.aivjson, aivJsonSha256=1d86b141261297706ad65f60d870a3ae30a8c0da05b6b3b1d4d923c702cb11ad, orientation=4 (180 degrees), result=Rejected, rawFitScore=0, fitPercent=55, evaluatedCells=2352, blockedCells=1055, origin=(211,336), keepReference=(254,379).
[Info   :Active AIV Detector] [2026-09-24 22:13:14.666] Wrote opt-in AIV cell trace: path=E:\ProgrammeE\Steam\steamapps\common\Stronghold Crusader Definitive Edition\BepInEx\plugins\ActiveAIVDetector_Serp\CellTraces\oracle-cell-trace-20260924-221314-057-p4-c0-r4-keep254-379.tsv, rows=2352, nativeBlocked=1055, resultGridBlocked=1055, validatorCalls=2352, validatorBlocked=1055, preValidatorBlocked=0.
[Info   :Active AIV Detector] [2026-09-24 22:13:14.667] Wrote opt-in live building grid: path=E:\ProgrammeE\Steam\steamapps\common\Stronghold Crusader Definitive Edition\BepInEx\plugins\ActiveAIVDetector_Serp\CellTraces\oracle-live-building-grid-20260924-221314-057-p4-r4-keep254-379.tsv, occupiedCells=2282.
[Info   :Active AIV Detector] [2026-09-24 22:13:14.667] AIV placement oracle selection #20: mapName=<unknown>, mapFile=C:\Users\Serpens66\AppData\LocalLow\Firefly Studios\Stronghold Crusader Definitive Edition\Maps\test AI overbuild eachother.map, mapFileSha256=d63cd2ff3aeaba80bc3bc173bb615207666f1eaf759ecac573fad0da61979df3, nativeDllSha256=fbcb93195fc7efca9bdac5204852efdd76f9818f59a6711750d77c9cef2831e2, preBuildSetting=1, nativeStartOptions=mode=99,option2F0=0,option2F4=1,option2F8=4294967297, playerId=5, method=SelectBestFit, tryOtherRotations=True, aivSpecIndex=4, attempts=4, finalCandidateId=0, finalAivName=Default 7, finalAivJson=E:\ProgrammeE\Steam\steamapps\common\Stronghold Crusader Definitive Edition\BepInEx\plugins\ActiveAIVDetector_Serp\VanillaAIV\marshal7.aivjson, finalAivJsonSha256=384abb01e5b4c0ff36ceddeac64c3a8dc8151d0113d1189a32d8c7feb9bb337f, finalOrientation=6 (270 degrees), placementState=0 (no accepted placement), directReturnSigned=<not-applicable>, confirmationPoint=OnStartMap(Post).
[Info   :Active AIV Detector] [2026-09-24 22:13:14.667] AIV placement oracle attempt #20.1: mapName=<unknown>, mapFile=C:\Users\Serpens66\AppData\LocalLow\Firefly Studios\Stronghold Crusader Definitive Edition\Maps\test AI overbuild eachother.map, mapFileSha256=d63cd2ff3aeaba80bc3bc173bb615207666f1eaf759ecac573fad0da61979df3, preBuildSetting=1, playerId=5, method=SelectBestFit, candidateId=0, aivName=Default 7, aivJson=E:\ProgrammeE\Steam\steamapps\common\Stronghold Crusader Definitive Edition\BepInEx\plugins\ActiveAIVDetector_Serp\VanillaAIV\marshal7.aivjson, aivJsonSha256=384abb01e5b4c0ff36ceddeac64c3a8dc8151d0113d1189a32d8c7feb9bb337f, orientation=6 (270 degrees), result=Rejected, rawFitScore=0, fitPercent=70, evaluatedCells=1770, blockedCells=530, origin=(215,374), keepReference=(258,417).
[Info   :Active AIV Detector] [2026-09-24 22:13:14.671] Wrote opt-in AIV cell trace: path=E:\ProgrammeE\Steam\steamapps\common\Stronghold Crusader Definitive Edition\BepInEx\plugins\ActiveAIVDetector_Serp\CellTraces\oracle-cell-trace-20260924-221314-076-p5-c0-r6-keep258-417.tsv, rows=1770, nativeBlocked=530, resultGridBlocked=530, validatorCalls=1770, validatorBlocked=530, preValidatorBlocked=0.
[Info   :Active AIV Detector] [2026-09-24 22:13:14.672] Wrote opt-in live building grid: path=E:\ProgrammeE\Steam\steamapps\common\Stronghold Crusader Definitive Edition\BepInEx\plugins\ActiveAIVDetector_Serp\CellTraces\oracle-live-building-grid-20260924-221314-076-p5-r6-keep258-417.tsv, occupiedCells=2367.
[Info   :Active AIV Detector] [2026-09-24 22:13:14.672] AIV placement oracle attempt #20.2: mapName=<unknown>, mapFile=C:\Users\Serpens66\AppData\LocalLow\Firefly Studios\Stronghold Crusader Definitive Edition\Maps\test AI overbuild eachother.map, mapFileSha256=d63cd2ff3aeaba80bc3bc173bb615207666f1eaf759ecac573fad0da61979df3, preBuildSetting=1, playerId=5, method=SelectBestFit, candidateId=0, aivName=Default 7, aivJson=E:\ProgrammeE\Steam\steamapps\common\Stronghold Crusader Definitive Edition\BepInEx\plugins\ActiveAIVDetector_Serp\VanillaAIV\marshal7.aivjson, aivJsonSha256=384abb01e5b4c0ff36ceddeac64c3a8dc8151d0113d1189a32d8c7feb9bb337f, orientation=0 (0 degrees), result=Rejected, rawFitScore=0, fitPercent=67, evaluatedCells=1770, blockedCells=572, origin=(215,374), keepReference=(258,417).
[Info   :Active AIV Detector] [2026-09-24 22:13:14.677] Wrote opt-in AIV cell trace: path=E:\ProgrammeE\Steam\steamapps\common\Stronghold Crusader Definitive Edition\BepInEx\plugins\ActiveAIVDetector_Serp\CellTraces\oracle-cell-trace-20260924-221314-077-p5-c0-r0-keep258-417.tsv, rows=1770, nativeBlocked=572, resultGridBlocked=572, validatorCalls=1770, validatorBlocked=572, preValidatorBlocked=0.
[Info   :Active AIV Detector] [2026-09-24 22:13:14.678] Wrote opt-in live building grid: path=E:\ProgrammeE\Steam\steamapps\common\Stronghold Crusader Definitive Edition\BepInEx\plugins\ActiveAIVDetector_Serp\CellTraces\oracle-live-building-grid-20260924-221314-077-p5-r0-keep258-417.tsv, occupiedCells=2367.
[Info   :Active AIV Detector] [2026-09-24 22:13:14.678] AIV placement oracle attempt #20.3: mapName=<unknown>, mapFile=C:\Users\Serpens66\AppData\LocalLow\Firefly Studios\Stronghold Crusader Definitive Edition\Maps\test AI overbuild eachother.map, mapFileSha256=d63cd2ff3aeaba80bc3bc173bb615207666f1eaf759ecac573fad0da61979df3, preBuildSetting=1, playerId=5, method=SelectBestFit, candidateId=0, aivName=Default 7, aivJson=E:\ProgrammeE\Steam\steamapps\common\Stronghold Crusader Definitive Edition\BepInEx\plugins\ActiveAIVDetector_Serp\VanillaAIV\marshal7.aivjson, aivJsonSha256=384abb01e5b4c0ff36ceddeac64c3a8dc8151d0113d1189a32d8c7feb9bb337f, orientation=2 (90 degrees), result=Rejected, rawFitScore=0, fitPercent=33, evaluatedCells=1770, blockedCells=1181, origin=(215,374), keepReference=(258,417).
[Info   :Active AIV Detector] [2026-09-24 22:13:14.686] Wrote opt-in AIV cell trace: path=E:\ProgrammeE\Steam\steamapps\common\Stronghold Crusader Definitive Edition\BepInEx\plugins\ActiveAIVDetector_Serp\CellTraces\oracle-cell-trace-20260924-221314-077-p5-c0-r2-keep258-417.tsv, rows=1770, nativeBlocked=1181, resultGridBlocked=1181, validatorCalls=1770, validatorBlocked=1181, preValidatorBlocked=0.
[Info   :Active AIV Detector] [2026-09-24 22:13:14.688] Wrote opt-in live building grid: path=E:\ProgrammeE\Steam\steamapps\common\Stronghold Crusader Definitive Edition\BepInEx\plugins\ActiveAIVDetector_Serp\CellTraces\oracle-live-building-grid-20260924-221314-077-p5-r2-keep258-417.tsv, occupiedCells=2367.
[Info   :Active AIV Detector] [2026-09-24 22:13:14.689] AIV placement oracle attempt #20.4: mapName=<unknown>, mapFile=C:\Users\Serpens66\AppData\LocalLow\Firefly Studios\Stronghold Crusader Definitive Edition\Maps\test AI overbuild eachother.map, mapFileSha256=d63cd2ff3aeaba80bc3bc173bb615207666f1eaf759ecac573fad0da61979df3, preBuildSetting=1, playerId=5, method=SelectBestFit, candidateId=0, aivName=Default 7, aivJson=E:\ProgrammeE\Steam\steamapps\common\Stronghold Crusader Definitive Edition\BepInEx\plugins\ActiveAIVDetector_Serp\VanillaAIV\marshal7.aivjson, aivJsonSha256=384abb01e5b4c0ff36ceddeac64c3a8dc8151d0113d1189a32d8c7feb9bb337f, orientation=4 (180 degrees), result=Rejected, rawFitScore=0, fitPercent=42, evaluatedCells=1770, blockedCells=1019, origin=(215,374), keepReference=(258,417).
[Info   :Active AIV Detector] [2026-09-24 22:13:14.698] Wrote opt-in AIV cell trace: path=E:\ProgrammeE\Steam\steamapps\common\Stronghold Crusader Definitive Edition\BepInEx\plugins\ActiveAIVDetector_Serp\CellTraces\oracle-cell-trace-20260924-221314-079-p5-c0-r4-keep258-417.tsv, rows=1770, nativeBlocked=1019, resultGridBlocked=1019, validatorCalls=1770, validatorBlocked=1019, preValidatorBlocked=0.
[Info   :Active AIV Detector] [2026-09-24 22:13:14.711] Wrote opt-in live building grid: path=E:\ProgrammeE\Steam\steamapps\common\Stronghold Crusader Definitive Edition\BepInEx\plugins\ActiveAIVDetector_Serp\CellTraces\oracle-live-building-grid-20260924-221314-079-p5-r4-keep258-417.tsv, occupiedCells=2367.
[Info   :Active AIV Detector] [2026-09-24 22:13:14.712] Active AIV confirmed #12: playerId=2, lord=WOLF, baseLordEnum=SK_WOLF, runtimeLordEnum=SK_WOLF, lordJson=E:\ProgrammeE\Steam\steamapps\common\Stronghold Crusader Definitive Edition\BepInEx\plugins\ActiveAIVDetector_Serp\VanillaAIC\Wolf.lordjson, lordConfigChecksum=<not-applicable>, lordJsonSha256=c79627657a2ee5f402a3deea637fefdc8467876f92edf3a8c2aad17b8af2e2c1, lordConfigEffectiveSource=embedded game data; bundled lordJson exists but its manifest does not match the installed CrusaderDE.dll, aivMode=Default, candidateId=0, aivName=Default 8, aivJson=E:\ProgrammeE\Steam\steamapps\common\Stronghold Crusader Definitive Edition\BepInEx\plugins\ActiveAIVDetector_Serp\VanillaAIV\wolf8.aivjson, aivJsonSha256=0e59ca19225bfa86472a4b2a939ac8c97a1d6301e0fcc00b36cb998dd36eedd2, checksum=8, effectiveSource=embedded game data; bundled aivJson is the equivalent official editor file and is not read by the game, aivSpecIndex=1, orientation=6 (270 degrees), placementState=2 (complete fit), confirmationPoint=OnStartMap(Post).
[Info   :Active AIV Detector] [2026-09-24 22:13:14.712] Active AIV confirmed #13: playerId=3, lord=SENTINEL, baseLordEnum=SK_SENTINEL, runtimeLordEnum=SK_SENTINEL, lordJson=E:\ProgrammeE\Steam\steamapps\common\Stronghold Crusader Definitive Edition\BepInEx\plugins\ActiveAIVDetector_Serp\VanillaAIC\Sentinel.lordjson, lordConfigChecksum=<not-applicable>, lordJsonSha256=a399a37fb352d2a2792d546fad15dc1857f1c59acce45062863ef1ba2f6e025a, lordConfigEffectiveSource=embedded game data; bundled lordJson exists but its manifest does not match the installed CrusaderDE.dll, aivMode=Default, candidateId=0, aivName=Default 2, aivJson=E:\ProgrammeE\Steam\steamapps\common\Stronghold Crusader Definitive Edition\BepInEx\plugins\ActiveAIVDetector_Serp\VanillaAIV\sentinel2.aivjson, aivJsonSha256=907ab0c23abebd42aba220449f8010f7fd12d9c1d87a455fcd24ff478453e9da, checksum=2, effectiveSource=embedded game data; bundled aivJson is the equivalent official editor file and is not read by the game, aivSpecIndex=2, orientation=0 (0 degrees), placementState=1 (best partial fit), confirmationPoint=OnStartMap(Post).
[Info   :Active AIV Detector] [2026-09-24 22:13:14.712] No finalized AIV selection was captured for active AI playerId=4.
[Info   :Active AIV Detector] [2026-09-24 22:13:14.712] No finalized AIV selection was captured for active AI playerId=5.
[Info   :Active AIV Detector] [2026-09-24 22:13:14.712] Active AIV finalization completed after MissionStart: activeAIs=4, reportedAIVs=2, capturedSelections=2.
[Debug  :Unit Limit] [2026-09-24 22:13:14.714] ActiveSiegeTentCache ResyncAll: countKeys 0
[Debug  :Unit Limit] [2026-09-24 22:13:14.714] Gameplay session started: NewMap
[Debug  :Unit Limit] [2026-09-24 22:13:14.714] Applied active unit limit rules: 32
[Warning:  SHCDE-SE] [T1-22:13:14.714] [GameNetworkAPI] [GetLocalPlayerId] Local SteamID [76561198102311542] has no assigned slot yet: returning -1
[Warning:  SHCDE-SE] [T1-22:13:14.714] [GameNetworkAPI] [GetLocalPlayerId] Local SteamID [76561198102311542] has no assigned slot yet: returning -1
[Debug  :Extra Features] [2026-09-24 22:13:14.714] Extra Features multiplayer feature gate captured map mode: realMultiplayer=False, singleplayerSkirmishMode=True, singleplayerSkirmish=True, singleplayerTrail=False, mapEditor=False, multiplayerSave=False, directorAvailable=True, directorMultiplayer=False, directorSkirmish=True, lowLevelNetworked=True, platformMultiplayer=False, lobbyMembers=5, realLobbyMembers=0, skirmishLobbyMembers=5, gameMembers=5, realNetworkGameMembers=0, gameType=3, skirmishGameType=0, skirmishTrailType=-1, coopTrailId=0, kind=CustomGame, launchVariant=Standard, allowsCustomGameMods=True, allowsRegularGameplayMods=True, campaignMapId=0, eventTrailType=-1, customizedTrailId=-1, customizedMissionId=-1, customizedOriginKind=0, conflictingCustomizedOrigin=False.
[Info   :Extra Features] [2026-09-24 22:13:14.714] Extra Features gatehouse map state resumed: manualOnly=0.
[Info   :Extra Features] [2026-09-24 22:13:14.714] Extra Features church priest counts applied: enabled=True, church2=2, church3=3.
[Debug  :Extra Features] [2026-09-24 22:13:14.714] Extra Features Lord health initialized: session=5, savedBasis=False, humans=100%, AI=100%.
[Warning:  SHCDE-SE] [T1-22:13:14.714] [GameNetworkAPI] [GetLocalPlayerId] Local SteamID [76561198102311542] has no assigned slot yet: returning -1
[Warning:  SHCDE-SE] [T1-22:13:14.714] [GameNetworkAPI] [GetLocalPlayerId] Local SteamID [76561198102311542] has no assigned slot yet: returning -1
[Info   :Extra Features] [2026-09-24 22:13:14.715] Extra Features gatehouse map state resumed: manualOnly=0.
[Debug  :Bugfixes and QoL] [2026-09-24 22:13:14.715] Bugfixes and QoL multiplayer feature gate captured map mode: realMultiplayer=False, singleplayerSkirmishMode=True, singleplayerSkirmish=True, singleplayerTrail=False, mapEditor=False, multiplayerSave=False, directorAvailable=True, directorMultiplayer=False, directorSkirmish=True, lowLevelNetworked=True, platformMultiplayer=False, lobbyMembers=5, realLobbyMembers=0, skirmishLobbyMembers=5, gameMembers=5, realNetworkGameMembers=0, gameType=3, skirmishGameType=0, skirmishTrailType=-1, coopTrailId=0, kind=CustomGame, launchVariant=Standard, allowsCustomGameMods=True, allowsRegularGameplayMods=True, campaignMapId=0, eventTrailType=-1, customizedTrailId=-1, customizedMissionId=-1, customizedOriginKind=0, conflictingCustomizedOrigin=False.
[Debug  :Bugfixes and QoL] [2026-09-24 22:13:14.715] Reset surrender/statistics session state: reason=session-start:NewMap.
[Debug  :Bugfixes and QoL] [2026-09-24 22:13:14.715] Plague popularity diagnostics armed: modEnabled=True, fixEnabled=True, source=NewMap, mode=realMultiplayer=False, singleplayerSkirmishMode=True, singleplayerSkirmish=True, singleplayerTrail=False, mapEditor=False, multiplayerSave=False, directorAvailable=True, directorMultiplayer=False, directorSkirmish=True, lowLevelNetworked=True, platformMultiplayer=False, lobbyMembers=5, realLobbyMembers=0, skirmishLobbyMembers=5, gameMembers=5, realNetworkGameMembers=0, gameType=3, skirmishGameType=0, skirmishTrailType=-1, coopTrailId=0, kind=CustomGame, launchVariant=Standard, allowsCustomGameMods=True, allowsRegularGameplayMods=True, campaignMapId=0, eventTrailType=-1, customizedTrailId=-1, customizedMissionId=-1, customizedOriginKind=0, conflictingCustomizedOrigin=False.
[Debug  :Bugfixes and QoL] [2026-09-24 22:13:14.715] Bugfixes and QoL quarry-pile runtime: loaded Vanilla structure-group repair completed: candidates=0, validPairs=0, alreadyValid=0, plannedRepairs=0, groupIdsCorrected=0, legacyReverseLinksCleared=0, invalid=0, ambiguous=0, rejectedGroups=0.
[Debug  :Building Costs] [2026-09-24 22:13:14.715] Gameplay session started: NewMap
[Debug  :Building Costs] [2026-09-24 22:13:14.715] Applied building cost materials: 0
[Debug  :Building Limit] [2026-09-24 22:13:14.716] ActiveBuildingCache RebuildCounts: humanCountKeys 6
[Debug  :Building Limit] [2026-09-24 22:13:14.716] ActiveBuildingCache ResyncAll: raiseEvents True scanned 3999 alive 371 humanActiveIds 9 humanCountKeys 6
[Debug  :Building Limit] [2026-09-24 22:13:14.716] ActiveBuildingCache ResyncAll count: player 1 type STRUCT_GOODS_YARD count 4
[Debug  :Building Limit] [2026-09-24 22:13:14.716] ActiveBuildingCache ResyncAll count: player 1 type STRUCT_KEEP_TWO count 1
[Debug  :Building Limit] [2026-09-24 22:13:14.716] ActiveBuildingCache ResyncAll count: player 1 type STRUCT_CAMPGROUND count 1
[Debug  :Building Limit] [2026-09-24 22:13:14.716] ActiveBuildingCache ResyncAll count: player 1 type STRUCT_KEEPDOOR_LEFT count 1
[Debug  :Building Limit] [2026-09-24 22:13:14.716] ActiveBuildingCache ResyncAll count: player 1 type STRUCT_KEEPDOOR_RIGHT count 1
[Debug  :Building Limit] [2026-09-24 22:13:14.716] ActiveBuildingCache ResyncAll count: player 1 type STRUCT_KEEPDOOR count 1
[Debug  :Building Limit] [2026-09-24 22:13:14.716] Gameplay session started: NewMap
[Debug  :Building Limit] [2026-09-24 22:13:14.716] Applied active building limit rules: 93
[Info   :CastlePlanner] [2026-09-24 22:13:14.717] Blueprint prepared locally: reason=scheduled preparation, file=C:\Users\Serpens66\AppData\LocalLow\Firefly Studios\Stronghold Crusader Definitive Edition\CustomLords\testlord_serp\testlord_serpcastle1.aivjson, keep=(458,351), projectedKeep=(458,351), castleRotation=0, tiles=1691, icons=161, unknownMappers=0, miscItemsIgnored=0.
[Debug  :CastlePlanner] [2026-09-24 22:13:14.717] Blueprint map-start lifecycle received; visibility reset to hidden.
[Debug  : Cheat Mod] [2026-09-24 22:13:14.717] Cheat Mod map runtime started; extreme-powers recharge interval=40 ticks, mana=7000, tickSubscribed=False.
[Debug  :Unit Costs] [2026-09-24 22:13:14.717] Applied unit cost values: 0
[Debug  :Unit Costs] [2026-09-24 22:13:14.718] Applied human extra unit cost rows: 0
[Error  :Random Events] [2026-09-24 22:13:14.748] Signpost initialization failed on this map; retrying: no active event participant is available for the Vanilla reachability check.
[Debug  :Bugfixes and QoL] [2026-09-24 22:13:14.781] Bugfixes and QoL quarry-pile runtime: AI quarry spawn observation armed after map/load initialization: tick=15.
[Debug  :Bugfixes and QoL] [2026-09-24 22:13:15.988] Keep-flag rotation summary: session=5, tick=20, enabled=True, captured=5, correctedBeforeSpawn=1, alreadyCorrectBeforeSpawn=2, keeps=5, correctedAfterStart=0, verified=3, rejected=2.
[Debug  :Random Events] [2026-09-24 22:13:16.957] Random Events batch prepared: mode=SharedEvents, includeAIPlayers=False, dueAbsoluteMonth=14184, actions=0, targetPlayers=[1], prngBefore=AB554FA01A0F6609:7BF8CAF31D53D0A4, prngAfter=BB7D8EB486EDC530:4A87BCB74BA71FA6, actionDigest=15EC7BF0B50732B49F8228E07D24365338F9E3AB994B00AF08E5A3BFFE55FD8B, actionOrder=[], stateDigest=E8DEC6A08D91F516DB75294B46DE7F1A4A059F93708FE9BFA629CFB42E85F8B5.
[Debug  :Extra Features] [2026-09-24 22:13:16.987] Extra Features applied Lord health: player=1, globalId=1006, multiplier=100%, health=150000/150000->150000/150000, vanillaMax=150000.
[Debug  :Extra Features] [2026-09-24 22:13:16.987] Extra Features applied Lord health: player=2, globalId=1008, multiplier=100%, health=450000/450000->450000/450000, vanillaMax=450000.
[Debug  :Extra Features] [2026-09-24 22:13:16.987] Extra Features applied Lord health: player=3, globalId=1010, multiplier=100%, health=450000/450000->450000/450000, vanillaMax=450000.
[Debug  :Extra Features] [2026-09-24 22:13:16.987] Extra Features applied Lord health: player=4, globalId=1012, multiplier=100%, health=360000/360000->360000/360000, vanillaMax=360000.
[Debug  :Extra Features] [2026-09-24 22:13:16.987] Extra Features applied Lord health: player=5, globalId=1014, multiplier=100%, health=270000/270000->270000/270000, vanillaMax=270000.
[Debug  :Extra Features] [2026-09-24 22:13:16.999] Extra Features gatehouse query hook confirmed: buildingId=43, eventUnitId=1, validatedUnitId=1, globalId=213, owner=2, tileX=272, tileY=396.
[Debug  :Building Limit] [2026-09-24 22:13:17.271] Building placement validation has no active limit rule: player 0 mapper MAPPER_SIGNPOST
[Debug  :Building Limit] [2026-09-24 22:13:17.271] Building placement validation has no active limit rule: player 0 mapper MAPPER_SIGNPOST
[Debug  :Building Limit] [2026-09-24 22:13:17.273] Building placement validation has no active limit rule: player 0 mapper MAPPER_SIGNPOST
[Debug  :Building Limit] [2026-09-24 22:13:17.273] Building placement validation has no active limit rule: player 0 mapper MAPPER_SIGNPOST
[Info   :Random Events] [2026-09-24 22:13:17.273] Signpost initialization completed: selectedBuildingIds=[373,374,375,376], usableRegistered=true, recoveredAfterFailure=true.
[Warning:  SHCDE-SE] [T1-22:13:18.108] [GameNetworkAPI] [GetLocalPlayerId] Local SteamID [76561198102311542] has no assigned slot yet: returning -1
[Warning:  SHCDE-SE] [T1-22:13:18.108] [GameNetworkAPI] [GetLocalPlayerId] Local SteamID [76561198102311542] has no assigned slot yet: returning -1
[Warning:  SHCDE-SE] [T1-22:13:18.108] [GameNetworkAPI] [GetLocalPlayerId] Local SteamID [76561198102311542] has no assigned slot yet: returning -1
[Warning:  SHCDE-SE] [T1-22:13:18.109] [GameNetworkAPI] [GetLocalPlayerId] Local SteamID [76561198102311542] has no assigned slot yet: returning -1
[Warning:  SHCDE-SE] [T1-22:13:18.109] [GameNetworkAPI] [GetLocalPlayerId] Local SteamID [76561198102311542] has no assigned slot yet: returning -1
[Warning:  SHCDE-SE] [T1-22:13:18.109] [GameNetworkAPI] [GetLocalPlayerId] Local SteamID [76561198102311542] has no assigned slot yet: returning -1
[Warning:  SHCDE-SE] [T1-22:13:18.109] [GameNetworkAPI] [GetLocalPlayerId] Local SteamID [76561198102311542] has no assigned slot yet: returning -1
[Warning:  SHCDE-SE] [T1-22:13:18.109] [GameNetworkAPI] [GetLocalPlayerId] Local SteamID [76561198102311542] has no assigned slot yet: returning -1
[Warning:  SHCDE-SE] [T1-22:13:18.109] [GameNetworkAPI] [GetLocalPlayerId] Local SteamID [76561198102311542] has no assigned slot yet: returning -1
[Warning:  SHCDE-SE] [T1-22:13:18.109] [GameNetworkAPI] [GetLocalPlayerId] Local SteamID [76561198102311542] has no assigned slot yet: returning -1
[Warning:  SHCDE-SE] [T23-22:13:18.117] [GameNetworkAPI] [GetLocalPlayerId] Local SteamID [76561198102311542] has no assigned slot yet: returning -1
[Info   : APIShared] [2026-09-24 22:13:19.463] MissionEnd: session=5, source=NewGame, mode=CustomGame, phase=ManagedReady, reason=ApplicationExit, started=True, replay=False.
[Info   :Active AIV Detector] [2026-09-24 22:13:19.464] Active AIV detector reset for map unload; waiting for finalized AI selections. retainedPendingLobbyMetadata=False, retainedPendingPreBuildSetting=False.
[Info   :Unit Limit] [2026-09-24 22:13:19.464] [Unit Limit] gameplay-mod gate: modGuid=UnitLimit_Serp, source=MissionEnd, kind=Unknown, launchVariant=Standard, customized=False, customizedOrigin=0, modeAllowed=False, configuredEnabled=True, effectiveEnabled=False, action=disabled-by-mode, reason=unknown-fail-closed.
[Info   :Unit Limit] [2026-09-24 22:13:19.464] [UnitLimit_Serp] gameplay-feature gate: feature=UnitLimitEnforcement, source=MissionEnd, kind=Unknown, launchVariant=Standard, realMultiplayer=False, modeAllowed=False, action=disabled-by-feature-mode, reason=unknown-fail-closed.
[Debug  :Unit Limit] [2026-09-24 22:13:19.464] UnitLimit MakeTroop GameAction hook disposed.
[Debug  :Unit Limit] [2026-09-24 22:13:19.464] UnitLimit create troop hover hooks disposed.
[Debug  :Unit Limit] [2026-09-24 22:13:19.465] UnitLimit siege build hover hooks disposed.
[Debug  :Unit Limit] [2026-09-24 22:13:19.465] UnitLimit recruitment availability UI hook disposed.
[Debug  :Unit Limit] [2026-09-24 22:13:19.465] ActiveUnitCache cleared.
[Debug  :Unit Limit] [2026-09-24 22:13:19.465] ActiveSiegeTentCache cleared.
[Warning:  SHCDE-SE] [T1-22:13:19.465] [GameNetworkAPI] [GetLocalPlayerId] Local SteamID [76561198102311542] has no assigned slot yet: returning -1
[Warning:  SHCDE-SE] [T1-22:13:19.465] [GameNetworkAPI] [GetLocalPlayerId] Local SteamID [76561198102311542] has no assigned slot yet: returning -1
[Info   :Extra Features] [2026-09-24 22:13:19.465] [Extra Features] gameplay-mod gate: modGuid=ExtraFeatures_Serp, source=MissionEnd, kind=Unknown, launchVariant=Standard, customized=False, customizedOrigin=0, modeAllowed=False, configuredEnabled=True, effectiveEnabled=False, action=disabled-by-mode, reason=unknown-fail-closed.
[Info   :Extra Features] [2026-09-24 22:13:19.465] [ExtraFeatures_Serp] gameplay-feature gate: feature=LordHealthMultipliers, source=MissionEnd, kind=Unknown, launchVariant=Standard, realMultiplayer=False, modeAllowed=False, action=disabled-by-feature-mode, reason=unknown-fail-closed.
[Info   :Extra Features] [2026-09-24 22:13:19.465] Extra Features gatehouse map state cleared: manualOnly=0.
[Debug  :Extra Features] [2026-09-24 22:13:19.465] Extra Features apothecary plague-search maximum is now 30 (Vanilla).
[Debug  :Extra Features] [2026-09-24 22:13:19.465] Extra Features gatehouse diagnostic: button visibility state: hidden: mod-disabled.
[Info   :Extra Features] [2026-09-24 22:13:19.465] Extra Features church priest counts applied: enabled=False, church2=1, church3=1.
[Debug  :Bugfixes and QoL] [2026-09-24 22:13:19.465] Post-game lobby handoff state reset: reason=mission-end.
[Debug  :Bugfixes and QoL] [2026-09-24 22:13:19.465] Reset surrender/statistics session state: reason=mission-end.
[Info   :Building Costs] [2026-09-24 22:13:19.466] [Building Costs] gameplay-mod gate: modGuid=BuildingCosts_Serp, source=MissionEnd, kind=Unknown, launchVariant=Standard, customized=False, customizedOrigin=0, modeAllowed=False, configuredEnabled=True, effectiveEnabled=False, action=disabled-by-mode, reason=unknown-fail-closed.
[Info   :Building Costs] [2026-09-24 22:13:19.466] [BuildingCosts_Serp] gameplay-feature gate: feature=BuildingCostTooltip, source=MissionEnd, kind=Unknown, launchVariant=Standard, realMultiplayer=False, modeAllowed=False, action=disabled-by-feature-mode, reason=unknown-fail-closed.
[Debug  :Building Costs] [2026-09-24 22:13:19.466] Restored default building cost materials: 0
[Info   :Building Limit] [2026-09-24 22:13:19.466] [Building Limit] gameplay-mod gate: modGuid=BuildingLimit_Serp, source=MissionEnd, kind=Unknown, launchVariant=Standard, customized=False, customizedOrigin=0, modeAllowed=False, configuredEnabled=True, effectiveEnabled=False, action=disabled-by-mode, reason=unknown-fail-closed.
[Info   :Building Limit] [2026-09-24 22:13:19.466] [BuildingLimit_Serp] gameplay-feature gate: feature=BuildingLimitEnforcement, source=MissionEnd, kind=Unknown, launchVariant=Standard, realMultiplayer=False, modeAllowed=False, action=disabled-by-feature-mode, reason=unknown-fail-closed.
[Debug  :Building Limit] [2026-09-24 22:13:19.466] ActiveBuildingCache cleared.
[Info   :CastlePlanner] [2026-09-24 22:13:19.466] [CastlePlanner] gameplay-mod gate: modGuid=CastlePlanner_Serp, source=MissionEnd, kind=Unknown, launchVariant=Standard, customized=False, customizedOrigin=0, modeAllowed=False, configuredEnabled=True, effectiveEnabled=False, action=disabled-by-mode, reason=unknown-fail-closed.
[Info   :CastlePlanner] [2026-09-24 22:13:19.466] [CastlePlanner_Serp] gameplay-feature gate: feature=CastleSpawning, source=MissionEnd, kind=Unknown, launchVariant=Standard, realMultiplayer=False, modeAllowed=False, action=disabled-by-feature-mode, reason=unknown-fail-closed.
[Info   :CastlePlanner] [2026-09-24 22:13:19.466] [CastlePlanner_Serp] gameplay-feature gate: feature=FreeCastlePreview, source=MissionEnd, kind=Unknown, launchVariant=Standard, realMultiplayer=False, modeAllowed=False, action=disabled-by-feature-mode, reason=unknown-fail-closed.
[Info   :CastlePlanner] [2026-09-24 22:13:19.466] [CastlePlanner_Serp] gameplay-feature gate: feature=CastleBlueprints, source=MissionEnd, kind=Unknown, launchVariant=Standard, realMultiplayer=False, modeAllowed=False, action=disabled-by-feature-mode, reason=unknown-fail-closed.
[Debug  :CastlePlanner] [2026-09-24 22:13:19.466] Blueprint overlay cleared for map unload.
[Debug  :CastlePlanner] [2026-09-24 22:13:19.466] OnUnloadMap(Post) received; the next new map may spawn a native AIV castle.
[Info   : Cheat Mod] [2026-09-24 22:13:19.466] [Cheat Mod] gameplay-mod gate: modGuid=CheatMod_Serp, source=MissionEnd, kind=Unknown, launchVariant=Standard, customized=False, customizedOrigin=0, modeAllowed=False, configuredEnabled=False, effectiveEnabled=False, action=disabled-by-mode, reason=unknown-fail-closed.
[Info   : Cheat Mod] [2026-09-24 22:13:19.466] [CheatMod_Serp] gameplay-feature gate: feature=EndlessExtremePowersRecharge, source=MissionEnd, kind=Unknown, launchVariant=Standard, realMultiplayer=False, modeAllowed=False, action=disabled-by-feature-mode, reason=unknown-fail-closed.
[Info   :Extreme Powers] [2026-09-24 22:13:19.470] [Extreme Powers] gameplay-mod gate: modGuid=ExtremePowers_Serp, source=MissionEnd, kind=Unknown, launchVariant=Standard, customized=False, customizedOrigin=0, modeAllowed=False, configuredEnabled=True, effectiveEnabled=False, action=disabled-by-mode, reason=unknown-fail-closed.
[Info   :Random Events] [2026-09-24 22:13:19.470] [Random Events] gameplay-mod gate: modGuid=RandomEvents_Serp, source=MissionEnd, kind=Unknown, launchVariant=Standard, customized=False, customizedOrigin=0, modeAllowed=False, configuredEnabled=True, effectiveEnabled=False, action=disabled-by-mode, reason=unknown-fail-closed.
[Info   :Random Events] [2026-09-24 22:13:19.470] [RandomEvents_Serp] gameplay-feature gate: feature=RandomEventsRuntime, source=MissionEnd, kind=Unknown, launchVariant=Standard, realMultiplayer=False, modeAllowed=False, action=disabled-by-feature-mode, reason=unknown-fail-closed.
[Info   :Unit Costs] [2026-09-24 22:13:19.470] [Unit Costs] gameplay-mod gate: modGuid=UnitCosts_Serp, source=MissionEnd, kind=Unknown, launchVariant=Standard, customized=False, customizedOrigin=0, modeAllowed=False, configuredEnabled=True, effectiveEnabled=False, action=disabled-by-mode, reason=unknown-fail-closed.
[Info   :Unit Costs] [2026-09-24 22:13:19.470] [UnitCosts_Serp] gameplay-feature gate: feature=UnitCostEnforcement, source=MissionEnd, kind=Unknown, launchVariant=Standard, realMultiplayer=False, modeAllowed=False, action=disabled-by-feature-mode, reason=unknown-fail-closed.
[Debug  :Unit Costs] [2026-09-24 22:13:19.470] Restored vanilla unit cost values: 32
[Debug  :Unit Costs] [2026-09-24 22:13:19.470] UnitCosts MakeTroop GameAction hook disposed.
[Debug  :Unit Costs] [2026-09-24 22:13:19.471] UnitCosts create troop hover hooks disposed.
[Debug  :Unit Costs] [2026-09-24 22:13:19.471] UnitCosts siege build hover hooks disposed.
[Debug  :Unit Costs] [2026-09-24 22:13:19.471] UnitCosts recruitment availability UI hook disposed.
[Info   :  SHCDE-SE] [T1-22:13:19.476] [Plugin] [Application_quitting] Restoring original VEH
[Info   :  SHCDE-SE] [T1-22:13:19.477] [X64InlineHook] ["c_game_veh_handler_for_access_violations"] hook disabled at 0x00007FFAAA4249F0.
[Debug  :Bugfixes and QoL] [2026-09-24 22:13:19.483] Crash diagnostics 60s summary: FeatureApply=94, FeatureInitialize=114, LibraryLoaded=2, PersistentInitialize=48, VanillaPeaceTimeGameplayPatchInstalled=1.
